{
"type": "FeatureCollection",
"name": "Gnodes",
"crs": { "type": "name", "properties": { "name": "urn:ogc:def:crs:OGC:1.3:CRS84" } },
"features": [
{ "type": "Feature", "properties": { "osmid": 262314443, "y": 33.4934332, "x": 133.5463774, "street_count": 3, "highway": null }, "geometry": { "type": "Point", "coordinates": [ 133.546377400000011, 33.4934332 ] } },
{ "type": "Feature", "properties": { "osmid": 262314769, "y": 33.4959928, "x": 133.5694849, "street_count": 3, "highway": "traffic_signals" }, "geometry": { "type": "Point", "coordinates": [ 133.5694849, 33.4959928 ] } },
{ "type": "Feature", "properties": { "osmid": 564442872, "y": 33.4954767, "x": 133.5452917, "street_count": 4, "highway": "traffic_signals" }, "geometry": { "type": "Point", "coordinates": [ 133.5452917, 33.4954767 ] } },
{ "type": "Feature", "properties": { "osmid": 564442874, "y": 33.4958901, "x": 133.5455482, "street_count": 3, "highway": null }, "geometry": { "type": "Point", "coordinates": [ 133.545548200000013, 33.4958901 ] } },
{ "type": "Feature", "properties": { "osmid": 564442876, "y": 33.4972161, "x": 133.5458119, "street_count": 3, "highway": "traffic_signals" }, "geometry": { "type": "Point", "coordinates": [ 133.5458119, 33.4972161 ] } },
{ "type": "Feature", "properties": { "osmid": 564442889, "y": 33.4974467, "x": 133.5442443, "street_count": 3, "highway": "traffic_signals" }, "geometry": { "type": "Point", "coordinates": [ 133.5442443, 33.4974467 ] } },
{ "type": "Feature", "properties": { "osmid": 564442919, "y": 33.4973663, "x": 133.5449974, "street_count": 3, "highway": null }, "geometry": { "type": "Point", "coordinates": [ 133.5449974, 33.4973663 ] } },
{ "type": "Feature", "properties": { "osmid": 564443103, "y": 33.4962174, "x": 133.5519541, "street_count": 3, "highway": null }, "geometry": { "type": "Point", "coordinates": [ 133.551954099999989, 33.4962174 ] } },
{ "type": "Feature", "properties": { "osmid": 564443107, "y": 33.4969178, "x": 133.5500309, "street_count": 4, "highway": "traffic_signals" }, "geometry": { "type": "Point", "coordinates": [ 133.5500309, 33.4969178 ] } },
{ "type": "Feature", "properties": { "osmid": 564443109, "y": 33.4970773, "x": 133.5500059, "street_count": 3, "highway": null }, "geometry": { "type": "Point", "coordinates": [ 133.5500059, 33.4970773 ] } },
{ "type": "Feature", "properties": { "osmid": 564443111, "y": 33.4932549, "x": 133.5581009, "street_count": 4, "highway": "traffic_signals" }, "geometry": { "type": "Point", "coordinates": [ 133.5581009, 33.4932549 ] } },
{ "type": "Feature", "properties": { "osmid": 564443121, "y": 33.4941313, "x": 133.5634375, "street_count": 3, "highway": null }, "geometry": { "type": "Point", "coordinates": [ 133.5634375, 33.4941313 ] } },
{ "type": "Feature", "properties": { "osmid": 564443122, "y": 33.4941441, "x": 133.5633416, "street_count": 3, "highway": "traffic_signals" }, "geometry": { "type": "Point", "coordinates": [ 133.5633416, 33.4941441 ] } },
{ "type": "Feature", "properties": { "osmid": 564443130, "y": 33.4934329, "x": 133.5642571, "street_count": 3, "highway": "traffic_signals" }, "geometry": { "type": "Point", "coordinates": [ 133.5642571, 33.4934329 ] } },
{ "type": "Feature", "properties": { "osmid": 564443165, "y": 33.4984992, "x": 133.5499475, "street_count": 3, "highway": null }, "geometry": { "type": "Point", "coordinates": [ 133.5499475, 33.4984992 ] } },
{ "type": "Feature", "properties": { "osmid": 564443427, "y": 33.4981626, "x": 133.573109, "street_count": 3, "highway": null }, "geometry": { "type": "Point", "coordinates": [ 133.573109, 33.4981626 ] } },
{ "type": "Feature", "properties": { "osmid": 564443431, "y": 33.4979871, "x": 133.5733417, "street_count": 3, "highway": null }, "geometry": { "type": "Point", "coordinates": [ 133.573341699999986, 33.4979871 ] } },
{ "type": "Feature", "properties": { "osmid": 564443435, "y": 33.4978097, "x": 133.5734726, "street_count": 3, "highway": null }, "geometry": { "type": "Point", "coordinates": [ 133.5734726, 33.4978097 ] } },
{ "type": "Feature", "properties": { "osmid": 564465076, "y": 33.4970437, "x": 133.5476521, "street_count": 4, "highway": null }, "geometry": { "type": "Point", "coordinates": [ 133.5476521, 33.4970437 ] } },
{ "type": "Feature", "properties": { "osmid": 564465077, "y": 33.4969337, "x": 133.5492495, "street_count": 4, "highway": null }, "geometry": { "type": "Point", "coordinates": [ 133.5492495, 33.4969337 ] } },
{ "type": "Feature", "properties": { "osmid": 564465174, "y": 33.4917817, "x": 133.5518539, "street_count": 4, "highway": null }, "geometry": { "type": "Point", "coordinates": [ 133.5518539, 33.4917817 ] } },
{ "type": "Feature", "properties": { "osmid": 564465176, "y": 33.4901753, "x": 133.5524778, "street_count": 3, "highway": null }, "geometry": { "type": "Point", "coordinates": [ 133.5524778, 33.4901753 ] } },
{ "type": "Feature", "properties": { "osmid": 564465182, "y": 33.4899014, "x": 133.5526277, "street_count": 3, "highway": null }, "geometry": { "type": "Point", "coordinates": [ 133.552627699999988, 33.4899014 ] } },
{ "type": "Feature", "properties": { "osmid": 564465183, "y": 33.4917939, "x": 133.5585816, "street_count": 3, "highway": "traffic_signals" }, "geometry": { "type": "Point", "coordinates": [ 133.5585816, 33.4917939 ] } },
{ "type": "Feature", "properties": { "osmid": 564465189, "y": 33.4926673, "x": 133.5515212, "street_count": 4, "highway": null }, "geometry": { "type": "Point", "coordinates": [ 133.5515212, 33.4926673 ] } },
{ "type": "Feature", "properties": { "osmid": 564465226, "y": 33.4956961, "x": 133.56481, "street_count": 3, "highway": null }, "geometry": { "type": "Point", "coordinates": [ 133.56481, 33.4956961 ] } },
{ "type": "Feature", "properties": { "osmid": 564465232, "y": 33.4963644, "x": 133.5645158, "street_count": 3, "highway": null }, "geometry": { "type": "Point", "coordinates": [ 133.5645158, 33.4963644 ] } },
{ "type": "Feature", "properties": { "osmid": 564465246, "y": 33.4972803, "x": 133.5663051, "street_count": 3, "highway": null }, "geometry": { "type": "Point", "coordinates": [ 133.5663051, 33.4972803 ] } },
{ "type": "Feature", "properties": { "osmid": 564465465, "y": 33.4975333, "x": 133.5671675, "street_count": 3, "highway": null }, "geometry": { "type": "Point", "coordinates": [ 133.567167500000011, 33.4975333 ] } },
{ "type": "Feature", "properties": { "osmid": 564465486, "y": 33.4984484, "x": 133.5687777, "street_count": 3, "highway": null }, "geometry": { "type": "Point", "coordinates": [ 133.5687777, 33.4984484 ] } },
{ "type": "Feature", "properties": { "osmid": 564465498, "y": 33.4987281, "x": 133.5702559, "street_count": 3, "highway": null }, "geometry": { "type": "Point", "coordinates": [ 133.5702559, 33.4987281 ] } },
{ "type": "Feature", "properties": { "osmid": 564465507, "y": 33.4988529, "x": 133.5710145, "street_count": 3, "highway": null }, "geometry": { "type": "Point", "coordinates": [ 133.5710145, 33.4988529 ] } },
{ "type": "Feature", "properties": { "osmid": 564465534, "y": 33.4993128, "x": 133.5736177, "street_count": 3, "highway": null }, "geometry": { "type": "Point", "coordinates": [ 133.5736177, 33.4993128 ] } },
{ "type": "Feature", "properties": { "osmid": 1085589164, "y": 33.4959284, "x": 133.5696093, "street_count": 4, "highway": "crossing" }, "geometry": { "type": "Point", "coordinates": [ 133.5696093, 33.4959284 ] } },
{ "type": "Feature", "properties": { "osmid": 1085590488, "y": 33.4943583, "x": 133.5676005, "street_count": 3, "highway": "crossing" }, "geometry": { "type": "Point", "coordinates": [ 133.5676005, 33.4943583 ] } },
{ "type": "Feature", "properties": { "osmid": 1085590536, "y": 33.4971213, "x": 133.5724214, "street_count": 4, "highway": "crossing" }, "geometry": { "type": "Point", "coordinates": [ 133.5724214, 33.4971213 ] } },
{ "type": "Feature", "properties": { "osmid": 1085590881, "y": 33.4946231, "x": 133.5685081, "street_count": 3, "highway": "crossing" }, "geometry": { "type": "Point", "coordinates": [ 133.5685081, 33.4946231 ] } },
{ "type": "Feature", "properties": { "osmid": 1431444783, "y": 33.4910354, "x": 133.5486314, "street_count": 3, "highway": null }, "geometry": { "type": "Point", "coordinates": [ 133.5486314, 33.4910354 ] } },
{ "type": "Feature", "properties": { "osmid": 1431444809, "y": 33.4912114, "x": 133.5494728, "street_count": 3, "highway": null }, "geometry": { "type": "Point", "coordinates": [ 133.5494728, 33.4912114 ] } },
{ "type": "Feature", "properties": { "osmid": 1431445191, "y": 33.4947361, "x": 133.5448305, "street_count": 4, "highway": null }, "geometry": { "type": "Point", "coordinates": [ 133.544830499999989, 33.4947361 ] } },
{ "type": "Feature", "properties": { "osmid": 1431984910, "y": 33.4966896, "x": 133.5625313, "street_count": 3, "highway": null }, "geometry": { "type": "Point", "coordinates": [ 133.562531299999989, 33.4966896 ] } },
{ "type": "Feature", "properties": { "osmid": 1431984919, "y": 33.4968405, "x": 133.5624456, "street_count": 3, "highway": null }, "geometry": { "type": "Point", "coordinates": [ 133.5624456, 33.4968405 ] } },
{ "type": "Feature", "properties": { "osmid": 1431985005, "y": 33.4984033, "x": 133.5675883, "street_count": 3, "highway": null }, "geometry": { "type": "Point", "coordinates": [ 133.567588300000011, 33.4984033 ] } },
{ "type": "Feature", "properties": { "osmid": 1431985067, "y": 33.4994195, "x": 133.5731114, "street_count": 3, "highway": null }, "geometry": { "type": "Point", "coordinates": [ 133.573111399999988, 33.4994195 ] } },
{ "type": "Feature", "properties": { "osmid": 1431985079, "y": 33.4997389, "x": 133.5435847, "street_count": 3, "highway": null }, "geometry": { "type": "Point", "coordinates": [ 133.5435847, 33.4997389 ] } },
{ "type": "Feature", "properties": { "osmid": 1431985103, "y": 33.5000364, "x": 133.5520688, "street_count": 3, "highway": null }, "geometry": { "type": "Point", "coordinates": [ 133.5520688, 33.5000364 ] } },
{ "type": "Feature", "properties": { "osmid": 1431985105, "y": 33.5000104, "x": 133.5461256, "street_count": 4, "highway": null }, "geometry": { "type": "Point", "coordinates": [ 133.546125600000011, 33.5000104 ] } },
{ "type": "Feature", "properties": { "osmid": 1431985109, "y": 33.5001172, "x": 133.5498477, "street_count": 4, "highway": null }, "geometry": { "type": "Point", "coordinates": [ 133.549847699999987, 33.5001172 ] } },
{ "type": "Feature", "properties": { "osmid": 1431985144, "y": 33.5004969, "x": 133.5554023, "street_count": 1, "highway": null }, "geometry": { "type": "Point", "coordinates": [ 133.5554023, 33.5004969 ] } },
{ "type": "Feature", "properties": { "osmid": 1557771248, "y": 33.4913479, "x": 133.555998, "street_count": 3, "highway": null }, "geometry": { "type": "Point", "coordinates": [ 133.555998, 33.4913479 ] } },
{ "type": "Feature", "properties": { "osmid": 1557771371, "y": 33.4920447, "x": 133.5584911, "street_count": 4, "highway": null }, "geometry": { "type": "Point", "coordinates": [ 133.5584911, 33.4920447 ] } },
{ "type": "Feature", "properties": { "osmid": 1557771425, "y": 33.4922949, "x": 133.5593534, "street_count": 3, "highway": null }, "geometry": { "type": "Point", "coordinates": [ 133.5593534, 33.4922949 ] } },
{ "type": "Feature", "properties": { "osmid": 1557771475, "y": 33.4925533, "x": 133.5510887, "street_count": 3, "highway": null }, "geometry": { "type": "Point", "coordinates": [ 133.5510887, 33.4925533 ] } },
{ "type": "Feature", "properties": { "osmid": 1557771508, "y": 33.4926981, "x": 133.5555557, "street_count": 4, "highway": null }, "geometry": { "type": "Point", "coordinates": [ 133.555555700000014, 33.4926981 ] } },
{ "type": "Feature", "properties": { "osmid": 1557771520, "y": 33.4927317, "x": 133.5608901, "street_count": 4, "highway": null }, "geometry": { "type": "Point", "coordinates": [ 133.5608901, 33.4927317 ] } },
{ "type": "Feature", "properties": { "osmid": 1557771526, "y": 33.4927708, "x": 133.5492611, "street_count": 1, "highway": null }, "geometry": { "type": "Point", "coordinates": [ 133.5492611, 33.4927708 ] } },
{ "type": "Feature", "properties": { "osmid": 1557771537, "y": 33.493109, "x": 133.5504059, "street_count": 3, "highway": null }, "geometry": { "type": "Point", "coordinates": [ 133.550405899999987, 33.493109 ] } },
{ "type": "Feature", "properties": { "osmid": 1557771561, "y": 33.4929784, "x": 133.5466713, "street_count": 3, "highway": null }, "geometry": { "type": "Point", "coordinates": [ 133.546671300000014, 33.4929784 ] } },
{ "type": "Feature", "properties": { "osmid": 1557771604, "y": 33.4931493, "x": 133.5531282, "street_count": 3, "highway": null }, "geometry": { "type": "Point", "coordinates": [ 133.5531282, 33.4931493 ] } },
{ "type": "Feature", "properties": { "osmid": 1557771608, "y": 33.4930275, "x": 133.5477802, "street_count": 3, "highway": null }, "geometry": { "type": "Point", "coordinates": [ 133.5477802, 33.4930275 ] } },
{ "type": "Feature", "properties": { "osmid": 1557771611, "y": 33.4931714, "x": 133.5575774, "street_count": 3, "highway": null }, "geometry": { "type": "Point", "coordinates": [ 133.557577400000014, 33.4931714 ] } },
{ "type": "Feature", "properties": { "osmid": 1557771628, "y": 33.4933328, "x": 133.5476317, "street_count": 3, "highway": null }, "geometry": { "type": "Point", "coordinates": [ 133.547631700000011, 33.4933328 ] } },
{ "type": "Feature", "properties": { "osmid": 1557771678, "y": 33.4934201, "x": 133.5589838, "street_count": 3, "highway": null }, "geometry": { "type": "Point", "coordinates": [ 133.5589838, 33.4934201 ] } },
{ "type": "Feature", "properties": { "osmid": 1557771706, "y": 33.493598, "x": 133.5552394, "street_count": 4, "highway": null }, "geometry": { "type": "Point", "coordinates": [ 133.5552394, 33.493598 ] } },
{ "type": "Feature", "properties": { "osmid": 1557771722, "y": 33.4937144, "x": 133.5605383, "street_count": 4, "highway": null }, "geometry": { "type": "Point", "coordinates": [ 133.5605383, 33.4937144 ] } },
{ "type": "Feature", "properties": { "osmid": 1557771755, "y": 33.4938751, "x": 133.5559073, "street_count": 3, "highway": null }, "geometry": { "type": "Point", "coordinates": [ 133.5559073, 33.4938751 ] } },
{ "type": "Feature", "properties": { "osmid": 1557771756, "y": 33.493893, "x": 133.5571724, "street_count": 3, "highway": null }, "geometry": { "type": "Point", "coordinates": [ 133.557172400000013, 33.493893 ] } },
{ "type": "Feature", "properties": { "osmid": 1557771786, "y": 33.4940791, "x": 133.5508756, "street_count": 4, "highway": null }, "geometry": { "type": "Point", "coordinates": [ 133.550875600000012, 33.4940791 ] } },
{ "type": "Feature", "properties": { "osmid": 1557771793, "y": 33.4942222, "x": 133.5531062, "street_count": 3, "highway": null }, "geometry": { "type": "Point", "coordinates": [ 133.5531062, 33.4942222 ] } },
{ "type": "Feature", "properties": { "osmid": 1557771804, "y": 33.4941174, "x": 133.5568535, "street_count": 3, "highway": null }, "geometry": { "type": "Point", "coordinates": [ 133.556853499999988, 33.4941174 ] } },
{ "type": "Feature", "properties": { "osmid": 1557771827, "y": 33.4941982, "x": 133.5635494, "street_count": 3, "highway": null }, "geometry": { "type": "Point", "coordinates": [ 133.5635494, 33.4941982 ] } },
{ "type": "Feature", "properties": { "osmid": 1557771904, "y": 33.494483, "x": 133.562096, "street_count": 3, "highway": null }, "geometry": { "type": "Point", "coordinates": [ 133.562096, 33.494483 ] } },
{ "type": "Feature", "properties": { "osmid": 1557771913, "y": 33.4945725, "x": 133.5629595, "street_count": 3, "highway": null }, "geometry": { "type": "Point", "coordinates": [ 133.5629595, 33.4945725 ] } },
{ "type": "Feature", "properties": { "osmid": 1557771918, "y": 33.4945617, "x": 133.5608773, "street_count": 3, "highway": null }, "geometry": { "type": "Point", "coordinates": [ 133.560877299999987, 33.4945617 ] } },
{ "type": "Feature", "properties": { "osmid": 1557771923, "y": 33.4945878, "x": 133.5562264, "street_count": 3, "highway": null }, "geometry": { "type": "Point", "coordinates": [ 133.556226400000014, 33.4945878 ] } },
{ "type": "Feature", "properties": { "osmid": 1557771928, "y": 33.4946033, "x": 133.5627576, "street_count": 3, "highway": null }, "geometry": { "type": "Point", "coordinates": [ 133.5627576, 33.4946033 ] } },
{ "type": "Feature", "properties": { "osmid": 1557771930, "y": 33.4946532, "x": 133.5531505, "street_count": 3, "highway": null }, "geometry": { "type": "Point", "coordinates": [ 133.553150499999987, 33.4946532 ] } },
{ "type": "Feature", "properties": { "osmid": 1557771956, "y": 33.4947206, "x": 133.5620616, "street_count": 3, "highway": null }, "geometry": { "type": "Point", "coordinates": [ 133.5620616, 33.4947206 ] } },
{ "type": "Feature", "properties": { "osmid": 1557771993, "y": 33.4948126, "x": 133.5456545, "street_count": 4, "highway": null }, "geometry": { "type": "Point", "coordinates": [ 133.545654500000012, 33.4948126 ] } },
{ "type": "Feature", "properties": { "osmid": 1557771999, "y": 33.4948544, "x": 133.5548373, "street_count": 4, "highway": null }, "geometry": { "type": "Point", "coordinates": [ 133.5548373, 33.4948544 ] } },
{ "type": "Feature", "properties": { "osmid": 1557772002, "y": 33.4949045, "x": 133.5563629, "street_count": 3, "highway": null }, "geometry": { "type": "Point", "coordinates": [ 133.556362900000011, 33.4949045 ] } },
{ "type": "Feature", "properties": { "osmid": 1557772089, "y": 33.4950153, "x": 133.5462102, "street_count": 4, "highway": null }, "geometry": { "type": "Point", "coordinates": [ 133.5462102, 33.4950153 ] } },
{ "type": "Feature", "properties": { "osmid": 1557772098, "y": 33.4951911, "x": 133.5466777, "street_count": 3, "highway": null }, "geometry": { "type": "Point", "coordinates": [ 133.5466777, 33.4951911 ] } },
{ "type": "Feature", "properties": { "osmid": 1557772099, "y": 33.4953042, "x": 133.5461955, "street_count": 3, "highway": null }, "geometry": { "type": "Point", "coordinates": [ 133.54619550000001, 33.4953042 ] } },
{ "type": "Feature", "properties": { "osmid": 1557772136, "y": 33.4953032, "x": 133.5474437, "street_count": 3, "highway": null }, "geometry": { "type": "Point", "coordinates": [ 133.5474437, 33.4953032 ] } },
{ "type": "Feature", "properties": { "osmid": 1557772139, "y": 33.4952827, "x": 133.553255, "street_count": 3, "highway": null }, "geometry": { "type": "Point", "coordinates": [ 133.553255, 33.4952827 ] } },
{ "type": "Feature", "properties": { "osmid": 1557772219, "y": 33.4955117, "x": 133.5474485, "street_count": 4, "highway": null }, "geometry": { "type": "Point", "coordinates": [ 133.5474485, 33.4955117 ] } },
{ "type": "Feature", "properties": { "osmid": 1557772284, "y": 33.4956598, "x": 133.5477209, "street_count": 3, "highway": null }, "geometry": { "type": "Point", "coordinates": [ 133.5477209, 33.4956598 ] } },
{ "type": "Feature", "properties": { "osmid": 1557772292, "y": 33.4957003, "x": 133.5462337, "street_count": 4, "highway": null }, "geometry": { "type": "Point", "coordinates": [ 133.546233699999988, 33.4957003 ] } },
{ "type": "Feature", "properties": { "osmid": 1557772325, "y": 33.495787, "x": 133.5480054, "street_count": 3, "highway": null }, "geometry": { "type": "Point", "coordinates": [ 133.5480054, 33.495787 ] } },
{ "type": "Feature", "properties": { "osmid": 1557772336, "y": 33.495743, "x": 133.5672038, "street_count": 4, "highway": null }, "geometry": { "type": "Point", "coordinates": [ 133.567203799999987, 33.495743 ] } },
{ "type": "Feature", "properties": { "osmid": 1557772364, "y": 33.4960187, "x": 133.5735013, "street_count": 3, "highway": null }, "geometry": { "type": "Point", "coordinates": [ 133.5735013, 33.4960187 ] } },
{ "type": "Feature", "properties": { "osmid": 1557772367, "y": 33.4959208, "x": 133.5741754, "street_count": 3, "highway": null }, "geometry": { "type": "Point", "coordinates": [ 133.5741754, 33.4959208 ] } },
{ "type": "Feature", "properties": { "osmid": 1557772376, "y": 33.4962025, "x": 133.5727282, "street_count": 3, "highway": null }, "geometry": { "type": "Point", "coordinates": [ 133.5727282, 33.4962025 ] } },
{ "type": "Feature", "properties": { "osmid": 1557772379, "y": 33.4960357, "x": 133.5474508, "street_count": 3, "highway": null }, "geometry": { "type": "Point", "coordinates": [ 133.5474508, 33.4960357 ] } },
{ "type": "Feature", "properties": { "osmid": 1557772387, "y": 33.496061, "x": 133.5462716, "street_count": 3, "highway": null }, "geometry": { "type": "Point", "coordinates": [ 133.546271600000011, 33.496061 ] } },
{ "type": "Feature", "properties": { "osmid": 1557772389, "y": 33.4960494, "x": 133.55621, "street_count": 3, "highway": null }, "geometry": { "type": "Point", "coordinates": [ 133.55621, 33.4960494 ] } },
{ "type": "Feature", "properties": { "osmid": 1557772417, "y": 33.4960783, "x": 133.5474528, "street_count": 3, "highway": null }, "geometry": { "type": "Point", "coordinates": [ 133.5474528, 33.4960783 ] } },
{ "type": "Feature", "properties": { "osmid": 1557772421, "y": 33.4962465, "x": 133.5565566, "street_count": 3, "highway": null }, "geometry": { "type": "Point", "coordinates": [ 133.5565566, 33.4962465 ] } },
{ "type": "Feature", "properties": { "osmid": 1557772424, "y": 33.496281, "x": 133.5456365, "street_count": 3, "highway": null }, "geometry": { "type": "Point", "coordinates": [ 133.5456365, 33.496281 ] } },
{ "type": "Feature", "properties": { "osmid": 1557772434, "y": 33.4963102, "x": 133.5487211, "street_count": 3, "highway": null }, "geometry": { "type": "Point", "coordinates": [ 133.5487211, 33.4963102 ] } },
{ "type": "Feature", "properties": { "osmid": 1557772532, "y": 33.4969424, "x": 133.543864, "street_count": 1, "highway": null }, "geometry": { "type": "Point", "coordinates": [ 133.543864, 33.4969424 ] } },
{ "type": "Feature", "properties": { "osmid": 1557772549, "y": 33.4967443, "x": 133.5739811, "street_count": 3, "highway": null }, "geometry": { "type": "Point", "coordinates": [ 133.5739811, 33.4967443 ] } },
{ "type": "Feature", "properties": { "osmid": 1557772672, "y": 33.4971382, "x": 133.5740728, "street_count": 3, "highway": null }, "geometry": { "type": "Point", "coordinates": [ 133.57407280000001, 33.4971382 ] } },
{ "type": "Feature", "properties": { "osmid": 1557772758, "y": 33.4974431, "x": 133.574306, "street_count": 3, "highway": null }, "geometry": { "type": "Point", "coordinates": [ 133.574306, 33.4974431 ] } },
{ "type": "Feature", "properties": { "osmid": 1557772775, "y": 33.4974695, "x": 133.5489268, "street_count": 3, "highway": null }, "geometry": { "type": "Point", "coordinates": [ 133.5489268, 33.4974695 ] } },
{ "type": "Feature", "properties": { "osmid": 1557772785, "y": 33.49751, "x": 133.548785, "street_count": 3, "highway": null }, "geometry": { "type": "Point", "coordinates": [ 133.548785, 33.49751 ] } },
{ "type": "Feature", "properties": { "osmid": 1557772799, "y": 33.4975735, "x": 133.5437972, "street_count": 3, "highway": null }, "geometry": { "type": "Point", "coordinates": [ 133.5437972, 33.4975735 ] } },
{ "type": "Feature", "properties": { "osmid": 1557772882, "y": 33.4978769, "x": 133.5475977, "street_count": 3, "highway": null }, "geometry": { "type": "Point", "coordinates": [ 133.547597700000011, 33.4978769 ] } },
{ "type": "Feature", "properties": { "osmid": 1557772900, "y": 33.4978905, "x": 133.5427926, "street_count": 3, "highway": null }, "geometry": { "type": "Point", "coordinates": [ 133.542792600000013, 33.4978905 ] } },
{ "type": "Feature", "properties": { "osmid": 1557772903, "y": 33.4980034, "x": 133.547412, "street_count": 3, "highway": null }, "geometry": { "type": "Point", "coordinates": [ 133.547412, 33.4980034 ] } },
{ "type": "Feature", "properties": { "osmid": 1557772933, "y": 33.4981592, "x": 133.55679, "street_count": 4, "highway": null }, "geometry": { "type": "Point", "coordinates": [ 133.55679, 33.4981592 ] } },
{ "type": "Feature", "properties": { "osmid": 1557772949, "y": 33.4982208, "x": 133.5460248, "street_count": 3, "highway": null }, "geometry": { "type": "Point", "coordinates": [ 133.5460248, 33.4982208 ] } },
{ "type": "Feature", "properties": { "osmid": 1557772962, "y": 33.4983378, "x": 133.570306, "street_count": 3, "highway": null }, "geometry": { "type": "Point", "coordinates": [ 133.570306, 33.4983378 ] } },
{ "type": "Feature", "properties": { "osmid": 1557772982, "y": 33.498411, "x": 133.5694484, "street_count": 3, "highway": null }, "geometry": { "type": "Point", "coordinates": [ 133.5694484, 33.498411 ] } },
{ "type": "Feature", "properties": { "osmid": 1557772990, "y": 33.4984888, "x": 133.5450829, "street_count": 3, "highway": null }, "geometry": { "type": "Point", "coordinates": [ 133.545082900000011, 33.4984888 ] } },
{ "type": "Feature", "properties": { "osmid": 1557773002, "y": 33.4985368, "x": 133.5443625, "street_count": 3, "highway": null }, "geometry": { "type": "Point", "coordinates": [ 133.5443625, 33.4985368 ] } },
{ "type": "Feature", "properties": { "osmid": 1557773005, "y": 33.4985508, "x": 133.575412, "street_count": 3, "highway": null }, "geometry": { "type": "Point", "coordinates": [ 133.575412, 33.4985508 ] } },
{ "type": "Feature", "properties": { "osmid": 1557773009, "y": 33.4984915, "x": 133.5760833, "street_count": 3, "highway": null }, "geometry": { "type": "Point", "coordinates": [ 133.5760833, 33.4984915 ] } },
{ "type": "Feature", "properties": { "osmid": 1557773016, "y": 33.4988403, "x": 133.5747899, "street_count": 3, "highway": null }, "geometry": { "type": "Point", "coordinates": [ 133.574789900000013, 33.4988403 ] } },
{ "type": "Feature", "properties": { "osmid": 1557773018, "y": 33.4985554, "x": 133.5756998, "street_count": 3, "highway": null }, "geometry": { "type": "Point", "coordinates": [ 133.5756998, 33.4985554 ] } },
{ "type": "Feature", "properties": { "osmid": 1557773073, "y": 33.4988077, "x": 133.5484901, "street_count": 3, "highway": null }, "geometry": { "type": "Point", "coordinates": [ 133.5484901, 33.4988077 ] } },
{ "type": "Feature", "properties": { "osmid": 1557773075, "y": 33.4987948, "x": 133.5703343, "street_count": 3, "highway": null }, "geometry": { "type": "Point", "coordinates": [ 133.570334300000013, 33.4987948 ] } },
{ "type": "Feature", "properties": { "osmid": 1557773088, "y": 33.498929, "x": 133.5475322, "street_count": 3, "highway": null }, "geometry": { "type": "Point", "coordinates": [ 133.5475322, 33.498929 ] } },
{ "type": "Feature", "properties": { "osmid": 1557773115, "y": 33.4991295, "x": 133.5461607, "street_count": 3, "highway": null }, "geometry": { "type": "Point", "coordinates": [ 133.5461607, 33.4991295 ] } },
{ "type": "Feature", "properties": { "osmid": 1557773125, "y": 33.4990969, "x": 133.5703508, "street_count": 3, "highway": null }, "geometry": { "type": "Point", "coordinates": [ 133.5703508, 33.4990969 ] } },
{ "type": "Feature", "properties": { "osmid": 1557773242, "y": 33.4994922, "x": 133.5498925, "street_count": 3, "highway": null }, "geometry": { "type": "Point", "coordinates": [ 133.5498925, 33.4994922 ] } },
{ "type": "Feature", "properties": { "osmid": 1557773271, "y": 33.4995861, "x": 133.5449658, "street_count": 3, "highway": null }, "geometry": { "type": "Point", "coordinates": [ 133.5449658, 33.4995861 ] } },
{ "type": "Feature", "properties": { "osmid": 1557773303, "y": 33.499755, "x": 133.5435572, "street_count": 3, "highway": null }, "geometry": { "type": "Point", "coordinates": [ 133.5435572, 33.499755 ] } },
{ "type": "Feature", "properties": { "osmid": 1557773430, "y": 33.5001801, "x": 133.5478289, "street_count": 3, "highway": null }, "geometry": { "type": "Point", "coordinates": [ 133.547828900000013, 33.5001801 ] } },
{ "type": "Feature", "properties": { "osmid": 2569489163, "y": 33.4963857, "x": 133.5722763, "street_count": 1, "highway": null }, "geometry": { "type": "Point", "coordinates": [ 133.5722763, 33.4963857 ] } },
{ "type": "Feature", "properties": { "osmid": 2569489193, "y": 33.4969565, "x": 133.5718243, "street_count": 3, "highway": null }, "geometry": { "type": "Point", "coordinates": [ 133.5718243, 33.4969565 ] } },
{ "type": "Feature", "properties": { "osmid": 2569489194, "y": 33.4975816, "x": 133.5734537, "street_count": 3, "highway": null }, "geometry": { "type": "Point", "coordinates": [ 133.573453699999988, 33.4975816 ] } },
{ "type": "Feature", "properties": { "osmid": 2569489205, "y": 33.4989537, "x": 133.5747487, "street_count": 3, "highway": null }, "geometry": { "type": "Point", "coordinates": [ 133.574748699999986, 33.4989537 ] } },
{ "type": "Feature", "properties": { "osmid": 2569489214, "y": 33.4991891, "x": 133.575141, "street_count": 3, "highway": null }, "geometry": { "type": "Point", "coordinates": [ 133.575141, 33.4991891 ] } },
{ "type": "Feature", "properties": { "osmid": 2569489222, "y": 33.4992264, "x": 133.5742831, "street_count": 4, "highway": null }, "geometry": { "type": "Point", "coordinates": [ 133.5742831, 33.4992264 ] } },
{ "type": "Feature", "properties": { "osmid": 2569489223, "y": 33.4992311, "x": 133.5747875, "street_count": 4, "highway": null }, "geometry": { "type": "Point", "coordinates": [ 133.574787500000014, 33.4992311 ] } },
{ "type": "Feature", "properties": { "osmid": 2569489245, "y": 33.4996895, "x": 133.5747554, "street_count": 4, "highway": "crossing" }, "geometry": { "type": "Point", "coordinates": [ 133.574755399999987, 33.4996895 ] } },
{ "type": "Feature", "properties": { "osmid": 3237851935, "y": 33.4989853, "x": 133.5687343, "street_count": 1, "highway": null }, "geometry": { "type": "Point", "coordinates": [ 133.568734299999988, 33.4989853 ] } },
{ "type": "Feature", "properties": { "osmid": 3237851940, "y": 33.4985579, "x": 133.5703377, "street_count": 3, "highway": null }, "geometry": { "type": "Point", "coordinates": [ 133.57033770000001, 33.4985579 ] } },
{ "type": "Feature", "properties": { "osmid": 3237851943, "y": 33.4981673, "x": 133.5706865, "street_count": 1, "highway": null }, "geometry": { "type": "Point", "coordinates": [ 133.5706865, 33.4981673 ] } },
{ "type": "Feature", "properties": { "osmid": 3237851944, "y": 33.4985535, "x": 133.5706383, "street_count": 3, "highway": null }, "geometry": { "type": "Point", "coordinates": [ 133.570638300000013, 33.4985535 ] } },
{ "type": "Feature", "properties": { "osmid": 4942039732, "y": 33.4971536, "x": 133.5458054, "street_count": 3, "highway": null }, "geometry": { "type": "Point", "coordinates": [ 133.5458054, 33.4971536 ] } },
{ "type": "Feature", "properties": { "osmid": 4942039733, "y": 33.4967815, "x": 133.5457198, "street_count": 3, "highway": null }, "geometry": { "type": "Point", "coordinates": [ 133.5457198, 33.4967815 ] } },
{ "type": "Feature", "properties": { "osmid": 4942039738, "y": 33.4971373, "x": 133.5462676, "street_count": 3, "highway": null }, "geometry": { "type": "Point", "coordinates": [ 133.5462676, 33.4971373 ] } },
{ "type": "Feature", "properties": { "osmid": 4942039747, "y": 33.4980676, "x": 133.5465758, "street_count": 4, "highway": null }, "geometry": { "type": "Point", "coordinates": [ 133.5465758, 33.4980676 ] } },
{ "type": "Feature", "properties": { "osmid": 4942039748, "y": 33.498184, "x": 133.5460175, "street_count": 3, "highway": null }, "geometry": { "type": "Point", "coordinates": [ 133.5460175, 33.498184 ] } },
{ "type": "Feature", "properties": { "osmid": 4942039753, "y": 33.4966053, "x": 133.5475542, "street_count": 3, "highway": null }, "geometry": { "type": "Point", "coordinates": [ 133.5475542, 33.4966053 ] } },
{ "type": "Feature", "properties": { "osmid": 4942039755, "y": 33.4968996, "x": 133.5479634, "street_count": 1, "highway": null }, "geometry": { "type": "Point", "coordinates": [ 133.547963399999986, 33.4968996 ] } },
{ "type": "Feature", "properties": { "osmid": 4942039756, "y": 33.4969855, "x": 133.548274, "street_count": 3, "highway": null }, "geometry": { "type": "Point", "coordinates": [ 133.548274, 33.4969855 ] } },
{ "type": "Feature", "properties": { "osmid": 4942039758, "y": 33.4965383, "x": 133.5482141, "street_count": 3, "highway": null }, "geometry": { "type": "Point", "coordinates": [ 133.5482141, 33.4965383 ] } },
{ "type": "Feature", "properties": { "osmid": 4942039761, "y": 33.4963426, "x": 133.5481846, "street_count": 3, "highway": null }, "geometry": { "type": "Point", "coordinates": [ 133.548184600000013, 33.4963426 ] } },
{ "type": "Feature", "properties": { "osmid": 4942039765, "y": 33.4917005, "x": 133.5486877, "street_count": 3, "highway": null }, "geometry": { "type": "Point", "coordinates": [ 133.548687699999988, 33.4917005 ] } },
{ "type": "Feature", "properties": { "osmid": 4942039766, "y": 33.4910927, "x": 133.5489193, "street_count": 3, "highway": null }, "geometry": { "type": "Point", "coordinates": [ 133.5489193, 33.4910927 ] } },
{ "type": "Feature", "properties": { "osmid": 4942039767, "y": 33.4911534, "x": 133.5492056, "street_count": 3, "highway": null }, "geometry": { "type": "Point", "coordinates": [ 133.5492056, 33.4911534 ] } },
{ "type": "Feature", "properties": { "osmid": 4942039770, "y": 33.4916209, "x": 133.5483915, "street_count": 3, "highway": null }, "geometry": { "type": "Point", "coordinates": [ 133.5483915, 33.4916209 ] } },
{ "type": "Feature", "properties": { "osmid": 4942039777, "y": 33.4919239, "x": 133.5476277, "street_count": 3, "highway": null }, "geometry": { "type": "Point", "coordinates": [ 133.5476277, 33.4919239 ] } },
{ "type": "Feature", "properties": { "osmid": 4942039778, "y": 33.493011, "x": 133.5467594, "street_count": 3, "highway": null }, "geometry": { "type": "Point", "coordinates": [ 133.546759400000013, 33.493011 ] } },
{ "type": "Feature", "properties": { "osmid": 4942039779, "y": 33.4927351, "x": 133.5469754, "street_count": 3, "highway": null }, "geometry": { "type": "Point", "coordinates": [ 133.5469754, 33.4927351 ] } },
{ "type": "Feature", "properties": { "osmid": 4942039784, "y": 33.4949022, "x": 133.5474622, "street_count": 4, "highway": null }, "geometry": { "type": "Point", "coordinates": [ 133.547462200000012, 33.4949022 ] } },
{ "type": "Feature", "properties": { "osmid": 4942039786, "y": 33.4945134, "x": 133.54628, "street_count": 3, "highway": null }, "geometry": { "type": "Point", "coordinates": [ 133.54628, 33.4945134 ] } },
{ "type": "Feature", "properties": { "osmid": 4942039788, "y": 33.4938097, "x": 133.5461799, "street_count": 3, "highway": null }, "geometry": { "type": "Point", "coordinates": [ 133.5461799, 33.4938097 ] } },
{ "type": "Feature", "properties": { "osmid": 4942039789, "y": 33.4939347, "x": 133.5465257, "street_count": 3, "highway": null }, "geometry": { "type": "Point", "coordinates": [ 133.546525699999989, 33.4939347 ] } },
{ "type": "Feature", "properties": { "osmid": 4942039792, "y": 33.4946193, "x": 133.5466035, "street_count": 3, "highway": null }, "geometry": { "type": "Point", "coordinates": [ 133.5466035, 33.4946193 ] } },
{ "type": "Feature", "properties": { "osmid": 4942039793, "y": 33.4946375, "x": 133.5466911, "street_count": 3, "highway": null }, "geometry": { "type": "Point", "coordinates": [ 133.5466911, 33.4946375 ] } },
{ "type": "Feature", "properties": { "osmid": 4942039796, "y": 33.4957062, "x": 133.5474292, "street_count": 3, "highway": null }, "geometry": { "type": "Point", "coordinates": [ 133.54742920000001, 33.4957062 ] } },
{ "type": "Feature", "properties": { "osmid": 4942039801, "y": 33.4958136, "x": 133.5458737, "street_count": 3, "highway": null }, "geometry": { "type": "Point", "coordinates": [ 133.545873699999987, 33.4958136 ] } },
{ "type": "Feature", "properties": { "osmid": 4942039803, "y": 33.4951705, "x": 133.5450599, "street_count": 3, "highway": null }, "geometry": { "type": "Point", "coordinates": [ 133.545059900000012, 33.4951705 ] } },
{ "type": "Feature", "properties": { "osmid": 4942039836, "y": 33.4973363, "x": 133.5438844, "street_count": 3, "highway": null }, "geometry": { "type": "Point", "coordinates": [ 133.5438844, 33.4973363 ] } },
{ "type": "Feature", "properties": { "osmid": 4942039837, "y": 33.4984745, "x": 133.5429713, "street_count": 3, "highway": null }, "geometry": { "type": "Point", "coordinates": [ 133.5429713, 33.4984745 ] } },
{ "type": "Feature", "properties": { "osmid": 4942039845, "y": 33.4976835, "x": 133.5438099, "street_count": 3, "highway": null }, "geometry": { "type": "Point", "coordinates": [ 133.543809900000014, 33.4976835 ] } },
{ "type": "Feature", "properties": { "osmid": 5331435427, "y": 33.4955852, "x": 133.5746614, "street_count": 1, "highway": null }, "geometry": { "type": "Point", "coordinates": [ 133.5746614, 33.4955852 ] } },
{ "type": "Feature", "properties": { "osmid": 5331435436, "y": 33.4957845, "x": 133.5745031, "street_count": 3, "highway": null }, "geometry": { "type": "Point", "coordinates": [ 133.574503099999987, 33.4957845 ] } },
{ "type": "Feature", "properties": { "osmid": 5331435467, "y": 33.4960281, "x": 133.572957, "street_count": 3, "highway": null }, "geometry": { "type": "Point", "coordinates": [ 133.572957, 33.4960281 ] } },
{ "type": "Feature", "properties": { "osmid": 5331435468, "y": 33.4959937, "x": 133.5736958, "street_count": 3, "highway": null }, "geometry": { "type": "Point", "coordinates": [ 133.5736958, 33.4959937 ] } },
{ "type": "Feature", "properties": { "osmid": 5331463098, "y": 33.4996259, "x": 133.573962, "street_count": 4, "highway": null }, "geometry": { "type": "Point", "coordinates": [ 133.573962, 33.4996259 ] } },
{ "type": "Feature", "properties": { "osmid": 5331463100, "y": 33.4996729, "x": 133.5742657, "street_count": 4, "highway": "crossing" }, "geometry": { "type": "Point", "coordinates": [ 133.574265700000012, 33.4996729 ] } },
{ "type": "Feature", "properties": { "osmid": 5331463103, "y": 33.4997575, "x": 133.5747265, "street_count": 4, "highway": "crossing" }, "geometry": { "type": "Point", "coordinates": [ 133.5747265, 33.4997575 ] } },
{ "type": "Feature", "properties": { "osmid": 5331463108, "y": 33.4993308, "x": 133.5756981, "street_count": 3, "highway": null }, "geometry": { "type": "Point", "coordinates": [ 133.575698100000011, 33.4993308 ] } },
{ "type": "Feature", "properties": { "osmid": 5331463183, "y": 33.4993865, "x": 133.5734168, "street_count": 3, "highway": null }, "geometry": { "type": "Point", "coordinates": [ 133.5734168, 33.4993865 ] } },
{ "type": "Feature", "properties": { "osmid": 5331463194, "y": 33.4995651, "x": 133.5749373, "street_count": 3, "highway": null }, "geometry": { "type": "Point", "coordinates": [ 133.574937299999988, 33.4995651 ] } },
{ "type": "Feature", "properties": { "osmid": 5348084049, "y": 33.499881, "x": 133.5515597, "street_count": 4, "highway": null }, "geometry": { "type": "Point", "coordinates": [ 133.551559700000013, 33.499881 ] } },
{ "type": "Feature", "properties": { "osmid": 5348084060, "y": 33.4984656, "x": 133.5522385, "street_count": 3, "highway": null }, "geometry": { "type": "Point", "coordinates": [ 133.552238499999987, 33.4984656 ] } },
{ "type": "Feature", "properties": { "osmid": 5348084061, "y": 33.4984647, "x": 133.552386, "street_count": 1, "highway": null }, "geometry": { "type": "Point", "coordinates": [ 133.552386, 33.4984647 ] } },
{ "type": "Feature", "properties": { "osmid": 5348084062, "y": 33.4998874, "x": 133.5518795, "street_count": 3, "highway": null }, "geometry": { "type": "Point", "coordinates": [ 133.551879500000013, 33.4998874 ] } },
{ "type": "Feature", "properties": { "osmid": 5348084066, "y": 33.4995839, "x": 133.5528796, "street_count": 1, "highway": null }, "geometry": { "type": "Point", "coordinates": [ 133.552879600000011, 33.4995839 ] } },
{ "type": "Feature", "properties": { "osmid": 5348277744, "y": 33.4997333, "x": 133.5524688, "street_count": 3, "highway": null }, "geometry": { "type": "Point", "coordinates": [ 133.552468800000014, 33.4997333 ] } },
{ "type": "Feature", "properties": { "osmid": 5348277745, "y": 33.4999036, "x": 133.5528447, "street_count": 3, "highway": null }, "geometry": { "type": "Point", "coordinates": [ 133.5528447, 33.4999036 ] } },
{ "type": "Feature", "properties": { "osmid": 5348277747, "y": 33.4999817, "x": 133.5523663, "street_count": 1, "highway": null }, "geometry": { "type": "Point", "coordinates": [ 133.552366299999989, 33.4999817 ] } },
{ "type": "Feature", "properties": { "osmid": 5348277755, "y": 33.4988925, "x": 133.5529205, "street_count": 1, "highway": null }, "geometry": { "type": "Point", "coordinates": [ 133.5529205, 33.4988925 ] } },
{ "type": "Feature", "properties": { "osmid": 5348277756, "y": 33.500516, "x": 133.5498259, "street_count": 3, "highway": null }, "geometry": { "type": "Point", "coordinates": [ 133.5498259, 33.500516 ] } },
{ "type": "Feature", "properties": { "osmid": 5348277760, "y": 33.500395, "x": 133.5518218, "street_count": 1, "highway": null }, "geometry": { "type": "Point", "coordinates": [ 133.5518218, 33.500395 ] } },
{ "type": "Feature", "properties": { "osmid": 5351385794, "y": 33.4982604, "x": 133.574012, "street_count": 3, "highway": null }, "geometry": { "type": "Point", "coordinates": [ 133.574012, 33.4982604 ] } },
{ "type": "Feature", "properties": { "osmid": 5351385797, "y": 33.4981587, "x": 133.5755005, "street_count": 3, "highway": null }, "geometry": { "type": "Point", "coordinates": [ 133.5755005, 33.4981587 ] } },
{ "type": "Feature", "properties": { "osmid": 5351385803, "y": 33.4981973, "x": 133.5747617, "street_count": 3, "highway": null }, "geometry": { "type": "Point", "coordinates": [ 133.57476170000001, 33.4981973 ] } },
{ "type": "Feature", "properties": { "osmid": 5351385807, "y": 33.4981366, "x": 133.5743984, "street_count": 4, "highway": null }, "geometry": { "type": "Point", "coordinates": [ 133.5743984, 33.4981366 ] } },
{ "type": "Feature", "properties": { "osmid": 5353289422, "y": 33.498384, "x": 133.5522281, "street_count": 3, "highway": null }, "geometry": { "type": "Point", "coordinates": [ 133.5522281, 33.498384 ] } },
{ "type": "Feature", "properties": { "osmid": 5353289423, "y": 33.4983032, "x": 133.5525888, "street_count": 1, "highway": null }, "geometry": { "type": "Point", "coordinates": [ 133.5525888, 33.4983032 ] } },
{ "type": "Feature", "properties": { "osmid": 5353289424, "y": 33.5006536, "x": 133.5579003, "street_count": 1, "highway": null }, "geometry": { "type": "Point", "coordinates": [ 133.5579003, 33.5006536 ] } },
{ "type": "Feature", "properties": { "osmid": 5362555602, "y": 33.499183, "x": 133.5737991, "street_count": 3, "highway": null }, "geometry": { "type": "Point", "coordinates": [ 133.5737991, 33.499183 ] } },
{ "type": "Feature", "properties": { "osmid": 5362555603, "y": 33.4989585, "x": 133.5742782, "street_count": 4, "highway": null }, "geometry": { "type": "Point", "coordinates": [ 133.5742782, 33.4989585 ] } },
{ "type": "Feature", "properties": { "osmid": 5362555606, "y": 33.4985451, "x": 133.5742834, "street_count": 3, "highway": null }, "geometry": { "type": "Point", "coordinates": [ 133.574283400000013, 33.4985451 ] } },
{ "type": "Feature", "properties": { "osmid": 5362555608, "y": 33.4985807, "x": 133.5747477, "street_count": 3, "highway": null }, "geometry": { "type": "Point", "coordinates": [ 133.574747699999989, 33.4985807 ] } },
{ "type": "Feature", "properties": { "osmid": 5362555612, "y": 33.4983172, "x": 133.5743664, "street_count": 3, "highway": null }, "geometry": { "type": "Point", "coordinates": [ 133.5743664, 33.4983172 ] } },
{ "type": "Feature", "properties": { "osmid": 5362555616, "y": 33.4977164, "x": 133.574893, "street_count": 3, "highway": null }, "geometry": { "type": "Point", "coordinates": [ 133.574893, 33.4977164 ] } },
{ "type": "Feature", "properties": { "osmid": 5362564221, "y": 33.4964722, "x": 133.5727576, "street_count": 3, "highway": null }, "geometry": { "type": "Point", "coordinates": [ 133.572757599999989, 33.4964722 ] } },
{ "type": "Feature", "properties": { "osmid": 5362564222, "y": 33.4963325, "x": 133.5730906, "street_count": 3, "highway": null }, "geometry": { "type": "Point", "coordinates": [ 133.5730906, 33.4963325 ] } },
{ "type": "Feature", "properties": { "osmid": 5362564238, "y": 33.4971866, "x": 133.5738449, "street_count": 1, "highway": null }, "geometry": { "type": "Point", "coordinates": [ 133.573844900000012, 33.4971866 ] } },
{ "type": "Feature", "properties": { "osmid": 5379614787, "y": 33.496765, "x": 133.5736842, "street_count": 1, "highway": null }, "geometry": { "type": "Point", "coordinates": [ 133.5736842, 33.496765 ] } },
{ "type": "Feature", "properties": { "osmid": 5379614803, "y": 33.4985406, "x": 133.5678708, "street_count": 1, "highway": null }, "geometry": { "type": "Point", "coordinates": [ 133.5678708, 33.4985406 ] } },
{ "type": "Feature", "properties": { "osmid": 5447091838, "y": 33.4985068, "x": 133.5510413, "street_count": 1, "highway": null }, "geometry": { "type": "Point", "coordinates": [ 133.5510413, 33.4985068 ] } },
{ "type": "Feature", "properties": { "osmid": 5447091839, "y": 33.4998833, "x": 133.5515224, "street_count": 3, "highway": null }, "geometry": { "type": "Point", "coordinates": [ 133.55152240000001, 33.4998833 ] } },
{ "type": "Feature", "properties": { "osmid": 5447091842, "y": 33.5003917, "x": 133.5515811, "street_count": 3, "highway": null }, "geometry": { "type": "Point", "coordinates": [ 133.5515811, 33.5003917 ] } },
{ "type": "Feature", "properties": { "osmid": 5447091843, "y": 33.4998307, "x": 133.5536207, "street_count": 1, "highway": null }, "geometry": { "type": "Point", "coordinates": [ 133.55362070000001, 33.4998307 ] } },
{ "type": "Feature", "properties": { "osmid": 5447091844, "y": 33.5000429, "x": 133.5527648, "street_count": 3, "highway": null }, "geometry": { "type": "Point", "coordinates": [ 133.5527648, 33.5000429 ] } },
{ "type": "Feature", "properties": { "osmid": 5447091846, "y": 33.5000954, "x": 133.5531123, "street_count": 1, "highway": null }, "geometry": { "type": "Point", "coordinates": [ 133.5531123, 33.5000954 ] } },
{ "type": "Feature", "properties": { "osmid": 5447091856, "y": 33.4998345, "x": 133.5529684, "street_count": 4, "highway": null }, "geometry": { "type": "Point", "coordinates": [ 133.5529684, 33.4998345 ] } },
{ "type": "Feature", "properties": { "osmid": 5447091865, "y": 33.499654, "x": 133.5537955, "street_count": 1, "highway": null }, "geometry": { "type": "Point", "coordinates": [ 133.5537955, 33.499654 ] } },
{ "type": "Feature", "properties": { "osmid": 5447091879, "y": 33.498297, "x": 133.5555893, "street_count": 3, "highway": null }, "geometry": { "type": "Point", "coordinates": [ 133.5555893, 33.498297 ] } },
{ "type": "Feature", "properties": { "osmid": 5447091880, "y": 33.5002839, "x": 133.5552528, "street_count": 3, "highway": null }, "geometry": { "type": "Point", "coordinates": [ 133.5552528, 33.5002839 ] } },
{ "type": "Feature", "properties": { "osmid": 5447091893, "y": 33.5002202, "x": 133.5551333, "street_count": 3, "highway": null }, "geometry": { "type": "Point", "coordinates": [ 133.5551333, 33.5002202 ] } },
{ "type": "Feature", "properties": { "osmid": 5447091894, "y": 33.4994454, "x": 133.554286, "street_count": 3, "highway": null }, "geometry": { "type": "Point", "coordinates": [ 133.554286, 33.4994454 ] } },
{ "type": "Feature", "properties": { "osmid": 5447091896, "y": 33.4995352, "x": 133.5550052, "street_count": 3, "highway": null }, "geometry": { "type": "Point", "coordinates": [ 133.555005200000011, 33.4995352 ] } },
{ "type": "Feature", "properties": { "osmid": 5447091897, "y": 33.4997969, "x": 133.5544945, "street_count": 3, "highway": null }, "geometry": { "type": "Point", "coordinates": [ 133.5544945, 33.4997969 ] } },
{ "type": "Feature", "properties": { "osmid": 5447091900, "y": 33.4996851, "x": 133.5549449, "street_count": 3, "highway": null }, "geometry": { "type": "Point", "coordinates": [ 133.55494490000001, 33.4996851 ] } },
{ "type": "Feature", "properties": { "osmid": 5483863129, "y": 33.492943, "x": 133.5466999, "street_count": 3, "highway": null }, "geometry": { "type": "Point", "coordinates": [ 133.5466999, 33.492943 ] } },
{ "type": "Feature", "properties": { "osmid": 5483863130, "y": 33.4928395, "x": 133.5465581, "street_count": 3, "highway": null }, "geometry": { "type": "Point", "coordinates": [ 133.5465581, 33.4928395 ] } },
{ "type": "Feature", "properties": { "osmid": 5483863132, "y": 33.4927559, "x": 133.546851, "street_count": 3, "highway": null }, "geometry": { "type": "Point", "coordinates": [ 133.546851, 33.4927559 ] } },
{ "type": "Feature", "properties": { "osmid": 5483863133, "y": 33.4930285, "x": 133.5463476, "street_count": 1, "highway": null }, "geometry": { "type": "Point", "coordinates": [ 133.5463476, 33.4930285 ] } },
{ "type": "Feature", "properties": { "osmid": 5505867957, "y": 33.4988117, "x": 133.5756512, "street_count": 1, "highway": null }, "geometry": { "type": "Point", "coordinates": [ 133.57565120000001, 33.4988117 ] } },
{ "type": "Feature", "properties": { "osmid": 5505867960, "y": 33.4989772, "x": 133.5747934, "street_count": 3, "highway": null }, "geometry": { "type": "Point", "coordinates": [ 133.5747934, 33.4989772 ] } },
{ "type": "Feature", "properties": { "osmid": 5505867965, "y": 33.4998068, "x": 133.5754934, "street_count": 3, "highway": null }, "geometry": { "type": "Point", "coordinates": [ 133.5754934, 33.4998068 ] } },
{ "type": "Feature", "properties": { "osmid": 5505867966, "y": 33.4996589, "x": 133.5748505, "street_count": 3, "highway": null }, "geometry": { "type": "Point", "coordinates": [ 133.5748505, 33.4996589 ] } },
{ "type": "Feature", "properties": { "osmid": 5505867967, "y": 33.4996948, "x": 133.5755472, "street_count": 3, "highway": null }, "geometry": { "type": "Point", "coordinates": [ 133.575547199999988, 33.4996948 ] } },
{ "type": "Feature", "properties": { "osmid": 5505867968, "y": 33.4995669, "x": 133.5756003, "street_count": 3, "highway": null }, "geometry": { "type": "Point", "coordinates": [ 133.5756003, 33.4995669 ] } },
{ "type": "Feature", "properties": { "osmid": 5505867969, "y": 33.4994337, "x": 133.5750085, "street_count": 3, "highway": null }, "geometry": { "type": "Point", "coordinates": [ 133.5750085, 33.4994337 ] } },
{ "type": "Feature", "properties": { "osmid": 5505867970, "y": 33.4994557, "x": 133.5756463, "street_count": 3, "highway": null }, "geometry": { "type": "Point", "coordinates": [ 133.575646299999988, 33.4994557 ] } },
{ "type": "Feature", "properties": { "osmid": 5505867971, "y": 33.4993241, "x": 133.5750679, "street_count": 3, "highway": null }, "geometry": { "type": "Point", "coordinates": [ 133.5750679, 33.4993241 ] } },
{ "type": "Feature", "properties": { "osmid": 5505867972, "y": 33.499002, "x": 133.5758423, "street_count": 3, "highway": null }, "geometry": { "type": "Point", "coordinates": [ 133.5758423, 33.499002 ] } },
{ "type": "Feature", "properties": { "osmid": 5505867973, "y": 33.4989474, "x": 133.5756087, "street_count": 3, "highway": null }, "geometry": { "type": "Point", "coordinates": [ 133.5756087, 33.4989474 ] } },
{ "type": "Feature", "properties": { "osmid": 5505867975, "y": 33.4991918, "x": 133.5757591, "street_count": 3, "highway": null }, "geometry": { "type": "Point", "coordinates": [ 133.5757591, 33.4991918 ] } },
{ "type": "Feature", "properties": { "osmid": 5505867976, "y": 33.4990815, "x": 133.5752616, "street_count": 3, "highway": null }, "geometry": { "type": "Point", "coordinates": [ 133.5752616, 33.4990815 ] } },
{ "type": "Feature", "properties": { "osmid": 5505867977, "y": 33.4990796, "x": 133.5758083, "street_count": 3, "highway": null }, "geometry": { "type": "Point", "coordinates": [ 133.5758083, 33.4990796 ] } },
{ "type": "Feature", "properties": { "osmid": 5505867978, "y": 33.4990015, "x": 133.5754689, "street_count": 3, "highway": null }, "geometry": { "type": "Point", "coordinates": [ 133.5754689, 33.4990015 ] } },
{ "type": "Feature", "properties": { "osmid": 5505867982, "y": 33.4981159, "x": 133.5743254, "street_count": 3, "highway": null }, "geometry": { "type": "Point", "coordinates": [ 133.5743254, 33.4981159 ] } },
{ "type": "Feature", "properties": { "osmid": 5505868003, "y": 33.4951597, "x": 133.5503035, "street_count": 3, "highway": null }, "geometry": { "type": "Point", "coordinates": [ 133.550303500000012, 33.4951597 ] } },
{ "type": "Feature", "properties": { "osmid": 5505868004, "y": 33.4951464, "x": 133.550454, "street_count": 3, "highway": null }, "geometry": { "type": "Point", "coordinates": [ 133.550454, 33.4951464 ] } },
{ "type": "Feature", "properties": { "osmid": 5505868013, "y": 33.4940097, "x": 133.5501346, "street_count": 4, "highway": null }, "geometry": { "type": "Point", "coordinates": [ 133.5501346, 33.4940097 ] } },
{ "type": "Feature", "properties": { "osmid": 5505868015, "y": 33.4939039, "x": 133.5492263, "street_count": 1, "highway": null }, "geometry": { "type": "Point", "coordinates": [ 133.549226299999987, 33.4939039 ] } },
{ "type": "Feature", "properties": { "osmid": 5505868017, "y": 33.4941819, "x": 133.5476675, "street_count": 3, "highway": null }, "geometry": { "type": "Point", "coordinates": [ 133.547667499999989, 33.4941819 ] } },
{ "type": "Feature", "properties": { "osmid": 5505869325, "y": 33.4927746, "x": 133.5490244, "street_count": 1, "highway": null }, "geometry": { "type": "Point", "coordinates": [ 133.5490244, 33.4927746 ] } },
{ "type": "Feature", "properties": { "osmid": 5505912825, "y": 33.4992253, "x": 133.574054, "street_count": 3, "highway": null }, "geometry": { "type": "Point", "coordinates": [ 133.574054, 33.4992253 ] } },
{ "type": "Feature", "properties": { "osmid": 5505912826, "y": 33.4994669, "x": 133.5740448, "street_count": 3, "highway": null }, "geometry": { "type": "Point", "coordinates": [ 133.5740448, 33.4994669 ] } },
{ "type": "Feature", "properties": { "osmid": 5505912827, "y": 33.4994707, "x": 133.5742751, "street_count": 3, "highway": null }, "geometry": { "type": "Point", "coordinates": [ 133.5742751, 33.4994707 ] } },
{ "type": "Feature", "properties": { "osmid": 5505912828, "y": 33.4994354, "x": 133.5742762, "street_count": 3, "highway": null }, "geometry": { "type": "Point", "coordinates": [ 133.574276200000014, 33.4994354 ] } },
{ "type": "Feature", "properties": { "osmid": 5505912829, "y": 33.4994376, "x": 133.5747802, "street_count": 3, "highway": null }, "geometry": { "type": "Point", "coordinates": [ 133.5747802, 33.4994376 ] } },
{ "type": "Feature", "properties": { "osmid": 5505912832, "y": 33.4992289, "x": 133.5745562, "street_count": 3, "highway": null }, "geometry": { "type": "Point", "coordinates": [ 133.574556199999989, 33.4992289 ] } },
{ "type": "Feature", "properties": { "osmid": 5505912833, "y": 33.4989556, "x": 133.5745621, "street_count": 3, "highway": null }, "geometry": { "type": "Point", "coordinates": [ 133.5745621, 33.4989556 ] } },
{ "type": "Feature", "properties": { "osmid": 5505912835, "y": 33.4990305, "x": 133.5750833, "street_count": 3, "highway": null }, "geometry": { "type": "Point", "coordinates": [ 133.575083299999989, 33.4990305 ] } },
{ "type": "Feature", "properties": { "osmid": 5520410364, "y": 33.4992861, "x": 133.573894, "street_count": 1, "highway": null }, "geometry": { "type": "Point", "coordinates": [ 133.573894, 33.4992861 ] } },
{ "type": "Feature", "properties": { "osmid": 5520410365, "y": 33.4995462, "x": 133.573786, "street_count": 3, "highway": null }, "geometry": { "type": "Point", "coordinates": [ 133.573786, 33.4995462 ] } },
{ "type": "Feature", "properties": { "osmid": 5520410368, "y": 33.4986262, "x": 133.5752747, "street_count": 3, "highway": null }, "geometry": { "type": "Point", "coordinates": [ 133.5752747, 33.4986262 ] } },
{ "type": "Feature", "properties": { "osmid": 5520410420, "y": 33.494675, "x": 133.5684858, "street_count": 4, "highway": null }, "geometry": { "type": "Point", "coordinates": [ 133.5684858, 33.494675 ] } },
{ "type": "Feature", "properties": { "osmid": 5521722042, "y": 33.4998263, "x": 133.5738838, "street_count": 3, "highway": null }, "geometry": { "type": "Point", "coordinates": [ 133.5738838, 33.4998263 ] } },
{ "type": "Feature", "properties": { "osmid": 5521722045, "y": 33.499709, "x": 133.5746543, "street_count": 4, "highway": null }, "geometry": { "type": "Point", "coordinates": [ 133.5746543, 33.499709 ] } },
{ "type": "Feature", "properties": { "osmid": 5521722046, "y": 33.49972, "x": 133.5733069, "street_count": 1, "highway": null }, "geometry": { "type": "Point", "coordinates": [ 133.5733069, 33.49972 ] } },
{ "type": "Feature", "properties": { "osmid": 5521722047, "y": 33.499781, "x": 133.5736381, "street_count": 3, "highway": null }, "geometry": { "type": "Point", "coordinates": [ 133.573638100000011, 33.499781 ] } },
{ "type": "Feature", "properties": { "osmid": 5521722049, "y": 33.4995887, "x": 133.5733759, "street_count": 1, "highway": null }, "geometry": { "type": "Point", "coordinates": [ 133.5733759, 33.4995887 ] } },
{ "type": "Feature", "properties": { "osmid": 5566192285, "y": 33.4975372, "x": 133.5722542, "street_count": 3, "highway": null }, "geometry": { "type": "Point", "coordinates": [ 133.5722542, 33.4975372 ] } },
{ "type": "Feature", "properties": { "osmid": 5566192293, "y": 33.497701, "x": 133.5723737, "street_count": 1, "highway": null }, "geometry": { "type": "Point", "coordinates": [ 133.572373700000014, 33.497701 ] } },
{ "type": "Feature", "properties": { "osmid": 6247275225, "y": 33.4960689, "x": 133.552636, "street_count": 3, "highway": null }, "geometry": { "type": "Point", "coordinates": [ 133.552636, 33.4960689 ] } },
{ "type": "Feature", "properties": { "osmid": 6278123412, "y": 33.4956828, "x": 133.5737688, "street_count": 1, "highway": null }, "geometry": { "type": "Point", "coordinates": [ 133.573768800000011, 33.4956828 ] } },
{ "type": "Feature", "properties": { "osmid": 6278123428, "y": 33.4962081, "x": 133.5736014, "street_count": 3, "highway": null }, "geometry": { "type": "Point", "coordinates": [ 133.5736014, 33.4962081 ] } },
{ "type": "Feature", "properties": { "osmid": 6278123433, "y": 33.4965855, "x": 133.5730824, "street_count": 3, "highway": null }, "geometry": { "type": "Point", "coordinates": [ 133.5730824, 33.4965855 ] } },
{ "type": "Feature", "properties": { "osmid": 6278123451, "y": 33.4968148, "x": 133.5733567, "street_count": 1, "highway": null }, "geometry": { "type": "Point", "coordinates": [ 133.5733567, 33.4968148 ] } },
{ "type": "Feature", "properties": { "osmid": 6278123710, "y": 33.4958526, "x": 133.5700145, "street_count": 3, "highway": null }, "geometry": { "type": "Point", "coordinates": [ 133.570014500000013, 33.4958526 ] } },
{ "type": "Feature", "properties": { "osmid": 6278123733, "y": 33.4961785, "x": 133.5727668, "street_count": 4, "highway": null }, "geometry": { "type": "Point", "coordinates": [ 133.572766800000011, 33.4961785 ] } },
{ "type": "Feature", "properties": { "osmid": 6278123738, "y": 33.496467, "x": 133.5728003, "street_count": 4, "highway": null }, "geometry": { "type": "Point", "coordinates": [ 133.572800300000011, 33.496467 ] } },
{ "type": "Feature", "properties": { "osmid": 6278123744, "y": 33.497115, "x": 133.57247, "street_count": 3, "highway": null }, "geometry": { "type": "Point", "coordinates": [ 133.57247, 33.497115 ] } },
{ "type": "Feature", "properties": { "osmid": 6280046573, "y": 33.4960343, "x": 133.5694077, "street_count": 3, "highway": "traffic_signals" }, "geometry": { "type": "Point", "coordinates": [ 133.5694077, 33.4960343 ] } },
{ "type": "Feature", "properties": { "osmid": 6280046578, "y": 33.4961772, "x": 133.5694496, "street_count": 3, "highway": null }, "geometry": { "type": "Point", "coordinates": [ 133.569449600000013, 33.4961772 ] } },
{ "type": "Feature", "properties": { "osmid": 6280046731, "y": 33.4959785, "x": 133.5692541, "street_count": 3, "highway": null }, "geometry": { "type": "Point", "coordinates": [ 133.5692541, 33.4959785 ] } },
{ "type": "Feature", "properties": { "osmid": 6280046751, "y": 33.4965126, "x": 133.5686488, "street_count": 3, "highway": null }, "geometry": { "type": "Point", "coordinates": [ 133.5686488, 33.4965126 ] } },
{ "type": "Feature", "properties": { "osmid": 6280046887, "y": 33.4950954, "x": 133.5701665, "street_count": 3, "highway": null }, "geometry": { "type": "Point", "coordinates": [ 133.5701665, 33.4950954 ] } },
{ "type": "Feature", "properties": { "osmid": 6280046888, "y": 33.4951571, "x": 133.5701406, "street_count": 4, "highway": null }, "geometry": { "type": "Point", "coordinates": [ 133.5701406, 33.4951571 ] } },
{ "type": "Feature", "properties": { "osmid": 6280046890, "y": 33.4955017, "x": 133.5698273, "street_count": 1, "highway": null }, "geometry": { "type": "Point", "coordinates": [ 133.569827299999986, 33.4955017 ] } },
{ "type": "Feature", "properties": { "osmid": 6280082807, "y": 33.4993533, "x": 133.5728558, "street_count": 3, "highway": null }, "geometry": { "type": "Point", "coordinates": [ 133.572855800000013, 33.4993533 ] } },
{ "type": "Feature", "properties": { "osmid": 6280082812, "y": 33.4989841, "x": 133.5717946, "street_count": 3, "highway": null }, "geometry": { "type": "Point", "coordinates": [ 133.5717946, 33.4989841 ] } },
{ "type": "Feature", "properties": { "osmid": 6280082814, "y": 33.4992979, "x": 133.5717411, "street_count": 3, "highway": null }, "geometry": { "type": "Point", "coordinates": [ 133.5717411, 33.4992979 ] } },
{ "type": "Feature", "properties": { "osmid": 6280082900, "y": 33.4994239, "x": 133.5732528, "street_count": 3, "highway": null }, "geometry": { "type": "Point", "coordinates": [ 133.5732528, 33.4994239 ] } },
{ "type": "Feature", "properties": { "osmid": 6280082902, "y": 33.4997571, "x": 133.5731975, "street_count": 1, "highway": null }, "geometry": { "type": "Point", "coordinates": [ 133.5731975, 33.4997571 ] } },
{ "type": "Feature", "properties": { "osmid": 6280082958, "y": 33.4990519, "x": 133.5728723, "street_count": 1, "highway": null }, "geometry": { "type": "Point", "coordinates": [ 133.5728723, 33.4990519 ] } },
{ "type": "Feature", "properties": { "osmid": 6280083027, "y": 33.4979944, "x": 133.5746861, "street_count": 3, "highway": null }, "geometry": { "type": "Point", "coordinates": [ 133.5746861, 33.4979944 ] } },
{ "type": "Feature", "properties": { "osmid": 6280094559, "y": 33.4959492, "x": 133.5683405, "street_count": 1, "highway": null }, "geometry": { "type": "Point", "coordinates": [ 133.5683405, 33.4959492 ] } },
{ "type": "Feature", "properties": { "osmid": 6290324357, "y": 33.4961259, "x": 133.5719414, "street_count": 1, "highway": null }, "geometry": { "type": "Point", "coordinates": [ 133.571941399999986, 33.4961259 ] } },
{ "type": "Feature", "properties": { "osmid": 6290324517, "y": 33.4984272, "x": 133.5683507, "street_count": 3, "highway": null }, "geometry": { "type": "Point", "coordinates": [ 133.5683507, 33.4984272 ] } },
{ "type": "Feature", "properties": { "osmid": 6290324519, "y": 33.4987915, "x": 133.5682211, "street_count": 1, "highway": null }, "geometry": { "type": "Point", "coordinates": [ 133.568221099999988, 33.4987915 ] } },
{ "type": "Feature", "properties": { "osmid": 6290324520, "y": 33.4986611, "x": 133.5683323, "street_count": 3, "highway": null }, "geometry": { "type": "Point", "coordinates": [ 133.5683323, 33.4986611 ] } },
{ "type": "Feature", "properties": { "osmid": 6290324521, "y": 33.4986746, "x": 133.5685165, "street_count": 1, "highway": null }, "geometry": { "type": "Point", "coordinates": [ 133.568516499999987, 33.4986746 ] } },
{ "type": "Feature", "properties": { "osmid": 6290324526, "y": 33.4977438, "x": 133.5694818, "street_count": 1, "highway": null }, "geometry": { "type": "Point", "coordinates": [ 133.5694818, 33.4977438 ] } },
{ "type": "Feature", "properties": { "osmid": 6290324534, "y": 33.4987105, "x": 133.5715815, "street_count": 3, "highway": null }, "geometry": { "type": "Point", "coordinates": [ 133.5715815, 33.4987105 ] } },
{ "type": "Feature", "properties": { "osmid": 6290324535, "y": 33.4989485, "x": 133.5715209, "street_count": 3, "highway": null }, "geometry": { "type": "Point", "coordinates": [ 133.5715209, 33.4989485 ] } },
{ "type": "Feature", "properties": { "osmid": 6290324537, "y": 33.4985624, "x": 133.5717906, "street_count": 1, "highway": null }, "geometry": { "type": "Point", "coordinates": [ 133.571790600000014, 33.4985624 ] } },
{ "type": "Feature", "properties": { "osmid": 6290324538, "y": 33.4989588, "x": 133.570339, "street_count": 3, "highway": null }, "geometry": { "type": "Point", "coordinates": [ 133.570339, 33.4989588 ] } },
{ "type": "Feature", "properties": { "osmid": 6290324539, "y": 33.4989599, "x": 133.5705351, "street_count": 1, "highway": null }, "geometry": { "type": "Point", "coordinates": [ 133.5705351, 33.4989599 ] } },
{ "type": "Feature", "properties": { "osmid": 6290324540, "y": 33.4988455, "x": 133.5708087, "street_count": 3, "highway": null }, "geometry": { "type": "Point", "coordinates": [ 133.570808699999986, 33.4988455 ] } },
{ "type": "Feature", "properties": { "osmid": 6290324542, "y": 33.4991697, "x": 133.5707845, "street_count": 3, "highway": null }, "geometry": { "type": "Point", "coordinates": [ 133.5707845, 33.4991697 ] } },
{ "type": "Feature", "properties": { "osmid": 6290324544, "y": 33.4992012, "x": 133.5709717, "street_count": 3, "highway": null }, "geometry": { "type": "Point", "coordinates": [ 133.5709717, 33.4992012 ] } },
{ "type": "Feature", "properties": { "osmid": 6290324550, "y": 33.4986925, "x": 133.5697255, "street_count": 3, "highway": null }, "geometry": { "type": "Point", "coordinates": [ 133.5697255, 33.4986925 ] } },
{ "type": "Feature", "properties": { "osmid": 6290324551, "y": 33.498842, "x": 133.569727, "street_count": 1, "highway": null }, "geometry": { "type": "Point", "coordinates": [ 133.569727, 33.498842 ] } },
{ "type": "Feature", "properties": { "osmid": 6290324567, "y": 33.4968401, "x": 133.5704423, "street_count": 1, "highway": null }, "geometry": { "type": "Point", "coordinates": [ 133.5704423, 33.4968401 ] } },
{ "type": "Feature", "properties": { "osmid": 6290324632, "y": 33.498384, "x": 133.5703307, "street_count": 3, "highway": null }, "geometry": { "type": "Point", "coordinates": [ 133.5703307, 33.498384 ] } },
{ "type": "Feature", "properties": { "osmid": 6290324637, "y": 33.4977656, "x": 133.5705398, "street_count": 1, "highway": null }, "geometry": { "type": "Point", "coordinates": [ 133.5705398, 33.4977656 ] } },
{ "type": "Feature", "properties": { "osmid": 6290381982, "y": 33.5002232, "x": 133.5753815, "street_count": 3, "highway": null }, "geometry": { "type": "Point", "coordinates": [ 133.5753815, 33.5002232 ] } },
{ "type": "Feature", "properties": { "osmid": 6290381989, "y": 33.5000332, "x": 133.5745807, "street_count": 1, "highway": null }, "geometry": { "type": "Point", "coordinates": [ 133.574580700000013, 33.5000332 ] } },
{ "type": "Feature", "properties": { "osmid": 6295154774, "y": 33.494926, "x": 133.5449298, "street_count": 3, "highway": null }, "geometry": { "type": "Point", "coordinates": [ 133.5449298, 33.494926 ] } },
{ "type": "Feature", "properties": { "osmid": 6295154885, "y": 33.4962543, "x": 133.5448778, "street_count": 3, "highway": null }, "geometry": { "type": "Point", "coordinates": [ 133.5448778, 33.4962543 ] } },
{ "type": "Feature", "properties": { "osmid": 6295154886, "y": 33.4957985, "x": 133.5443011, "street_count": 3, "highway": null }, "geometry": { "type": "Point", "coordinates": [ 133.544301100000013, 33.4957985 ] } },
{ "type": "Feature", "properties": { "osmid": 6295154887, "y": 33.495628, "x": 133.5446576, "street_count": 3, "highway": null }, "geometry": { "type": "Point", "coordinates": [ 133.5446576, 33.495628 ] } },
{ "type": "Feature", "properties": { "osmid": 6295154888, "y": 33.4951654, "x": 133.5442824, "street_count": 3, "highway": null }, "geometry": { "type": "Point", "coordinates": [ 133.544282399999986, 33.4951654 ] } },
{ "type": "Feature", "properties": { "osmid": 6295154889, "y": 33.4950771, "x": 133.5444641, "street_count": 3, "highway": null }, "geometry": { "type": "Point", "coordinates": [ 133.5444641, 33.4950771 ] } },
{ "type": "Feature", "properties": { "osmid": 6295154890, "y": 33.4953454, "x": 133.5446697, "street_count": 1, "highway": null }, "geometry": { "type": "Point", "coordinates": [ 133.544669699999986, 33.4953454 ] } },
{ "type": "Feature", "properties": { "osmid": 6295154892, "y": 33.4956019, "x": 133.5447073, "street_count": 3, "highway": null }, "geometry": { "type": "Point", "coordinates": [ 133.5447073, 33.4956019 ] } },
{ "type": "Feature", "properties": { "osmid": 6295154893, "y": 33.4953735, "x": 133.5451529, "street_count": 3, "highway": null }, "geometry": { "type": "Point", "coordinates": [ 133.5451529, 33.4953735 ] } },
{ "type": "Feature", "properties": { "osmid": 6295154894, "y": 33.4953101, "x": 133.5447929, "street_count": 1, "highway": null }, "geometry": { "type": "Point", "coordinates": [ 133.5447929, 33.4953101 ] } },
{ "type": "Feature", "properties": { "osmid": 6295154898, "y": 33.4951893, "x": 133.5450239, "street_count": 4, "highway": null }, "geometry": { "type": "Point", "coordinates": [ 133.5450239, 33.4951893 ] } },
{ "type": "Feature", "properties": { "osmid": 6295154903, "y": 33.4961762, "x": 133.5448668, "street_count": 1, "highway": null }, "geometry": { "type": "Point", "coordinates": [ 133.5448668, 33.4961762 ] } },
{ "type": "Feature", "properties": { "osmid": 6295154904, "y": 33.4949542, "x": 133.5448745, "street_count": 3, "highway": null }, "geometry": { "type": "Point", "coordinates": [ 133.5448745, 33.4949542 ] } },
{ "type": "Feature", "properties": { "osmid": 6295154911, "y": 33.4947203, "x": 133.5450055, "street_count": 3, "highway": null }, "geometry": { "type": "Point", "coordinates": [ 133.5450055, 33.4947203 ] } },
{ "type": "Feature", "properties": { "osmid": 6295154914, "y": 33.4951065, "x": 133.5450258, "street_count": 3, "highway": null }, "geometry": { "type": "Point", "coordinates": [ 133.5450258, 33.4951065 ] } },
{ "type": "Feature", "properties": { "osmid": 6295154915, "y": 33.4957456, "x": 133.5447731, "street_count": 1, "highway": null }, "geometry": { "type": "Point", "coordinates": [ 133.544773099999986, 33.4957456 ] } },
{ "type": "Feature", "properties": { "osmid": 6295493947, "y": 33.4960762, "x": 133.5556389, "street_count": 1, "highway": null }, "geometry": { "type": "Point", "coordinates": [ 133.5556389, 33.4960762 ] } },
{ "type": "Feature", "properties": { "osmid": 6295493949, "y": 33.4963491, "x": 133.5565699, "street_count": 3, "highway": null }, "geometry": { "type": "Point", "coordinates": [ 133.5565699, 33.4963491 ] } },
{ "type": "Feature", "properties": { "osmid": 6303771989, "y": 33.4919344, "x": 133.5580898, "street_count": 4, "highway": null }, "geometry": { "type": "Point", "coordinates": [ 133.5580898, 33.4919344 ] } },
{ "type": "Feature", "properties": { "osmid": 6303771998, "y": 33.4916749, "x": 133.5582095, "street_count": 3, "highway": null }, "geometry": { "type": "Point", "coordinates": [ 133.5582095, 33.4916749 ] } },
{ "type": "Feature", "properties": { "osmid": 6303772008, "y": 33.493972, "x": 133.5574987, "street_count": 3, "highway": null }, "geometry": { "type": "Point", "coordinates": [ 133.5574987, 33.493972 ] } },
{ "type": "Feature", "properties": { "osmid": 6303772010, "y": 33.4942864, "x": 133.5574374, "street_count": 1, "highway": null }, "geometry": { "type": "Point", "coordinates": [ 133.5574374, 33.4942864 ] } },
{ "type": "Feature", "properties": { "osmid": 6303772016, "y": 33.4940012, "x": 133.5558415, "street_count": 1, "highway": null }, "geometry": { "type": "Point", "coordinates": [ 133.555841500000014, 33.4940012 ] } },
{ "type": "Feature", "properties": { "osmid": 6303772033, "y": 33.4948537, "x": 133.5568916, "street_count": 1, "highway": null }, "geometry": { "type": "Point", "coordinates": [ 133.5568916, 33.4948537 ] } },
{ "type": "Feature", "properties": { "osmid": 6303772041, "y": 33.49475, "x": 133.5557961, "street_count": 3, "highway": null }, "geometry": { "type": "Point", "coordinates": [ 133.5557961, 33.49475 ] } },
{ "type": "Feature", "properties": { "osmid": 6303772043, "y": 33.4945512, "x": 133.5555804, "street_count": 1, "highway": null }, "geometry": { "type": "Point", "coordinates": [ 133.5555804, 33.4945512 ] } },
{ "type": "Feature", "properties": { "osmid": 6303772044, "y": 33.4946554, "x": 133.5561191, "street_count": 3, "highway": null }, "geometry": { "type": "Point", "coordinates": [ 133.556119099999989, 33.4946554 ] } },
{ "type": "Feature", "properties": { "osmid": 6303772050, "y": 33.4943827, "x": 133.5556805, "street_count": 1, "highway": null }, "geometry": { "type": "Point", "coordinates": [ 133.5556805, 33.4943827 ] } },
{ "type": "Feature", "properties": { "osmid": 6303772053, "y": 33.4940843, "x": 133.5569006, "street_count": 3, "highway": null }, "geometry": { "type": "Point", "coordinates": [ 133.5569006, 33.4940843 ] } },
{ "type": "Feature", "properties": { "osmid": 6303772061, "y": 33.4941283, "x": 133.557464, "street_count": 3, "highway": null }, "geometry": { "type": "Point", "coordinates": [ 133.557464, 33.4941283 ] } },
{ "type": "Feature", "properties": { "osmid": 6303772062, "y": 33.4941401, "x": 133.5570889, "street_count": 3, "highway": null }, "geometry": { "type": "Point", "coordinates": [ 133.5570889, 33.4941401 ] } },
{ "type": "Feature", "properties": { "osmid": 6303772063, "y": 33.4942653, "x": 133.5569873, "street_count": 3, "highway": null }, "geometry": { "type": "Point", "coordinates": [ 133.5569873, 33.4942653 ] } },
{ "type": "Feature", "properties": { "osmid": 6303772065, "y": 33.4942866, "x": 133.5569169, "street_count": 1, "highway": null }, "geometry": { "type": "Point", "coordinates": [ 133.5569169, 33.4942866 ] } },
{ "type": "Feature", "properties": { "osmid": 6303772068, "y": 33.4945338, "x": 133.5573065, "street_count": 1, "highway": null }, "geometry": { "type": "Point", "coordinates": [ 133.55730650000001, 33.4945338 ] } },
{ "type": "Feature", "properties": { "osmid": 6303772069, "y": 33.4940548, "x": 133.5581288, "street_count": 3, "highway": null }, "geometry": { "type": "Point", "coordinates": [ 133.5581288, 33.4940548 ] } },
{ "type": "Feature", "properties": { "osmid": 6303772249, "y": 33.4940735, "x": 133.5582404, "street_count": 3, "highway": null }, "geometry": { "type": "Point", "coordinates": [ 133.558240399999988, 33.4940735 ] } },
{ "type": "Feature", "properties": { "osmid": 6303772251, "y": 33.4937487, "x": 133.5582405, "street_count": 1, "highway": null }, "geometry": { "type": "Point", "coordinates": [ 133.558240500000011, 33.4937487 ] } },
{ "type": "Feature", "properties": { "osmid": 6303772252, "y": 33.4940432, "x": 133.558022, "street_count": 3, "highway": null }, "geometry": { "type": "Point", "coordinates": [ 133.558022, 33.4940432 ] } },
{ "type": "Feature", "properties": { "osmid": 6303772259, "y": 33.4938471, "x": 133.5580839, "street_count": 1, "highway": null }, "geometry": { "type": "Point", "coordinates": [ 133.558083900000014, 33.4938471 ] } },
{ "type": "Feature", "properties": { "osmid": 6303772260, "y": 33.4940126, "x": 133.5578047, "street_count": 4, "highway": null }, "geometry": { "type": "Point", "coordinates": [ 133.5578047, 33.4940126 ] } },
{ "type": "Feature", "properties": { "osmid": 6303772266, "y": 33.4942254, "x": 133.557678, "street_count": 1, "highway": null }, "geometry": { "type": "Point", "coordinates": [ 133.557678, 33.4942254 ] } },
{ "type": "Feature", "properties": { "osmid": 6303772268, "y": 33.4937098, "x": 133.5574286, "street_count": 3, "highway": null }, "geometry": { "type": "Point", "coordinates": [ 133.5574286, 33.4937098 ] } },
{ "type": "Feature", "properties": { "osmid": 6303772270, "y": 33.4939553, "x": 133.5573876, "street_count": 3, "highway": null }, "geometry": { "type": "Point", "coordinates": [ 133.5573876, 33.4939553 ] } },
{ "type": "Feature", "properties": { "osmid": 6303772273, "y": 33.4934838, "x": 133.5577448, "street_count": 3, "highway": null }, "geometry": { "type": "Point", "coordinates": [ 133.5577448, 33.4934838 ] } },
{ "type": "Feature", "properties": { "osmid": 6303772280, "y": 33.4938608, "x": 133.5577678, "street_count": 3, "highway": null }, "geometry": { "type": "Point", "coordinates": [ 133.5577678, 33.4938608 ] } },
{ "type": "Feature", "properties": { "osmid": 6303772284, "y": 33.4936269, "x": 133.5578544, "street_count": 3, "highway": null }, "geometry": { "type": "Point", "coordinates": [ 133.5578544, 33.4936269 ] } },
{ "type": "Feature", "properties": { "osmid": 6303772285, "y": 33.4940129, "x": 133.5564495, "street_count": 3, "highway": null }, "geometry": { "type": "Point", "coordinates": [ 133.556449500000014, 33.4940129 ] } },
{ "type": "Feature", "properties": { "osmid": 6303772288, "y": 33.4944463, "x": 133.5563898, "street_count": 3, "highway": null }, "geometry": { "type": "Point", "coordinates": [ 133.5563898, 33.4944463 ] } },
{ "type": "Feature", "properties": { "osmid": 6303772290, "y": 33.4940355, "x": 133.5565704, "street_count": 3, "highway": null }, "geometry": { "type": "Point", "coordinates": [ 133.5565704, 33.4940355 ] } },
{ "type": "Feature", "properties": { "osmid": 6303772291, "y": 33.4937861, "x": 133.556655, "street_count": 1, "highway": null }, "geometry": { "type": "Point", "coordinates": [ 133.556655, 33.4937861 ] } },
{ "type": "Feature", "properties": { "osmid": 6303772292, "y": 33.4930075, "x": 133.5567359, "street_count": 4, "highway": null }, "geometry": { "type": "Point", "coordinates": [ 133.5567359, 33.4930075 ] } },
{ "type": "Feature", "properties": { "osmid": 6303772294, "y": 33.4935433, "x": 133.5565535, "street_count": 3, "highway": null }, "geometry": { "type": "Point", "coordinates": [ 133.5565535, 33.4935433 ] } },
{ "type": "Feature", "properties": { "osmid": 6303772296, "y": 33.4937569, "x": 133.5564974, "street_count": 1, "highway": null }, "geometry": { "type": "Point", "coordinates": [ 133.556497400000012, 33.4937569 ] } },
{ "type": "Feature", "properties": { "osmid": 6303772299, "y": 33.4929641, "x": 133.5565658, "street_count": 3, "highway": null }, "geometry": { "type": "Point", "coordinates": [ 133.556565799999987, 33.4929641 ] } },
{ "type": "Feature", "properties": { "osmid": 6303772306, "y": 33.4923899, "x": 133.5567207, "street_count": 1, "highway": null }, "geometry": { "type": "Point", "coordinates": [ 133.5567207, 33.4923899 ] } },
{ "type": "Feature", "properties": { "osmid": 6303772318, "y": 33.4925359, "x": 133.5601364, "street_count": 3, "highway": null }, "geometry": { "type": "Point", "coordinates": [ 133.5601364, 33.4925359 ] } },
{ "type": "Feature", "properties": { "osmid": 6303772566, "y": 33.494096, "x": 133.563552, "street_count": 3, "highway": null }, "geometry": { "type": "Point", "coordinates": [ 133.563552, 33.494096 ] } },
{ "type": "Feature", "properties": { "osmid": 6303772572, "y": 33.493434, "x": 133.5635659, "street_count": 3, "highway": null }, "geometry": { "type": "Point", "coordinates": [ 133.563565899999986, 33.493434 ] } },
{ "type": "Feature", "properties": { "osmid": 6303772573, "y": 33.4941132, "x": 133.5630889, "street_count": 3, "highway": null }, "geometry": { "type": "Point", "coordinates": [ 133.5630889, 33.4941132 ] } },
{ "type": "Feature", "properties": { "osmid": 6303772576, "y": 33.4933572, "x": 133.5632855, "street_count": 3, "highway": null }, "geometry": { "type": "Point", "coordinates": [ 133.5632855, 33.4933572 ] } },
{ "type": "Feature", "properties": { "osmid": 6303772577, "y": 33.4935825, "x": 133.5641447, "street_count": 3, "highway": null }, "geometry": { "type": "Point", "coordinates": [ 133.564144700000014, 33.4935825 ] } },
{ "type": "Feature", "properties": { "osmid": 6303772584, "y": 33.4931106, "x": 133.5624286, "street_count": 4, "highway": null }, "geometry": { "type": "Point", "coordinates": [ 133.5624286, 33.4931106 ] } },
{ "type": "Feature", "properties": { "osmid": 6303772589, "y": 33.4929481, "x": 133.5618004, "street_count": 4, "highway": null }, "geometry": { "type": "Point", "coordinates": [ 133.56180040000001, 33.4929481 ] } },
{ "type": "Feature", "properties": { "osmid": 6303772590, "y": 33.4929117, "x": 133.5616028, "street_count": 4, "highway": null }, "geometry": { "type": "Point", "coordinates": [ 133.5616028, 33.4929117 ] } },
{ "type": "Feature", "properties": { "osmid": 6303772591, "y": 33.4927523, "x": 133.5617305, "street_count": 3, "highway": null }, "geometry": { "type": "Point", "coordinates": [ 133.56173050000001, 33.4927523 ] } },
{ "type": "Feature", "properties": { "osmid": 6303772592, "y": 33.4928564, "x": 133.5618407, "street_count": 4, "highway": null }, "geometry": { "type": "Point", "coordinates": [ 133.5618407, 33.4928564 ] } },
{ "type": "Feature", "properties": { "osmid": 6303772595, "y": 33.4927103, "x": 133.5620345, "street_count": 1, "highway": null }, "geometry": { "type": "Point", "coordinates": [ 133.56203450000001, 33.4927103 ] } },
{ "type": "Feature", "properties": { "osmid": 6303772600, "y": 33.4931471, "x": 133.5606901, "street_count": 3, "highway": null }, "geometry": { "type": "Point", "coordinates": [ 133.560690099999988, 33.4931471 ] } },
{ "type": "Feature", "properties": { "osmid": 6303772601, "y": 33.4930674, "x": 133.5603704, "street_count": 1, "highway": null }, "geometry": { "type": "Point", "coordinates": [ 133.560370400000011, 33.4930674 ] } },
{ "type": "Feature", "properties": { "osmid": 6303772602, "y": 33.493628, "x": 133.5600637, "street_count": 3, "highway": null }, "geometry": { "type": "Point", "coordinates": [ 133.5600637, 33.493628 ] } },
{ "type": "Feature", "properties": { "osmid": 6303772605, "y": 33.4930224, "x": 133.5602056, "street_count": 1, "highway": null }, "geometry": { "type": "Point", "coordinates": [ 133.560205599999989, 33.4930224 ] } },
{ "type": "Feature", "properties": { "osmid": 6303772606, "y": 33.4935437, "x": 133.5595999, "street_count": 3, "highway": null }, "geometry": { "type": "Point", "coordinates": [ 133.5595999, 33.4935437 ] } },
{ "type": "Feature", "properties": { "osmid": 6303772614, "y": 33.4924383, "x": 133.5598426, "street_count": 3, "highway": null }, "geometry": { "type": "Point", "coordinates": [ 133.5598426, 33.4924383 ] } },
{ "type": "Feature", "properties": { "osmid": 6303772618, "y": 33.4923056, "x": 133.5602172, "street_count": 3, "highway": null }, "geometry": { "type": "Point", "coordinates": [ 133.560217200000011, 33.4923056 ] } },
{ "type": "Feature", "properties": { "osmid": 6303772621, "y": 33.4925907, "x": 133.560237, "street_count": 3, "highway": null }, "geometry": { "type": "Point", "coordinates": [ 133.560237, 33.4925907 ] } },
{ "type": "Feature", "properties": { "osmid": 6303772624, "y": 33.4929257, "x": 133.5600272, "street_count": 1, "highway": null }, "geometry": { "type": "Point", "coordinates": [ 133.5600272, 33.4929257 ] } },
{ "type": "Feature", "properties": { "osmid": 6303772627, "y": 33.4928116, "x": 133.5612101, "street_count": 3, "highway": null }, "geometry": { "type": "Point", "coordinates": [ 133.561210100000011, 33.4928116 ] } },
{ "type": "Feature", "properties": { "osmid": 6310054014, "y": 33.4946752, "x": 133.5615942, "street_count": 4, "highway": null }, "geometry": { "type": "Point", "coordinates": [ 133.5615942, 33.4946752 ] } },
{ "type": "Feature", "properties": { "osmid": 6310054018, "y": 33.4944116, "x": 133.5614048, "street_count": 4, "highway": null }, "geometry": { "type": "Point", "coordinates": [ 133.5614048, 33.4944116 ] } },
{ "type": "Feature", "properties": { "osmid": 6310054020, "y": 33.4938771, "x": 133.5614809, "street_count": 4, "highway": null }, "geometry": { "type": "Point", "coordinates": [ 133.5614809, 33.4938771 ] } },
{ "type": "Feature", "properties": { "osmid": 6310054021, "y": 33.4944412, "x": 133.5617044, "street_count": 4, "highway": null }, "geometry": { "type": "Point", "coordinates": [ 133.5617044, 33.4944412 ] } },
{ "type": "Feature", "properties": { "osmid": 6310054040, "y": 33.4951245, "x": 133.5607615, "street_count": 3, "highway": null }, "geometry": { "type": "Point", "coordinates": [ 133.560761500000012, 33.4951245 ] } },
{ "type": "Feature", "properties": { "osmid": 6310054046, "y": 33.4942674, "x": 133.5644948, "street_count": 3, "highway": null }, "geometry": { "type": "Point", "coordinates": [ 133.5644948, 33.4942674 ] } },
{ "type": "Feature", "properties": { "osmid": 6310054047, "y": 33.4940327, "x": 133.5645411, "street_count": 1, "highway": null }, "geometry": { "type": "Point", "coordinates": [ 133.564541100000014, 33.4940327 ] } },
{ "type": "Feature", "properties": { "osmid": 6310054050, "y": 33.4939637, "x": 133.5621919, "street_count": 4, "highway": null }, "geometry": { "type": "Point", "coordinates": [ 133.562191899999988, 33.4939637 ] } },
{ "type": "Feature", "properties": { "osmid": 6310054052, "y": 33.4940943, "x": 133.5630218, "street_count": 3, "highway": null }, "geometry": { "type": "Point", "coordinates": [ 133.5630218, 33.4940943 ] } },
{ "type": "Feature", "properties": { "osmid": 6310054056, "y": 33.4939285, "x": 133.5618045, "street_count": 3, "highway": null }, "geometry": { "type": "Point", "coordinates": [ 133.5618045, 33.4939285 ] } },
{ "type": "Feature", "properties": { "osmid": 6310054067, "y": 33.4950442, "x": 133.5611601, "street_count": 3, "highway": null }, "geometry": { "type": "Point", "coordinates": [ 133.5611601, 33.4950442 ] } },
{ "type": "Feature", "properties": { "osmid": 6310054073, "y": 33.4949925, "x": 133.5596132, "street_count": 3, "highway": null }, "geometry": { "type": "Point", "coordinates": [ 133.5596132, 33.4949925 ] } },
{ "type": "Feature", "properties": { "osmid": 6310054080, "y": 33.4949486, "x": 133.5594183, "street_count": 1, "highway": null }, "geometry": { "type": "Point", "coordinates": [ 133.5594183, 33.4949486 ] } },
{ "type": "Feature", "properties": { "osmid": 6310054084, "y": 33.4943543, "x": 133.5597684, "street_count": 3, "highway": null }, "geometry": { "type": "Point", "coordinates": [ 133.5597684, 33.4943543 ] } },
{ "type": "Feature", "properties": { "osmid": 6310054185, "y": 33.494338, "x": 133.5596647, "street_count": 3, "highway": null }, "geometry": { "type": "Point", "coordinates": [ 133.559664700000013, 33.494338 ] } },
{ "type": "Feature", "properties": { "osmid": 6310054186, "y": 33.493587, "x": 133.5598384, "street_count": 3, "highway": null }, "geometry": { "type": "Point", "coordinates": [ 133.5598384, 33.493587 ] } },
{ "type": "Feature", "properties": { "osmid": 6310054187, "y": 33.4934274, "x": 133.5590203, "street_count": 3, "highway": null }, "geometry": { "type": "Point", "coordinates": [ 133.559020299999986, 33.4934274 ] } },
{ "type": "Feature", "properties": { "osmid": 6310054189, "y": 33.4936773, "x": 133.5589522, "street_count": 3, "highway": null }, "geometry": { "type": "Point", "coordinates": [ 133.5589522, 33.4936773 ] } },
{ "type": "Feature", "properties": { "osmid": 6310054191, "y": 33.494209, "x": 133.5588472, "street_count": 3, "highway": null }, "geometry": { "type": "Point", "coordinates": [ 133.5588472, 33.494209 ] } },
{ "type": "Feature", "properties": { "osmid": 6310054199, "y": 33.4939687, "x": 133.5597501, "street_count": 4, "highway": null }, "geometry": { "type": "Point", "coordinates": [ 133.5597501, 33.4939687 ] } },
{ "type": "Feature", "properties": { "osmid": 6310054200, "y": 33.494038, "x": 133.560269, "street_count": 3, "highway": null }, "geometry": { "type": "Point", "coordinates": [ 133.560269, 33.494038 ] } },
{ "type": "Feature", "properties": { "osmid": 6310054203, "y": 33.4942194, "x": 133.5602419, "street_count": 3, "highway": null }, "geometry": { "type": "Point", "coordinates": [ 133.5602419, 33.4942194 ] } },
{ "type": "Feature", "properties": { "osmid": 6310054205, "y": 33.49443, "x": 133.560184, "street_count": 3, "highway": null }, "geometry": { "type": "Point", "coordinates": [ 133.560184, 33.49443 ] } },
{ "type": "Feature", "properties": { "osmid": 6310054206, "y": 33.4944663, "x": 133.5603751, "street_count": 3, "highway": null }, "geometry": { "type": "Point", "coordinates": [ 133.560375099999987, 33.4944663 ] } },
{ "type": "Feature", "properties": { "osmid": 6310054208, "y": 33.4937626, "x": 133.5608198, "street_count": 3, "highway": null }, "geometry": { "type": "Point", "coordinates": [ 133.5608198, 33.4937626 ] } },
{ "type": "Feature", "properties": { "osmid": 6310054209, "y": 33.4942599, "x": 133.5607198, "street_count": 3, "highway": null }, "geometry": { "type": "Point", "coordinates": [ 133.560719799999987, 33.4942599 ] } },
{ "type": "Feature", "properties": { "osmid": 6310054211, "y": 33.4942441, "x": 133.5604005, "street_count": 4, "highway": null }, "geometry": { "type": "Point", "coordinates": [ 133.560400499999986, 33.4942441 ] } },
{ "type": "Feature", "properties": { "osmid": 6310054215, "y": 33.4943904, "x": 133.560956, "street_count": 3, "highway": null }, "geometry": { "type": "Point", "coordinates": [ 133.560956, 33.4943904 ] } },
{ "type": "Feature", "properties": { "osmid": 6310054216, "y": 33.4938219, "x": 133.5611653, "street_count": 3, "highway": null }, "geometry": { "type": "Point", "coordinates": [ 133.5611653, 33.4938219 ] } },
{ "type": "Feature", "properties": { "osmid": 6310054221, "y": 33.4944012, "x": 133.5610972, "street_count": 3, "highway": null }, "geometry": { "type": "Point", "coordinates": [ 133.5610972, 33.4944012 ] } },
{ "type": "Feature", "properties": { "osmid": 6310054223, "y": 33.4943294, "x": 133.5617259, "street_count": 3, "highway": null }, "geometry": { "type": "Point", "coordinates": [ 133.5617259, 33.4943294 ] } },
{ "type": "Feature", "properties": { "osmid": 6310054224, "y": 33.4943554, "x": 133.5619573, "street_count": 1, "highway": null }, "geometry": { "type": "Point", "coordinates": [ 133.561957299999989, 33.4943554 ] } },
{ "type": "Feature", "properties": { "osmid": 6310054225, "y": 33.4942091, "x": 133.5614344, "street_count": 3, "highway": null }, "geometry": { "type": "Point", "coordinates": [ 133.5614344, 33.4942091 ] } },
{ "type": "Feature", "properties": { "osmid": 6310054227, "y": 33.4942325, "x": 133.5613109, "street_count": 1, "highway": null }, "geometry": { "type": "Point", "coordinates": [ 133.5613109, 33.4942325 ] } },
{ "type": "Feature", "properties": { "osmid": 6310054230, "y": 33.493777, "x": 133.5608978, "street_count": 3, "highway": null }, "geometry": { "type": "Point", "coordinates": [ 133.5608978, 33.493777 ] } },
{ "type": "Feature", "properties": { "osmid": 6310054235, "y": 33.4938336, "x": 133.561235, "street_count": 3, "highway": null }, "geometry": { "type": "Point", "coordinates": [ 133.561235, 33.4938336 ] } },
{ "type": "Feature", "properties": { "osmid": 6310055102, "y": 33.4923963, "x": 133.5578543, "street_count": 3, "highway": null }, "geometry": { "type": "Point", "coordinates": [ 133.5578543, 33.4923963 ] } },
{ "type": "Feature", "properties": { "osmid": 6310055103, "y": 33.4923333, "x": 133.557553, "street_count": 1, "highway": null }, "geometry": { "type": "Point", "coordinates": [ 133.557553, 33.4923333 ] } },
{ "type": "Feature", "properties": { "osmid": 6718716804, "y": 33.4981035, "x": 133.5485826, "street_count": 1, "highway": null }, "geometry": { "type": "Point", "coordinates": [ 133.5485826, 33.4981035 ] } },
{ "type": "Feature", "properties": { "osmid": 6718716805, "y": 33.4979264, "x": 133.5486144, "street_count": 1, "highway": null }, "geometry": { "type": "Point", "coordinates": [ 133.5486144, 33.4979264 ] } },
{ "type": "Feature", "properties": { "osmid": 6718716806, "y": 33.4978799, "x": 133.5488633, "street_count": 3, "highway": null }, "geometry": { "type": "Point", "coordinates": [ 133.5488633, 33.4978799 ] } },
{ "type": "Feature", "properties": { "osmid": 6718716807, "y": 33.497767, "x": 133.5486003, "street_count": 1, "highway": null }, "geometry": { "type": "Point", "coordinates": [ 133.5486003, 33.497767 ] } },
{ "type": "Feature", "properties": { "osmid": 6718716808, "y": 33.4977233, "x": 133.5488302, "street_count": 3, "highway": null }, "geometry": { "type": "Point", "coordinates": [ 133.5488302, 33.4977233 ] } },
{ "type": "Feature", "properties": { "osmid": 6878715992, "y": 33.4970776, "x": 133.552378, "street_count": 1, "highway": null }, "geometry": { "type": "Point", "coordinates": [ 133.552378, 33.4970776 ] } },
{ "type": "Feature", "properties": { "osmid": 6878715993, "y": 33.4977774, "x": 133.5500435, "street_count": 3, "highway": null }, "geometry": { "type": "Point", "coordinates": [ 133.550043499999987, 33.4977774 ] } },
{ "type": "Feature", "properties": { "osmid": 6878716001, "y": 33.4970165, "x": 133.5517397, "street_count": 3, "highway": null }, "geometry": { "type": "Point", "coordinates": [ 133.551739700000013, 33.4970165 ] } },
{ "type": "Feature", "properties": { "osmid": 6878716004, "y": 33.4966138, "x": 133.5528162, "street_count": 3, "highway": null }, "geometry": { "type": "Point", "coordinates": [ 133.5528162, 33.4966138 ] } },
{ "type": "Feature", "properties": { "osmid": 6878716005, "y": 33.496686, "x": 133.5515995, "street_count": 1, "highway": null }, "geometry": { "type": "Point", "coordinates": [ 133.5515995, 33.496686 ] } },
{ "type": "Feature", "properties": { "osmid": 6878716022, "y": 33.4974617, "x": 133.5489579, "street_count": 3, "highway": null }, "geometry": { "type": "Point", "coordinates": [ 133.5489579, 33.4974617 ] } },
{ "type": "Feature", "properties": { "osmid": 6878716024, "y": 33.4979871, "x": 133.5491542, "street_count": 1, "highway": null }, "geometry": { "type": "Point", "coordinates": [ 133.5491542, 33.4979871 ] } },
{ "type": "Feature", "properties": { "osmid": 6878716030, "y": 33.4955059, "x": 133.5648292, "street_count": 3, "highway": null }, "geometry": { "type": "Point", "coordinates": [ 133.5648292, 33.4955059 ] } },
{ "type": "Feature", "properties": { "osmid": 6878716036, "y": 33.4950069, "x": 133.5655753, "street_count": 1, "highway": null }, "geometry": { "type": "Point", "coordinates": [ 133.5655753, 33.4950069 ] } },
{ "type": "Feature", "properties": { "osmid": 9801818785, "y": 33.4998686, "x": 133.5515644, "street_count": 3, "highway": null }, "geometry": { "type": "Point", "coordinates": [ 133.5515644, 33.4998686 ] } },
{ "type": "Feature", "properties": { "osmid": 9801818789, "y": 33.4994853, "x": 133.5514304, "street_count": 3, "highway": null }, "geometry": { "type": "Point", "coordinates": [ 133.551430399999987, 33.4994853 ] } },
{ "type": "Feature", "properties": { "osmid": 9801818794, "y": 33.4999034, "x": 133.5513435, "street_count": 3, "highway": null }, "geometry": { "type": "Point", "coordinates": [ 133.5513435, 33.4999034 ] } },
{ "type": "Feature", "properties": { "osmid": 9801818797, "y": 33.4992682, "x": 133.5512316, "street_count": 3, "highway": null }, "geometry": { "type": "Point", "coordinates": [ 133.5512316, 33.4992682 ] } },
{ "type": "Feature", "properties": { "osmid": 9801862028, "y": 33.499489, "x": 133.551479, "street_count": 4, "highway": null }, "geometry": { "type": "Point", "coordinates": [ 133.551479, 33.499489 ] } },
{ "type": "Feature", "properties": { "osmid": 9935063178, "y": 33.5002064, "x": 133.5488882, "street_count": 3, "highway": null }, "geometry": { "type": "Point", "coordinates": [ 133.5488882, 33.5002064 ] } },
{ "type": "Feature", "properties": { "osmid": 9935063181, "y": 33.4997673, "x": 133.548784, "street_count": 4, "highway": null }, "geometry": { "type": "Point", "coordinates": [ 133.548784, 33.4997673 ] } },
{ "type": "Feature", "properties": { "osmid": 9935063186, "y": 33.4992095, "x": 133.5485947, "street_count": 3, "highway": null }, "geometry": { "type": "Point", "coordinates": [ 133.5485947, 33.4992095 ] } },
{ "type": "Feature", "properties": { "osmid": 9935063191, "y": 33.4992893, "x": 133.5475466, "street_count": 3, "highway": null }, "geometry": { "type": "Point", "coordinates": [ 133.5475466, 33.4992893 ] } },
{ "type": "Feature", "properties": { "osmid": 9935063192, "y": 33.5002569, "x": 133.5473464, "street_count": 3, "highway": null }, "geometry": { "type": "Point", "coordinates": [ 133.5473464, 33.5002569 ] } },
{ "type": "Feature", "properties": { "osmid": 9935063198, "y": 33.4989774, "x": 133.5466883, "street_count": 3, "highway": null }, "geometry": { "type": "Point", "coordinates": [ 133.5466883, 33.4989774 ] } },
{ "type": "Feature", "properties": { "osmid": 9935063199, "y": 33.4988371, "x": 133.5475248, "street_count": 3, "highway": null }, "geometry": { "type": "Point", "coordinates": [ 133.5475248, 33.4988371 ] } },
{ "type": "Feature", "properties": { "osmid": 9935063203, "y": 33.4965484, "x": 133.5501046, "street_count": 3, "highway": null }, "geometry": { "type": "Point", "coordinates": [ 133.5501046, 33.4965484 ] } },
{ "type": "Feature", "properties": { "osmid": 9935063204, "y": 33.4965145, "x": 133.5496065, "street_count": 3, "highway": null }, "geometry": { "type": "Point", "coordinates": [ 133.54960650000001, 33.4965145 ] } },
{ "type": "Feature", "properties": { "osmid": 9935063206, "y": 33.4962517, "x": 133.5501607, "street_count": 3, "highway": null }, "geometry": { "type": "Point", "coordinates": [ 133.5501607, 33.4962517 ] } },
{ "type": "Feature", "properties": { "osmid": 9935063207, "y": 33.4945453, "x": 133.5499494, "street_count": 1, "highway": null }, "geometry": { "type": "Point", "coordinates": [ 133.5499494, 33.4945453 ] } },
{ "type": "Feature", "properties": { "osmid": 9935063210, "y": 33.4954764, "x": 133.5530087, "street_count": 3, "highway": null }, "geometry": { "type": "Point", "coordinates": [ 133.5530087, 33.4954764 ] } },
{ "type": "Feature", "properties": { "osmid": 9935063212, "y": 33.495324, "x": 133.5543175, "street_count": 1, "highway": null }, "geometry": { "type": "Point", "coordinates": [ 133.5543175, 33.495324 ] } },
{ "type": "Feature", "properties": { "osmid": 9935063213, "y": 33.4956969, "x": 133.5538886, "street_count": 1, "highway": null }, "geometry": { "type": "Point", "coordinates": [ 133.5538886, 33.4956969 ] } },
{ "type": "Feature", "properties": { "osmid": 9935063214, "y": 33.4956562, "x": 133.554161, "street_count": 1, "highway": null }, "geometry": { "type": "Point", "coordinates": [ 133.554161, 33.4956562 ] } },
{ "type": "Feature", "properties": { "osmid": 9935063215, "y": 33.4956713, "x": 133.5540698, "street_count": 3, "highway": null }, "geometry": { "type": "Point", "coordinates": [ 133.5540698, 33.4956713 ] } },
{ "type": "Feature", "properties": { "osmid": 9935063216, "y": 33.4953699, "x": 133.5540069, "street_count": 3, "highway": null }, "geometry": { "type": "Point", "coordinates": [ 133.5540069, 33.4953699 ] } },
{ "type": "Feature", "properties": { "osmid": 9935108917, "y": 33.4958512, "x": 133.5544781, "street_count": 1, "highway": null }, "geometry": { "type": "Point", "coordinates": [ 133.554478100000011, 33.4958512 ] } },
{ "type": "Feature", "properties": { "osmid": 9935108926, "y": 33.49534, "x": 133.5549593, "street_count": 3, "highway": null }, "geometry": { "type": "Point", "coordinates": [ 133.5549593, 33.49534 ] } },
{ "type": "Feature", "properties": { "osmid": 9935108927, "y": 33.4953142, "x": 133.555721, "street_count": 3, "highway": null }, "geometry": { "type": "Point", "coordinates": [ 133.555721, 33.4953142 ] } },
{ "type": "Feature", "properties": { "osmid": 9935108929, "y": 33.4952967, "x": 133.5559257, "street_count": 1, "highway": null }, "geometry": { "type": "Point", "coordinates": [ 133.555925699999989, 33.4952967 ] } },
{ "type": "Feature", "properties": { "osmid": 9935108930, "y": 33.4955037, "x": 133.5557323, "street_count": 1, "highway": null }, "geometry": { "type": "Point", "coordinates": [ 133.555732299999988, 33.4955037 ] } },
{ "type": "Feature", "properties": { "osmid": 9935108932, "y": 33.49955, "x": 133.5444353, "street_count": 3, "highway": null }, "geometry": { "type": "Point", "coordinates": [ 133.5444353, 33.49955 ] } },
{ "type": "Feature", "properties": { "osmid": 10179631132, "y": 33.4899824, "x": 133.5525925, "street_count": 4, "highway": null }, "geometry": { "type": "Point", "coordinates": [ 133.5525925, 33.4899824 ] } },
{ "type": "Feature", "properties": { "osmid": 10179631140, "y": 33.4917406, "x": 133.5581826, "street_count": 4, "highway": null }, "geometry": { "type": "Point", "coordinates": [ 133.5581826, 33.4917406 ] } },
{ "type": "Feature", "properties": { "osmid": 10179631143, "y": 33.4919202, "x": 133.5585358, "street_count": 4, "highway": null }, "geometry": { "type": "Point", "coordinates": [ 133.558535799999987, 33.4919202 ] } },
{ "type": "Feature", "properties": { "osmid": 10179631148, "y": 33.4923609, "x": 133.5601933, "street_count": 4, "highway": null }, "geometry": { "type": "Point", "coordinates": [ 133.5601933, 33.4923609 ] } },
{ "type": "Feature", "properties": { "osmid": 10179631154, "y": 33.4928097, "x": 133.5617013, "street_count": 4, "highway": null }, "geometry": { "type": "Point", "coordinates": [ 133.56170130000001, 33.4928097 ] } },
{ "type": "Feature", "properties": { "osmid": 10179631157, "y": 33.4934915, "x": 133.5642241, "street_count": 4, "highway": null }, "geometry": { "type": "Point", "coordinates": [ 133.5642241, 33.4934915 ] } },
{ "type": "Feature", "properties": { "osmid": 10179631165, "y": 33.4944201, "x": 133.5675859, "street_count": 4, "highway": null }, "geometry": { "type": "Point", "coordinates": [ 133.567585900000012, 33.4944201 ] } },
{ "type": "Feature", "properties": { "osmid": 10180235167, "y": 33.4920002, "x": 133.5495198, "street_count": 3, "highway": null }, "geometry": { "type": "Point", "coordinates": [ 133.549519800000013, 33.4920002 ] } },
{ "type": "Feature", "properties": { "osmid": 10180235168, "y": 33.4912785, "x": 133.5497725, "street_count": 3, "highway": null }, "geometry": { "type": "Point", "coordinates": [ 133.549772499999989, 33.4912785 ] } },
{ "type": "Feature", "properties": { "osmid": 10180235169, "y": 33.4918191, "x": 133.5495871, "street_count": 3, "highway": null }, "geometry": { "type": "Point", "coordinates": [ 133.5495871, 33.4918191 ] } },
{ "type": "Feature", "properties": { "osmid": 10180235170, "y": 33.4917547, "x": 133.5493056, "street_count": 1, "highway": null }, "geometry": { "type": "Point", "coordinates": [ 133.5493056, 33.4917547 ] } },
{ "type": "Feature", "properties": { "osmid": 10180235172, "y": 33.4915567, "x": 133.5496802, "street_count": 3, "highway": null }, "geometry": { "type": "Point", "coordinates": [ 133.549680200000012, 33.4915567 ] } },
{ "type": "Feature", "properties": { "osmid": 10180235200, "y": 33.4965647, "x": 133.5479048, "street_count": 4, "highway": null }, "geometry": { "type": "Point", "coordinates": [ 133.5479048, 33.4965647 ] } },
{ "type": "Feature", "properties": { "osmid": 10180235201, "y": 33.4960876, "x": 133.5478419, "street_count": 3, "highway": null }, "geometry": { "type": "Point", "coordinates": [ 133.5478419, 33.4960876 ] } },
{ "type": "Feature", "properties": { "osmid": 10247222792, "y": 33.4918347, "x": 133.5577069, "street_count": 3, "highway": null }, "geometry": { "type": "Point", "coordinates": [ 133.5577069, 33.4918347 ] } },
{ "type": "Feature", "properties": { "osmid": 10247222797, "y": 33.4919741, "x": 133.5576479, "street_count": 3, "highway": null }, "geometry": { "type": "Point", "coordinates": [ 133.5576479, 33.4919741 ] } },
{ "type": "Feature", "properties": { "osmid": 10255230925, "y": 33.4916947, "x": 133.5572213, "street_count": 3, "highway": null }, "geometry": { "type": "Point", "coordinates": [ 133.5572213, 33.4916947 ] } },
{ "type": "Feature", "properties": { "osmid": 10255230928, "y": 33.4916259, "x": 133.5569827, "street_count": 3, "highway": null }, "geometry": { "type": "Point", "coordinates": [ 133.5569827, 33.4916259 ] } },
{ "type": "Feature", "properties": { "osmid": 10255230944, "y": 33.4901819, "x": 133.5525139, "street_count": 3, "highway": null }, "geometry": { "type": "Point", "coordinates": [ 133.5525139, 33.4901819 ] } },
{ "type": "Feature", "properties": { "osmid": 10255231855, "y": 33.4901822, "x": 133.5520685, "street_count": 3, "highway": null }, "geometry": { "type": "Point", "coordinates": [ 133.5520685, 33.4901822 ] } },
{ "type": "Feature", "properties": { "osmid": 10255231856, "y": 33.4902782, "x": 133.5515927, "street_count": 1, "highway": null }, "geometry": { "type": "Point", "coordinates": [ 133.551592699999986, 33.4902782 ] } },
{ "type": "Feature", "properties": { "osmid": 10255231873, "y": 33.490221, "x": 133.5521895, "street_count": 3, "highway": null }, "geometry": { "type": "Point", "coordinates": [ 133.5521895, 33.490221 ] } },
{ "type": "Feature", "properties": { "osmid": 10255231874, "y": 33.4901048, "x": 133.5522429, "street_count": 3, "highway": null }, "geometry": { "type": "Point", "coordinates": [ 133.55224290000001, 33.4901048 ] } },
{ "type": "Feature", "properties": { "osmid": 10255231908, "y": 33.4921132, "x": 133.5517317, "street_count": 3, "highway": null }, "geometry": { "type": "Point", "coordinates": [ 133.5517317, 33.4921132 ] } },
{ "type": "Feature", "properties": { "osmid": 10255231910, "y": 33.4926818, "x": 133.5518398, "street_count": 1, "highway": null }, "geometry": { "type": "Point", "coordinates": [ 133.55183980000001, 33.4926818 ] } },
{ "type": "Feature", "properties": { "osmid": 10255231916, "y": 33.4914917, "x": 133.5494058, "street_count": 1, "highway": null }, "geometry": { "type": "Point", "coordinates": [ 133.549405799999988, 33.4914917 ] } },
{ "type": "Feature", "properties": { "osmid": 10255231917, "y": 33.4917169, "x": 133.5493004, "street_count": 1, "highway": null }, "geometry": { "type": "Point", "coordinates": [ 133.5493004, 33.4917169 ] } },
{ "type": "Feature", "properties": { "osmid": 10255231919, "y": 33.4918026, "x": 133.5489785, "street_count": 3, "highway": null }, "geometry": { "type": "Point", "coordinates": [ 133.5489785, 33.4918026 ] } },
{ "type": "Feature", "properties": { "osmid": 10699710734, "y": 33.4973236, "x": 133.5496353, "street_count": 3, "highway": null }, "geometry": { "type": "Point", "coordinates": [ 133.5496353, 33.4973236 ] } },
{ "type": "Feature", "properties": { "osmid": 10948632340, "y": 33.4971965, "x": 133.5675703, "street_count": 1, "highway": null }, "geometry": { "type": "Point", "coordinates": [ 133.5675703, 33.4971965 ] } },
{ "type": "Feature", "properties": { "osmid": 10948632341, "y": 33.4971126, "x": 133.5674724, "street_count": 3, "highway": null }, "geometry": { "type": "Point", "coordinates": [ 133.567472400000014, 33.4971126 ] } },
{ "type": "Feature", "properties": { "osmid": 10948632398, "y": 33.4973245, "x": 133.5479432, "street_count": 1, "highway": null }, "geometry": { "type": "Point", "coordinates": [ 133.5479432, 33.4973245 ] } },
{ "type": "Feature", "properties": { "osmid": 10948632399, "y": 33.4973602, "x": 133.5476442, "street_count": 3, "highway": null }, "geometry": { "type": "Point", "coordinates": [ 133.5476442, 33.4973602 ] } },
{ "type": "Feature", "properties": { "osmid": 10948632402, "y": 33.4959355, "x": 133.5504645, "street_count": 1, "highway": null }, "geometry": { "type": "Point", "coordinates": [ 133.5504645, 33.4959355 ] } },
{ "type": "Feature", "properties": { "osmid": 10948632403, "y": 33.4962017, "x": 133.5511364, "street_count": 1, "highway": null }, "geometry": { "type": "Point", "coordinates": [ 133.5511364, 33.4962017 ] } },
{ "type": "Feature", "properties": { "osmid": 10948633207, "y": 33.4964837, "x": 133.551298, "street_count": 3, "highway": null }, "geometry": { "type": "Point", "coordinates": [ 133.551298, 33.4964837 ] } },
{ "type": "Feature", "properties": { "osmid": 10948633208, "y": 33.4966893, "x": 133.5495821, "street_count": 1, "highway": null }, "geometry": { "type": "Point", "coordinates": [ 133.5495821, 33.4966893 ] } },
{ "type": "Feature", "properties": { "osmid": 10948633209, "y": 33.4970326, "x": 133.551009, "street_count": 1, "highway": null }, "geometry": { "type": "Point", "coordinates": [ 133.551009, 33.4970326 ] } },
{ "type": "Feature", "properties": { "osmid": 10948633210, "y": 33.4971103, "x": 133.5507756, "street_count": 3, "highway": null }, "geometry": { "type": "Point", "coordinates": [ 133.5507756, 33.4971103 ] } },
{ "type": "Feature", "properties": { "osmid": 10948633213, "y": 33.499011, "x": 133.5496397, "street_count": 1, "highway": null }, "geometry": { "type": "Point", "coordinates": [ 133.5496397, 33.499011 ] } },
{ "type": "Feature", "properties": { "osmid": 10948633214, "y": 33.4989501, "x": 133.5499336, "street_count": 3, "highway": null }, "geometry": { "type": "Point", "coordinates": [ 133.5499336, 33.4989501 ] } },
{ "type": "Feature", "properties": { "osmid": 10948633255, "y": 33.4978009, "x": 133.5512249, "street_count": 1, "highway": null }, "geometry": { "type": "Point", "coordinates": [ 133.5512249, 33.4978009 ] } },
{ "type": "Feature", "properties": { "osmid": 10948633256, "y": 33.4981532, "x": 133.5508923, "street_count": 1, "highway": null }, "geometry": { "type": "Point", "coordinates": [ 133.550892299999987, 33.4981532 ] } },
{ "type": "Feature", "properties": { "osmid": 10948633257, "y": 33.4978982, "x": 133.5508293, "street_count": 3, "highway": null }, "geometry": { "type": "Point", "coordinates": [ 133.5508293, 33.4978982 ] } },
{ "type": "Feature", "properties": { "osmid": 10948633259, "y": 33.4977162, "x": 133.5507822, "street_count": 3, "highway": null }, "geometry": { "type": "Point", "coordinates": [ 133.550782199999986, 33.4977162 ] } },
{ "type": "Feature", "properties": { "osmid": 10948633260, "y": 33.4969593, "x": 133.548767, "street_count": 3, "highway": null }, "geometry": { "type": "Point", "coordinates": [ 133.548767, 33.4969593 ] } },
{ "type": "Feature", "properties": { "osmid": 10948633262, "y": 33.4971311, "x": 133.5499939, "street_count": 3, "highway": null }, "geometry": { "type": "Point", "coordinates": [ 133.5499939, 33.4971311 ] } },
{ "type": "Feature", "properties": { "osmid": 10948633264, "y": 33.497386, "x": 133.5508963, "street_count": 3, "highway": null }, "geometry": { "type": "Point", "coordinates": [ 133.5508963, 33.497386 ] } },
{ "type": "Feature", "properties": { "osmid": 10948633265, "y": 33.4975756, "x": 133.5509655, "street_count": 3, "highway": null }, "geometry": { "type": "Point", "coordinates": [ 133.5509655, 33.4975756 ] } },
{ "type": "Feature", "properties": { "osmid": 10948633266, "y": 33.4970673, "x": 133.5513362, "street_count": 1, "highway": null }, "geometry": { "type": "Point", "coordinates": [ 133.5513362, 33.4970673 ] } },
{ "type": "Feature", "properties": { "osmid": 10948633268, "y": 33.4971456, "x": 133.551473, "street_count": 3, "highway": null }, "geometry": { "type": "Point", "coordinates": [ 133.551473, 33.4971456 ] } },
{ "type": "Feature", "properties": { "osmid": 10948633270, "y": 33.4973523, "x": 133.5515156, "street_count": 3, "highway": null }, "geometry": { "type": "Point", "coordinates": [ 133.551515599999988, 33.4973523 ] } },
{ "type": "Feature", "properties": { "osmid": 11063288404, "y": 33.4966769, "x": 133.5582913, "street_count": 4, "highway": null }, "geometry": { "type": "Point", "coordinates": [ 133.5582913, 33.4966769 ] } },
{ "type": "Feature", "properties": { "osmid": 11063296205, "y": 33.4963839, "x": 133.5543633, "street_count": 1, "highway": null }, "geometry": { "type": "Point", "coordinates": [ 133.5543633, 33.4963839 ] } },
{ "type": "Feature", "properties": { "osmid": 12709155883, "y": 33.4925467, "x": 133.560993, "street_count": 3, "highway": null }, "geometry": { "type": "Point", "coordinates": [ 133.560993, 33.4925467 ] } },
{ "type": "Feature", "properties": { "osmid": 12709155884, "y": 33.4926011, "x": 133.5609627, "street_count": 4, "highway": null }, "geometry": { "type": "Point", "coordinates": [ 133.5609627, 33.4926011 ] } },
{ "type": "Feature", "properties": { "osmid": 12709155895, "y": 33.494297, "x": 133.5660889, "street_count": 1, "highway": null }, "geometry": { "type": "Point", "coordinates": [ 133.566088900000011, 33.494297 ] } },
{ "type": "Feature", "properties": { "osmid": 12709155897, "y": 33.4940763, "x": 133.5662668, "street_count": 3, "highway": null }, "geometry": { "type": "Point", "coordinates": [ 133.5662668, 33.4940763 ] } },
{ "type": "Feature", "properties": { "osmid": 12709933127, "y": 33.4930352, "x": 133.5624881, "street_count": 4, "highway": null }, "geometry": { "type": "Point", "coordinates": [ 133.5624881, 33.4930352 ] } },
{ "type": "Feature", "properties": { "osmid": 12709933128, "y": 33.4929702, "x": 133.5625311, "street_count": 3, "highway": null }, "geometry": { "type": "Point", "coordinates": [ 133.5625311, 33.4929702 ] } },
{ "type": "Feature", "properties": { "osmid": 12709933131, "y": 33.4951269, "x": 133.5626797, "street_count": 1, "highway": null }, "geometry": { "type": "Point", "coordinates": [ 133.5626797, 33.4951269 ] } },
{ "type": "Feature", "properties": { "osmid": 12709933134, "y": 33.4945889, "x": 133.5634498, "street_count": 3, "highway": null }, "geometry": { "type": "Point", "coordinates": [ 133.5634498, 33.4945889 ] } },
{ "type": "Feature", "properties": { "osmid": 12709933137, "y": 33.4950094, "x": 133.5630819, "street_count": 1, "highway": null }, "geometry": { "type": "Point", "coordinates": [ 133.563081899999986, 33.4950094 ] } },
{ "type": "Feature", "properties": { "osmid": 12709933162, "y": 33.4968372, "x": 133.5618517, "street_count": 3, "highway": null }, "geometry": { "type": "Point", "coordinates": [ 133.5618517, 33.4968372 ] } },
{ "type": "Feature", "properties": { "osmid": 12709983195, "y": 33.4964891, "x": 133.5663666, "street_count": 1, "highway": null }, "geometry": { "type": "Point", "coordinates": [ 133.5663666, 33.4964891 ] } },
{ "type": "Feature", "properties": { "osmid": 12709983196, "y": 33.4936796, "x": 133.5603473, "street_count": 3, "highway": null }, "geometry": { "type": "Point", "coordinates": [ 133.560347299999989, 33.4936796 ] } },
{ "type": "Feature", "properties": { "osmid": 12709993835, "y": 33.4951621, "x": 133.5585257, "street_count": 1, "highway": null }, "geometry": { "type": "Point", "coordinates": [ 133.5585257, 33.4951621 ] } },
{ "type": "Feature", "properties": { "osmid": 12709993839, "y": 33.494576, "x": 133.5560401, "street_count": 3, "highway": null }, "geometry": { "type": "Point", "coordinates": [ 133.5560401, 33.494576 ] } },
{ "type": "Feature", "properties": { "osmid": 12709993841, "y": 33.4944862, "x": 133.5561291, "street_count": 1, "highway": null }, "geometry": { "type": "Point", "coordinates": [ 133.5561291, 33.4944862 ] } },
{ "type": "Feature", "properties": { "osmid": 12709993883, "y": 33.4951164, "x": 133.5563989, "street_count": 3, "highway": null }, "geometry": { "type": "Point", "coordinates": [ 133.5563989, 33.4951164 ] } },
{ "type": "Feature", "properties": { "osmid": 12709993884, "y": 33.4951296, "x": 133.5562581, "street_count": 1, "highway": null }, "geometry": { "type": "Point", "coordinates": [ 133.5562581, 33.4951296 ] } },
{ "type": "Feature", "properties": { "osmid": 12710040445, "y": 33.4953511, "x": 133.5541344, "street_count": 3, "highway": null }, "geometry": { "type": "Point", "coordinates": [ 133.5541344, 33.4953511 ] } },
{ "type": "Feature", "properties": { "osmid": 12710040447, "y": 33.4952563, "x": 133.5539583, "street_count": 1, "highway": null }, "geometry": { "type": "Point", "coordinates": [ 133.5539583, 33.4952563 ] } },
{ "type": "Feature", "properties": { "osmid": 12710040482, "y": 33.4932218, "x": 133.5578643, "street_count": 3, "highway": null }, "geometry": { "type": "Point", "coordinates": [ 133.5578643, 33.4932218 ] } },
{ "type": "Feature", "properties": { "osmid": 12710040483, "y": 33.4929159, "x": 133.5579553, "street_count": 1, "highway": null }, "geometry": { "type": "Point", "coordinates": [ 133.5579553, 33.4929159 ] } }
]
}
