{
"type": "FeatureCollection",
"name": "Gedges",
"crs": { "type": "name", "properties": { "name": "urn:ogc:def:crs:OGC:1.3:CRS84" } },
"features": [
{ "type": "Feature", "properties": { "u": 262314447, "v": 1085591315, "key": 0, "osmid": "24226805", "lanes": "2", "ref": "34", "name": "県道34号線", "highway": "primary", "maxspeed": "50", "oneway": false, "reversed": "False", "length": 13.558, "bridge": null }, "geometry": { "type": "LineString", "coordinates": [ [ 133.548887900000011, 33.4887459 ], [ 133.5488324, 33.4888587 ] ] } },
{ "type": "Feature", "properties": { "u": 262314447, "v": 10179267605, "key": 0, "osmid": "35062133", "lanes": "2", "ref": "14", "name": "春野赤岡線", "highway": "primary", "maxspeed": "50", "oneway": false, "reversed": "True", "length": 504.781, "bridge": null }, "geometry": { "type": "LineString", "coordinates": [ [ 133.548887900000011, 33.4887459 ], [ 133.548714499999988, 33.4886898 ], [ 133.5469388, 33.488118 ], [ 133.5438269, 33.4871294 ], [ 133.543805099999986, 33.4871217 ] ] } },
{ "type": "Feature", "properties": { "u": 411228988, "v": 5487611919, "key": 0, "osmid": "61789382", "lanes": "2", "ref": "14", "name": "春野赤岡線", "highway": "primary", "maxspeed": "50", "oneway": false, "reversed": "True", "length": 17.788, "bridge": null }, "geometry": { "type": "LineString", "coordinates": [ [ 133.539159, 33.4855014 ], [ 133.5390806, 33.4856474 ] ] } },
{ "type": "Feature", "properties": { "u": 411228988, "v": 10179267612, "key": 0, "osmid": "35062133", "lanes": "2", "ref": "14", "name": "春野赤岡線", "highway": "primary", "maxspeed": "50", "oneway": false, "reversed": "False", "length": 50.835, "bridge": null }, "geometry": { "type": "LineString", "coordinates": [ [ 133.539159, 33.4855014 ], [ 133.539322700000014, 33.4855578 ], [ 133.5396651, 33.485677 ] ] } },
{ "type": "Feature", "properties": { "u": 411228988, "v": 1431444606, "key": 0, "osmid": "35062133", "lanes": "2", "ref": "14", "name": "春野赤岡線", "highway": "primary", "maxspeed": "50", "oneway": false, "reversed": "True", "length": 219.362, "bridge": null }, "geometry": { "type": "LineString", "coordinates": [ [ 133.539159, 33.4855014 ], [ 133.5389848, 33.4854422 ], [ 133.5383655, 33.4852357 ], [ 133.537526899999989, 33.4849769 ], [ 133.5371212, 33.4848435 ], [ 133.536960099999988, 33.4847765 ] ] } },
{ "type": "Feature", "properties": { "u": 564442848, "v": 1557771570, "key": 0, "osmid": "503134585", "lanes": null, "ref": null, "name": null, "highway": "unclassified", "maxspeed": null, "oneway": false, "reversed": "False", "length": 13.888, "bridge": null }, "geometry": { "type": "LineString", "coordinates": [ [ 133.539733500000011, 33.4928172 ], [ 133.5397209, 33.4928481 ], [ 133.539691299999987, 33.492937 ] ] } },
{ "type": "Feature", "properties": { "u": 564442848, "v": 564442850, "key": 0, "osmid": "734500737", "lanes": "2", "ref": null, "name": null, "highway": "unclassified", "maxspeed": null, "oneway": false, "reversed": "False", "length": 44.827, "bridge": null }, "geometry": { "type": "LineString", "coordinates": [ [ 133.539733500000011, 33.4928172 ], [ 133.5399783, 33.4928389 ], [ 133.5402124, 33.4928069 ] ] } },
{ "type": "Feature", "properties": { "u": 564442848, "v": 564465067, "key": 0, "osmid": "734500737", "lanes": "2", "ref": null, "name": null, "highway": "unclassified", "maxspeed": null, "oneway": false, "reversed": "True", "length": 34.086, "bridge": null }, "geometry": { "type": "LineString", "coordinates": [ [ 133.539733500000011, 33.4928172 ], [ 133.539455299999986, 33.4927421 ], [ 133.5393818, 33.492729 ] ] } },
{ "type": "Feature", "properties": { "u": 564442850, "v": 4934700712, "key": 0, "osmid": "573339044", "lanes": null, "ref": null, "name": null, "highway": "residential", "maxspeed": null, "oneway": false, "reversed": "False", "length": 31.457, "bridge": null }, "geometry": { "type": "LineString", "coordinates": [ [ 133.5402124, 33.4928069 ], [ 133.5401943, 33.4925244 ] ] } },
{ "type": "Feature", "properties": { "u": 564442850, "v": 564442852, "key": 0, "osmid": "734500737", "lanes": "2", "ref": null, "name": null, "highway": "unclassified", "maxspeed": null, "oneway": false, "reversed": "False", "length": 68.497, "bridge": null }, "geometry": { "type": "LineString", "coordinates": [ [ 133.5402124, 33.4928069 ], [ 133.540947100000011, 33.4927432 ] ] } },
{ "type": "Feature", "properties": { "u": 564442850, "v": 564442848, "key": 0, "osmid": "734500737", "lanes": "2", "ref": null, "name": null, "highway": "unclassified", "maxspeed": null, "oneway": false, "reversed": "True", "length": 44.827, "bridge": null }, "geometry": { "type": "LineString", "coordinates": [ [ 133.5402124, 33.4928069 ], [ 133.5399783, 33.4928389 ], [ 133.539733500000011, 33.4928172 ] ] } },
{ "type": "Feature", "properties": { "u": 564442852, "v": 1557771615, "key": 0, "osmid": "503134582", "lanes": null, "ref": null, "name": null, "highway": "unclassified", "maxspeed": null, "oneway": false, "reversed": "True", "length": 43.934, "bridge": null }, "geometry": { "type": "LineString", "coordinates": [ [ 133.540947100000011, 33.4927432 ], [ 133.5409712, 33.4931378 ] ] } },
{ "type": "Feature", "properties": { "u": 564442852, "v": 1557771528, "key": 0, "osmid": "734500737", "lanes": "2", "ref": null, "name": null, "highway": "unclassified", "maxspeed": null, "oneway": false, "reversed": "False", "length": 62.11, "bridge": null }, "geometry": { "type": "LineString", "coordinates": [ [ 133.540947100000011, 33.4927432 ], [ 133.5416148, 33.4927872 ] ] } },
{ "type": "Feature", "properties": { "u": 564442852, "v": 564442850, "key": 0, "osmid": "734500737", "lanes": "2", "ref": null, "name": null, "highway": "unclassified", "maxspeed": null, "oneway": false, "reversed": "True", "length": 68.497, "bridge": null }, "geometry": { "type": "LineString", "coordinates": [ [ 133.540947100000011, 33.4927432 ], [ 133.5402124, 33.4928069 ] ] } },
{ "type": "Feature", "properties": { "u": 564442852, "v": 1557771398, "key": 0, "osmid": "503134582", "lanes": null, "ref": null, "name": null, "highway": "unclassified", "maxspeed": null, "oneway": false, "reversed": "False", "length": 53.536, "bridge": null }, "geometry": { "type": "LineString", "coordinates": [ [ 133.540947100000011, 33.4927432 ], [ 133.5410057, 33.4923231 ], [ 133.5409874, 33.4922666 ] ] } },
{ "type": "Feature", "properties": { "u": 564442858, "v": 1557771586, "key": 0, "osmid": "44405096", "lanes": "2", "ref": null, "name": null, "highway": "unclassified", "maxspeed": null, "oneway": false, "reversed": "False", "length": 26.948, "bridge": null }, "geometry": { "type": "LineString", "coordinates": [ [ 133.542743300000012, 33.4929233 ], [ 133.5429852, 33.4930576 ] ] } },
{ "type": "Feature", "properties": { "u": 564442858, "v": 1431444911, "key": 0, "osmid": "44405096", "lanes": "2", "ref": null, "name": null, "highway": "unclassified", "maxspeed": null, "oneway": false, "reversed": "True", "length": 129.86, "bridge": null }, "geometry": { "type": "LineString", "coordinates": [ [ 133.542743300000012, 33.4929233 ], [ 133.5418856, 33.4922879 ], [ 133.541699599999987, 33.4921447 ] ] } },
{ "type": "Feature", "properties": { "u": 564442858, "v": 4934700677, "key": 0, "osmid": "734500737", "lanes": "2", "ref": null, "name": null, "highway": "unclassified", "maxspeed": null, "oneway": false, "reversed": "True", "length": 37.981, "bridge": null }, "geometry": { "type": "LineString", "coordinates": [ [ 133.542743300000012, 33.4929233 ], [ 133.5426261, 33.4929219 ], [ 133.5423357, 33.4928936 ] ] } },
{ "type": "Feature", "properties": { "u": 564465045, "v": 10179267615, "key": 0, "osmid": "44407520", "lanes": "2", "ref": null, "name": null, "highway": "tertiary", "maxspeed": null, "oneway": false, "reversed": "False", "length": 12.818, "bridge": null }, "geometry": { "type": "LineString", "coordinates": [ [ 133.5424438, 33.4866456 ], [ 133.5424092, 33.4867572 ] ] } },
{ "type": "Feature", "properties": { "u": 564465045, "v": 10179267605, "key": 0, "osmid": "35062133", "lanes": "2", "ref": "14", "name": "春野赤岡線", "highway": "primary", "maxspeed": "50", "oneway": false, "reversed": "False", "length": 136.907, "bridge": null }, "geometry": { "type": "LineString", "coordinates": [ [ 133.5424438, 33.4866456 ], [ 133.5425785, 33.4866875 ], [ 133.543805099999986, 33.4871217 ] ] } },
{ "type": "Feature", "properties": { "u": 564465045, "v": 10179267607, "key": 0, "osmid": "35062133", "lanes": "2", "ref": "14", "name": "春野赤岡線", "highway": "primary", "maxspeed": "50", "oneway": false, "reversed": "True", "length": 69.38, "bridge": null }, "geometry": { "type": "LineString", "coordinates": [ [ 133.5424438, 33.4866456 ], [ 133.5423319, 33.4866053 ], [ 133.541754, 33.4864041 ] ] } },
{ "type": "Feature", "properties": { "u": 564465050, "v": 4934701012, "key": 0, "osmid": "44407520", "lanes": "2", "ref": null, "name": null, "highway": "tertiary", "maxspeed": null, "oneway": false, "reversed": "False", "length": 45.432, "bridge": null }, "geometry": { "type": "LineString", "coordinates": [ [ 133.5421326, 33.4875612 ], [ 133.5419499, 33.4879403 ] ] } },
{ "type": "Feature", "properties": { "u": 564465050, "v": 1557770523, "key": 0, "osmid": "44407520", "lanes": "2", "ref": null, "name": null, "highway": "tertiary", "maxspeed": null, "oneway": false, "reversed": "True", "length": 63.506, "bridge": null }, "geometry": { "type": "LineString", "coordinates": [ [ 133.5421326, 33.4875612 ], [ 133.542320100000012, 33.4870119 ] ] } },
{ "type": "Feature", "properties": { "u": 564465050, "v": 1557770590, "key": 0, "osmid": "142326331", "lanes": null, "ref": null, "name": null, "highway": "unclassified", "maxspeed": null, "oneway": false, "reversed": "True", "length": 43.722, "bridge": null }, "geometry": { "type": "LineString", "coordinates": [ [ 133.5421326, 33.4875612 ], [ 133.5417046, 33.4873963 ] ] } },
{ "type": "Feature", "properties": { "u": 564465050, "v": 1557770618, "key": 0, "osmid": "142327016", "lanes": null, "ref": null, "name": null, "highway": "unclassified", "maxspeed": null, "oneway": false, "reversed": "False", "length": 37.026, "bridge": null }, "geometry": { "type": "LineString", "coordinates": [ [ 133.5421326, 33.4875612 ], [ 133.542512, 33.4876649 ] ] } },
{ "type": "Feature", "properties": { "u": 564465052, "v": 4934701025, "key": 0, "osmid": "44407520", "lanes": "2", "ref": null, "name": null, "highway": "tertiary", "maxspeed": null, "oneway": false, "reversed": "True", "length": 42.865, "bridge": null }, "geometry": { "type": "LineString", "coordinates": [ [ 133.5415237, 33.4888325 ], [ 133.5416927, 33.4884737 ] ] } },
{ "type": "Feature", "properties": { "u": 564465052, "v": 1557770840, "key": 0, "osmid": "142326536", "lanes": null, "ref": null, "name": null, "highway": "residential", "maxspeed": null, "oneway": false, "reversed": "True", "length": 75.567, "bridge": null }, "geometry": { "type": "LineString", "coordinates": [ [ 133.5415237, 33.4888325 ], [ 133.5422686, 33.489108 ] ] } },
{ "type": "Feature", "properties": { "u": 564465052, "v": 1431444704, "key": 0, "osmid": "44407520", "lanes": "2", "ref": null, "name": null, "highway": "tertiary", "maxspeed": null, "oneway": false, "reversed": "False", "length": 44.017, "bridge": null }, "geometry": { "type": "LineString", "coordinates": [ [ 133.5415237, 33.4888325 ], [ 133.5413737, 33.489138 ], [ 133.5413426, 33.4891984 ] ] } },
{ "type": "Feature", "properties": { "u": 564465059, "v": 5506896794, "key": 0, "osmid": "129899437", "lanes": "2", "ref": null, "name": null, "highway": "tertiary", "maxspeed": null, "oneway": false, "reversed": "False", "length": 20.924, "bridge": null }, "geometry": { "type": "LineString", "coordinates": [ [ 133.540879600000011, 33.489835 ], [ 133.540763, 33.4899961 ] ] } },
{ "type": "Feature", "properties": { "u": 564465059, "v": 4934700850, "key": 0, "osmid": "503134595", "lanes": null, "ref": null, "name": null, "highway": "residential", "maxspeed": null, "oneway": false, "reversed": "True", "length": 46.459, "bridge": null }, "geometry": { "type": "LineString", "coordinates": [ [ 133.540879600000011, 33.489835 ], [ 133.540446, 33.4896257 ] ] } },
{ "type": "Feature", "properties": { "u": 564465059, "v": 1431444704, "key": 0, "osmid": "129899437", "lanes": "2", "ref": null, "name": null, "highway": "tertiary", "maxspeed": null, "oneway": false, "reversed": "True", "length": 82.792, "bridge": null }, "geometry": { "type": "LineString", "coordinates": [ [ 133.540879600000011, 33.489835 ], [ 133.541282700000011, 33.4892783 ], [ 133.5413426, 33.4891984 ] ] } },
{ "type": "Feature", "properties": { "u": 564465061, "v": 5506896794, "key": 0, "osmid": "129899437", "lanes": "2", "ref": null, "name": null, "highway": "tertiary", "maxspeed": null, "oneway": false, "reversed": "True", "length": 55.72, "bridge": null }, "geometry": { "type": "LineString", "coordinates": [ [ 133.5404038, 33.4903978 ], [ 133.540763, 33.4899961 ] ] } },
{ "type": "Feature", "properties": { "u": 564465061, "v": 4934700849, "key": 0, "osmid": "503134592", "lanes": null, "ref": null, "name": null, "highway": "residential", "maxspeed": null, "oneway": false, "reversed": "False", "length": 32.315, "bridge": null }, "geometry": { "type": "LineString", "coordinates": [ [ 133.5404038, 33.4903978 ], [ 133.5401018, 33.4902528 ] ] } },
{ "type": "Feature", "properties": { "u": 564465061, "v": 4934700832, "key": 0, "osmid": "503134592", "lanes": null, "ref": null, "name": null, "highway": "residential", "maxspeed": null, "oneway": false, "reversed": "True", "length": 46.651, "bridge": null }, "geometry": { "type": "LineString", "coordinates": [ [ 133.5404038, 33.4903978 ], [ 133.5408457, 33.4905983 ] ] } },
{ "type": "Feature", "properties": { "u": 564465061, "v": 564465065, "key": 0, "osmid": "129899437", "lanes": "2", "ref": null, "name": null, "highway": "tertiary", "maxspeed": null, "oneway": false, "reversed": "False", "length": 65.955, "bridge": null }, "geometry": { "type": "LineString", "coordinates": [ [ 133.5404038, 33.4903978 ], [ 133.5402832, 33.4905939 ], [ 133.540155, 33.490951 ] ] } },
{ "type": "Feature", "properties": { "u": 564465065, "v": 4934700827, "key": 0, "osmid": "44405096", "lanes": "2", "ref": null, "name": null, "highway": "unclassified", "maxspeed": null, "oneway": false, "reversed": "False", "length": 42.498, "bridge": null }, "geometry": { "type": "LineString", "coordinates": [ [ 133.540155, 33.490951 ], [ 133.5404909, 33.491211 ] ] } },
{ "type": "Feature", "properties": { "u": 564465065, "v": 4934700846, "key": 0, "osmid": "44405096", "lanes": "2", "ref": null, "name": null, "highway": "unclassified", "maxspeed": null, "oneway": false, "reversed": "True", "length": 44.883, "bridge": null }, "geometry": { "type": "LineString", "coordinates": [ [ 133.540155, 33.490951 ], [ 133.539814299999989, 33.4906643 ] ] } },
{ "type": "Feature", "properties": { "u": 564465065, "v": 10183455276, "key": 0, "osmid": "129899437", "lanes": "2", "ref": null, "name": null, "highway": "tertiary", "maxspeed": null, "oneway": false, "reversed": "False", "length": 3.656, "bridge": null }, "geometry": { "type": "LineString", "coordinates": [ [ 133.540155, 33.490951 ], [ 133.5401441, 33.4909826 ] ] } },
{ "type": "Feature", "properties": { "u": 564465065, "v": 564465061, "key": 0, "osmid": "129899437", "lanes": "2", "ref": null, "name": null, "highway": "tertiary", "maxspeed": null, "oneway": false, "reversed": "True", "length": 65.955, "bridge": null }, "geometry": { "type": "LineString", "coordinates": [ [ 133.540155, 33.490951 ], [ 133.5402832, 33.4905939 ], [ 133.5404038, 33.4903978 ] ] } },
{ "type": "Feature", "properties": { "u": 564465067, "v": 1431445009, "key": 0, "osmid": "129809887", "lanes": null, "ref": null, "name": null, "highway": "unclassified", "maxspeed": null, "oneway": false, "reversed": "False", "length": 36.487, "bridge": null }, "geometry": { "type": "LineString", "coordinates": [ [ 133.5393818, 33.492729 ], [ 133.539358099999987, 33.4927839 ], [ 133.5392831, 33.4929529 ], [ 133.5392329, 33.4930321 ] ] } },
{ "type": "Feature", "properties": { "u": 564465067, "v": 4934700926, "key": 0, "osmid": "129899437", "lanes": "2", "ref": null, "name": null, "highway": "tertiary", "maxspeed": null, "oneway": false, "reversed": "True", "length": 28.161, "bridge": null }, "geometry": { "type": "LineString", "coordinates": [ [ 133.5393818, 33.492729 ], [ 133.5394087, 33.4926724 ], [ 133.5394956, 33.4924942 ] ] } },
{ "type": "Feature", "properties": { "u": 564465067, "v": 564442848, "key": 0, "osmid": "734500737", "lanes": "2", "ref": null, "name": null, "highway": "unclassified", "maxspeed": null, "oneway": false, "reversed": "False", "length": 34.086, "bridge": null }, "geometry": { "type": "LineString", "coordinates": [ [ 133.5393818, 33.492729 ], [ 133.539455299999986, 33.4927421 ], [ 133.539733500000011, 33.4928172 ] ] } },
{ "type": "Feature", "properties": { "u": 564465067, "v": 4934700888, "key": 0, "osmid": "734500737", "lanes": "2", "ref": null, "name": null, "highway": "unclassified", "maxspeed": null, "oneway": false, "reversed": "True", "length": 54.067, "bridge": null }, "geometry": { "type": "LineString", "coordinates": [ [ 133.5393818, 33.492729 ], [ 133.5393171, 33.4927164 ], [ 133.5388131, 33.4926218 ] ] } },
{ "type": "Feature", "properties": { "u": 769146737, "v": 5487611919, "key": 0, "osmid": "61789382", "lanes": "2", "ref": "14", "name": "春野赤岡線", "highway": "primary", "maxspeed": "50", "oneway": false, "reversed": "False", "length": 18.205, "bridge": null }, "geometry": { "type": "LineString", "coordinates": [ [ 133.538992, 33.4857935 ], [ 133.5390806, 33.4856474 ] ] } },
{ "type": "Feature", "properties": { "u": 769146737, "v": 5487611911, "key": 0, "osmid": "142326592", "lanes": null, "ref": null, "name": null, "highway": "unclassified", "maxspeed": null, "oneway": false, "reversed": "False", "length": 8.438, "bridge": null }, "geometry": { "type": "LineString", "coordinates": [ [ 133.538992, 33.4857935 ], [ 133.539081900000014, 33.4858052 ] ] } },
{ "type": "Feature", "properties": { "u": 769146737, "v": 1431444628, "key": 0, "osmid": "61789382", "lanes": "2", "ref": "14", "name": "春野赤岡線", "highway": "primary", "maxspeed": "50", "oneway": false, "reversed": "True", "length": 123.978, "bridge": null }, "geometry": { "type": "LineString", "coordinates": [ [ 133.538992, 33.4857935 ], [ 133.5387658, 33.4861462 ], [ 133.5386289, 33.4863578 ], [ 133.5384329, 33.4866687 ], [ 133.538369100000011, 33.4867799 ] ] } },
{ "type": "Feature", "properties": { "u": 769146737, "v": 10261044690, "key": 0, "osmid": "142326044", "lanes": null, "ref": null, "name": null, "highway": "unclassified", "maxspeed": null, "oneway": false, "reversed": "True", "length": 136.061, "bridge": null }, "geometry": { "type": "LineString", "coordinates": [ [ 133.538992, 33.4857935 ], [ 133.5386294, 33.4856492 ], [ 133.5385143, 33.4856038 ], [ 133.5382285, 33.4854853 ], [ 133.5381897, 33.485465 ], [ 133.537881199999987, 33.4853501 ], [ 133.5376678, 33.4852676 ] ] } },
{ "type": "Feature", "properties": { "u": 769146914, "v": 1431984860, "key": 0, "osmid": "129853961", "lanes": "2", "ref": null, "name": null, "highway": "tertiary", "maxspeed": null, "oneway": false, "reversed": "True", "length": 10.514, "bridge": null }, "geometry": { "type": "LineString", "coordinates": [ [ 133.5335596, 33.4951005 ], [ 133.5336701, 33.4951217 ] ] } },
{ "type": "Feature", "properties": { "u": 769146914, "v": 1557771280, "key": 0, "osmid": "61789382", "lanes": "2", "ref": "14", "name": "春野赤岡線", "highway": "primary", "maxspeed": "50", "oneway": false, "reversed": "False", "length": 412.803, "bridge": null }, "geometry": { "type": "LineString", "coordinates": [ [ 133.5335596, 33.4951005 ], [ 133.533644, 33.494447 ], [ 133.5336509, 33.494304 ], [ 133.5336992, 33.4938835 ], [ 133.5337956, 33.4934343 ], [ 133.5339582, 33.4929463 ], [ 133.5341415, 33.4925273 ], [ 133.5343708, 33.492126 ], [ 133.534745500000014, 33.4915718 ] ] } },
{ "type": "Feature", "properties": { "u": 1085591315, "v": 1557770829, "key": 0, "osmid": "24226805", "lanes": "2", "ref": "34", "name": "県道34号線", "highway": "primary", "maxspeed": "50", "oneway": false, "reversed": "False", "length": 22.737, "bridge": null }, "geometry": { "type": "LineString", "coordinates": [ [ 133.5488324, 33.4888587 ], [ 133.5487335, 33.4890458 ] ] } },
{ "type": "Feature", "properties": { "u": 1085591315, "v": 262314447, "key": 0, "osmid": "24226805", "lanes": "2", "ref": "34", "name": "県道34号線", "highway": "primary", "maxspeed": "50", "oneway": false, "reversed": "True", "length": 13.558, "bridge": null }, "geometry": { "type": "LineString", "coordinates": [ [ 133.5488324, 33.4888587 ], [ 133.548887900000011, 33.4887459 ] ] } },
{ "type": "Feature", "properties": { "u": 1085591315, "v": 10179631118, "key": 0, "osmid": "1112618646", "lanes": null, "ref": null, "name": null, "highway": "footway", "maxspeed": null, "oneway": false, "reversed": "True", "length": 505.091, "bridge": null }, "geometry": { "type": "LineString", "coordinates": [ [ 133.5488324, 33.4888587 ], [ 133.5487113, 33.4888226 ], [ 133.5486505, 33.4887671 ], [ 133.5484299, 33.4887038 ], [ 133.5482711, 33.4886133 ], [ 133.5437873, 33.4871794 ] ] } },
{ "type": "Feature", "properties": { "u": 1431444606, "v": 1557770226, "key": 0, "osmid": "35062133", "lanes": "2", "ref": "14", "name": "春野赤岡線", "highway": "primary", "maxspeed": "50", "oneway": false, "reversed": "True", "length": 46.004, "bridge": null }, "geometry": { "type": "LineString", "coordinates": [ [ 133.536960099999988, 33.4847765 ], [ 133.5365237, 33.4845798 ] ] } },
{ "type": "Feature", "properties": { "u": 1431444606, "v": 1431444609, "key": 0, "osmid": "129809748", "lanes": null, "ref": null, "name": null, "highway": "unclassified", "maxspeed": "30", "oneway": false, "reversed": "True", "length": 4.366, "bridge": null }, "geometry": { "type": "LineString", "coordinates": [ [ 133.536960099999988, 33.4847765 ], [ 133.536955799999987, 33.4848156 ] ] } },
{ "type": "Feature", "properties": { "u": 1431444606, "v": 411228988, "key": 0, "osmid": "35062133", "lanes": "2", "ref": "14", "name": "春野赤岡線", "highway": "primary", "maxspeed": "50", "oneway": false, "reversed": "False", "length": 219.362, "bridge": null }, "geometry": { "type": "LineString", "coordinates": [ [ 133.536960099999988, 33.4847765 ], [ 133.5371212, 33.4848435 ], [ 133.537526899999989, 33.4849769 ], [ 133.5383655, 33.4852357 ], [ 133.5389848, 33.4854422 ], [ 133.539159, 33.4855014 ] ] } },
{ "type": "Feature", "properties": { "u": 1431444609, "v": 1431444606, "key": 0, "osmid": "129809748", "lanes": null, "ref": null, "name": null, "highway": "unclassified", "maxspeed": "30", "oneway": false, "reversed": "False", "length": 4.366, "bridge": null }, "geometry": { "type": "LineString", "coordinates": [ [ 133.536955799999987, 33.4848156 ], [ 133.536960099999988, 33.4847765 ] ] } },
{ "type": "Feature", "properties": { "u": 1431444609, "v": 5487612026, "key": 0, "osmid": "570811435", "lanes": null, "ref": null, "name": null, "highway": "footway", "maxspeed": null, "oneway": false, "reversed": "False", "length": 48.703, "bridge": null }, "geometry": { "type": "LineString", "coordinates": [ [ 133.536955799999987, 33.4848156 ], [ 133.536495800000012, 33.4846043 ] ] } },
{ "type": "Feature", "properties": { "u": 1431444609, "v": 1431444615, "key": 0, "osmid": "129809748", "lanes": null, "ref": null, "name": null, "highway": "unclassified", "maxspeed": "30", "oneway": false, "reversed": "True", "length": 20.546, "bridge": null }, "geometry": { "type": "LineString", "coordinates": [ [ 133.536955799999987, 33.4848156 ], [ 133.5369871, 33.4849193 ], [ 133.5370354, 33.4849859 ] ] } },
{ "type": "Feature", "properties": { "u": 1431444609, "v": 5487611917, "key": 0, "osmid": "570811433", "lanes": null, "ref": null, "name": null, "highway": "footway", "maxspeed": null, "oneway": false, "reversed": "True", "length": 209.721, "bridge": null }, "geometry": { "type": "LineString", "coordinates": [ [ 133.536955799999987, 33.4848156 ], [ 133.5370285, 33.4848544 ], [ 133.5373012, 33.4849531 ], [ 133.537835699999988, 33.4850993 ], [ 133.53867, 33.4853912 ], [ 133.5389007, 33.4854987 ], [ 133.538965, 33.4856083 ] ] } },
{ "type": "Feature", "properties": { "u": 1431444615, "v": 1431444609, "key": 0, "osmid": "129809748", "lanes": null, "ref": null, "name": null, "highway": "unclassified", "maxspeed": "30", "oneway": false, "reversed": "False", "length": 20.546, "bridge": null }, "geometry": { "type": "LineString", "coordinates": [ [ 133.5370354, 33.4849859 ], [ 133.5369871, 33.4849193 ], [ 133.536955799999987, 33.4848156 ] ] } },
{ "type": "Feature", "properties": { "u": 1431444615, "v": 1431444628, "key": 0, "osmid": "129809748", "lanes": null, "ref": null, "name": null, "highway": "unclassified", "maxspeed": "30", "oneway": false, "reversed": "True", "length": 235.362, "bridge": null }, "geometry": { "type": "LineString", "coordinates": [ [ 133.5370354, 33.4849859 ], [ 133.5373788, 33.4855691 ], [ 133.5374411, 33.4856722 ], [ 133.537539900000013, 33.4858008 ], [ 133.5376018, 33.4858755 ], [ 133.5380082, 33.4863517 ], [ 133.538272799999987, 33.4866631 ], [ 133.538369100000011, 33.4867799 ] ] } },
{ "type": "Feature", "properties": { "u": 1431444615, "v": 10261044690, "key": 0, "osmid": "142326044", "lanes": null, "ref": null, "name": null, "highway": "unclassified", "maxspeed": null, "oneway": false, "reversed": "False", "length": 66.532, "bridge": null }, "geometry": { "type": "LineString", "coordinates": [ [ 133.5370354, 33.4849859 ], [ 133.5374457, 33.4851661 ], [ 133.5375707, 33.4852301 ], [ 133.5376678, 33.4852676 ] ] } },
{ "type": "Feature", "properties": { "u": 1431444628, "v": 5487611903, "key": 0, "osmid": "61789382", "lanes": "2", "ref": "14", "name": "春野赤岡線", "highway": "primary", "maxspeed": "50", "oneway": false, "reversed": "True", "length": 20.246, "bridge": null }, "geometry": { "type": "LineString", "coordinates": [ [ 133.538369100000011, 33.4867799 ], [ 133.538278600000012, 33.4869456 ] ] } },
{ "type": "Feature", "properties": { "u": 1431444628, "v": 1431444630, "key": 0, "osmid": "129809889", "lanes": null, "ref": null, "name": null, "highway": "unclassified", "maxspeed": null, "oneway": false, "reversed": "True", "length": 23.703, "bridge": null }, "geometry": { "type": "LineString", "coordinates": [ [ 133.538369100000011, 33.4867799 ], [ 133.5384909, 33.4869673 ] ] } },
{ "type": "Feature", "properties": { "u": 1431444628, "v": 769146737, "key": 0, "osmid": "61789382", "lanes": "2", "ref": "14", "name": "春野赤岡線", "highway": "primary", "maxspeed": "50", "oneway": false, "reversed": "False", "length": 123.978, "bridge": null }, "geometry": { "type": "LineString", "coordinates": [ [ 133.538369100000011, 33.4867799 ], [ 133.5384329, 33.4866687 ], [ 133.5386289, 33.4863578 ], [ 133.5387658, 33.4861462 ], [ 133.538992, 33.4857935 ] ] } },
{ "type": "Feature", "properties": { "u": 1431444628, "v": 1431444615, "key": 0, "osmid": "129809748", "lanes": null, "ref": null, "name": null, "highway": "unclassified", "maxspeed": "30", "oneway": false, "reversed": "False", "length": 235.362, "bridge": null }, "geometry": { "type": "LineString", "coordinates": [ [ 133.538369100000011, 33.4867799 ], [ 133.538272799999987, 33.4866631 ], [ 133.5380082, 33.4863517 ], [ 133.5376018, 33.4858755 ], [ 133.537539900000013, 33.4858008 ], [ 133.5374411, 33.4856722 ], [ 133.5373788, 33.4855691 ], [ 133.5370354, 33.4849859 ] ] } },
{ "type": "Feature", "properties": { "u": 1431444630, "v": 1431444628, "key": 0, "osmid": "129809889", "lanes": null, "ref": null, "name": null, "highway": "unclassified", "maxspeed": null, "oneway": false, "reversed": "False", "length": 23.703, "bridge": null }, "geometry": { "type": "LineString", "coordinates": [ [ 133.5384909, 33.4869673 ], [ 133.538369100000011, 33.4867799 ] ] } },
{ "type": "Feature", "properties": { "u": 1431444630, "v": 1431444635, "key": 0, "osmid": "129809889", "lanes": null, "ref": null, "name": null, "highway": "unclassified", "maxspeed": null, "oneway": false, "reversed": "True", "length": 32.773, "bridge": null }, "geometry": { "type": "LineString", "coordinates": [ [ 133.5384909, 33.4869673 ], [ 133.538739600000014, 33.4871767 ] ] } },
{ "type": "Feature", "properties": { "u": 1431444630, "v": 5487611911, "key": 0, "osmid": [ 570811430, 570811431 ], "lanes": null, "ref": null, "name": null, "highway": "footway", "maxspeed": null, "oneway": false, "reversed": "False", "length": 143.397, "bridge": null }, "geometry": { "type": "LineString", "coordinates": [ [ 133.5384909, 33.4869673 ], [ 133.538510699999989, 33.4869188 ], [ 133.538492600000012, 33.4868472 ], [ 133.5384872, 33.4868058 ], [ 133.538491599999986, 33.4867713 ], [ 133.5384946, 33.4867368 ], [ 133.5385073, 33.486699 ], [ 133.5385703, 33.4865989 ], [ 133.53871190000001, 33.4863629 ], [ 133.5388426, 33.4861924 ], [ 133.5388902, 33.4861202 ], [ 133.5390337, 33.4858797 ], [ 133.539081900000014, 33.4858052 ] ] } },
{ "type": "Feature", "properties": { "u": 1431444630, "v": 5487611901, "key": 0, "osmid": [ 570811428, 570811430 ], "lanes": null, "ref": null, "name": null, "highway": "footway", "maxspeed": null, "oneway": false, "reversed": "True", "length": 14.672, "bridge": null }, "geometry": { "type": "LineString", "coordinates": [ [ 133.5384909, 33.4869673 ], [ 133.53846, 33.4870107 ], [ 133.5383746, 33.487004 ], [ 133.5383654, 33.4870103 ] ] } },
{ "type": "Feature", "properties": { "u": 1431444635, "v": 1431444630, "key": 0, "osmid": "129809889", "lanes": null, "ref": null, "name": null, "highway": "unclassified", "maxspeed": null, "oneway": false, "reversed": "False", "length": 32.773, "bridge": null }, "geometry": { "type": "LineString", "coordinates": [ [ 133.538739600000014, 33.4871767 ], [ 133.5384909, 33.4869673 ] ] } },
{ "type": "Feature", "properties": { "u": 1431444635, "v": 10159298107, "key": 0, "osmid": "129809889", "lanes": null, "ref": null, "name": null, "highway": "unclassified", "maxspeed": null, "oneway": false, "reversed": "True", "length": 109.233, "bridge": null }, "geometry": { "type": "LineString", "coordinates": [ [ 133.538739600000014, 33.4871767 ], [ 133.53963730000001, 33.4878127 ] ] } },
{ "type": "Feature", "properties": { "u": 1431444635, "v": 1431444659, "key": 0, "osmid": "44405096", "lanes": "2", "ref": null, "name": null, "highway": "unclassified", "maxspeed": null, "oneway": false, "reversed": "False", "length": 166.688, "bridge": null }, "geometry": { "type": "LineString", "coordinates": [ [ 133.538739600000014, 33.4871767 ], [ 133.538566300000014, 33.488032 ], [ 133.5383678, 33.4881822 ], [ 133.5383206, 33.4882724 ], [ 133.5382708, 33.4883799 ], [ 133.5382241, 33.4885162 ], [ 133.5382088, 33.4885673 ] ] } },
{ "type": "Feature", "properties": { "u": 1431444644, "v": 10159298107, "key": 0, "osmid": "129809889", "lanes": null, "ref": null, "name": null, "highway": "unclassified", "maxspeed": null, "oneway": false, "reversed": "False", "length": 25.107, "bridge": null }, "geometry": { "type": "LineString", "coordinates": [ [ 133.5398404, 33.487962 ], [ 133.53963730000001, 33.4878127 ] ] } },
{ "type": "Feature", "properties": { "u": 1431444644, "v": 1431444647, "key": 0, "osmid": "129809889", "lanes": null, "ref": null, "name": null, "highway": "unclassified", "maxspeed": null, "oneway": false, "reversed": "True", "length": 18.738, "bridge": null }, "geometry": { "type": "LineString", "coordinates": [ [ 133.5398404, 33.487962 ], [ 133.539994400000012, 33.4880711 ] ] } },
{ "type": "Feature", "properties": { "u": 1431444644, "v": 4934701005, "key": 0, "osmid": "503134638", "lanes": null, "ref": null, "name": null, "highway": "residential", "maxspeed": null, "oneway": false, "reversed": "True", "length": 66.985, "bridge": null }, "geometry": { "type": "LineString", "coordinates": [ [ 133.5398404, 33.487962 ], [ 133.5395412, 33.4885103 ] ] } },
{ "type": "Feature", "properties": { "u": 1431444647, "v": 1431444644, "key": 0, "osmid": "129809889", "lanes": null, "ref": null, "name": null, "highway": "unclassified", "maxspeed": null, "oneway": false, "reversed": "False", "length": 18.738, "bridge": null }, "geometry": { "type": "LineString", "coordinates": [ [ 133.539994400000012, 33.4880711 ], [ 133.5398404, 33.487962 ] ] } },
{ "type": "Feature", "properties": { "u": 1431444647, "v": 1557770712, "key": 0, "osmid": "129809889", "lanes": null, "ref": null, "name": null, "highway": "unclassified", "maxspeed": null, "oneway": false, "reversed": "True", "length": 44.478, "bridge": null }, "geometry": { "type": "LineString", "coordinates": [ [ 133.539994400000012, 33.4880711 ], [ 133.5403162, 33.4883677 ] ] } },
{ "type": "Feature", "properties": { "u": 1431444647, "v": 1557770660, "key": 0, "osmid": "503134646", "lanes": null, "ref": null, "name": null, "highway": "residential", "maxspeed": null, "oneway": false, "reversed": "False", "length": 41.118, "bridge": null }, "geometry": { "type": "LineString", "coordinates": [ [ 133.539994400000012, 33.4880711 ], [ 133.5404349, 33.4881132 ] ] } },
{ "type": "Feature", "properties": { "u": 1431444655, "v": 1557770712, "key": 0, "osmid": "129809889", "lanes": null, "ref": null, "name": null, "highway": "unclassified", "maxspeed": null, "oneway": false, "reversed": "False", "length": 49.558, "bridge": null }, "geometry": { "type": "LineString", "coordinates": [ [ 133.5406998, 33.488678 ], [ 133.5403162, 33.4883677 ] ] } },
{ "type": "Feature", "properties": { "u": 1431444655, "v": 4934701007, "key": 0, "osmid": "129809889", "lanes": null, "ref": null, "name": null, "highway": "unclassified", "maxspeed": null, "oneway": false, "reversed": "True", "length": 35.413, "bridge": null }, "geometry": { "type": "LineString", "coordinates": [ [ 133.5406998, 33.488678 ], [ 133.540965300000011, 33.4889069 ] ] } },
{ "type": "Feature", "properties": { "u": 1431444655, "v": 4934701026, "key": 0, "osmid": "503134639", "lanes": null, "ref": null, "name": null, "highway": "residential", "maxspeed": null, "oneway": false, "reversed": "True", "length": 55.766, "bridge": null }, "geometry": { "type": "LineString", "coordinates": [ [ 133.5406998, 33.488678 ], [ 133.5407281, 33.4886445 ], [ 133.5409373, 33.4882183 ] ] } },
{ "type": "Feature", "properties": { "u": 1431444659, "v": 1431444676, "key": 0, "osmid": "44405096", "lanes": "2", "ref": null, "name": null, "highway": "unclassified", "maxspeed": null, "oneway": false, "reversed": "False", "length": 33.824, "bridge": null }, "geometry": { "type": "LineString", "coordinates": [ [ 133.5382088, 33.4885673 ], [ 133.538204400000012, 33.488747 ], [ 133.5382003, 33.4888714 ] ] } },
{ "type": "Feature", "properties": { "u": 1431444659, "v": 1431444635, "key": 0, "osmid": "44405096", "lanes": "2", "ref": null, "name": null, "highway": "unclassified", "maxspeed": null, "oneway": false, "reversed": "True", "length": 166.688, "bridge": null }, "geometry": { "type": "LineString", "coordinates": [ [ 133.5382088, 33.4885673 ], [ 133.5382241, 33.4885162 ], [ 133.5382708, 33.4883799 ], [ 133.5383206, 33.4882724 ], [ 133.5383678, 33.4881822 ], [ 133.538566300000014, 33.488032 ], [ 133.538739600000014, 33.4871767 ] ] } },
{ "type": "Feature", "properties": { "u": 1431444659, "v": 10159298099, "key": 0, "osmid": "503134627", "lanes": null, "ref": null, "name": null, "highway": "residential", "maxspeed": null, "oneway": false, "reversed": "False", "length": 95.147, "bridge": null }, "geometry": { "type": "LineString", "coordinates": [ [ 133.5382088, 33.4885673 ], [ 133.537302899999986, 33.4885841 ], [ 133.5373117, 33.4886838 ] ] } },
{ "type": "Feature", "properties": { "u": 1431444676, "v": 10179942520, "key": 0, "osmid": "44405096", "lanes": "2", "ref": null, "name": null, "highway": "unclassified", "maxspeed": null, "oneway": false, "reversed": "False", "length": 13.381, "bridge": null }, "geometry": { "type": "LineString", "coordinates": [ [ 133.5382003, 33.4888714 ], [ 133.538263199999989, 33.4889797 ] ] } },
{ "type": "Feature", "properties": { "u": 1431444676, "v": 1431444659, "key": 0, "osmid": "44405096", "lanes": "2", "ref": null, "name": null, "highway": "unclassified", "maxspeed": null, "oneway": false, "reversed": "True", "length": 33.824, "bridge": null }, "geometry": { "type": "LineString", "coordinates": [ [ 133.5382003, 33.4888714 ], [ 133.538204400000012, 33.488747 ], [ 133.5382088, 33.4885673 ] ] } },
{ "type": "Feature", "properties": { "u": 1431444676, "v": 10179255780, "key": 0, "osmid": [ 734500733, 1112599647 ], "lanes": null, "ref": null, "name": null, "highway": "unclassified", "maxspeed": null, "oneway": false, "reversed": [ false, true ], "length": 74.075, "bridge": "yes" }, "geometry": { "type": "LineString", "coordinates": [ [ 133.5382003, 33.4888714 ], [ 133.5375283, 33.4890177 ], [ 133.5374276, 33.4890402 ] ] } },
{ "type": "Feature", "properties": { "u": 1431444704, "v": 564465052, "key": 0, "osmid": "44407520", "lanes": "2", "ref": null, "name": null, "highway": "tertiary", "maxspeed": null, "oneway": false, "reversed": "True", "length": 44.017, "bridge": null }, "geometry": { "type": "LineString", "coordinates": [ [ 133.5413426, 33.4891984 ], [ 133.5413737, 33.489138 ], [ 133.5415237, 33.4888325 ] ] } },
{ "type": "Feature", "properties": { "u": 1431444704, "v": 4934701021, "key": 0, "osmid": "129809889", "lanes": null, "ref": null, "name": null, "highway": "unclassified", "maxspeed": null, "oneway": false, "reversed": "False", "length": 22.137, "bridge": null }, "geometry": { "type": "LineString", "coordinates": [ [ 133.5413426, 33.4891984 ], [ 133.5413263, 33.4891906 ], [ 133.5411914, 33.4890948 ], [ 133.5411613, 33.4890695 ] ] } },
{ "type": "Feature", "properties": { "u": 1431444704, "v": 4934700836, "key": 0, "osmid": "129809889", "lanes": null, "ref": null, "name": null, "highway": "unclassified", "maxspeed": null, "oneway": false, "reversed": "True", "length": 65.884, "bridge": null }, "geometry": { "type": "LineString", "coordinates": [ [ 133.5413426, 33.4891984 ], [ 133.541416199999986, 33.4892417 ], [ 133.5419346, 33.4895259 ] ] } },
{ "type": "Feature", "properties": { "u": 1431444704, "v": 564465059, "key": 0, "osmid": "129899437", "lanes": "2", "ref": null, "name": null, "highway": "tertiary", "maxspeed": null, "oneway": false, "reversed": "False", "length": 82.792, "bridge": null }, "geometry": { "type": "LineString", "coordinates": [ [ 133.5413426, 33.4891984 ], [ 133.541282700000011, 33.4892783 ], [ 133.540879600000011, 33.489835 ] ] } },
{ "type": "Feature", "properties": { "u": 1431444704, "v": 1557770936, "key": 0, "osmid": "142325995", "lanes": null, "ref": null, "name": null, "highway": "unclassified", "maxspeed": null, "oneway": false, "reversed": "False", "length": 75.789, "bridge": null }, "geometry": { "type": "LineString", "coordinates": [ [ 133.5413426, 33.4891984 ], [ 133.541341, 33.4892843 ], [ 133.5417433, 33.4897765 ] ] } },
{ "type": "Feature", "properties": { "u": 1431444730, "v": 1557771022, "key": 0, "osmid": "44405096", "lanes": "2", "ref": null, "name": null, "highway": "unclassified", "maxspeed": null, "oneway": false, "reversed": "False", "length": 36.975, "bridge": null }, "geometry": { "type": "LineString", "coordinates": [ [ 133.5388135, 33.4897049 ], [ 133.5390643, 33.4899634 ] ] } },
{ "type": "Feature", "properties": { "u": 1431444730, "v": 6878716077, "key": 0, "osmid": "44405096", "lanes": "2", "ref": null, "name": null, "highway": "unclassified", "maxspeed": null, "oneway": false, "reversed": "True", "length": 67.201, "bridge": null }, "geometry": { "type": "LineString", "coordinates": [ [ 133.5388135, 33.4897049 ], [ 133.5384204, 33.4891972 ] ] } },
{ "type": "Feature", "properties": { "u": 1431444730, "v": 10183455283, "key": 0, "osmid": "734500735", "lanes": null, "ref": null, "name": null, "highway": "unclassified", "maxspeed": null, "oneway": false, "reversed": "True", "length": 3.288, "bridge": null }, "geometry": { "type": "LineString", "coordinates": [ [ 133.5388135, 33.4897049 ], [ 133.5387781, 33.4897066 ] ] } },
{ "type": "Feature", "properties": { "u": 1431444733, "v": 1557770846, "key": 0, "osmid": "129809889", "lanes": null, "ref": null, "name": null, "highway": "unclassified", "maxspeed": null, "oneway": false, "reversed": "False", "length": 44.097, "bridge": null }, "geometry": { "type": "LineString", "coordinates": [ [ 133.542405699999989, 33.4897902 ], [ 133.542012, 33.4895678 ] ] } },
{ "type": "Feature", "properties": { "u": 1431444733, "v": 4934700998, "key": 0, "osmid": "129809889", "lanes": null, "ref": null, "name": null, "highway": "unclassified", "maxspeed": null, "oneway": false, "reversed": "True", "length": 27.036, "bridge": null }, "geometry": { "type": "LineString", "coordinates": [ [ 133.542405699999989, 33.4897902 ], [ 133.5426792, 33.4898744 ] ] } },
{ "type": "Feature", "properties": { "u": 1431444733, "v": 4934700996, "key": 0, "osmid": "503134633", "lanes": null, "ref": null, "name": null, "highway": "residential", "maxspeed": null, "oneway": false, "reversed": "False", "length": 59.68, "bridge": null }, "geometry": { "type": "LineString", "coordinates": [ [ 133.542405699999989, 33.4897902 ], [ 133.5420598, 33.4902428 ] ] } },
{ "type": "Feature", "properties": { "u": 1431444733, "v": 4934700997, "key": 0, "osmid": "503134633", "lanes": null, "ref": null, "name": null, "highway": "residential", "maxspeed": null, "oneway": false, "reversed": "True", "length": 43.32, "bridge": null }, "geometry": { "type": "LineString", "coordinates": [ [ 133.542405699999989, 33.4897902 ], [ 133.5426041, 33.4894375 ] ] } },
{ "type": "Feature", "properties": { "u": 1431444750, "v": 1557771113, "key": 0, "osmid": "129809889", "lanes": null, "ref": null, "name": null, "highway": "unclassified", "maxspeed": null, "oneway": false, "reversed": "True", "length": 16.131, "bridge": null }, "geometry": { "type": "LineString", "coordinates": [ [ 133.5437629, 33.4903495 ], [ 133.543924299999986, 33.4904036 ] ] } },
{ "type": "Feature", "properties": { "u": 1431444750, "v": 10179262550, "key": 0, "osmid": "1112599661", "lanes": null, "ref": null, "name": null, "highway": "path", "maxspeed": null, "oneway": false, "reversed": "True", "length": 53.45, "bridge": null }, "geometry": { "type": "LineString", "coordinates": [ [ 133.5437629, 33.4903495 ], [ 133.5432099, 33.490214 ] ] } },
{ "type": "Feature", "properties": { "u": 1431444750, "v": 1557771046, "key": 0, "osmid": "129809889", "lanes": null, "ref": null, "name": null, "highway": "unclassified", "maxspeed": null, "oneway": false, "reversed": "False", "length": 54.581, "bridge": null }, "geometry": { "type": "LineString", "coordinates": [ [ 133.5437629, 33.4903495 ], [ 133.5436832, 33.4902585 ], [ 133.543548, 33.4901579 ], [ 133.543468499999989, 33.4901242 ], [ 133.543302399999988, 33.49006 ] ] } },
{ "type": "Feature", "properties": { "u": 1431444756, "v": 6878716075, "key": 0, "osmid": "129809889", "lanes": null, "ref": null, "name": null, "highway": "unclassified", "maxspeed": null, "oneway": false, "reversed": "False", "length": 35.847, "bridge": null }, "geometry": { "type": "LineString", "coordinates": [ [ 133.5447389, 33.4906482 ], [ 133.544378099999989, 33.4905325 ] ] } },
{ "type": "Feature", "properties": { "u": 1431444756, "v": 4934700656, "key": 0, "osmid": "142327529", "lanes": null, "ref": null, "name": null, "highway": "unclassified", "maxspeed": null, "oneway": false, "reversed": "True", "length": 49.228, "bridge": null }, "geometry": { "type": "LineString", "coordinates": [ [ 133.5447389, 33.4906482 ], [ 133.544587799999988, 33.4910726 ] ] } },
{ "type": "Feature", "properties": { "u": 1431444756, "v": 1431444766, "key": 0, "osmid": "129809889", "lanes": null, "ref": null, "name": null, "highway": "unclassified", "maxspeed": null, "oneway": false, "reversed": "True", "length": 80.324, "bridge": null }, "geometry": { "type": "LineString", "coordinates": [ [ 133.5447389, 33.4906482 ], [ 133.54499770000001, 33.4907054 ], [ 133.545579, 33.490824 ] ] } },
{ "type": "Feature", "properties": { "u": 1431444759, "v": 1431444788, "key": 0, "osmid": "129809755", "lanes": null, "ref": null, "name": null, "highway": "unclassified", "maxspeed": null, "oneway": false, "reversed": "False", "length": 113.442, "bridge": null }, "geometry": { "type": "LineString", "coordinates": [ [ 133.5367191, 33.4906365 ], [ 133.5369167, 33.4907086 ], [ 133.5373277, 33.4909513 ], [ 133.537528400000014, 33.4910375 ], [ 133.537793599999986, 33.4911078 ] ] } },
{ "type": "Feature", "properties": { "u": 1431444759, "v": 1431444829, "key": 0, "osmid": "129809755", "lanes": null, "ref": null, "name": null, "highway": "unclassified", "maxspeed": null, "oneway": false, "reversed": "True", "length": 172.42, "bridge": null }, "geometry": { "type": "LineString", "coordinates": [ [ 133.5367191, 33.4906365 ], [ 133.5365993, 33.4906234 ], [ 133.5360435, 33.4906751 ], [ 133.5359301, 33.4907102 ], [ 133.535855, 33.4907597 ], [ 133.5358268, 33.490837 ], [ 133.5356808, 33.4915486 ] ] } },
{ "type": "Feature", "properties": { "u": 1431444759, "v": 4934700966, "key": 0, "osmid": "142327651", "lanes": null, "ref": null, "name": null, "highway": "unclassified", "maxspeed": null, "oneway": false, "reversed": "False", "length": 26.541, "bridge": null }, "geometry": { "type": "LineString", "coordinates": [ [ 133.5367191, 33.4906365 ], [ 133.5367534, 33.4905776 ], [ 133.536860100000013, 33.490429 ] ] } },
{ "type": "Feature", "properties": { "u": 1431444766, "v": 1557771216, "key": 0, "osmid": "129809889", "lanes": null, "ref": null, "name": null, "highway": "unclassified", "maxspeed": null, "oneway": false, "reversed": "True", "length": 117.088, "bridge": null }, "geometry": { "type": "LineString", "coordinates": [ [ 133.545579, 33.490824 ], [ 133.5468038, 33.4910798 ] ] } },
{ "type": "Feature", "properties": { "u": 1431444766, "v": 1557771074, "key": 0, "osmid": "142326195", "lanes": null, "ref": null, "name": null, "highway": "residential", "maxspeed": null, "oneway": false, "reversed": "False", "length": 74.558, "bridge": null }, "geometry": { "type": "LineString", "coordinates": [ [ 133.545579, 33.490824 ], [ 133.545868, 33.4901983 ] ] } },
{ "type": "Feature", "properties": { "u": 1431444766, "v": 1431444756, "key": 0, "osmid": "129809889", "lanes": null, "ref": null, "name": null, "highway": "unclassified", "maxspeed": null, "oneway": false, "reversed": "False", "length": 80.324, "bridge": null }, "geometry": { "type": "LineString", "coordinates": [ [ 133.545579, 33.490824 ], [ 133.54499770000001, 33.4907054 ], [ 133.5447389, 33.4906482 ] ] } },
{ "type": "Feature", "properties": { "u": 1431444766, "v": 4934700660, "key": 0, "osmid": "503134574", "lanes": null, "ref": null, "name": null, "highway": "unclassified", "maxspeed": null, "oneway": false, "reversed": "True", "length": 81.452, "bridge": null }, "geometry": { "type": "LineString", "coordinates": [ [ 133.545579, 33.490824 ], [ 133.545526200000012, 33.4909341 ], [ 133.5451993, 33.4912594 ], [ 133.545073300000013, 33.4914171 ] ] } },
{ "type": "Feature", "properties": { "u": 1431444776, "v": 1557771109, "key": 0, "osmid": "24226805", "lanes": "2", "ref": "34", "name": "県道34号線", "highway": "primary", "maxspeed": "50", "oneway": false, "reversed": "True", "length": 53.707, "bridge": null }, "geometry": { "type": "LineString", "coordinates": [ [ 133.5477421, 33.4908575 ], [ 133.5479844, 33.4904188 ] ] } },
{ "type": "Feature", "properties": { "u": 1431444776, "v": 1431444813, "key": 0, "osmid": "24226805", "lanes": "2", "ref": "34", "name": "県道34号線", "highway": "primary", "maxspeed": "50", "oneway": false, "reversed": "False", "length": 47.15, "bridge": null }, "geometry": { "type": "LineString", "coordinates": [ [ 133.5477421, 33.4908575 ], [ 133.5476337, 33.4910505 ], [ 133.54755560000001, 33.4912511 ] ] } },
{ "type": "Feature", "properties": { "u": 1431444788, "v": 4934700971, "key": 0, "osmid": "503134627", "lanes": null, "ref": null, "name": null, "highway": "residential", "maxspeed": null, "oneway": false, "reversed": "True", "length": 38.517, "bridge": null }, "geometry": { "type": "LineString", "coordinates": [ [ 133.537793599999986, 33.4911078 ], [ 133.5378541, 33.4907651 ] ] } },
{ "type": "Feature", "properties": { "u": 1431444788, "v": 1431444817, "key": 0, "osmid": "129809755", "lanes": null, "ref": null, "name": null, "highway": "unclassified", "maxspeed": null, "oneway": false, "reversed": "False", "length": 52.609, "bridge": null }, "geometry": { "type": "LineString", "coordinates": [ [ 133.537793599999986, 33.4911078 ], [ 133.5378662, 33.4911295 ], [ 133.538329800000014, 33.4912623 ] ] } },
{ "type": "Feature", "properties": { "u": 1431444788, "v": 1431444759, "key": 0, "osmid": "129809755", "lanes": null, "ref": null, "name": null, "highway": "unclassified", "maxspeed": null, "oneway": false, "reversed": "True", "length": 113.442, "bridge": null }, "geometry": { "type": "LineString", "coordinates": [ [ 133.537793599999986, 33.4911078 ], [ 133.537528400000014, 33.4910375 ], [ 133.5373277, 33.4909513 ], [ 133.5369167, 33.4907086 ], [ 133.5367191, 33.4906365 ] ] } },
{ "type": "Feature", "properties": { "u": 1431444788, "v": 1431444836, "key": 0, "osmid": "142325585", "lanes": null, "ref": null, "name": null, "highway": "unclassified", "maxspeed": null, "oneway": false, "reversed": "True", "length": 101.162, "bridge": null }, "geometry": { "type": "LineString", "coordinates": [ [ 133.537793599999986, 33.4911078 ], [ 133.5377669, 33.4911822 ], [ 133.537227800000011, 33.4918824 ] ] } },
{ "type": "Feature", "properties": { "u": 1431444798, "v": 1557771216, "key": 0, "osmid": "129809889", "lanes": null, "ref": null, "name": null, "highway": "unclassified", "maxspeed": null, "oneway": false, "reversed": "False", "length": 37.108, "bridge": null }, "geometry": { "type": "LineString", "coordinates": [ [ 133.547189, 33.4911702 ], [ 133.5468038, 33.4910798 ] ] } },
{ "type": "Feature", "properties": { "u": 1431444798, "v": 1557771241, "key": 0, "osmid": "129809889", "lanes": null, "ref": null, "name": null, "highway": "unclassified", "maxspeed": null, "oneway": false, "reversed": "True", "length": 27.417, "bridge": null }, "geometry": { "type": "LineString", "coordinates": [ [ 133.547189, 33.4911702 ], [ 133.547475, 33.4912327 ] ] } },
{ "type": "Feature", "properties": { "u": 1431444798, "v": 10179548533, "key": 0, "osmid": "129809752", "lanes": null, "ref": null, "name": null, "highway": "residential", "maxspeed": null, "oneway": false, "reversed": "False", "length": 75.128, "bridge": null }, "geometry": { "type": "LineString", "coordinates": [ [ 133.547189, 33.4911702 ], [ 133.5468277, 33.4916548 ], [ 133.5467558, 33.491741 ] ] } },
{ "type": "Feature", "properties": { "u": 1431444805, "v": 1431444817, "key": 0, "osmid": "129809898", "lanes": null, "ref": null, "name": null, "highway": "unclassified", "maxspeed": null, "oneway": false, "reversed": "False", "length": 6.537, "bridge": null }, "geometry": { "type": "LineString", "coordinates": [ [ 133.538358499999987, 33.4912086 ], [ 133.538329800000014, 33.4912623 ] ] } },
{ "type": "Feature", "properties": { "u": 1431444805, "v": 1557771154, "key": 0, "osmid": "142326193", "lanes": null, "ref": null, "name": null, "highway": "unclassified", "maxspeed": null, "oneway": false, "reversed": "True", "length": 44.851, "bridge": null }, "geometry": { "type": "LineString", "coordinates": [ [ 133.538358499999987, 33.4912086 ], [ 133.5385276, 33.4908307 ] ] } },
{ "type": "Feature", "properties": { "u": 1431444805, "v": 4934700937, "key": 0, "osmid": "503134616", "lanes": null, "ref": null, "name": null, "highway": "residential", "maxspeed": null, "oneway": false, "reversed": "True", "length": 29.129, "bridge": null }, "geometry": { "type": "LineString", "coordinates": [ [ 133.538358499999987, 33.4912086 ], [ 133.538660099999987, 33.4912818 ] ] } },
{ "type": "Feature", "properties": { "u": 1431444811, "v": 1431444827, "key": 0, "osmid": "44405096", "lanes": "2", "ref": null, "name": null, "highway": "unclassified", "maxspeed": null, "oneway": false, "reversed": "False", "length": 36.095, "bridge": null }, "geometry": { "type": "LineString", "coordinates": [ [ 133.5405142, 33.4912374 ], [ 133.540815900000013, 33.4914425 ] ] } },
{ "type": "Feature", "properties": { "u": 1431444811, "v": 4934700827, "key": 0, "osmid": "44405096", "lanes": "2", "ref": null, "name": null, "highway": "unclassified", "maxspeed": null, "oneway": false, "reversed": "True", "length": 3.645, "bridge": null }, "geometry": { "type": "LineString", "coordinates": [ [ 133.5405142, 33.4912374 ], [ 133.5404909, 33.491211 ] ] } },
{ "type": "Feature", "properties": { "u": 1431444811, "v": 10183455278, "key": 0, "osmid": "503134587", "lanes": null, "ref": null, "name": null, "highway": "residential", "maxspeed": null, "oneway": false, "reversed": "False", "length": 3.57, "bridge": null }, "geometry": { "type": "LineString", "coordinates": [ [ 133.5405142, 33.4912374 ], [ 133.5405051, 33.4912686 ] ] } },
{ "type": "Feature", "properties": { "u": 1431444813, "v": 1431444819, "key": 0, "osmid": "24226805", "lanes": "2", "ref": "34", "name": "県道34号線", "highway": "primary", "maxspeed": "50", "oneway": false, "reversed": "False", "length": 10.871, "bridge": null }, "geometry": { "type": "LineString", "coordinates": [ [ 133.54755560000001, 33.4912511 ], [ 133.5475305, 33.4913466 ] ] } },
{ "type": "Feature", "properties": { "u": 1431444813, "v": 1557771241, "key": 0, "osmid": "129809889", "lanes": null, "ref": null, "name": null, "highway": "unclassified", "maxspeed": null, "oneway": false, "reversed": "False", "length": 7.749, "bridge": null }, "geometry": { "type": "LineString", "coordinates": [ [ 133.54755560000001, 33.4912511 ], [ 133.547475, 33.4912327 ] ] } },
{ "type": "Feature", "properties": { "u": 1431444813, "v": 1431444776, "key": 0, "osmid": "24226805", "lanes": "2", "ref": "34", "name": "県道34号線", "highway": "primary", "maxspeed": "50", "oneway": false, "reversed": "True", "length": 47.15, "bridge": null }, "geometry": { "type": "LineString", "coordinates": [ [ 133.54755560000001, 33.4912511 ], [ 133.5476337, 33.4910505 ], [ 133.5477421, 33.4908575 ] ] } },
{ "type": "Feature", "properties": { "u": 1431444817, "v": 1431444823, "key": 0, "osmid": "129809898", "lanes": null, "ref": null, "name": null, "highway": "unclassified", "maxspeed": null, "oneway": false, "reversed": "False", "length": 19.378, "bridge": null }, "geometry": { "type": "LineString", "coordinates": [ [ 133.538329800000014, 33.4912623 ], [ 133.5382543, 33.4914248 ] ] } },
{ "type": "Feature", "properties": { "u": 1431444817, "v": 1431444805, "key": 0, "osmid": "129809898", "lanes": null, "ref": null, "name": null, "highway": "unclassified", "maxspeed": null, "oneway": false, "reversed": "True", "length": 6.537, "bridge": null }, "geometry": { "type": "LineString", "coordinates": [ [ 133.538329800000014, 33.4912623 ], [ 133.538358499999987, 33.4912086 ] ] } },
{ "type": "Feature", "properties": { "u": 1431444817, "v": 1431444788, "key": 0, "osmid": "129809755", "lanes": null, "ref": null, "name": null, "highway": "unclassified", "maxspeed": null, "oneway": false, "reversed": "True", "length": 52.609, "bridge": null }, "geometry": { "type": "LineString", "coordinates": [ [ 133.538329800000014, 33.4912623 ], [ 133.5378662, 33.4911295 ], [ 133.537793599999986, 33.4911078 ] ] } },
{ "type": "Feature", "properties": { "u": 1431444819, "v": 1431444813, "key": 0, "osmid": "24226805", "lanes": "2", "ref": "34", "name": "県道34号線", "highway": "primary", "maxspeed": "50", "oneway": false, "reversed": "True", "length": 10.871, "bridge": null }, "geometry": { "type": "LineString", "coordinates": [ [ 133.5475305, 33.4913466 ], [ 133.54755560000001, 33.4912511 ] ] } },
{ "type": "Feature", "properties": { "u": 1431444819, "v": 4942039772, "key": 0, "osmid": "503976744", "lanes": null, "ref": null, "name": null, "highway": "residential", "maxspeed": null, "oneway": false, "reversed": "False", "length": 8.474, "bridge": null }, "geometry": { "type": "LineString", "coordinates": [ [ 133.5475305, 33.4913466 ], [ 133.5476153, 33.491375 ] ] } },
{ "type": "Feature", "properties": { "u": 1431444823, "v": 1431444825, "key": 0, "osmid": "129809898", "lanes": null, "ref": null, "name": null, "highway": "unclassified", "maxspeed": null, "oneway": false, "reversed": "False", "length": 47.651, "bridge": null }, "geometry": { "type": "LineString", "coordinates": [ [ 133.5382543, 33.4914248 ], [ 133.537983700000012, 33.4917891 ] ] } },
{ "type": "Feature", "properties": { "u": 1431444823, "v": 1431444817, "key": 0, "osmid": "129809898", "lanes": null, "ref": null, "name": null, "highway": "unclassified", "maxspeed": null, "oneway": false, "reversed": "True", "length": 19.378, "bridge": null }, "geometry": { "type": "LineString", "coordinates": [ [ 133.5382543, 33.4914248 ], [ 133.538329800000014, 33.4912623 ] ] } },
{ "type": "Feature", "properties": { "u": 1431444823, "v": 1431444846, "key": 0, "osmid": "129809920", "lanes": null, "ref": null, "name": null, "highway": "residential", "maxspeed": null, "oneway": false, "reversed": "False", "length": 59.298, "bridge": null }, "geometry": { "type": "LineString", "coordinates": [ [ 133.5382543, 33.4914248 ], [ 133.538852600000013, 33.491613 ] ] } },
{ "type": "Feature", "properties": { "u": 1431444825, "v": 1431444823, "key": 0, "osmid": "129809898", "lanes": null, "ref": null, "name": null, "highway": "unclassified", "maxspeed": null, "oneway": false, "reversed": "True", "length": 47.651, "bridge": null }, "geometry": { "type": "LineString", "coordinates": [ [ 133.537983700000012, 33.4917891 ], [ 133.5382543, 33.4914248 ] ] } },
{ "type": "Feature", "properties": { "u": 1431444825, "v": 4934700948, "key": 0, "osmid": "142326372", "lanes": null, "ref": null, "name": null, "highway": "unclassified", "maxspeed": null, "oneway": false, "reversed": "False", "length": 36.835, "bridge": null }, "geometry": { "type": "LineString", "coordinates": [ [ 133.537983700000012, 33.4917891 ], [ 133.5377747, 33.4920708 ] ] } },
{ "type": "Feature", "properties": { "u": 1431444825, "v": 4934700951, "key": 0, "osmid": "503134596", "lanes": null, "ref": null, "name": null, "highway": "residential", "maxspeed": null, "oneway": false, "reversed": "True", "length": 70.766, "bridge": null }, "geometry": { "type": "LineString", "coordinates": [ [ 133.537983700000012, 33.4917891 ], [ 133.538025800000014, 33.4918086 ], [ 133.538703, 33.4919998 ] ] } },
{ "type": "Feature", "properties": { "u": 1431444827, "v": 1431444863, "key": 0, "osmid": "44405096", "lanes": "2", "ref": null, "name": null, "highway": "unclassified", "maxspeed": null, "oneway": false, "reversed": "False", "length": 47.644, "bridge": null }, "geometry": { "type": "LineString", "coordinates": [ [ 133.540815900000013, 33.4914425 ], [ 133.5412107, 33.4917167 ] ] } },
{ "type": "Feature", "properties": { "u": 1431444827, "v": 1431444811, "key": 0, "osmid": "44405096", "lanes": "2", "ref": null, "name": null, "highway": "unclassified", "maxspeed": null, "oneway": false, "reversed": "True", "length": 36.095, "bridge": null }, "geometry": { "type": "LineString", "coordinates": [ [ 133.540815900000013, 33.4914425 ], [ 133.5405142, 33.4912374 ] ] } },
{ "type": "Feature", "properties": { "u": 1431444827, "v": 4934700700, "key": 0, "osmid": "503134583", "lanes": null, "ref": null, "name": null, "highway": "residential", "maxspeed": null, "oneway": false, "reversed": "False", "length": 93.43, "bridge": null }, "geometry": { "type": "LineString", "coordinates": [ [ 133.540815900000013, 33.4914425 ], [ 133.540698600000013, 33.4917135 ], [ 133.5405762, 33.4922561 ] ] } },
{ "type": "Feature", "properties": { "u": 1431444829, "v": 1431444759, "key": 0, "osmid": "129809755", "lanes": null, "ref": null, "name": null, "highway": "unclassified", "maxspeed": null, "oneway": false, "reversed": "False", "length": 172.42, "bridge": null }, "geometry": { "type": "LineString", "coordinates": [ [ 133.5356808, 33.4915486 ], [ 133.5358268, 33.490837 ], [ 133.535855, 33.4907597 ], [ 133.5359301, 33.4907102 ], [ 133.5360435, 33.4906751 ], [ 133.5365993, 33.4906234 ], [ 133.5367191, 33.4906365 ] ] } },
{ "type": "Feature", "properties": { "u": 1431444829, "v": 1431444832, "key": 0, "osmid": "129809755", "lanes": null, "ref": null, "name": null, "highway": "unclassified", "maxspeed": null, "oneway": false, "reversed": "True", "length": 37.365, "bridge": null }, "geometry": { "type": "LineString", "coordinates": [ [ 133.5356808, 33.4915486 ], [ 133.5359564, 33.4915715 ], [ 133.5360796, 33.4915934 ] ] } },
{ "type": "Feature", "properties": { "u": 1431444829, "v": 4934700913, "key": 0, "osmid": "142325841", "lanes": null, "ref": null, "name": null, "highway": "unclassified", "maxspeed": null, "oneway": false, "reversed": "False", "length": 81.446, "bridge": null }, "geometry": { "type": "LineString", "coordinates": [ [ 133.5356808, 33.4915486 ], [ 133.535575599999987, 33.4915838 ], [ 133.5354629, 33.4916296 ], [ 133.5349706, 33.491647 ], [ 133.5348272, 33.4916207 ] ] } },
{ "type": "Feature", "properties": { "u": 1431444829, "v": 1557771496, "key": 0, "osmid": "142326604", "lanes": null, "ref": null, "name": null, "highway": "unclassified", "maxspeed": null, "oneway": false, "reversed": "True", "length": 122.59, "bridge": null }, "geometry": { "type": "LineString", "coordinates": [ [ 133.5356808, 33.4915486 ], [ 133.535611499999987, 33.4917711 ], [ 133.5354623, 33.4922152 ], [ 133.535325, 33.4924826 ], [ 133.5352473, 33.4925842 ] ] } },
{ "type": "Feature", "properties": { "u": 1431444832, "v": 1431444836, "key": 0, "osmid": "129809755", "lanes": null, "ref": null, "name": null, "highway": "unclassified", "maxspeed": null, "oneway": false, "reversed": "True", "length": 111.22, "bridge": null }, "geometry": { "type": "LineString", "coordinates": [ [ 133.5360796, 33.4915934 ], [ 133.537227800000011, 33.4918824 ] ] } },
{ "type": "Feature", "properties": { "u": 1431444832, "v": 1431444905, "key": 0, "osmid": "44405094", "lanes": "2", "ref": null, "name": null, "highway": "unclassified", "maxspeed": null, "oneway": false, "reversed": "False", "length": 57.687, "bridge": null }, "geometry": { "type": "LineString", "coordinates": [ [ 133.5360796, 33.4915934 ], [ 133.536067800000012, 33.4916855 ], [ 133.5361494, 33.4921062 ] ] } },
{ "type": "Feature", "properties": { "u": 1431444832, "v": 1431444829, "key": 0, "osmid": "129809755", "lanes": null, "ref": null, "name": null, "highway": "unclassified", "maxspeed": null, "oneway": false, "reversed": "False", "length": 37.365, "bridge": null }, "geometry": { "type": "LineString", "coordinates": [ [ 133.5360796, 33.4915934 ], [ 133.5359564, 33.4915715 ], [ 133.5356808, 33.4915486 ] ] } },
{ "type": "Feature", "properties": { "u": 1431444836, "v": 1431444832, "key": 0, "osmid": "129809755", "lanes": null, "ref": null, "name": null, "highway": "unclassified", "maxspeed": null, "oneway": false, "reversed": "False", "length": 111.22, "bridge": null }, "geometry": { "type": "LineString", "coordinates": [ [ 133.537227800000011, 33.4918824 ], [ 133.5360796, 33.4915934 ] ] } },
{ "type": "Feature", "properties": { "u": 1431444836, "v": 1557771404, "key": 0, "osmid": "142325585", "lanes": null, "ref": null, "name": null, "highway": "unclassified", "maxspeed": null, "oneway": false, "reversed": "True", "length": 49.718, "bridge": null }, "geometry": { "type": "LineString", "coordinates": [ [ 133.537227800000011, 33.4918824 ], [ 133.536944299999988, 33.4922619 ] ] } },
{ "type": "Feature", "properties": { "u": 1431444836, "v": 1431444788, "key": 0, "osmid": "142325585", "lanes": null, "ref": null, "name": null, "highway": "unclassified", "maxspeed": null, "oneway": false, "reversed": "False", "length": 101.162, "bridge": null }, "geometry": { "type": "LineString", "coordinates": [ [ 133.537227800000011, 33.4918824 ], [ 133.5377669, 33.4911822 ], [ 133.537793599999986, 33.4911078 ] ] } },
{ "type": "Feature", "properties": { "u": 1431444846, "v": 1431444823, "key": 0, "osmid": "129809920", "lanes": null, "ref": null, "name": null, "highway": "residential", "maxspeed": null, "oneway": false, "reversed": "True", "length": 59.298, "bridge": null }, "geometry": { "type": "LineString", "coordinates": [ [ 133.538852600000013, 33.491613 ], [ 133.5382543, 33.4914248 ] ] } },
{ "type": "Feature", "properties": { "u": 1431444846, "v": 4934700953, "key": 0, "osmid": "503134622", "lanes": null, "ref": null, "name": null, "highway": "residential", "maxspeed": null, "oneway": false, "reversed": "False", "length": 33.388, "bridge": null }, "geometry": { "type": "LineString", "coordinates": [ [ 133.538852600000013, 33.491613 ], [ 133.5389726, 33.4913299 ] ] } },
{ "type": "Feature", "properties": { "u": 1431444846, "v": 4934700921, "key": 0, "osmid": "129809920", "lanes": null, "ref": null, "name": null, "highway": "residential", "maxspeed": null, "oneway": false, "reversed": "False", "length": 28.892, "bridge": null }, "geometry": { "type": "LineString", "coordinates": [ [ 133.538852600000013, 33.491613 ], [ 133.5389969, 33.491666 ], [ 133.539121599999987, 33.4917412 ] ] } },
{ "type": "Feature", "properties": { "u": 1431444846, "v": 4934700951, "key": 0, "osmid": "503134622", "lanes": null, "ref": null, "name": null, "highway": "residential", "maxspeed": null, "oneway": false, "reversed": "True", "length": 45.266, "bridge": null }, "geometry": { "type": "LineString", "coordinates": [ [ 133.538852600000013, 33.491613 ], [ 133.538774100000012, 33.4917784 ], [ 133.538703, 33.4919998 ] ] } },
{ "type": "Feature", "properties": { "u": 1431444863, "v": 1557771326, "key": 0, "osmid": "44405096", "lanes": "2", "ref": null, "name": null, "highway": "unclassified", "maxspeed": null, "oneway": false, "reversed": "False", "length": 11.415, "bridge": null }, "geometry": { "type": "LineString", "coordinates": [ [ 133.5412107, 33.4917167 ], [ 133.5412996, 33.4917877 ] ] } },
{ "type": "Feature", "properties": { "u": 1431444863, "v": 1431444827, "key": 0, "osmid": "44405096", "lanes": "2", "ref": null, "name": null, "highway": "unclassified", "maxspeed": null, "oneway": false, "reversed": "True", "length": 47.644, "bridge": null }, "geometry": { "type": "LineString", "coordinates": [ [ 133.5412107, 33.4917167 ], [ 133.540815900000013, 33.4914425 ] ] } },
{ "type": "Feature", "properties": { "u": 1431444863, "v": 1557771394, "key": 0, "osmid": "142326701", "lanes": null, "ref": null, "name": null, "highway": "unclassified", "maxspeed": null, "oneway": false, "reversed": "False", "length": 56.119, "bridge": null }, "geometry": { "type": "LineString", "coordinates": [ [ 133.5412107, 33.4917167 ], [ 133.5411613, 33.4917638 ], [ 133.5411277, 33.4918175 ], [ 133.541046599999987, 33.492193 ] ] } },
{ "type": "Feature", "properties": { "u": 1431444892, "v": 1557771380, "key": 0, "osmid": "129899437", "lanes": "2", "ref": null, "name": null, "highway": "tertiary", "maxspeed": null, "oneway": false, "reversed": "False", "length": 16.987, "bridge": null }, "geometry": { "type": "LineString", "coordinates": [ [ 133.539735900000011, 33.4919439 ], [ 133.5396797, 33.4920893 ] ] } },
{ "type": "Feature", "properties": { "u": 1431444892, "v": 4934700927, "key": 0, "osmid": "129899437", "lanes": "2", "ref": null, "name": null, "highway": "tertiary", "maxspeed": null, "oneway": false, "reversed": "True", "length": 36.369, "bridge": null }, "geometry": { "type": "LineString", "coordinates": [ [ 133.539735900000011, 33.4919439 ], [ 133.5398702, 33.4916366 ] ] } },
{ "type": "Feature", "properties": { "u": 1431444892, "v": 4934700921, "key": 0, "osmid": "129809920", "lanes": null, "ref": null, "name": null, "highway": "residential", "maxspeed": null, "oneway": false, "reversed": "True", "length": 61.568, "bridge": null }, "geometry": { "type": "LineString", "coordinates": [ [ 133.539735900000011, 33.4919439 ], [ 133.539365800000013, 33.491851 ], [ 133.539121599999987, 33.4917412 ] ] } },
{ "type": "Feature", "properties": { "u": 1431444905, "v": 1557771404, "key": 0, "osmid": "44405094", "lanes": "2", "ref": null, "name": null, "highway": "unclassified", "maxspeed": null, "oneway": false, "reversed": "False", "length": 75.719, "bridge": null }, "geometry": { "type": "LineString", "coordinates": [ [ 133.5361494, 33.4921062 ], [ 133.536944299999988, 33.4922619 ] ] } },
{ "type": "Feature", "properties": { "u": 1431444905, "v": 1431444832, "key": 0, "osmid": "44405094", "lanes": "2", "ref": null, "name": null, "highway": "unclassified", "maxspeed": null, "oneway": false, "reversed": "True", "length": 57.687, "bridge": null }, "geometry": { "type": "LineString", "coordinates": [ [ 133.5361494, 33.4921062 ], [ 133.536067800000012, 33.4916855 ], [ 133.5360796, 33.4915934 ] ] } },
{ "type": "Feature", "properties": { "u": 1431444905, "v": 1557771496, "key": 0, "osmid": "142326457", "lanes": null, "ref": null, "name": null, "highway": "unclassified", "maxspeed": null, "oneway": false, "reversed": "False", "length": 121.955, "bridge": null }, "geometry": { "type": "LineString", "coordinates": [ [ 133.5361494, 33.4921062 ], [ 133.53609320000001, 33.4921866 ], [ 133.5360771, 33.4923275 ], [ 133.5360262, 33.4924707 ], [ 133.5355835, 33.492663 ], [ 133.5355026, 33.4926682 ], [ 133.5352473, 33.4925842 ] ] } },
{ "type": "Feature", "properties": { "u": 1431444911, "v": 1557771393, "key": 0, "osmid": "142327205", "lanes": null, "ref": null, "name": null, "highway": "residential", "maxspeed": null, "oneway": false, "reversed": "False", "length": 8.938, "bridge": null }, "geometry": { "type": "LineString", "coordinates": [ [ 133.541699599999987, 33.4921447 ], [ 133.541772900000012, 33.4920925 ] ] } },
{ "type": "Feature", "properties": { "u": 1431444911, "v": 564442858, "key": 0, "osmid": "44405096", "lanes": "2", "ref": null, "name": null, "highway": "unclassified", "maxspeed": null, "oneway": false, "reversed": "False", "length": 129.86, "bridge": null }, "geometry": { "type": "LineString", "coordinates": [ [ 133.541699599999987, 33.4921447 ], [ 133.5418856, 33.4922879 ], [ 133.542743300000012, 33.4929233 ] ] } },
{ "type": "Feature", "properties": { "u": 1431444911, "v": 1557771326, "key": 0, "osmid": "44405096", "lanes": "2", "ref": null, "name": null, "highway": "unclassified", "maxspeed": null, "oneway": false, "reversed": "True", "length": 54.487, "bridge": null }, "geometry": { "type": "LineString", "coordinates": [ [ 133.541699599999987, 33.4921447 ], [ 133.5415185, 33.4920069 ], [ 133.5413919, 33.4918701 ], [ 133.5412996, 33.4917877 ] ] } },
{ "type": "Feature", "properties": { "u": 1431444911, "v": 1557771402, "key": 0, "osmid": "142325358", "lanes": null, "ref": null, "name": null, "highway": "unclassified", "maxspeed": null, "oneway": false, "reversed": "False", "length": 20.876, "bridge": null }, "geometry": { "type": "LineString", "coordinates": [ [ 133.541699599999987, 33.4921447 ], [ 133.5416595, 33.4921855 ], [ 133.541651, 33.4923203 ] ] } },
{ "type": "Feature", "properties": { "u": 1431445005, "v": 1431445037, "key": 0, "osmid": "129809752", "lanes": null, "ref": null, "name": null, "highway": "residential", "maxspeed": null, "oneway": false, "reversed": "False", "length": 48.13, "bridge": null }, "geometry": { "type": "LineString", "coordinates": [ [ 133.5455776, 33.4929302 ], [ 133.545207299999987, 33.4932335 ] ] } },
{ "type": "Feature", "properties": { "u": 1431445005, "v": 10179548526, "key": 0, "osmid": "129809752", "lanes": null, "ref": null, "name": null, "highway": "residential", "maxspeed": null, "oneway": false, "reversed": "True", "length": 55.233, "bridge": null }, "geometry": { "type": "LineString", "coordinates": [ [ 133.5455776, 33.4929302 ], [ 133.5458257, 33.4927251 ], [ 133.5459813, 33.4925659 ] ] } },
{ "type": "Feature", "properties": { "u": 1431445005, "v": 4942039820, "key": 0, "osmid": "503976757", "lanes": null, "ref": null, "name": null, "highway": "residential", "maxspeed": null, "oneway": false, "reversed": "True", "length": 78.6, "bridge": null }, "geometry": { "type": "LineString", "coordinates": [ [ 133.5455776, 33.4929302 ], [ 133.545371, 33.4927682 ], [ 133.544896200000011, 33.4925143 ] ] } },
{ "type": "Feature", "properties": { "u": 1431445009, "v": 4934700889, "key": 0, "osmid": "503134608", "lanes": null, "ref": null, "name": null, "highway": "residential", "maxspeed": null, "oneway": false, "reversed": "False", "length": 47.966, "bridge": null }, "geometry": { "type": "LineString", "coordinates": [ [ 133.5392329, 33.4930321 ], [ 133.53872770000001, 33.4929395 ] ] } },
{ "type": "Feature", "properties": { "u": 1431445009, "v": 1431445026, "key": 0, "osmid": "129809887", "lanes": null, "ref": null, "name": null, "highway": "unclassified", "maxspeed": null, "oneway": false, "reversed": "False", "length": 17.685, "bridge": null }, "geometry": { "type": "LineString", "coordinates": [ [ 133.5392329, 33.4930321 ], [ 133.5391948, 33.4930839 ], [ 133.5391155, 33.4931566 ] ] } },
{ "type": "Feature", "properties": { "u": 1431445009, "v": 564465067, "key": 0, "osmid": "129809887", "lanes": null, "ref": null, "name": null, "highway": "unclassified", "maxspeed": null, "oneway": false, "reversed": "True", "length": 36.487, "bridge": null }, "geometry": { "type": "LineString", "coordinates": [ [ 133.5392329, 33.4930321 ], [ 133.5392831, 33.4929529 ], [ 133.539358099999987, 33.4927839 ], [ 133.5393818, 33.492729 ] ] } },
{ "type": "Feature", "properties": { "u": 1431445026, "v": 1431445041, "key": 0, "osmid": "129809887", "lanes": null, "ref": null, "name": null, "highway": "unclassified", "maxspeed": null, "oneway": false, "reversed": "False", "length": 28.041, "bridge": null }, "geometry": { "type": "LineString", "coordinates": [ [ 133.5391155, 33.4931566 ], [ 133.539001899999988, 33.4932429 ], [ 133.5388738, 33.4933059 ] ] } },
{ "type": "Feature", "properties": { "u": 1431445026, "v": 1431445009, "key": 0, "osmid": "129809887", "lanes": null, "ref": null, "name": null, "highway": "unclassified", "maxspeed": null, "oneway": false, "reversed": "True", "length": 17.685, "bridge": null }, "geometry": { "type": "LineString", "coordinates": [ [ 133.5391155, 33.4931566 ], [ 133.5391948, 33.4930839 ], [ 133.5392329, 33.4930321 ] ] } },
{ "type": "Feature", "properties": { "u": 1431445026, "v": 4934700708, "key": 0, "osmid": "503134599", "lanes": null, "ref": null, "name": null, "highway": "residential", "maxspeed": null, "oneway": false, "reversed": "True", "length": 47.968, "bridge": null }, "geometry": { "type": "LineString", "coordinates": [ [ 133.5391155, 33.4931566 ], [ 133.5393226, 33.4933218 ], [ 133.539401700000013, 33.493352 ], [ 133.5395441, 33.4933681 ] ] } },
{ "type": "Feature", "properties": { "u": 1431445037, "v": 1431445005, "key": 0, "osmid": "129809752", "lanes": null, "ref": null, "name": null, "highway": "residential", "maxspeed": null, "oneway": false, "reversed": "True", "length": 48.13, "bridge": null }, "geometry": { "type": "LineString", "coordinates": [ [ 133.545207299999987, 33.4932335 ], [ 133.5455776, 33.4929302 ] ] } },
{ "type": "Feature", "properties": { "u": 1431445037, "v": 1431445051, "key": 0, "osmid": "129809752", "lanes": null, "ref": null, "name": null, "highway": "residential", "maxspeed": null, "oneway": false, "reversed": "False", "length": 31.671, "bridge": null }, "geometry": { "type": "LineString", "coordinates": [ [ 133.545207299999987, 33.4932335 ], [ 133.545166200000011, 33.4932854 ], [ 133.545043, 33.4934829 ] ] } },
{ "type": "Feature", "properties": { "u": 1431445037, "v": 4942039812, "key": 0, "osmid": "503976755", "lanes": null, "ref": null, "name": null, "highway": "residential", "maxspeed": null, "oneway": false, "reversed": "False", "length": 44.65, "bridge": null }, "geometry": { "type": "LineString", "coordinates": [ [ 133.545207299999987, 33.4932335 ], [ 133.5450887, 33.4931004 ], [ 133.5449465, 33.4929857 ], [ 133.544907, 33.4929231 ] ] } },
{ "type": "Feature", "properties": { "u": 1431445041, "v": 1431445046, "key": 0, "osmid": "129809887", "lanes": null, "ref": null, "name": null, "highway": "unclassified", "maxspeed": null, "oneway": false, "reversed": "False", "length": 6.446, "bridge": null }, "geometry": { "type": "LineString", "coordinates": [ [ 133.5388738, 33.4933059 ], [ 133.5388065, 33.4933204 ] ] } },
{ "type": "Feature", "properties": { "u": 1431445041, "v": 4934700865, "key": 0, "osmid": "503134600", "lanes": null, "ref": null, "name": null, "highway": "residential", "maxspeed": null, "oneway": false, "reversed": "True", "length": 30.139, "bridge": null }, "geometry": { "type": "LineString", "coordinates": [ [ 133.5388738, 33.4933059 ], [ 133.539050300000014, 33.4935335 ] ] } },
{ "type": "Feature", "properties": { "u": 1431445041, "v": 1431445026, "key": 0, "osmid": "129809887", "lanes": null, "ref": null, "name": null, "highway": "unclassified", "maxspeed": null, "oneway": false, "reversed": "True", "length": 28.041, "bridge": null }, "geometry": { "type": "LineString", "coordinates": [ [ 133.5388738, 33.4933059 ], [ 133.539001899999988, 33.4932429 ], [ 133.5391155, 33.4931566 ] ] } },
{ "type": "Feature", "properties": { "u": 1431445046, "v": 1431445041, "key": 0, "osmid": "129809887", "lanes": null, "ref": null, "name": null, "highway": "unclassified", "maxspeed": null, "oneway": false, "reversed": "True", "length": 6.446, "bridge": null }, "geometry": { "type": "LineString", "coordinates": [ [ 133.5388065, 33.4933204 ], [ 133.5388738, 33.4933059 ] ] } },
{ "type": "Feature", "properties": { "u": 1431445046, "v": 1431445063, "key": 0, "osmid": "129809887", "lanes": null, "ref": null, "name": null, "highway": "unclassified", "maxspeed": null, "oneway": false, "reversed": "False", "length": 36.565, "bridge": null }, "geometry": { "type": "LineString", "coordinates": [ [ 133.5388065, 33.4933204 ], [ 133.538658, 33.4934174 ], [ 133.5385559, 33.4935663 ] ] } },
{ "type": "Feature", "properties": { "u": 1431445046, "v": 4934700900, "key": 0, "osmid": "503134610", "lanes": null, "ref": null, "name": null, "highway": "residential", "maxspeed": null, "oneway": false, "reversed": "False", "length": 16.205, "bridge": null }, "geometry": { "type": "LineString", "coordinates": [ [ 133.5388065, 33.4933204 ], [ 133.5387687, 33.4932961 ], [ 133.5386507, 33.4932569 ] ] } },
{ "type": "Feature", "properties": { "u": 1431445051, "v": 1431445120, "key": 0, "osmid": "129809752", "lanes": null, "ref": null, "name": null, "highway": "residential", "maxspeed": null, "oneway": false, "reversed": "False", "length": 100.058, "bridge": null }, "geometry": { "type": "LineString", "coordinates": [ [ 133.545043, 33.4934829 ], [ 133.5445164, 33.4942683 ] ] } },
{ "type": "Feature", "properties": { "u": 1431445051, "v": 1431445037, "key": 0, "osmid": "129809752", "lanes": null, "ref": null, "name": null, "highway": "residential", "maxspeed": null, "oneway": false, "reversed": "True", "length": 31.671, "bridge": null }, "geometry": { "type": "LineString", "coordinates": [ [ 133.545043, 33.4934829 ], [ 133.545166200000011, 33.4932854 ], [ 133.545207299999987, 33.4932335 ] ] } },
{ "type": "Feature", "properties": { "u": 1431445051, "v": 4942039822, "key": 0, "osmid": "503976758", "lanes": null, "ref": null, "name": null, "highway": "residential", "maxspeed": null, "oneway": false, "reversed": "True", "length": 83.597, "bridge": null }, "geometry": { "type": "LineString", "coordinates": [ [ 133.545043, 33.4934829 ], [ 133.5450116, 33.4934661 ], [ 133.544857400000012, 33.4933386 ], [ 133.544628, 33.4931563 ], [ 133.544365199999987, 33.4929896 ] ] } },
{ "type": "Feature", "properties": { "u": 1431445063, "v": 1431445100, "key": 0, "osmid": "129809887", "lanes": null, "ref": null, "name": null, "highway": "unclassified", "maxspeed": null, "oneway": false, "reversed": "False", "length": 57.099, "bridge": null }, "geometry": { "type": "LineString", "coordinates": [ [ 133.5385559, 33.4935663 ], [ 133.5385029, 33.4936539 ], [ 133.5384379, 33.4937867 ], [ 133.5383522, 33.4940491 ] ] } },
{ "type": "Feature", "properties": { "u": 1431445063, "v": 1431445046, "key": 0, "osmid": "129809887", "lanes": null, "ref": null, "name": null, "highway": "unclassified", "maxspeed": null, "oneway": false, "reversed": "True", "length": 36.565, "bridge": null }, "geometry": { "type": "LineString", "coordinates": [ [ 133.5385559, 33.4935663 ], [ 133.538658, 33.4934174 ], [ 133.5388065, 33.4933204 ] ] } },
{ "type": "Feature", "properties": { "u": 1431445063, "v": 1557771652, "key": 0, "osmid": "503134609", "lanes": null, "ref": null, "name": null, "highway": "residential", "maxspeed": null, "oneway": false, "reversed": "True", "length": 61.465, "bridge": null }, "geometry": { "type": "LineString", "coordinates": [ [ 133.5385559, 33.4935663 ], [ 133.5383369, 33.4934974 ], [ 133.5381706, 33.4934616 ], [ 133.5379159, 33.4934329 ] ] } },
{ "type": "Feature", "properties": { "u": 1431445100, "v": 1431445117, "key": 0, "osmid": "129809887", "lanes": null, "ref": null, "name": null, "highway": "unclassified", "maxspeed": null, "oneway": false, "reversed": "False", "length": 10.547, "bridge": null }, "geometry": { "type": "LineString", "coordinates": [ [ 133.5383522, 33.4940491 ], [ 133.538326500000011, 33.4941415 ] ] } },
{ "type": "Feature", "properties": { "u": 1431445100, "v": 1431445063, "key": 0, "osmid": "129809887", "lanes": null, "ref": null, "name": null, "highway": "unclassified", "maxspeed": null, "oneway": false, "reversed": "True", "length": 57.099, "bridge": null }, "geometry": { "type": "LineString", "coordinates": [ [ 133.5383522, 33.4940491 ], [ 133.5384379, 33.4937867 ], [ 133.5385029, 33.4936539 ], [ 133.5385559, 33.4935663 ] ] } },
{ "type": "Feature", "properties": { "u": 1431445100, "v": 1557771652, "key": 0, "osmid": "142325083", "lanes": null, "ref": null, "name": null, "highway": "unclassified", "maxspeed": null, "oneway": false, "reversed": "False", "length": 85.768, "bridge": null }, "geometry": { "type": "LineString", "coordinates": [ [ 133.5383522, 33.4940491 ], [ 133.5381681, 33.4939725 ], [ 133.5380365, 33.4938591 ], [ 133.5379718, 33.4937468 ], [ 133.5379159, 33.4934329 ] ] } },
{ "type": "Feature", "properties": { "u": 1431445117, "v": 1431445147, "key": 0, "osmid": "129809887", "lanes": null, "ref": null, "name": null, "highway": "unclassified", "maxspeed": null, "oneway": false, "reversed": "False", "length": 42.751, "bridge": null }, "geometry": { "type": "LineString", "coordinates": [ [ 133.538326500000011, 33.4941415 ], [ 133.5382519, 33.4945209 ] ] } },
{ "type": "Feature", "properties": { "u": 1431445117, "v": 1431445100, "key": 0, "osmid": "129809887", "lanes": null, "ref": null, "name": null, "highway": "unclassified", "maxspeed": null, "oneway": false, "reversed": "True", "length": 10.547, "bridge": null }, "geometry": { "type": "LineString", "coordinates": [ [ 133.538326500000011, 33.4941415 ], [ 133.5383522, 33.4940491 ] ] } },
{ "type": "Feature", "properties": { "u": 1431445117, "v": 1557771813, "key": 0, "osmid": "142326131", "lanes": null, "ref": null, "name": null, "highway": "unclassified", "maxspeed": null, "oneway": false, "reversed": "True", "length": 57.671, "bridge": null }, "geometry": { "type": "LineString", "coordinates": [ [ 133.538326500000011, 33.4941415 ], [ 133.5389476, 33.4941681 ] ] } },
{ "type": "Feature", "properties": { "u": 1431445120, "v": 1431445051, "key": 0, "osmid": "129809752", "lanes": null, "ref": null, "name": null, "highway": "residential", "maxspeed": null, "oneway": false, "reversed": "True", "length": 100.058, "bridge": null }, "geometry": { "type": "LineString", "coordinates": [ [ 133.5445164, 33.4942683 ], [ 133.545043, 33.4934829 ] ] } },
{ "type": "Feature", "properties": { "u": 1431445120, "v": 4942039804, "key": 0, "osmid": "44405096", "lanes": "2", "ref": null, "name": null, "highway": "unclassified", "maxspeed": null, "oneway": false, "reversed": "True", "length": 45.814, "bridge": null }, "geometry": { "type": "LineString", "coordinates": [ [ 133.5445164, 33.4942683 ], [ 133.5444156, 33.4941632 ], [ 133.5441904, 33.493959 ] ] } },
{ "type": "Feature", "properties": { "u": 1431445147, "v": 1431445117, "key": 0, "osmid": "129809887", "lanes": null, "ref": null, "name": null, "highway": "unclassified", "maxspeed": null, "oneway": false, "reversed": "True", "length": 42.751, "bridge": null }, "geometry": { "type": "LineString", "coordinates": [ [ 133.5382519, 33.4945209 ], [ 133.538326500000011, 33.4941415 ] ] } },
{ "type": "Feature", "properties": { "u": 1431445147, "v": 1557771961, "key": 0, "osmid": "503134601", "lanes": null, "ref": null, "name": null, "highway": "residential", "maxspeed": null, "oneway": false, "reversed": "False", "length": 113.017, "bridge": null }, "geometry": { "type": "LineString", "coordinates": [ [ 133.5382519, 33.4945209 ], [ 133.539465299999989, 33.4946163 ] ] } },
{ "type": "Feature", "properties": { "u": 1431445147, "v": 1431445200, "key": 0, "osmid": "129809887", "lanes": null, "ref": null, "name": null, "highway": "unclassified", "maxspeed": null, "oneway": false, "reversed": "False", "length": 32.739, "bridge": null }, "geometry": { "type": "LineString", "coordinates": [ [ 133.5382519, 33.4945209 ], [ 133.5381602, 33.4946491 ], [ 133.538064600000013, 33.4947704 ] ] } },
{ "type": "Feature", "properties": { "u": 1431445200, "v": 1557772304, "key": 0, "osmid": "129809887", "lanes": null, "ref": null, "name": null, "highway": "unclassified", "maxspeed": null, "oneway": false, "reversed": "False", "length": 123.12, "bridge": null }, "geometry": { "type": "LineString", "coordinates": [ [ 133.538064600000013, 33.4947704 ], [ 133.5379469, 33.4948808 ], [ 133.5378957, 33.4949423 ], [ 133.537843, 33.4950252 ], [ 133.5376924, 33.4953115 ], [ 133.537464199999988, 33.4957502 ] ] } },
{ "type": "Feature", "properties": { "u": 1431445200, "v": 1431445147, "key": 0, "osmid": "129809887", "lanes": null, "ref": null, "name": null, "highway": "unclassified", "maxspeed": null, "oneway": false, "reversed": "True", "length": 32.739, "bridge": null }, "geometry": { "type": "LineString", "coordinates": [ [ 133.538064600000013, 33.4947704 ], [ 133.5381602, 33.4946491 ], [ 133.5382519, 33.4945209 ] ] } },
{ "type": "Feature", "properties": { "u": 1431445200, "v": 1557771961, "key": 0, "osmid": "142327661", "lanes": null, "ref": null, "name": null, "highway": "unclassified", "maxspeed": null, "oneway": false, "reversed": "False", "length": 144.534, "bridge": null }, "geometry": { "type": "LineString", "coordinates": [ [ 133.538064600000013, 33.4947704 ], [ 133.5381725, 33.4948499 ], [ 133.538299200000012, 33.4948917 ], [ 133.538746300000014, 33.4949255 ], [ 133.5389274, 33.4949065 ], [ 133.539177099999989, 33.494816 ], [ 133.539465299999989, 33.4946163 ] ] } },
{ "type": "Feature", "properties": { "u": 1431984860, "v": 769146914, "key": 0, "osmid": "129853961", "lanes": "2", "ref": null, "name": null, "highway": "tertiary", "maxspeed": null, "oneway": false, "reversed": "False", "length": 10.514, "bridge": null }, "geometry": { "type": "LineString", "coordinates": [ [ 133.5336701, 33.4951217 ], [ 133.5335596, 33.4951005 ] ] } },
{ "type": "Feature", "properties": { "u": 1431984860, "v": 5487611876, "key": 0, "osmid": "570811425", "lanes": null, "ref": null, "name": null, "highway": "footway", "maxspeed": null, "oneway": false, "reversed": "False", "length": 9.958, "bridge": null }, "geometry": { "type": "LineString", "coordinates": [ [ 133.5336701, 33.4951217 ], [ 133.5336831, 33.4950328 ] ] } },
{ "type": "Feature", "properties": { "u": 1431984860, "v": 5487611875, "key": 0, "osmid": "570811425", "lanes": null, "ref": null, "name": null, "highway": "footway", "maxspeed": null, "oneway": false, "reversed": "True", "length": 12.69, "bridge": null }, "geometry": { "type": "LineString", "coordinates": [ [ 133.5336701, 33.4951217 ], [ 133.5336527, 33.4952349 ] ] } },
{ "type": "Feature", "properties": { "u": 1431984860, "v": 1431984872, "key": 0, "osmid": "129853961", "lanes": "2", "ref": null, "name": null, "highway": "tertiary", "maxspeed": null, "oneway": false, "reversed": "True", "length": 82.081, "bridge": null }, "geometry": { "type": "LineString", "coordinates": [ [ 133.5336701, 33.4951217 ], [ 133.5342264, 33.4952348 ], [ 133.5343499, 33.4953068 ], [ 133.5344102, 33.495369 ], [ 133.5344331, 33.4954206 ] ] } },
{ "type": "Feature", "properties": { "u": 1431984872, "v": 1557772194, "key": 0, "osmid": "142326268", "lanes": null, "ref": null, "name": null, "highway": "unclassified", "maxspeed": null, "oneway": false, "reversed": "True", "length": 16.238, "bridge": null }, "geometry": { "type": "LineString", "coordinates": [ [ 133.5344331, 33.4954206 ], [ 133.5346077, 33.4954094 ] ] } },
{ "type": "Feature", "properties": { "u": 1431984872, "v": 1431984860, "key": 0, "osmid": "129853961", "lanes": "2", "ref": null, "name": null, "highway": "tertiary", "maxspeed": null, "oneway": false, "reversed": "False", "length": 82.081, "bridge": null }, "geometry": { "type": "LineString", "coordinates": [ [ 133.5344331, 33.4954206 ], [ 133.5344102, 33.495369 ], [ 133.5343499, 33.4953068 ], [ 133.5342264, 33.4952348 ], [ 133.5336701, 33.4951217 ] ] } },
{ "type": "Feature", "properties": { "u": 1431984872, "v": 1557772509, "key": 0, "osmid": "129853961", "lanes": "2", "ref": null, "name": null, "highway": "tertiary", "maxspeed": null, "oneway": false, "reversed": "True", "length": 142.545, "bridge": null }, "geometry": { "type": "LineString", "coordinates": [ [ 133.5344331, 33.4954206 ], [ 133.534469300000012, 33.4955411 ], [ 133.534189199999986, 33.496675 ] ] } },
{ "type": "Feature", "properties": { "u": 1431985063, "v": 4942039895, "key": 0, "osmid": "503976783", "lanes": null, "ref": null, "name": null, "highway": "unclassified", "maxspeed": null, "oneway": false, "reversed": "False", "length": 12.606, "bridge": null }, "geometry": { "type": "LineString", "coordinates": [ [ 133.5390414, 33.499098 ], [ 133.539071799999988, 33.4989875 ] ] } },
{ "type": "Feature", "properties": { "u": 1431985063, "v": 5483895542, "key": 0, "osmid": "672251091", "lanes": null, "ref": null, "name": null, "highway": "unclassified", "maxspeed": null, "oneway": false, "reversed": "False", "length": 161.552, "bridge": null }, "geometry": { "type": "LineString", "coordinates": [ [ 133.5390414, 33.499098 ], [ 133.5387639, 33.4990302 ], [ 133.538039700000013, 33.4988741 ], [ 133.5373462, 33.4987679 ] ] } },
{ "type": "Feature", "properties": { "u": 1431985063, "v": 1557773247, "key": 0, "osmid": "672251091", "lanes": null, "ref": null, "name": null, "highway": "unclassified", "maxspeed": null, "oneway": false, "reversed": "True", "length": 156.123, "bridge": null }, "geometry": { "type": "LineString", "coordinates": [ [ 133.5390414, 33.499098 ], [ 133.5400045, 33.4993245 ], [ 133.540372499999989, 33.4994017 ], [ 133.5406692, 33.4994553 ] ] } },
{ "type": "Feature", "properties": { "u": 1557770226, "v": 1431444606, "key": 0, "osmid": "35062133", "lanes": "2", "ref": "14", "name": "春野赤岡線", "highway": "primary", "maxspeed": "50", "oneway": false, "reversed": "False", "length": 46.004, "bridge": null }, "geometry": { "type": "LineString", "coordinates": [ [ 133.5365237, 33.4845798 ], [ 133.536960099999988, 33.4847765 ] ] } },
{ "type": "Feature", "properties": { "u": 1557770226, "v": 5487612026, "key": 0, "osmid": "1121889618", "lanes": null, "ref": null, "name": null, "highway": "unclassified", "maxspeed": null, "oneway": false, "reversed": "False", "length": 3.757, "bridge": null }, "geometry": { "type": "LineString", "coordinates": [ [ 133.5365237, 33.4845798 ], [ 133.536495800000012, 33.4846043 ] ] } },
{ "type": "Feature", "properties": { "u": 1557770403, "v": 10261046315, "key": 0, "osmid": "142326592", "lanes": null, "ref": null, "name": null, "highway": "unclassified", "maxspeed": null, "oneway": false, "reversed": "True", "length": 15.194, "bridge": null }, "geometry": { "type": "LineString", "coordinates": [ [ 133.5394923, 33.4859422 ], [ 133.5393406, 33.4858906 ] ] } },
{ "type": "Feature", "properties": { "u": 1557770403, "v": 10179267611, "key": 0, "osmid": "1112618644", "lanes": null, "ref": null, "name": null, "highway": "unclassified", "maxspeed": null, "oneway": false, "reversed": "False", "length": 26.627, "bridge": null }, "geometry": { "type": "LineString", "coordinates": [ [ 133.5394923, 33.4859422 ], [ 133.5396274, 33.4857309 ] ] } },
{ "type": "Feature", "properties": { "u": 1557770403, "v": 4933375081, "key": 0, "osmid": "142326592", "lanes": null, "ref": null, "name": null, "highway": "unclassified", "maxspeed": null, "oneway": false, "reversed": "False", "length": 101.796, "bridge": null }, "geometry": { "type": "LineString", "coordinates": [ [ 133.5394923, 33.4859422 ], [ 133.5399311, 33.4861066 ], [ 133.5403203, 33.486254 ], [ 133.5404844, 33.4863325 ] ] } },
{ "type": "Feature", "properties": { "u": 1557770479, "v": 1557770535, "key": 0, "osmid": "142326214", "lanes": null, "ref": null, "name": null, "highway": "unclassified", "maxspeed": null, "oneway": false, "reversed": "True", "length": 57.219, "bridge": null }, "geometry": { "type": "LineString", "coordinates": [ [ 133.5410967, 33.4866178 ], [ 133.5410154, 33.4867561 ], [ 133.540876, 33.4870974 ] ] } },
{ "type": "Feature", "properties": { "u": 1557770479, "v": 10179267609, "key": 0, "osmid": "142326592", "lanes": null, "ref": null, "name": null, "highway": "unclassified", "maxspeed": null, "oneway": false, "reversed": "True", "length": 37.88, "bridge": null }, "geometry": { "type": "LineString", "coordinates": [ [ 133.5410967, 33.4866178 ], [ 133.540766499999989, 33.4864675 ], [ 133.5407385, 33.4864541 ] ] } },
{ "type": "Feature", "properties": { "u": 1557770479, "v": 1557770489, "key": 0, "osmid": "142326613", "lanes": null, "ref": null, "name": null, "highway": "unclassified", "maxspeed": null, "oneway": false, "reversed": "True", "length": 53.14, "bridge": null }, "geometry": { "type": "LineString", "coordinates": [ [ 133.5410967, 33.4866178 ], [ 133.5413443, 33.4867043 ], [ 133.5416348, 33.4867806 ] ] } },
{ "type": "Feature", "properties": { "u": 1557770489, "v": 5487611916, "key": 0, "osmid": "1112618642", "lanes": null, "ref": null, "name": null, "highway": "path", "maxspeed": null, "oneway": false, "reversed": "False", "length": 36.146, "bridge": null }, "geometry": { "type": "LineString", "coordinates": [ [ 133.5416348, 33.4867806 ], [ 133.5417343, 33.4864663 ] ] } },
{ "type": "Feature", "properties": { "u": 1557770489, "v": 1557770479, "key": 0, "osmid": "142326613", "lanes": null, "ref": null, "name": null, "highway": "unclassified", "maxspeed": null, "oneway": false, "reversed": "False", "length": 53.14, "bridge": null }, "geometry": { "type": "LineString", "coordinates": [ [ 133.5416348, 33.4867806 ], [ 133.5413443, 33.4867043 ], [ 133.5410967, 33.4866178 ] ] } },
{ "type": "Feature", "properties": { "u": 1557770489, "v": 1557770523, "key": 0, "osmid": "142326613", "lanes": null, "ref": null, "name": null, "highway": "unclassified", "maxspeed": null, "oneway": false, "reversed": "True", "length": 68.629, "bridge": null }, "geometry": { "type": "LineString", "coordinates": [ [ 133.5416348, 33.4867806 ], [ 133.5420192, 33.4868955 ], [ 133.542320100000012, 33.4870119 ] ] } },
{ "type": "Feature", "properties": { "u": 1557770523, "v": 564465050, "key": 0, "osmid": "44407520", "lanes": "2", "ref": null, "name": null, "highway": "tertiary", "maxspeed": null, "oneway": false, "reversed": "False", "length": 63.506, "bridge": null }, "geometry": { "type": "LineString", "coordinates": [ [ 133.542320100000012, 33.4870119 ], [ 133.5421326, 33.4875612 ] ] } },
{ "type": "Feature", "properties": { "u": 1557770523, "v": 10179267615, "key": 0, "osmid": "44407520", "lanes": "2", "ref": null, "name": null, "highway": "tertiary", "maxspeed": null, "oneway": false, "reversed": "True", "length": 29.504, "bridge": null }, "geometry": { "type": "LineString", "coordinates": [ [ 133.542320100000012, 33.4870119 ], [ 133.54239960000001, 33.4867882 ], [ 133.5424092, 33.4867572 ] ] } },
{ "type": "Feature", "properties": { "u": 1557770523, "v": 1557770489, "key": 0, "osmid": "142326613", "lanes": null, "ref": null, "name": null, "highway": "unclassified", "maxspeed": null, "oneway": false, "reversed": "False", "length": 68.629, "bridge": null }, "geometry": { "type": "LineString", "coordinates": [ [ 133.542320100000012, 33.4870119 ], [ 133.5420192, 33.4868955 ], [ 133.5416348, 33.4867806 ] ] } },
{ "type": "Feature", "properties": { "u": 1557770523, "v": 10179267606, "key": 0, "osmid": "142327449", "lanes": null, "ref": null, "name": null, "highway": "unclassified", "maxspeed": null, "oneway": false, "reversed": "True", "length": 92.759, "bridge": null }, "geometry": { "type": "LineString", "coordinates": [ [ 133.542320100000012, 33.4870119 ], [ 133.542648500000013, 33.4871185 ], [ 133.5430374, 33.4872509 ], [ 133.5432573, 33.4873004 ] ] } },
{ "type": "Feature", "properties": { "u": 1557770535, "v": 1557770660, "key": 0, "osmid": "142325858", "lanes": null, "ref": null, "name": null, "highway": "unclassified", "maxspeed": null, "oneway": false, "reversed": "False", "length": 120.131, "bridge": null }, "geometry": { "type": "LineString", "coordinates": [ [ 133.540876, 33.4870974 ], [ 133.5404349, 33.4881132 ] ] } },
{ "type": "Feature", "properties": { "u": 1557770535, "v": 1557770566, "key": 0, "osmid": "142326331", "lanes": null, "ref": null, "name": null, "highway": "unclassified", "maxspeed": null, "oneway": false, "reversed": "False", "length": 49.85, "bridge": null }, "geometry": { "type": "LineString", "coordinates": [ [ 133.540876, 33.4870974 ], [ 133.5413716, 33.487271 ] ] } },
{ "type": "Feature", "properties": { "u": 1557770535, "v": 1557770479, "key": 0, "osmid": "142326214", "lanes": null, "ref": null, "name": null, "highway": "unclassified", "maxspeed": null, "oneway": false, "reversed": "False", "length": 57.219, "bridge": null }, "geometry": { "type": "LineString", "coordinates": [ [ 133.540876, 33.4870974 ], [ 133.5410154, 33.4867561 ], [ 133.5410967, 33.4866178 ] ] } },
{ "type": "Feature", "properties": { "u": 1557770535, "v": 10179267608, "key": 0, "osmid": "142326331", "lanes": null, "ref": null, "name": null, "highway": "unclassified", "maxspeed": null, "oneway": false, "reversed": "True", "length": 40.672, "bridge": null }, "geometry": { "type": "LineString", "coordinates": [ [ 133.540876, 33.4870974 ], [ 133.540631499999989, 33.4869925 ], [ 133.5404814, 33.4869382 ] ] } },
{ "type": "Feature", "properties": { "u": 1557770566, "v": 1557770590, "key": 0, "osmid": "142326331", "lanes": null, "ref": null, "name": null, "highway": "unclassified", "maxspeed": null, "oneway": false, "reversed": "False", "length": 33.879, "bridge": null }, "geometry": { "type": "LineString", "coordinates": [ [ 133.5413716, 33.487271 ], [ 133.5417046, 33.4873963 ] ] } },
{ "type": "Feature", "properties": { "u": 1557770566, "v": 1557770535, "key": 0, "osmid": "142326331", "lanes": null, "ref": null, "name": null, "highway": "unclassified", "maxspeed": null, "oneway": false, "reversed": "True", "length": 49.85, "bridge": null }, "geometry": { "type": "LineString", "coordinates": [ [ 133.5413716, 33.487271 ], [ 133.540876, 33.4870974 ] ] } },
{ "type": "Feature", "properties": { "u": 1557770566, "v": 4934701026, "key": 0, "osmid": "503134639", "lanes": null, "ref": null, "name": null, "highway": "residential", "maxspeed": null, "oneway": false, "reversed": "False", "length": 112.772, "bridge": null }, "geometry": { "type": "LineString", "coordinates": [ [ 133.5413716, 33.487271 ], [ 133.5409373, 33.4882183 ] ] } },
{ "type": "Feature", "properties": { "u": 1557770590, "v": 564465050, "key": 0, "osmid": "142326331", "lanes": null, "ref": null, "name": null, "highway": "unclassified", "maxspeed": null, "oneway": false, "reversed": "False", "length": 43.722, "bridge": null }, "geometry": { "type": "LineString", "coordinates": [ [ 133.5417046, 33.4873963 ], [ 133.5421326, 33.4875612 ] ] } },
{ "type": "Feature", "properties": { "u": 1557770590, "v": 1557770566, "key": 0, "osmid": "142326331", "lanes": null, "ref": null, "name": null, "highway": "unclassified", "maxspeed": null, "oneway": false, "reversed": "True", "length": 33.879, "bridge": null }, "geometry": { "type": "LineString", "coordinates": [ [ 133.5417046, 33.4873963 ], [ 133.5413716, 33.487271 ] ] } },
{ "type": "Feature", "properties": { "u": 1557770590, "v": 4934701009, "key": 0, "osmid": "503134640", "lanes": null, "ref": null, "name": null, "highway": "residential", "maxspeed": null, "oneway": false, "reversed": "False", "length": 111.44, "bridge": null }, "geometry": { "type": "LineString", "coordinates": [ [ 133.5417046, 33.4873963 ], [ 133.5412517, 33.4883246 ] ] } },
{ "type": "Feature", "properties": { "u": 1557770618, "v": 1557770630, "key": 0, "osmid": "142327016", "lanes": null, "ref": null, "name": null, "highway": "unclassified", "maxspeed": null, "oneway": false, "reversed": "False", "length": 37.987, "bridge": null }, "geometry": { "type": "LineString", "coordinates": [ [ 133.542512, 33.4876649 ], [ 133.5428934, 33.4877895 ] ] } },
{ "type": "Feature", "properties": { "u": 1557770618, "v": 564465050, "key": 0, "osmid": "142327016", "lanes": null, "ref": null, "name": null, "highway": "unclassified", "maxspeed": null, "oneway": false, "reversed": "True", "length": 37.026, "bridge": null }, "geometry": { "type": "LineString", "coordinates": [ [ 133.542512, 33.4876649 ], [ 133.5421326, 33.4875612 ] ] } },
{ "type": "Feature", "properties": { "u": 1557770618, "v": 4934701018, "key": 0, "osmid": "503134645", "lanes": null, "ref": null, "name": null, "highway": "residential", "maxspeed": null, "oneway": false, "reversed": "False", "length": 91.159, "bridge": null }, "geometry": { "type": "LineString", "coordinates": [ [ 133.542512, 33.4876649 ], [ 133.5426593, 33.4873392 ], [ 133.5427116, 33.4873314 ], [ 133.5432051, 33.4874466 ] ] } },
{ "type": "Feature", "properties": { "u": 1557770626, "v": 4934701014, "key": 0, "osmid": "142325434", "lanes": null, "ref": null, "name": null, "highway": "unclassified", "maxspeed": null, "oneway": false, "reversed": "True", "length": 20.991, "bridge": null }, "geometry": { "type": "LineString", "coordinates": [ [ 133.5445298, 33.4876823 ], [ 133.5444287, 33.4878512 ] ] } },
{ "type": "Feature", "properties": { "u": 1557770626, "v": 10179625669, "key": 0, "osmid": "142326507", "lanes": null, "ref": null, "name": null, "highway": "unclassified", "maxspeed": null, "oneway": false, "reversed": "True", "length": 157.377, "bridge": null }, "geometry": { "type": "LineString", "coordinates": [ [ 133.5445298, 33.4876823 ], [ 133.5452436, 33.4879343 ], [ 133.545507500000014, 33.4880069 ], [ 133.5455687, 33.4880189 ], [ 133.5456299, 33.4880333 ], [ 133.5456816, 33.4880539 ], [ 133.5457523, 33.4880862 ], [ 133.5459033, 33.4881693 ], [ 133.5460718, 33.4882572 ] ] } },
{ "type": "Feature", "properties": { "u": 1557770626, "v": 10179267604, "key": 0, "osmid": "142327449", "lanes": null, "ref": null, "name": null, "highway": "unclassified", "maxspeed": null, "oneway": false, "reversed": "False", "length": 81.399, "bridge": null }, "geometry": { "type": "LineString", "coordinates": [ [ 133.5445298, 33.4876823 ], [ 133.54433, 33.487608 ], [ 133.5440735, 33.4875121 ], [ 133.5437162, 33.4874095 ] ] } },
{ "type": "Feature", "properties": { "u": 1557770630, "v": 1557770642, "key": 0, "osmid": "142327016", "lanes": null, "ref": null, "name": null, "highway": "unclassified", "maxspeed": null, "oneway": false, "reversed": "False", "length": 14.222, "bridge": null }, "geometry": { "type": "LineString", "coordinates": [ [ 133.5428934, 33.4877895 ], [ 133.5430374, 33.4878335 ] ] } },
{ "type": "Feature", "properties": { "u": 1557770630, "v": 1557770618, "key": 0, "osmid": "142327016", "lanes": null, "ref": null, "name": null, "highway": "unclassified", "maxspeed": null, "oneway": false, "reversed": "True", "length": 37.987, "bridge": null }, "geometry": { "type": "LineString", "coordinates": [ [ 133.5428934, 33.4877895 ], [ 133.542512, 33.4876649 ] ] } },
{ "type": "Feature", "properties": { "u": 1557770630, "v": 4934701011, "key": 0, "osmid": "503134642", "lanes": null, "ref": null, "name": null, "highway": "residential", "maxspeed": null, "oneway": false, "reversed": "False", "length": 68.874, "bridge": null }, "geometry": { "type": "LineString", "coordinates": [ [ 133.5428934, 33.4877895 ], [ 133.5426821, 33.4881993 ], [ 133.5424908, 33.4881316 ] ] } },
{ "type": "Feature", "properties": { "u": 1557770642, "v": 1557770630, "key": 0, "osmid": "142327016", "lanes": null, "ref": null, "name": null, "highway": "unclassified", "maxspeed": null, "oneway": false, "reversed": "True", "length": 14.222, "bridge": null }, "geometry": { "type": "LineString", "coordinates": [ [ 133.5430374, 33.4878335 ], [ 133.5428934, 33.4877895 ] ] } },
{ "type": "Feature", "properties": { "u": 1557770642, "v": 4934701018, "key": 0, "osmid": "503134645", "lanes": null, "ref": null, "name": null, "highway": "residential", "maxspeed": null, "oneway": false, "reversed": "True", "length": 45.746, "bridge": null }, "geometry": { "type": "LineString", "coordinates": [ [ 133.5430374, 33.4878335 ], [ 133.5432051, 33.4874466 ] ] } },
{ "type": "Feature", "properties": { "u": 1557770642, "v": 1557770652, "key": 0, "osmid": "142327016", "lanes": null, "ref": null, "name": null, "highway": "unclassified", "maxspeed": null, "oneway": false, "reversed": "False", "length": 53.595, "bridge": null }, "geometry": { "type": "LineString", "coordinates": [ [ 133.5430374, 33.4878335 ], [ 133.5432811, 33.4879117 ], [ 133.543569100000013, 33.4880218 ] ] } },
{ "type": "Feature", "properties": { "u": 1557770652, "v": 1557770695, "key": 0, "osmid": "142327016", "lanes": null, "ref": null, "name": null, "highway": "unclassified", "maxspeed": null, "oneway": false, "reversed": "False", "length": 62.858, "bridge": null }, "geometry": { "type": "LineString", "coordinates": [ [ 133.543569100000013, 33.4880218 ], [ 133.5441782, 33.4882698 ] ] } },
{ "type": "Feature", "properties": { "u": 1557770652, "v": 4934701017, "key": 0, "osmid": "503134644", "lanes": null, "ref": null, "name": null, "highway": "residential", "maxspeed": null, "oneway": false, "reversed": "True", "length": 50.6, "bridge": null }, "geometry": { "type": "LineString", "coordinates": [ [ 133.543569100000013, 33.4880218 ], [ 133.543783100000013, 33.4876032 ] ] } },
{ "type": "Feature", "properties": { "u": 1557770652, "v": 1557770642, "key": 0, "osmid": "142327016", "lanes": null, "ref": null, "name": null, "highway": "unclassified", "maxspeed": null, "oneway": false, "reversed": "True", "length": 53.595, "bridge": null }, "geometry": { "type": "LineString", "coordinates": [ [ 133.543569100000013, 33.4880218 ], [ 133.5432811, 33.4879117 ], [ 133.5430374, 33.4878335 ] ] } },
{ "type": "Feature", "properties": { "u": 1557770660, "v": 1557770712, "key": 0, "osmid": "142325858", "lanes": null, "ref": null, "name": null, "highway": "unclassified", "maxspeed": null, "oneway": false, "reversed": "False", "length": 30.365, "bridge": null }, "geometry": { "type": "LineString", "coordinates": [ [ 133.5404349, 33.4881132 ], [ 133.5403162, 33.4883677 ] ] } },
{ "type": "Feature", "properties": { "u": 1557770660, "v": 1557770535, "key": 0, "osmid": "142325858", "lanes": null, "ref": null, "name": null, "highway": "unclassified", "maxspeed": null, "oneway": false, "reversed": "True", "length": 120.131, "bridge": null }, "geometry": { "type": "LineString", "coordinates": [ [ 133.5404349, 33.4881132 ], [ 133.540876, 33.4870974 ] ] } },
{ "type": "Feature", "properties": { "u": 1557770660, "v": 1431444647, "key": 0, "osmid": "503134646", "lanes": null, "ref": null, "name": null, "highway": "residential", "maxspeed": null, "oneway": false, "reversed": "True", "length": 41.118, "bridge": null }, "geometry": { "type": "LineString", "coordinates": [ [ 133.5404349, 33.4881132 ], [ 133.539994400000012, 33.4880711 ] ] } },
{ "type": "Feature", "properties": { "u": 1557770660, "v": 4934701026, "key": 0, "osmid": "503134646", "lanes": null, "ref": null, "name": null, "highway": "residential", "maxspeed": null, "oneway": false, "reversed": "False", "length": 48.364, "bridge": null }, "geometry": { "type": "LineString", "coordinates": [ [ 133.5404349, 33.4881132 ], [ 133.540671800000013, 33.4881367 ], [ 133.5409373, 33.4882183 ] ] } },
{ "type": "Feature", "properties": { "u": 1557770695, "v": 4934701014, "key": 0, "osmid": "142325434", "lanes": null, "ref": null, "name": null, "highway": "unclassified", "maxspeed": null, "oneway": false, "reversed": "False", "length": 52.021, "bridge": null }, "geometry": { "type": "LineString", "coordinates": [ [ 133.5441782, 33.4882698 ], [ 133.5444287, 33.4878512 ] ] } },
{ "type": "Feature", "properties": { "u": 1557770695, "v": 1557770652, "key": 0, "osmid": "142327016", "lanes": null, "ref": null, "name": null, "highway": "unclassified", "maxspeed": null, "oneway": false, "reversed": "True", "length": 62.858, "bridge": null }, "geometry": { "type": "LineString", "coordinates": [ [ 133.5441782, 33.4882698 ], [ 133.543569100000013, 33.4880218 ] ] } },
{ "type": "Feature", "properties": { "u": 1557770695, "v": 4933375075, "key": 0, "osmid": "142327016", "lanes": null, "ref": null, "name": null, "highway": "unclassified", "maxspeed": null, "oneway": false, "reversed": "False", "length": 237.29, "bridge": null }, "geometry": { "type": "LineString", "coordinates": [ [ 133.5441782, 33.4882698 ], [ 133.5445274, 33.4883805 ], [ 133.5450625, 33.488536 ], [ 133.5452905, 33.4885964 ], [ 133.5453697, 33.4887955 ], [ 133.5463982, 33.4891814 ] ] } },
{ "type": "Feature", "properties": { "u": 1557770695, "v": 1557770774, "key": 0, "osmid": "142327509", "lanes": null, "ref": null, "name": null, "highway": "unclassified", "maxspeed": null, "oneway": false, "reversed": "False", "length": 48.941, "bridge": null }, "geometry": { "type": "LineString", "coordinates": [ [ 133.5441782, 33.4882698 ], [ 133.5441174, 33.4884025 ], [ 133.5439704, 33.4886742 ] ] } },
{ "type": "Feature", "properties": { "u": 1557770712, "v": 1431444647, "key": 0, "osmid": "129809889", "lanes": null, "ref": null, "name": null, "highway": "unclassified", "maxspeed": null, "oneway": false, "reversed": "False", "length": 44.478, "bridge": null }, "geometry": { "type": "LineString", "coordinates": [ [ 133.5403162, 33.4883677 ], [ 133.539994400000012, 33.4880711 ] ] } },
{ "type": "Feature", "properties": { "u": 1557770712, "v": 1431444655, "key": 0, "osmid": "129809889", "lanes": null, "ref": null, "name": null, "highway": "unclassified", "maxspeed": null, "oneway": false, "reversed": "True", "length": 49.558, "bridge": null }, "geometry": { "type": "LineString", "coordinates": [ [ 133.5403162, 33.4883677 ], [ 133.5406998, 33.488678 ] ] } },
{ "type": "Feature", "properties": { "u": 1557770712, "v": 1557770660, "key": 0, "osmid": "142325858", "lanes": null, "ref": null, "name": null, "highway": "unclassified", "maxspeed": null, "oneway": false, "reversed": "True", "length": 30.365, "bridge": null }, "geometry": { "type": "LineString", "coordinates": [ [ 133.5403162, 33.4883677 ], [ 133.5404349, 33.4881132 ] ] } },
{ "type": "Feature", "properties": { "u": 1557770712, "v": 1557770770, "key": 0, "osmid": "142326024", "lanes": null, "ref": null, "name": null, "highway": "unclassified", "maxspeed": null, "oneway": false, "reversed": "True", "length": 47.098, "bridge": null }, "geometry": { "type": "LineString", "coordinates": [ [ 133.5403162, 33.4883677 ], [ 133.540183500000012, 33.4885979 ], [ 133.5400885, 33.4887462 ] ] } },
{ "type": "Feature", "properties": { "u": 1557770741, "v": 4933375068, "key": 0, "osmid": "142326961", "lanes": null, "ref": null, "name": null, "highway": "unclassified", "maxspeed": null, "oneway": false, "reversed": "True", "length": 52.799, "bridge": null }, "geometry": { "type": "LineString", "coordinates": [ [ 133.5467754, 33.4884968 ], [ 133.547314300000011, 33.48865 ] ] } },
{ "type": "Feature", "properties": { "u": 1557770741, "v": 1557770835, "key": 0, "osmid": "142326294", "lanes": null, "ref": null, "name": null, "highway": "residential", "maxspeed": null, "oneway": false, "reversed": "True", "length": 79.386, "bridge": null }, "geometry": { "type": "LineString", "coordinates": [ [ 133.5467754, 33.4884968 ], [ 133.5465297, 33.4890247 ], [ 133.5464284, 33.4891458 ] ] } },
{ "type": "Feature", "properties": { "u": 1557770741, "v": 10179625669, "key": 0, "osmid": "142326507", "lanes": null, "ref": null, "name": null, "highway": "unclassified", "maxspeed": null, "oneway": false, "reversed": "False", "length": 70.783, "bridge": null }, "geometry": { "type": "LineString", "coordinates": [ [ 133.5467754, 33.4884968 ], [ 133.5466983, 33.4884538 ], [ 133.5462937, 33.4883379 ], [ 133.5461545, 33.4882951 ], [ 133.5460718, 33.4882572 ] ] } },
{ "type": "Feature", "properties": { "u": 1557770759, "v": 1557770770, "key": 0, "osmid": "142325876", "lanes": null, "ref": null, "name": null, "highway": "unclassified", "maxspeed": null, "oneway": false, "reversed": "True", "length": 6.015, "bridge": null }, "geometry": { "type": "LineString", "coordinates": [ [ 133.5400438, 33.4887854 ], [ 133.5400885, 33.4887462 ] ] } },
{ "type": "Feature", "properties": { "u": 1557770759, "v": 4934701005, "key": 0, "osmid": "142325204", "lanes": null, "ref": null, "name": null, "highway": "unclassified", "maxspeed": null, "oneway": false, "reversed": "True", "length": 55.784, "bridge": null }, "geometry": { "type": "LineString", "coordinates": [ [ 133.5400438, 33.4887854 ], [ 133.539762200000013, 33.4886211 ], [ 133.5395412, 33.4885103 ] ] } },
{ "type": "Feature", "properties": { "u": 1557770759, "v": 1557770862, "key": 0, "osmid": "142325876", "lanes": null, "ref": null, "name": null, "highway": "unclassified", "maxspeed": null, "oneway": false, "reversed": "False", "length": 60.3, "bridge": null }, "geometry": { "type": "LineString", "coordinates": [ [ 133.5400438, 33.4887854 ], [ 133.5398137, 33.4890377 ], [ 133.5396786, 33.4892328 ] ] } },
{ "type": "Feature", "properties": { "u": 1557770770, "v": 1557770759, "key": 0, "osmid": "142325876", "lanes": null, "ref": null, "name": null, "highway": "unclassified", "maxspeed": null, "oneway": false, "reversed": "False", "length": 6.015, "bridge": null }, "geometry": { "type": "LineString", "coordinates": [ [ 133.5400885, 33.4887462 ], [ 133.5400438, 33.4887854 ] ] } },
{ "type": "Feature", "properties": { "u": 1557770770, "v": 1557770796, "key": 0, "osmid": "142325726", "lanes": null, "ref": null, "name": null, "highway": "unclassified", "maxspeed": null, "oneway": false, "reversed": "False", "length": 38.72, "bridge": null }, "geometry": { "type": "LineString", "coordinates": [ [ 133.5400885, 33.4887462 ], [ 133.5402708, 33.4888156 ], [ 133.540479800000014, 33.4888647 ] ] } },
{ "type": "Feature", "properties": { "u": 1557770770, "v": 1557770712, "key": 0, "osmid": "142326024", "lanes": null, "ref": null, "name": null, "highway": "unclassified", "maxspeed": null, "oneway": false, "reversed": "False", "length": 47.098, "bridge": null }, "geometry": { "type": "LineString", "coordinates": [ [ 133.5400885, 33.4887462 ], [ 133.540183500000012, 33.4885979 ], [ 133.5403162, 33.4883677 ] ] } },
{ "type": "Feature", "properties": { "u": 1557770774, "v": 1557770783, "key": 0, "osmid": "142327509", "lanes": null, "ref": null, "name": null, "highway": "unclassified", "maxspeed": null, "oneway": false, "reversed": "False", "length": 62.22, "bridge": null }, "geometry": { "type": "LineString", "coordinates": [ [ 133.5439704, 33.4886742 ], [ 133.5436772, 33.4891775 ] ] } },
{ "type": "Feature", "properties": { "u": 1557770774, "v": 10179267602, "key": 0, "osmid": "503134637", "lanes": null, "ref": null, "name": null, "highway": "residential", "maxspeed": null, "oneway": false, "reversed": "False", "length": 29.279, "bridge": null }, "geometry": { "type": "LineString", "coordinates": [ [ 133.5439704, 33.4886742 ], [ 133.543681600000014, 33.4885678 ] ] } },
{ "type": "Feature", "properties": { "u": 1557770774, "v": 1557770695, "key": 0, "osmid": "142327509", "lanes": null, "ref": null, "name": null, "highway": "unclassified", "maxspeed": null, "oneway": false, "reversed": "True", "length": 48.941, "bridge": null }, "geometry": { "type": "LineString", "coordinates": [ [ 133.5439704, 33.4886742 ], [ 133.5441174, 33.4884025 ], [ 133.5441782, 33.4882698 ] ] } },
{ "type": "Feature", "properties": { "u": 1557770783, "v": 1557770912, "key": 0, "osmid": "142327272", "lanes": null, "ref": null, "name": null, "highway": "unclassified", "maxspeed": null, "oneway": false, "reversed": "False", "length": 67.067, "bridge": null }, "geometry": { "type": "LineString", "coordinates": [ [ 133.5436772, 33.4891775 ], [ 133.544357, 33.4893833 ] ] } },
{ "type": "Feature", "properties": { "u": 1557770783, "v": 10179267601, "key": 0, "osmid": "142327272", "lanes": null, "ref": null, "name": null, "highway": "unclassified", "maxspeed": null, "oneway": false, "reversed": "True", "length": 25.349, "bridge": null }, "geometry": { "type": "LineString", "coordinates": [ [ 133.5436772, 33.4891775 ], [ 133.543419199999988, 33.4891022 ] ] } },
{ "type": "Feature", "properties": { "u": 1557770783, "v": 1557770914, "key": 0, "osmid": "142327509", "lanes": null, "ref": null, "name": null, "highway": "unclassified", "maxspeed": null, "oneway": false, "reversed": "False", "length": 37.453, "bridge": null }, "geometry": { "type": "LineString", "coordinates": [ [ 133.5436772, 33.4891775 ], [ 133.5435358, 33.489493 ] ] } },
{ "type": "Feature", "properties": { "u": 1557770783, "v": 1557770774, "key": 0, "osmid": "142327509", "lanes": null, "ref": null, "name": null, "highway": "unclassified", "maxspeed": null, "oneway": false, "reversed": "True", "length": 62.22, "bridge": null }, "geometry": { "type": "LineString", "coordinates": [ [ 133.5436772, 33.4891775 ], [ 133.5439704, 33.4886742 ] ] } },
{ "type": "Feature", "properties": { "u": 1557770788, "v": 1557770801, "key": 0, "osmid": "142327272", "lanes": null, "ref": null, "name": null, "highway": "unclassified", "maxspeed": null, "oneway": false, "reversed": "False", "length": 18.431, "bridge": null }, "geometry": { "type": "LineString", "coordinates": [ [ 133.5423611, 33.4889243 ], [ 133.5424352, 33.4887705 ] ] } },
{ "type": "Feature", "properties": { "u": 1557770788, "v": 1557770840, "key": 0, "osmid": "142327272", "lanes": null, "ref": null, "name": null, "highway": "unclassified", "maxspeed": null, "oneway": false, "reversed": "True", "length": 22.155, "bridge": null }, "geometry": { "type": "LineString", "coordinates": [ [ 133.5423611, 33.4889243 ], [ 133.5422686, 33.489108 ] ] } },
{ "type": "Feature", "properties": { "u": 1557770788, "v": 1557770878, "key": 0, "osmid": "503134636", "lanes": null, "ref": null, "name": null, "highway": "residential", "maxspeed": null, "oneway": false, "reversed": "True", "length": 95.82, "bridge": null }, "geometry": { "type": "LineString", "coordinates": [ [ 133.5423611, 33.4889243 ], [ 133.543308200000013, 33.4892688 ] ] } },
{ "type": "Feature", "properties": { "u": 1557770796, "v": 4934700994, "key": 0, "osmid": "142325452", "lanes": null, "ref": null, "name": null, "highway": "unclassified", "maxspeed": null, "oneway": false, "reversed": "True", "length": 39.793, "bridge": null }, "geometry": { "type": "LineString", "coordinates": [ [ 133.540479800000014, 33.4888647 ], [ 133.5408629, 33.4890259 ] ] } },
{ "type": "Feature", "properties": { "u": 1557770796, "v": 1557770770, "key": 0, "osmid": "142325726", "lanes": null, "ref": null, "name": null, "highway": "unclassified", "maxspeed": null, "oneway": false, "reversed": "True", "length": 38.72, "bridge": null }, "geometry": { "type": "LineString", "coordinates": [ [ 133.540479800000014, 33.4888647 ], [ 133.5402708, 33.4888156 ], [ 133.5400885, 33.4887462 ] ] } },
{ "type": "Feature", "properties": { "u": 1557770796, "v": 1557770889, "key": 0, "osmid": "142326919", "lanes": null, "ref": null, "name": null, "highway": "unclassified", "maxspeed": null, "oneway": false, "reversed": "True", "length": 74.901, "bridge": null }, "geometry": { "type": "LineString", "coordinates": [ [ 133.540479800000014, 33.4888647 ], [ 133.5404052, 33.4889487 ], [ 133.5400774, 33.4894478 ] ] } },
{ "type": "Feature", "properties": { "u": 1557770801, "v": 1557770837, "key": 0, "osmid": "142327272", "lanes": null, "ref": null, "name": null, "highway": "unclassified", "maxspeed": null, "oneway": false, "reversed": "False", "length": 95.953, "bridge": null }, "geometry": { "type": "LineString", "coordinates": [ [ 133.5424352, 33.4887705 ], [ 133.543394, 33.4890949 ] ] } },
{ "type": "Feature", "properties": { "u": 1557770801, "v": 1557770788, "key": 0, "osmid": "142327272", "lanes": null, "ref": null, "name": null, "highway": "unclassified", "maxspeed": null, "oneway": false, "reversed": "True", "length": 18.431, "bridge": null }, "geometry": { "type": "LineString", "coordinates": [ [ 133.5424352, 33.4887705 ], [ 133.5423611, 33.4889243 ] ] } },
{ "type": "Feature", "properties": { "u": 1557770801, "v": 4934701010, "key": 0, "osmid": "503134646", "lanes": null, "ref": null, "name": null, "highway": "residential", "maxspeed": null, "oneway": false, "reversed": "True", "length": 22.467, "bridge": null }, "geometry": { "type": "LineString", "coordinates": [ [ 133.5424352, 33.4887705 ], [ 133.5423776, 33.4887205 ], [ 133.542231500000014, 33.4886679 ] ] } },
{ "type": "Feature", "properties": { "u": 1557770819, "v": 10159298105, "key": 0, "osmid": "1110511229", "lanes": null, "ref": null, "name": null, "highway": "unclassified", "maxspeed": null, "oneway": false, "reversed": "False", "length": 74.924, "bridge": null }, "geometry": { "type": "LineString", "coordinates": [ [ 133.5390002, 33.489017 ], [ 133.5392187, 33.4883683 ] ] } },
{ "type": "Feature", "properties": { "u": 1557770819, "v": 10179942522, "key": 0, "osmid": "142325204", "lanes": null, "ref": null, "name": null, "highway": "unclassified", "maxspeed": null, "oneway": false, "reversed": "False", "length": 115.232, "bridge": null }, "geometry": { "type": "LineString", "coordinates": [ [ 133.5390002, 33.489017 ], [ 133.5388126, 33.4894635 ], [ 133.538582, 33.4890971 ], [ 133.5386346, 33.4889543 ] ] } },
{ "type": "Feature", "properties": { "u": 1557770819, "v": 1557770862, "key": 0, "osmid": "142325204", "lanes": null, "ref": null, "name": null, "highway": "unclassified", "maxspeed": null, "oneway": false, "reversed": "True", "length": 67.35, "bridge": null }, "geometry": { "type": "LineString", "coordinates": [ [ 133.5390002, 33.489017 ], [ 133.539521799999989, 33.489189 ], [ 133.5396786, 33.4892328 ] ] } },
{ "type": "Feature", "properties": { "u": 1557770829, "v": 1557770940, "key": 0, "osmid": "24226805", "lanes": "2", "ref": "34", "name": "県道34号線", "highway": "primary", "maxspeed": "50", "oneway": false, "reversed": "False", "length": 72.444, "bridge": null }, "geometry": { "type": "LineString", "coordinates": [ [ 133.5487335, 33.4890458 ], [ 133.548405, 33.4896369 ] ] } },
{ "type": "Feature", "properties": { "u": 1557770829, "v": 1085591315, "key": 0, "osmid": "24226805", "lanes": "2", "ref": "34", "name": "県道34号線", "highway": "primary", "maxspeed": "50", "oneway": false, "reversed": "True", "length": 22.737, "bridge": null }, "geometry": { "type": "LineString", "coordinates": [ [ 133.5487335, 33.4890458 ], [ 133.5488324, 33.4888587 ] ] } },
{ "type": "Feature", "properties": { "u": 1557770829, "v": 4933375068, "key": 0, "osmid": "142326961", "lanes": null, "ref": null, "name": null, "highway": "unclassified", "maxspeed": null, "oneway": false, "reversed": "False", "length": 138.953, "bridge": null }, "geometry": { "type": "LineString", "coordinates": [ [ 133.5487335, 33.4890458 ], [ 133.548050499999988, 33.4888874 ], [ 133.5478091, 33.4888035 ], [ 133.547314300000011, 33.48865 ] ] } },
{ "type": "Feature", "properties": { "u": 1557770835, "v": 4933375075, "key": 0, "osmid": "142326388", "lanes": null, "ref": null, "name": null, "highway": "residential", "maxspeed": null, "oneway": false, "reversed": "True", "length": 4.849, "bridge": null }, "geometry": { "type": "LineString", "coordinates": [ [ 133.5464284, 33.4891458 ], [ 133.5463982, 33.4891814 ] ] } },
{ "type": "Feature", "properties": { "u": 1557770835, "v": 1557770851, "key": 0, "osmid": "142326425", "lanes": null, "ref": null, "name": null, "highway": "residential", "maxspeed": null, "oneway": false, "reversed": "True", "length": 60.528, "bridge": null }, "geometry": { "type": "LineString", "coordinates": [ [ 133.5464284, 33.4891458 ], [ 133.5470582, 33.4892887 ] ] } },
{ "type": "Feature", "properties": { "u": 1557770835, "v": 1557770741, "key": 0, "osmid": "142326294", "lanes": null, "ref": null, "name": null, "highway": "residential", "maxspeed": null, "oneway": false, "reversed": "False", "length": 79.386, "bridge": null }, "geometry": { "type": "LineString", "coordinates": [ [ 133.5464284, 33.4891458 ], [ 133.5465297, 33.4890247 ], [ 133.5467754, 33.4884968 ] ] } },
{ "type": "Feature", "properties": { "u": 1557770837, "v": 10179267601, "key": 0, "osmid": "142327272", "lanes": null, "ref": null, "name": null, "highway": "unclassified", "maxspeed": null, "oneway": false, "reversed": "False", "length": 2.474, "bridge": null }, "geometry": { "type": "LineString", "coordinates": [ [ 133.543394, 33.4890949 ], [ 133.543419199999988, 33.4891022 ] ] } },
{ "type": "Feature", "properties": { "u": 1557770837, "v": 1557770801, "key": 0, "osmid": "142327272", "lanes": null, "ref": null, "name": null, "highway": "unclassified", "maxspeed": null, "oneway": false, "reversed": "True", "length": 95.953, "bridge": null }, "geometry": { "type": "LineString", "coordinates": [ [ 133.543394, 33.4890949 ], [ 133.5424352, 33.4887705 ] ] } },
{ "type": "Feature", "properties": { "u": 1557770837, "v": 1557770878, "key": 0, "osmid": "502980796", "lanes": null, "ref": null, "name": null, "highway": "unclassified", "maxspeed": null, "oneway": false, "reversed": "False", "length": 20.91, "bridge": null }, "geometry": { "type": "LineString", "coordinates": [ [ 133.543394, 33.4890949 ], [ 133.543308200000013, 33.4892688 ] ] } },
{ "type": "Feature", "properties": { "u": 1557770840, "v": 4934701001, "key": 0, "osmid": "142326177", "lanes": null, "ref": null, "name": null, "highway": "unclassified", "maxspeed": null, "oneway": false, "reversed": "True", "length": 21.072, "bridge": null }, "geometry": { "type": "LineString", "coordinates": [ [ 133.5422686, 33.489108 ], [ 133.5421797, 33.4892824 ] ] } },
{ "type": "Feature", "properties": { "u": 1557770840, "v": 564465052, "key": 0, "osmid": "142326536", "lanes": null, "ref": null, "name": null, "highway": "residential", "maxspeed": null, "oneway": false, "reversed": "False", "length": 75.567, "bridge": null }, "geometry": { "type": "LineString", "coordinates": [ [ 133.5422686, 33.489108 ], [ 133.5415237, 33.4888325 ] ] } },
{ "type": "Feature", "properties": { "u": 1557770840, "v": 4934700999, "key": 0, "osmid": "142326536", "lanes": null, "ref": null, "name": null, "highway": "residential", "maxspeed": null, "oneway": false, "reversed": "True", "length": 68.962, "bridge": null }, "geometry": { "type": "LineString", "coordinates": [ [ 133.5422686, 33.489108 ], [ 133.5429536, 33.4893494 ] ] } },
{ "type": "Feature", "properties": { "u": 1557770840, "v": 1557770788, "key": 0, "osmid": "142327272", "lanes": null, "ref": null, "name": null, "highway": "unclassified", "maxspeed": null, "oneway": false, "reversed": "False", "length": 22.155, "bridge": null }, "geometry": { "type": "LineString", "coordinates": [ [ 133.5422686, 33.489108 ], [ 133.5423611, 33.4889243 ] ] } },
{ "type": "Feature", "properties": { "u": 1557770846, "v": 4934700836, "key": 0, "osmid": "129809889", "lanes": null, "ref": null, "name": null, "highway": "unclassified", "maxspeed": null, "oneway": false, "reversed": "False", "length": 8.557, "bridge": null }, "geometry": { "type": "LineString", "coordinates": [ [ 133.542012, 33.4895678 ], [ 133.5419346, 33.4895259 ] ] } },
{ "type": "Feature", "properties": { "u": 1557770846, "v": 1431444733, "key": 0, "osmid": "129809889", "lanes": null, "ref": null, "name": null, "highway": "unclassified", "maxspeed": null, "oneway": false, "reversed": "True", "length": 44.097, "bridge": null }, "geometry": { "type": "LineString", "coordinates": [ [ 133.542012, 33.4895678 ], [ 133.542405699999989, 33.4897902 ] ] } },
{ "type": "Feature", "properties": { "u": 1557770846, "v": 4934701001, "key": 0, "osmid": "142326177", "lanes": null, "ref": null, "name": null, "highway": "unclassified", "maxspeed": null, "oneway": false, "reversed": "False", "length": 35.341, "bridge": null }, "geometry": { "type": "LineString", "coordinates": [ [ 133.542012, 33.4895678 ], [ 133.5421797, 33.4892824 ] ] } },
{ "type": "Feature", "properties": { "u": 1557770851, "v": 1557770835, "key": 0, "osmid": "142326425", "lanes": null, "ref": null, "name": null, "highway": "residential", "maxspeed": null, "oneway": false, "reversed": "False", "length": 60.528, "bridge": null }, "geometry": { "type": "LineString", "coordinates": [ [ 133.5470582, 33.4892887 ], [ 133.5464284, 33.4891458 ] ] } },
{ "type": "Feature", "properties": { "u": 1557770851, "v": 1557771048, "key": 0, "osmid": "503134628", "lanes": null, "ref": null, "name": null, "highway": "residential", "maxspeed": null, "oneway": false, "reversed": "False", "length": 93.168, "bridge": null }, "geometry": { "type": "LineString", "coordinates": [ [ 133.5470582, 33.4892887 ], [ 133.5467352, 33.4900821 ] ] } },
{ "type": "Feature", "properties": { "u": 1557770851, "v": 4933375068, "key": 0, "osmid": "503134628", "lanes": null, "ref": null, "name": null, "highway": "residential", "maxspeed": null, "oneway": false, "reversed": "True", "length": 74.886, "bridge": null }, "geometry": { "type": "LineString", "coordinates": [ [ 133.5470582, 33.4892887 ], [ 133.547314300000011, 33.48865 ] ] } },
{ "type": "Feature", "properties": { "u": 1557770851, "v": 1557770940, "key": 0, "osmid": "142326425", "lanes": null, "ref": null, "name": null, "highway": "residential", "maxspeed": null, "oneway": false, "reversed": "True", "length": 130.893, "bridge": null }, "geometry": { "type": "LineString", "coordinates": [ [ 133.5470582, 33.4892887 ], [ 133.5476404, 33.4894303 ], [ 133.5479006, 33.4894819 ], [ 133.548405, 33.4896369 ] ] } },
{ "type": "Feature", "properties": { "u": 1557770862, "v": 1557770956, "key": 0, "osmid": "142325601", "lanes": null, "ref": null, "name": null, "highway": "unclassified", "maxspeed": null, "oneway": false, "reversed": "True", "length": 66.248, "bridge": null }, "geometry": { "type": "LineString", "coordinates": [ [ 133.5396786, 33.4892328 ], [ 133.5393215, 33.4897488 ] ] } },
{ "type": "Feature", "properties": { "u": 1557770862, "v": 1557770819, "key": 0, "osmid": "142325204", "lanes": null, "ref": null, "name": null, "highway": "unclassified", "maxspeed": null, "oneway": false, "reversed": "False", "length": 67.35, "bridge": null }, "geometry": { "type": "LineString", "coordinates": [ [ 133.5396786, 33.4892328 ], [ 133.539521799999989, 33.489189 ], [ 133.5390002, 33.489017 ] ] } },
{ "type": "Feature", "properties": { "u": 1557770862, "v": 1557770759, "key": 0, "osmid": "142325876", "lanes": null, "ref": null, "name": null, "highway": "unclassified", "maxspeed": null, "oneway": false, "reversed": "True", "length": 60.3, "bridge": null }, "geometry": { "type": "LineString", "coordinates": [ [ 133.5396786, 33.4892328 ], [ 133.5398137, 33.4890377 ], [ 133.5400438, 33.4887854 ] ] } },
{ "type": "Feature", "properties": { "u": 1557770878, "v": 1557770907, "key": 0, "osmid": "502980796", "lanes": null, "ref": null, "name": null, "highway": "unclassified", "maxspeed": null, "oneway": false, "reversed": "False", "length": 21.05, "bridge": null }, "geometry": { "type": "LineString", "coordinates": [ [ 133.543308200000013, 33.4892688 ], [ 133.5432155, 33.4894416 ] ] } },
{ "type": "Feature", "properties": { "u": 1557770878, "v": 1557770837, "key": 0, "osmid": "502980796", "lanes": null, "ref": null, "name": null, "highway": "unclassified", "maxspeed": null, "oneway": false, "reversed": "True", "length": 20.91, "bridge": null }, "geometry": { "type": "LineString", "coordinates": [ [ 133.543308200000013, 33.4892688 ], [ 133.543394, 33.4890949 ] ] } },
{ "type": "Feature", "properties": { "u": 1557770878, "v": 1557770788, "key": 0, "osmid": "503134636", "lanes": null, "ref": null, "name": null, "highway": "residential", "maxspeed": null, "oneway": false, "reversed": "False", "length": 95.82, "bridge": null }, "geometry": { "type": "LineString", "coordinates": [ [ 133.543308200000013, 33.4892688 ], [ 133.5423611, 33.4889243 ] ] } },
{ "type": "Feature", "properties": { "u": 1557770889, "v": 4934700850, "key": 0, "osmid": "503134595", "lanes": null, "ref": null, "name": null, "highway": "residential", "maxspeed": null, "oneway": false, "reversed": "False", "length": 39.493, "bridge": null }, "geometry": { "type": "LineString", "coordinates": [ [ 133.5400774, 33.4894478 ], [ 133.540446, 33.4896257 ] ] } },
{ "type": "Feature", "properties": { "u": 1557770889, "v": 1557770796, "key": 0, "osmid": "142326919", "lanes": null, "ref": null, "name": null, "highway": "unclassified", "maxspeed": null, "oneway": false, "reversed": "False", "length": 74.901, "bridge": null }, "geometry": { "type": "LineString", "coordinates": [ [ 133.5400774, 33.4894478 ], [ 133.5404052, 33.4889487 ], [ 133.540479800000014, 33.4888647 ] ] } },
{ "type": "Feature", "properties": { "u": 1557770889, "v": 4934701032, "key": 0, "osmid": "142326919", "lanes": null, "ref": null, "name": null, "highway": "unclassified", "maxspeed": null, "oneway": false, "reversed": "True", "length": 70.749, "bridge": null }, "geometry": { "type": "LineString", "coordinates": [ [ 133.5400774, 33.4894478 ], [ 133.539947, 33.489624 ], [ 133.5397599, 33.4898968 ], [ 133.5396244, 33.4898759 ] ] } },
{ "type": "Feature", "properties": { "u": 1557770907, "v": 1557771020, "key": 0, "osmid": "142325499", "lanes": null, "ref": null, "name": null, "highway": "unclassified", "maxspeed": null, "oneway": false, "reversed": "False", "length": 62.705, "bridge": null }, "geometry": { "type": "LineString", "coordinates": [ [ 133.5432155, 33.4894416 ], [ 133.5429585, 33.4899632 ] ] } },
{ "type": "Feature", "properties": { "u": 1557770907, "v": 4934700999, "key": 0, "osmid": "142326536", "lanes": null, "ref": null, "name": null, "highway": "residential", "maxspeed": null, "oneway": false, "reversed": "False", "length": 26.363, "bridge": null }, "geometry": { "type": "LineString", "coordinates": [ [ 133.5432155, 33.4894416 ], [ 133.5429536, 33.4893494 ] ] } },
{ "type": "Feature", "properties": { "u": 1557770907, "v": 1557770878, "key": 0, "osmid": "502980796", "lanes": null, "ref": null, "name": null, "highway": "unclassified", "maxspeed": null, "oneway": false, "reversed": "True", "length": 21.05, "bridge": null }, "geometry": { "type": "LineString", "coordinates": [ [ 133.5432155, 33.4894416 ], [ 133.543308200000013, 33.4892688 ] ] } },
{ "type": "Feature", "properties": { "u": 1557770912, "v": 1557770921, "key": 0, "osmid": "142325135", "lanes": null, "ref": null, "name": null, "highway": "residential", "maxspeed": null, "oneway": false, "reversed": "False", "length": 42.711, "bridge": null }, "geometry": { "type": "LineString", "coordinates": [ [ 133.544357, 33.4893833 ], [ 133.544790299999988, 33.4895135 ] ] } },
{ "type": "Feature", "properties": { "u": 1557770912, "v": 1557770939, "key": 0, "osmid": "142325135", "lanes": null, "ref": null, "name": null, "highway": "residential", "maxspeed": null, "oneway": false, "reversed": "True", "length": 34.27, "bridge": null }, "geometry": { "type": "LineString", "coordinates": [ [ 133.544357, 33.4893833 ], [ 133.5442339, 33.4896739 ] ] } },
{ "type": "Feature", "properties": { "u": 1557770912, "v": 1557770783, "key": 0, "osmid": "142327272", "lanes": null, "ref": null, "name": null, "highway": "unclassified", "maxspeed": null, "oneway": false, "reversed": "True", "length": 67.067, "bridge": null }, "geometry": { "type": "LineString", "coordinates": [ [ 133.544357, 33.4893833 ], [ 133.5436772, 33.4891775 ] ] } },
{ "type": "Feature", "properties": { "u": 1557770914, "v": 1557771046, "key": 0, "osmid": "142327509", "lanes": null, "ref": null, "name": null, "highway": "unclassified", "maxspeed": null, "oneway": false, "reversed": "False", "length": 66.659, "bridge": null }, "geometry": { "type": "LineString", "coordinates": [ [ 133.5435358, 33.489493 ], [ 133.543302399999988, 33.49006 ] ] } },
{ "type": "Feature", "properties": { "u": 1557770914, "v": 1557770783, "key": 0, "osmid": "142327509", "lanes": null, "ref": null, "name": null, "highway": "unclassified", "maxspeed": null, "oneway": false, "reversed": "True", "length": 37.453, "bridge": null }, "geometry": { "type": "LineString", "coordinates": [ [ 133.5435358, 33.489493 ], [ 133.5436772, 33.4891775 ] ] } },
{ "type": "Feature", "properties": { "u": 1557770914, "v": 1557770939, "key": 0, "osmid": "503134631", "lanes": null, "ref": null, "name": null, "highway": "residential", "maxspeed": null, "oneway": false, "reversed": "True", "length": 67.791, "bridge": null }, "geometry": { "type": "LineString", "coordinates": [ [ 133.5435358, 33.489493 ], [ 133.5442339, 33.4896739 ] ] } },
{ "type": "Feature", "properties": { "u": 1557770921, "v": 1557771012, "key": 0, "osmid": "142325135", "lanes": null, "ref": null, "name": null, "highway": "residential", "maxspeed": null, "oneway": false, "reversed": "False", "length": 123.212, "bridge": null }, "geometry": { "type": "LineString", "coordinates": [ [ 133.544790299999988, 33.4895135 ], [ 133.5460429, 33.489883 ] ] } },
{ "type": "Feature", "properties": { "u": 1557770921, "v": 1557770912, "key": 0, "osmid": "142325135", "lanes": null, "ref": null, "name": null, "highway": "residential", "maxspeed": null, "oneway": false, "reversed": "True", "length": 42.711, "bridge": null }, "geometry": { "type": "LineString", "coordinates": [ [ 133.544790299999988, 33.4895135 ], [ 133.544357, 33.4893833 ] ] } },
{ "type": "Feature", "properties": { "u": 1557770921, "v": 4934700992, "key": 0, "osmid": "503134630", "lanes": null, "ref": null, "name": null, "highway": "residential", "maxspeed": null, "oneway": false, "reversed": "False", "length": 34.982, "bridge": null }, "geometry": { "type": "LineString", "coordinates": [ [ 133.544790299999988, 33.4895135 ], [ 133.54466020000001, 33.4898088 ] ] } },
{ "type": "Feature", "properties": { "u": 1557770936, "v": 4934700834, "key": 0, "osmid": "142325995", "lanes": null, "ref": null, "name": null, "highway": "unclassified", "maxspeed": null, "oneway": false, "reversed": "False", "length": 6.303, "bridge": null }, "geometry": { "type": "LineString", "coordinates": [ [ 133.5417433, 33.4897765 ], [ 133.5417744, 33.4898269 ] ] } },
{ "type": "Feature", "properties": { "u": 1557770936, "v": 4934700836, "key": 0, "osmid": "503134591", "lanes": null, "ref": null, "name": null, "highway": "residential", "maxspeed": null, "oneway": false, "reversed": "False", "length": 33.033, "bridge": null }, "geometry": { "type": "LineString", "coordinates": [ [ 133.5417433, 33.4897765 ], [ 133.5419346, 33.4895259 ] ] } },
{ "type": "Feature", "properties": { "u": 1557770936, "v": 1431444704, "key": 0, "osmid": "142325995", "lanes": null, "ref": null, "name": null, "highway": "unclassified", "maxspeed": null, "oneway": false, "reversed": "True", "length": 75.789, "bridge": null }, "geometry": { "type": "LineString", "coordinates": [ [ 133.5417433, 33.4897765 ], [ 133.541341, 33.4892843 ], [ 133.5413426, 33.4891984 ] ] } },
{ "type": "Feature", "properties": { "u": 1557770939, "v": 1557770912, "key": 0, "osmid": "142325135", "lanes": null, "ref": null, "name": null, "highway": "residential", "maxspeed": null, "oneway": false, "reversed": "False", "length": 34.27, "bridge": null }, "geometry": { "type": "LineString", "coordinates": [ [ 133.5442339, 33.4896739 ], [ 133.544357, 33.4893833 ] ] } },
{ "type": "Feature", "properties": { "u": 1557770939, "v": 1557770914, "key": 0, "osmid": "503134631", "lanes": null, "ref": null, "name": null, "highway": "residential", "maxspeed": null, "oneway": false, "reversed": "False", "length": 67.791, "bridge": null }, "geometry": { "type": "LineString", "coordinates": [ [ 133.5442339, 33.4896739 ], [ 133.5435358, 33.489493 ] ] } },
{ "type": "Feature", "properties": { "u": 1557770939, "v": 4933375080, "key": 0, "osmid": "503134631", "lanes": null, "ref": null, "name": null, "highway": "residential", "maxspeed": null, "oneway": false, "reversed": "True", "length": 8.431, "bridge": null }, "geometry": { "type": "LineString", "coordinates": [ [ 133.5442339, 33.4896739 ], [ 133.5443196, 33.4896992 ] ] } },
{ "type": "Feature", "properties": { "u": 1557770940, "v": 1557771109, "key": 0, "osmid": "24226805", "lanes": "2", "ref": "34", "name": "県道34号線", "highway": "primary", "maxspeed": "50", "oneway": false, "reversed": "False", "length": 95.292, "bridge": null }, "geometry": { "type": "LineString", "coordinates": [ [ 133.548405, 33.4896369 ], [ 133.5479844, 33.4904188 ] ] } },
{ "type": "Feature", "properties": { "u": 1557770940, "v": 1557770829, "key": 0, "osmid": "24226805", "lanes": "2", "ref": "34", "name": "県道34号線", "highway": "primary", "maxspeed": "50", "oneway": false, "reversed": "True", "length": 72.444, "bridge": null }, "geometry": { "type": "LineString", "coordinates": [ [ 133.548405, 33.4896369 ], [ 133.5487335, 33.4890458 ] ] } },
{ "type": "Feature", "properties": { "u": 1557770940, "v": 1557770851, "key": 0, "osmid": "142326425", "lanes": null, "ref": null, "name": null, "highway": "residential", "maxspeed": null, "oneway": false, "reversed": "False", "length": 130.893, "bridge": null }, "geometry": { "type": "LineString", "coordinates": [ [ 133.548405, 33.4896369 ], [ 133.5479006, 33.4894819 ], [ 133.5476404, 33.4894303 ], [ 133.5470582, 33.4892887 ] ] } },
{ "type": "Feature", "properties": { "u": 1557770941, "v": 6878716081, "key": 0, "osmid": "734500732", "lanes": null, "ref": null, "name": null, "highway": "unclassified", "maxspeed": null, "oneway": false, "reversed": "False", "length": 54.409, "bridge": null }, "geometry": { "type": "LineString", "coordinates": [ [ 133.538438899999989, 33.489695 ], [ 133.538186700000011, 33.4892532 ] ] } },
{ "type": "Feature", "properties": { "u": 1557770941, "v": 6878716079, "key": 0, "osmid": "734500735", "lanes": null, "ref": null, "name": null, "highway": "unclassified", "maxspeed": null, "oneway": false, "reversed": "True", "length": 24.425, "bridge": null }, "geometry": { "type": "LineString", "coordinates": [ [ 133.538438899999989, 33.489695 ], [ 133.5381897, 33.4897661 ] ] } },
{ "type": "Feature", "properties": { "u": 1557770941, "v": 10183455283, "key": 0, "osmid": "734500735", "lanes": null, "ref": null, "name": null, "highway": "unclassified", "maxspeed": null, "oneway": false, "reversed": "False", "length": 31.529, "bridge": null }, "geometry": { "type": "LineString", "coordinates": [ [ 133.538438899999989, 33.489695 ], [ 133.538699, 33.4897104 ], [ 133.5387781, 33.4897066 ] ] } },
{ "type": "Feature", "properties": { "u": 1557770956, "v": 1557770862, "key": 0, "osmid": "142325601", "lanes": null, "ref": null, "name": null, "highway": "unclassified", "maxspeed": null, "oneway": false, "reversed": "False", "length": 66.248, "bridge": null }, "geometry": { "type": "LineString", "coordinates": [ [ 133.5393215, 33.4897488 ], [ 133.5396786, 33.4892328 ] ] } },
{ "type": "Feature", "properties": { "u": 1557770956, "v": 1557771022, "key": 0, "osmid": "142325516", "lanes": null, "ref": null, "name": null, "highway": "unclassified", "maxspeed": null, "oneway": false, "reversed": "False", "length": 33.758, "bridge": null }, "geometry": { "type": "LineString", "coordinates": [ [ 133.5393215, 33.4897488 ], [ 133.539185800000013, 33.4898692 ], [ 133.5390643, 33.4899634 ] ] } },
{ "type": "Feature", "properties": { "u": 1557770956, "v": 4934701032, "key": 0, "osmid": "142326919", "lanes": null, "ref": null, "name": null, "highway": "unclassified", "maxspeed": null, "oneway": false, "reversed": "False", "length": 31.618, "bridge": null }, "geometry": { "type": "LineString", "coordinates": [ [ 133.5393215, 33.4897488 ], [ 133.5394728, 33.4898289 ], [ 133.5396244, 33.4898759 ] ] } },
{ "type": "Feature", "properties": { "u": 1557770970, "v": 4934700973, "key": 0, "osmid": "503134627", "lanes": null, "ref": null, "name": null, "highway": "residential", "maxspeed": null, "oneway": false, "reversed": "False", "length": 26.688, "bridge": null }, "geometry": { "type": "LineString", "coordinates": [ [ 133.5379103, 33.4898457 ], [ 133.5379627, 33.4900817 ] ] } },
{ "type": "Feature", "properties": { "u": 1557770970, "v": 6878716079, "key": 0, "osmid": [ 734500736, 142327651, 734500735 ], "lanes": null, "ref": null, "name": null, "highway": "unclassified", "maxspeed": null, "oneway": false, "reversed": "False", "length": 27.38, "bridge": "yes" }, "geometry": { "type": "LineString", "coordinates": [ [ 133.5379103, 33.4898457 ], [ 133.5379249, 33.4898415 ], [ 133.5379897, 33.4898231 ], [ 133.5381897, 33.4897661 ] ] } },
{ "type": "Feature", "properties": { "u": 1557770970, "v": 1557771052, "key": 0, "osmid": "142327651", "lanes": null, "ref": null, "name": null, "highway": "unclassified", "maxspeed": null, "oneway": false, "reversed": "True", "length": 73.872, "bridge": null }, "geometry": { "type": "LineString", "coordinates": [ [ 133.5379103, 33.4898457 ], [ 133.537612700000011, 33.4899353 ], [ 133.5372136, 33.490158 ] ] } },
{ "type": "Feature", "properties": { "u": 1557770970, "v": 10179255781, "key": 0, "osmid": "503134627", "lanes": null, "ref": null, "name": null, "highway": "residential", "maxspeed": null, "oneway": false, "reversed": "True", "length": 58.476, "bridge": null }, "geometry": { "type": "LineString", "coordinates": [ [ 133.5379103, 33.4898457 ], [ 133.5378326, 33.4896958 ], [ 133.537628399999988, 33.4893757 ] ] } },
{ "type": "Feature", "properties": { "u": 1557771008, "v": 6878716076, "key": 0, "osmid": "503134629", "lanes": null, "ref": null, "name": null, "highway": "residential", "maxspeed": null, "oneway": false, "reversed": "True", "length": 41.577, "bridge": null }, "geometry": { "type": "LineString", "coordinates": [ [ 133.5441731, 33.4899632 ], [ 133.5445923, 33.4900958 ] ] } },
{ "type": "Feature", "properties": { "u": 1557771008, "v": 4933375080, "key": 0, "osmid": "503134632", "lanes": null, "ref": null, "name": null, "highway": "residential", "maxspeed": null, "oneway": false, "reversed": "False", "length": 32.347, "bridge": null }, "geometry": { "type": "LineString", "coordinates": [ [ 133.5441731, 33.4899632 ], [ 133.5443196, 33.4896992 ] ] } },
{ "type": "Feature", "properties": { "u": 1557771008, "v": 1557771113, "key": 0, "osmid": "503134632", "lanes": null, "ref": null, "name": null, "highway": "residential", "maxspeed": null, "oneway": false, "reversed": "True", "length": 54.133, "bridge": null }, "geometry": { "type": "LineString", "coordinates": [ [ 133.5441731, 33.4899632 ], [ 133.543924299999986, 33.4904036 ] ] } },
{ "type": "Feature", "properties": { "u": 1557771012, "v": 1557770921, "key": 0, "osmid": "142325135", "lanes": null, "ref": null, "name": null, "highway": "residential", "maxspeed": null, "oneway": false, "reversed": "True", "length": 123.212, "bridge": null }, "geometry": { "type": "LineString", "coordinates": [ [ 133.5460429, 33.489883 ], [ 133.544790299999988, 33.4895135 ] ] } },
{ "type": "Feature", "properties": { "u": 1557771012, "v": 1557771074, "key": 0, "osmid": "142326195", "lanes": null, "ref": null, "name": null, "highway": "residential", "maxspeed": null, "oneway": false, "reversed": "True", "length": 38.63, "bridge": null }, "geometry": { "type": "LineString", "coordinates": [ [ 133.5460429, 33.489883 ], [ 133.545868, 33.4901983 ] ] } },
{ "type": "Feature", "properties": { "u": 1557771012, "v": 1557771048, "key": 0, "osmid": "142326397", "lanes": null, "ref": null, "name": null, "highway": "unclassified", "maxspeed": null, "oneway": false, "reversed": "False", "length": 67.91, "bridge": null }, "geometry": { "type": "LineString", "coordinates": [ [ 133.5460429, 33.489883 ], [ 133.5467352, 33.4900821 ] ] } },
{ "type": "Feature", "properties": { "u": 1557771012, "v": 4933375075, "key": 0, "osmid": "142326388", "lanes": null, "ref": null, "name": null, "highway": "residential", "maxspeed": null, "oneway": false, "reversed": "False", "length": 84.704, "bridge": null }, "geometry": { "type": "LineString", "coordinates": [ [ 133.5460429, 33.489883 ], [ 133.546178, 33.489597 ], [ 133.5463982, 33.4891814 ] ] } },
{ "type": "Feature", "properties": { "u": 1557771020, "v": 4934700998, "key": 0, "osmid": "129809889", "lanes": null, "ref": null, "name": null, "highway": "unclassified", "maxspeed": null, "oneway": false, "reversed": "False", "length": 27.719, "bridge": null }, "geometry": { "type": "LineString", "coordinates": [ [ 133.5429585, 33.4899632 ], [ 133.5426792, 33.4898744 ] ] } },
{ "type": "Feature", "properties": { "u": 1557771020, "v": 1557771046, "key": 0, "osmid": "129809889", "lanes": null, "ref": null, "name": null, "highway": "unclassified", "maxspeed": null, "oneway": false, "reversed": "True", "length": 33.659, "bridge": null }, "geometry": { "type": "LineString", "coordinates": [ [ 133.5429585, 33.4899632 ], [ 133.543302399999988, 33.49006 ] ] } },
{ "type": "Feature", "properties": { "u": 1557771020, "v": 1557770907, "key": 0, "osmid": "142325499", "lanes": null, "ref": null, "name": null, "highway": "unclassified", "maxspeed": null, "oneway": false, "reversed": "True", "length": 62.705, "bridge": null }, "geometry": { "type": "LineString", "coordinates": [ [ 133.5429585, 33.4899632 ], [ 133.5432155, 33.4894416 ] ] } },
{ "type": "Feature", "properties": { "u": 1557771020, "v": 1557771161, "key": 0, "osmid": "142326077", "lanes": null, "ref": null, "name": null, "highway": "unclassified", "maxspeed": null, "oneway": false, "reversed": "False", "length": 104.566, "bridge": null }, "geometry": { "type": "LineString", "coordinates": [ [ 133.5429585, 33.4899632 ], [ 133.542921, 33.4901023 ], [ 133.542391400000014, 33.4907667 ] ] } },
{ "type": "Feature", "properties": { "u": 1557771022, "v": 4934700956, "key": 0, "osmid": "44405096", "lanes": "2", "ref": null, "name": null, "highway": "unclassified", "maxspeed": null, "oneway": false, "reversed": "False", "length": 71.123, "bridge": null }, "geometry": { "type": "LineString", "coordinates": [ [ 133.5390643, 33.4899634 ], [ 133.5395762, 33.4904397 ] ] } },
{ "type": "Feature", "properties": { "u": 1557771022, "v": 1431444730, "key": 0, "osmid": "44405096", "lanes": "2", "ref": null, "name": null, "highway": "unclassified", "maxspeed": null, "oneway": false, "reversed": "True", "length": 36.975, "bridge": null }, "geometry": { "type": "LineString", "coordinates": [ [ 133.5390643, 33.4899634 ], [ 133.5388135, 33.4897049 ] ] } },
{ "type": "Feature", "properties": { "u": 1557771022, "v": 10183455280, "key": 0, "osmid": "142326193", "lanes": null, "ref": null, "name": null, "highway": "unclassified", "maxspeed": null, "oneway": false, "reversed": "False", "length": 5.729, "bridge": null }, "geometry": { "type": "LineString", "coordinates": [ [ 133.5390643, 33.4899634 ], [ 133.539018199999987, 33.4899977 ] ] } },
{ "type": "Feature", "properties": { "u": 1557771022, "v": 1557770956, "key": 0, "osmid": "142325516", "lanes": null, "ref": null, "name": null, "highway": "unclassified", "maxspeed": null, "oneway": false, "reversed": "True", "length": 33.758, "bridge": null }, "geometry": { "type": "LineString", "coordinates": [ [ 133.5390643, 33.4899634 ], [ 133.539185800000013, 33.4898692 ], [ 133.5393215, 33.4897488 ] ] } },
{ "type": "Feature", "properties": { "u": 1557771046, "v": 1557771020, "key": 0, "osmid": "129809889", "lanes": null, "ref": null, "name": null, "highway": "unclassified", "maxspeed": null, "oneway": false, "reversed": "False", "length": 33.659, "bridge": null }, "geometry": { "type": "LineString", "coordinates": [ [ 133.543302399999988, 33.49006 ], [ 133.5429585, 33.4899632 ] ] } },
{ "type": "Feature", "properties": { "u": 1557771046, "v": 1557770914, "key": 0, "osmid": "142327509", "lanes": null, "ref": null, "name": null, "highway": "unclassified", "maxspeed": null, "oneway": false, "reversed": "True", "length": 66.659, "bridge": null }, "geometry": { "type": "LineString", "coordinates": [ [ 133.543302399999988, 33.49006 ], [ 133.5435358, 33.489493 ] ] } },
{ "type": "Feature", "properties": { "u": 1557771046, "v": 1431444750, "key": 0, "osmid": "129809889", "lanes": null, "ref": null, "name": null, "highway": "unclassified", "maxspeed": null, "oneway": false, "reversed": "True", "length": 54.581, "bridge": null }, "geometry": { "type": "LineString", "coordinates": [ [ 133.543302399999988, 33.49006 ], [ 133.543468499999989, 33.4901242 ], [ 133.543548, 33.4901579 ], [ 133.5436832, 33.4902585 ], [ 133.5437629, 33.4903495 ] ] } },
{ "type": "Feature", "properties": { "u": 1557771046, "v": 10179262550, "key": 0, "osmid": "142326445", "lanes": null, "ref": null, "name": null, "highway": "unclassified", "maxspeed": null, "oneway": false, "reversed": "True", "length": 19.172, "bridge": null }, "geometry": { "type": "LineString", "coordinates": [ [ 133.543302399999988, 33.49006 ], [ 133.543268, 33.490126 ], [ 133.5432099, 33.490214 ] ] } },
{ "type": "Feature", "properties": { "u": 1557771048, "v": 1557771076, "key": 0, "osmid": "142326397", "lanes": null, "ref": null, "name": null, "highway": "unclassified", "maxspeed": null, "oneway": false, "reversed": "False", "length": 57.676, "bridge": null }, "geometry": { "type": "LineString", "coordinates": [ [ 133.5467352, 33.4900821 ], [ 133.547322, 33.490254 ] ] } },
{ "type": "Feature", "properties": { "u": 1557771048, "v": 1557771012, "key": 0, "osmid": "142326397", "lanes": null, "ref": null, "name": null, "highway": "unclassified", "maxspeed": null, "oneway": false, "reversed": "True", "length": 67.91, "bridge": null }, "geometry": { "type": "LineString", "coordinates": [ [ 133.5467352, 33.4900821 ], [ 133.5460429, 33.489883 ] ] } },
{ "type": "Feature", "properties": { "u": 1557771048, "v": 1557770851, "key": 0, "osmid": "503134628", "lanes": null, "ref": null, "name": null, "highway": "residential", "maxspeed": null, "oneway": false, "reversed": "True", "length": 93.168, "bridge": null }, "geometry": { "type": "LineString", "coordinates": [ [ 133.5467352, 33.4900821 ], [ 133.5470582, 33.4892887 ] ] } },
{ "type": "Feature", "properties": { "u": 1557771052, "v": 1557770970, "key": 0, "osmid": "142327651", "lanes": null, "ref": null, "name": null, "highway": "unclassified", "maxspeed": null, "oneway": false, "reversed": "False", "length": 73.872, "bridge": null }, "geometry": { "type": "LineString", "coordinates": [ [ 133.5372136, 33.490158 ], [ 133.537612700000011, 33.4899353 ], [ 133.5379103, 33.4898457 ] ] } },
{ "type": "Feature", "properties": { "u": 1557771052, "v": 4934700966, "key": 0, "osmid": "142327651", "lanes": null, "ref": null, "name": null, "highway": "unclassified", "maxspeed": null, "oneway": false, "reversed": "True", "length": 45.29, "bridge": null }, "geometry": { "type": "LineString", "coordinates": [ [ 133.5372136, 33.490158 ], [ 133.536987, 33.4902841 ], [ 133.5369124, 33.490356 ], [ 133.536860100000013, 33.490429 ] ] } },
{ "type": "Feature", "properties": { "u": 1557771052, "v": 4934700963, "key": 0, "osmid": "503134625", "lanes": null, "ref": null, "name": null, "highway": "residential", "maxspeed": null, "oneway": false, "reversed": "False", "length": 74.016, "bridge": null }, "geometry": { "type": "LineString", "coordinates": [ [ 133.5372136, 33.490158 ], [ 133.5372439, 33.490198 ], [ 133.5378782, 33.4904139 ], [ 133.5379335, 33.4904228 ] ] } },
{ "type": "Feature", "properties": { "u": 1557771071, "v": 4934700959, "key": 0, "osmid": "142326193", "lanes": null, "ref": null, "name": null, "highway": "unclassified", "maxspeed": null, "oneway": false, "reversed": "False", "length": 28.023, "bridge": null }, "geometry": { "type": "LineString", "coordinates": [ [ 133.5387979, 33.4901616 ], [ 133.5387191, 33.4904049 ] ] } },
{ "type": "Feature", "properties": { "u": 1557771071, "v": 10183455280, "key": 0, "osmid": "142326193", "lanes": null, "ref": null, "name": null, "highway": "unclassified", "maxspeed": null, "oneway": false, "reversed": "True", "length": 27.377, "bridge": null }, "geometry": { "type": "LineString", "coordinates": [ [ 133.5387979, 33.4901616 ], [ 133.539018199999987, 33.4899977 ] ] } },
{ "type": "Feature", "properties": { "u": 1557771071, "v": 4934700973, "key": 0, "osmid": [ 503134624, 1112614205 ], "lanes": null, "ref": null, "name": null, "highway": "residential", "maxspeed": null, "oneway": false, "reversed": "False", "length": 80.816, "bridge": "yes" }, "geometry": { "type": "LineString", "coordinates": [ [ 133.5387979, 33.4901616 ], [ 133.538276700000011, 33.4900206 ], [ 133.5380419, 33.4900761 ], [ 133.5379627, 33.4900817 ] ] } },
{ "type": "Feature", "properties": { "u": 1557771074, "v": 1557771012, "key": 0, "osmid": "142326195", "lanes": null, "ref": null, "name": null, "highway": "residential", "maxspeed": null, "oneway": false, "reversed": "False", "length": 38.63, "bridge": null }, "geometry": { "type": "LineString", "coordinates": [ [ 133.545868, 33.4901983 ], [ 133.5460429, 33.489883 ] ] } },
{ "type": "Feature", "properties": { "u": 1557771074, "v": 1431444766, "key": 0, "osmid": "142326195", "lanes": null, "ref": null, "name": null, "highway": "residential", "maxspeed": null, "oneway": false, "reversed": "True", "length": 74.558, "bridge": null }, "geometry": { "type": "LineString", "coordinates": [ [ 133.545868, 33.4901983 ], [ 133.545579, 33.490824 ] ] } },
{ "type": "Feature", "properties": { "u": 1557771074, "v": 4934700991, "key": 0, "osmid": "503134631", "lanes": null, "ref": null, "name": null, "highway": "residential", "maxspeed": null, "oneway": false, "reversed": "False", "length": 32.183, "bridge": null }, "geometry": { "type": "LineString", "coordinates": [ [ 133.545868, 33.4901983 ], [ 133.545545299999986, 33.4900918 ] ] } },
{ "type": "Feature", "properties": { "u": 1557771076, "v": 1557771109, "key": 0, "osmid": "142326037", "lanes": null, "ref": null, "name": null, "highway": "unclassified", "maxspeed": null, "oneway": false, "reversed": "False", "length": 64.102, "bridge": null }, "geometry": { "type": "LineString", "coordinates": [ [ 133.547322, 33.490254 ], [ 133.5479844, 33.4904188 ] ] } },
{ "type": "Feature", "properties": { "u": 1557771076, "v": 1557771048, "key": 0, "osmid": "142326397", "lanes": null, "ref": null, "name": null, "highway": "unclassified", "maxspeed": null, "oneway": false, "reversed": "True", "length": 57.676, "bridge": null }, "geometry": { "type": "LineString", "coordinates": [ [ 133.547322, 33.490254 ], [ 133.5467352, 33.4900821 ] ] } },
{ "type": "Feature", "properties": { "u": 1557771076, "v": 1557771216, "key": 0, "osmid": "142326002", "lanes": null, "ref": null, "name": null, "highway": "residential", "maxspeed": null, "oneway": false, "reversed": "True", "length": 103.647, "bridge": null }, "geometry": { "type": "LineString", "coordinates": [ [ 133.547322, 33.490254 ], [ 133.5473039, 33.4902875 ], [ 133.5468038, 33.4910798 ] ] } },
{ "type": "Feature", "properties": { "u": 1557771109, "v": 1431444776, "key": 0, "osmid": "24226805", "lanes": "2", "ref": "34", "name": "県道34号線", "highway": "primary", "maxspeed": "50", "oneway": false, "reversed": "False", "length": 53.707, "bridge": null }, "geometry": { "type": "LineString", "coordinates": [ [ 133.5479844, 33.4904188 ], [ 133.5477421, 33.4908575 ] ] } },
{ "type": "Feature", "properties": { "u": 1557771109, "v": 1557770940, "key": 0, "osmid": "24226805", "lanes": "2", "ref": "34", "name": "県道34号線", "highway": "primary", "maxspeed": "50", "oneway": false, "reversed": "True", "length": 95.292, "bridge": null }, "geometry": { "type": "LineString", "coordinates": [ [ 133.5479844, 33.4904188 ], [ 133.548405, 33.4896369 ] ] } },
{ "type": "Feature", "properties": { "u": 1557771109, "v": 1557771076, "key": 0, "osmid": "142326037", "lanes": null, "ref": null, "name": null, "highway": "unclassified", "maxspeed": null, "oneway": false, "reversed": "True", "length": 64.102, "bridge": null }, "geometry": { "type": "LineString", "coordinates": [ [ 133.5479844, 33.4904188 ], [ 133.547322, 33.490254 ] ] } },
{ "type": "Feature", "properties": { "u": 1557771113, "v": 1431444750, "key": 0, "osmid": "129809889", "lanes": null, "ref": null, "name": null, "highway": "unclassified", "maxspeed": null, "oneway": false, "reversed": "False", "length": 16.131, "bridge": null }, "geometry": { "type": "LineString", "coordinates": [ [ 133.543924299999986, 33.4904036 ], [ 133.5437629, 33.4903495 ] ] } },
{ "type": "Feature", "properties": { "u": 1557771113, "v": 6878716075, "key": 0, "osmid": "129809889", "lanes": null, "ref": null, "name": null, "highway": "unclassified", "maxspeed": null, "oneway": false, "reversed": "True", "length": 44.457, "bridge": null }, "geometry": { "type": "LineString", "coordinates": [ [ 133.543924299999986, 33.4904036 ], [ 133.544378099999989, 33.4905325 ] ] } },
{ "type": "Feature", "properties": { "u": 1557771113, "v": 4934700652, "key": 0, "osmid": "503134570", "lanes": null, "ref": null, "name": null, "highway": "residential", "maxspeed": null, "oneway": false, "reversed": "True", "length": 36.492, "bridge": null }, "geometry": { "type": "LineString", "coordinates": [ [ 133.543924299999986, 33.4904036 ], [ 133.5437169, 33.4906825 ] ] } },
{ "type": "Feature", "properties": { "u": 1557771113, "v": 1557771008, "key": 0, "osmid": "503134632", "lanes": null, "ref": null, "name": null, "highway": "residential", "maxspeed": null, "oneway": false, "reversed": "False", "length": 54.133, "bridge": null }, "geometry": { "type": "LineString", "coordinates": [ [ 133.543924299999986, 33.4904036 ], [ 133.5441731, 33.4899632 ] ] } },
{ "type": "Feature", "properties": { "u": 1557771122, "v": 10179262550, "key": 0, "osmid": "142326445", "lanes": null, "ref": null, "name": null, "highway": "unclassified", "maxspeed": null, "oneway": false, "reversed": "False", "length": 61.951, "bridge": null }, "geometry": { "type": "LineString", "coordinates": [ [ 133.5428761, 33.4906966 ], [ 133.5432099, 33.490214 ] ] } },
{ "type": "Feature", "properties": { "u": 1557771122, "v": 1557771131, "key": 0, "osmid": "142326445", "lanes": null, "ref": null, "name": null, "highway": "unclassified", "maxspeed": null, "oneway": false, "reversed": "True", "length": 51.104, "bridge": null }, "geometry": { "type": "LineString", "coordinates": [ [ 133.5428761, 33.4906966 ], [ 133.5425902, 33.4910895 ] ] } },
{ "type": "Feature", "properties": { "u": 1557771122, "v": 4934700655, "key": 0, "osmid": "503134571", "lanes": null, "ref": null, "name": null, "highway": "residential", "maxspeed": null, "oneway": false, "reversed": "False", "length": 64.884, "bridge": null }, "geometry": { "type": "LineString", "coordinates": [ [ 133.5428761, 33.4906966 ], [ 133.543463300000013, 33.4910139 ] ] } },
{ "type": "Feature", "properties": { "u": 1557771131, "v": 1557771161, "key": 0, "osmid": "142325604", "lanes": null, "ref": null, "name": null, "highway": "unclassified", "maxspeed": null, "oneway": false, "reversed": "False", "length": 40.351, "bridge": null }, "geometry": { "type": "LineString", "coordinates": [ [ 133.5425902, 33.4910895 ], [ 133.542391400000014, 33.4907667 ] ] } },
{ "type": "Feature", "properties": { "u": 1557771131, "v": 1557771293, "key": 0, "osmid": "142326279", "lanes": null, "ref": null, "name": null, "highway": "unclassified", "maxspeed": null, "oneway": false, "reversed": "False", "length": 46.228, "bridge": null }, "geometry": { "type": "LineString", "coordinates": [ [ 133.5425902, 33.4910895 ], [ 133.5428541, 33.4914422 ] ] } },
{ "type": "Feature", "properties": { "u": 1557771131, "v": 1557771122, "key": 0, "osmid": "142326445", "lanes": null, "ref": null, "name": null, "highway": "unclassified", "maxspeed": null, "oneway": false, "reversed": "False", "length": 51.104, "bridge": null }, "geometry": { "type": "LineString", "coordinates": [ [ 133.5425902, 33.4910895 ], [ 133.5428761, 33.4906966 ] ] } },
{ "type": "Feature", "properties": { "u": 1557771131, "v": 4934700716, "key": 0, "osmid": "142326445", "lanes": null, "ref": null, "name": null, "highway": "unclassified", "maxspeed": null, "oneway": false, "reversed": "True", "length": 99.582, "bridge": null }, "geometry": { "type": "LineString", "coordinates": [ [ 133.5425902, 33.4910895 ], [ 133.5420102, 33.4918432 ] ] } },
{ "type": "Feature", "properties": { "u": 1557771145, "v": 1557771161, "key": 0, "osmid": "142325321", "lanes": null, "ref": null, "name": null, "highway": "unclassified", "maxspeed": null, "oneway": false, "reversed": "True", "length": 16.868, "bridge": null }, "geometry": { "type": "LineString", "coordinates": [ [ 133.542304800000011, 33.4906333 ], [ 133.542391400000014, 33.4907667 ] ] } },
{ "type": "Feature", "properties": { "u": 1557771145, "v": 10180208543, "key": 0, "osmid": "142325995", "lanes": null, "ref": null, "name": null, "highway": "unclassified", "maxspeed": null, "oneway": false, "reversed": "True", "length": 25.941, "bridge": null }, "geometry": { "type": "LineString", "coordinates": [ [ 133.542304800000011, 33.4906333 ], [ 133.5421751, 33.4904266 ] ] } },
{ "type": "Feature", "properties": { "u": 1557771145, "v": 10180208542, "key": 0, "osmid": "142326065", "lanes": null, "ref": null, "name": null, "highway": "unclassified", "maxspeed": null, "oneway": false, "reversed": "True", "length": 41.03, "bridge": null }, "geometry": { "type": "LineString", "coordinates": [ [ 133.542304800000011, 33.4906333 ], [ 133.542063899999988, 33.4909428 ] ] } },
{ "type": "Feature", "properties": { "u": 1557771154, "v": 1431444805, "key": 0, "osmid": "142326193", "lanes": null, "ref": null, "name": null, "highway": "unclassified", "maxspeed": null, "oneway": false, "reversed": "False", "length": 44.851, "bridge": null }, "geometry": { "type": "LineString", "coordinates": [ [ 133.5385276, 33.4908307 ], [ 133.538358499999987, 33.4912086 ] ] } },
{ "type": "Feature", "properties": { "u": 1557771154, "v": 4934700947, "key": 0, "osmid": "142326193", "lanes": null, "ref": null, "name": null, "highway": "unclassified", "maxspeed": null, "oneway": false, "reversed": "True", "length": 4.42, "bridge": null }, "geometry": { "type": "LineString", "coordinates": [ [ 133.5385276, 33.4908307 ], [ 133.5385444, 33.4907935 ] ] } },
{ "type": "Feature", "properties": { "u": 1557771154, "v": 4934700938, "key": 0, "osmid": "503134618", "lanes": null, "ref": null, "name": null, "highway": "residential", "maxspeed": null, "oneway": false, "reversed": "False", "length": 31.154, "bridge": null }, "geometry": { "type": "LineString", "coordinates": [ [ 133.5385276, 33.4908307 ], [ 133.5388541, 33.4908967 ] ] } },
{ "type": "Feature", "properties": { "u": 1557771161, "v": 1557771145, "key": 0, "osmid": "142325321", "lanes": null, "ref": null, "name": null, "highway": "unclassified", "maxspeed": null, "oneway": false, "reversed": "False", "length": 16.868, "bridge": null }, "geometry": { "type": "LineString", "coordinates": [ [ 133.542391400000014, 33.4907667 ], [ 133.542304800000011, 33.4906333 ] ] } },
{ "type": "Feature", "properties": { "u": 1557771161, "v": 1557771131, "key": 0, "osmid": "142325604", "lanes": null, "ref": null, "name": null, "highway": "unclassified", "maxspeed": null, "oneway": false, "reversed": "True", "length": 40.351, "bridge": null }, "geometry": { "type": "LineString", "coordinates": [ [ 133.542391400000014, 33.4907667 ], [ 133.5425902, 33.4910895 ] ] } },
{ "type": "Feature", "properties": { "u": 1557771161, "v": 1557771020, "key": 0, "osmid": "142326077", "lanes": null, "ref": null, "name": null, "highway": "unclassified", "maxspeed": null, "oneway": false, "reversed": "True", "length": 104.566, "bridge": null }, "geometry": { "type": "LineString", "coordinates": [ [ 133.542391400000014, 33.4907667 ], [ 133.542921, 33.4901023 ], [ 133.5429585, 33.4899632 ] ] } },
{ "type": "Feature", "properties": { "u": 1557771216, "v": 1431444766, "key": 0, "osmid": "129809889", "lanes": null, "ref": null, "name": null, "highway": "unclassified", "maxspeed": null, "oneway": false, "reversed": "False", "length": 117.088, "bridge": null }, "geometry": { "type": "LineString", "coordinates": [ [ 133.5468038, 33.4910798 ], [ 133.545579, 33.490824 ] ] } },
{ "type": "Feature", "properties": { "u": 1557771216, "v": 1431444798, "key": 0, "osmid": "129809889", "lanes": null, "ref": null, "name": null, "highway": "unclassified", "maxspeed": null, "oneway": false, "reversed": "True", "length": 37.108, "bridge": null }, "geometry": { "type": "LineString", "coordinates": [ [ 133.5468038, 33.4910798 ], [ 133.547189, 33.4911702 ] ] } },
{ "type": "Feature", "properties": { "u": 1557771216, "v": 10179548534, "key": 0, "osmid": "1112618174", "lanes": null, "ref": null, "name": null, "highway": "service", "maxspeed": null, "oneway": false, "reversed": "False", "length": 70.328, "bridge": null }, "geometry": { "type": "LineString", "coordinates": [ [ 133.5468038, 33.4910798 ], [ 133.5464012, 33.4916158 ] ] } },
{ "type": "Feature", "properties": { "u": 1557771216, "v": 1557771076, "key": 0, "osmid": "142326002", "lanes": null, "ref": null, "name": null, "highway": "residential", "maxspeed": null, "oneway": false, "reversed": "False", "length": 103.647, "bridge": null }, "geometry": { "type": "LineString", "coordinates": [ [ 133.5468038, 33.4910798 ], [ 133.5473039, 33.4902875 ], [ 133.547322, 33.490254 ] ] } },
{ "type": "Feature", "properties": { "u": 1557771241, "v": 1431444798, "key": 0, "osmid": "129809889", "lanes": null, "ref": null, "name": null, "highway": "unclassified", "maxspeed": null, "oneway": false, "reversed": "False", "length": 27.417, "bridge": null }, "geometry": { "type": "LineString", "coordinates": [ [ 133.547475, 33.4912327 ], [ 133.547189, 33.4911702 ] ] } },
{ "type": "Feature", "properties": { "u": 1557771241, "v": 1431444813, "key": 0, "osmid": "129809889", "lanes": null, "ref": null, "name": null, "highway": "unclassified", "maxspeed": null, "oneway": false, "reversed": "True", "length": 7.749, "bridge": null }, "geometry": { "type": "LineString", "coordinates": [ [ 133.547475, 33.4912327 ], [ 133.54755560000001, 33.4912511 ] ] } },
{ "type": "Feature", "properties": { "u": 1557771241, "v": 5483863136, "key": 0, "osmid": "142327223", "lanes": null, "ref": null, "name": null, "highway": "pedestrian", "maxspeed": null, "oneway": false, "reversed": "False", "length": 24.627, "bridge": null }, "geometry": { "type": "LineString", "coordinates": [ [ 133.547475, 33.4912327 ], [ 133.5473892, 33.4914423 ] ] } },
{ "type": "Feature", "properties": { "u": 1557771271, "v": 10180208542, "key": 0, "osmid": "142326065", "lanes": null, "ref": null, "name": null, "highway": "unclassified", "maxspeed": null, "oneway": false, "reversed": "False", "length": 66.07, "bridge": null }, "geometry": { "type": "LineString", "coordinates": [ [ 133.541676, 33.4914412 ], [ 133.542063899999988, 33.4909428 ] ] } },
{ "type": "Feature", "properties": { "u": 1557771271, "v": 4934700675, "key": 0, "osmid": "142326065", "lanes": null, "ref": null, "name": null, "highway": "unclassified", "maxspeed": null, "oneway": false, "reversed": "True", "length": 3.524, "bridge": null }, "geometry": { "type": "LineString", "coordinates": [ [ 133.541676, 33.4914412 ], [ 133.5416548, 33.4914675 ] ] } },
{ "type": "Feature", "properties": { "u": 1557771271, "v": 4934700840, "key": 0, "osmid": "503134586", "lanes": null, "ref": null, "name": null, "highway": "residential", "maxspeed": null, "oneway": false, "reversed": "True", "length": 41.914, "bridge": null }, "geometry": { "type": "LineString", "coordinates": [ [ 133.541676, 33.4914412 ], [ 133.541320899999988, 33.491208 ] ] } },
{ "type": "Feature", "properties": { "u": 1557771280, "v": 5487611891, "key": 0, "osmid": "142325841", "lanes": null, "ref": null, "name": null, "highway": "unclassified", "maxspeed": null, "oneway": false, "reversed": "True", "length": 8.333, "bridge": null }, "geometry": { "type": "LineString", "coordinates": [ [ 133.534745500000014, 33.4915718 ], [ 133.5348185, 33.4916155 ] ] } },
{ "type": "Feature", "properties": { "u": 1557771280, "v": 5487611903, "key": 0, "osmid": "61789382", "lanes": "2", "ref": "14", "name": "春野赤岡線", "highway": "primary", "maxspeed": "50", "oneway": false, "reversed": "False", "length": 610.098, "bridge": null }, "geometry": { "type": "LineString", "coordinates": [ [ 133.534745500000014, 33.4915718 ], [ 133.5362548, 33.4896504 ], [ 133.5376043, 33.4879321 ], [ 133.5379701, 33.4874137 ], [ 133.538278600000012, 33.4869456 ] ] } },
{ "type": "Feature", "properties": { "u": 1557771280, "v": 769146914, "key": 0, "osmid": "61789382", "lanes": "2", "ref": "14", "name": "春野赤岡線", "highway": "primary", "maxspeed": "50", "oneway": false, "reversed": "True", "length": 412.803, "bridge": null }, "geometry": { "type": "LineString", "coordinates": [ [ 133.534745500000014, 33.4915718 ], [ 133.5343708, 33.492126 ], [ 133.5341415, 33.4925273 ], [ 133.5339582, 33.4929463 ], [ 133.5337956, 33.4934343 ], [ 133.5336992, 33.4938835 ], [ 133.5336509, 33.494304 ], [ 133.533644, 33.494447 ], [ 133.5335596, 33.4951005 ] ] } },
{ "type": "Feature", "properties": { "u": 1557771293, "v": 1557771354, "key": 0, "osmid": "142326279", "lanes": null, "ref": null, "name": null, "highway": "unclassified", "maxspeed": null, "oneway": false, "reversed": "False", "length": 84.534, "bridge": null }, "geometry": { "type": "LineString", "coordinates": [ [ 133.5428541, 33.4914422 ], [ 133.543354599999986, 33.4920776 ] ] } },
{ "type": "Feature", "properties": { "u": 1557771293, "v": 1557771131, "key": 0, "osmid": "142326279", "lanes": null, "ref": null, "name": null, "highway": "unclassified", "maxspeed": null, "oneway": false, "reversed": "True", "length": 46.228, "bridge": null }, "geometry": { "type": "LineString", "coordinates": [ [ 133.5428541, 33.4914422 ], [ 133.5425902, 33.4910895 ] ] } },
{ "type": "Feature", "properties": { "u": 1557771293, "v": 1557771362, "key": 0, "osmid": "1112614204", "lanes": null, "ref": null, "name": null, "highway": "unclassified", "maxspeed": null, "oneway": false, "reversed": "True", "length": 86.033, "bridge": null }, "geometry": { "type": "LineString", "coordinates": [ [ 133.5428541, 33.4914422 ], [ 133.5422983, 33.4920617 ] ] } },
{ "type": "Feature", "properties": { "u": 1557771325, "v": 4934700663, "key": 0, "osmid": "503134572", "lanes": null, "ref": null, "name": null, "highway": "unclassified", "maxspeed": null, "oneway": false, "reversed": "True", "length": 33.196, "bridge": null }, "geometry": { "type": "LineString", "coordinates": [ [ 133.544586900000013, 33.4920638 ], [ 133.5442933, 33.491893 ] ] } },
{ "type": "Feature", "properties": { "u": 1557771325, "v": 4934700660, "key": 0, "osmid": "503134574", "lanes": null, "ref": null, "name": null, "highway": "unclassified", "maxspeed": null, "oneway": false, "reversed": "False", "length": 84.885, "bridge": null }, "geometry": { "type": "LineString", "coordinates": [ [ 133.544586900000013, 33.4920638 ], [ 133.545073300000013, 33.4914171 ] ] } },
{ "type": "Feature", "properties": { "u": 1557771325, "v": 4942039819, "key": 0, "osmid": "503134574", "lanes": null, "ref": null, "name": null, "highway": "unclassified", "maxspeed": null, "oneway": false, "reversed": "True", "length": 24.289, "bridge": null }, "geometry": { "type": "LineString", "coordinates": [ [ 133.544586900000013, 33.4920638 ], [ 133.544443, 33.4922425 ], [ 133.5444405, 33.4922449 ] ] } },
{ "type": "Feature", "properties": { "u": 1557771326, "v": 1431444863, "key": 0, "osmid": "44405096", "lanes": "2", "ref": null, "name": null, "highway": "unclassified", "maxspeed": null, "oneway": false, "reversed": "True", "length": 11.415, "bridge": null }, "geometry": { "type": "LineString", "coordinates": [ [ 133.5412996, 33.4917877 ], [ 133.5412107, 33.4917167 ] ] } },
{ "type": "Feature", "properties": { "u": 1557771326, "v": 4934700675, "key": 0, "osmid": "142326065", "lanes": null, "ref": null, "name": null, "highway": "unclassified", "maxspeed": null, "oneway": false, "reversed": "False", "length": 48.504, "bridge": null }, "geometry": { "type": "LineString", "coordinates": [ [ 133.5412996, 33.4917877 ], [ 133.5416548, 33.4914675 ] ] } },
{ "type": "Feature", "properties": { "u": 1557771326, "v": 1431444911, "key": 0, "osmid": "44405096", "lanes": "2", "ref": null, "name": null, "highway": "unclassified", "maxspeed": null, "oneway": false, "reversed": "False", "length": 54.487, "bridge": null }, "geometry": { "type": "LineString", "coordinates": [ [ 133.5412996, 33.4917877 ], [ 133.5413919, 33.4918701 ], [ 133.5415185, 33.4920069 ], [ 133.541699599999987, 33.4921447 ] ] } },
{ "type": "Feature", "properties": { "u": 1557771334, "v": 4934700654, "key": 0, "osmid": "142327529", "lanes": null, "ref": null, "name": null, "highway": "unclassified", "maxspeed": null, "oneway": false, "reversed": "False", "length": 38.529, "bridge": null }, "geometry": { "type": "LineString", "coordinates": [ [ 133.544040099999989, 33.491779 ], [ 133.5442673, 33.4914889 ] ] } },
{ "type": "Feature", "properties": { "u": 1557771334, "v": 1557771343, "key": 0, "osmid": "142327529", "lanes": null, "ref": null, "name": null, "highway": "unclassified", "maxspeed": null, "oneway": false, "reversed": "True", "length": 32.299, "bridge": null }, "geometry": { "type": "LineString", "coordinates": [ [ 133.544040099999989, 33.491779 ], [ 133.543848, 33.4920213 ] ] } },
{ "type": "Feature", "properties": { "u": 1557771334, "v": 4934700663, "key": 0, "osmid": "503134572", "lanes": null, "ref": null, "name": null, "highway": "unclassified", "maxspeed": null, "oneway": false, "reversed": "False", "length": 26.683, "bridge": null }, "geometry": { "type": "LineString", "coordinates": [ [ 133.544040099999989, 33.491779 ], [ 133.5442933, 33.491893 ] ] } },
{ "type": "Feature", "properties": { "u": 1557771334, "v": 4934700659, "key": 0, "osmid": "503134572", "lanes": null, "ref": null, "name": null, "highway": "unclassified", "maxspeed": null, "oneway": false, "reversed": "True", "length": 26.016, "bridge": null }, "geometry": { "type": "LineString", "coordinates": [ [ 133.544040099999989, 33.491779 ], [ 133.543804099999988, 33.4916525 ] ] } },
{ "type": "Feature", "properties": { "u": 1557771343, "v": 1557771334, "key": 0, "osmid": "142327529", "lanes": null, "ref": null, "name": null, "highway": "unclassified", "maxspeed": null, "oneway": false, "reversed": "False", "length": 32.299, "bridge": null }, "geometry": { "type": "LineString", "coordinates": [ [ 133.543848, 33.4920213 ], [ 133.544040099999989, 33.491779 ] ] } },
{ "type": "Feature", "properties": { "u": 1557771343, "v": 10180208520, "key": 0, "osmid": "142327529", "lanes": null, "ref": null, "name": null, "highway": "unclassified", "maxspeed": null, "oneway": false, "reversed": "True", "length": 3.937, "bridge": null }, "geometry": { "type": "LineString", "coordinates": [ [ 133.543848, 33.4920213 ], [ 133.5438081, 33.4920334 ] ] } },
{ "type": "Feature", "properties": { "u": 1557771343, "v": 4934700667, "key": 0, "osmid": "503134573", "lanes": null, "ref": null, "name": null, "highway": "residential", "maxspeed": null, "oneway": false, "reversed": "True", "length": 58.937, "bridge": null }, "geometry": { "type": "LineString", "coordinates": [ [ 133.543848, 33.4920213 ], [ 133.544269899999989, 33.4924177 ] ] } },
{ "type": "Feature", "properties": { "u": 1557771343, "v": 4934700663, "key": 0, "osmid": "503134573", "lanes": null, "ref": null, "name": null, "highway": "residential", "maxspeed": null, "oneway": false, "reversed": "False", "length": 43.695, "bridge": null }, "geometry": { "type": "LineString", "coordinates": [ [ 133.543848, 33.4920213 ], [ 133.5440896, 33.4919552 ], [ 133.5442933, 33.491893 ] ] } },
{ "type": "Feature", "properties": { "u": 1557771354, "v": 1557771293, "key": 0, "osmid": "142326279", "lanes": null, "ref": null, "name": null, "highway": "unclassified", "maxspeed": null, "oneway": false, "reversed": "True", "length": 84.534, "bridge": null }, "geometry": { "type": "LineString", "coordinates": [ [ 133.543354599999986, 33.4920776 ], [ 133.5428541, 33.4914422 ] ] } },
{ "type": "Feature", "properties": { "u": 1557771354, "v": 10180208520, "key": 0, "osmid": "142327529", "lanes": null, "ref": null, "name": null, "highway": "unclassified", "maxspeed": null, "oneway": false, "reversed": "False", "length": 42.34, "bridge": null }, "geometry": { "type": "LineString", "coordinates": [ [ 133.543354599999986, 33.4920776 ], [ 133.5438081, 33.4920334 ] ] } },
{ "type": "Feature", "properties": { "u": 1557771354, "v": 4934700671, "key": 0, "osmid": "142327618", "lanes": null, "ref": null, "name": null, "highway": "unclassified", "maxspeed": null, "oneway": false, "reversed": "True", "length": 33.919, "bridge": null }, "geometry": { "type": "LineString", "coordinates": [ [ 133.543354599999986, 33.4920776 ], [ 133.5435894, 33.4923115 ] ] } },
{ "type": "Feature", "properties": { "u": 1557771354, "v": 1557771362, "key": 0, "osmid": "142327205", "lanes": null, "ref": null, "name": null, "highway": "residential", "maxspeed": null, "oneway": false, "reversed": "True", "length": 99.928, "bridge": null }, "geometry": { "type": "LineString", "coordinates": [ [ 133.543354599999986, 33.4920776 ], [ 133.5429106, 33.4919888 ], [ 133.5427625, 33.4919867 ], [ 133.542554, 33.4920233 ], [ 133.5422983, 33.4920617 ] ] } },
{ "type": "Feature", "properties": { "u": 1557771362, "v": 4934700670, "key": 0, "osmid": "503134576", "lanes": null, "ref": null, "name": null, "highway": "residential", "maxspeed": null, "oneway": false, "reversed": "False", "length": 113.857, "bridge": null }, "geometry": { "type": "LineString", "coordinates": [ [ 133.5422983, 33.4920617 ], [ 133.5432514, 33.4927072 ] ] } },
{ "type": "Feature", "properties": { "u": 1557771362, "v": 4934700716, "key": 0, "osmid": "503134576", "lanes": null, "ref": null, "name": null, "highway": "residential", "maxspeed": null, "oneway": false, "reversed": "True", "length": 36.112, "bridge": null }, "geometry": { "type": "LineString", "coordinates": [ [ 133.5422983, 33.4920617 ], [ 133.5420102, 33.4918432 ] ] } },
{ "type": "Feature", "properties": { "u": 1557771362, "v": 1557771293, "key": 0, "osmid": "1112614204", "lanes": null, "ref": null, "name": null, "highway": "unclassified", "maxspeed": null, "oneway": false, "reversed": "False", "length": 86.033, "bridge": null }, "geometry": { "type": "LineString", "coordinates": [ [ 133.5422983, 33.4920617 ], [ 133.5428541, 33.4914422 ] ] } },
{ "type": "Feature", "properties": { "u": 1557771362, "v": 1557771354, "key": 0, "osmid": "142327205", "lanes": null, "ref": null, "name": null, "highway": "residential", "maxspeed": null, "oneway": false, "reversed": "False", "length": 99.928, "bridge": null }, "geometry": { "type": "LineString", "coordinates": [ [ 133.5422983, 33.4920617 ], [ 133.542554, 33.4920233 ], [ 133.5427625, 33.4919867 ], [ 133.5429106, 33.4919888 ], [ 133.543354599999986, 33.4920776 ] ] } },
{ "type": "Feature", "properties": { "u": 1557771362, "v": 1557771393, "key": 0, "osmid": "142327205", "lanes": null, "ref": null, "name": null, "highway": "residential", "maxspeed": null, "oneway": false, "reversed": "True", "length": 49.604, "bridge": null }, "geometry": { "type": "LineString", "coordinates": [ [ 133.5422983, 33.4920617 ], [ 133.5421528, 33.4921055 ], [ 133.541772900000012, 33.4920925 ] ] } },
{ "type": "Feature", "properties": { "u": 1557771380, "v": 4934700926, "key": 0, "osmid": "129899437", "lanes": "2", "ref": null, "name": null, "highway": "tertiary", "maxspeed": null, "oneway": false, "reversed": "False", "length": 48.151, "bridge": null }, "geometry": { "type": "LineString", "coordinates": [ [ 133.5396797, 33.4920893 ], [ 133.5394956, 33.4924942 ] ] } },
{ "type": "Feature", "properties": { "u": 1557771380, "v": 1431444892, "key": 0, "osmid": "129899437", "lanes": "2", "ref": null, "name": null, "highway": "tertiary", "maxspeed": null, "oneway": false, "reversed": "True", "length": 16.987, "bridge": null }, "geometry": { "type": "LineString", "coordinates": [ [ 133.5396797, 33.4920893 ], [ 133.539735900000011, 33.4919439 ] ] } },
{ "type": "Feature", "properties": { "u": 1557771380, "v": 1557771387, "key": 0, "osmid": "142326701", "lanes": null, "ref": null, "name": null, "highway": "unclassified", "maxspeed": null, "oneway": false, "reversed": "True", "length": 25.956, "bridge": null }, "geometry": { "type": "LineString", "coordinates": [ [ 133.5396797, 33.4920893 ], [ 133.5399502, 33.4921493 ] ] } },
{ "type": "Feature", "properties": { "u": 1557771387, "v": 1557771380, "key": 0, "osmid": "142326701", "lanes": null, "ref": null, "name": null, "highway": "unclassified", "maxspeed": null, "oneway": false, "reversed": "False", "length": 25.956, "bridge": null }, "geometry": { "type": "LineString", "coordinates": [ [ 133.5399502, 33.4921493 ], [ 133.5396797, 33.4920893 ] ] } },
{ "type": "Feature", "properties": { "u": 1557771387, "v": 4934700821, "key": 0, "osmid": "142326701", "lanes": null, "ref": null, "name": null, "highway": "unclassified", "maxspeed": null, "oneway": false, "reversed": "True", "length": 23.133, "bridge": null }, "geometry": { "type": "LineString", "coordinates": [ [ 133.5399502, 33.4921493 ], [ 133.5401946, 33.492191 ] ] } },
{ "type": "Feature", "properties": { "u": 1557771387, "v": 4934700712, "key": 0, "osmid": "503134587", "lanes": null, "ref": null, "name": null, "highway": "residential", "maxspeed": null, "oneway": false, "reversed": "True", "length": 72.586, "bridge": null }, "geometry": { "type": "LineString", "coordinates": [ [ 133.5399502, 33.4921493 ], [ 133.5398537, 33.4925087 ], [ 133.5401943, 33.4925244 ] ] } },
{ "type": "Feature", "properties": { "u": 1557771393, "v": 4934700716, "key": 0, "osmid": "142326445", "lanes": null, "ref": null, "name": null, "highway": "unclassified", "maxspeed": null, "oneway": false, "reversed": "False", "length": 35.393, "bridge": null }, "geometry": { "type": "LineString", "coordinates": [ [ 133.541772900000012, 33.4920925 ], [ 133.5420102, 33.4918432 ] ] } },
{ "type": "Feature", "properties": { "u": 1557771393, "v": 1431444911, "key": 0, "osmid": "142327205", "lanes": null, "ref": null, "name": null, "highway": "residential", "maxspeed": null, "oneway": false, "reversed": "True", "length": 8.938, "bridge": null }, "geometry": { "type": "LineString", "coordinates": [ [ 133.541772900000012, 33.4920925 ], [ 133.541699599999987, 33.4921447 ] ] } },
{ "type": "Feature", "properties": { "u": 1557771393, "v": 1557771362, "key": 0, "osmid": "142327205", "lanes": null, "ref": null, "name": null, "highway": "residential", "maxspeed": null, "oneway": false, "reversed": "False", "length": 49.604, "bridge": null }, "geometry": { "type": "LineString", "coordinates": [ [ 133.541772900000012, 33.4920925 ], [ 133.5421528, 33.4921055 ], [ 133.5422983, 33.4920617 ] ] } },
{ "type": "Feature", "properties": { "u": 1557771394, "v": 1557771398, "key": 0, "osmid": "142326701", "lanes": null, "ref": null, "name": null, "highway": "unclassified", "maxspeed": null, "oneway": false, "reversed": "False", "length": 9.855, "bridge": null }, "geometry": { "type": "LineString", "coordinates": [ [ 133.541046599999987, 33.492193 ], [ 133.5409874, 33.4922666 ] ] } },
{ "type": "Feature", "properties": { "u": 1557771394, "v": 1431444863, "key": 0, "osmid": "142326701", "lanes": null, "ref": null, "name": null, "highway": "unclassified", "maxspeed": null, "oneway": false, "reversed": "True", "length": 56.119, "bridge": null }, "geometry": { "type": "LineString", "coordinates": [ [ 133.541046599999987, 33.492193 ], [ 133.5411277, 33.4918175 ], [ 133.5411613, 33.4917638 ], [ 133.5412107, 33.4917167 ] ] } },
{ "type": "Feature", "properties": { "u": 1557771394, "v": 1557771402, "key": 0, "osmid": "503134584", "lanes": null, "ref": null, "name": null, "highway": "unclassified", "maxspeed": null, "oneway": false, "reversed": "True", "length": 57.898, "bridge": null }, "geometry": { "type": "LineString", "coordinates": [ [ 133.541046599999987, 33.492193 ], [ 133.541579, 33.4923147 ], [ 133.541651, 33.4923203 ] ] } },
{ "type": "Feature", "properties": { "u": 1557771398, "v": 1557771394, "key": 0, "osmid": "142326701", "lanes": null, "ref": null, "name": null, "highway": "unclassified", "maxspeed": null, "oneway": false, "reversed": "True", "length": 9.855, "bridge": null }, "geometry": { "type": "LineString", "coordinates": [ [ 133.5409874, 33.4922666 ], [ 133.541046599999987, 33.492193 ] ] } },
{ "type": "Feature", "properties": { "u": 1557771398, "v": 4934700700, "key": 0, "osmid": "142326701", "lanes": null, "ref": null, "name": null, "highway": "unclassified", "maxspeed": null, "oneway": false, "reversed": "False", "length": 38.845, "bridge": null }, "geometry": { "type": "LineString", "coordinates": [ [ 133.5409874, 33.4922666 ], [ 133.5408014, 33.4922946 ], [ 133.5405762, 33.4922561 ] ] } },
{ "type": "Feature", "properties": { "u": 1557771398, "v": 564442852, "key": 0, "osmid": "503134582", "lanes": null, "ref": null, "name": null, "highway": "unclassified", "maxspeed": null, "oneway": false, "reversed": "True", "length": 53.536, "bridge": null }, "geometry": { "type": "LineString", "coordinates": [ [ 133.5409874, 33.4922666 ], [ 133.5410057, 33.4923231 ], [ 133.540947100000011, 33.4927432 ] ] } },
{ "type": "Feature", "properties": { "u": 1557771402, "v": 1557771528, "key": 0, "osmid": "142325578", "lanes": null, "ref": null, "name": null, "highway": "unclassified", "maxspeed": null, "oneway": false, "reversed": "False", "length": 52.025, "bridge": null }, "geometry": { "type": "LineString", "coordinates": [ [ 133.541651, 33.4923203 ], [ 133.5416148, 33.4927872 ] ] } },
{ "type": "Feature", "properties": { "u": 1557771402, "v": 1431444911, "key": 0, "osmid": "142325358", "lanes": null, "ref": null, "name": null, "highway": "unclassified", "maxspeed": null, "oneway": false, "reversed": "True", "length": 20.876, "bridge": null }, "geometry": { "type": "LineString", "coordinates": [ [ 133.541651, 33.4923203 ], [ 133.5416595, 33.4921855 ], [ 133.541699599999987, 33.4921447 ] ] } },
{ "type": "Feature", "properties": { "u": 1557771402, "v": 1557771394, "key": 0, "osmid": "503134584", "lanes": null, "ref": null, "name": null, "highway": "unclassified", "maxspeed": null, "oneway": false, "reversed": "False", "length": 57.898, "bridge": null }, "geometry": { "type": "LineString", "coordinates": [ [ 133.541651, 33.4923203 ], [ 133.541579, 33.4923147 ], [ 133.541046599999987, 33.492193 ] ] } },
{ "type": "Feature", "properties": { "u": 1557771404, "v": 1431444905, "key": 0, "osmid": "44405094", "lanes": "2", "ref": null, "name": null, "highway": "unclassified", "maxspeed": null, "oneway": false, "reversed": "True", "length": 75.719, "bridge": null }, "geometry": { "type": "LineString", "coordinates": [ [ 133.536944299999988, 33.4922619 ], [ 133.5361494, 33.4921062 ] ] } },
{ "type": "Feature", "properties": { "u": 1557771404, "v": 1431444836, "key": 0, "osmid": "142325585", "lanes": null, "ref": null, "name": null, "highway": "unclassified", "maxspeed": null, "oneway": false, "reversed": "False", "length": 49.718, "bridge": null }, "geometry": { "type": "LineString", "coordinates": [ [ 133.536944299999988, 33.4922619 ], [ 133.537227800000011, 33.4918824 ] ] } },
{ "type": "Feature", "properties": { "u": 1557771404, "v": 1557771454, "key": 0, "osmid": [ 734500737, 734500738, 44405094 ], "lanes": "2", "ref": null, "name": null, "highway": "unclassified", "maxspeed": null, "oneway": false, "reversed": "False", "length": 64.282, "bridge": "yes" }, "geometry": { "type": "LineString", "coordinates": [ [ 133.536944299999988, 33.4922619 ], [ 133.53696930000001, 33.4922666 ], [ 133.5370241, 33.4922768 ], [ 133.5376207, 33.4923884 ] ] } },
{ "type": "Feature", "properties": { "u": 1557771404, "v": 1557771663, "key": 0, "osmid": "142326456", "lanes": null, "ref": null, "name": null, "highway": "unclassified", "maxspeed": null, "oneway": false, "reversed": "False", "length": 122.149, "bridge": null }, "geometry": { "type": "LineString", "coordinates": [ [ 133.536944299999988, 33.4922619 ], [ 133.5367937, 33.4924768 ], [ 133.5366914, 33.492769 ], [ 133.536673900000011, 33.4929762 ], [ 133.5366833, 33.4931048 ], [ 133.5367335, 33.4933092 ] ] } },
{ "type": "Feature", "properties": { "u": 1557771454, "v": 4934700891, "key": 0, "osmid": "142325846", "lanes": null, "ref": null, "name": null, "highway": "unclassified", "maxspeed": null, "oneway": false, "reversed": "True", "length": 49.772, "bridge": null }, "geometry": { "type": "LineString", "coordinates": [ [ 133.5376207, 33.4923884 ], [ 133.537545599999987, 33.4925602 ], [ 133.537534, 33.492708 ], [ 133.5375446, 33.4928243 ] ] } },
{ "type": "Feature", "properties": { "u": 1557771454, "v": 4934700948, "key": 0, "osmid": "142326372", "lanes": null, "ref": null, "name": null, "highway": "unclassified", "maxspeed": null, "oneway": false, "reversed": "True", "length": 38.325, "bridge": null }, "geometry": { "type": "LineString", "coordinates": [ [ 133.5376207, 33.4923884 ], [ 133.5376362, 33.4923239 ], [ 133.5377128, 33.4921614 ], [ 133.5377747, 33.4920708 ] ] } },
{ "type": "Feature", "properties": { "u": 1557771454, "v": 6878716085, "key": 0, "osmid": "734500737", "lanes": "2", "ref": null, "name": null, "highway": "unclassified", "maxspeed": null, "oneway": false, "reversed": "False", "length": 75.515, "bridge": null }, "geometry": { "type": "LineString", "coordinates": [ [ 133.5376207, 33.4923884 ], [ 133.5381798, 33.4925029 ], [ 133.538412599999987, 33.4925466 ] ] } },
{ "type": "Feature", "properties": { "u": 1557771454, "v": 1557771404, "key": 0, "osmid": [ 734500737, 734500738, 44405094 ], "lanes": "2", "ref": null, "name": null, "highway": "unclassified", "maxspeed": null, "oneway": false, "reversed": "True", "length": 64.282, "bridge": "yes" }, "geometry": { "type": "LineString", "coordinates": [ [ 133.5376207, 33.4923884 ], [ 133.5370241, 33.4922768 ], [ 133.53696930000001, 33.4922666 ], [ 133.536944299999988, 33.4922619 ] ] } },
{ "type": "Feature", "properties": { "u": 1557771487, "v": 10180208522, "key": 0, "osmid": "142327618", "lanes": null, "ref": null, "name": null, "highway": "unclassified", "maxspeed": null, "oneway": false, "reversed": "False", "length": 18.498, "bridge": null }, "geometry": { "type": "LineString", "coordinates": [ [ 133.5439682, 33.4927023 ], [ 133.543846800000011, 33.4925703 ] ] } },
{ "type": "Feature", "properties": { "u": 1557771487, "v": 1557771529, "key": 0, "osmid": "142327618", "lanes": null, "ref": null, "name": null, "highway": "unclassified", "maxspeed": null, "oneway": false, "reversed": "True", "length": 7.46, "bridge": null }, "geometry": { "type": "LineString", "coordinates": [ [ 133.5439682, 33.4927023 ], [ 133.5439742, 33.4927692 ] ] } },
{ "type": "Feature", "properties": { "u": 1557771487, "v": 4934700667, "key": 0, "osmid": "503134574", "lanes": null, "ref": null, "name": null, "highway": "unclassified", "maxspeed": null, "oneway": false, "reversed": "False", "length": 42.24, "bridge": null }, "geometry": { "type": "LineString", "coordinates": [ [ 133.5439682, 33.4927023 ], [ 133.544269899999989, 33.4924177 ] ] } },
{ "type": "Feature", "properties": { "u": 1557771496, "v": 1431444905, "key": 0, "osmid": "142326457", "lanes": null, "ref": null, "name": null, "highway": "unclassified", "maxspeed": null, "oneway": false, "reversed": "True", "length": 121.955, "bridge": null }, "geometry": { "type": "LineString", "coordinates": [ [ 133.5352473, 33.4925842 ], [ 133.5355026, 33.4926682 ], [ 133.5355835, 33.492663 ], [ 133.5360262, 33.4924707 ], [ 133.5360771, 33.4923275 ], [ 133.53609320000001, 33.4921866 ], [ 133.5361494, 33.4921062 ] ] } },
{ "type": "Feature", "properties": { "u": 1557771496, "v": 1431444829, "key": 0, "osmid": "142326604", "lanes": null, "ref": null, "name": null, "highway": "unclassified", "maxspeed": null, "oneway": false, "reversed": "False", "length": 122.59, "bridge": null }, "geometry": { "type": "LineString", "coordinates": [ [ 133.5352473, 33.4925842 ], [ 133.535325, 33.4924826 ], [ 133.5354623, 33.4922152 ], [ 133.535611499999987, 33.4917711 ], [ 133.5356808, 33.4915486 ] ] } },
{ "type": "Feature", "properties": { "u": 1557771496, "v": 1557771687, "key": 0, "osmid": "142326608", "lanes": null, "ref": null, "name": null, "highway": "unclassified", "maxspeed": null, "oneway": false, "reversed": "False", "length": 107.066, "bridge": null }, "geometry": { "type": "LineString", "coordinates": [ [ 133.5352473, 33.4925842 ], [ 133.535109, 33.492759 ], [ 133.5349914, 33.4930734 ], [ 133.534913, 33.4933386 ], [ 133.5348937, 33.4934887 ] ] } },
{ "type": "Feature", "properties": { "u": 1557771528, "v": 1557771402, "key": 0, "osmid": "142325578", "lanes": null, "ref": null, "name": null, "highway": "unclassified", "maxspeed": null, "oneway": false, "reversed": "True", "length": 52.025, "bridge": null }, "geometry": { "type": "LineString", "coordinates": [ [ 133.5416148, 33.4927872 ], [ 133.541651, 33.4923203 ] ] } },
{ "type": "Feature", "properties": { "u": 1557771528, "v": 4934700695, "key": 0, "osmid": "734500737", "lanes": "2", "ref": null, "name": null, "highway": "unclassified", "maxspeed": null, "oneway": false, "reversed": "False", "length": 27.151, "bridge": null }, "geometry": { "type": "LineString", "coordinates": [ [ 133.5416148, 33.4927872 ], [ 133.541902599999986, 33.4928321 ] ] } },
{ "type": "Feature", "properties": { "u": 1557771528, "v": 564442852, "key": 0, "osmid": "734500737", "lanes": "2", "ref": null, "name": null, "highway": "unclassified", "maxspeed": null, "oneway": false, "reversed": "True", "length": 62.11, "bridge": null }, "geometry": { "type": "LineString", "coordinates": [ [ 133.5416148, 33.4927872 ], [ 133.540947100000011, 33.4927432 ] ] } },
{ "type": "Feature", "properties": { "u": 1557771529, "v": 1557771487, "key": 0, "osmid": "142327618", "lanes": null, "ref": null, "name": null, "highway": "unclassified", "maxspeed": null, "oneway": false, "reversed": "False", "length": 7.46, "bridge": null }, "geometry": { "type": "LineString", "coordinates": [ [ 133.5439742, 33.4927692 ], [ 133.5439682, 33.4927023 ] ] } },
{ "type": "Feature", "properties": { "u": 1557771529, "v": 4942039825, "key": 0, "osmid": "142327618", "lanes": null, "ref": null, "name": null, "highway": "unclassified", "maxspeed": null, "oneway": false, "reversed": "True", "length": 5.885, "bridge": null }, "geometry": { "type": "LineString", "coordinates": [ [ 133.5439742, 33.4927692 ], [ 133.543969800000013, 33.492822 ] ] } },
{ "type": "Feature", "properties": { "u": 1557771529, "v": 4934700670, "key": 0, "osmid": "503134576", "lanes": null, "ref": null, "name": null, "highway": "residential", "maxspeed": null, "oneway": false, "reversed": "True", "length": 67.38, "bridge": null }, "geometry": { "type": "LineString", "coordinates": [ [ 133.5439742, 33.4927692 ], [ 133.5432514, 33.4927072 ] ] } },
{ "type": "Feature", "properties": { "u": 1557771570, "v": 4934700679, "key": 0, "osmid": "142327256", "lanes": null, "ref": null, "name": null, "highway": "unclassified", "maxspeed": null, "oneway": false, "reversed": "False", "length": 65.318, "bridge": null }, "geometry": { "type": "LineString", "coordinates": [ [ 133.539691299999987, 33.492937 ], [ 133.5400267, 33.4930791 ], [ 133.540225, 33.4931935 ], [ 133.5403111, 33.4932042 ] ] } },
{ "type": "Feature", "properties": { "u": 1557771570, "v": 4934700708, "key": 0, "osmid": "503134585", "lanes": null, "ref": null, "name": null, "highway": "unclassified", "maxspeed": null, "oneway": false, "reversed": "False", "length": 50.08, "bridge": null }, "geometry": { "type": "LineString", "coordinates": [ [ 133.539691299999987, 33.492937 ], [ 133.539577400000013, 33.4932178 ], [ 133.539543900000012, 33.4933229 ], [ 133.5395441, 33.4933681 ] ] } },
{ "type": "Feature", "properties": { "u": 1557771570, "v": 564442848, "key": 0, "osmid": "503134585", "lanes": null, "ref": null, "name": null, "highway": "unclassified", "maxspeed": null, "oneway": false, "reversed": "True", "length": 13.888, "bridge": null }, "geometry": { "type": "LineString", "coordinates": [ [ 133.539691299999987, 33.492937 ], [ 133.5397209, 33.4928481 ], [ 133.539733500000011, 33.4928172 ] ] } },
{ "type": "Feature", "properties": { "u": 1557771586, "v": 564442858, "key": 0, "osmid": "44405096", "lanes": "2", "ref": null, "name": null, "highway": "unclassified", "maxspeed": null, "oneway": false, "reversed": "True", "length": 26.948, "bridge": null }, "geometry": { "type": "LineString", "coordinates": [ [ 133.5429852, 33.4930576 ], [ 133.542743300000012, 33.4929233 ] ] } },
{ "type": "Feature", "properties": { "u": 1557771586, "v": 4942039807, "key": 0, "osmid": "142325221", "lanes": null, "ref": null, "name": null, "highway": "unclassified", "maxspeed": null, "oneway": false, "reversed": "False", "length": 48.942, "bridge": null }, "geometry": { "type": "LineString", "coordinates": [ [ 133.5429852, 33.4930576 ], [ 133.5426933, 33.4934243 ] ] } },
{ "type": "Feature", "properties": { "u": 1557771586, "v": 4934700670, "key": 0, "osmid": "503134575", "lanes": null, "ref": null, "name": null, "highway": "residential", "maxspeed": null, "oneway": false, "reversed": "True", "length": 46.124, "bridge": null }, "geometry": { "type": "LineString", "coordinates": [ [ 133.5429852, 33.4930576 ], [ 133.5432514, 33.4927072 ] ] } },
{ "type": "Feature", "properties": { "u": 1557771586, "v": 1557771721, "key": 0, "osmid": "44405096", "lanes": "2", "ref": null, "name": null, "highway": "unclassified", "maxspeed": null, "oneway": false, "reversed": "False", "length": 105.242, "bridge": null }, "geometry": { "type": "LineString", "coordinates": [ [ 133.5429852, 33.4930576 ], [ 133.5432725, 33.4932177 ], [ 133.543741, 33.4935498 ], [ 133.5438581, 33.4936577 ] ] } },
{ "type": "Feature", "properties": { "u": 1557771609, "v": 1557771629, "key": 0, "osmid": "142325083", "lanes": null, "ref": null, "name": null, "highway": "unclassified", "maxspeed": null, "oneway": false, "reversed": "True", "length": 31.194, "bridge": null }, "geometry": { "type": "LineString", "coordinates": [ [ 133.5376071, 33.4931564 ], [ 133.5376991, 33.4931991 ], [ 133.5378174, 33.4932541 ], [ 133.5378878, 33.4933081 ] ] } },
{ "type": "Feature", "properties": { "u": 1557771609, "v": 4934700891, "key": 0, "osmid": "142325846", "lanes": null, "ref": null, "name": null, "highway": "unclassified", "maxspeed": null, "oneway": false, "reversed": "False", "length": 38.187, "bridge": null }, "geometry": { "type": "LineString", "coordinates": [ [ 133.5376071, 33.4931564 ], [ 133.537553699999989, 33.4930735 ], [ 133.5375446, 33.4928243 ] ] } },
{ "type": "Feature", "properties": { "u": 1557771609, "v": 1557771646, "key": 0, "osmid": "142326433", "lanes": null, "ref": null, "name": null, "highway": "unclassified", "maxspeed": null, "oneway": false, "reversed": "False", "length": 46.493, "bridge": null }, "geometry": { "type": "LineString", "coordinates": [ [ 133.5376071, 33.4931564 ], [ 133.5375446, 33.4931908 ], [ 133.5371318, 33.4932802 ] ] } },
{ "type": "Feature", "properties": { "u": 1557771615, "v": 4934700696, "key": 0, "osmid": "142327256", "lanes": null, "ref": null, "name": null, "highway": "unclassified", "maxspeed": null, "oneway": false, "reversed": "False", "length": 79.059, "bridge": null }, "geometry": { "type": "LineString", "coordinates": [ [ 133.5409712, 33.4931378 ], [ 133.5418225, 33.4931764 ] ] } },
{ "type": "Feature", "properties": { "u": 1557771615, "v": 564442852, "key": 0, "osmid": "503134582", "lanes": null, "ref": null, "name": null, "highway": "unclassified", "maxspeed": null, "oneway": false, "reversed": "False", "length": 43.934, "bridge": null }, "geometry": { "type": "LineString", "coordinates": [ [ 133.5409712, 33.4931378 ], [ 133.540947100000011, 33.4927432 ] ] } },
{ "type": "Feature", "properties": { "u": 1557771615, "v": 4934700679, "key": 0, "osmid": "142327256", "lanes": null, "ref": null, "name": null, "highway": "unclassified", "maxspeed": null, "oneway": false, "reversed": "True", "length": 61.823, "bridge": null }, "geometry": { "type": "LineString", "coordinates": [ [ 133.5409712, 33.4931378 ], [ 133.5406664, 33.4931652 ], [ 133.5403513, 33.4932092 ], [ 133.5403111, 33.4932042 ] ] } },
{ "type": "Feature", "properties": { "u": 1557771615, "v": 4934700681, "key": 0, "osmid": "503134582", "lanes": null, "ref": null, "name": null, "highway": "unclassified", "maxspeed": null, "oneway": false, "reversed": "True", "length": 28.526, "bridge": null }, "geometry": { "type": "LineString", "coordinates": [ [ 133.5409712, 33.4931378 ], [ 133.540982899999989, 33.4933073 ], [ 133.5410192, 33.4933886 ] ] } },
{ "type": "Feature", "properties": { "u": 1557771629, "v": 1557771652, "key": 0, "osmid": "142325083", "lanes": null, "ref": null, "name": null, "highway": "unclassified", "maxspeed": null, "oneway": false, "reversed": "True", "length": 14.12, "bridge": null }, "geometry": { "type": "LineString", "coordinates": [ [ 133.5378878, 33.4933081 ], [ 133.5379159, 33.4934329 ] ] } },
{ "type": "Feature", "properties": { "u": 1557771629, "v": 1557771609, "key": 0, "osmid": "142325083", "lanes": null, "ref": null, "name": null, "highway": "unclassified", "maxspeed": null, "oneway": false, "reversed": "False", "length": 31.194, "bridge": null }, "geometry": { "type": "LineString", "coordinates": [ [ 133.5378878, 33.4933081 ], [ 133.5378174, 33.4932541 ], [ 133.5376991, 33.4931991 ], [ 133.5376071, 33.4931564 ] ] } },
{ "type": "Feature", "properties": { "u": 1557771629, "v": 4934700900, "key": 0, "osmid": "503134610", "lanes": null, "ref": null, "name": null, "highway": "residential", "maxspeed": null, "oneway": false, "reversed": "True", "length": 84.253, "bridge": null }, "geometry": { "type": "LineString", "coordinates": [ [ 133.5378878, 33.4933081 ], [ 133.537944, 33.4932569 ], [ 133.537952, 33.4931742 ], [ 133.5379896, 33.4931451 ], [ 133.5386507, 33.4932569 ] ] } },
{ "type": "Feature", "properties": { "u": 1557771646, "v": 1557771658, "key": 0, "osmid": "142326433", "lanes": null, "ref": null, "name": null, "highway": "unclassified", "maxspeed": null, "oneway": false, "reversed": "False", "length": 36.884, "bridge": null }, "geometry": { "type": "LineString", "coordinates": [ [ 133.5371318, 33.4932802 ], [ 133.536740900000012, 33.4933415 ] ] } },
{ "type": "Feature", "properties": { "u": 1557771646, "v": 1557771609, "key": 0, "osmid": "142326433", "lanes": null, "ref": null, "name": null, "highway": "unclassified", "maxspeed": null, "oneway": false, "reversed": "True", "length": 46.493, "bridge": null }, "geometry": { "type": "LineString", "coordinates": [ [ 133.5371318, 33.4932802 ], [ 133.5375446, 33.4931908 ], [ 133.5376071, 33.4931564 ] ] } },
{ "type": "Feature", "properties": { "u": 1557771646, "v": 4934700870, "key": 0, "osmid": "503134602", "lanes": null, "ref": null, "name": null, "highway": "residential", "maxspeed": null, "oneway": false, "reversed": "False", "length": 236.49, "bridge": null }, "geometry": { "type": "LineString", "coordinates": [ [ 133.5371318, 33.4932802 ], [ 133.537135299999989, 33.4934549 ], [ 133.53716750000001, 33.4937837 ], [ 133.5371634, 33.4939492 ], [ 133.5372251, 33.4944838 ], [ 133.5372908, 33.4948932 ], [ 133.5372935, 33.4951795 ], [ 133.537274700000012, 33.4953316 ], [ 133.537212, 33.495374 ] ] } },
{ "type": "Feature", "properties": { "u": 1557771652, "v": 1557771629, "key": 0, "osmid": "142325083", "lanes": null, "ref": null, "name": null, "highway": "unclassified", "maxspeed": null, "oneway": false, "reversed": "False", "length": 14.12, "bridge": null }, "geometry": { "type": "LineString", "coordinates": [ [ 133.5379159, 33.4934329 ], [ 133.5378878, 33.4933081 ] ] } },
{ "type": "Feature", "properties": { "u": 1557771652, "v": 1431445100, "key": 0, "osmid": "142325083", "lanes": null, "ref": null, "name": null, "highway": "unclassified", "maxspeed": null, "oneway": false, "reversed": "True", "length": 85.768, "bridge": null }, "geometry": { "type": "LineString", "coordinates": [ [ 133.5379159, 33.4934329 ], [ 133.5379718, 33.4937468 ], [ 133.5380365, 33.4938591 ], [ 133.5381681, 33.4939725 ], [ 133.5383522, 33.4940491 ] ] } },
{ "type": "Feature", "properties": { "u": 1557771652, "v": 1431445063, "key": 0, "osmid": "503134609", "lanes": null, "ref": null, "name": null, "highway": "residential", "maxspeed": null, "oneway": false, "reversed": "False", "length": 61.465, "bridge": null }, "geometry": { "type": "LineString", "coordinates": [ [ 133.5379159, 33.4934329 ], [ 133.5381706, 33.4934616 ], [ 133.5383369, 33.4934974 ], [ 133.5385559, 33.4935663 ] ] } },
{ "type": "Feature", "properties": { "u": 1557771658, "v": 1557771646, "key": 0, "osmid": "142326433", "lanes": null, "ref": null, "name": null, "highway": "unclassified", "maxspeed": null, "oneway": false, "reversed": "True", "length": 36.884, "bridge": null }, "geometry": { "type": "LineString", "coordinates": [ [ 133.536740900000012, 33.4933415 ], [ 133.5371318, 33.4932802 ] ] } },
{ "type": "Feature", "properties": { "u": 1557771658, "v": 1557771663, "key": 0, "osmid": "142326456", "lanes": null, "ref": null, "name": null, "highway": "unclassified", "maxspeed": null, "oneway": false, "reversed": "True", "length": 3.657, "bridge": null }, "geometry": { "type": "LineString", "coordinates": [ [ 133.536740900000012, 33.4933415 ], [ 133.5367335, 33.4933092 ] ] } },
{ "type": "Feature", "properties": { "u": 1557771658, "v": 1557771806, "key": 0, "osmid": "142326542", "lanes": null, "ref": null, "name": null, "highway": "unclassified", "maxspeed": null, "oneway": false, "reversed": "True", "length": 69.202, "bridge": null }, "geometry": { "type": "LineString", "coordinates": [ [ 133.536740900000012, 33.4933415 ], [ 133.5368809, 33.4939528 ] ] } },
{ "type": "Feature", "properties": { "u": 1557771663, "v": 1557771658, "key": 0, "osmid": "142326456", "lanes": null, "ref": null, "name": null, "highway": "unclassified", "maxspeed": null, "oneway": false, "reversed": "False", "length": 3.657, "bridge": null }, "geometry": { "type": "LineString", "coordinates": [ [ 133.5367335, 33.4933092 ], [ 133.536740900000012, 33.4933415 ] ] } },
{ "type": "Feature", "properties": { "u": 1557771663, "v": 1557771404, "key": 0, "osmid": "142326456", "lanes": null, "ref": null, "name": null, "highway": "unclassified", "maxspeed": null, "oneway": false, "reversed": "True", "length": 122.149, "bridge": null }, "geometry": { "type": "LineString", "coordinates": [ [ 133.5367335, 33.4933092 ], [ 133.5366833, 33.4931048 ], [ 133.536673900000011, 33.4929762 ], [ 133.5366914, 33.492769 ], [ 133.5367937, 33.4924768 ], [ 133.536944299999988, 33.4922619 ] ] } },
{ "type": "Feature", "properties": { "u": 1557771663, "v": 1557771682, "key": 0, "osmid": "142327086", "lanes": null, "ref": null, "name": null, "highway": "unclassified", "maxspeed": null, "oneway": false, "reversed": "True", "length": 70.129, "bridge": null }, "geometry": { "type": "LineString", "coordinates": [ [ 133.5367335, 33.4933092 ], [ 133.5366453, 33.4933227 ], [ 133.5359838, 33.4933912 ] ] } },
{ "type": "Feature", "properties": { "u": 1557771682, "v": 1557771663, "key": 0, "osmid": "142327086", "lanes": null, "ref": null, "name": null, "highway": "unclassified", "maxspeed": null, "oneway": false, "reversed": "False", "length": 70.129, "bridge": null }, "geometry": { "type": "LineString", "coordinates": [ [ 133.5359838, 33.4933912 ], [ 133.5366453, 33.4933227 ], [ 133.5367335, 33.4933092 ] ] } },
{ "type": "Feature", "properties": { "u": 1557771682, "v": 1557771688, "key": 0, "osmid": "142327086", "lanes": null, "ref": null, "name": null, "highway": "unclassified", "maxspeed": null, "oneway": false, "reversed": "True", "length": 74.587, "bridge": null }, "geometry": { "type": "LineString", "coordinates": [ [ 133.5359838, 33.4933912 ], [ 133.535666, 33.493463 ], [ 133.5351924, 33.4934943 ] ] } },
{ "type": "Feature", "properties": { "u": 1557771682, "v": 4934700880, "key": 0, "osmid": "503134604", "lanes": null, "ref": null, "name": null, "highway": "residential", "maxspeed": null, "oneway": false, "reversed": "False", "length": 78.112, "bridge": null }, "geometry": { "type": "LineString", "coordinates": [ [ 133.5359838, 33.4933912 ], [ 133.535978300000011, 33.493425 ], [ 133.53587730000001, 33.4940465 ], [ 133.5358895, 33.4940864 ] ] } },
{ "type": "Feature", "properties": { "u": 1557771687, "v": 1557771688, "key": 0, "osmid": "142325592", "lanes": null, "ref": null, "name": null, "highway": "unclassified", "maxspeed": null, "oneway": false, "reversed": "False", "length": 27.706, "bridge": null }, "geometry": { "type": "LineString", "coordinates": [ [ 133.5348937, 33.4934887 ], [ 133.5351924, 33.4934943 ] ] } },
{ "type": "Feature", "properties": { "u": 1557771687, "v": 5483895494, "key": 0, "osmid": "142325881", "lanes": null, "ref": null, "name": null, "highway": "unclassified", "maxspeed": null, "oneway": false, "reversed": "False", "length": 75.319, "bridge": null }, "geometry": { "type": "LineString", "coordinates": [ [ 133.5348937, 33.4934887 ], [ 133.5348401, 33.4939951 ], [ 133.5347884, 33.4941585 ] ] } },
{ "type": "Feature", "properties": { "u": 1557771687, "v": 1557771496, "key": 0, "osmid": "142326608", "lanes": null, "ref": null, "name": null, "highway": "unclassified", "maxspeed": null, "oneway": false, "reversed": "True", "length": 107.066, "bridge": null }, "geometry": { "type": "LineString", "coordinates": [ [ 133.5348937, 33.4934887 ], [ 133.534913, 33.4933386 ], [ 133.5349914, 33.4930734 ], [ 133.535109, 33.492759 ], [ 133.5352473, 33.4925842 ] ] } },
{ "type": "Feature", "properties": { "u": 1557771688, "v": 1557771687, "key": 0, "osmid": "142325592", "lanes": null, "ref": null, "name": null, "highway": "unclassified", "maxspeed": null, "oneway": false, "reversed": "True", "length": 27.706, "bridge": null }, "geometry": { "type": "LineString", "coordinates": [ [ 133.5351924, 33.4934943 ], [ 133.5348937, 33.4934887 ] ] } },
{ "type": "Feature", "properties": { "u": 1557771688, "v": 4934700882, "key": 0, "osmid": "142326696", "lanes": null, "ref": null, "name": null, "highway": "unclassified", "maxspeed": null, "oneway": false, "reversed": "False", "length": 77.598, "bridge": null }, "geometry": { "type": "LineString", "coordinates": [ [ 133.5351924, 33.4934943 ], [ 133.5351779, 33.4936998 ], [ 133.535197399999987, 33.493805 ], [ 133.5352589, 33.493973 ], [ 133.5353373, 33.4941397 ], [ 133.5353508, 33.4941684 ] ] } },
{ "type": "Feature", "properties": { "u": 1557771688, "v": 1557771682, "key": 0, "osmid": "142327086", "lanes": null, "ref": null, "name": null, "highway": "unclassified", "maxspeed": null, "oneway": false, "reversed": "False", "length": 74.587, "bridge": null }, "geometry": { "type": "LineString", "coordinates": [ [ 133.5351924, 33.4934943 ], [ 133.535666, 33.493463 ], [ 133.5359838, 33.4933912 ] ] } },
{ "type": "Feature", "properties": { "u": 1557771721, "v": 4942039804, "key": 0, "osmid": "44405096", "lanes": "2", "ref": null, "name": null, "highway": "unclassified", "maxspeed": null, "oneway": false, "reversed": "False", "length": 45.519, "bridge": null }, "geometry": { "type": "LineString", "coordinates": [ [ 133.5438581, 33.4936577 ], [ 133.5441904, 33.493959 ] ] } },
{ "type": "Feature", "properties": { "u": 1557771721, "v": 4942039811, "key": 0, "osmid": "142327618", "lanes": null, "ref": null, "name": null, "highway": "unclassified", "maxspeed": null, "oneway": false, "reversed": "True", "length": 51.422, "bridge": null }, "geometry": { "type": "LineString", "coordinates": [ [ 133.5438581, 33.4936577 ], [ 133.5434572, 33.4939772 ] ] } },
{ "type": "Feature", "properties": { "u": 1557771721, "v": 1557771586, "key": 0, "osmid": "44405096", "lanes": "2", "ref": null, "name": null, "highway": "unclassified", "maxspeed": null, "oneway": false, "reversed": "True", "length": 105.242, "bridge": null }, "geometry": { "type": "LineString", "coordinates": [ [ 133.5438581, 33.4936577 ], [ 133.543741, 33.4935498 ], [ 133.5432725, 33.4932177 ], [ 133.5429852, 33.4930576 ] ] } },
{ "type": "Feature", "properties": { "u": 1557771721, "v": 4942039825, "key": 0, "osmid": "142327618", "lanes": null, "ref": null, "name": null, "highway": "unclassified", "maxspeed": null, "oneway": false, "reversed": "False", "length": 94.238, "bridge": null }, "geometry": { "type": "LineString", "coordinates": [ [ 133.5438581, 33.4936577 ], [ 133.5438952, 33.4936091 ], [ 133.543961, 33.493046 ], [ 133.543969800000013, 33.492822 ] ] } },
{ "type": "Feature", "properties": { "u": 1557771734, "v": 4942039807, "key": 0, "osmid": "142325221", "lanes": null, "ref": null, "name": null, "highway": "unclassified", "maxspeed": null, "oneway": false, "reversed": "True", "length": 17.96, "bridge": null }, "geometry": { "type": "LineString", "coordinates": [ [ 133.5425892, 33.4935605 ], [ 133.5426933, 33.4934243 ] ] } },
{ "type": "Feature", "properties": { "u": 1557771734, "v": 1557771781, "key": 0, "osmid": "142325221", "lanes": null, "ref": null, "name": null, "highway": "unclassified", "maxspeed": null, "oneway": false, "reversed": "False", "length": 144.044, "bridge": null }, "geometry": { "type": "LineString", "coordinates": [ [ 133.5425892, 33.4935605 ], [ 133.5424796, 33.493741 ], [ 133.5420363, 33.4936495 ], [ 133.5418449, 33.4936141 ], [ 133.5416394, 33.4936314 ], [ 133.5414307, 33.493666 ], [ 133.5412172, 33.493755 ] ] } },
{ "type": "Feature", "properties": { "u": 1557771734, "v": 4934700678, "key": 0, "osmid": "503134577", "lanes": null, "ref": null, "name": null, "highway": "unclassified", "maxspeed": null, "oneway": false, "reversed": "True", "length": 41.768, "bridge": null }, "geometry": { "type": "LineString", "coordinates": [ [ 133.5425892, 33.4935605 ], [ 133.542552, 33.4935444 ], [ 133.54215640000001, 33.4934594 ] ] } },
{ "type": "Feature", "properties": { "u": 1557771781, "v": 4934700885, "key": 0, "osmid": "142325221", "lanes": null, "ref": null, "name": null, "highway": "unclassified", "maxspeed": null, "oneway": false, "reversed": "False", "length": 84.49, "bridge": null }, "geometry": { "type": "LineString", "coordinates": [ [ 133.5412172, 33.493755 ], [ 133.5410046, 33.4939081 ], [ 133.540809, 33.4939874 ], [ 133.540425, 33.4941136 ] ] } },
{ "type": "Feature", "properties": { "u": 1557771781, "v": 1557771734, "key": 0, "osmid": "142325221", "lanes": null, "ref": null, "name": null, "highway": "unclassified", "maxspeed": null, "oneway": false, "reversed": "True", "length": 144.044, "bridge": null }, "geometry": { "type": "LineString", "coordinates": [ [ 133.5412172, 33.493755 ], [ 133.5414307, 33.493666 ], [ 133.5416394, 33.4936314 ], [ 133.5418449, 33.4936141 ], [ 133.5420363, 33.4936495 ], [ 133.5424796, 33.493741 ], [ 133.5425892, 33.4935605 ] ] } },
{ "type": "Feature", "properties": { "u": 1557771781, "v": 4934700690, "key": 0, "osmid": "503134582", "lanes": null, "ref": null, "name": null, "highway": "unclassified", "maxspeed": null, "oneway": false, "reversed": "False", "length": 25.077, "bridge": null }, "geometry": { "type": "LineString", "coordinates": [ [ 133.5412172, 33.493755 ], [ 133.541163899999987, 33.4937132 ], [ 133.5410952, 33.493559 ] ] } },
{ "type": "Feature", "properties": { "u": 1557771806, "v": 1557771658, "key": 0, "osmid": "142326542", "lanes": null, "ref": null, "name": null, "highway": "unclassified", "maxspeed": null, "oneway": false, "reversed": "False", "length": 69.202, "bridge": null }, "geometry": { "type": "LineString", "coordinates": [ [ 133.5368809, 33.4939528 ], [ 133.536740900000012, 33.4933415 ] ] } },
{ "type": "Feature", "properties": { "u": 1557771806, "v": 1557771856, "key": 0, "osmid": "142326542", "lanes": null, "ref": null, "name": null, "highway": "unclassified", "maxspeed": null, "oneway": false, "reversed": "True", "length": 56.546, "bridge": null }, "geometry": { "type": "LineString", "coordinates": [ [ 133.5368809, 33.4939528 ], [ 133.5370014, 33.4944513 ] ] } },
{ "type": "Feature", "properties": { "u": 1557771806, "v": 4934700879, "key": 0, "osmid": "503134605", "lanes": null, "ref": null, "name": null, "highway": "residential", "maxspeed": null, "oneway": false, "reversed": "False", "length": 77.543, "bridge": null }, "geometry": { "type": "LineString", "coordinates": [ [ 133.5368809, 33.4939528 ], [ 133.5360554, 33.4940641 ] ] } },
{ "type": "Feature", "properties": { "u": 1557771810, "v": 4934700853, "key": 0, "osmid": "142326131", "lanes": null, "ref": null, "name": null, "highway": "unclassified", "maxspeed": null, "oneway": false, "reversed": "False", "length": 6.406, "bridge": null }, "geometry": { "type": "LineString", "coordinates": [ [ 133.5396917, 33.4942244 ], [ 133.539622900000012, 33.4942192 ] ] } },
{ "type": "Feature", "properties": { "u": 1557771810, "v": 4934700885, "key": 0, "osmid": "142325221", "lanes": null, "ref": null, "name": null, "highway": "unclassified", "maxspeed": null, "oneway": false, "reversed": "True", "length": 71.639, "bridge": null }, "geometry": { "type": "LineString", "coordinates": [ [ 133.5396917, 33.4942244 ], [ 133.539982900000012, 33.4942606 ], [ 133.5401852, 33.4942137 ], [ 133.540425, 33.4941136 ] ] } },
{ "type": "Feature", "properties": { "u": 1557771810, "v": 1557771961, "key": 0, "osmid": "142327661", "lanes": null, "ref": null, "name": null, "highway": "unclassified", "maxspeed": null, "oneway": false, "reversed": "True", "length": 48.609, "bridge": null }, "geometry": { "type": "LineString", "coordinates": [ [ 133.5396917, 33.4942244 ], [ 133.5395344, 33.494538 ], [ 133.539465299999989, 33.4946163 ] ] } },
{ "type": "Feature", "properties": { "u": 1557771813, "v": 1431445117, "key": 0, "osmid": "142326131", "lanes": null, "ref": null, "name": null, "highway": "unclassified", "maxspeed": null, "oneway": false, "reversed": "False", "length": 57.671, "bridge": null }, "geometry": { "type": "LineString", "coordinates": [ [ 133.5389476, 33.4941681 ], [ 133.538326500000011, 33.4941415 ] ] } },
{ "type": "Feature", "properties": { "u": 1557771813, "v": 4934700853, "key": 0, "osmid": "142326131", "lanes": null, "ref": null, "name": null, "highway": "unclassified", "maxspeed": null, "oneway": false, "reversed": "True", "length": 62.878, "bridge": null }, "geometry": { "type": "LineString", "coordinates": [ [ 133.5389476, 33.4941681 ], [ 133.539622900000012, 33.4942192 ] ] } },
{ "type": "Feature", "properties": { "u": 1557771813, "v": 4934700867, "key": 0, "osmid": "503134600", "lanes": null, "ref": null, "name": null, "highway": "residential", "maxspeed": null, "oneway": false, "reversed": "False", "length": 35.737, "bridge": null }, "geometry": { "type": "LineString", "coordinates": [ [ 133.5389476, 33.4941681 ], [ 133.5390303, 33.4938542 ] ] } },
{ "type": "Feature", "properties": { "u": 1557771856, "v": 1557771806, "key": 0, "osmid": "142326542", "lanes": null, "ref": null, "name": null, "highway": "unclassified", "maxspeed": null, "oneway": false, "reversed": "False", "length": 56.546, "bridge": null }, "geometry": { "type": "LineString", "coordinates": [ [ 133.5370014, 33.4944513 ], [ 133.5368809, 33.4939528 ] ] } },
{ "type": "Feature", "properties": { "u": 1557771856, "v": 4934700870, "key": 0, "osmid": "142326542", "lanes": null, "ref": null, "name": null, "highway": "unclassified", "maxspeed": null, "oneway": false, "reversed": "True", "length": 104.442, "bridge": null }, "geometry": { "type": "LineString", "coordinates": [ [ 133.5370014, 33.4944513 ], [ 133.537212, 33.495374 ] ] } },
{ "type": "Feature", "properties": { "u": 1557771856, "v": 4934700878, "key": 0, "osmid": "503134606", "lanes": null, "ref": null, "name": null, "highway": "residential", "maxspeed": null, "oneway": false, "reversed": "False", "length": 79.639, "bridge": null }, "geometry": { "type": "LineString", "coordinates": [ [ 133.5370014, 33.4944513 ], [ 133.5361498, 33.494544 ] ] } },
{ "type": "Feature", "properties": { "u": 1557771929, "v": 4934700912, "key": 0, "osmid": "142325701", "lanes": null, "ref": null, "name": null, "highway": "unclassified", "maxspeed": null, "oneway": false, "reversed": "True", "length": 87.014, "bridge": null }, "geometry": { "type": "LineString", "coordinates": [ [ 133.5346883, 33.4946427 ], [ 133.5345979, 33.4946572 ], [ 133.5337687, 33.494516 ] ] } },
{ "type": "Feature", "properties": { "u": 1557771929, "v": 5483895494, "key": 0, "osmid": "142325881", "lanes": null, "ref": null, "name": null, "highway": "unclassified", "maxspeed": null, "oneway": false, "reversed": "True", "length": 56.051, "bridge": null }, "geometry": { "type": "LineString", "coordinates": [ [ 133.5346883, 33.4946427 ], [ 133.5346556, 33.4945778 ], [ 133.5347884, 33.4941585 ] ] } },
{ "type": "Feature", "properties": { "u": 1557771929, "v": 1557772118, "key": 0, "osmid": "142327295", "lanes": null, "ref": null, "name": null, "highway": "unclassified", "maxspeed": null, "oneway": false, "reversed": "False", "length": 84.259, "bridge": null }, "geometry": { "type": "LineString", "coordinates": [ [ 133.5346883, 33.4946427 ], [ 133.534745500000014, 33.494688 ], [ 133.535184, 33.4948713 ], [ 133.5354944, 33.4949855 ] ] } },
{ "type": "Feature", "properties": { "u": 1557771961, "v": 1431445147, "key": 0, "osmid": "503134601", "lanes": null, "ref": null, "name": null, "highway": "residential", "maxspeed": null, "oneway": false, "reversed": "True", "length": 113.017, "bridge": null }, "geometry": { "type": "LineString", "coordinates": [ [ 133.539465299999989, 33.4946163 ], [ 133.5382519, 33.4945209 ] ] } },
{ "type": "Feature", "properties": { "u": 1557771961, "v": 1557771810, "key": 0, "osmid": "142327661", "lanes": null, "ref": null, "name": null, "highway": "unclassified", "maxspeed": null, "oneway": false, "reversed": "False", "length": 48.609, "bridge": null }, "geometry": { "type": "LineString", "coordinates": [ [ 133.539465299999989, 33.4946163 ], [ 133.5395344, 33.494538 ], [ 133.5396917, 33.4942244 ] ] } },
{ "type": "Feature", "properties": { "u": 1557771961, "v": 1431445200, "key": 0, "osmid": "142327661", "lanes": null, "ref": null, "name": null, "highway": "unclassified", "maxspeed": null, "oneway": false, "reversed": "True", "length": 144.534, "bridge": null }, "geometry": { "type": "LineString", "coordinates": [ [ 133.539465299999989, 33.4946163 ], [ 133.539177099999989, 33.494816 ], [ 133.5389274, 33.4949065 ], [ 133.538746300000014, 33.4949255 ], [ 133.538299200000012, 33.4948917 ], [ 133.5381725, 33.4948499 ], [ 133.538064600000013, 33.4947704 ] ] } },
{ "type": "Feature", "properties": { "u": 1557772118, "v": 5506896789, "key": 0, "osmid": "142326599", "lanes": null, "ref": null, "name": null, "highway": "unclassified", "maxspeed": null, "oneway": false, "reversed": "False", "length": 130.44, "bridge": null }, "geometry": { "type": "LineString", "coordinates": [ [ 133.5354944, 33.4949855 ], [ 133.5356681, 33.495128 ], [ 133.535728, 33.495228 ], [ 133.5357352, 33.4953003 ], [ 133.5357104, 33.4955293 ], [ 133.535710099999989, 33.4956358 ], [ 133.5357529, 33.4957268 ], [ 133.535898800000012, 33.4959925 ], [ 133.5359374, 33.4960421 ] ] } },
{ "type": "Feature", "properties": { "u": 1557772118, "v": 4934700884, "key": 0, "osmid": "142326696", "lanes": null, "ref": null, "name": null, "highway": "unclassified", "maxspeed": null, "oneway": false, "reversed": "True", "length": 41.968, "bridge": null }, "geometry": { "type": "LineString", "coordinates": [ [ 133.5354944, 33.4949855 ], [ 133.5355284, 33.4949245 ], [ 133.5354826, 33.4946167 ] ] } },
{ "type": "Feature", "properties": { "u": 1557772118, "v": 1557771929, "key": 0, "osmid": "142327295", "lanes": null, "ref": null, "name": null, "highway": "unclassified", "maxspeed": null, "oneway": false, "reversed": "True", "length": 84.259, "bridge": null }, "geometry": { "type": "LineString", "coordinates": [ [ 133.5354944, 33.4949855 ], [ 133.535184, 33.4948713 ], [ 133.534745500000014, 33.494688 ], [ 133.5346883, 33.4946427 ] ] } },
{ "type": "Feature", "properties": { "u": 1557772194, "v": 1431984872, "key": 0, "osmid": "142326268", "lanes": null, "ref": null, "name": null, "highway": "unclassified", "maxspeed": null, "oneway": false, "reversed": "False", "length": 16.238, "bridge": null }, "geometry": { "type": "LineString", "coordinates": [ [ 133.5346077, 33.4954094 ], [ 133.5344331, 33.4954206 ] ] } },
{ "type": "Feature", "properties": { "u": 1557772194, "v": 1557772363, "key": 0, "osmid": "142326268", "lanes": null, "ref": null, "name": null, "highway": "unclassified", "maxspeed": null, "oneway": false, "reversed": "True", "length": 97.869, "bridge": null }, "geometry": { "type": "LineString", "coordinates": [ [ 133.5346077, 33.4954094 ], [ 133.535027899999989, 33.4954904 ], [ 133.5349098, 33.4960015 ] ] } },
{ "type": "Feature", "properties": { "u": 1557772194, "v": 5506896769, "key": 0, "osmid": [ 573339038, 573339039 ], "lanes": null, "ref": null, "name": null, "highway": "footway", "maxspeed": null, "oneway": false, "reversed": [ false, true ], "length": 230.829, "bridge": null }, "geometry": { "type": "LineString", "coordinates": [ [ 133.5346077, 33.4954094 ], [ 133.534588500000012, 33.4954586 ], [ 133.5345255, 33.495523 ], [ 133.5342185, 33.4968503 ], [ 133.534224599999988, 33.4969571 ], [ 133.5342531, 33.4970334 ], [ 133.5343588, 33.4971249 ], [ 133.5344421, 33.4971486 ], [ 133.534547800000013, 33.4971334 ], [ 133.534596599999986, 33.4970757 ], [ 133.5346452, 33.4970865 ] ] } },
{ "type": "Feature", "properties": { "u": 1557772304, "v": 1557772346, "key": 0, "osmid": [ 129809768, 129809746, 129809887 ], "lanes": null, "ref": null, "name": null, "highway": "unclassified", "maxspeed": null, "oneway": false, "reversed": "False", "length": 11.47, "bridge": "yes" }, "geometry": { "type": "LineString", "coordinates": [ [ 133.537464199999988, 33.4957502 ], [ 133.53743750000001, 33.4957882 ], [ 133.537414399999989, 33.4958179 ], [ 133.5373999, 33.4958383 ] ] } },
{ "type": "Feature", "properties": { "u": 1557772304, "v": 1431445200, "key": 0, "osmid": "129809887", "lanes": null, "ref": null, "name": null, "highway": "unclassified", "maxspeed": null, "oneway": false, "reversed": "True", "length": 123.12, "bridge": null }, "geometry": { "type": "LineString", "coordinates": [ [ 133.537464199999988, 33.4957502 ], [ 133.5376924, 33.4953115 ], [ 133.537843, 33.4950252 ], [ 133.5378957, 33.4949423 ], [ 133.5379469, 33.4948808 ], [ 133.538064600000013, 33.4947704 ] ] } },
{ "type": "Feature", "properties": { "u": 1557772304, "v": 4942039884, "key": 0, "osmid": [ 503976781, 503976782, 142325119 ], "lanes": null, "ref": null, "name": null, "highway": "unclassified", "maxspeed": null, "oneway": false, "reversed": "False", "length": 67.768, "bridge": "yes" }, "geometry": { "type": "LineString", "coordinates": [ [ 133.537464199999988, 33.4957502 ], [ 133.537590099999989, 33.4959482 ], [ 133.537593500000014, 33.4960044 ], [ 133.5375741, 33.4960898 ], [ 133.537596799999989, 33.4961643 ], [ 133.5377172, 33.4962956 ] ] } },
{ "type": "Feature", "properties": { "u": 1557772346, "v": 1557772446, "key": 0, "osmid": "129809746", "lanes": null, "ref": null, "name": null, "highway": "unclassified", "maxspeed": null, "oneway": false, "reversed": "False", "length": 85.199, "bridge": null }, "geometry": { "type": "LineString", "coordinates": [ [ 133.5373999, 33.4958383 ], [ 133.5372773, 33.4959858 ], [ 133.5371235, 33.4961334 ], [ 133.5367932, 33.4964112 ] ] } },
{ "type": "Feature", "properties": { "u": 1557772346, "v": 1557772304, "key": 0, "osmid": [ 129809768, 129809746, 129809887 ], "lanes": null, "ref": null, "name": null, "highway": "unclassified", "maxspeed": null, "oneway": false, "reversed": "True", "length": 11.47, "bridge": "yes" }, "geometry": { "type": "LineString", "coordinates": [ [ 133.5373999, 33.4958383 ], [ 133.537414399999989, 33.4958179 ], [ 133.53743750000001, 33.4957882 ], [ 133.537464199999988, 33.4957502 ] ] } },
{ "type": "Feature", "properties": { "u": 1557772346, "v": 4934700870, "key": 0, "osmid": "142326542", "lanes": null, "ref": null, "name": null, "highway": "unclassified", "maxspeed": null, "oneway": false, "reversed": "False", "length": 55.091, "bridge": null }, "geometry": { "type": "LineString", "coordinates": [ [ 133.5373999, 33.4958383 ], [ 133.5373612, 33.4958024 ], [ 133.5373083, 33.4956984 ], [ 133.537212, 33.495374 ] ] } },
{ "type": "Feature", "properties": { "u": 1557772363, "v": 1557772378, "key": 0, "osmid": "142325328", "lanes": null, "ref": null, "name": null, "highway": "unclassified", "maxspeed": null, "oneway": false, "reversed": "True", "length": 48.5, "bridge": null }, "geometry": { "type": "LineString", "coordinates": [ [ 133.5349098, 33.4960015 ], [ 133.535423, 33.4960857 ] ] } },
{ "type": "Feature", "properties": { "u": 1557772363, "v": 1557772524, "key": 0, "osmid": "142325610", "lanes": null, "ref": null, "name": null, "highway": "unclassified", "maxspeed": null, "oneway": false, "reversed": "True", "length": 87.6, "bridge": null }, "geometry": { "type": "LineString", "coordinates": [ [ 133.5349098, 33.4960015 ], [ 133.534718, 33.4967729 ] ] } },
{ "type": "Feature", "properties": { "u": 1557772363, "v": 1557772194, "key": 0, "osmid": "142326268", "lanes": null, "ref": null, "name": null, "highway": "unclassified", "maxspeed": null, "oneway": false, "reversed": "False", "length": 97.869, "bridge": null }, "geometry": { "type": "LineString", "coordinates": [ [ 133.5349098, 33.4960015 ], [ 133.535027899999989, 33.4954904 ], [ 133.5346077, 33.4954094 ] ] } },
{ "type": "Feature", "properties": { "u": 1557772378, "v": 1557772363, "key": 0, "osmid": "142325328", "lanes": null, "ref": null, "name": null, "highway": "unclassified", "maxspeed": null, "oneway": false, "reversed": "False", "length": 48.5, "bridge": null }, "geometry": { "type": "LineString", "coordinates": [ [ 133.535423, 33.4960857 ], [ 133.5349098, 33.4960015 ] ] } },
{ "type": "Feature", "properties": { "u": 1557772378, "v": 1557772539, "key": 0, "osmid": "142325682", "lanes": null, "ref": null, "name": null, "highway": "unclassified", "maxspeed": null, "oneway": false, "reversed": "True", "length": 88.253, "bridge": null }, "geometry": { "type": "LineString", "coordinates": [ [ 133.535423, 33.4960857 ], [ 133.5352301, 33.4968629 ] ] } },
{ "type": "Feature", "properties": { "u": 1557772378, "v": 5506896786, "key": 0, "osmid": "142326409", "lanes": null, "ref": null, "name": null, "highway": "unclassified", "maxspeed": null, "oneway": false, "reversed": "True", "length": 45.836, "bridge": null }, "geometry": { "type": "LineString", "coordinates": [ [ 133.535423, 33.4960857 ], [ 133.53581650000001, 33.496155 ], [ 133.5358596, 33.4962229 ] ] } },
{ "type": "Feature", "properties": { "u": 1557772446, "v": 1557772518, "key": 0, "osmid": "129809746", "lanes": null, "ref": null, "name": null, "highway": "unclassified", "maxspeed": null, "oneway": false, "reversed": "False", "length": 45.146, "bridge": null }, "geometry": { "type": "LineString", "coordinates": [ [ 133.5367932, 33.4964112 ], [ 133.5364597, 33.496707 ] ] } },
{ "type": "Feature", "properties": { "u": 1557772446, "v": 1557772346, "key": 0, "osmid": "129809746", "lanes": null, "ref": null, "name": null, "highway": "unclassified", "maxspeed": null, "oneway": false, "reversed": "True", "length": 85.199, "bridge": null }, "geometry": { "type": "LineString", "coordinates": [ [ 133.5367932, 33.4964112 ], [ 133.5371235, 33.4961334 ], [ 133.5372773, 33.4959858 ], [ 133.5373999, 33.4958383 ] ] } },
{ "type": "Feature", "properties": { "u": 1557772446, "v": 1557772595, "key": 0, "osmid": "142326529", "lanes": null, "ref": null, "name": null, "highway": "unclassified", "maxspeed": null, "oneway": false, "reversed": "True", "length": 31.105, "bridge": null }, "geometry": { "type": "LineString", "coordinates": [ [ 133.5367932, 33.4964112 ], [ 133.536833300000012, 33.4964416 ], [ 133.5369992, 33.496631 ] ] } },
{ "type": "Feature", "properties": { "u": 1557772509, "v": 5487611874, "key": 0, "osmid": "142325964", "lanes": null, "ref": null, "name": null, "highway": "unclassified", "maxspeed": null, "oneway": false, "reversed": "True", "length": 11.069, "bridge": null }, "geometry": { "type": "LineString", "coordinates": [ [ 133.534189199999986, 33.496675 ], [ 133.5340718, 33.496657 ] ] } },
{ "type": "Feature", "properties": { "u": 1557772509, "v": 1431984872, "key": 0, "osmid": "129853961", "lanes": "2", "ref": null, "name": null, "highway": "tertiary", "maxspeed": null, "oneway": false, "reversed": "False", "length": 142.545, "bridge": null }, "geometry": { "type": "LineString", "coordinates": [ [ 133.534189199999986, 33.496675 ], [ 133.534469300000012, 33.4955411 ], [ 133.5344331, 33.4954206 ] ] } },
{ "type": "Feature", "properties": { "u": 1557772509, "v": 1557772713, "key": 0, "osmid": "129853961", "lanes": "2", "ref": null, "name": null, "highway": "tertiary", "maxspeed": null, "oneway": false, "reversed": "True", "length": 90.222, "bridge": null }, "geometry": { "type": "LineString", "coordinates": [ [ 133.534189199999986, 33.496675 ], [ 133.534132, 33.4969153 ], [ 133.534160500000013, 33.4970256 ], [ 133.5342263, 33.4971041 ], [ 133.534319399999987, 33.4971748 ], [ 133.5344124, 33.4972117 ], [ 133.5346075, 33.4972489 ] ] } },
{ "type": "Feature", "properties": { "u": 1557772518, "v": 4942039888, "key": 0, "osmid": "129809746", "lanes": null, "ref": null, "name": null, "highway": "unclassified", "maxspeed": null, "oneway": false, "reversed": "False", "length": 110.602, "bridge": null }, "geometry": { "type": "LineString", "coordinates": [ [ 133.5364597, 33.496707 ], [ 133.535667499999988, 33.4974506 ] ] } },
{ "type": "Feature", "properties": { "u": 1557772518, "v": 1557772446, "key": 0, "osmid": "129809746", "lanes": null, "ref": null, "name": null, "highway": "unclassified", "maxspeed": null, "oneway": false, "reversed": "True", "length": 45.146, "bridge": null }, "geometry": { "type": "LineString", "coordinates": [ [ 133.5364597, 33.496707 ], [ 133.5367932, 33.4964112 ] ] } },
{ "type": "Feature", "properties": { "u": 1557772518, "v": 5506896785, "key": 0, "osmid": "142326599", "lanes": null, "ref": null, "name": null, "highway": "unclassified", "maxspeed": null, "oneway": false, "reversed": "True", "length": 3.735, "bridge": null }, "geometry": { "type": "LineString", "coordinates": [ [ 133.5364597, 33.496707 ], [ 133.536436400000014, 33.4966796 ] ] } },
{ "type": "Feature", "properties": { "u": 1557772524, "v": 5506896769, "key": 0, "osmid": "142325387", "lanes": null, "ref": null, "name": null, "highway": "unclassified", "maxspeed": null, "oneway": false, "reversed": "True", "length": 35.518, "bridge": null }, "geometry": { "type": "LineString", "coordinates": [ [ 133.534718, 33.4967729 ], [ 133.5346452, 33.4970865 ] ] } },
{ "type": "Feature", "properties": { "u": 1557772524, "v": 1557772539, "key": 0, "osmid": "142325551", "lanes": null, "ref": null, "name": null, "highway": "unclassified", "maxspeed": null, "oneway": false, "reversed": "False", "length": 48.529, "bridge": null }, "geometry": { "type": "LineString", "coordinates": [ [ 133.534718, 33.4967729 ], [ 133.5352301, 33.4968629 ] ] } },
{ "type": "Feature", "properties": { "u": 1557772524, "v": 1557772363, "key": 0, "osmid": "142325610", "lanes": null, "ref": null, "name": null, "highway": "unclassified", "maxspeed": null, "oneway": false, "reversed": "False", "length": 87.6, "bridge": null }, "geometry": { "type": "LineString", "coordinates": [ [ 133.534718, 33.4967729 ], [ 133.5349098, 33.4960015 ] ] } },
{ "type": "Feature", "properties": { "u": 1557772539, "v": 1557772524, "key": 0, "osmid": "142325551", "lanes": null, "ref": null, "name": null, "highway": "unclassified", "maxspeed": null, "oneway": false, "reversed": "True", "length": 48.529, "bridge": null }, "geometry": { "type": "LineString", "coordinates": [ [ 133.5352301, 33.4968629 ], [ 133.534718, 33.4967729 ] ] } },
{ "type": "Feature", "properties": { "u": 1557772539, "v": 1557772378, "key": 0, "osmid": "142325682", "lanes": null, "ref": null, "name": null, "highway": "unclassified", "maxspeed": null, "oneway": false, "reversed": "False", "length": 88.253, "bridge": null }, "geometry": { "type": "LineString", "coordinates": [ [ 133.5352301, 33.4968629 ], [ 133.535423, 33.4960857 ] ] } },
{ "type": "Feature", "properties": { "u": 1557772539, "v": 5506896786, "key": 0, "osmid": "142326409", "lanes": null, "ref": null, "name": null, "highway": "unclassified", "maxspeed": null, "oneway": false, "reversed": "False", "length": 130.783, "bridge": null }, "geometry": { "type": "LineString", "coordinates": [ [ 133.5352301, 33.4968629 ], [ 133.5357363, 33.4969464 ], [ 133.5359, 33.4962864 ], [ 133.5358596, 33.4962229 ] ] } },
{ "type": "Feature", "properties": { "u": 1557772595, "v": 4942039880, "key": 0, "osmid": "503976784", "lanes": null, "ref": null, "name": null, "highway": "residential", "maxspeed": null, "oneway": false, "reversed": "False", "length": 38.286, "bridge": null }, "geometry": { "type": "LineString", "coordinates": [ [ 133.5369992, 33.496631 ], [ 133.537359400000014, 33.4964627 ] ] } },
{ "type": "Feature", "properties": { "u": 1557772595, "v": 1557772446, "key": 0, "osmid": "142326529", "lanes": null, "ref": null, "name": null, "highway": "unclassified", "maxspeed": null, "oneway": false, "reversed": "False", "length": 31.105, "bridge": null }, "geometry": { "type": "LineString", "coordinates": [ [ 133.5369992, 33.496631 ], [ 133.536833300000012, 33.4964416 ], [ 133.5367932, 33.4964112 ] ] } },
{ "type": "Feature", "properties": { "u": 1557772595, "v": 1557772742, "key": 0, "osmid": "142326529", "lanes": null, "ref": null, "name": null, "highway": "unclassified", "maxspeed": null, "oneway": false, "reversed": "True", "length": 102.05, "bridge": null }, "geometry": { "type": "LineString", "coordinates": [ [ 133.5369992, 33.496631 ], [ 133.5374196, 33.497131 ], [ 133.537370900000013, 33.4974354 ] ] } },
{ "type": "Feature", "properties": { "u": 1557772651, "v": 1557772772, "key": 0, "osmid": "142325312", "lanes": null, "ref": null, "name": null, "highway": "unclassified", "maxspeed": null, "oneway": false, "reversed": "True", "length": 49.573, "bridge": null }, "geometry": { "type": "LineString", "coordinates": [ [ 133.5334268, 33.4970585 ], [ 133.5333216, 33.4974956 ] ] } },
{ "type": "Feature", "properties": { "u": 1557772651, "v": 5487611874, "key": 0, "osmid": "142325964", "lanes": null, "ref": null, "name": null, "highway": "unclassified", "maxspeed": null, "oneway": false, "reversed": "False", "length": 104.2, "bridge": null }, "geometry": { "type": "LineString", "coordinates": [ [ 133.5334268, 33.4970585 ], [ 133.533552, 33.4965739 ], [ 133.5340718, 33.496657 ] ] } },
{ "type": "Feature", "properties": { "u": 1557772651, "v": 5487437655, "key": 0, "osmid": "142326237", "lanes": null, "ref": null, "name": null, "highway": "unclassified", "maxspeed": null, "oneway": false, "reversed": "True", "length": 180.742, "bridge": null }, "geometry": { "type": "LineString", "coordinates": [ [ 133.5334268, 33.4970585 ], [ 133.532609400000013, 33.4969116 ], [ 133.5323908, 33.4970297 ], [ 133.5322186, 33.497726 ] ] } },
{ "type": "Feature", "properties": { "u": 1557772713, "v": 5506896769, "key": 0, "osmid": "142325387", "lanes": null, "ref": null, "name": null, "highway": "unclassified", "maxspeed": null, "oneway": false, "reversed": "False", "length": 18.393, "bridge": null }, "geometry": { "type": "LineString", "coordinates": [ [ 133.5346075, 33.4972489 ], [ 133.5346452, 33.4970865 ] ] } },
{ "type": "Feature", "properties": { "u": 1557772713, "v": 5487611873, "key": 0, "osmid": "142326100", "lanes": null, "ref": null, "name": null, "highway": "unclassified", "maxspeed": null, "oneway": false, "reversed": "True", "length": 14.796, "bridge": null }, "geometry": { "type": "LineString", "coordinates": [ [ 133.5346075, 33.4972489 ], [ 133.534574, 33.497379 ] ] } },
{ "type": "Feature", "properties": { "u": 1557772713, "v": 1557772509, "key": 0, "osmid": "129853961", "lanes": "2", "ref": null, "name": null, "highway": "tertiary", "maxspeed": null, "oneway": false, "reversed": "False", "length": 90.222, "bridge": null }, "geometry": { "type": "LineString", "coordinates": [ [ 133.5346075, 33.4972489 ], [ 133.5344124, 33.4972117 ], [ 133.534319399999987, 33.4971748 ], [ 133.5342263, 33.4971041 ], [ 133.534160500000013, 33.4970256 ], [ 133.534132, 33.4969153 ], [ 133.534189199999986, 33.496675 ] ] } },
{ "type": "Feature", "properties": { "u": 1557772713, "v": 4942039888, "key": 0, "osmid": "129853961", "lanes": "2", "ref": null, "name": null, "highway": "tertiary", "maxspeed": null, "oneway": false, "reversed": "True", "length": 100.867, "bridge": null }, "geometry": { "type": "LineString", "coordinates": [ [ 133.5346075, 33.4972489 ], [ 133.535554499999989, 33.4974199 ], [ 133.535667499999988, 33.4974506 ] ] } },
{ "type": "Feature", "properties": { "u": 1557772742, "v": 4942039876, "key": 0, "osmid": "142326211", "lanes": null, "ref": null, "name": null, "highway": "unclassified", "maxspeed": null, "oneway": false, "reversed": "False", "length": 52.313, "bridge": null }, "geometry": { "type": "LineString", "coordinates": [ [ 133.537370900000013, 33.4974354 ], [ 133.537925800000011, 33.4975203 ] ] } },
{ "type": "Feature", "properties": { "u": 1557772742, "v": 1557772595, "key": 0, "osmid": "142326529", "lanes": null, "ref": null, "name": null, "highway": "unclassified", "maxspeed": null, "oneway": false, "reversed": "False", "length": 102.05, "bridge": null }, "geometry": { "type": "LineString", "coordinates": [ [ 133.537370900000013, 33.4974354 ], [ 133.5374196, 33.497131 ], [ 133.5369992, 33.496631 ] ] } },
{ "type": "Feature", "properties": { "u": 1557772742, "v": 1557772877, "key": 0, "osmid": "142326892", "lanes": null, "ref": null, "name": null, "highway": "unclassified", "maxspeed": null, "oneway": false, "reversed": "True", "length": 30.603, "bridge": null }, "geometry": { "type": "LineString", "coordinates": [ [ 133.537370900000013, 33.4974354 ], [ 133.537357899999989, 33.4974912 ], [ 133.5373648, 33.4977095 ] ] } },
{ "type": "Feature", "properties": { "u": 1557772772, "v": 1557772651, "key": 0, "osmid": "142325312", "lanes": null, "ref": null, "name": null, "highway": "unclassified", "maxspeed": null, "oneway": false, "reversed": "False", "length": 49.573, "bridge": null }, "geometry": { "type": "LineString", "coordinates": [ [ 133.5333216, 33.4974956 ], [ 133.5334268, 33.4970585 ] ] } },
{ "type": "Feature", "properties": { "u": 1557772772, "v": 5487437654, "key": 0, "osmid": "142325667", "lanes": null, "ref": null, "name": null, "highway": "unclassified", "maxspeed": null, "oneway": false, "reversed": "True", "length": 51.833, "bridge": null }, "geometry": { "type": "LineString", "coordinates": [ [ 133.5333216, 33.4974956 ], [ 133.5332034, 33.4979512 ] ] } },
{ "type": "Feature", "properties": { "u": 1557772772, "v": 5487611873, "key": 0, "osmid": "142326100", "lanes": null, "ref": null, "name": null, "highway": "unclassified", "maxspeed": null, "oneway": false, "reversed": "False", "length": 147.139, "bridge": null }, "geometry": { "type": "LineString", "coordinates": [ [ 133.5333216, 33.4974956 ], [ 133.534491800000012, 33.4976983 ], [ 133.534574, 33.497379 ] ] } },
{ "type": "Feature", "properties": { "u": 1557772781, "v": 4942039876, "key": 0, "osmid": "142326211", "lanes": null, "ref": null, "name": null, "highway": "unclassified", "maxspeed": null, "oneway": false, "reversed": "True", "length": 27.0, "bridge": null }, "geometry": { "type": "LineString", "coordinates": [ [ 133.5382122, 33.4975641 ], [ 133.537925800000011, 33.4975203 ] ] } },
{ "type": "Feature", "properties": { "u": 1557772781, "v": 4942039867, "key": 0, "osmid": "142326892", "lanes": null, "ref": null, "name": null, "highway": "unclassified", "maxspeed": null, "oneway": false, "reversed": "False", "length": 42.026, "bridge": null }, "geometry": { "type": "LineString", "coordinates": [ [ 133.5382122, 33.4975641 ], [ 133.538142099999988, 33.4979375 ] ] } },
{ "type": "Feature", "properties": { "u": 1557772781, "v": 4942039884, "key": 0, "osmid": "142325119", "lanes": null, "ref": null, "name": null, "highway": "unclassified", "maxspeed": null, "oneway": false, "reversed": "True", "length": 158.232, "bridge": null }, "geometry": { "type": "LineString", "coordinates": [ [ 133.5382122, 33.4975641 ], [ 133.5382932, 33.4971635 ], [ 133.5383084, 33.4970885 ], [ 133.537989399999987, 33.4965719 ], [ 133.537887500000011, 33.4964386 ], [ 133.5377172, 33.4962956 ] ] } },
{ "type": "Feature", "properties": { "u": 1557772781, "v": 1557772927, "key": 0, "osmid": "142327704", "lanes": null, "ref": null, "name": null, "highway": "unclassified", "maxspeed": null, "oneway": false, "reversed": "True", "length": 91.91, "bridge": null }, "geometry": { "type": "LineString", "coordinates": [ [ 133.5382122, 33.4975641 ], [ 133.538532, 33.4976066 ], [ 133.5386172, 33.4976444 ], [ 133.5390176, 33.4979837 ] ] } },
{ "type": "Feature", "properties": { "u": 1557772792, "v": 5487437657, "key": 0, "osmid": "142325496", "lanes": null, "ref": null, "name": null, "highway": "unclassified", "maxspeed": null, "oneway": false, "reversed": "True", "length": 14.771, "bridge": null }, "geometry": { "type": "LineString", "coordinates": [ [ 133.531119600000011, 33.4975644 ], [ 133.5312735, 33.4975987 ] ] } },
{ "type": "Feature", "properties": { "u": 1557772852, "v": 5487437655, "key": 0, "osmid": "142326237", "lanes": null, "ref": null, "name": null, "highway": "unclassified", "maxspeed": null, "oneway": false, "reversed": "False", "length": 6.8, "bridge": null }, "geometry": { "type": "LineString", "coordinates": [ [ 133.5322038, 33.4977859 ], [ 133.5322186, 33.497726 ] ] } },
{ "type": "Feature", "properties": { "u": 1557772852, "v": 5487437657, "key": 0, "osmid": [ 142325496, 142325575 ], "lanes": null, "ref": null, "name": null, "highway": "unclassified", "maxspeed": null, "oneway": false, "reversed": "False", "length": 89.187, "bridge": null }, "geometry": { "type": "LineString", "coordinates": [ [ 133.5322038, 33.4977859 ], [ 133.5320686, 33.4977517 ], [ 133.5319871, 33.4977579 ], [ 133.5312735, 33.4975987 ] ] } },
{ "type": "Feature", "properties": { "u": 1557772852, "v": 1557772901, "key": 0, "osmid": "142325783", "lanes": null, "ref": null, "name": null, "highway": "unclassified", "maxspeed": null, "oneway": false, "reversed": "True", "length": 95.162, "bridge": null }, "geometry": { "type": "LineString", "coordinates": [ [ 133.5322038, 33.4977859 ], [ 133.53225230000001, 33.4978222 ], [ 133.533178, 33.4980377 ] ] } },
{ "type": "Feature", "properties": { "u": 1557772877, "v": 4942039869, "key": 0, "osmid": "142326892", "lanes": null, "ref": null, "name": null, "highway": "unclassified", "maxspeed": null, "oneway": false, "reversed": "True", "length": 10.41, "bridge": null }, "geometry": { "type": "LineString", "coordinates": [ [ 133.5373648, 33.4977095 ], [ 133.5373673, 33.4978031 ] ] } },
{ "type": "Feature", "properties": { "u": 1557772877, "v": 5487437628, "key": 0, "osmid": "503976786", "lanes": null, "ref": null, "name": null, "highway": "unclassified", "maxspeed": null, "oneway": false, "reversed": "False", "length": 5.502, "bridge": null }, "geometry": { "type": "LineString", "coordinates": [ [ 133.5373648, 33.4977095 ], [ 133.5373055, 33.4977112 ] ] } },
{ "type": "Feature", "properties": { "u": 1557772877, "v": 1557772742, "key": 0, "osmid": "142326892", "lanes": null, "ref": null, "name": null, "highway": "unclassified", "maxspeed": null, "oneway": false, "reversed": "False", "length": 30.603, "bridge": null }, "geometry": { "type": "LineString", "coordinates": [ [ 133.5373648, 33.4977095 ], [ 133.537357899999989, 33.4974912 ], [ 133.537370900000013, 33.4974354 ] ] } },
{ "type": "Feature", "properties": { "u": 1557772901, "v": 5487437654, "key": 0, "osmid": "142325667", "lanes": null, "ref": null, "name": null, "highway": "unclassified", "maxspeed": null, "oneway": false, "reversed": "False", "length": 9.903, "bridge": null }, "geometry": { "type": "LineString", "coordinates": [ [ 133.533178, 33.4980377 ], [ 133.5332034, 33.4979512 ] ] } },
{ "type": "Feature", "properties": { "u": 1557772901, "v": 1557772852, "key": 0, "osmid": "142325783", "lanes": null, "ref": null, "name": null, "highway": "unclassified", "maxspeed": null, "oneway": false, "reversed": "False", "length": 95.162, "bridge": null }, "geometry": { "type": "LineString", "coordinates": [ [ 133.533178, 33.4980377 ], [ 133.53225230000001, 33.4978222 ], [ 133.5322038, 33.4977859 ] ] } },
{ "type": "Feature", "properties": { "u": 1557772901, "v": 5506896776, "key": 0, "osmid": "672251091", "lanes": null, "ref": null, "name": null, "highway": "unclassified", "maxspeed": null, "oneway": false, "reversed": "True", "length": 138.836, "bridge": null }, "geometry": { "type": "LineString", "coordinates": [ [ 133.533178, 33.4980377 ], [ 133.533695, 33.4981454 ], [ 133.5344617, 33.4982793 ], [ 133.5346394, 33.4983082 ] ] } },
{ "type": "Feature", "properties": { "u": 1557772927, "v": 1557773052, "key": 0, "osmid": "142327704", "lanes": null, "ref": null, "name": null, "highway": "unclassified", "maxspeed": null, "oneway": false, "reversed": "True", "length": 39.545, "bridge": null }, "geometry": { "type": "LineString", "coordinates": [ [ 133.5390176, 33.4979837 ], [ 133.539314, 33.4982394 ] ] } },
{ "type": "Feature", "properties": { "u": 1557772927, "v": 1557772781, "key": 0, "osmid": "142327704", "lanes": null, "ref": null, "name": null, "highway": "unclassified", "maxspeed": null, "oneway": false, "reversed": "False", "length": 91.91, "bridge": null }, "geometry": { "type": "LineString", "coordinates": [ [ 133.5390176, 33.4979837 ], [ 133.5386172, 33.4976444 ], [ 133.538532, 33.4976066 ], [ 133.5382122, 33.4975641 ] ] } },
{ "type": "Feature", "properties": { "u": 1557772927, "v": 4942039865, "key": 0, "osmid": "503976787", "lanes": null, "ref": null, "name": null, "highway": "residential", "maxspeed": null, "oneway": false, "reversed": "True", "length": 17.578, "bridge": null }, "geometry": { "type": "LineString", "coordinates": [ [ 133.5390176, 33.4979837 ], [ 133.538969900000012, 33.4980302 ], [ 133.538951, 33.4981258 ] ] } },
{ "type": "Feature", "properties": { "u": 1557772957, "v": 4942039869, "key": 0, "osmid": "142326892", "lanes": null, "ref": null, "name": null, "highway": "unclassified", "maxspeed": null, "oneway": false, "reversed": "False", "length": 63.595, "bridge": null }, "geometry": { "type": "LineString", "coordinates": [ [ 133.5373863, 33.4983748 ], [ 133.5373673, 33.4978031 ] ] } },
{ "type": "Feature", "properties": { "u": 1557772957, "v": 4942039870, "key": 0, "osmid": "142326892", "lanes": null, "ref": null, "name": null, "highway": "unclassified", "maxspeed": null, "oneway": false, "reversed": "True", "length": 12.966, "bridge": null }, "geometry": { "type": "LineString", "coordinates": [ [ 133.5373863, 33.4983748 ], [ 133.5375228, 33.4984001 ] ] } },
{ "type": "Feature", "properties": { "u": 1557772957, "v": 5483895543, "key": 0, "osmid": "570406495", "lanes": null, "ref": null, "name": null, "highway": "unclassified", "maxspeed": null, "oneway": false, "reversed": "True", "length": 5.698, "bridge": null }, "geometry": { "type": "LineString", "coordinates": [ [ 133.5373863, 33.4983748 ], [ 133.5373265, 33.498363 ] ] } },
{ "type": "Feature", "properties": { "u": 1557772958, "v": 4942039873, "key": 0, "osmid": "142326892", "lanes": null, "ref": null, "name": null, "highway": "unclassified", "maxspeed": null, "oneway": false, "reversed": "False", "length": 14.972, "bridge": null }, "geometry": { "type": "LineString", "coordinates": [ [ 133.5381035, 33.4981431 ], [ 133.5380735, 33.4982754 ] ] } },
{ "type": "Feature", "properties": { "u": 1557772958, "v": 4942039867, "key": 0, "osmid": "142326892", "lanes": null, "ref": null, "name": null, "highway": "unclassified", "maxspeed": null, "oneway": false, "reversed": "True", "length": 23.14, "bridge": null }, "geometry": { "type": "LineString", "coordinates": [ [ 133.5381035, 33.4981431 ], [ 133.538142099999988, 33.4979375 ] ] } },
{ "type": "Feature", "properties": { "u": 1557772958, "v": 4942039865, "key": 0, "osmid": "503976787", "lanes": null, "ref": null, "name": null, "highway": "residential", "maxspeed": null, "oneway": false, "reversed": "False", "length": 99.709, "bridge": null }, "geometry": { "type": "LineString", "coordinates": [ [ 133.5381035, 33.4981431 ], [ 133.5381813, 33.4981622 ], [ 133.5389122, 33.4983221 ], [ 133.538951, 33.4981258 ] ] } },
{ "type": "Feature", "properties": { "u": 1557773052, "v": 1557772927, "key": 0, "osmid": "142327704", "lanes": null, "ref": null, "name": null, "highway": "unclassified", "maxspeed": null, "oneway": false, "reversed": "False", "length": 39.545, "bridge": null }, "geometry": { "type": "LineString", "coordinates": [ [ 133.539314, 33.4982394 ], [ 133.5390176, 33.4979837 ] ] } },
{ "type": "Feature", "properties": { "u": 1557773052, "v": 4942039861, "key": 0, "osmid": "142327704", "lanes": null, "ref": null, "name": null, "highway": "unclassified", "maxspeed": null, "oneway": false, "reversed": "True", "length": 163.593, "bridge": null }, "geometry": { "type": "LineString", "coordinates": [ [ 133.539314, 33.4982394 ], [ 133.5399167, 33.4987052 ], [ 133.539922, 33.4991647 ], [ 133.5398711, 33.4991877 ], [ 133.53955160000001, 33.4991077 ] ] } },
{ "type": "Feature", "properties": { "u": 1557773052, "v": 4942039864, "key": 0, "osmid": "503976783", "lanes": null, "ref": null, "name": null, "highway": "unclassified", "maxspeed": null, "oneway": false, "reversed": "True", "length": 25.473, "bridge": null }, "geometry": { "type": "LineString", "coordinates": [ [ 133.539314, 33.4982394 ], [ 133.539287699999988, 33.4982751 ], [ 133.5392328, 33.4984566 ] ] } },
{ "type": "Feature", "properties": { "u": 1557773247, "v": 4942039859, "key": 0, "osmid": "142326597", "lanes": null, "ref": null, "name": null, "highway": "unclassified", "maxspeed": null, "oneway": false, "reversed": "False", "length": 38.137, "bridge": null }, "geometry": { "type": "LineString", "coordinates": [ [ 133.5406692, 33.4994553 ], [ 133.540780399999989, 33.4991251 ] ] } },
{ "type": "Feature", "properties": { "u": 1557773247, "v": 1431985063, "key": 0, "osmid": "672251091", "lanes": null, "ref": null, "name": null, "highway": "unclassified", "maxspeed": null, "oneway": false, "reversed": "False", "length": 156.123, "bridge": null }, "geometry": { "type": "LineString", "coordinates": [ [ 133.5406692, 33.4994553 ], [ 133.540372499999989, 33.4994017 ], [ 133.5400045, 33.4993245 ], [ 133.5390414, 33.499098 ] ] } },
{ "type": "Feature", "properties": { "u": 4933375068, "v": 1557770741, "key": 0, "osmid": "142326961", "lanes": null, "ref": null, "name": null, "highway": "unclassified", "maxspeed": null, "oneway": false, "reversed": "False", "length": 52.799, "bridge": null }, "geometry": { "type": "LineString", "coordinates": [ [ 133.547314300000011, 33.48865 ], [ 133.5467754, 33.4884968 ] ] } },
{ "type": "Feature", "properties": { "u": 4933375068, "v": 1557770851, "key": 0, "osmid": "503134628", "lanes": null, "ref": null, "name": null, "highway": "residential", "maxspeed": null, "oneway": false, "reversed": "False", "length": 74.886, "bridge": null }, "geometry": { "type": "LineString", "coordinates": [ [ 133.547314300000011, 33.48865 ], [ 133.5470582, 33.4892887 ] ] } },
{ "type": "Feature", "properties": { "u": 4933375068, "v": 1557770829, "key": 0, "osmid": "142326961", "lanes": null, "ref": null, "name": null, "highway": "unclassified", "maxspeed": null, "oneway": false, "reversed": "True", "length": 138.953, "bridge": null }, "geometry": { "type": "LineString", "coordinates": [ [ 133.547314300000011, 33.48865 ], [ 133.5478091, 33.4888035 ], [ 133.548050499999988, 33.4888874 ], [ 133.5487335, 33.4890458 ] ] } },
{ "type": "Feature", "properties": { "u": 4933375075, "v": 1557770835, "key": 0, "osmid": "142326388", "lanes": null, "ref": null, "name": null, "highway": "residential", "maxspeed": null, "oneway": false, "reversed": "False", "length": 4.849, "bridge": null }, "geometry": { "type": "LineString", "coordinates": [ [ 133.5463982, 33.4891814 ], [ 133.5464284, 33.4891458 ] ] } },
{ "type": "Feature", "properties": { "u": 4933375075, "v": 1557771012, "key": 0, "osmid": "142326388", "lanes": null, "ref": null, "name": null, "highway": "residential", "maxspeed": null, "oneway": false, "reversed": "True", "length": 84.704, "bridge": null }, "geometry": { "type": "LineString", "coordinates": [ [ 133.5463982, 33.4891814 ], [ 133.546178, 33.489597 ], [ 133.5460429, 33.489883 ] ] } },
{ "type": "Feature", "properties": { "u": 4933375075, "v": 1557770695, "key": 0, "osmid": "142327016", "lanes": null, "ref": null, "name": null, "highway": "unclassified", "maxspeed": null, "oneway": false, "reversed": "True", "length": 237.29, "bridge": null }, "geometry": { "type": "LineString", "coordinates": [ [ 133.5463982, 33.4891814 ], [ 133.5453697, 33.4887955 ], [ 133.5452905, 33.4885964 ], [ 133.5450625, 33.488536 ], [ 133.5445274, 33.4883805 ], [ 133.5441782, 33.4882698 ] ] } },
{ "type": "Feature", "properties": { "u": 4933375080, "v": 1557770939, "key": 0, "osmid": "503134631", "lanes": null, "ref": null, "name": null, "highway": "residential", "maxspeed": null, "oneway": false, "reversed": "False", "length": 8.431, "bridge": null }, "geometry": { "type": "LineString", "coordinates": [ [ 133.5443196, 33.4896992 ], [ 133.5442339, 33.4896739 ] ] } },
{ "type": "Feature", "properties": { "u": 4933375080, "v": 4934700992, "key": 0, "osmid": "503134631", "lanes": null, "ref": null, "name": null, "highway": "residential", "maxspeed": null, "oneway": false, "reversed": "True", "length": 33.855, "bridge": null }, "geometry": { "type": "LineString", "coordinates": [ [ 133.5443196, 33.4896992 ], [ 133.54466020000001, 33.4898088 ] ] } },
{ "type": "Feature", "properties": { "u": 4933375080, "v": 1557771008, "key": 0, "osmid": "503134632", "lanes": null, "ref": null, "name": null, "highway": "residential", "maxspeed": null, "oneway": false, "reversed": "True", "length": 32.347, "bridge": null }, "geometry": { "type": "LineString", "coordinates": [ [ 133.5443196, 33.4896992 ], [ 133.5441731, 33.4899632 ] ] } },
{ "type": "Feature", "properties": { "u": 4933375081, "v": 10179267609, "key": 0, "osmid": "142326592", "lanes": null, "ref": null, "name": null, "highway": "unclassified", "maxspeed": null, "oneway": false, "reversed": "False", "length": 27.169, "bridge": null }, "geometry": { "type": "LineString", "coordinates": [ [ 133.5404844, 33.4863325 ], [ 133.5407385, 33.4864541 ] ] } },
{ "type": "Feature", "properties": { "u": 4933375081, "v": 10179267608, "key": 0, "osmid": "142326331", "lanes": null, "ref": null, "name": null, "highway": "unclassified", "maxspeed": null, "oneway": false, "reversed": "False", "length": 88.618, "bridge": null }, "geometry": { "type": "LineString", "coordinates": [ [ 133.5404844, 33.4863325 ], [ 133.5402171, 33.4868426 ], [ 133.5404814, 33.4869382 ] ] } },
{ "type": "Feature", "properties": { "u": 4933375081, "v": 1557770403, "key": 0, "osmid": "142326592", "lanes": null, "ref": null, "name": null, "highway": "unclassified", "maxspeed": null, "oneway": false, "reversed": "True", "length": 101.796, "bridge": null }, "geometry": { "type": "LineString", "coordinates": [ [ 133.5404844, 33.4863325 ], [ 133.5403203, 33.486254 ], [ 133.5399311, 33.4861066 ], [ 133.5394923, 33.4859422 ] ] } },
{ "type": "Feature", "properties": { "u": 4934700652, "v": 4934700656, "key": 0, "osmid": "503134569", "lanes": null, "ref": null, "name": null, "highway": "residential", "maxspeed": null, "oneway": false, "reversed": "False", "length": 91.674, "bridge": null }, "geometry": { "type": "LineString", "coordinates": [ [ 133.5437169, 33.4906825 ], [ 133.544587799999988, 33.4910726 ] ] } },
{ "type": "Feature", "properties": { "u": 4934700652, "v": 1557771113, "key": 0, "osmid": "503134570", "lanes": null, "ref": null, "name": null, "highway": "residential", "maxspeed": null, "oneway": false, "reversed": "False", "length": 36.492, "bridge": null }, "geometry": { "type": "LineString", "coordinates": [ [ 133.5437169, 33.4906825 ], [ 133.543924299999986, 33.4904036 ] ] } },
{ "type": "Feature", "properties": { "u": 4934700652, "v": 4934700655, "key": 0, "osmid": "503134570", "lanes": null, "ref": null, "name": null, "highway": "residential", "maxspeed": null, "oneway": false, "reversed": "True", "length": 43.715, "bridge": null }, "geometry": { "type": "LineString", "coordinates": [ [ 133.5437169, 33.4906825 ], [ 133.543463300000013, 33.4910139 ] ] } },
{ "type": "Feature", "properties": { "u": 4934700654, "v": 1557771334, "key": 0, "osmid": "142327529", "lanes": null, "ref": null, "name": null, "highway": "unclassified", "maxspeed": null, "oneway": false, "reversed": "True", "length": 38.529, "bridge": null }, "geometry": { "type": "LineString", "coordinates": [ [ 133.5442673, 33.4914889 ], [ 133.544040099999989, 33.491779 ] ] } },
{ "type": "Feature", "properties": { "u": 4934700654, "v": 10180208521, "key": 0, "osmid": "503134571", "lanes": null, "ref": null, "name": null, "highway": "residential", "maxspeed": null, "oneway": false, "reversed": "True", "length": 53.745, "bridge": null }, "geometry": { "type": "LineString", "coordinates": [ [ 133.5442673, 33.4914889 ], [ 133.543799299999989, 33.4912038 ] ] } },
{ "type": "Feature", "properties": { "u": 4934700654, "v": 4934700656, "key": 0, "osmid": "142327529", "lanes": null, "ref": null, "name": null, "highway": "unclassified", "maxspeed": null, "oneway": false, "reversed": "False", "length": 55.021, "bridge": null }, "geometry": { "type": "LineString", "coordinates": [ [ 133.5442673, 33.4914889 ], [ 133.5445154, 33.4911744 ], [ 133.544587799999988, 33.4910726 ] ] } },
{ "type": "Feature", "properties": { "u": 4934700655, "v": 4934700652, "key": 0, "osmid": "503134570", "lanes": null, "ref": null, "name": null, "highway": "residential", "maxspeed": null, "oneway": false, "reversed": "False", "length": 43.715, "bridge": null }, "geometry": { "type": "LineString", "coordinates": [ [ 133.543463300000013, 33.4910139 ], [ 133.5437169, 33.4906825 ] ] } },
{ "type": "Feature", "properties": { "u": 4934700655, "v": 10180208521, "key": 0, "osmid": "503134571", "lanes": null, "ref": null, "name": null, "highway": "residential", "maxspeed": null, "oneway": false, "reversed": "False", "length": 37.64, "bridge": null }, "geometry": { "type": "LineString", "coordinates": [ [ 133.543463300000013, 33.4910139 ], [ 133.543799299999989, 33.4912038 ] ] } },
{ "type": "Feature", "properties": { "u": 4934700655, "v": 1557771122, "key": 0, "osmid": "503134571", "lanes": null, "ref": null, "name": null, "highway": "residential", "maxspeed": null, "oneway": false, "reversed": "True", "length": 64.884, "bridge": null }, "geometry": { "type": "LineString", "coordinates": [ [ 133.543463300000013, 33.4910139 ], [ 133.5428761, 33.4906966 ] ] } },
{ "type": "Feature", "properties": { "u": 4934700656, "v": 1431444756, "key": 0, "osmid": "142327529", "lanes": null, "ref": null, "name": null, "highway": "unclassified", "maxspeed": null, "oneway": false, "reversed": "False", "length": 49.228, "bridge": null }, "geometry": { "type": "LineString", "coordinates": [ [ 133.544587799999988, 33.4910726 ], [ 133.5447389, 33.4906482 ] ] } },
{ "type": "Feature", "properties": { "u": 4934700656, "v": 4934700652, "key": 0, "osmid": "503134569", "lanes": null, "ref": null, "name": null, "highway": "residential", "maxspeed": null, "oneway": false, "reversed": "True", "length": 91.674, "bridge": null }, "geometry": { "type": "LineString", "coordinates": [ [ 133.544587799999988, 33.4910726 ], [ 133.5437169, 33.4906825 ] ] } },
{ "type": "Feature", "properties": { "u": 4934700656, "v": 4934700654, "key": 0, "osmid": "142327529", "lanes": null, "ref": null, "name": null, "highway": "unclassified", "maxspeed": null, "oneway": false, "reversed": "True", "length": 55.021, "bridge": null }, "geometry": { "type": "LineString", "coordinates": [ [ 133.544587799999988, 33.4910726 ], [ 133.5445154, 33.4911744 ], [ 133.5442673, 33.4914889 ] ] } },
{ "type": "Feature", "properties": { "u": 4934700659, "v": 1557771334, "key": 0, "osmid": "503134572", "lanes": null, "ref": null, "name": null, "highway": "unclassified", "maxspeed": null, "oneway": false, "reversed": "False", "length": 26.016, "bridge": null }, "geometry": { "type": "LineString", "coordinates": [ [ 133.543804099999988, 33.4916525 ], [ 133.544040099999989, 33.491779 ] ] } },
{ "type": "Feature", "properties": { "u": 4934700659, "v": 10180208521, "key": 0, "osmid": "1112659879", "lanes": null, "ref": null, "name": null, "highway": "path", "maxspeed": null, "oneway": false, "reversed": "False", "length": 49.895, "bridge": null }, "geometry": { "type": "LineString", "coordinates": [ [ 133.543804099999988, 33.4916525 ], [ 133.543799299999989, 33.4912038 ] ] } },
{ "type": "Feature", "properties": { "u": 4934700659, "v": 10180208520, "key": 0, "osmid": "1112659879", "lanes": null, "ref": null, "name": null, "highway": "path", "maxspeed": null, "oneway": false, "reversed": "True", "length": 42.356, "bridge": null }, "geometry": { "type": "LineString", "coordinates": [ [ 133.543804099999988, 33.4916525 ], [ 133.5438081, 33.4920334 ] ] } },
{ "type": "Feature", "properties": { "u": 4934700660, "v": 1557771325, "key": 0, "osmid": "503134574", "lanes": null, "ref": null, "name": null, "highway": "unclassified", "maxspeed": null, "oneway": false, "reversed": "True", "length": 84.885, "bridge": null }, "geometry": { "type": "LineString", "coordinates": [ [ 133.545073300000013, 33.4914171 ], [ 133.544586900000013, 33.4920638 ] ] } },
{ "type": "Feature", "properties": { "u": 4934700660, "v": 4934700663, "key": 0, "osmid": "503134573", "lanes": null, "ref": null, "name": null, "highway": "residential", "maxspeed": null, "oneway": false, "reversed": "True", "length": 90.858, "bridge": null }, "geometry": { "type": "LineString", "coordinates": [ [ 133.545073300000013, 33.4914171 ], [ 133.5447863, 33.4916453 ], [ 133.5446356, 33.491765 ], [ 133.5442933, 33.491893 ] ] } },
{ "type": "Feature", "properties": { "u": 4934700660, "v": 1431444766, "key": 0, "osmid": "503134574", "lanes": null, "ref": null, "name": null, "highway": "unclassified", "maxspeed": null, "oneway": false, "reversed": "False", "length": 81.452, "bridge": null }, "geometry": { "type": "LineString", "coordinates": [ [ 133.545073300000013, 33.4914171 ], [ 133.5451993, 33.4912594 ], [ 133.545526200000012, 33.4909341 ], [ 133.545579, 33.490824 ] ] } },
{ "type": "Feature", "properties": { "u": 4934700663, "v": 1557771325, "key": 0, "osmid": "503134572", "lanes": null, "ref": null, "name": null, "highway": "unclassified", "maxspeed": null, "oneway": false, "reversed": "False", "length": 33.196, "bridge": null }, "geometry": { "type": "LineString", "coordinates": [ [ 133.5442933, 33.491893 ], [ 133.544586900000013, 33.4920638 ] ] } },
{ "type": "Feature", "properties": { "u": 4934700663, "v": 1557771334, "key": 0, "osmid": "503134572", "lanes": null, "ref": null, "name": null, "highway": "unclassified", "maxspeed": null, "oneway": false, "reversed": "True", "length": 26.683, "bridge": null }, "geometry": { "type": "LineString", "coordinates": [ [ 133.5442933, 33.491893 ], [ 133.544040099999989, 33.491779 ] ] } },
{ "type": "Feature", "properties": { "u": 4934700663, "v": 4934700660, "key": 0, "osmid": "503134573", "lanes": null, "ref": null, "name": null, "highway": "residential", "maxspeed": null, "oneway": false, "reversed": "False", "length": 90.858, "bridge": null }, "geometry": { "type": "LineString", "coordinates": [ [ 133.5442933, 33.491893 ], [ 133.5446356, 33.491765 ], [ 133.5447863, 33.4916453 ], [ 133.545073300000013, 33.4914171 ] ] } },
{ "type": "Feature", "properties": { "u": 4934700663, "v": 1557771343, "key": 0, "osmid": "503134573", "lanes": null, "ref": null, "name": null, "highway": "residential", "maxspeed": null, "oneway": false, "reversed": "True", "length": 43.695, "bridge": null }, "geometry": { "type": "LineString", "coordinates": [ [ 133.5442933, 33.491893 ], [ 133.5440896, 33.4919552 ], [ 133.543848, 33.4920213 ] ] } },
{ "type": "Feature", "properties": { "u": 4934700667, "v": 1557771343, "key": 0, "osmid": "503134573", "lanes": null, "ref": null, "name": null, "highway": "residential", "maxspeed": null, "oneway": false, "reversed": "False", "length": 58.937, "bridge": null }, "geometry": { "type": "LineString", "coordinates": [ [ 133.544269899999989, 33.4924177 ], [ 133.543848, 33.4920213 ] ] } },
{ "type": "Feature", "properties": { "u": 4934700667, "v": 4942039819, "key": 0, "osmid": "503134574", "lanes": null, "ref": null, "name": null, "highway": "unclassified", "maxspeed": null, "oneway": false, "reversed": "False", "length": 24.889, "bridge": null }, "geometry": { "type": "LineString", "coordinates": [ [ 133.544269899999989, 33.4924177 ], [ 133.5444405, 33.4922449 ] ] } },
{ "type": "Feature", "properties": { "u": 4934700667, "v": 1557771487, "key": 0, "osmid": "503134574", "lanes": null, "ref": null, "name": null, "highway": "unclassified", "maxspeed": null, "oneway": false, "reversed": "True", "length": 42.24, "bridge": null }, "geometry": { "type": "LineString", "coordinates": [ [ 133.544269899999989, 33.4924177 ], [ 133.5439682, 33.4927023 ] ] } },
{ "type": "Feature", "properties": { "u": 4934700670, "v": 1557771586, "key": 0, "osmid": "503134575", "lanes": null, "ref": null, "name": null, "highway": "residential", "maxspeed": null, "oneway": false, "reversed": "False", "length": 46.124, "bridge": null }, "geometry": { "type": "LineString", "coordinates": [ [ 133.5432514, 33.4927072 ], [ 133.5429852, 33.4930576 ] ] } },
{ "type": "Feature", "properties": { "u": 4934700670, "v": 4934700671, "key": 0, "osmid": "503134575", "lanes": null, "ref": null, "name": null, "highway": "residential", "maxspeed": null, "oneway": false, "reversed": "True", "length": 54.022, "bridge": null }, "geometry": { "type": "LineString", "coordinates": [ [ 133.5432514, 33.4927072 ], [ 133.5435894, 33.4923115 ] ] } },
{ "type": "Feature", "properties": { "u": 4934700670, "v": 1557771529, "key": 0, "osmid": "503134576", "lanes": null, "ref": null, "name": null, "highway": "residential", "maxspeed": null, "oneway": false, "reversed": "False", "length": 67.38, "bridge": null }, "geometry": { "type": "LineString", "coordinates": [ [ 133.5432514, 33.4927072 ], [ 133.5439742, 33.4927692 ] ] } },
{ "type": "Feature", "properties": { "u": 4934700670, "v": 1557771362, "key": 0, "osmid": "503134576", "lanes": null, "ref": null, "name": null, "highway": "residential", "maxspeed": null, "oneway": false, "reversed": "True", "length": 113.857, "bridge": null }, "geometry": { "type": "LineString", "coordinates": [ [ 133.5432514, 33.4927072 ], [ 133.5422983, 33.4920617 ] ] } },
{ "type": "Feature", "properties": { "u": 4934700671, "v": 1557771354, "key": 0, "osmid": "142327618", "lanes": null, "ref": null, "name": null, "highway": "unclassified", "maxspeed": null, "oneway": false, "reversed": "False", "length": 33.919, "bridge": null }, "geometry": { "type": "LineString", "coordinates": [ [ 133.5435894, 33.4923115 ], [ 133.543354599999986, 33.4920776 ] ] } },
{ "type": "Feature", "properties": { "u": 4934700671, "v": 10180208522, "key": 0, "osmid": "142327618", "lanes": null, "ref": null, "name": null, "highway": "unclassified", "maxspeed": null, "oneway": false, "reversed": "True", "length": 37.388, "bridge": null }, "geometry": { "type": "LineString", "coordinates": [ [ 133.5435894, 33.4923115 ], [ 133.543846800000011, 33.4925703 ] ] } },
{ "type": "Feature", "properties": { "u": 4934700671, "v": 4934700670, "key": 0, "osmid": "503134575", "lanes": null, "ref": null, "name": null, "highway": "residential", "maxspeed": null, "oneway": false, "reversed": "False", "length": 54.022, "bridge": null }, "geometry": { "type": "LineString", "coordinates": [ [ 133.5435894, 33.4923115 ], [ 133.5432514, 33.4927072 ] ] } },
{ "type": "Feature", "properties": { "u": 4934700675, "v": 1557771271, "key": 0, "osmid": "142326065", "lanes": null, "ref": null, "name": null, "highway": "unclassified", "maxspeed": null, "oneway": false, "reversed": "False", "length": 3.524, "bridge": null }, "geometry": { "type": "LineString", "coordinates": [ [ 133.5416548, 33.4914675 ], [ 133.541676, 33.4914412 ] ] } },
{ "type": "Feature", "properties": { "u": 4934700675, "v": 1557771326, "key": 0, "osmid": "142326065", "lanes": null, "ref": null, "name": null, "highway": "unclassified", "maxspeed": null, "oneway": false, "reversed": "True", "length": 48.504, "bridge": null }, "geometry": { "type": "LineString", "coordinates": [ [ 133.5416548, 33.4914675 ], [ 133.5412996, 33.4917877 ] ] } },
{ "type": "Feature", "properties": { "u": 4934700675, "v": 4934700716, "key": 0, "osmid": "503134576", "lanes": null, "ref": null, "name": null, "highway": "residential", "maxspeed": null, "oneway": false, "reversed": "False", "length": 53.234, "bridge": null }, "geometry": { "type": "LineString", "coordinates": [ [ 133.5416548, 33.4914675 ], [ 133.54186, 33.4916956 ], [ 133.5420102, 33.4918432 ] ] } },
{ "type": "Feature", "properties": { "u": 4934700677, "v": 4934700678, "key": 0, "osmid": "503134577", "lanes": null, "ref": null, "name": null, "highway": "unclassified", "maxspeed": null, "oneway": false, "reversed": "False", "length": 65.074, "bridge": null }, "geometry": { "type": "LineString", "coordinates": [ [ 133.5423357, 33.4928936 ], [ 133.54215640000001, 33.4934594 ] ] } },
{ "type": "Feature", "properties": { "u": 4934700677, "v": 4934700695, "key": 0, "osmid": "734500737", "lanes": "2", "ref": null, "name": null, "highway": "unclassified", "maxspeed": null, "oneway": false, "reversed": "True", "length": 40.74, "bridge": null }, "geometry": { "type": "LineString", "coordinates": [ [ 133.5423357, 33.4928936 ], [ 133.541902599999986, 33.4928321 ] ] } },
{ "type": "Feature", "properties": { "u": 4934700677, "v": 564442858, "key": 0, "osmid": "734500737", "lanes": "2", "ref": null, "name": null, "highway": "unclassified", "maxspeed": null, "oneway": false, "reversed": "False", "length": 37.981, "bridge": null }, "geometry": { "type": "LineString", "coordinates": [ [ 133.5423357, 33.4928936 ], [ 133.5426261, 33.4929219 ], [ 133.542743300000012, 33.4929233 ] ] } },
{ "type": "Feature", "properties": { "u": 4934700678, "v": 4934700677, "key": 0, "osmid": "503134577", "lanes": null, "ref": null, "name": null, "highway": "unclassified", "maxspeed": null, "oneway": false, "reversed": "True", "length": 65.074, "bridge": null }, "geometry": { "type": "LineString", "coordinates": [ [ 133.54215640000001, 33.4934594 ], [ 133.5423357, 33.4928936 ] ] } },
{ "type": "Feature", "properties": { "u": 4934700678, "v": 4934700694, "key": 0, "osmid": "503134578", "lanes": null, "ref": null, "name": null, "highway": "unclassified", "maxspeed": null, "oneway": false, "reversed": "False", "length": 33.516, "bridge": null }, "geometry": { "type": "LineString", "coordinates": [ [ 133.54215640000001, 33.4934594 ], [ 133.5417996, 33.4934113 ] ] } },
{ "type": "Feature", "properties": { "u": 4934700678, "v": 1557771734, "key": 0, "osmid": "503134577", "lanes": null, "ref": null, "name": null, "highway": "unclassified", "maxspeed": null, "oneway": false, "reversed": "False", "length": 41.768, "bridge": null }, "geometry": { "type": "LineString", "coordinates": [ [ 133.54215640000001, 33.4934594 ], [ 133.542552, 33.4935444 ], [ 133.5425892, 33.4935605 ] ] } },
{ "type": "Feature", "properties": { "u": 4934700679, "v": 1557771615, "key": 0, "osmid": "142327256", "lanes": null, "ref": null, "name": null, "highway": "unclassified", "maxspeed": null, "oneway": false, "reversed": "False", "length": 61.823, "bridge": null }, "geometry": { "type": "LineString", "coordinates": [ [ 133.5403111, 33.4932042 ], [ 133.5403513, 33.4932092 ], [ 133.5406664, 33.4931652 ], [ 133.5409712, 33.4931378 ] ] } },
{ "type": "Feature", "properties": { "u": 4934700679, "v": 1557771570, "key": 0, "osmid": "142327256", "lanes": null, "ref": null, "name": null, "highway": "unclassified", "maxspeed": null, "oneway": false, "reversed": "True", "length": 65.318, "bridge": null }, "geometry": { "type": "LineString", "coordinates": [ [ 133.5403111, 33.4932042 ], [ 133.540225, 33.4931935 ], [ 133.5400267, 33.4930791 ], [ 133.539691299999987, 33.492937 ] ] } },
{ "type": "Feature", "properties": { "u": 4934700679, "v": 4934700684, "key": 0, "osmid": "503134579", "lanes": null, "ref": null, "name": null, "highway": "path", "maxspeed": null, "oneway": false, "reversed": "True", "length": 30.66, "bridge": null }, "geometry": { "type": "LineString", "coordinates": [ [ 133.5403111, 33.4932042 ], [ 133.5403016, 33.4934281 ], [ 133.5403499, 33.4934605 ] ] } },
{ "type": "Feature", "properties": { "u": 4934700681, "v": 4934700690, "key": 0, "osmid": "503134582", "lanes": null, "ref": null, "name": null, "highway": "unclassified", "maxspeed": null, "oneway": false, "reversed": "True", "length": 20.216, "bridge": null }, "geometry": { "type": "LineString", "coordinates": [ [ 133.5410192, 33.4933886 ], [ 133.5410952, 33.493559 ] ] } },
{ "type": "Feature", "properties": { "u": 4934700681, "v": 4934700684, "key": 0, "osmid": "503134580", "lanes": null, "ref": null, "name": null, "highway": "unclassified", "maxspeed": null, "oneway": false, "reversed": "True", "length": 63.943, "bridge": null }, "geometry": { "type": "LineString", "coordinates": [ [ 133.5410192, 33.4933886 ], [ 133.540665100000012, 33.493484 ], [ 133.540421, 33.4934571 ], [ 133.5403499, 33.4934605 ] ] } },
{ "type": "Feature", "properties": { "u": 4934700681, "v": 1557771615, "key": 0, "osmid": "503134582", "lanes": null, "ref": null, "name": null, "highway": "unclassified", "maxspeed": null, "oneway": false, "reversed": "False", "length": 28.526, "bridge": null }, "geometry": { "type": "LineString", "coordinates": [ [ 133.5410192, 33.4933886 ], [ 133.540982899999989, 33.4933073 ], [ 133.5409712, 33.4931378 ] ] } },
{ "type": "Feature", "properties": { "u": 4934700684, "v": 4934700686, "key": 0, "osmid": "503134580", "lanes": null, "ref": null, "name": null, "highway": "unclassified", "maxspeed": null, "oneway": false, "reversed": "True", "length": 47.131, "bridge": null }, "geometry": { "type": "LineString", "coordinates": [ [ 133.5403499, 33.4934605 ], [ 133.5403875, 33.4938832 ] ] } },
{ "type": "Feature", "properties": { "u": 4934700684, "v": 4934700679, "key": 0, "osmid": "503134579", "lanes": null, "ref": null, "name": null, "highway": "path", "maxspeed": null, "oneway": false, "reversed": "False", "length": 30.66, "bridge": null }, "geometry": { "type": "LineString", "coordinates": [ [ 133.5403499, 33.4934605 ], [ 133.5403016, 33.4934281 ], [ 133.5403111, 33.4932042 ] ] } },
{ "type": "Feature", "properties": { "u": 4934700684, "v": 4934700681, "key": 0, "osmid": "503134580", "lanes": null, "ref": null, "name": null, "highway": "unclassified", "maxspeed": null, "oneway": false, "reversed": "False", "length": 63.943, "bridge": null }, "geometry": { "type": "LineString", "coordinates": [ [ 133.5403499, 33.4934605 ], [ 133.540421, 33.4934571 ], [ 133.540665100000012, 33.493484 ], [ 133.5410192, 33.4933886 ] ] } },
{ "type": "Feature", "properties": { "u": 4934700686, "v": 4934700684, "key": 0, "osmid": "503134580", "lanes": null, "ref": null, "name": null, "highway": "unclassified", "maxspeed": null, "oneway": false, "reversed": "False", "length": 47.131, "bridge": null }, "geometry": { "type": "LineString", "coordinates": [ [ 133.5403875, 33.4938832 ], [ 133.5403499, 33.4934605 ] ] } },
{ "type": "Feature", "properties": { "u": 4934700686, "v": 4934700885, "key": 0, "osmid": "503134580", "lanes": null, "ref": null, "name": null, "highway": "unclassified", "maxspeed": null, "oneway": false, "reversed": "True", "length": 25.975, "bridge": null }, "geometry": { "type": "LineString", "coordinates": [ [ 133.5403875, 33.4938832 ], [ 133.5403995, 33.4940365 ], [ 133.540425, 33.4941136 ] ] } },
{ "type": "Feature", "properties": { "u": 4934700686, "v": 4934700690, "key": 0, "osmid": "503134581", "lanes": null, "ref": null, "name": null, "highway": "unclassified", "maxspeed": null, "oneway": false, "reversed": "False", "length": 76.574, "bridge": null }, "geometry": { "type": "LineString", "coordinates": [ [ 133.5403875, 33.4938832 ], [ 133.5404384, 33.4938788 ], [ 133.54067040000001, 33.4938251 ], [ 133.540827299999989, 33.4937524 ], [ 133.5410952, 33.493559 ] ] } },
{ "type": "Feature", "properties": { "u": 4934700690, "v": 4934700681, "key": 0, "osmid": "503134582", "lanes": null, "ref": null, "name": null, "highway": "unclassified", "maxspeed": null, "oneway": false, "reversed": "False", "length": 20.216, "bridge": null }, "geometry": { "type": "LineString", "coordinates": [ [ 133.5410952, 33.493559 ], [ 133.5410192, 33.4933886 ] ] } },
{ "type": "Feature", "properties": { "u": 4934700690, "v": 4934700694, "key": 0, "osmid": "503134581", "lanes": null, "ref": null, "name": null, "highway": "unclassified", "maxspeed": null, "oneway": false, "reversed": "False", "length": 68.212, "bridge": null }, "geometry": { "type": "LineString", "coordinates": [ [ 133.5410952, 33.493559 ], [ 133.54118, 33.4935131 ], [ 133.541341, 33.493465 ], [ 133.5415797, 33.4934292 ], [ 133.5417996, 33.4934113 ] ] } },
{ "type": "Feature", "properties": { "u": 4934700690, "v": 4934700686, "key": 0, "osmid": "503134581", "lanes": null, "ref": null, "name": null, "highway": "unclassified", "maxspeed": null, "oneway": false, "reversed": "True", "length": 76.574, "bridge": null }, "geometry": { "type": "LineString", "coordinates": [ [ 133.5410952, 33.493559 ], [ 133.540827299999989, 33.4937524 ], [ 133.54067040000001, 33.4938251 ], [ 133.5404384, 33.4938788 ], [ 133.5403875, 33.4938832 ] ] } },
{ "type": "Feature", "properties": { "u": 4934700690, "v": 1557771781, "key": 0, "osmid": "503134582", "lanes": null, "ref": null, "name": null, "highway": "unclassified", "maxspeed": null, "oneway": false, "reversed": "True", "length": 25.077, "bridge": null }, "geometry": { "type": "LineString", "coordinates": [ [ 133.5410952, 33.493559 ], [ 133.541163899999987, 33.4937132 ], [ 133.5412172, 33.493755 ] ] } },
{ "type": "Feature", "properties": { "u": 4934700694, "v": 4934700696, "key": 0, "osmid": "503134578", "lanes": null, "ref": null, "name": null, "highway": "unclassified", "maxspeed": null, "oneway": false, "reversed": "False", "length": 26.206, "bridge": null }, "geometry": { "type": "LineString", "coordinates": [ [ 133.5417996, 33.4934113 ], [ 133.5418225, 33.4931764 ] ] } },
{ "type": "Feature", "properties": { "u": 4934700694, "v": 4934700678, "key": 0, "osmid": "503134578", "lanes": null, "ref": null, "name": null, "highway": "unclassified", "maxspeed": null, "oneway": false, "reversed": "True", "length": 33.516, "bridge": null }, "geometry": { "type": "LineString", "coordinates": [ [ 133.5417996, 33.4934113 ], [ 133.54215640000001, 33.4934594 ] ] } },
{ "type": "Feature", "properties": { "u": 4934700694, "v": 4934700690, "key": 0, "osmid": "503134581", "lanes": null, "ref": null, "name": null, "highway": "unclassified", "maxspeed": null, "oneway": false, "reversed": "True", "length": 68.212, "bridge": null }, "geometry": { "type": "LineString", "coordinates": [ [ 133.5417996, 33.4934113 ], [ 133.5415797, 33.4934292 ], [ 133.541341, 33.493465 ], [ 133.54118, 33.4935131 ], [ 133.5410952, 33.493559 ] ] } },
{ "type": "Feature", "properties": { "u": 4934700695, "v": 4934700696, "key": 0, "osmid": "503134578", "lanes": null, "ref": null, "name": null, "highway": "unclassified", "maxspeed": null, "oneway": false, "reversed": "True", "length": 38.998, "bridge": null }, "geometry": { "type": "LineString", "coordinates": [ [ 133.541902599999986, 33.4928321 ], [ 133.5418225, 33.4931764 ] ] } },
{ "type": "Feature", "properties": { "u": 4934700695, "v": 4934700677, "key": 0, "osmid": "734500737", "lanes": "2", "ref": null, "name": null, "highway": "unclassified", "maxspeed": null, "oneway": false, "reversed": "False", "length": 40.74, "bridge": null }, "geometry": { "type": "LineString", "coordinates": [ [ 133.541902599999986, 33.4928321 ], [ 133.5423357, 33.4928936 ] ] } },
{ "type": "Feature", "properties": { "u": 4934700695, "v": 1557771528, "key": 0, "osmid": "734500737", "lanes": "2", "ref": null, "name": null, "highway": "unclassified", "maxspeed": null, "oneway": false, "reversed": "True", "length": 27.151, "bridge": null }, "geometry": { "type": "LineString", "coordinates": [ [ 133.541902599999986, 33.4928321 ], [ 133.5416148, 33.4927872 ] ] } },
{ "type": "Feature", "properties": { "u": 4934700696, "v": 1557771615, "key": 0, "osmid": "142327256", "lanes": null, "ref": null, "name": null, "highway": "unclassified", "maxspeed": null, "oneway": false, "reversed": "True", "length": 79.059, "bridge": null }, "geometry": { "type": "LineString", "coordinates": [ [ 133.5418225, 33.4931764 ], [ 133.5409712, 33.4931378 ] ] } },
{ "type": "Feature", "properties": { "u": 4934700696, "v": 4934700695, "key": 0, "osmid": "503134578", "lanes": null, "ref": null, "name": null, "highway": "unclassified", "maxspeed": null, "oneway": false, "reversed": "False", "length": 38.998, "bridge": null }, "geometry": { "type": "LineString", "coordinates": [ [ 133.5418225, 33.4931764 ], [ 133.541902599999986, 33.4928321 ] ] } },
{ "type": "Feature", "properties": { "u": 4934700696, "v": 4934700694, "key": 0, "osmid": "503134578", "lanes": null, "ref": null, "name": null, "highway": "unclassified", "maxspeed": null, "oneway": false, "reversed": "True", "length": 26.206, "bridge": null }, "geometry": { "type": "LineString", "coordinates": [ [ 133.5418225, 33.4931764 ], [ 133.5417996, 33.4934113 ] ] } },
{ "type": "Feature", "properties": { "u": 4934700700, "v": 4934700821, "key": 0, "osmid": "142326701", "lanes": null, "ref": null, "name": null, "highway": "unclassified", "maxspeed": null, "oneway": false, "reversed": "False", "length": 36.119, "bridge": null }, "geometry": { "type": "LineString", "coordinates": [ [ 133.5405762, 33.4922561 ], [ 133.5401946, 33.492191 ] ] } },
{ "type": "Feature", "properties": { "u": 4934700700, "v": 1557771398, "key": 0, "osmid": "142326701", "lanes": null, "ref": null, "name": null, "highway": "unclassified", "maxspeed": null, "oneway": false, "reversed": "True", "length": 38.845, "bridge": null }, "geometry": { "type": "LineString", "coordinates": [ [ 133.5405762, 33.4922561 ], [ 133.5408014, 33.4922946 ], [ 133.5409874, 33.4922666 ] ] } },
{ "type": "Feature", "properties": { "u": 4934700700, "v": 1431444827, "key": 0, "osmid": "503134583", "lanes": null, "ref": null, "name": null, "highway": "residential", "maxspeed": null, "oneway": false, "reversed": "True", "length": 93.43, "bridge": null }, "geometry": { "type": "LineString", "coordinates": [ [ 133.5405762, 33.4922561 ], [ 133.540698600000013, 33.4917135 ], [ 133.540815900000013, 33.4914425 ] ] } },
{ "type": "Feature", "properties": { "u": 4934700708, "v": 1557771570, "key": 0, "osmid": "503134585", "lanes": null, "ref": null, "name": null, "highway": "unclassified", "maxspeed": null, "oneway": false, "reversed": "True", "length": 50.08, "bridge": null }, "geometry": { "type": "LineString", "coordinates": [ [ 133.5395441, 33.4933681 ], [ 133.539543900000012, 33.4933229 ], [ 133.539577400000013, 33.4932178 ], [ 133.539691299999987, 33.492937 ] ] } },
{ "type": "Feature", "properties": { "u": 4934700708, "v": 1431445026, "key": 0, "osmid": "503134599", "lanes": null, "ref": null, "name": null, "highway": "residential", "maxspeed": null, "oneway": false, "reversed": "False", "length": 47.968, "bridge": null }, "geometry": { "type": "LineString", "coordinates": [ [ 133.5395441, 33.4933681 ], [ 133.539401700000013, 33.493352 ], [ 133.5393226, 33.4933218 ], [ 133.5391155, 33.4931566 ] ] } },
{ "type": "Feature", "properties": { "u": 4934700708, "v": 4934700862, "key": 0, "osmid": "503134599", "lanes": null, "ref": null, "name": null, "highway": "residential", "maxspeed": null, "oneway": false, "reversed": "True", "length": 38.461, "bridge": null }, "geometry": { "type": "LineString", "coordinates": [ [ 133.5395441, 33.4933681 ], [ 133.5397089, 33.4933867 ], [ 133.5396807, 33.4935578 ], [ 133.5396633, 33.4935891 ] ] } },
{ "type": "Feature", "properties": { "u": 4934700712, "v": 4934700821, "key": 0, "osmid": "503134587", "lanes": null, "ref": null, "name": null, "highway": "residential", "maxspeed": null, "oneway": false, "reversed": "True", "length": 37.072, "bridge": null }, "geometry": { "type": "LineString", "coordinates": [ [ 133.5401943, 33.4925244 ], [ 133.5401946, 33.492191 ] ] } },
{ "type": "Feature", "properties": { "u": 4934700712, "v": 564442850, "key": 0, "osmid": "573339044", "lanes": null, "ref": null, "name": null, "highway": "residential", "maxspeed": null, "oneway": false, "reversed": "True", "length": 31.457, "bridge": null }, "geometry": { "type": "LineString", "coordinates": [ [ 133.5401943, 33.4925244 ], [ 133.5402124, 33.4928069 ] ] } },
{ "type": "Feature", "properties": { "u": 4934700712, "v": 1557771387, "key": 0, "osmid": "503134587", "lanes": null, "ref": null, "name": null, "highway": "residential", "maxspeed": null, "oneway": false, "reversed": "False", "length": 72.586, "bridge": null }, "geometry": { "type": "LineString", "coordinates": [ [ 133.5401943, 33.4925244 ], [ 133.5398537, 33.4925087 ], [ 133.5399502, 33.4921493 ] ] } },
{ "type": "Feature", "properties": { "u": 4934700716, "v": 1557771131, "key": 0, "osmid": "142326445", "lanes": null, "ref": null, "name": null, "highway": "unclassified", "maxspeed": null, "oneway": false, "reversed": "False", "length": 99.582, "bridge": null }, "geometry": { "type": "LineString", "coordinates": [ [ 133.5420102, 33.4918432 ], [ 133.5425902, 33.4910895 ] ] } },
{ "type": "Feature", "properties": { "u": 4934700716, "v": 1557771393, "key": 0, "osmid": "142326445", "lanes": null, "ref": null, "name": null, "highway": "unclassified", "maxspeed": null, "oneway": false, "reversed": "True", "length": 35.393, "bridge": null }, "geometry": { "type": "LineString", "coordinates": [ [ 133.5420102, 33.4918432 ], [ 133.541772900000012, 33.4920925 ] ] } },
{ "type": "Feature", "properties": { "u": 4934700716, "v": 1557771362, "key": 0, "osmid": "503134576", "lanes": null, "ref": null, "name": null, "highway": "residential", "maxspeed": null, "oneway": false, "reversed": "False", "length": 36.112, "bridge": null }, "geometry": { "type": "LineString", "coordinates": [ [ 133.5420102, 33.4918432 ], [ 133.5422983, 33.4920617 ] ] } },
{ "type": "Feature", "properties": { "u": 4934700716, "v": 4934700675, "key": 0, "osmid": "503134576", "lanes": null, "ref": null, "name": null, "highway": "residential", "maxspeed": null, "oneway": false, "reversed": "True", "length": 53.234, "bridge": null }, "geometry": { "type": "LineString", "coordinates": [ [ 133.5420102, 33.4918432 ], [ 133.54186, 33.4916956 ], [ 133.5416548, 33.4914675 ] ] } },
{ "type": "Feature", "properties": { "u": 4934700718, "v": 4934700829, "key": 0, "osmid": "503134588", "lanes": null, "ref": null, "name": null, "highway": "residential", "maxspeed": null, "oneway": false, "reversed": "True", "length": 43.388, "bridge": null }, "geometry": { "type": "LineString", "coordinates": [ [ 133.540694800000011, 33.4909737 ], [ 133.5409335, 33.4906381 ] ] } },
{ "type": "Feature", "properties": { "u": 4934700718, "v": 4934700840, "key": 0, "osmid": "503134586", "lanes": null, "ref": null, "name": null, "highway": "residential", "maxspeed": null, "oneway": false, "reversed": "False", "length": 63.883, "bridge": null }, "geometry": { "type": "LineString", "coordinates": [ [ 133.540694800000011, 33.4909737 ], [ 133.5407361, 33.4909966 ], [ 133.54085280000001, 33.4910212 ], [ 133.541320899999988, 33.491208 ] ] } },
{ "type": "Feature", "properties": { "u": 4934700718, "v": 4934700827, "key": 0, "osmid": "503134588", "lanes": null, "ref": null, "name": null, "highway": "residential", "maxspeed": null, "oneway": false, "reversed": "False", "length": 32.544, "bridge": null }, "geometry": { "type": "LineString", "coordinates": [ [ 133.540694800000011, 33.4909737 ], [ 133.5406228, 33.4910749 ], [ 133.5404909, 33.491211 ] ] } },
{ "type": "Feature", "properties": { "u": 4934700821, "v": 1557771387, "key": 0, "osmid": "142326701", "lanes": null, "ref": null, "name": null, "highway": "unclassified", "maxspeed": null, "oneway": false, "reversed": "False", "length": 23.133, "bridge": null }, "geometry": { "type": "LineString", "coordinates": [ [ 133.5401946, 33.492191 ], [ 133.5399502, 33.4921493 ] ] } },
{ "type": "Feature", "properties": { "u": 4934700821, "v": 4934700700, "key": 0, "osmid": "142326701", "lanes": null, "ref": null, "name": null, "highway": "unclassified", "maxspeed": null, "oneway": false, "reversed": "True", "length": 36.119, "bridge": null }, "geometry": { "type": "LineString", "coordinates": [ [ 133.5401946, 33.492191 ], [ 133.5405762, 33.4922561 ] ] } },
{ "type": "Feature", "properties": { "u": 4934700821, "v": 4934700712, "key": 0, "osmid": "503134587", "lanes": null, "ref": null, "name": null, "highway": "residential", "maxspeed": null, "oneway": false, "reversed": "False", "length": 37.072, "bridge": null }, "geometry": { "type": "LineString", "coordinates": [ [ 133.5401946, 33.492191 ], [ 133.5401943, 33.4925244 ] ] } },
{ "type": "Feature", "properties": { "u": 4934700821, "v": 10183455278, "key": 0, "osmid": "503134587", "lanes": null, "ref": null, "name": null, "highway": "residential", "maxspeed": null, "oneway": false, "reversed": "True", "length": 106.549, "bridge": null }, "geometry": { "type": "LineString", "coordinates": [ [ 133.5401946, 33.492191 ], [ 133.5402493, 33.4920233 ], [ 133.5403231, 33.4918198 ], [ 133.54045450000001, 33.4914406 ], [ 133.5405051, 33.4912686 ] ] } },
{ "type": "Feature", "properties": { "u": 4934700827, "v": 1431444811, "key": 0, "osmid": "44405096", "lanes": "2", "ref": null, "name": null, "highway": "unclassified", "maxspeed": null, "oneway": false, "reversed": "False", "length": 3.645, "bridge": null }, "geometry": { "type": "LineString", "coordinates": [ [ 133.5404909, 33.491211 ], [ 133.5405142, 33.4912374 ] ] } },
{ "type": "Feature", "properties": { "u": 4934700827, "v": 564465065, "key": 0, "osmid": "44405096", "lanes": "2", "ref": null, "name": null, "highway": "unclassified", "maxspeed": null, "oneway": false, "reversed": "True", "length": 42.498, "bridge": null }, "geometry": { "type": "LineString", "coordinates": [ [ 133.5404909, 33.491211 ], [ 133.540155, 33.490951 ] ] } },
{ "type": "Feature", "properties": { "u": 4934700827, "v": 4934700718, "key": 0, "osmid": "503134588", "lanes": null, "ref": null, "name": null, "highway": "residential", "maxspeed": null, "oneway": false, "reversed": "True", "length": 32.544, "bridge": null }, "geometry": { "type": "LineString", "coordinates": [ [ 133.5404909, 33.491211 ], [ 133.5406228, 33.4910749 ], [ 133.540694800000011, 33.4909737 ] ] } },
{ "type": "Feature", "properties": { "u": 4934700829, "v": 4934700718, "key": 0, "osmid": "503134588", "lanes": null, "ref": null, "name": null, "highway": "residential", "maxspeed": null, "oneway": false, "reversed": "False", "length": 43.388, "bridge": null }, "geometry": { "type": "LineString", "coordinates": [ [ 133.5409335, 33.4906381 ], [ 133.540694800000011, 33.4909737 ] ] } },
{ "type": "Feature", "properties": { "u": 4934700829, "v": 4934700832, "key": 0, "osmid": "503134592", "lanes": null, "ref": null, "name": null, "highway": "residential", "maxspeed": null, "oneway": false, "reversed": "False", "length": 9.267, "bridge": null }, "geometry": { "type": "LineString", "coordinates": [ [ 133.5409335, 33.4906381 ], [ 133.5408457, 33.4905983 ] ] } },
{ "type": "Feature", "properties": { "u": 4934700829, "v": 4934700841, "key": 0, "osmid": "503134592", "lanes": null, "ref": null, "name": null, "highway": "residential", "maxspeed": null, "oneway": false, "reversed": "True", "length": 63.448, "bridge": null }, "geometry": { "type": "LineString", "coordinates": [ [ 133.5409335, 33.4906381 ], [ 133.541534500000012, 33.4909108 ] ] } },
{ "type": "Feature", "properties": { "u": 4934700830, "v": 4934700831, "key": 0, "osmid": "503134589", "lanes": null, "ref": null, "name": null, "highway": "residential", "maxspeed": null, "oneway": false, "reversed": "True", "length": 74.327, "bridge": null }, "geometry": { "type": "LineString", "coordinates": [ [ 133.5417661, 33.4906163 ], [ 133.541076800000013, 33.4902752 ] ] } },
{ "type": "Feature", "properties": { "u": 4934700830, "v": 4934700841, "key": 0, "osmid": "503134633", "lanes": null, "ref": null, "name": null, "highway": "residential", "maxspeed": null, "oneway": false, "reversed": "False", "length": 39.162, "bridge": null }, "geometry": { "type": "LineString", "coordinates": [ [ 133.5417661, 33.4906163 ], [ 133.541534500000012, 33.4909108 ] ] } },
{ "type": "Feature", "properties": { "u": 4934700830, "v": 4934700996, "key": 0, "osmid": "503134633", "lanes": null, "ref": null, "name": null, "highway": "residential", "maxspeed": null, "oneway": false, "reversed": "True", "length": 49.665, "bridge": null }, "geometry": { "type": "LineString", "coordinates": [ [ 133.5417661, 33.4906163 ], [ 133.5420598, 33.4902428 ] ] } },
{ "type": "Feature", "properties": { "u": 4934700831, "v": 4934700830, "key": 0, "osmid": "503134589", "lanes": null, "ref": null, "name": null, "highway": "residential", "maxspeed": null, "oneway": false, "reversed": "False", "length": 74.327, "bridge": null }, "geometry": { "type": "LineString", "coordinates": [ [ 133.541076800000013, 33.4902752 ], [ 133.5417661, 33.4906163 ] ] } },
{ "type": "Feature", "properties": { "u": 4934700831, "v": 4934700832, "key": 0, "osmid": "503134590", "lanes": null, "ref": null, "name": null, "highway": "residential", "maxspeed": null, "oneway": false, "reversed": "False", "length": 41.833, "bridge": null }, "geometry": { "type": "LineString", "coordinates": [ [ 133.541076800000013, 33.4902752 ], [ 133.5408457, 33.4905983 ] ] } },
{ "type": "Feature", "properties": { "u": 4934700831, "v": 4934700833, "key": 0, "osmid": "503134590", "lanes": null, "ref": null, "name": null, "highway": "residential", "maxspeed": null, "oneway": false, "reversed": "True", "length": 47.806, "bridge": null }, "geometry": { "type": "LineString", "coordinates": [ [ 133.541076800000013, 33.4902752 ], [ 133.5413375, 33.4899043 ] ] } },
{ "type": "Feature", "properties": { "u": 4934700832, "v": 4934700831, "key": 0, "osmid": "503134590", "lanes": null, "ref": null, "name": null, "highway": "residential", "maxspeed": null, "oneway": false, "reversed": "True", "length": 41.833, "bridge": null }, "geometry": { "type": "LineString", "coordinates": [ [ 133.5408457, 33.4905983 ], [ 133.541076800000013, 33.4902752 ] ] } },
{ "type": "Feature", "properties": { "u": 4934700832, "v": 564465061, "key": 0, "osmid": "503134592", "lanes": null, "ref": null, "name": null, "highway": "residential", "maxspeed": null, "oneway": false, "reversed": "False", "length": 46.651, "bridge": null }, "geometry": { "type": "LineString", "coordinates": [ [ 133.5408457, 33.4905983 ], [ 133.5404038, 33.4903978 ] ] } },
{ "type": "Feature", "properties": { "u": 4934700832, "v": 4934700829, "key": 0, "osmid": "503134592", "lanes": null, "ref": null, "name": null, "highway": "residential", "maxspeed": null, "oneway": false, "reversed": "True", "length": 9.267, "bridge": null }, "geometry": { "type": "LineString", "coordinates": [ [ 133.5408457, 33.4905983 ], [ 133.5409335, 33.4906381 ] ] } },
{ "type": "Feature", "properties": { "u": 4934700833, "v": 4934700831, "key": 0, "osmid": "503134590", "lanes": null, "ref": null, "name": null, "highway": "residential", "maxspeed": null, "oneway": false, "reversed": "False", "length": 47.806, "bridge": null }, "geometry": { "type": "LineString", "coordinates": [ [ 133.5413375, 33.4899043 ], [ 133.541076800000013, 33.4902752 ] ] } },
{ "type": "Feature", "properties": { "u": 4934700833, "v": 4934700834, "key": 0, "osmid": "503134590", "lanes": null, "ref": null, "name": null, "highway": "residential", "maxspeed": null, "oneway": false, "reversed": "True", "length": 41.42, "bridge": null }, "geometry": { "type": "LineString", "coordinates": [ [ 133.5413375, 33.4899043 ], [ 133.5417744, 33.4898269 ] ] } },
{ "type": "Feature", "properties": { "u": 4934700833, "v": 5506896794, "key": 0, "osmid": "573339045", "lanes": null, "ref": null, "name": null, "highway": "residential", "maxspeed": null, "oneway": false, "reversed": "False", "length": 55.393, "bridge": null }, "geometry": { "type": "LineString", "coordinates": [ [ 133.5413375, 33.4899043 ], [ 133.540878099999986, 33.4900181 ], [ 133.540763, 33.4899961 ] ] } },
{ "type": "Feature", "properties": { "u": 4934700834, "v": 4934700996, "key": 0, "osmid": "142325995", "lanes": null, "ref": null, "name": null, "highway": "unclassified", "maxspeed": null, "oneway": false, "reversed": "False", "length": 53.284, "bridge": null }, "geometry": { "type": "LineString", "coordinates": [ [ 133.5417744, 33.4898269 ], [ 133.5420598, 33.4902428 ] ] } },
{ "type": "Feature", "properties": { "u": 4934700834, "v": 1557770936, "key": 0, "osmid": "142325995", "lanes": null, "ref": null, "name": null, "highway": "unclassified", "maxspeed": null, "oneway": false, "reversed": "True", "length": 6.303, "bridge": null }, "geometry": { "type": "LineString", "coordinates": [ [ 133.5417744, 33.4898269 ], [ 133.5417433, 33.4897765 ] ] } },
{ "type": "Feature", "properties": { "u": 4934700834, "v": 4934700833, "key": 0, "osmid": "503134590", "lanes": null, "ref": null, "name": null, "highway": "residential", "maxspeed": null, "oneway": false, "reversed": "False", "length": 41.42, "bridge": null }, "geometry": { "type": "LineString", "coordinates": [ [ 133.5417744, 33.4898269 ], [ 133.5413375, 33.4899043 ] ] } },
{ "type": "Feature", "properties": { "u": 4934700836, "v": 1557770846, "key": 0, "osmid": "129809889", "lanes": null, "ref": null, "name": null, "highway": "unclassified", "maxspeed": null, "oneway": false, "reversed": "True", "length": 8.557, "bridge": null }, "geometry": { "type": "LineString", "coordinates": [ [ 133.5419346, 33.4895259 ], [ 133.542012, 33.4895678 ] ] } },
{ "type": "Feature", "properties": { "u": 4934700836, "v": 1557770936, "key": 0, "osmid": "503134591", "lanes": null, "ref": null, "name": null, "highway": "residential", "maxspeed": null, "oneway": false, "reversed": "True", "length": 33.033, "bridge": null }, "geometry": { "type": "LineString", "coordinates": [ [ 133.5419346, 33.4895259 ], [ 133.5417433, 33.4897765 ] ] } },
{ "type": "Feature", "properties": { "u": 4934700836, "v": 1431444704, "key": 0, "osmid": "129809889", "lanes": null, "ref": null, "name": null, "highway": "unclassified", "maxspeed": null, "oneway": false, "reversed": "False", "length": 65.884, "bridge": null }, "geometry": { "type": "LineString", "coordinates": [ [ 133.5419346, 33.4895259 ], [ 133.541416199999986, 33.4892417 ], [ 133.5413426, 33.4891984 ] ] } },
{ "type": "Feature", "properties": { "u": 4934700840, "v": 1557771271, "key": 0, "osmid": "503134586", "lanes": null, "ref": null, "name": null, "highway": "residential", "maxspeed": null, "oneway": false, "reversed": "False", "length": 41.914, "bridge": null }, "geometry": { "type": "LineString", "coordinates": [ [ 133.541320899999988, 33.491208 ], [ 133.541676, 33.4914412 ] ] } },
{ "type": "Feature", "properties": { "u": 4934700840, "v": 4934700841, "key": 0, "osmid": "503134633", "lanes": null, "ref": null, "name": null, "highway": "residential", "maxspeed": null, "oneway": false, "reversed": "True", "length": 38.529, "bridge": null }, "geometry": { "type": "LineString", "coordinates": [ [ 133.541320899999988, 33.491208 ], [ 133.541534500000012, 33.4909108 ] ] } },
{ "type": "Feature", "properties": { "u": 4934700840, "v": 4934700718, "key": 0, "osmid": "503134586", "lanes": null, "ref": null, "name": null, "highway": "residential", "maxspeed": null, "oneway": false, "reversed": "True", "length": 63.883, "bridge": null }, "geometry": { "type": "LineString", "coordinates": [ [ 133.541320899999988, 33.491208 ], [ 133.54085280000001, 33.4910212 ], [ 133.5407361, 33.4909966 ], [ 133.540694800000011, 33.4909737 ] ] } },
{ "type": "Feature", "properties": { "u": 4934700841, "v": 4934700829, "key": 0, "osmid": "503134592", "lanes": null, "ref": null, "name": null, "highway": "residential", "maxspeed": null, "oneway": false, "reversed": "False", "length": 63.448, "bridge": null }, "geometry": { "type": "LineString", "coordinates": [ [ 133.541534500000012, 33.4909108 ], [ 133.5409335, 33.4906381 ] ] } },
{ "type": "Feature", "properties": { "u": 4934700841, "v": 4934700840, "key": 0, "osmid": "503134633", "lanes": null, "ref": null, "name": null, "highway": "residential", "maxspeed": null, "oneway": false, "reversed": "False", "length": 38.529, "bridge": null }, "geometry": { "type": "LineString", "coordinates": [ [ 133.541534500000012, 33.4909108 ], [ 133.541320899999988, 33.491208 ] ] } },
{ "type": "Feature", "properties": { "u": 4934700841, "v": 4934700830, "key": 0, "osmid": "503134633", "lanes": null, "ref": null, "name": null, "highway": "residential", "maxspeed": null, "oneway": false, "reversed": "True", "length": 39.162, "bridge": null }, "geometry": { "type": "LineString", "coordinates": [ [ 133.541534500000012, 33.4909108 ], [ 133.5417661, 33.4906163 ] ] } },
{ "type": "Feature", "properties": { "u": 4934700841, "v": 10180208541, "key": 0, "osmid": [ 503134592, 1112659886 ], "lanes": null, "ref": null, "name": null, "highway": [ "unclassified", "residential" ], "maxspeed": null, "oneway": false, "reversed": [ false, true ], "length": 44.4, "bridge": null }, "geometry": { "type": "LineString", "coordinates": [ [ 133.541534500000012, 33.4909108 ], [ 133.541725899999989, 33.4910089 ], [ 133.5418655, 33.4908318 ] ] } },
{ "type": "Feature", "properties": { "u": 4934700846, "v": 564465065, "key": 0, "osmid": "44405096", "lanes": "2", "ref": null, "name": null, "highway": "unclassified", "maxspeed": null, "oneway": false, "reversed": "False", "length": 44.883, "bridge": null }, "geometry": { "type": "LineString", "coordinates": [ [ 133.539814299999989, 33.4906643 ], [ 133.540155, 33.490951 ] ] } },
{ "type": "Feature", "properties": { "u": 4934700846, "v": 4934700956, "key": 0, "osmid": "44405096", "lanes": "2", "ref": null, "name": null, "highway": "unclassified", "maxspeed": null, "oneway": false, "reversed": "True", "length": 33.335, "bridge": null }, "geometry": { "type": "LineString", "coordinates": [ [ 133.539814299999989, 33.4906643 ], [ 133.5395762, 33.4904397 ] ] } },
{ "type": "Feature", "properties": { "u": 4934700846, "v": 4934700849, "key": 0, "osmid": "503134593", "lanes": null, "ref": null, "name": null, "highway": "residential", "maxspeed": null, "oneway": false, "reversed": "True", "length": 52.97, "bridge": null }, "geometry": { "type": "LineString", "coordinates": [ [ 133.539814299999989, 33.4906643 ], [ 133.5398591, 33.4906029 ], [ 133.5399449, 33.4904709 ], [ 133.5401018, 33.4902528 ] ] } },
{ "type": "Feature", "properties": { "u": 4934700849, "v": 564465061, "key": 0, "osmid": "503134592", "lanes": null, "ref": null, "name": null, "highway": "residential", "maxspeed": null, "oneway": false, "reversed": "True", "length": 32.315, "bridge": null }, "geometry": { "type": "LineString", "coordinates": [ [ 133.5401018, 33.4902528 ], [ 133.5404038, 33.4903978 ] ] } },
{ "type": "Feature", "properties": { "u": 4934700849, "v": 4934700846, "key": 0, "osmid": "503134593", "lanes": null, "ref": null, "name": null, "highway": "residential", "maxspeed": null, "oneway": false, "reversed": "False", "length": 52.97, "bridge": null }, "geometry": { "type": "LineString", "coordinates": [ [ 133.5401018, 33.4902528 ], [ 133.5399449, 33.4904709 ], [ 133.5398591, 33.4906029 ], [ 133.539814299999989, 33.4906643 ] ] } },
{ "type": "Feature", "properties": { "u": 4934700849, "v": 4934701032, "key": 0, "osmid": "503134593", "lanes": null, "ref": null, "name": null, "highway": "residential", "maxspeed": null, "oneway": false, "reversed": "True", "length": 73.178, "bridge": null }, "geometry": { "type": "LineString", "coordinates": [ [ 133.5401018, 33.4902528 ], [ 133.5400254, 33.4902126 ], [ 133.5398296, 33.4901678 ], [ 133.5395613, 33.4899967 ], [ 133.5396244, 33.4898759 ] ] } },
{ "type": "Feature", "properties": { "u": 4934700850, "v": 4934700994, "key": 0, "osmid": "503134594", "lanes": null, "ref": null, "name": null, "highway": "residential", "maxspeed": null, "oneway": false, "reversed": "False", "length": 77.09, "bridge": null }, "geometry": { "type": "LineString", "coordinates": [ [ 133.540446, 33.4896257 ], [ 133.5408629, 33.4890259 ] ] } },
{ "type": "Feature", "properties": { "u": 4934700850, "v": 564465059, "key": 0, "osmid": "503134595", "lanes": null, "ref": null, "name": null, "highway": "residential", "maxspeed": null, "oneway": false, "reversed": "False", "length": 46.459, "bridge": null }, "geometry": { "type": "LineString", "coordinates": [ [ 133.540446, 33.4896257 ], [ 133.540879600000011, 33.489835 ] ] } },
{ "type": "Feature", "properties": { "u": 4934700850, "v": 1557770889, "key": 0, "osmid": "503134595", "lanes": null, "ref": null, "name": null, "highway": "residential", "maxspeed": null, "oneway": false, "reversed": "True", "length": 39.493, "bridge": null }, "geometry": { "type": "LineString", "coordinates": [ [ 133.540446, 33.4896257 ], [ 133.5400774, 33.4894478 ] ] } },
{ "type": "Feature", "properties": { "u": 4934700853, "v": 1557771813, "key": 0, "osmid": "142326131", "lanes": null, "ref": null, "name": null, "highway": "unclassified", "maxspeed": null, "oneway": false, "reversed": "False", "length": 62.878, "bridge": null }, "geometry": { "type": "LineString", "coordinates": [ [ 133.539622900000012, 33.4942192 ], [ 133.5389476, 33.4941681 ] ] } },
{ "type": "Feature", "properties": { "u": 4934700853, "v": 1557771810, "key": 0, "osmid": "142326131", "lanes": null, "ref": null, "name": null, "highway": "unclassified", "maxspeed": null, "oneway": false, "reversed": "True", "length": 6.406, "bridge": null }, "geometry": { "type": "LineString", "coordinates": [ [ 133.539622900000012, 33.4942192 ], [ 133.5396917, 33.4942244 ] ] } },
{ "type": "Feature", "properties": { "u": 4934700853, "v": 4934700855, "key": 0, "osmid": "503134597", "lanes": null, "ref": null, "name": null, "highway": "residential", "maxspeed": null, "oneway": false, "reversed": "True", "length": 36.81, "bridge": null }, "geometry": { "type": "LineString", "coordinates": [ [ 133.539622900000012, 33.4942192 ], [ 133.5396217, 33.4941718 ], [ 133.53951570000001, 33.4939023 ] ] } },
{ "type": "Feature", "properties": { "u": 4934700855, "v": 4934700867, "key": 0, "osmid": "503134597", "lanes": null, "ref": null, "name": null, "highway": "residential", "maxspeed": null, "oneway": false, "reversed": "True", "length": 45.328, "bridge": null }, "geometry": { "type": "LineString", "coordinates": [ [ 133.53951570000001, 33.4939023 ], [ 133.5390303, 33.4938542 ] ] } },
{ "type": "Feature", "properties": { "u": 4934700855, "v": 4934700853, "key": 0, "osmid": "503134597", "lanes": null, "ref": null, "name": null, "highway": "residential", "maxspeed": null, "oneway": false, "reversed": "False", "length": 36.81, "bridge": null }, "geometry": { "type": "LineString", "coordinates": [ [ 133.53951570000001, 33.4939023 ], [ 133.5396217, 33.4941718 ], [ 133.539622900000012, 33.4942192 ] ] } },
{ "type": "Feature", "properties": { "u": 4934700855, "v": 4934700862, "key": 0, "osmid": "503134599", "lanes": null, "ref": null, "name": null, "highway": "residential", "maxspeed": null, "oneway": false, "reversed": "False", "length": 37.987, "bridge": null }, "geometry": { "type": "LineString", "coordinates": [ [ 133.53951570000001, 33.4939023 ], [ 133.5395452, 33.4937781 ], [ 133.5395868, 33.4936808 ], [ 133.5396633, 33.4935891 ] ] } },
{ "type": "Feature", "properties": { "u": 4934700862, "v": 4934700865, "key": 0, "osmid": "503134598", "lanes": null, "ref": null, "name": null, "highway": "residential", "maxspeed": null, "oneway": false, "reversed": "True", "length": 58.152, "bridge": null }, "geometry": { "type": "LineString", "coordinates": [ [ 133.5396633, 33.4935891 ], [ 133.539611, 33.4935679 ], [ 133.5391268, 33.4935131 ], [ 133.539050300000014, 33.4935335 ] ] } },
{ "type": "Feature", "properties": { "u": 4934700862, "v": 4934700708, "key": 0, "osmid": "503134599", "lanes": null, "ref": null, "name": null, "highway": "residential", "maxspeed": null, "oneway": false, "reversed": "False", "length": 38.461, "bridge": null }, "geometry": { "type": "LineString", "coordinates": [ [ 133.5396633, 33.4935891 ], [ 133.5396807, 33.4935578 ], [ 133.5397089, 33.4933867 ], [ 133.5395441, 33.4933681 ] ] } },
{ "type": "Feature", "properties": { "u": 4934700862, "v": 4934700855, "key": 0, "osmid": "503134599", "lanes": null, "ref": null, "name": null, "highway": "residential", "maxspeed": null, "oneway": false, "reversed": "True", "length": 37.987, "bridge": null }, "geometry": { "type": "LineString", "coordinates": [ [ 133.5396633, 33.4935891 ], [ 133.5395868, 33.4936808 ], [ 133.5395452, 33.4937781 ], [ 133.53951570000001, 33.4939023 ] ] } },
{ "type": "Feature", "properties": { "u": 4934700865, "v": 1431445041, "key": 0, "osmid": "503134600", "lanes": null, "ref": null, "name": null, "highway": "residential", "maxspeed": null, "oneway": false, "reversed": "False", "length": 30.139, "bridge": null }, "geometry": { "type": "LineString", "coordinates": [ [ 133.539050300000014, 33.4935335 ], [ 133.5388738, 33.4933059 ] ] } },
{ "type": "Feature", "properties": { "u": 4934700865, "v": 4934700862, "key": 0, "osmid": "503134598", "lanes": null, "ref": null, "name": null, "highway": "residential", "maxspeed": null, "oneway": false, "reversed": "False", "length": 58.152, "bridge": null }, "geometry": { "type": "LineString", "coordinates": [ [ 133.539050300000014, 33.4935335 ], [ 133.5391268, 33.4935131 ], [ 133.539611, 33.4935679 ], [ 133.5396633, 33.4935891 ] ] } },
{ "type": "Feature", "properties": { "u": 4934700865, "v": 4934700867, "key": 0, "osmid": "503134600", "lanes": null, "ref": null, "name": null, "highway": "residential", "maxspeed": null, "oneway": false, "reversed": "True", "length": 36.978, "bridge": null }, "geometry": { "type": "LineString", "coordinates": [ [ 133.539050300000014, 33.4935335 ], [ 133.5390839, 33.4935768 ], [ 133.5390303, 33.4938542 ] ] } },
{ "type": "Feature", "properties": { "u": 4934700867, "v": 4934700855, "key": 0, "osmid": "503134597", "lanes": null, "ref": null, "name": null, "highway": "residential", "maxspeed": null, "oneway": false, "reversed": "False", "length": 45.328, "bridge": null }, "geometry": { "type": "LineString", "coordinates": [ [ 133.5390303, 33.4938542 ], [ 133.53951570000001, 33.4939023 ] ] } },
{ "type": "Feature", "properties": { "u": 4934700867, "v": 1557771813, "key": 0, "osmid": "503134600", "lanes": null, "ref": null, "name": null, "highway": "residential", "maxspeed": null, "oneway": false, "reversed": "True", "length": 35.737, "bridge": null }, "geometry": { "type": "LineString", "coordinates": [ [ 133.5390303, 33.4938542 ], [ 133.5389476, 33.4941681 ] ] } },
{ "type": "Feature", "properties": { "u": 4934700867, "v": 4934700865, "key": 0, "osmid": "503134600", "lanes": null, "ref": null, "name": null, "highway": "residential", "maxspeed": null, "oneway": false, "reversed": "False", "length": 36.978, "bridge": null }, "geometry": { "type": "LineString", "coordinates": [ [ 133.5390303, 33.4938542 ], [ 133.5390839, 33.4935768 ], [ 133.539050300000014, 33.4935335 ] ] } },
{ "type": "Feature", "properties": { "u": 4934700870, "v": 1557771856, "key": 0, "osmid": "142326542", "lanes": null, "ref": null, "name": null, "highway": "unclassified", "maxspeed": null, "oneway": false, "reversed": "False", "length": 104.442, "bridge": null }, "geometry": { "type": "LineString", "coordinates": [ [ 133.537212, 33.495374 ], [ 133.5370014, 33.4944513 ] ] } },
{ "type": "Feature", "properties": { "u": 4934700870, "v": 1557772346, "key": 0, "osmid": "142326542", "lanes": null, "ref": null, "name": null, "highway": "unclassified", "maxspeed": null, "oneway": false, "reversed": "True", "length": 55.091, "bridge": null }, "geometry": { "type": "LineString", "coordinates": [ [ 133.537212, 33.495374 ], [ 133.5373083, 33.4956984 ], [ 133.5373612, 33.4958024 ], [ 133.5373999, 33.4958383 ] ] } },
{ "type": "Feature", "properties": { "u": 4934700870, "v": 1557771646, "key": 0, "osmid": "503134602", "lanes": null, "ref": null, "name": null, "highway": "residential", "maxspeed": null, "oneway": false, "reversed": "True", "length": 236.49, "bridge": null }, "geometry": { "type": "LineString", "coordinates": [ [ 133.537212, 33.495374 ], [ 133.537274700000012, 33.4953316 ], [ 133.5372935, 33.4951795 ], [ 133.5372908, 33.4948932 ], [ 133.5372251, 33.4944838 ], [ 133.5371634, 33.4939492 ], [ 133.53716750000001, 33.4937837 ], [ 133.537135299999989, 33.4934549 ], [ 133.5371318, 33.4932802 ] ] } },
{ "type": "Feature", "properties": { "u": 4934700878, "v": 4934700879, "key": 0, "osmid": "503134603", "lanes": null, "ref": null, "name": null, "highway": "residential", "maxspeed": null, "oneway": false, "reversed": "True", "length": 54.076, "bridge": null }, "geometry": { "type": "LineString", "coordinates": [ [ 133.5361498, 33.494544 ], [ 133.5360554, 33.4940641 ] ] } },
{ "type": "Feature", "properties": { "u": 4934700878, "v": 4934700884, "key": 0, "osmid": "503134606", "lanes": null, "ref": null, "name": null, "highway": "residential", "maxspeed": null, "oneway": false, "reversed": "False", "length": 62.395, "bridge": null }, "geometry": { "type": "LineString", "coordinates": [ [ 133.5361498, 33.494544 ], [ 133.5354826, 33.4946167 ] ] } },
{ "type": "Feature", "properties": { "u": 4934700878, "v": 1557771856, "key": 0, "osmid": "503134606", "lanes": null, "ref": null, "name": null, "highway": "residential", "maxspeed": null, "oneway": false, "reversed": "True", "length": 79.639, "bridge": null }, "geometry": { "type": "LineString", "coordinates": [ [ 133.5361498, 33.494544 ], [ 133.5370014, 33.4944513 ] ] } },
{ "type": "Feature", "properties": { "u": 4934700879, "v": 4934700878, "key": 0, "osmid": "503134603", "lanes": null, "ref": null, "name": null, "highway": "residential", "maxspeed": null, "oneway": false, "reversed": "False", "length": 54.076, "bridge": null }, "geometry": { "type": "LineString", "coordinates": [ [ 133.5360554, 33.4940641 ], [ 133.5361498, 33.494544 ] ] } },
{ "type": "Feature", "properties": { "u": 4934700879, "v": 4934700880, "key": 0, "osmid": "503134605", "lanes": null, "ref": null, "name": null, "highway": "residential", "maxspeed": null, "oneway": false, "reversed": "False", "length": 15.583, "bridge": null }, "geometry": { "type": "LineString", "coordinates": [ [ 133.5360554, 33.4940641 ], [ 133.5358895, 33.4940864 ] ] } },
{ "type": "Feature", "properties": { "u": 4934700879, "v": 1557771806, "key": 0, "osmid": "503134605", "lanes": null, "ref": null, "name": null, "highway": "residential", "maxspeed": null, "oneway": false, "reversed": "True", "length": 77.543, "bridge": null }, "geometry": { "type": "LineString", "coordinates": [ [ 133.5360554, 33.4940641 ], [ 133.5368809, 33.4939528 ] ] } },
{ "type": "Feature", "properties": { "u": 4934700880, "v": 4934700879, "key": 0, "osmid": "503134605", "lanes": null, "ref": null, "name": null, "highway": "residential", "maxspeed": null, "oneway": false, "reversed": "True", "length": 15.583, "bridge": null }, "geometry": { "type": "LineString", "coordinates": [ [ 133.5358895, 33.4940864 ], [ 133.5360554, 33.4940641 ] ] } },
{ "type": "Feature", "properties": { "u": 4934700880, "v": 1557771682, "key": 0, "osmid": "503134604", "lanes": null, "ref": null, "name": null, "highway": "residential", "maxspeed": null, "oneway": false, "reversed": "True", "length": 78.112, "bridge": null }, "geometry": { "type": "LineString", "coordinates": [ [ 133.5358895, 33.4940864 ], [ 133.53587730000001, 33.4940465 ], [ 133.535978300000011, 33.493425 ], [ 133.5359838, 33.4933912 ] ] } },
{ "type": "Feature", "properties": { "u": 4934700880, "v": 4934700882, "key": 0, "osmid": "503134605", "lanes": null, "ref": null, "name": null, "highway": "residential", "maxspeed": null, "oneway": false, "reversed": "False", "length": 50.905, "bridge": null }, "geometry": { "type": "LineString", "coordinates": [ [ 133.5358895, 33.4940864 ], [ 133.5353892, 33.4941539 ], [ 133.5353508, 33.4941684 ] ] } },
{ "type": "Feature", "properties": { "u": 4934700882, "v": 4934700884, "key": 0, "osmid": "142326696", "lanes": null, "ref": null, "name": null, "highway": "unclassified", "maxspeed": null, "oneway": false, "reversed": "False", "length": 51.728, "bridge": null }, "geometry": { "type": "LineString", "coordinates": [ [ 133.5353508, 33.4941684 ], [ 133.535446, 33.4943708 ], [ 133.5354826, 33.4946167 ] ] } },
{ "type": "Feature", "properties": { "u": 4934700882, "v": 1557771688, "key": 0, "osmid": "142326696", "lanes": null, "ref": null, "name": null, "highway": "unclassified", "maxspeed": null, "oneway": false, "reversed": "True", "length": 77.598, "bridge": null }, "geometry": { "type": "LineString", "coordinates": [ [ 133.5353508, 33.4941684 ], [ 133.5353373, 33.4941397 ], [ 133.5352589, 33.493973 ], [ 133.535197399999987, 33.493805 ], [ 133.5351779, 33.4936998 ], [ 133.5351924, 33.4934943 ] ] } },
{ "type": "Feature", "properties": { "u": 4934700882, "v": 4934700880, "key": 0, "osmid": "503134605", "lanes": null, "ref": null, "name": null, "highway": "residential", "maxspeed": null, "oneway": false, "reversed": "True", "length": 50.905, "bridge": null }, "geometry": { "type": "LineString", "coordinates": [ [ 133.5353508, 33.4941684 ], [ 133.5353892, 33.4941539 ], [ 133.5358895, 33.4940864 ] ] } },
{ "type": "Feature", "properties": { "u": 4934700884, "v": 4934700878, "key": 0, "osmid": "503134606", "lanes": null, "ref": null, "name": null, "highway": "residential", "maxspeed": null, "oneway": false, "reversed": "True", "length": 62.395, "bridge": null }, "geometry": { "type": "LineString", "coordinates": [ [ 133.5354826, 33.4946167 ], [ 133.5361498, 33.494544 ] ] } },
{ "type": "Feature", "properties": { "u": 4934700884, "v": 1557772118, "key": 0, "osmid": "142326696", "lanes": null, "ref": null, "name": null, "highway": "unclassified", "maxspeed": null, "oneway": false, "reversed": "False", "length": 41.968, "bridge": null }, "geometry": { "type": "LineString", "coordinates": [ [ 133.5354826, 33.4946167 ], [ 133.5355284, 33.4949245 ], [ 133.5354944, 33.4949855 ] ] } },
{ "type": "Feature", "properties": { "u": 4934700884, "v": 4934700882, "key": 0, "osmid": "142326696", "lanes": null, "ref": null, "name": null, "highway": "unclassified", "maxspeed": null, "oneway": false, "reversed": "True", "length": 51.728, "bridge": null }, "geometry": { "type": "LineString", "coordinates": [ [ 133.5354826, 33.4946167 ], [ 133.535446, 33.4943708 ], [ 133.5353508, 33.4941684 ] ] } },
{ "type": "Feature", "properties": { "u": 4934700885, "v": 1557771810, "key": 0, "osmid": "142325221", "lanes": null, "ref": null, "name": null, "highway": "unclassified", "maxspeed": null, "oneway": false, "reversed": "False", "length": 71.639, "bridge": null }, "geometry": { "type": "LineString", "coordinates": [ [ 133.540425, 33.4941136 ], [ 133.5401852, 33.4942137 ], [ 133.539982900000012, 33.4942606 ], [ 133.5396917, 33.4942244 ] ] } },
{ "type": "Feature", "properties": { "u": 4934700885, "v": 1557771781, "key": 0, "osmid": "142325221", "lanes": null, "ref": null, "name": null, "highway": "unclassified", "maxspeed": null, "oneway": false, "reversed": "True", "length": 84.49, "bridge": null }, "geometry": { "type": "LineString", "coordinates": [ [ 133.540425, 33.4941136 ], [ 133.540809, 33.4939874 ], [ 133.5410046, 33.4939081 ], [ 133.5412172, 33.493755 ] ] } },
{ "type": "Feature", "properties": { "u": 4934700885, "v": 4934700686, "key": 0, "osmid": "503134580", "lanes": null, "ref": null, "name": null, "highway": "unclassified", "maxspeed": null, "oneway": false, "reversed": "False", "length": 25.975, "bridge": null }, "geometry": { "type": "LineString", "coordinates": [ [ 133.540425, 33.4941136 ], [ 133.5403995, 33.4940365 ], [ 133.5403875, 33.4938832 ] ] } },
{ "type": "Feature", "properties": { "u": 4934700888, "v": 4934700889, "key": 0, "osmid": "503134607", "lanes": null, "ref": null, "name": null, "highway": "residential", "maxspeed": null, "oneway": false, "reversed": "True", "length": 36.203, "bridge": null }, "geometry": { "type": "LineString", "coordinates": [ [ 133.5388131, 33.4926218 ], [ 133.53872770000001, 33.4929395 ] ] } },
{ "type": "Feature", "properties": { "u": 4934700888, "v": 6878716085, "key": 0, "osmid": "734500737", "lanes": "2", "ref": null, "name": null, "highway": "unclassified", "maxspeed": null, "oneway": false, "reversed": "True", "length": 38.069, "bridge": null }, "geometry": { "type": "LineString", "coordinates": [ [ 133.5388131, 33.4926218 ], [ 133.538412599999987, 33.4925466 ] ] } },
{ "type": "Feature", "properties": { "u": 4934700888, "v": 564465067, "key": 0, "osmid": "734500737", "lanes": "2", "ref": null, "name": null, "highway": "unclassified", "maxspeed": null, "oneway": false, "reversed": "False", "length": 54.067, "bridge": null }, "geometry": { "type": "LineString", "coordinates": [ [ 133.5388131, 33.4926218 ], [ 133.5393171, 33.4927164 ], [ 133.5393818, 33.492729 ] ] } },
{ "type": "Feature", "properties": { "u": 4934700889, "v": 4934700888, "key": 0, "osmid": "503134607", "lanes": null, "ref": null, "name": null, "highway": "residential", "maxspeed": null, "oneway": false, "reversed": "False", "length": 36.203, "bridge": null }, "geometry": { "type": "LineString", "coordinates": [ [ 133.53872770000001, 33.4929395 ], [ 133.5388131, 33.4926218 ] ] } },
{ "type": "Feature", "properties": { "u": 4934700889, "v": 4934700900, "key": 0, "osmid": "503134607", "lanes": null, "ref": null, "name": null, "highway": "residential", "maxspeed": null, "oneway": false, "reversed": "True", "length": 36.008, "bridge": null }, "geometry": { "type": "LineString", "coordinates": [ [ 133.53872770000001, 33.4929395 ], [ 133.5386507, 33.4932569 ] ] } },
{ "type": "Feature", "properties": { "u": 4934700889, "v": 6878716084, "key": 0, "osmid": "503134608", "lanes": null, "ref": null, "name": null, "highway": "residential", "maxspeed": null, "oneway": false, "reversed": "False", "length": 38.536, "bridge": null }, "geometry": { "type": "LineString", "coordinates": [ [ 133.53872770000001, 33.4929395 ], [ 133.5383211, 33.4928679 ] ] } },
{ "type": "Feature", "properties": { "u": 4934700889, "v": 1431445009, "key": 0, "osmid": "503134608", "lanes": null, "ref": null, "name": null, "highway": "residential", "maxspeed": null, "oneway": false, "reversed": "True", "length": 47.966, "bridge": null }, "geometry": { "type": "LineString", "coordinates": [ [ 133.53872770000001, 33.4929395 ], [ 133.5392329, 33.4930321 ] ] } },
{ "type": "Feature", "properties": { "u": 4934700891, "v": 1557771454, "key": 0, "osmid": "142325846", "lanes": null, "ref": null, "name": null, "highway": "unclassified", "maxspeed": null, "oneway": false, "reversed": "False", "length": 49.772, "bridge": null }, "geometry": { "type": "LineString", "coordinates": [ [ 133.5375446, 33.4928243 ], [ 133.537534, 33.492708 ], [ 133.537545599999987, 33.4925602 ], [ 133.5376207, 33.4923884 ] ] } },
{ "type": "Feature", "properties": { "u": 4934700891, "v": 1557771609, "key": 0, "osmid": "142325846", "lanes": null, "ref": null, "name": null, "highway": "unclassified", "maxspeed": null, "oneway": false, "reversed": "True", "length": 38.187, "bridge": null }, "geometry": { "type": "LineString", "coordinates": [ [ 133.5375446, 33.4928243 ], [ 133.537553699999989, 33.4930735 ], [ 133.5376071, 33.4931564 ] ] } },
{ "type": "Feature", "properties": { "u": 4934700891, "v": 6878716084, "key": 0, "osmid": "503134608", "lanes": null, "ref": null, "name": null, "highway": "residential", "maxspeed": null, "oneway": false, "reversed": "True", "length": 73.709, "bridge": null }, "geometry": { "type": "LineString", "coordinates": [ [ 133.5375446, 33.4928243 ], [ 133.537634200000014, 33.4927939 ], [ 133.5378943, 33.4927863 ], [ 133.5383211, 33.4928679 ] ] } },
{ "type": "Feature", "properties": { "u": 4934700900, "v": 4934700889, "key": 0, "osmid": "503134607", "lanes": null, "ref": null, "name": null, "highway": "residential", "maxspeed": null, "oneway": false, "reversed": "False", "length": 36.008, "bridge": null }, "geometry": { "type": "LineString", "coordinates": [ [ 133.5386507, 33.4932569 ], [ 133.53872770000001, 33.4929395 ] ] } },
{ "type": "Feature", "properties": { "u": 4934700900, "v": 1557771629, "key": 0, "osmid": "503134610", "lanes": null, "ref": null, "name": null, "highway": "residential", "maxspeed": null, "oneway": false, "reversed": "False", "length": 84.253, "bridge": null }, "geometry": { "type": "LineString", "coordinates": [ [ 133.5386507, 33.4932569 ], [ 133.5379896, 33.4931451 ], [ 133.537952, 33.4931742 ], [ 133.537944, 33.4932569 ], [ 133.5378878, 33.4933081 ] ] } },
{ "type": "Feature", "properties": { "u": 4934700900, "v": 1431445046, "key": 0, "osmid": "503134610", "lanes": null, "ref": null, "name": null, "highway": "residential", "maxspeed": null, "oneway": false, "reversed": "True", "length": 16.205, "bridge": null }, "geometry": { "type": "LineString", "coordinates": [ [ 133.5386507, 33.4932569 ], [ 133.5387687, 33.4932961 ], [ 133.5388065, 33.4933204 ] ] } },
{ "type": "Feature", "properties": { "u": 4934700912, "v": 1557771929, "key": 0, "osmid": "142325701", "lanes": null, "ref": null, "name": null, "highway": "unclassified", "maxspeed": null, "oneway": false, "reversed": "False", "length": 87.014, "bridge": null }, "geometry": { "type": "LineString", "coordinates": [ [ 133.5337687, 33.494516 ], [ 133.5345979, 33.4946572 ], [ 133.5346883, 33.4946427 ] ] } },
{ "type": "Feature", "properties": { "u": 4934700913, "v": 5487611891, "key": 0, "osmid": "142325841", "lanes": null, "ref": null, "name": null, "highway": "unclassified", "maxspeed": null, "oneway": false, "reversed": "False", "length": 0.993, "bridge": null }, "geometry": { "type": "LineString", "coordinates": [ [ 133.5348272, 33.4916207 ], [ 133.5348185, 33.4916155 ] ] } },
{ "type": "Feature", "properties": { "u": 4934700913, "v": 1431444829, "key": 0, "osmid": "142325841", "lanes": null, "ref": null, "name": null, "highway": "unclassified", "maxspeed": null, "oneway": false, "reversed": "True", "length": 81.446, "bridge": null }, "geometry": { "type": "LineString", "coordinates": [ [ 133.5348272, 33.4916207 ], [ 133.5349706, 33.491647 ], [ 133.5354629, 33.4916296 ], [ 133.535575599999987, 33.4915838 ], [ 133.5356808, 33.4915486 ] ] } },
{ "type": "Feature", "properties": { "u": 4934700913, "v": 10159298104, "key": 0, "osmid": "570811428", "lanes": null, "ref": null, "name": null, "highway": "footway", "maxspeed": null, "oneway": false, "reversed": "False", "length": 376.847, "bridge": null }, "geometry": { "type": "LineString", "coordinates": [ [ 133.5348272, 33.4916207 ], [ 133.535435299999989, 33.4907811 ], [ 133.535923200000013, 33.4902386 ], [ 133.5366549, 33.489235 ], [ 133.537022, 33.4887715 ] ] } },
{ "type": "Feature", "properties": { "u": 4934700921, "v": 1431444892, "key": 0, "osmid": "129809920", "lanes": null, "ref": null, "name": null, "highway": "residential", "maxspeed": null, "oneway": false, "reversed": "False", "length": 61.568, "bridge": null }, "geometry": { "type": "LineString", "coordinates": [ [ 133.539121599999987, 33.4917412 ], [ 133.539365800000013, 33.491851 ], [ 133.539735900000011, 33.4919439 ] ] } },
{ "type": "Feature", "properties": { "u": 4934700921, "v": 1431444846, "key": 0, "osmid": "129809920", "lanes": null, "ref": null, "name": null, "highway": "residential", "maxspeed": null, "oneway": false, "reversed": "True", "length": 28.892, "bridge": null }, "geometry": { "type": "LineString", "coordinates": [ [ 133.539121599999987, 33.4917412 ], [ 133.5389969, 33.491666 ], [ 133.538852600000013, 33.491613 ] ] } },
{ "type": "Feature", "properties": { "u": 4934700921, "v": 4934700924, "key": 0, "osmid": "503134611", "lanes": null, "ref": null, "name": null, "highway": "residential", "maxspeed": null, "oneway": false, "reversed": "False", "length": 73.162, "bridge": null }, "geometry": { "type": "LineString", "coordinates": [ [ 133.539121599999987, 33.4917412 ], [ 133.5390973, 33.491765 ], [ 133.538882699999988, 33.4923656 ] ] } },
{ "type": "Feature", "properties": { "u": 4934700924, "v": 4934700950, "key": 0, "osmid": "503134611", "lanes": null, "ref": null, "name": null, "highway": "residential", "maxspeed": null, "oneway": false, "reversed": "False", "length": 28.097, "bridge": null }, "geometry": { "type": "LineString", "coordinates": [ [ 133.538882699999988, 33.4923656 ], [ 133.538822399999987, 33.4923566 ], [ 133.538605100000012, 33.4922683 ] ] } },
{ "type": "Feature", "properties": { "u": 4934700924, "v": 4934700921, "key": 0, "osmid": "503134611", "lanes": null, "ref": null, "name": null, "highway": "residential", "maxspeed": null, "oneway": false, "reversed": "True", "length": 73.162, "bridge": null }, "geometry": { "type": "LineString", "coordinates": [ [ 133.538882699999988, 33.4923656 ], [ 133.5390973, 33.491765 ], [ 133.539121599999987, 33.4917412 ] ] } },
{ "type": "Feature", "properties": { "u": 4934700924, "v": 4934700926, "key": 0, "osmid": "503134612", "lanes": null, "ref": null, "name": null, "highway": "residential", "maxspeed": null, "oneway": false, "reversed": "True", "length": 58.627, "bridge": null }, "geometry": { "type": "LineString", "coordinates": [ [ 133.538882699999988, 33.4923656 ], [ 133.5390745, 33.4924125 ], [ 133.5394956, 33.4924942 ] ] } },
{ "type": "Feature", "properties": { "u": 4934700926, "v": 1557771380, "key": 0, "osmid": "129899437", "lanes": "2", "ref": null, "name": null, "highway": "tertiary", "maxspeed": null, "oneway": false, "reversed": "True", "length": 48.151, "bridge": null }, "geometry": { "type": "LineString", "coordinates": [ [ 133.5394956, 33.4924942 ], [ 133.5396797, 33.4920893 ] ] } },
{ "type": "Feature", "properties": { "u": 4934700926, "v": 564465067, "key": 0, "osmid": "129899437", "lanes": "2", "ref": null, "name": null, "highway": "tertiary", "maxspeed": null, "oneway": false, "reversed": "False", "length": 28.161, "bridge": null }, "geometry": { "type": "LineString", "coordinates": [ [ 133.5394956, 33.4924942 ], [ 133.5394087, 33.4926724 ], [ 133.5393818, 33.492729 ] ] } },
{ "type": "Feature", "properties": { "u": 4934700926, "v": 4934700924, "key": 0, "osmid": "503134612", "lanes": null, "ref": null, "name": null, "highway": "residential", "maxspeed": null, "oneway": false, "reversed": "False", "length": 58.627, "bridge": null }, "geometry": { "type": "LineString", "coordinates": [ [ 133.5394956, 33.4924942 ], [ 133.5390745, 33.4924125 ], [ 133.538882699999988, 33.4923656 ] ] } },
{ "type": "Feature", "properties": { "u": 4934700927, "v": 1431444892, "key": 0, "osmid": "129899437", "lanes": "2", "ref": null, "name": null, "highway": "tertiary", "maxspeed": null, "oneway": false, "reversed": "False", "length": 36.369, "bridge": null }, "geometry": { "type": "LineString", "coordinates": [ [ 133.5398702, 33.4916366 ], [ 133.539735900000011, 33.4919439 ] ] } },
{ "type": "Feature", "properties": { "u": 4934700927, "v": 4934700932, "key": 0, "osmid": "129899437", "lanes": "2", "ref": null, "name": null, "highway": "tertiary", "maxspeed": null, "oneway": false, "reversed": "True", "length": 68.104, "bridge": null }, "geometry": { "type": "LineString", "coordinates": [ [ 133.5398702, 33.4916366 ], [ 133.5401175, 33.4910599 ] ] } },
{ "type": "Feature", "properties": { "u": 4934700927, "v": 10183455274, "key": 0, "osmid": "503134613", "lanes": null, "ref": null, "name": null, "highway": "residential", "maxspeed": null, "oneway": false, "reversed": "False", "length": 4.232, "bridge": null }, "geometry": { "type": "LineString", "coordinates": [ [ 133.5398702, 33.4916366 ], [ 133.5398281, 33.4916219 ] ] } },
{ "type": "Feature", "properties": { "u": 4934700929, "v": 4934700930, "key": 0, "osmid": "503134613", "lanes": null, "ref": null, "name": null, "highway": "residential", "maxspeed": null, "oneway": false, "reversed": "True", "length": 53.032, "bridge": null }, "geometry": { "type": "LineString", "coordinates": [ [ 133.53981730000001, 33.4909519 ], [ 133.5396016, 33.4913936 ] ] } },
{ "type": "Feature", "properties": { "u": 4934700929, "v": 10183455275, "key": 0, "osmid": "503134615", "lanes": null, "ref": null, "name": null, "highway": "residential", "maxspeed": null, "oneway": false, "reversed": "False", "length": 26.077, "bridge": null }, "geometry": { "type": "LineString", "coordinates": [ [ 133.53981730000001, 33.4909519 ], [ 133.5400755, 33.4910448 ] ] } },
{ "type": "Feature", "properties": { "u": 4934700929, "v": 4934700933, "key": 0, "osmid": "503134615", "lanes": null, "ref": null, "name": null, "highway": "residential", "maxspeed": null, "oneway": false, "reversed": "True", "length": 27.082, "bridge": null }, "geometry": { "type": "LineString", "coordinates": [ [ 133.53981730000001, 33.4909519 ], [ 133.5395586, 33.4908389 ] ] } },
{ "type": "Feature", "properties": { "u": 4934700930, "v": 4934700929, "key": 0, "osmid": "503134613", "lanes": null, "ref": null, "name": null, "highway": "residential", "maxspeed": null, "oneway": false, "reversed": "False", "length": 53.032, "bridge": null }, "geometry": { "type": "LineString", "coordinates": [ [ 133.5396016, 33.4913936 ], [ 133.53981730000001, 33.4909519 ] ] } },
{ "type": "Feature", "properties": { "u": 4934700930, "v": 10183455274, "key": 0, "osmid": "503134613", "lanes": null, "ref": null, "name": null, "highway": "residential", "maxspeed": null, "oneway": false, "reversed": "True", "length": 43.258, "bridge": null }, "geometry": { "type": "LineString", "coordinates": [ [ 133.5396016, 33.4913936 ], [ 133.5395479, 33.49152 ], [ 133.5398281, 33.4916219 ] ] } },
{ "type": "Feature", "properties": { "u": 4934700930, "v": 4934700934, "key": 0, "osmid": "503134614", "lanes": null, "ref": null, "name": null, "highway": "residential", "maxspeed": null, "oneway": false, "reversed": "True", "length": 27.695, "bridge": null }, "geometry": { "type": "LineString", "coordinates": [ [ 133.5396016, 33.4913936 ], [ 133.539409799999987, 33.4913511 ], [ 133.53931990000001, 33.4913142 ] ] } },
{ "type": "Feature", "properties": { "u": 4934700932, "v": 4934700927, "key": 0, "osmid": "129899437", "lanes": "2", "ref": null, "name": null, "highway": "tertiary", "maxspeed": null, "oneway": false, "reversed": "False", "length": 68.104, "bridge": null }, "geometry": { "type": "LineString", "coordinates": [ [ 133.5401175, 33.4910599 ], [ 133.5398702, 33.4916366 ] ] } },
{ "type": "Feature", "properties": { "u": 4934700932, "v": 10183455276, "key": 0, "osmid": "129899437", "lanes": "2", "ref": null, "name": null, "highway": "tertiary", "maxspeed": null, "oneway": false, "reversed": "True", "length": 8.942, "bridge": null }, "geometry": { "type": "LineString", "coordinates": [ [ 133.5401175, 33.4910599 ], [ 133.5401441, 33.4909826 ] ] } },
{ "type": "Feature", "properties": { "u": 4934700932, "v": 10183455275, "key": 0, "osmid": "503134615", "lanes": null, "ref": null, "name": null, "highway": "residential", "maxspeed": null, "oneway": false, "reversed": "True", "length": 4.241, "bridge": null }, "geometry": { "type": "LineString", "coordinates": [ [ 133.5401175, 33.4910599 ], [ 133.5400755, 33.4910448 ] ] } },
{ "type": "Feature", "properties": { "u": 4934700933, "v": 4934700934, "key": 0, "osmid": "503134614", "lanes": null, "ref": null, "name": null, "highway": "residential", "maxspeed": null, "oneway": false, "reversed": "False", "length": 57.299, "bridge": null }, "geometry": { "type": "LineString", "coordinates": [ [ 133.5395586, 33.4908389 ], [ 133.53931990000001, 33.4913142 ] ] } },
{ "type": "Feature", "properties": { "u": 4934700933, "v": 4934700929, "key": 0, "osmid": "503134615", "lanes": null, "ref": null, "name": null, "highway": "residential", "maxspeed": null, "oneway": false, "reversed": "False", "length": 27.082, "bridge": null }, "geometry": { "type": "LineString", "coordinates": [ [ 133.5395586, 33.4908389 ], [ 133.53981730000001, 33.4909519 ] ] } },
{ "type": "Feature", "properties": { "u": 4934700933, "v": 4934700954, "key": 0, "osmid": "503134615", "lanes": null, "ref": null, "name": null, "highway": "residential", "maxspeed": null, "oneway": false, "reversed": "True", "length": 29.476, "bridge": null }, "geometry": { "type": "LineString", "coordinates": [ [ 133.5395586, 33.4908389 ], [ 133.5392717, 33.4907248 ] ] } },
{ "type": "Feature", "properties": { "u": 4934700934, "v": 4934700933, "key": 0, "osmid": "503134614", "lanes": null, "ref": null, "name": null, "highway": "residential", "maxspeed": null, "oneway": false, "reversed": "True", "length": 57.299, "bridge": null }, "geometry": { "type": "LineString", "coordinates": [ [ 133.53931990000001, 33.4913142 ], [ 133.5395586, 33.4908389 ] ] } },
{ "type": "Feature", "properties": { "u": 4934700934, "v": 4934700930, "key": 0, "osmid": "503134614", "lanes": null, "ref": null, "name": null, "highway": "residential", "maxspeed": null, "oneway": false, "reversed": "False", "length": 27.695, "bridge": null }, "geometry": { "type": "LineString", "coordinates": [ [ 133.53931990000001, 33.4913142 ], [ 133.539409799999987, 33.4913511 ], [ 133.5396016, 33.4913936 ] ] } },
{ "type": "Feature", "properties": { "u": 4934700934, "v": 4934700953, "key": 0, "osmid": "503134616", "lanes": null, "ref": null, "name": null, "highway": "residential", "maxspeed": null, "oneway": false, "reversed": "False", "length": 32.909, "bridge": null }, "geometry": { "type": "LineString", "coordinates": [ [ 133.53931990000001, 33.4913142 ], [ 133.5391201, 33.4913523 ], [ 133.5389726, 33.4913299 ] ] } },
{ "type": "Feature", "properties": { "u": 4934700937, "v": 1431444805, "key": 0, "osmid": "503134616", "lanes": null, "ref": null, "name": null, "highway": "residential", "maxspeed": null, "oneway": false, "reversed": "False", "length": 29.129, "bridge": null }, "geometry": { "type": "LineString", "coordinates": [ [ 133.538660099999987, 33.4912818 ], [ 133.538358499999987, 33.4912086 ] ] } },
{ "type": "Feature", "properties": { "u": 4934700937, "v": 4934700938, "key": 0, "osmid": "503134617", "lanes": null, "ref": null, "name": null, "highway": "residential", "maxspeed": null, "oneway": false, "reversed": "True", "length": 46.447, "bridge": null }, "geometry": { "type": "LineString", "coordinates": [ [ 133.538660099999987, 33.4912818 ], [ 133.5388541, 33.4908967 ] ] } },
{ "type": "Feature", "properties": { "u": 4934700937, "v": 4934700953, "key": 0, "osmid": "503134616", "lanes": null, "ref": null, "name": null, "highway": "residential", "maxspeed": null, "oneway": false, "reversed": "True", "length": 29.518, "bridge": null }, "geometry": { "type": "LineString", "coordinates": [ [ 133.538660099999987, 33.4912818 ], [ 133.5387714, 33.4913064 ], [ 133.5389726, 33.4913299 ] ] } },
{ "type": "Feature", "properties": { "u": 4934700938, "v": 4934700937, "key": 0, "osmid": "503134617", "lanes": null, "ref": null, "name": null, "highway": "residential", "maxspeed": null, "oneway": false, "reversed": "False", "length": 46.447, "bridge": null }, "geometry": { "type": "LineString", "coordinates": [ [ 133.5388541, 33.4908967 ], [ 133.538660099999987, 33.4912818 ] ] } },
{ "type": "Feature", "properties": { "u": 4934700938, "v": 4934700939, "key": 0, "osmid": "503134617", "lanes": null, "ref": null, "name": null, "highway": "residential", "maxspeed": null, "oneway": false, "reversed": "True", "length": 50.929, "bridge": null }, "geometry": { "type": "LineString", "coordinates": [ [ 133.5388541, 33.4908967 ], [ 133.5390442, 33.490467 ] ] } },
{ "type": "Feature", "properties": { "u": 4934700938, "v": 4934700940, "key": 0, "osmid": "503134618", "lanes": null, "ref": null, "name": null, "highway": "residential", "maxspeed": null, "oneway": false, "reversed": "False", "length": 28.854, "bridge": null }, "geometry": { "type": "LineString", "coordinates": [ [ 133.5388541, 33.4908967 ], [ 133.5391565, 33.4909578 ] ] } },
{ "type": "Feature", "properties": { "u": 4934700938, "v": 1557771154, "key": 0, "osmid": "503134618", "lanes": null, "ref": null, "name": null, "highway": "residential", "maxspeed": null, "oneway": false, "reversed": "True", "length": 31.154, "bridge": null }, "geometry": { "type": "LineString", "coordinates": [ [ 133.5388541, 33.4908967 ], [ 133.5385276, 33.4908307 ] ] } },
{ "type": "Feature", "properties": { "u": 4934700939, "v": 4934700938, "key": 0, "osmid": "503134617", "lanes": null, "ref": null, "name": null, "highway": "residential", "maxspeed": null, "oneway": false, "reversed": "False", "length": 50.929, "bridge": null }, "geometry": { "type": "LineString", "coordinates": [ [ 133.5390442, 33.490467 ], [ 133.5388541, 33.4908967 ] ] } },
{ "type": "Feature", "properties": { "u": 4934700939, "v": 4934700959, "key": 0, "osmid": "503134623", "lanes": null, "ref": null, "name": null, "highway": "residential", "maxspeed": null, "oneway": false, "reversed": "True", "length": 30.929, "bridge": null }, "geometry": { "type": "LineString", "coordinates": [ [ 133.5390442, 33.490467 ], [ 133.5387191, 33.4904049 ] ] } },
{ "type": "Feature", "properties": { "u": 4934700939, "v": 4934700957, "key": 0, "osmid": "503134623", "lanes": null, "ref": null, "name": null, "highway": "residential", "maxspeed": null, "oneway": false, "reversed": "False", "length": 36.29, "bridge": null }, "geometry": { "type": "LineString", "coordinates": [ [ 133.5390442, 33.490467 ], [ 133.539374900000013, 33.4905302 ], [ 133.5394178, 33.4905548 ] ] } },
{ "type": "Feature", "properties": { "u": 4934700940, "v": 4934700938, "key": 0, "osmid": "503134618", "lanes": null, "ref": null, "name": null, "highway": "residential", "maxspeed": null, "oneway": false, "reversed": "True", "length": 28.854, "bridge": null }, "geometry": { "type": "LineString", "coordinates": [ [ 133.5391565, 33.4909578 ], [ 133.5388541, 33.4908967 ] ] } },
{ "type": "Feature", "properties": { "u": 4934700940, "v": 4934700954, "key": 0, "osmid": "503134622", "lanes": null, "ref": null, "name": null, "highway": "residential", "maxspeed": null, "oneway": false, "reversed": "False", "length": 28.025, "bridge": null }, "geometry": { "type": "LineString", "coordinates": [ [ 133.5391565, 33.4909578 ], [ 133.5392717, 33.4907248 ] ] } },
{ "type": "Feature", "properties": { "u": 4934700940, "v": 4934700953, "key": 0, "osmid": "503134622", "lanes": null, "ref": null, "name": null, "highway": "residential", "maxspeed": null, "oneway": false, "reversed": "True", "length": 44.752, "bridge": null }, "geometry": { "type": "LineString", "coordinates": [ [ 133.5391565, 33.4909578 ], [ 133.5389726, 33.4913299 ] ] } },
{ "type": "Feature", "properties": { "u": 4934700941, "v": 4934700942, "key": 0, "osmid": "503134619", "lanes": null, "ref": null, "name": null, "highway": "residential", "maxspeed": null, "oneway": false, "reversed": "True", "length": 36.548, "bridge": null }, "geometry": { "type": "LineString", "coordinates": [ [ 133.538363299999986, 33.4903944 ], [ 133.538240800000011, 33.4907068 ] ] } },
{ "type": "Feature", "properties": { "u": 4934700941, "v": 4934700944, "key": 0, "osmid": "503134620", "lanes": null, "ref": null, "name": null, "highway": "residential", "maxspeed": null, "oneway": false, "reversed": "True", "length": 31.319, "bridge": null }, "geometry": { "type": "LineString", "coordinates": [ [ 133.538363299999986, 33.4903944 ], [ 133.5386825, 33.4904864 ] ] } },
{ "type": "Feature", "properties": { "u": 4934700941, "v": 4934700972, "key": 0, "osmid": "503134620", "lanes": null, "ref": null, "name": null, "highway": "residential", "maxspeed": null, "oneway": false, "reversed": "False", "length": 38.862, "bridge": null }, "geometry": { "type": "LineString", "coordinates": [ [ 133.538363299999986, 33.4903944 ], [ 133.5380352, 33.4902998 ], [ 133.537964100000011, 33.4902908 ] ] } },
{ "type": "Feature", "properties": { "u": 4934700942, "v": 4934700941, "key": 0, "osmid": "503134619", "lanes": null, "ref": null, "name": null, "highway": "residential", "maxspeed": null, "oneway": false, "reversed": "False", "length": 36.548, "bridge": null }, "geometry": { "type": "LineString", "coordinates": [ [ 133.538240800000011, 33.4907068 ], [ 133.538363299999986, 33.4903944 ] ] } },
{ "type": "Feature", "properties": { "u": 4934700942, "v": 4934700947, "key": 0, "osmid": "503134621", "lanes": null, "ref": null, "name": null, "highway": "residential", "maxspeed": null, "oneway": false, "reversed": "True", "length": 29.759, "bridge": null }, "geometry": { "type": "LineString", "coordinates": [ [ 133.538240800000011, 33.4907068 ], [ 133.5385444, 33.4907935 ] ] } },
{ "type": "Feature", "properties": { "u": 4934700942, "v": 4934700945, "key": 0, "osmid": "503134621", "lanes": null, "ref": null, "name": null, "highway": "residential", "maxspeed": null, "oneway": false, "reversed": "False", "length": 34.226, "bridge": null }, "geometry": { "type": "LineString", "coordinates": [ [ 133.538240800000011, 33.4907068 ], [ 133.5379788, 33.490632 ], [ 133.5378885, 33.4906167 ] ] } },
{ "type": "Feature", "properties": { "u": 4934700944, "v": 4934700947, "key": 0, "osmid": "142326193", "lanes": null, "ref": null, "name": null, "highway": "unclassified", "maxspeed": null, "oneway": false, "reversed": "False", "length": 36.47, "bridge": null }, "geometry": { "type": "LineString", "coordinates": [ [ 133.5386825, 33.4904864 ], [ 133.5385444, 33.4907935 ] ] } },
{ "type": "Feature", "properties": { "u": 4934700944, "v": 4934700959, "key": 0, "osmid": "142326193", "lanes": null, "ref": null, "name": null, "highway": "unclassified", "maxspeed": null, "oneway": false, "reversed": "True", "length": 9.677, "bridge": null }, "geometry": { "type": "LineString", "coordinates": [ [ 133.5386825, 33.4904864 ], [ 133.5387191, 33.4904049 ] ] } },
{ "type": "Feature", "properties": { "u": 4934700944, "v": 4934700941, "key": 0, "osmid": "503134620", "lanes": null, "ref": null, "name": null, "highway": "residential", "maxspeed": null, "oneway": false, "reversed": "False", "length": 31.319, "bridge": null }, "geometry": { "type": "LineString", "coordinates": [ [ 133.5386825, 33.4904864 ], [ 133.538363299999986, 33.4903944 ] ] } },
{ "type": "Feature", "properties": { "u": 4934700945, "v": 4934700971, "key": 0, "osmid": "503134627", "lanes": null, "ref": null, "name": null, "highway": "residential", "maxspeed": null, "oneway": false, "reversed": "False", "length": 16.807, "bridge": null }, "geometry": { "type": "LineString", "coordinates": [ [ 133.5378885, 33.4906167 ], [ 133.5378541, 33.4907651 ] ] } },
{ "type": "Feature", "properties": { "u": 4934700945, "v": 4934700963, "key": 0, "osmid": "503134627", "lanes": null, "ref": null, "name": null, "highway": "residential", "maxspeed": null, "oneway": false, "reversed": "True", "length": 21.961, "bridge": null }, "geometry": { "type": "LineString", "coordinates": [ [ 133.5378885, 33.4906167 ], [ 133.5379335, 33.4904228 ] ] } },
{ "type": "Feature", "properties": { "u": 4934700945, "v": 4934700942, "key": 0, "osmid": "503134621", "lanes": null, "ref": null, "name": null, "highway": "residential", "maxspeed": null, "oneway": false, "reversed": "True", "length": 34.226, "bridge": null }, "geometry": { "type": "LineString", "coordinates": [ [ 133.5378885, 33.4906167 ], [ 133.5379788, 33.490632 ], [ 133.538240800000011, 33.4907068 ] ] } },
{ "type": "Feature", "properties": { "u": 4934700947, "v": 1557771154, "key": 0, "osmid": "142326193", "lanes": null, "ref": null, "name": null, "highway": "unclassified", "maxspeed": null, "oneway": false, "reversed": "False", "length": 4.42, "bridge": null }, "geometry": { "type": "LineString", "coordinates": [ [ 133.5385444, 33.4907935 ], [ 133.5385276, 33.4908307 ] ] } },
{ "type": "Feature", "properties": { "u": 4934700947, "v": 4934700944, "key": 0, "osmid": "142326193", "lanes": null, "ref": null, "name": null, "highway": "unclassified", "maxspeed": null, "oneway": false, "reversed": "True", "length": 36.47, "bridge": null }, "geometry": { "type": "LineString", "coordinates": [ [ 133.5385444, 33.4907935 ], [ 133.5386825, 33.4904864 ] ] } },
{ "type": "Feature", "properties": { "u": 4934700947, "v": 4934700942, "key": 0, "osmid": "503134621", "lanes": null, "ref": null, "name": null, "highway": "residential", "maxspeed": null, "oneway": false, "reversed": "False", "length": 29.759, "bridge": null }, "geometry": { "type": "LineString", "coordinates": [ [ 133.5385444, 33.4907935 ], [ 133.538240800000011, 33.4907068 ] ] } },
{ "type": "Feature", "properties": { "u": 4934700948, "v": 1431444825, "key": 0, "osmid": "142326372", "lanes": null, "ref": null, "name": null, "highway": "unclassified", "maxspeed": null, "oneway": false, "reversed": "True", "length": 36.835, "bridge": null }, "geometry": { "type": "LineString", "coordinates": [ [ 133.5377747, 33.4920708 ], [ 133.537983700000012, 33.4917891 ] ] } },
{ "type": "Feature", "properties": { "u": 4934700948, "v": 1557771454, "key": 0, "osmid": "142326372", "lanes": null, "ref": null, "name": null, "highway": "unclassified", "maxspeed": null, "oneway": false, "reversed": "False", "length": 38.325, "bridge": null }, "geometry": { "type": "LineString", "coordinates": [ [ 133.5377747, 33.4920708 ], [ 133.5377128, 33.4921614 ], [ 133.5376362, 33.4923239 ], [ 133.5376207, 33.4923884 ] ] } },
{ "type": "Feature", "properties": { "u": 4934700948, "v": 4934700950, "key": 0, "osmid": "503134622", "lanes": null, "ref": null, "name": null, "highway": "residential", "maxspeed": null, "oneway": false, "reversed": "False", "length": 80.312, "bridge": null }, "geometry": { "type": "LineString", "coordinates": [ [ 133.5377747, 33.4920708 ], [ 133.5378474, 33.492105 ], [ 133.538605100000012, 33.4922683 ] ] } },
{ "type": "Feature", "properties": { "u": 4934700950, "v": 4934700951, "key": 0, "osmid": "503134622", "lanes": null, "ref": null, "name": null, "highway": "residential", "maxspeed": null, "oneway": false, "reversed": "False", "length": 31.206, "bridge": null }, "geometry": { "type": "LineString", "coordinates": [ [ 133.538605100000012, 33.4922683 ], [ 133.538703, 33.4919998 ] ] } },
{ "type": "Feature", "properties": { "u": 4934700950, "v": 4934700924, "key": 0, "osmid": "503134611", "lanes": null, "ref": null, "name": null, "highway": "residential", "maxspeed": null, "oneway": false, "reversed": "True", "length": 28.097, "bridge": null }, "geometry": { "type": "LineString", "coordinates": [ [ 133.538605100000012, 33.4922683 ], [ 133.538822399999987, 33.4923566 ], [ 133.538882699999988, 33.4923656 ] ] } },
{ "type": "Feature", "properties": { "u": 4934700950, "v": 4934700948, "key": 0, "osmid": "503134622", "lanes": null, "ref": null, "name": null, "highway": "residential", "maxspeed": null, "oneway": false, "reversed": "True", "length": 80.312, "bridge": null }, "geometry": { "type": "LineString", "coordinates": [ [ 133.538605100000012, 33.4922683 ], [ 133.5378474, 33.492105 ], [ 133.5377747, 33.4920708 ] ] } },
{ "type": "Feature", "properties": { "u": 4934700951, "v": 4934700950, "key": 0, "osmid": "503134622", "lanes": null, "ref": null, "name": null, "highway": "residential", "maxspeed": null, "oneway": false, "reversed": "True", "length": 31.206, "bridge": null }, "geometry": { "type": "LineString", "coordinates": [ [ 133.538703, 33.4919998 ], [ 133.538605100000012, 33.4922683 ] ] } },
{ "type": "Feature", "properties": { "u": 4934700951, "v": 1431444825, "key": 0, "osmid": "503134596", "lanes": null, "ref": null, "name": null, "highway": "residential", "maxspeed": null, "oneway": false, "reversed": "False", "length": 70.766, "bridge": null }, "geometry": { "type": "LineString", "coordinates": [ [ 133.538703, 33.4919998 ], [ 133.538025800000014, 33.4918086 ], [ 133.537983700000012, 33.4917891 ] ] } },
{ "type": "Feature", "properties": { "u": 4934700951, "v": 1431444846, "key": 0, "osmid": "503134622", "lanes": null, "ref": null, "name": null, "highway": "residential", "maxspeed": null, "oneway": false, "reversed": "False", "length": 45.266, "bridge": null }, "geometry": { "type": "LineString", "coordinates": [ [ 133.538703, 33.4919998 ], [ 133.538774100000012, 33.4917784 ], [ 133.538852600000013, 33.491613 ] ] } },
{ "type": "Feature", "properties": { "u": 4934700953, "v": 4934700940, "key": 0, "osmid": "503134622", "lanes": null, "ref": null, "name": null, "highway": "residential", "maxspeed": null, "oneway": false, "reversed": "False", "length": 44.752, "bridge": null }, "geometry": { "type": "LineString", "coordinates": [ [ 133.5389726, 33.4913299 ], [ 133.5391565, 33.4909578 ] ] } },
{ "type": "Feature", "properties": { "u": 4934700953, "v": 1431444846, "key": 0, "osmid": "503134622", "lanes": null, "ref": null, "name": null, "highway": "residential", "maxspeed": null, "oneway": false, "reversed": "True", "length": 33.388, "bridge": null }, "geometry": { "type": "LineString", "coordinates": [ [ 133.5389726, 33.4913299 ], [ 133.538852600000013, 33.491613 ] ] } },
{ "type": "Feature", "properties": { "u": 4934700953, "v": 4934700937, "key": 0, "osmid": "503134616", "lanes": null, "ref": null, "name": null, "highway": "residential", "maxspeed": null, "oneway": false, "reversed": "False", "length": 29.518, "bridge": null }, "geometry": { "type": "LineString", "coordinates": [ [ 133.5389726, 33.4913299 ], [ 133.5387714, 33.4913064 ], [ 133.538660099999987, 33.4912818 ] ] } },
{ "type": "Feature", "properties": { "u": 4934700953, "v": 4934700934, "key": 0, "osmid": "503134616", "lanes": null, "ref": null, "name": null, "highway": "residential", "maxspeed": null, "oneway": false, "reversed": "True", "length": 32.909, "bridge": null }, "geometry": { "type": "LineString", "coordinates": [ [ 133.5389726, 33.4913299 ], [ 133.5391201, 33.4913523 ], [ 133.53931990000001, 33.4913142 ] ] } },
{ "type": "Feature", "properties": { "u": 4934700954, "v": 4934700933, "key": 0, "osmid": "503134615", "lanes": null, "ref": null, "name": null, "highway": "residential", "maxspeed": null, "oneway": false, "reversed": "False", "length": 29.476, "bridge": null }, "geometry": { "type": "LineString", "coordinates": [ [ 133.5392717, 33.4907248 ], [ 133.5395586, 33.4908389 ] ] } },
{ "type": "Feature", "properties": { "u": 4934700954, "v": 4934700940, "key": 0, "osmid": "503134622", "lanes": null, "ref": null, "name": null, "highway": "residential", "maxspeed": null, "oneway": false, "reversed": "True", "length": 28.025, "bridge": null }, "geometry": { "type": "LineString", "coordinates": [ [ 133.5392717, 33.4907248 ], [ 133.5391565, 33.4909578 ] ] } },
{ "type": "Feature", "properties": { "u": 4934700954, "v": 4934700957, "key": 0, "osmid": "503134622", "lanes": null, "ref": null, "name": null, "highway": "residential", "maxspeed": null, "oneway": false, "reversed": "False", "length": 23.476, "bridge": null }, "geometry": { "type": "LineString", "coordinates": [ [ 133.5392717, 33.4907248 ], [ 133.5393004, 33.4906691 ], [ 133.5394178, 33.4905548 ] ] } },
{ "type": "Feature", "properties": { "u": 4934700956, "v": 4934700846, "key": 0, "osmid": "44405096", "lanes": "2", "ref": null, "name": null, "highway": "unclassified", "maxspeed": null, "oneway": false, "reversed": "False", "length": 33.335, "bridge": null }, "geometry": { "type": "LineString", "coordinates": [ [ 133.5395762, 33.4904397 ], [ 133.539814299999989, 33.4906643 ] ] } },
{ "type": "Feature", "properties": { "u": 4934700956, "v": 1557771022, "key": 0, "osmid": "44405096", "lanes": "2", "ref": null, "name": null, "highway": "unclassified", "maxspeed": null, "oneway": false, "reversed": "True", "length": 71.123, "bridge": null }, "geometry": { "type": "LineString", "coordinates": [ [ 133.5395762, 33.4904397 ], [ 133.5390643, 33.4899634 ] ] } },
{ "type": "Feature", "properties": { "u": 4934700956, "v": 10183455272, "key": 0, "osmid": "503134622", "lanes": null, "ref": null, "name": null, "highway": "residential", "maxspeed": null, "oneway": false, "reversed": "True", "length": 2.892, "bridge": null }, "geometry": { "type": "LineString", "coordinates": [ [ 133.5395762, 33.4904397 ], [ 133.5395527, 33.4904568 ] ] } },
{ "type": "Feature", "properties": { "u": 4934700957, "v": 10183455272, "key": 0, "osmid": "503134622", "lanes": null, "ref": null, "name": null, "highway": "residential", "maxspeed": null, "oneway": false, "reversed": "False", "length": 16.59, "bridge": null }, "geometry": { "type": "LineString", "coordinates": [ [ 133.5394178, 33.4905548 ], [ 133.5395527, 33.4904568 ] ] } },
{ "type": "Feature", "properties": { "u": 4934700957, "v": 4934700954, "key": 0, "osmid": "503134622", "lanes": null, "ref": null, "name": null, "highway": "residential", "maxspeed": null, "oneway": false, "reversed": "True", "length": 23.476, "bridge": null }, "geometry": { "type": "LineString", "coordinates": [ [ 133.5394178, 33.4905548 ], [ 133.5393004, 33.4906691 ], [ 133.5392717, 33.4907248 ] ] } },
{ "type": "Feature", "properties": { "u": 4934700957, "v": 4934700939, "key": 0, "osmid": "503134623", "lanes": null, "ref": null, "name": null, "highway": "residential", "maxspeed": null, "oneway": false, "reversed": "True", "length": 36.29, "bridge": null }, "geometry": { "type": "LineString", "coordinates": [ [ 133.5394178, 33.4905548 ], [ 133.539374900000013, 33.4905302 ], [ 133.5390442, 33.490467 ] ] } },
{ "type": "Feature", "properties": { "u": 4934700959, "v": 4934700944, "key": 0, "osmid": "142326193", "lanes": null, "ref": null, "name": null, "highway": "unclassified", "maxspeed": null, "oneway": false, "reversed": "False", "length": 9.677, "bridge": null }, "geometry": { "type": "LineString", "coordinates": [ [ 133.5387191, 33.4904049 ], [ 133.5386825, 33.4904864 ] ] } },
{ "type": "Feature", "properties": { "u": 4934700959, "v": 1557771071, "key": 0, "osmid": "142326193", "lanes": null, "ref": null, "name": null, "highway": "unclassified", "maxspeed": null, "oneway": false, "reversed": "True", "length": 28.023, "bridge": null }, "geometry": { "type": "LineString", "coordinates": [ [ 133.5387191, 33.4904049 ], [ 133.5387979, 33.4901616 ] ] } },
{ "type": "Feature", "properties": { "u": 4934700959, "v": 4934700939, "key": 0, "osmid": "503134623", "lanes": null, "ref": null, "name": null, "highway": "residential", "maxspeed": null, "oneway": false, "reversed": "False", "length": 30.929, "bridge": null }, "geometry": { "type": "LineString", "coordinates": [ [ 133.5387191, 33.4904049 ], [ 133.5390442, 33.490467 ] ] } },
{ "type": "Feature", "properties": { "u": 4934700963, "v": 4934700945, "key": 0, "osmid": "503134627", "lanes": null, "ref": null, "name": null, "highway": "residential", "maxspeed": null, "oneway": false, "reversed": "False", "length": 21.961, "bridge": null }, "geometry": { "type": "LineString", "coordinates": [ [ 133.5379335, 33.4904228 ], [ 133.5378885, 33.4906167 ] ] } },
{ "type": "Feature", "properties": { "u": 4934700963, "v": 4934700972, "key": 0, "osmid": "503134627", "lanes": null, "ref": null, "name": null, "highway": "residential", "maxspeed": null, "oneway": false, "reversed": "True", "length": 14.95, "bridge": null }, "geometry": { "type": "LineString", "coordinates": [ [ 133.5379335, 33.4904228 ], [ 133.537964100000011, 33.4902908 ] ] } },
{ "type": "Feature", "properties": { "u": 4934700963, "v": 1557771052, "key": 0, "osmid": "503134625", "lanes": null, "ref": null, "name": null, "highway": "residential", "maxspeed": null, "oneway": false, "reversed": "True", "length": 74.016, "bridge": null }, "geometry": { "type": "LineString", "coordinates": [ [ 133.5379335, 33.4904228 ], [ 133.5378782, 33.4904139 ], [ 133.5372439, 33.490198 ], [ 133.5372136, 33.490158 ] ] } },
{ "type": "Feature", "properties": { "u": 4934700966, "v": 1557771052, "key": 0, "osmid": "142327651", "lanes": null, "ref": null, "name": null, "highway": "unclassified", "maxspeed": null, "oneway": false, "reversed": "False", "length": 45.29, "bridge": null }, "geometry": { "type": "LineString", "coordinates": [ [ 133.536860100000013, 33.490429 ], [ 133.5369124, 33.490356 ], [ 133.536987, 33.4902841 ], [ 133.5372136, 33.490158 ] ] } },
{ "type": "Feature", "properties": { "u": 4934700966, "v": 1431444759, "key": 0, "osmid": "142327651", "lanes": null, "ref": null, "name": null, "highway": "unclassified", "maxspeed": null, "oneway": false, "reversed": "True", "length": 26.541, "bridge": null }, "geometry": { "type": "LineString", "coordinates": [ [ 133.536860100000013, 33.490429 ], [ 133.5367534, 33.4905776 ], [ 133.5367191, 33.4906365 ] ] } },
{ "type": "Feature", "properties": { "u": 4934700966, "v": 4934700971, "key": 0, "osmid": "503134626", "lanes": null, "ref": null, "name": null, "highway": "residential", "maxspeed": null, "oneway": false, "reversed": "True", "length": 102.048, "bridge": null }, "geometry": { "type": "LineString", "coordinates": [ [ 133.536860100000013, 33.490429 ], [ 133.5369033, 33.4904485 ], [ 133.5371017, 33.4905045 ], [ 133.5372855, 33.4906364 ], [ 133.5374759, 33.4906353 ], [ 133.5378541, 33.4907651 ] ] } },
{ "type": "Feature", "properties": { "u": 4934700971, "v": 1431444788, "key": 0, "osmid": "503134627", "lanes": null, "ref": null, "name": null, "highway": "residential", "maxspeed": null, "oneway": false, "reversed": "False", "length": 38.517, "bridge": null }, "geometry": { "type": "LineString", "coordinates": [ [ 133.5378541, 33.4907651 ], [ 133.537793599999986, 33.4911078 ] ] } },
{ "type": "Feature", "properties": { "u": 4934700971, "v": 4934700945, "key": 0, "osmid": "503134627", "lanes": null, "ref": null, "name": null, "highway": "residential", "maxspeed": null, "oneway": false, "reversed": "True", "length": 16.807, "bridge": null }, "geometry": { "type": "LineString", "coordinates": [ [ 133.5378541, 33.4907651 ], [ 133.5378885, 33.4906167 ] ] } },
{ "type": "Feature", "properties": { "u": 4934700971, "v": 4934700966, "key": 0, "osmid": "503134626", "lanes": null, "ref": null, "name": null, "highway": "residential", "maxspeed": null, "oneway": false, "reversed": "False", "length": 102.048, "bridge": null }, "geometry": { "type": "LineString", "coordinates": [ [ 133.5378541, 33.4907651 ], [ 133.5374759, 33.4906353 ], [ 133.5372855, 33.4906364 ], [ 133.5371017, 33.4905045 ], [ 133.5369033, 33.4904485 ], [ 133.536860100000013, 33.490429 ] ] } },
{ "type": "Feature", "properties": { "u": 4934700972, "v": 4934700963, "key": 0, "osmid": "503134627", "lanes": null, "ref": null, "name": null, "highway": "residential", "maxspeed": null, "oneway": false, "reversed": "False", "length": 14.95, "bridge": null }, "geometry": { "type": "LineString", "coordinates": [ [ 133.537964100000011, 33.4902908 ], [ 133.5379335, 33.4904228 ] ] } },
{ "type": "Feature", "properties": { "u": 4934700972, "v": 4934700973, "key": 0, "osmid": "503134627", "lanes": null, "ref": null, "name": null, "highway": "residential", "maxspeed": null, "oneway": false, "reversed": "True", "length": 23.251, "bridge": null }, "geometry": { "type": "LineString", "coordinates": [ [ 133.537964100000011, 33.4902908 ], [ 133.5379627, 33.4900817 ] ] } },
{ "type": "Feature", "properties": { "u": 4934700972, "v": 4934700941, "key": 0, "osmid": "503134620", "lanes": null, "ref": null, "name": null, "highway": "residential", "maxspeed": null, "oneway": false, "reversed": "True", "length": 38.862, "bridge": null }, "geometry": { "type": "LineString", "coordinates": [ [ 133.537964100000011, 33.4902908 ], [ 133.5380352, 33.4902998 ], [ 133.538363299999986, 33.4903944 ] ] } },
{ "type": "Feature", "properties": { "u": 4934700973, "v": 4934700972, "key": 0, "osmid": "503134627", "lanes": null, "ref": null, "name": null, "highway": "residential", "maxspeed": null, "oneway": false, "reversed": "False", "length": 23.251, "bridge": null }, "geometry": { "type": "LineString", "coordinates": [ [ 133.5379627, 33.4900817 ], [ 133.537964100000011, 33.4902908 ] ] } },
{ "type": "Feature", "properties": { "u": 4934700973, "v": 1557770970, "key": 0, "osmid": "503134627", "lanes": null, "ref": null, "name": null, "highway": "residential", "maxspeed": null, "oneway": false, "reversed": "True", "length": 26.688, "bridge": null }, "geometry": { "type": "LineString", "coordinates": [ [ 133.5379627, 33.4900817 ], [ 133.5379103, 33.4898457 ] ] } },
{ "type": "Feature", "properties": { "u": 4934700973, "v": 1557771071, "key": 0, "osmid": [ 503134624, 1112614205 ], "lanes": null, "ref": null, "name": null, "highway": "residential", "maxspeed": null, "oneway": false, "reversed": "True", "length": 80.816, "bridge": "yes" }, "geometry": { "type": "LineString", "coordinates": [ [ 133.5379627, 33.4900817 ], [ 133.5380419, 33.4900761 ], [ 133.538276700000011, 33.4900206 ], [ 133.5387979, 33.4901616 ] ] } },
{ "type": "Feature", "properties": { "u": 4934700991, "v": 4934700992, "key": 0, "osmid": "503134631", "lanes": null, "ref": null, "name": null, "highway": "residential", "maxspeed": null, "oneway": false, "reversed": "False", "length": 87.905, "bridge": null }, "geometry": { "type": "LineString", "coordinates": [ [ 133.545545299999986, 33.4900918 ], [ 133.54466020000001, 33.4898088 ] ] } },
{ "type": "Feature", "properties": { "u": 4934700991, "v": 1557771074, "key": 0, "osmid": "503134631", "lanes": null, "ref": null, "name": null, "highway": "residential", "maxspeed": null, "oneway": false, "reversed": "True", "length": 32.183, "bridge": null }, "geometry": { "type": "LineString", "coordinates": [ [ 133.545545299999986, 33.4900918 ], [ 133.545868, 33.4901983 ] ] } },
{ "type": "Feature", "properties": { "u": 4934700991, "v": 6878716076, "key": 0, "osmid": "503134629", "lanes": null, "ref": null, "name": null, "highway": "residential", "maxspeed": null, "oneway": false, "reversed": "False", "length": 112.613, "bridge": null }, "geometry": { "type": "LineString", "coordinates": [ [ 133.545545299999986, 33.4900918 ], [ 133.5454072, 33.4903535 ], [ 133.5445923, 33.4900958 ] ] } },
{ "type": "Feature", "properties": { "u": 4934700992, "v": 1557770921, "key": 0, "osmid": "503134630", "lanes": null, "ref": null, "name": null, "highway": "residential", "maxspeed": null, "oneway": false, "reversed": "True", "length": 34.982, "bridge": null }, "geometry": { "type": "LineString", "coordinates": [ [ 133.54466020000001, 33.4898088 ], [ 133.544790299999988, 33.4895135 ] ] } },
{ "type": "Feature", "properties": { "u": 4934700992, "v": 4933375080, "key": 0, "osmid": "503134631", "lanes": null, "ref": null, "name": null, "highway": "residential", "maxspeed": null, "oneway": false, "reversed": "False", "length": 33.855, "bridge": null }, "geometry": { "type": "LineString", "coordinates": [ [ 133.54466020000001, 33.4898088 ], [ 133.5443196, 33.4896992 ] ] } },
{ "type": "Feature", "properties": { "u": 4934700992, "v": 4934700991, "key": 0, "osmid": "503134631", "lanes": null, "ref": null, "name": null, "highway": "residential", "maxspeed": null, "oneway": false, "reversed": "True", "length": 87.905, "bridge": null }, "geometry": { "type": "LineString", "coordinates": [ [ 133.54466020000001, 33.4898088 ], [ 133.545545299999986, 33.4900918 ] ] } },
{ "type": "Feature", "properties": { "u": 4934700993, "v": 4934700994, "key": 0, "osmid": "142325452", "lanes": null, "ref": null, "name": null, "highway": "unclassified", "maxspeed": null, "oneway": false, "reversed": "False", "length": 3.458, "bridge": null }, "geometry": { "type": "LineString", "coordinates": [ [ 133.5408998, 33.4890214 ], [ 133.5408629, 33.4890259 ] ] } },
{ "type": "Feature", "properties": { "u": 4934700993, "v": 4934701007, "key": 0, "osmid": "503134640", "lanes": null, "ref": null, "name": null, "highway": "residential", "maxspeed": null, "oneway": false, "reversed": "True", "length": 14.107, "bridge": null }, "geometry": { "type": "LineString", "coordinates": [ [ 133.5408998, 33.4890214 ], [ 133.540965300000011, 33.4889069 ] ] } },
{ "type": "Feature", "properties": { "u": 4934700993, "v": 4934701021, "key": 0, "osmid": "142325452", "lanes": null, "ref": null, "name": null, "highway": "unclassified", "maxspeed": null, "oneway": false, "reversed": "True", "length": 25.833, "bridge": null }, "geometry": { "type": "LineString", "coordinates": [ [ 133.5408998, 33.4890214 ], [ 133.5410412, 33.4890728 ], [ 133.5411244, 33.4890829 ], [ 133.5411613, 33.4890695 ] ] } },
{ "type": "Feature", "properties": { "u": 4934700994, "v": 1557770796, "key": 0, "osmid": "142325452", "lanes": null, "ref": null, "name": null, "highway": "unclassified", "maxspeed": null, "oneway": false, "reversed": "False", "length": 39.793, "bridge": null }, "geometry": { "type": "LineString", "coordinates": [ [ 133.5408629, 33.4890259 ], [ 133.540479800000014, 33.4888647 ] ] } },
{ "type": "Feature", "properties": { "u": 4934700994, "v": 4934700993, "key": 0, "osmid": "142325452", "lanes": null, "ref": null, "name": null, "highway": "unclassified", "maxspeed": null, "oneway": false, "reversed": "True", "length": 3.458, "bridge": null }, "geometry": { "type": "LineString", "coordinates": [ [ 133.5408629, 33.4890259 ], [ 133.5408998, 33.4890214 ] ] } },
{ "type": "Feature", "properties": { "u": 4934700994, "v": 4934700850, "key": 0, "osmid": "503134594", "lanes": null, "ref": null, "name": null, "highway": "residential", "maxspeed": null, "oneway": false, "reversed": "True", "length": 77.09, "bridge": null }, "geometry": { "type": "LineString", "coordinates": [ [ 133.5408629, 33.4890259 ], [ 133.540446, 33.4896257 ] ] } },
{ "type": "Feature", "properties": { "u": 4934700996, "v": 10180208543, "key": 0, "osmid": "142325995", "lanes": null, "ref": null, "name": null, "highway": "unclassified", "maxspeed": null, "oneway": false, "reversed": "False", "length": 23.066, "bridge": null }, "geometry": { "type": "LineString", "coordinates": [ [ 133.5420598, 33.4902428 ], [ 133.5421751, 33.4904266 ] ] } },
{ "type": "Feature", "properties": { "u": 4934700996, "v": 4934700834, "key": 0, "osmid": "142325995", "lanes": null, "ref": null, "name": null, "highway": "unclassified", "maxspeed": null, "oneway": false, "reversed": "True", "length": 53.284, "bridge": null }, "geometry": { "type": "LineString", "coordinates": [ [ 133.5420598, 33.4902428 ], [ 133.5417744, 33.4898269 ] ] } },
{ "type": "Feature", "properties": { "u": 4934700996, "v": 4934700830, "key": 0, "osmid": "503134633", "lanes": null, "ref": null, "name": null, "highway": "residential", "maxspeed": null, "oneway": false, "reversed": "False", "length": 49.665, "bridge": null }, "geometry": { "type": "LineString", "coordinates": [ [ 133.5420598, 33.4902428 ], [ 133.5417661, 33.4906163 ] ] } },
{ "type": "Feature", "properties": { "u": 4934700996, "v": 1431444733, "key": 0, "osmid": "503134633", "lanes": null, "ref": null, "name": null, "highway": "residential", "maxspeed": null, "oneway": false, "reversed": "True", "length": 59.68, "bridge": null }, "geometry": { "type": "LineString", "coordinates": [ [ 133.5420598, 33.4902428 ], [ 133.542405699999989, 33.4897902 ] ] } },
{ "type": "Feature", "properties": { "u": 4934700997, "v": 1431444733, "key": 0, "osmid": "503134633", "lanes": null, "ref": null, "name": null, "highway": "residential", "maxspeed": null, "oneway": false, "reversed": "False", "length": 43.32, "bridge": null }, "geometry": { "type": "LineString", "coordinates": [ [ 133.5426041, 33.4894375 ], [ 133.542405699999989, 33.4897902 ] ] } },
{ "type": "Feature", "properties": { "u": 4934700997, "v": 4934701000, "key": 0, "osmid": "503134635", "lanes": null, "ref": null, "name": null, "highway": "residential", "maxspeed": null, "oneway": false, "reversed": "False", "length": 25.69, "bridge": null }, "geometry": { "type": "LineString", "coordinates": [ [ 133.5426041, 33.4894375 ], [ 133.5428578, 33.4895303 ] ] } },
{ "type": "Feature", "properties": { "u": 4934700997, "v": 4934701001, "key": 0, "osmid": "503134635", "lanes": null, "ref": null, "name": null, "highway": "residential", "maxspeed": null, "oneway": false, "reversed": "True", "length": 42.97, "bridge": null }, "geometry": { "type": "LineString", "coordinates": [ [ 133.5426041, 33.4894375 ], [ 133.5421797, 33.4892824 ] ] } },
{ "type": "Feature", "properties": { "u": 4934700998, "v": 1431444733, "key": 0, "osmid": "129809889", "lanes": null, "ref": null, "name": null, "highway": "unclassified", "maxspeed": null, "oneway": false, "reversed": "False", "length": 27.036, "bridge": null }, "geometry": { "type": "LineString", "coordinates": [ [ 133.5426792, 33.4898744 ], [ 133.542405699999989, 33.4897902 ] ] } },
{ "type": "Feature", "properties": { "u": 4934700998, "v": 1557771020, "key": 0, "osmid": "129809889", "lanes": null, "ref": null, "name": null, "highway": "unclassified", "maxspeed": null, "oneway": false, "reversed": "True", "length": 27.719, "bridge": null }, "geometry": { "type": "LineString", "coordinates": [ [ 133.5426792, 33.4898744 ], [ 133.5429585, 33.4899632 ] ] } },
{ "type": "Feature", "properties": { "u": 4934700998, "v": 4934701000, "key": 0, "osmid": "503134634", "lanes": null, "ref": null, "name": null, "highway": "residential", "maxspeed": null, "oneway": false, "reversed": "True", "length": 41.693, "bridge": null }, "geometry": { "type": "LineString", "coordinates": [ [ 133.5426792, 33.4898744 ], [ 133.5428578, 33.4895303 ] ] } },
{ "type": "Feature", "properties": { "u": 4934700999, "v": 1557770840, "key": 0, "osmid": "142326536", "lanes": null, "ref": null, "name": null, "highway": "residential", "maxspeed": null, "oneway": false, "reversed": "False", "length": 68.962, "bridge": null }, "geometry": { "type": "LineString", "coordinates": [ [ 133.5429536, 33.4893494 ], [ 133.5422686, 33.489108 ] ] } },
{ "type": "Feature", "properties": { "u": 4934700999, "v": 1557770907, "key": 0, "osmid": "142326536", "lanes": null, "ref": null, "name": null, "highway": "residential", "maxspeed": null, "oneway": false, "reversed": "True", "length": 26.363, "bridge": null }, "geometry": { "type": "LineString", "coordinates": [ [ 133.5429536, 33.4893494 ], [ 133.5432155, 33.4894416 ] ] } },
{ "type": "Feature", "properties": { "u": 4934700999, "v": 4934701000, "key": 0, "osmid": "503134635", "lanes": null, "ref": null, "name": null, "highway": "residential", "maxspeed": null, "oneway": false, "reversed": "True", "length": 21.99, "bridge": null }, "geometry": { "type": "LineString", "coordinates": [ [ 133.5429536, 33.4893494 ], [ 133.5428578, 33.4895303 ] ] } },
{ "type": "Feature", "properties": { "u": 4934701000, "v": 4934700998, "key": 0, "osmid": "503134634", "lanes": null, "ref": null, "name": null, "highway": "residential", "maxspeed": null, "oneway": false, "reversed": "False", "length": 41.693, "bridge": null }, "geometry": { "type": "LineString", "coordinates": [ [ 133.5428578, 33.4895303 ], [ 133.5426792, 33.4898744 ] ] } },
{ "type": "Feature", "properties": { "u": 4934701000, "v": 4934700999, "key": 0, "osmid": "503134635", "lanes": null, "ref": null, "name": null, "highway": "residential", "maxspeed": null, "oneway": false, "reversed": "False", "length": 21.99, "bridge": null }, "geometry": { "type": "LineString", "coordinates": [ [ 133.5428578, 33.4895303 ], [ 133.5429536, 33.4893494 ] ] } },
{ "type": "Feature", "properties": { "u": 4934701000, "v": 4934700997, "key": 0, "osmid": "503134635", "lanes": null, "ref": null, "name": null, "highway": "residential", "maxspeed": null, "oneway": false, "reversed": "True", "length": 25.69, "bridge": null }, "geometry": { "type": "LineString", "coordinates": [ [ 133.5428578, 33.4895303 ], [ 133.5426041, 33.4894375 ] ] } },
{ "type": "Feature", "properties": { "u": 4934701001, "v": 1557770840, "key": 0, "osmid": "142326177", "lanes": null, "ref": null, "name": null, "highway": "unclassified", "maxspeed": null, "oneway": false, "reversed": "False", "length": 21.072, "bridge": null }, "geometry": { "type": "LineString", "coordinates": [ [ 133.5421797, 33.4892824 ], [ 133.5422686, 33.489108 ] ] } },
{ "type": "Feature", "properties": { "u": 4934701001, "v": 1557770846, "key": 0, "osmid": "142326177", "lanes": null, "ref": null, "name": null, "highway": "unclassified", "maxspeed": null, "oneway": false, "reversed": "True", "length": 35.341, "bridge": null }, "geometry": { "type": "LineString", "coordinates": [ [ 133.5421797, 33.4892824 ], [ 133.542012, 33.4895678 ] ] } },
{ "type": "Feature", "properties": { "u": 4934701001, "v": 4934700997, "key": 0, "osmid": "503134635", "lanes": null, "ref": null, "name": null, "highway": "residential", "maxspeed": null, "oneway": false, "reversed": "False", "length": 42.97, "bridge": null }, "geometry": { "type": "LineString", "coordinates": [ [ 133.5421797, 33.4892824 ], [ 133.5426041, 33.4894375 ] ] } },
{ "type": "Feature", "properties": { "u": 4934701002, "v": 10179267602, "key": 0, "osmid": "503134637", "lanes": null, "ref": null, "name": null, "highway": "residential", "maxspeed": null, "oneway": false, "reversed": "True", "length": 36.753, "bridge": null }, "geometry": { "type": "LineString", "coordinates": [ [ 133.5433191, 33.4884342 ], [ 133.543681600000014, 33.4885678 ] ] } },
{ "type": "Feature", "properties": { "u": 4934701005, "v": 10159298106, "key": 0, "osmid": "142325204", "lanes": null, "ref": null, "name": null, "highway": "unclassified", "maxspeed": null, "oneway": false, "reversed": "True", "length": 22.157, "bridge": null }, "geometry": { "type": "LineString", "coordinates": [ [ 133.5395412, 33.4885103 ], [ 133.539329900000013, 33.4884173 ] ] } },
{ "type": "Feature", "properties": { "u": 4934701005, "v": 1431444644, "key": 0, "osmid": "503134638", "lanes": null, "ref": null, "name": null, "highway": "residential", "maxspeed": null, "oneway": false, "reversed": "False", "length": 66.985, "bridge": null }, "geometry": { "type": "LineString", "coordinates": [ [ 133.5395412, 33.4885103 ], [ 133.5398404, 33.487962 ] ] } },
{ "type": "Feature", "properties": { "u": 4934701005, "v": 1557770759, "key": 0, "osmid": "142325204", "lanes": null, "ref": null, "name": null, "highway": "unclassified", "maxspeed": null, "oneway": false, "reversed": "False", "length": 55.784, "bridge": null }, "geometry": { "type": "LineString", "coordinates": [ [ 133.5395412, 33.4885103 ], [ 133.539762200000013, 33.4886211 ], [ 133.5400438, 33.4887854 ] ] } },
{ "type": "Feature", "properties": { "u": 4934701007, "v": 1431444655, "key": 0, "osmid": "129809889", "lanes": null, "ref": null, "name": null, "highway": "unclassified", "maxspeed": null, "oneway": false, "reversed": "False", "length": 35.413, "bridge": null }, "geometry": { "type": "LineString", "coordinates": [ [ 133.540965300000011, 33.4889069 ], [ 133.5406998, 33.488678 ] ] } },
{ "type": "Feature", "properties": { "u": 4934701007, "v": 4934701021, "key": 0, "osmid": "129809889", "lanes": null, "ref": null, "name": null, "highway": "unclassified", "maxspeed": null, "oneway": false, "reversed": "True", "length": 25.637, "bridge": null }, "geometry": { "type": "LineString", "coordinates": [ [ 133.540965300000011, 33.4889069 ], [ 133.5411613, 33.4890695 ] ] } },
{ "type": "Feature", "properties": { "u": 4934701007, "v": 4934700993, "key": 0, "osmid": "503134640", "lanes": null, "ref": null, "name": null, "highway": "residential", "maxspeed": null, "oneway": false, "reversed": "False", "length": 14.107, "bridge": null }, "geometry": { "type": "LineString", "coordinates": [ [ 133.540965300000011, 33.4889069 ], [ 133.5408998, 33.4890214 ] ] } },
{ "type": "Feature", "properties": { "u": 4934701007, "v": 4934701009, "key": 0, "osmid": "503134640", "lanes": null, "ref": null, "name": null, "highway": "residential", "maxspeed": null, "oneway": false, "reversed": "True", "length": 70.046, "bridge": null }, "geometry": { "type": "LineString", "coordinates": [ [ 133.540965300000011, 33.4889069 ], [ 133.540999, 33.4888581 ], [ 133.5412517, 33.4883246 ] ] } },
{ "type": "Feature", "properties": { "u": 4934701009, "v": 1557770590, "key": 0, "osmid": "503134640", "lanes": null, "ref": null, "name": null, "highway": "residential", "maxspeed": null, "oneway": false, "reversed": "True", "length": 111.44, "bridge": null }, "geometry": { "type": "LineString", "coordinates": [ [ 133.5412517, 33.4883246 ], [ 133.5417046, 33.4873963 ] ] } },
{ "type": "Feature", "properties": { "u": 4934701009, "v": 4934701025, "key": 0, "osmid": "503134646", "lanes": null, "ref": null, "name": null, "highway": "residential", "maxspeed": null, "oneway": false, "reversed": "False", "length": 44.13, "bridge": null }, "geometry": { "type": "LineString", "coordinates": [ [ 133.5412517, 33.4883246 ], [ 133.5416927, 33.4884737 ] ] } },
{ "type": "Feature", "properties": { "u": 4934701009, "v": 4934701026, "key": 0, "osmid": "503134646", "lanes": null, "ref": null, "name": null, "highway": "residential", "maxspeed": null, "oneway": false, "reversed": "True", "length": 31.461, "bridge": null }, "geometry": { "type": "LineString", "coordinates": [ [ 133.5412517, 33.4883246 ], [ 133.5409373, 33.4882183 ] ] } },
{ "type": "Feature", "properties": { "u": 4934701009, "v": 4934701007, "key": 0, "osmid": "503134640", "lanes": null, "ref": null, "name": null, "highway": "residential", "maxspeed": null, "oneway": false, "reversed": "False", "length": 70.046, "bridge": null }, "geometry": { "type": "LineString", "coordinates": [ [ 133.5412517, 33.4883246 ], [ 133.540999, 33.4888581 ], [ 133.540965300000011, 33.4889069 ] ] } },
{ "type": "Feature", "properties": { "u": 4934701010, "v": 4934701011, "key": 0, "osmid": "503134641", "lanes": null, "ref": null, "name": null, "highway": "residential", "maxspeed": null, "oneway": false, "reversed": "True", "length": 64.3, "bridge": null }, "geometry": { "type": "LineString", "coordinates": [ [ 133.542231500000014, 33.4886679 ], [ 133.5424908, 33.4881316 ] ] } },
{ "type": "Feature", "properties": { "u": 4934701010, "v": 4934701025, "key": 0, "osmid": "503134646", "lanes": null, "ref": null, "name": null, "highway": "residential", "maxspeed": null, "oneway": false, "reversed": "True", "length": 54.433, "bridge": null }, "geometry": { "type": "LineString", "coordinates": [ [ 133.542231500000014, 33.4886679 ], [ 133.5416927, 33.4884737 ] ] } },
{ "type": "Feature", "properties": { "u": 4934701010, "v": 1557770801, "key": 0, "osmid": "503134646", "lanes": null, "ref": null, "name": null, "highway": "residential", "maxspeed": null, "oneway": false, "reversed": "False", "length": 22.467, "bridge": null }, "geometry": { "type": "LineString", "coordinates": [ [ 133.542231500000014, 33.4886679 ], [ 133.5423776, 33.4887205 ], [ 133.5424352, 33.4887705 ] ] } },
{ "type": "Feature", "properties": { "u": 4934701011, "v": 4934701010, "key": 0, "osmid": "503134641", "lanes": null, "ref": null, "name": null, "highway": "residential", "maxspeed": null, "oneway": false, "reversed": "False", "length": 64.3, "bridge": null }, "geometry": { "type": "LineString", "coordinates": [ [ 133.5424908, 33.4881316 ], [ 133.542231500000014, 33.4886679 ] ] } },
{ "type": "Feature", "properties": { "u": 4934701011, "v": 4934701012, "key": 0, "osmid": "503134642", "lanes": null, "ref": null, "name": null, "highway": "residential", "maxspeed": null, "oneway": false, "reversed": "False", "length": 54.485, "bridge": null }, "geometry": { "type": "LineString", "coordinates": [ [ 133.5424908, 33.4881316 ], [ 133.5419499, 33.4879403 ] ] } },
{ "type": "Feature", "properties": { "u": 4934701011, "v": 1557770630, "key": 0, "osmid": "503134642", "lanes": null, "ref": null, "name": null, "highway": "residential", "maxspeed": null, "oneway": false, "reversed": "True", "length": 68.874, "bridge": null }, "geometry": { "type": "LineString", "coordinates": [ [ 133.5424908, 33.4881316 ], [ 133.5426821, 33.4881993 ], [ 133.5428934, 33.4877895 ] ] } },
{ "type": "Feature", "properties": { "u": 4934701012, "v": 4934701025, "key": 0, "osmid": "44407520", "lanes": "2", "ref": null, "name": null, "highway": "tertiary", "maxspeed": null, "oneway": false, "reversed": "False", "length": 63.928, "bridge": null }, "geometry": { "type": "LineString", "coordinates": [ [ 133.5419499, 33.4879403 ], [ 133.5416927, 33.4884737 ] ] } },
{ "type": "Feature", "properties": { "u": 4934701012, "v": 564465050, "key": 0, "osmid": "44407520", "lanes": "2", "ref": null, "name": null, "highway": "tertiary", "maxspeed": null, "oneway": false, "reversed": "True", "length": 45.432, "bridge": null }, "geometry": { "type": "LineString", "coordinates": [ [ 133.5419499, 33.4879403 ], [ 133.5421326, 33.4875612 ] ] } },
{ "type": "Feature", "properties": { "u": 4934701012, "v": 4934701011, "key": 0, "osmid": "503134642", "lanes": null, "ref": null, "name": null, "highway": "residential", "maxspeed": null, "oneway": false, "reversed": "True", "length": 54.485, "bridge": null }, "geometry": { "type": "LineString", "coordinates": [ [ 133.5419499, 33.4879403 ], [ 133.5424908, 33.4881316 ] ] } },
{ "type": "Feature", "properties": { "u": 4934701014, "v": 1557770626, "key": 0, "osmid": "142325434", "lanes": null, "ref": null, "name": null, "highway": "unclassified", "maxspeed": null, "oneway": false, "reversed": "False", "length": 20.991, "bridge": null }, "geometry": { "type": "LineString", "coordinates": [ [ 133.5444287, 33.4878512 ], [ 133.5445298, 33.4876823 ] ] } },
{ "type": "Feature", "properties": { "u": 4934701014, "v": 1557770695, "key": 0, "osmid": "142325434", "lanes": null, "ref": null, "name": null, "highway": "unclassified", "maxspeed": null, "oneway": false, "reversed": "True", "length": 52.021, "bridge": null }, "geometry": { "type": "LineString", "coordinates": [ [ 133.5444287, 33.4878512 ], [ 133.5441782, 33.4882698 ] ] } },
{ "type": "Feature", "properties": { "u": 4934701014, "v": 4934701017, "key": 0, "osmid": "503134643", "lanes": null, "ref": null, "name": null, "highway": "residential", "maxspeed": null, "oneway": false, "reversed": "True", "length": 66.681, "bridge": null }, "geometry": { "type": "LineString", "coordinates": [ [ 133.5444287, 33.4878512 ], [ 133.544274300000012, 33.487826 ], [ 133.5441492, 33.4877609 ], [ 133.5440513, 33.4877005 ], [ 133.543783100000013, 33.4876032 ] ] } },
{ "type": "Feature", "properties": { "u": 4934701017, "v": 1557770652, "key": 0, "osmid": "503134644", "lanes": null, "ref": null, "name": null, "highway": "residential", "maxspeed": null, "oneway": false, "reversed": "False", "length": 50.6, "bridge": null }, "geometry": { "type": "LineString", "coordinates": [ [ 133.543783100000013, 33.4876032 ], [ 133.543569100000013, 33.4880218 ] ] } },
{ "type": "Feature", "properties": { "u": 4934701017, "v": 10179267603, "key": 0, "osmid": "503134644", "lanes": null, "ref": null, "name": null, "highway": "residential", "maxspeed": null, "oneway": false, "reversed": "True", "length": 11.817, "bridge": null }, "geometry": { "type": "LineString", "coordinates": [ [ 133.543783100000013, 33.4876032 ], [ 133.543661899999989, 33.4875704 ] ] } },
{ "type": "Feature", "properties": { "u": 4934701017, "v": 4934701014, "key": 0, "osmid": "503134643", "lanes": null, "ref": null, "name": null, "highway": "residential", "maxspeed": null, "oneway": false, "reversed": "False", "length": 66.681, "bridge": null }, "geometry": { "type": "LineString", "coordinates": [ [ 133.543783100000013, 33.4876032 ], [ 133.5440513, 33.4877005 ], [ 133.5441492, 33.4877609 ], [ 133.544274300000012, 33.487826 ], [ 133.5444287, 33.4878512 ] ] } },
{ "type": "Feature", "properties": { "u": 4934701018, "v": 10179267603, "key": 0, "osmid": "503134644", "lanes": null, "ref": null, "name": null, "highway": "residential", "maxspeed": null, "oneway": false, "reversed": "False", "length": 44.543, "bridge": null }, "geometry": { "type": "LineString", "coordinates": [ [ 133.5432051, 33.4874466 ], [ 133.543661899999989, 33.4875704 ] ] } },
{ "type": "Feature", "properties": { "u": 4934701018, "v": 1557770642, "key": 0, "osmid": "503134645", "lanes": null, "ref": null, "name": null, "highway": "residential", "maxspeed": null, "oneway": false, "reversed": "False", "length": 45.746, "bridge": null }, "geometry": { "type": "LineString", "coordinates": [ [ 133.5432051, 33.4874466 ], [ 133.5430374, 33.4878335 ] ] } },
{ "type": "Feature", "properties": { "u": 4934701018, "v": 10179267606, "key": 0, "osmid": "1112618641", "lanes": null, "ref": null, "name": null, "highway": "unclassified", "maxspeed": null, "oneway": false, "reversed": "False", "length": 16.962, "bridge": null }, "geometry": { "type": "LineString", "coordinates": [ [ 133.5432051, 33.4874466 ], [ 133.5432573, 33.4873004 ] ] } },
{ "type": "Feature", "properties": { "u": 4934701018, "v": 1557770618, "key": 0, "osmid": "503134645", "lanes": null, "ref": null, "name": null, "highway": "residential", "maxspeed": null, "oneway": false, "reversed": "True", "length": 91.159, "bridge": null }, "geometry": { "type": "LineString", "coordinates": [ [ 133.5432051, 33.4874466 ], [ 133.5427116, 33.4873314 ], [ 133.5426593, 33.4873392 ], [ 133.542512, 33.4876649 ] ] } },
{ "type": "Feature", "properties": { "u": 4934701021, "v": 4934701007, "key": 0, "osmid": "129809889", "lanes": null, "ref": null, "name": null, "highway": "unclassified", "maxspeed": null, "oneway": false, "reversed": "False", "length": 25.637, "bridge": null }, "geometry": { "type": "LineString", "coordinates": [ [ 133.5411613, 33.4890695 ], [ 133.540965300000011, 33.4889069 ] ] } },
{ "type": "Feature", "properties": { "u": 4934701021, "v": 1431444704, "key": 0, "osmid": "129809889", "lanes": null, "ref": null, "name": null, "highway": "unclassified", "maxspeed": null, "oneway": false, "reversed": "True", "length": 22.137, "bridge": null }, "geometry": { "type": "LineString", "coordinates": [ [ 133.5411613, 33.4890695 ], [ 133.5411914, 33.4890948 ], [ 133.5413263, 33.4891906 ], [ 133.5413426, 33.4891984 ] ] } },
{ "type": "Feature", "properties": { "u": 4934701021, "v": 4934700993, "key": 0, "osmid": "142325452", "lanes": null, "ref": null, "name": null, "highway": "unclassified", "maxspeed": null, "oneway": false, "reversed": "False", "length": 25.833, "bridge": null }, "geometry": { "type": "LineString", "coordinates": [ [ 133.5411613, 33.4890695 ], [ 133.5411244, 33.4890829 ], [ 133.5410412, 33.4890728 ], [ 133.5408998, 33.4890214 ] ] } },
{ "type": "Feature", "properties": { "u": 4934701025, "v": 564465052, "key": 0, "osmid": "44407520", "lanes": "2", "ref": null, "name": null, "highway": "tertiary", "maxspeed": null, "oneway": false, "reversed": "False", "length": 42.865, "bridge": null }, "geometry": { "type": "LineString", "coordinates": [ [ 133.5416927, 33.4884737 ], [ 133.5415237, 33.4888325 ] ] } },
{ "type": "Feature", "properties": { "u": 4934701025, "v": 4934701012, "key": 0, "osmid": "44407520", "lanes": "2", "ref": null, "name": null, "highway": "tertiary", "maxspeed": null, "oneway": false, "reversed": "True", "length": 63.928, "bridge": null }, "geometry": { "type": "LineString", "coordinates": [ [ 133.5416927, 33.4884737 ], [ 133.5419499, 33.4879403 ] ] } },
{ "type": "Feature", "properties": { "u": 4934701025, "v": 4934701010, "key": 0, "osmid": "503134646", "lanes": null, "ref": null, "name": null, "highway": "residential", "maxspeed": null, "oneway": false, "reversed": "False", "length": 54.433, "bridge": null }, "geometry": { "type": "LineString", "coordinates": [ [ 133.5416927, 33.4884737 ], [ 133.542231500000014, 33.4886679 ] ] } },
{ "type": "Feature", "properties": { "u": 4934701025, "v": 4934701009, "key": 0, "osmid": "503134646", "lanes": null, "ref": null, "name": null, "highway": "residential", "maxspeed": null, "oneway": false, "reversed": "True", "length": 44.13, "bridge": null }, "geometry": { "type": "LineString", "coordinates": [ [ 133.5416927, 33.4884737 ], [ 133.5412517, 33.4883246 ] ] } },
{ "type": "Feature", "properties": { "u": 4934701026, "v": 1557770566, "key": 0, "osmid": "503134639", "lanes": null, "ref": null, "name": null, "highway": "residential", "maxspeed": null, "oneway": false, "reversed": "True", "length": 112.772, "bridge": null }, "geometry": { "type": "LineString", "coordinates": [ [ 133.5409373, 33.4882183 ], [ 133.5413716, 33.487271 ] ] } },
{ "type": "Feature", "properties": { "u": 4934701026, "v": 4934701009, "key": 0, "osmid": "503134646", "lanes": null, "ref": null, "name": null, "highway": "residential", "maxspeed": null, "oneway": false, "reversed": "False", "length": 31.461, "bridge": null }, "geometry": { "type": "LineString", "coordinates": [ [ 133.5409373, 33.4882183 ], [ 133.5412517, 33.4883246 ] ] } },
{ "type": "Feature", "properties": { "u": 4934701026, "v": 1431444655, "key": 0, "osmid": "503134639", "lanes": null, "ref": null, "name": null, "highway": "residential", "maxspeed": null, "oneway": false, "reversed": "False", "length": 55.766, "bridge": null }, "geometry": { "type": "LineString", "coordinates": [ [ 133.5409373, 33.4882183 ], [ 133.5407281, 33.4886445 ], [ 133.5406998, 33.488678 ] ] } },
{ "type": "Feature", "properties": { "u": 4934701026, "v": 1557770660, "key": 0, "osmid": "503134646", "lanes": null, "ref": null, "name": null, "highway": "residential", "maxspeed": null, "oneway": false, "reversed": "True", "length": 48.364, "bridge": null }, "geometry": { "type": "LineString", "coordinates": [ [ 133.5409373, 33.4882183 ], [ 133.540671800000013, 33.4881367 ], [ 133.5404349, 33.4881132 ] ] } },
{ "type": "Feature", "properties": { "u": 4934701032, "v": 1557770889, "key": 0, "osmid": "142326919", "lanes": null, "ref": null, "name": null, "highway": "unclassified", "maxspeed": null, "oneway": false, "reversed": "False", "length": 70.749, "bridge": null }, "geometry": { "type": "LineString", "coordinates": [ [ 133.5396244, 33.4898759 ], [ 133.5397599, 33.4898968 ], [ 133.539947, 33.489624 ], [ 133.5400774, 33.4894478 ] ] } },
{ "type": "Feature", "properties": { "u": 4934701032, "v": 1557770956, "key": 0, "osmid": "142326919", "lanes": null, "ref": null, "name": null, "highway": "unclassified", "maxspeed": null, "oneway": false, "reversed": "True", "length": 31.618, "bridge": null }, "geometry": { "type": "LineString", "coordinates": [ [ 133.5396244, 33.4898759 ], [ 133.5394728, 33.4898289 ], [ 133.5393215, 33.4897488 ] ] } },
{ "type": "Feature", "properties": { "u": 4934701032, "v": 4934700849, "key": 0, "osmid": "503134593", "lanes": null, "ref": null, "name": null, "highway": "residential", "maxspeed": null, "oneway": false, "reversed": "False", "length": 73.178, "bridge": null }, "geometry": { "type": "LineString", "coordinates": [ [ 133.5396244, 33.4898759 ], [ 133.5395613, 33.4899967 ], [ 133.5398296, 33.4901678 ], [ 133.5400254, 33.4902126 ], [ 133.5401018, 33.4902528 ] ] } },
{ "type": "Feature", "properties": { "u": 4942039772, "v": 1431444819, "key": 0, "osmid": "503976744", "lanes": null, "ref": null, "name": null, "highway": "residential", "maxspeed": null, "oneway": false, "reversed": "True", "length": 8.474, "bridge": null }, "geometry": { "type": "LineString", "coordinates": [ [ 133.5476153, 33.491375 ], [ 133.5475305, 33.4913466 ] ] } },
{ "type": "Feature", "properties": { "u": 4942039804, "v": 1557771721, "key": 0, "osmid": "44405096", "lanes": "2", "ref": null, "name": null, "highway": "unclassified", "maxspeed": null, "oneway": false, "reversed": "True", "length": 45.519, "bridge": null }, "geometry": { "type": "LineString", "coordinates": [ [ 133.5441904, 33.493959 ], [ 133.5438581, 33.4936577 ] ] } },
{ "type": "Feature", "properties": { "u": 4942039804, "v": 1431445120, "key": 0, "osmid": "44405096", "lanes": "2", "ref": null, "name": null, "highway": "unclassified", "maxspeed": null, "oneway": false, "reversed": "False", "length": 45.814, "bridge": null }, "geometry": { "type": "LineString", "coordinates": [ [ 133.5441904, 33.493959 ], [ 133.5444156, 33.4941632 ], [ 133.5445164, 33.4942683 ] ] } },
{ "type": "Feature", "properties": { "u": 4942039804, "v": 4942039811, "key": 0, "osmid": "503976754", "lanes": null, "ref": null, "name": null, "highway": "unclassified", "maxspeed": null, "oneway": false, "reversed": "True", "length": 96.166, "bridge": null }, "geometry": { "type": "LineString", "coordinates": [ [ 133.5441904, 33.493959 ], [ 133.5437684, 33.4942724 ], [ 133.5435779, 33.4940767 ], [ 133.5434572, 33.4939772 ] ] } },
{ "type": "Feature", "properties": { "u": 4942039807, "v": 1557771734, "key": 0, "osmid": "142325221", "lanes": null, "ref": null, "name": null, "highway": "unclassified", "maxspeed": null, "oneway": false, "reversed": "False", "length": 17.96, "bridge": null }, "geometry": { "type": "LineString", "coordinates": [ [ 133.5426933, 33.4934243 ], [ 133.5425892, 33.4935605 ] ] } },
{ "type": "Feature", "properties": { "u": 4942039807, "v": 1557771586, "key": 0, "osmid": "142325221", "lanes": null, "ref": null, "name": null, "highway": "unclassified", "maxspeed": null, "oneway": false, "reversed": "True", "length": 48.942, "bridge": null }, "geometry": { "type": "LineString", "coordinates": [ [ 133.5426933, 33.4934243 ], [ 133.5429852, 33.4930576 ] ] } },
{ "type": "Feature", "properties": { "u": 4942039807, "v": 4942039811, "key": 0, "osmid": "503976754", "lanes": null, "ref": null, "name": null, "highway": "unclassified", "maxspeed": null, "oneway": false, "reversed": "False", "length": 94.562, "bridge": null }, "geometry": { "type": "LineString", "coordinates": [ [ 133.5426933, 33.4934243 ], [ 133.5429168, 33.4935276 ], [ 133.5429825, 33.4935958 ], [ 133.543264099999988, 33.4938296 ], [ 133.5434572, 33.4939772 ] ] } },
{ "type": "Feature", "properties": { "u": 4942039811, "v": 1557771721, "key": 0, "osmid": "142327618", "lanes": null, "ref": null, "name": null, "highway": "unclassified", "maxspeed": null, "oneway": false, "reversed": "False", "length": 51.422, "bridge": null }, "geometry": { "type": "LineString", "coordinates": [ [ 133.5434572, 33.4939772 ], [ 133.5438581, 33.4936577 ] ] } },
{ "type": "Feature", "properties": { "u": 4942039811, "v": 4942039804, "key": 0, "osmid": "503976754", "lanes": null, "ref": null, "name": null, "highway": "unclassified", "maxspeed": null, "oneway": false, "reversed": "False", "length": 96.166, "bridge": null }, "geometry": { "type": "LineString", "coordinates": [ [ 133.5434572, 33.4939772 ], [ 133.5435779, 33.4940767 ], [ 133.5437684, 33.4942724 ], [ 133.5441904, 33.493959 ] ] } },
{ "type": "Feature", "properties": { "u": 4942039811, "v": 4942039807, "key": 0, "osmid": "503976754", "lanes": null, "ref": null, "name": null, "highway": "unclassified", "maxspeed": null, "oneway": false, "reversed": "True", "length": 94.562, "bridge": null }, "geometry": { "type": "LineString", "coordinates": [ [ 133.5434572, 33.4939772 ], [ 133.543264099999988, 33.4938296 ], [ 133.5429825, 33.4935958 ], [ 133.5429168, 33.4935276 ], [ 133.5426933, 33.4934243 ] ] } },
{ "type": "Feature", "properties": { "u": 4942039812, "v": 1431445037, "key": 0, "osmid": "503976755", "lanes": null, "ref": null, "name": null, "highway": "residential", "maxspeed": null, "oneway": false, "reversed": "True", "length": 44.65, "bridge": null }, "geometry": { "type": "LineString", "coordinates": [ [ 133.544907, 33.4929231 ], [ 133.5449465, 33.4929857 ], [ 133.5450887, 33.4931004 ], [ 133.545207299999987, 33.4932335 ] ] } },
{ "type": "Feature", "properties": { "u": 4942039819, "v": 4934700667, "key": 0, "osmid": "503134574", "lanes": null, "ref": null, "name": null, "highway": "unclassified", "maxspeed": null, "oneway": false, "reversed": "True", "length": 24.889, "bridge": null }, "geometry": { "type": "LineString", "coordinates": [ [ 133.5444405, 33.4922449 ], [ 133.544269899999989, 33.4924177 ] ] } },
{ "type": "Feature", "properties": { "u": 4942039819, "v": 4942039820, "key": 0, "osmid": "503976756", "lanes": null, "ref": null, "name": null, "highway": "residential", "maxspeed": null, "oneway": false, "reversed": "True", "length": 51.799, "bridge": null }, "geometry": { "type": "LineString", "coordinates": [ [ 133.5444405, 33.4922449 ], [ 133.544896200000011, 33.4925143 ] ] } },
{ "type": "Feature", "properties": { "u": 4942039819, "v": 1557771325, "key": 0, "osmid": "503134574", "lanes": null, "ref": null, "name": null, "highway": "unclassified", "maxspeed": null, "oneway": false, "reversed": "False", "length": 24.289, "bridge": null }, "geometry": { "type": "LineString", "coordinates": [ [ 133.5444405, 33.4922449 ], [ 133.544443, 33.4922425 ], [ 133.544586900000013, 33.4920638 ] ] } },
{ "type": "Feature", "properties": { "u": 4942039820, "v": 4942039819, "key": 0, "osmid": "503976756", "lanes": null, "ref": null, "name": null, "highway": "residential", "maxspeed": null, "oneway": false, "reversed": "False", "length": 51.799, "bridge": null }, "geometry": { "type": "LineString", "coordinates": [ [ 133.544896200000011, 33.4925143 ], [ 133.5444405, 33.4922449 ] ] } },
{ "type": "Feature", "properties": { "u": 4942039820, "v": 4942039822, "key": 0, "osmid": "503976756", "lanes": null, "ref": null, "name": null, "highway": "residential", "maxspeed": null, "oneway": false, "reversed": "True", "length": 72.359, "bridge": null }, "geometry": { "type": "LineString", "coordinates": [ [ 133.544896200000011, 33.4925143 ], [ 133.54486940000001, 33.4925523 ], [ 133.544365199999987, 33.4929896 ] ] } },
{ "type": "Feature", "properties": { "u": 4942039820, "v": 1431445005, "key": 0, "osmid": "503976757", "lanes": null, "ref": null, "name": null, "highway": "residential", "maxspeed": null, "oneway": false, "reversed": "False", "length": 78.6, "bridge": null }, "geometry": { "type": "LineString", "coordinates": [ [ 133.544896200000011, 33.4925143 ], [ 133.545371, 33.4927682 ], [ 133.5455776, 33.4929302 ] ] } },
{ "type": "Feature", "properties": { "u": 4942039822, "v": 4942039820, "key": 0, "osmid": "503976756", "lanes": null, "ref": null, "name": null, "highway": "residential", "maxspeed": null, "oneway": false, "reversed": "False", "length": 72.359, "bridge": null }, "geometry": { "type": "LineString", "coordinates": [ [ 133.544365199999987, 33.4929896 ], [ 133.54486940000001, 33.4925523 ], [ 133.544896200000011, 33.4925143 ] ] } },
{ "type": "Feature", "properties": { "u": 4942039822, "v": 1431445051, "key": 0, "osmid": "503976758", "lanes": null, "ref": null, "name": null, "highway": "residential", "maxspeed": null, "oneway": false, "reversed": "False", "length": 83.597, "bridge": null }, "geometry": { "type": "LineString", "coordinates": [ [ 133.544365199999987, 33.4929896 ], [ 133.544628, 33.4931563 ], [ 133.544857400000012, 33.4933386 ], [ 133.5450116, 33.4934661 ], [ 133.545043, 33.4934829 ] ] } },
{ "type": "Feature", "properties": { "u": 4942039822, "v": 4942039825, "key": 0, "osmid": "503976758", "lanes": null, "ref": null, "name": null, "highway": "residential", "maxspeed": null, "oneway": false, "reversed": "True", "length": 41.647, "bridge": null }, "geometry": { "type": "LineString", "coordinates": [ [ 133.544365199999987, 33.4929896 ], [ 133.544263199999989, 33.4929337 ], [ 133.5440366, 33.4928275 ], [ 133.543969800000013, 33.492822 ] ] } },
{ "type": "Feature", "properties": { "u": 4942039825, "v": 1557771529, "key": 0, "osmid": "142327618", "lanes": null, "ref": null, "name": null, "highway": "unclassified", "maxspeed": null, "oneway": false, "reversed": "False", "length": 5.885, "bridge": null }, "geometry": { "type": "LineString", "coordinates": [ [ 133.543969800000013, 33.492822 ], [ 133.5439742, 33.4927692 ] ] } },
{ "type": "Feature", "properties": { "u": 4942039825, "v": 1557771721, "key": 0, "osmid": "142327618", "lanes": null, "ref": null, "name": null, "highway": "unclassified", "maxspeed": null, "oneway": false, "reversed": "True", "length": 94.238, "bridge": null }, "geometry": { "type": "LineString", "coordinates": [ [ 133.543969800000013, 33.492822 ], [ 133.543961, 33.493046 ], [ 133.5438952, 33.4936091 ], [ 133.5438581, 33.4936577 ] ] } },
{ "type": "Feature", "properties": { "u": 4942039825, "v": 4942039822, "key": 0, "osmid": "503976758", "lanes": null, "ref": null, "name": null, "highway": "residential", "maxspeed": null, "oneway": false, "reversed": "False", "length": 41.647, "bridge": null }, "geometry": { "type": "LineString", "coordinates": [ [ 133.543969800000013, 33.492822 ], [ 133.5440366, 33.4928275 ], [ 133.544263199999989, 33.4929337 ], [ 133.544365199999987, 33.4929896 ] ] } },
{ "type": "Feature", "properties": { "u": 4942039826, "v": 4942039859, "key": 0, "osmid": "503976761", "lanes": null, "ref": null, "name": null, "highway": "residential", "maxspeed": null, "oneway": false, "reversed": "True", "length": 41.335, "bridge": null }, "geometry": { "type": "LineString", "coordinates": [ [ 133.540355299999987, 33.4990132 ], [ 133.540780399999989, 33.4991251 ] ] } },
{ "type": "Feature", "properties": { "u": 4942039859, "v": 1557773247, "key": 0, "osmid": "142326597", "lanes": null, "ref": null, "name": null, "highway": "unclassified", "maxspeed": null, "oneway": false, "reversed": "True", "length": 38.137, "bridge": null }, "geometry": { "type": "LineString", "coordinates": [ [ 133.540780399999989, 33.4991251 ], [ 133.5406692, 33.4994553 ] ] } },
{ "type": "Feature", "properties": { "u": 4942039859, "v": 4942039826, "key": 0, "osmid": "503976761", "lanes": null, "ref": null, "name": null, "highway": "residential", "maxspeed": null, "oneway": false, "reversed": "False", "length": 41.335, "bridge": null }, "geometry": { "type": "LineString", "coordinates": [ [ 133.540780399999989, 33.4991251 ], [ 133.540355299999987, 33.4990132 ] ] } },
{ "type": "Feature", "properties": { "u": 4942039861, "v": 4942039895, "key": 0, "osmid": "142327704", "lanes": null, "ref": null, "name": null, "highway": "unclassified", "maxspeed": null, "oneway": false, "reversed": "True", "length": 46.454, "bridge": null }, "geometry": { "type": "LineString", "coordinates": [ [ 133.53955160000001, 33.4991077 ], [ 133.539071799999988, 33.4989875 ] ] } },
{ "type": "Feature", "properties": { "u": 4942039861, "v": 1557773052, "key": 0, "osmid": "142327704", "lanes": null, "ref": null, "name": null, "highway": "unclassified", "maxspeed": null, "oneway": false, "reversed": "False", "length": 163.593, "bridge": null }, "geometry": { "type": "LineString", "coordinates": [ [ 133.53955160000001, 33.4991077 ], [ 133.5398711, 33.4991877 ], [ 133.539922, 33.4991647 ], [ 133.5399167, 33.4987052 ], [ 133.539314, 33.4982394 ] ] } },
{ "type": "Feature", "properties": { "u": 4942039861, "v": 4942039864, "key": 0, "osmid": "503976775", "lanes": null, "ref": null, "name": null, "highway": "service", "maxspeed": null, "oneway": false, "reversed": "True", "length": 92.309, "bridge": null }, "geometry": { "type": "LineString", "coordinates": [ [ 133.53955160000001, 33.4991077 ], [ 133.5396633, 33.4987694 ], [ 133.5392663, 33.4984641 ], [ 133.5392328, 33.4984566 ] ] } },
{ "type": "Feature", "properties": { "u": 4942039864, "v": 4942039895, "key": 0, "osmid": "503976783", "lanes": null, "ref": null, "name": null, "highway": "unclassified", "maxspeed": null, "oneway": false, "reversed": "True", "length": 60.892, "bridge": null }, "geometry": { "type": "LineString", "coordinates": [ [ 133.5392328, 33.4984566 ], [ 133.539071799999988, 33.4989875 ] ] } },
{ "type": "Feature", "properties": { "u": 4942039864, "v": 4942039861, "key": 0, "osmid": "503976775", "lanes": null, "ref": null, "name": null, "highway": "service", "maxspeed": null, "oneway": false, "reversed": "False", "length": 92.309, "bridge": null }, "geometry": { "type": "LineString", "coordinates": [ [ 133.5392328, 33.4984566 ], [ 133.5392663, 33.4984641 ], [ 133.5396633, 33.4987694 ], [ 133.53955160000001, 33.4991077 ] ] } },
{ "type": "Feature", "properties": { "u": 4942039864, "v": 1557773052, "key": 0, "osmid": "503976783", "lanes": null, "ref": null, "name": null, "highway": "unclassified", "maxspeed": null, "oneway": false, "reversed": "False", "length": 25.473, "bridge": null }, "geometry": { "type": "LineString", "coordinates": [ [ 133.5392328, 33.4984566 ], [ 133.539287699999988, 33.4982751 ], [ 133.539314, 33.4982394 ] ] } },
{ "type": "Feature", "properties": { "u": 4942039865, "v": 4942039867, "key": 0, "osmid": "503976776", "lanes": null, "ref": null, "name": null, "highway": "service", "maxspeed": null, "oneway": false, "reversed": "True", "length": 77.881, "bridge": null }, "geometry": { "type": "LineString", "coordinates": [ [ 133.538951, 33.4981258 ], [ 133.538916300000011, 33.4981197 ], [ 133.538142099999988, 33.4979375 ] ] } },
{ "type": "Feature", "properties": { "u": 4942039865, "v": 1557772927, "key": 0, "osmid": "503976787", "lanes": null, "ref": null, "name": null, "highway": "residential", "maxspeed": null, "oneway": false, "reversed": "False", "length": 17.578, "bridge": null }, "geometry": { "type": "LineString", "coordinates": [ [ 133.538951, 33.4981258 ], [ 133.538969900000012, 33.4980302 ], [ 133.5390176, 33.4979837 ] ] } },
{ "type": "Feature", "properties": { "u": 4942039865, "v": 1557772958, "key": 0, "osmid": "503976787", "lanes": null, "ref": null, "name": null, "highway": "residential", "maxspeed": null, "oneway": false, "reversed": "True", "length": 99.709, "bridge": null }, "geometry": { "type": "LineString", "coordinates": [ [ 133.538951, 33.4981258 ], [ 133.5389122, 33.4983221 ], [ 133.5381813, 33.4981622 ], [ 133.5381035, 33.4981431 ] ] } },
{ "type": "Feature", "properties": { "u": 4942039867, "v": 1557772958, "key": 0, "osmid": "142326892", "lanes": null, "ref": null, "name": null, "highway": "unclassified", "maxspeed": null, "oneway": false, "reversed": "False", "length": 23.14, "bridge": null }, "geometry": { "type": "LineString", "coordinates": [ [ 133.538142099999988, 33.4979375 ], [ 133.5381035, 33.4981431 ] ] } },
{ "type": "Feature", "properties": { "u": 4942039867, "v": 1557772781, "key": 0, "osmid": "142326892", "lanes": null, "ref": null, "name": null, "highway": "unclassified", "maxspeed": null, "oneway": false, "reversed": "True", "length": 42.026, "bridge": null }, "geometry": { "type": "LineString", "coordinates": [ [ 133.538142099999988, 33.4979375 ], [ 133.5382122, 33.4975641 ] ] } },
{ "type": "Feature", "properties": { "u": 4942039867, "v": 4942039875, "key": 0, "osmid": "503976776", "lanes": null, "ref": null, "name": null, "highway": "service", "maxspeed": null, "oneway": false, "reversed": "True", "length": 27.666, "bridge": null }, "geometry": { "type": "LineString", "coordinates": [ [ 133.538142099999988, 33.4979375 ], [ 133.5378541, 33.4978725 ] ] } },
{ "type": "Feature", "properties": { "u": 4942039867, "v": 4942039865, "key": 0, "osmid": "503976776", "lanes": null, "ref": null, "name": null, "highway": "service", "maxspeed": null, "oneway": false, "reversed": "False", "length": 77.881, "bridge": null }, "geometry": { "type": "LineString", "coordinates": [ [ 133.538142099999988, 33.4979375 ], [ 133.538916300000011, 33.4981197 ], [ 133.538951, 33.4981258 ] ] } },
{ "type": "Feature", "properties": { "u": 4942039869, "v": 1557772877, "key": 0, "osmid": "142326892", "lanes": null, "ref": null, "name": null, "highway": "unclassified", "maxspeed": null, "oneway": false, "reversed": "False", "length": 10.41, "bridge": null }, "geometry": { "type": "LineString", "coordinates": [ [ 133.5373673, 33.4978031 ], [ 133.5373648, 33.4977095 ] ] } },
{ "type": "Feature", "properties": { "u": 4942039869, "v": 1557772957, "key": 0, "osmid": "142326892", "lanes": null, "ref": null, "name": null, "highway": "unclassified", "maxspeed": null, "oneway": false, "reversed": "True", "length": 63.595, "bridge": null }, "geometry": { "type": "LineString", "coordinates": [ [ 133.5373673, 33.4978031 ], [ 133.5373863, 33.4983748 ] ] } },
{ "type": "Feature", "properties": { "u": 4942039869, "v": 4942039875, "key": 0, "osmid": "503976776", "lanes": null, "ref": null, "name": null, "highway": "service", "maxspeed": null, "oneway": false, "reversed": "False", "length": 46.068, "bridge": null }, "geometry": { "type": "LineString", "coordinates": [ [ 133.5373673, 33.4978031 ], [ 133.537416900000011, 33.4977965 ], [ 133.5378541, 33.4978725 ] ] } },
{ "type": "Feature", "properties": { "u": 4942039870, "v": 1557772957, "key": 0, "osmid": "142326892", "lanes": null, "ref": null, "name": null, "highway": "unclassified", "maxspeed": null, "oneway": false, "reversed": "False", "length": 12.966, "bridge": null }, "geometry": { "type": "LineString", "coordinates": [ [ 133.5375228, 33.4984001 ], [ 133.5373863, 33.4983748 ] ] } },
{ "type": "Feature", "properties": { "u": 4942039870, "v": 4942039873, "key": 0, "osmid": "142326892", "lanes": null, "ref": null, "name": null, "highway": "unclassified", "maxspeed": null, "oneway": false, "reversed": "True", "length": 68.085, "bridge": null }, "geometry": { "type": "LineString", "coordinates": [ [ 133.5375228, 33.4984001 ], [ 133.5379987, 33.4984735 ], [ 133.538054, 33.4983609 ], [ 133.5380735, 33.4982754 ] ] } },
{ "type": "Feature", "properties": { "u": 4942039870, "v": 4942039874, "key": 0, "osmid": "503976778", "lanes": null, "ref": null, "name": null, "highway": "service", "maxspeed": null, "oneway": false, "reversed": "False", "length": 41.205, "bridge": null }, "geometry": { "type": "LineString", "coordinates": [ [ 133.5375228, 33.4984001 ], [ 133.53755910000001, 33.4982281 ], [ 133.5375899, 33.4982114 ], [ 133.5377857, 33.4982371 ] ] } },
{ "type": "Feature", "properties": { "u": 4942039873, "v": 1557772958, "key": 0, "osmid": "142326892", "lanes": null, "ref": null, "name": null, "highway": "unclassified", "maxspeed": null, "oneway": false, "reversed": "True", "length": 14.972, "bridge": null }, "geometry": { "type": "LineString", "coordinates": [ [ 133.5380735, 33.4982754 ], [ 133.5381035, 33.4981431 ] ] } },
{ "type": "Feature", "properties": { "u": 4942039873, "v": 4942039874, "key": 0, "osmid": "503976778", "lanes": null, "ref": null, "name": null, "highway": "service", "maxspeed": null, "oneway": false, "reversed": "True", "length": 27.024, "bridge": null }, "geometry": { "type": "LineString", "coordinates": [ [ 133.5380735, 33.4982754 ], [ 133.5377857, 33.4982371 ] ] } },
{ "type": "Feature", "properties": { "u": 4942039873, "v": 4942039870, "key": 0, "osmid": "142326892", "lanes": null, "ref": null, "name": null, "highway": "unclassified", "maxspeed": null, "oneway": false, "reversed": "False", "length": 68.085, "bridge": null }, "geometry": { "type": "LineString", "coordinates": [ [ 133.5380735, 33.4982754 ], [ 133.538054, 33.4983609 ], [ 133.5379987, 33.4984735 ], [ 133.5375228, 33.4984001 ] ] } },
{ "type": "Feature", "properties": { "u": 4942039874, "v": 4942039873, "key": 0, "osmid": "503976778", "lanes": null, "ref": null, "name": null, "highway": "service", "maxspeed": null, "oneway": false, "reversed": "False", "length": 27.024, "bridge": null }, "geometry": { "type": "LineString", "coordinates": [ [ 133.5377857, 33.4982371 ], [ 133.5380735, 33.4982754 ] ] } },
{ "type": "Feature", "properties": { "u": 4942039874, "v": 4942039875, "key": 0, "osmid": "503976780", "lanes": null, "ref": null, "name": null, "highway": "service", "maxspeed": null, "oneway": false, "reversed": "True", "length": 41.035, "bridge": null }, "geometry": { "type": "LineString", "coordinates": [ [ 133.5377857, 33.4982371 ], [ 133.5378541, 33.4978725 ] ] } },
{ "type": "Feature", "properties": { "u": 4942039874, "v": 4942039870, "key": 0, "osmid": "503976778", "lanes": null, "ref": null, "name": null, "highway": "service", "maxspeed": null, "oneway": false, "reversed": "True", "length": 41.205, "bridge": null }, "geometry": { "type": "LineString", "coordinates": [ [ 133.5377857, 33.4982371 ], [ 133.5375899, 33.4982114 ], [ 133.53755910000001, 33.4982281 ], [ 133.5375228, 33.4984001 ] ] } },
{ "type": "Feature", "properties": { "u": 4942039875, "v": 4942039867, "key": 0, "osmid": "503976776", "lanes": null, "ref": null, "name": null, "highway": "service", "maxspeed": null, "oneway": false, "reversed": "False", "length": 27.666, "bridge": null }, "geometry": { "type": "LineString", "coordinates": [ [ 133.5378541, 33.4978725 ], [ 133.538142099999988, 33.4979375 ] ] } },
{ "type": "Feature", "properties": { "u": 4942039875, "v": 4942039874, "key": 0, "osmid": "503976780", "lanes": null, "ref": null, "name": null, "highway": "service", "maxspeed": null, "oneway": false, "reversed": "False", "length": 41.035, "bridge": null }, "geometry": { "type": "LineString", "coordinates": [ [ 133.5378541, 33.4978725 ], [ 133.5377857, 33.4982371 ] ] } },
{ "type": "Feature", "properties": { "u": 4942039875, "v": 4942039876, "key": 0, "osmid": "503976780", "lanes": null, "ref": null, "name": null, "highway": "service", "maxspeed": null, "oneway": false, "reversed": "True", "length": 39.723, "bridge": null }, "geometry": { "type": "LineString", "coordinates": [ [ 133.5378541, 33.4978725 ], [ 133.537925800000011, 33.4975203 ] ] } },
{ "type": "Feature", "properties": { "u": 4942039875, "v": 4942039869, "key": 0, "osmid": "503976776", "lanes": null, "ref": null, "name": null, "highway": "service", "maxspeed": null, "oneway": false, "reversed": "True", "length": 46.068, "bridge": null }, "geometry": { "type": "LineString", "coordinates": [ [ 133.5378541, 33.4978725 ], [ 133.537416900000011, 33.4977965 ], [ 133.5373673, 33.4978031 ] ] } },
{ "type": "Feature", "properties": { "u": 4942039876, "v": 1557772781, "key": 0, "osmid": "142326211", "lanes": null, "ref": null, "name": null, "highway": "unclassified", "maxspeed": null, "oneway": false, "reversed": "False", "length": 27.0, "bridge": null }, "geometry": { "type": "LineString", "coordinates": [ [ 133.537925800000011, 33.4975203 ], [ 133.5382122, 33.4975641 ] ] } },
{ "type": "Feature", "properties": { "u": 4942039876, "v": 1557772742, "key": 0, "osmid": "142326211", "lanes": null, "ref": null, "name": null, "highway": "unclassified", "maxspeed": null, "oneway": false, "reversed": "True", "length": 52.313, "bridge": null }, "geometry": { "type": "LineString", "coordinates": [ [ 133.537925800000011, 33.4975203 ], [ 133.537370900000013, 33.4974354 ] ] } },
{ "type": "Feature", "properties": { "u": 4942039876, "v": 4942039875, "key": 0, "osmid": "503976780", "lanes": null, "ref": null, "name": null, "highway": "service", "maxspeed": null, "oneway": false, "reversed": "False", "length": 39.723, "bridge": null }, "geometry": { "type": "LineString", "coordinates": [ [ 133.537925800000011, 33.4975203 ], [ 133.5378541, 33.4978725 ] ] } },
{ "type": "Feature", "properties": { "u": 4942039876, "v": 4942039880, "key": 0, "osmid": "503976780", "lanes": null, "ref": null, "name": null, "highway": "service", "maxspeed": null, "oneway": false, "reversed": "True", "length": 135.124, "bridge": null }, "geometry": { "type": "LineString", "coordinates": [ [ 133.537925800000011, 33.4975203 ], [ 133.5379761, 33.4972966 ], [ 133.5379735, 33.4972485 ], [ 133.5378528, 33.4970528 ], [ 133.537359400000014, 33.4964627 ] ] } },
{ "type": "Feature", "properties": { "u": 4942039880, "v": 4942039884, "key": 0, "osmid": "503976784", "lanes": null, "ref": null, "name": null, "highway": "residential", "maxspeed": null, "oneway": false, "reversed": "False", "length": 38.027, "bridge": null }, "geometry": { "type": "LineString", "coordinates": [ [ 133.537359400000014, 33.4964627 ], [ 133.5377172, 33.4962956 ] ] } },
{ "type": "Feature", "properties": { "u": 4942039880, "v": 1557772595, "key": 0, "osmid": "503976784", "lanes": null, "ref": null, "name": null, "highway": "residential", "maxspeed": null, "oneway": false, "reversed": "True", "length": 38.286, "bridge": null }, "geometry": { "type": "LineString", "coordinates": [ [ 133.537359400000014, 33.4964627 ], [ 133.5369992, 33.496631 ] ] } },
{ "type": "Feature", "properties": { "u": 4942039880, "v": 4942039876, "key": 0, "osmid": "503976780", "lanes": null, "ref": null, "name": null, "highway": "service", "maxspeed": null, "oneway": false, "reversed": "False", "length": 135.124, "bridge": null }, "geometry": { "type": "LineString", "coordinates": [ [ 133.537359400000014, 33.4964627 ], [ 133.5378528, 33.4970528 ], [ 133.5379735, 33.4972485 ], [ 133.5379761, 33.4972966 ], [ 133.537925800000011, 33.4975203 ] ] } },
{ "type": "Feature", "properties": { "u": 4942039884, "v": 4942039880, "key": 0, "osmid": "503976784", "lanes": null, "ref": null, "name": null, "highway": "residential", "maxspeed": null, "oneway": false, "reversed": "True", "length": 38.027, "bridge": null }, "geometry": { "type": "LineString", "coordinates": [ [ 133.5377172, 33.4962956 ], [ 133.537359400000014, 33.4964627 ] ] } },
{ "type": "Feature", "properties": { "u": 4942039884, "v": 1557772781, "key": 0, "osmid": "142325119", "lanes": null, "ref": null, "name": null, "highway": "unclassified", "maxspeed": null, "oneway": false, "reversed": "False", "length": 158.232, "bridge": null }, "geometry": { "type": "LineString", "coordinates": [ [ 133.5377172, 33.4962956 ], [ 133.537887500000011, 33.4964386 ], [ 133.537989399999987, 33.4965719 ], [ 133.5383084, 33.4970885 ], [ 133.5382932, 33.4971635 ], [ 133.5382122, 33.4975641 ] ] } },
{ "type": "Feature", "properties": { "u": 4942039884, "v": 1557772304, "key": 0, "osmid": [ 503976781, 503976782, 142325119 ], "lanes": null, "ref": null, "name": null, "highway": "unclassified", "maxspeed": null, "oneway": false, "reversed": "True", "length": 67.768, "bridge": "yes" }, "geometry": { "type": "LineString", "coordinates": [ [ 133.5377172, 33.4962956 ], [ 133.537596799999989, 33.4961643 ], [ 133.5375741, 33.4960898 ], [ 133.537593500000014, 33.4960044 ], [ 133.537590099999989, 33.4959482 ], [ 133.537464199999988, 33.4957502 ] ] } },
{ "type": "Feature", "properties": { "u": 4942039888, "v": 1557772518, "key": 0, "osmid": "129809746", "lanes": null, "ref": null, "name": null, "highway": "unclassified", "maxspeed": null, "oneway": false, "reversed": "True", "length": 110.602, "bridge": null }, "geometry": { "type": "LineString", "coordinates": [ [ 133.535667499999988, 33.4974506 ], [ 133.5364597, 33.496707 ] ] } },
{ "type": "Feature", "properties": { "u": 4942039888, "v": 5487437651, "key": 0, "osmid": "129809916", "lanes": "2", "ref": null, "name": null, "highway": "tertiary", "maxspeed": null, "oneway": false, "reversed": "False", "length": 110.519, "bridge": null }, "geometry": { "type": "LineString", "coordinates": [ [ 133.535667499999988, 33.4974506 ], [ 133.5348563, 33.4981788 ] ] } },
{ "type": "Feature", "properties": { "u": 4942039888, "v": 1557772713, "key": 0, "osmid": "129853961", "lanes": "2", "ref": null, "name": null, "highway": "tertiary", "maxspeed": null, "oneway": false, "reversed": "False", "length": 100.867, "bridge": null }, "geometry": { "type": "LineString", "coordinates": [ [ 133.535667499999988, 33.4974506 ], [ 133.535554499999989, 33.4974199 ], [ 133.5346075, 33.4972489 ] ] } },
{ "type": "Feature", "properties": { "u": 4942039888, "v": 5487437628, "key": 0, "osmid": "503976786", "lanes": null, "ref": null, "name": null, "highway": "unclassified", "maxspeed": null, "oneway": false, "reversed": "True", "length": 154.648, "bridge": null }, "geometry": { "type": "LineString", "coordinates": [ [ 133.535667499999988, 33.4974506 ], [ 133.537296199999986, 33.4977115 ], [ 133.5373055, 33.4977112 ] ] } },
{ "type": "Feature", "properties": { "u": 4942039895, "v": 4942039861, "key": 0, "osmid": "142327704", "lanes": null, "ref": null, "name": null, "highway": "unclassified", "maxspeed": null, "oneway": false, "reversed": "False", "length": 46.454, "bridge": null }, "geometry": { "type": "LineString", "coordinates": [ [ 133.539071799999988, 33.4989875 ], [ 133.53955160000001, 33.4991077 ] ] } },
{ "type": "Feature", "properties": { "u": 4942039895, "v": 4942039864, "key": 0, "osmid": "503976783", "lanes": null, "ref": null, "name": null, "highway": "unclassified", "maxspeed": null, "oneway": false, "reversed": "False", "length": 60.892, "bridge": null }, "geometry": { "type": "LineString", "coordinates": [ [ 133.539071799999988, 33.4989875 ], [ 133.5392328, 33.4984566 ] ] } },
{ "type": "Feature", "properties": { "u": 4942039895, "v": 1431985063, "key": 0, "osmid": "503976783", "lanes": null, "ref": null, "name": null, "highway": "unclassified", "maxspeed": null, "oneway": false, "reversed": "True", "length": 12.606, "bridge": null }, "geometry": { "type": "LineString", "coordinates": [ [ 133.539071799999988, 33.4989875 ], [ 133.5390414, 33.499098 ] ] } },
{ "type": "Feature", "properties": { "u": 5483863136, "v": 1557771241, "key": 0, "osmid": "142327223", "lanes": null, "ref": null, "name": null, "highway": "pedestrian", "maxspeed": null, "oneway": false, "reversed": "True", "length": 24.627, "bridge": null }, "geometry": { "type": "LineString", "coordinates": [ [ 133.5473892, 33.4914423 ], [ 133.547475, 33.4912327 ] ] } },
{ "type": "Feature", "properties": { "u": 5483863136, "v": 5483863137, "key": 0, "osmid": [ 570403547, 570403548 ], "lanes": null, "ref": null, "name": null, "highway": [ "steps", "pedestrian" ], "maxspeed": null, "oneway": false, "reversed": "False", "length": 24.558, "bridge": null }, "geometry": { "type": "LineString", "coordinates": [ [ 133.5473892, 33.4914423 ], [ 133.5473127, 33.4915543 ], [ 133.5472517, 33.4916309 ] ] } },
{ "type": "Feature", "properties": { "u": 5483863136, "v": 5483863137, "key": 1, "osmid": "570403549", "lanes": null, "ref": null, "name": null, "highway": "pedestrian", "maxspeed": null, "oneway": false, "reversed": "True", "length": 33.262, "bridge": null }, "geometry": { "type": "LineString", "coordinates": [ [ 133.5473892, 33.4914423 ], [ 133.5472905, 33.4914401 ], [ 133.5472119, 33.4915352 ], [ 133.5472517, 33.4916309 ] ] } },
{ "type": "Feature", "properties": { "u": 5483863137, "v": 5483863136, "key": 0, "osmid": [ 570403547, 570403548 ], "lanes": null, "ref": null, "name": null, "highway": [ "steps", "pedestrian" ], "maxspeed": null, "oneway": false, "reversed": "True", "length": 24.558, "bridge": null }, "geometry": { "type": "LineString", "coordinates": [ [ 133.5472517, 33.4916309 ], [ 133.5473127, 33.4915543 ], [ 133.5473892, 33.4914423 ] ] } },
{ "type": "Feature", "properties": { "u": 5483863137, "v": 5483863136, "key": 1, "osmid": "570403549", "lanes": null, "ref": null, "name": null, "highway": "pedestrian", "maxspeed": null, "oneway": false, "reversed": "False", "length": 33.262, "bridge": null }, "geometry": { "type": "LineString", "coordinates": [ [ 133.5472517, 33.4916309 ], [ 133.5472119, 33.4915352 ], [ 133.5472905, 33.4914401 ], [ 133.5473892, 33.4914423 ] ] } },
{ "type": "Feature", "properties": { "u": 5483895494, "v": 5483895495, "key": 0, "osmid": "570406487", "lanes": null, "ref": null, "name": null, "highway": "track", "maxspeed": null, "oneway": false, "reversed": "False", "length": 87.542, "bridge": null }, "geometry": { "type": "LineString", "coordinates": [ [ 133.5347884, 33.4941585 ], [ 133.533848, 33.4940893 ] ] } },
{ "type": "Feature", "properties": { "u": 5483895494, "v": 1557771929, "key": 0, "osmid": "142325881", "lanes": null, "ref": null, "name": null, "highway": "unclassified", "maxspeed": null, "oneway": false, "reversed": "False", "length": 56.051, "bridge": null }, "geometry": { "type": "LineString", "coordinates": [ [ 133.5347884, 33.4941585 ], [ 133.5346556, 33.4945778 ], [ 133.5346883, 33.4946427 ] ] } },
{ "type": "Feature", "properties": { "u": 5483895494, "v": 1557771687, "key": 0, "osmid": "142325881", "lanes": null, "ref": null, "name": null, "highway": "unclassified", "maxspeed": null, "oneway": false, "reversed": "True", "length": 75.319, "bridge": null }, "geometry": { "type": "LineString", "coordinates": [ [ 133.5347884, 33.4941585 ], [ 133.5348401, 33.4939951 ], [ 133.5348937, 33.4934887 ] ] } },
{ "type": "Feature", "properties": { "u": 5483895495, "v": 5483895494, "key": 0, "osmid": "570406487", "lanes": null, "ref": null, "name": null, "highway": "track", "maxspeed": null, "oneway": false, "reversed": "True", "length": 87.542, "bridge": null }, "geometry": { "type": "LineString", "coordinates": [ [ 133.533848, 33.4940893 ], [ 133.5347884, 33.4941585 ] ] } },
{ "type": "Feature", "properties": { "u": 5483895542, "v": 5483895543, "key": 0, "osmid": "570406495", "lanes": null, "ref": null, "name": null, "highway": "unclassified", "maxspeed": null, "oneway": false, "reversed": "False", "length": 45.06, "bridge": null }, "geometry": { "type": "LineString", "coordinates": [ [ 133.5373462, 33.4987679 ], [ 133.5373265, 33.498363 ] ] } },
{ "type": "Feature", "properties": { "u": 5483895542, "v": 5506896743, "key": 0, "osmid": "672251091", "lanes": null, "ref": null, "name": null, "highway": "unclassified", "maxspeed": null, "oneway": false, "reversed": "False", "length": 248.493, "bridge": null }, "geometry": { "type": "LineString", "coordinates": [ [ 133.5373462, 33.4987679 ], [ 133.5362618, 33.4985991 ], [ 133.53519270000001, 33.4983914 ], [ 133.5347223, 33.498316 ] ] } },
{ "type": "Feature", "properties": { "u": 5483895542, "v": 1431985063, "key": 0, "osmid": "672251091", "lanes": null, "ref": null, "name": null, "highway": "unclassified", "maxspeed": null, "oneway": false, "reversed": "True", "length": 161.552, "bridge": null }, "geometry": { "type": "LineString", "coordinates": [ [ 133.5373462, 33.4987679 ], [ 133.538039700000013, 33.4988741 ], [ 133.5387639, 33.4990302 ], [ 133.5390414, 33.499098 ] ] } },
{ "type": "Feature", "properties": { "u": 5483895543, "v": 1557772957, "key": 0, "osmid": "570406495", "lanes": null, "ref": null, "name": null, "highway": "unclassified", "maxspeed": null, "oneway": false, "reversed": "False", "length": 5.698, "bridge": null }, "geometry": { "type": "LineString", "coordinates": [ [ 133.5373265, 33.498363 ], [ 133.5373863, 33.4983748 ] ] } },
{ "type": "Feature", "properties": { "u": 5483895543, "v": 5483895542, "key": 0, "osmid": "570406495", "lanes": null, "ref": null, "name": null, "highway": "unclassified", "maxspeed": null, "oneway": false, "reversed": "True", "length": 45.06, "bridge": null }, "geometry": { "type": "LineString", "coordinates": [ [ 133.5373265, 33.498363 ], [ 133.5373462, 33.4987679 ] ] } },
{ "type": "Feature", "properties": { "u": 5483895543, "v": 5487437628, "key": 0, "osmid": "570795619", "lanes": null, "ref": null, "name": null, "highway": "track", "maxspeed": null, "oneway": false, "reversed": "False", "length": 72.514, "bridge": null }, "geometry": { "type": "LineString", "coordinates": [ [ 133.5373265, 33.498363 ], [ 133.537324500000011, 33.4981598 ], [ 133.5373124, 33.4977985 ], [ 133.5373055, 33.4977112 ] ] } },
{ "type": "Feature", "properties": { "u": 5487437628, "v": 1557772877, "key": 0, "osmid": "503976786", "lanes": null, "ref": null, "name": null, "highway": "unclassified", "maxspeed": null, "oneway": false, "reversed": "True", "length": 5.502, "bridge": null }, "geometry": { "type": "LineString", "coordinates": [ [ 133.5373055, 33.4977112 ], [ 133.5373648, 33.4977095 ] ] } },
{ "type": "Feature", "properties": { "u": 5487437628, "v": 4942039888, "key": 0, "osmid": "503976786", "lanes": null, "ref": null, "name": null, "highway": "unclassified", "maxspeed": null, "oneway": false, "reversed": "False", "length": 154.648, "bridge": null }, "geometry": { "type": "LineString", "coordinates": [ [ 133.5373055, 33.4977112 ], [ 133.537296199999986, 33.4977115 ], [ 133.535667499999988, 33.4974506 ] ] } },
{ "type": "Feature", "properties": { "u": 5487437628, "v": 5483895543, "key": 0, "osmid": "570795619", "lanes": null, "ref": null, "name": null, "highway": "track", "maxspeed": null, "oneway": false, "reversed": "True", "length": 72.514, "bridge": null }, "geometry": { "type": "LineString", "coordinates": [ [ 133.5373055, 33.4977112 ], [ 133.5373124, 33.4977985 ], [ 133.537324500000011, 33.4981598 ], [ 133.5373265, 33.498363 ] ] } },
{ "type": "Feature", "properties": { "u": 5487437651, "v": 5506896743, "key": 0, "osmid": "129809916", "lanes": "2", "ref": null, "name": null, "highway": "tertiary", "maxspeed": null, "oneway": false, "reversed": "False", "length": 19.676, "bridge": null }, "geometry": { "type": "LineString", "coordinates": [ [ 133.5348563, 33.4981788 ], [ 133.5347223, 33.498316 ] ] } },
{ "type": "Feature", "properties": { "u": 5487437651, "v": 4942039888, "key": 0, "osmid": "129809916", "lanes": "2", "ref": null, "name": null, "highway": "tertiary", "maxspeed": null, "oneway": false, "reversed": "True", "length": 110.519, "bridge": null }, "geometry": { "type": "LineString", "coordinates": [ [ 133.5348563, 33.4981788 ], [ 133.535667499999988, 33.4974506 ] ] } },
{ "type": "Feature", "properties": { "u": 5487437651, "v": 5506896774, "key": 0, "osmid": "570795624", "lanes": null, "ref": null, "name": null, "highway": "path", "maxspeed": null, "oneway": false, "reversed": "False", "length": 6.044, "bridge": null }, "geometry": { "type": "LineString", "coordinates": [ [ 133.5348563, 33.4981788 ], [ 133.5347916, 33.4981722 ] ] } },
{ "type": "Feature", "properties": { "u": 5487437654, "v": 1557772772, "key": 0, "osmid": "142325667", "lanes": null, "ref": null, "name": null, "highway": "unclassified", "maxspeed": null, "oneway": false, "reversed": "False", "length": 51.833, "bridge": null }, "geometry": { "type": "LineString", "coordinates": [ [ 133.5332034, 33.4979512 ], [ 133.5333216, 33.4974956 ] ] } },
{ "type": "Feature", "properties": { "u": 5487437654, "v": 1557772901, "key": 0, "osmid": "142325667", "lanes": null, "ref": null, "name": null, "highway": "unclassified", "maxspeed": null, "oneway": false, "reversed": "True", "length": 9.903, "bridge": null }, "geometry": { "type": "LineString", "coordinates": [ [ 133.5332034, 33.4979512 ], [ 133.533178, 33.4980377 ] ] } },
{ "type": "Feature", "properties": { "u": 5487437654, "v": 5487437655, "key": 0, "osmid": "570795624", "lanes": null, "ref": null, "name": null, "highway": "path", "maxspeed": null, "oneway": false, "reversed": "False", "length": 94.688, "bridge": null }, "geometry": { "type": "LineString", "coordinates": [ [ 133.5332034, 33.4979512 ], [ 133.5322186, 33.497726 ] ] } },
{ "type": "Feature", "properties": { "u": 5487437654, "v": 5506896774, "key": 0, "osmid": "570795624", "lanes": null, "ref": null, "name": null, "highway": "path", "maxspeed": null, "oneway": false, "reversed": "True", "length": 150.86, "bridge": null }, "geometry": { "type": "LineString", "coordinates": [ [ 133.5332034, 33.4979512 ], [ 133.5345743, 33.4981949 ], [ 133.5346843, 33.4981613 ], [ 133.5347916, 33.4981722 ] ] } },
{ "type": "Feature", "properties": { "u": 5487437655, "v": 1557772852, "key": 0, "osmid": "142326237", "lanes": null, "ref": null, "name": null, "highway": "unclassified", "maxspeed": null, "oneway": false, "reversed": "True", "length": 6.8, "bridge": null }, "geometry": { "type": "LineString", "coordinates": [ [ 133.5322186, 33.497726 ], [ 133.5322038, 33.4977859 ] ] } },
{ "type": "Feature", "properties": { "u": 5487437655, "v": 5487437654, "key": 0, "osmid": "570795624", "lanes": null, "ref": null, "name": null, "highway": "path", "maxspeed": null, "oneway": false, "reversed": "True", "length": 94.688, "bridge": null }, "geometry": { "type": "LineString", "coordinates": [ [ 133.5322186, 33.497726 ], [ 133.5332034, 33.4979512 ] ] } },
{ "type": "Feature", "properties": { "u": 5487437655, "v": 1557772651, "key": 0, "osmid": "142326237", "lanes": null, "ref": null, "name": null, "highway": "unclassified", "maxspeed": null, "oneway": false, "reversed": "False", "length": 180.742, "bridge": null }, "geometry": { "type": "LineString", "coordinates": [ [ 133.5322186, 33.497726 ], [ 133.5323908, 33.4970297 ], [ 133.532609400000013, 33.4969116 ], [ 133.5334268, 33.4970585 ] ] } },
{ "type": "Feature", "properties": { "u": 5487437655, "v": 5487437657, "key": 0, "osmid": "570795624", "lanes": null, "ref": null, "name": null, "highway": "path", "maxspeed": null, "oneway": false, "reversed": "False", "length": 92.462, "bridge": null }, "geometry": { "type": "LineString", "coordinates": [ [ 133.5322186, 33.497726 ], [ 133.5314066, 33.497535 ], [ 133.5312735, 33.4975987 ] ] } },
{ "type": "Feature", "properties": { "u": 5487437657, "v": 1557772792, "key": 0, "osmid": "142325496", "lanes": null, "ref": null, "name": null, "highway": "unclassified", "maxspeed": null, "oneway": false, "reversed": "False", "length": 14.771, "bridge": null }, "geometry": { "type": "LineString", "coordinates": [ [ 133.5312735, 33.4975987 ], [ 133.531119600000011, 33.4975644 ] ] } },
{ "type": "Feature", "properties": { "u": 5487437657, "v": 1557772852, "key": 0, "osmid": [ 142325496, 142325575 ], "lanes": null, "ref": null, "name": null, "highway": "unclassified", "maxspeed": null, "oneway": false, "reversed": "True", "length": 89.187, "bridge": null }, "geometry": { "type": "LineString", "coordinates": [ [ 133.5312735, 33.4975987 ], [ 133.5319871, 33.4977579 ], [ 133.5320686, 33.4977517 ], [ 133.5322038, 33.4977859 ] ] } },
{ "type": "Feature", "properties": { "u": 5487437657, "v": 5487437655, "key": 0, "osmid": "570795624", "lanes": null, "ref": null, "name": null, "highway": "path", "maxspeed": null, "oneway": false, "reversed": "True", "length": 92.462, "bridge": null }, "geometry": { "type": "LineString", "coordinates": [ [ 133.5312735, 33.4975987 ], [ 133.5314066, 33.497535 ], [ 133.5322186, 33.497726 ] ] } },
{ "type": "Feature", "properties": { "u": 5487611873, "v": 1557772713, "key": 0, "osmid": "142326100", "lanes": null, "ref": null, "name": null, "highway": "unclassified", "maxspeed": null, "oneway": false, "reversed": "False", "length": 14.796, "bridge": null }, "geometry": { "type": "LineString", "coordinates": [ [ 133.534574, 33.497379 ], [ 133.5346075, 33.4972489 ] ] } },
{ "type": "Feature", "properties": { "u": 5487611873, "v": 1557772772, "key": 0, "osmid": "142326100", "lanes": null, "ref": null, "name": null, "highway": "unclassified", "maxspeed": null, "oneway": false, "reversed": "True", "length": 147.139, "bridge": null }, "geometry": { "type": "LineString", "coordinates": [ [ 133.534574, 33.497379 ], [ 133.534491800000012, 33.4976983 ], [ 133.5333216, 33.4974956 ] ] } },
{ "type": "Feature", "properties": { "u": 5487611873, "v": 5506896774, "key": 0, "osmid": "573339040", "lanes": null, "ref": null, "name": null, "highway": "footway", "maxspeed": null, "oneway": false, "reversed": "False", "length": 205.134, "bridge": null }, "geometry": { "type": "LineString", "coordinates": [ [ 133.534574, 33.497379 ], [ 133.5346332, 33.4973876 ], [ 133.5347735, 33.4973029 ], [ 133.5355317, 33.4974436 ], [ 133.535572300000013, 33.4975063 ], [ 133.5347916, 33.4981722 ] ] } },
{ "type": "Feature", "properties": { "u": 5487611873, "v": 5487611874, "key": 0, "osmid": "720085072", "lanes": null, "ref": null, "name": null, "highway": "footway", "maxspeed": null, "oneway": false, "reversed": "True", "length": 103.933, "bridge": null }, "geometry": { "type": "LineString", "coordinates": [ [ 133.534574, 33.497379 ], [ 133.5345142, 33.4973676 ], [ 133.5344838, 33.4973092 ], [ 133.5344522, 33.4972747 ], [ 133.5343446, 33.4972367 ], [ 133.5342573, 33.4971885 ], [ 133.5341709, 33.497132 ], [ 133.534108800000013, 33.4970347 ], [ 133.5340752, 33.4969373 ], [ 133.5340962, 33.4967932 ], [ 133.5340577, 33.4967087 ], [ 133.5340718, 33.496657 ] ] } },
{ "type": "Feature", "properties": { "u": 5487611874, "v": 1557772509, "key": 0, "osmid": "142325964", "lanes": null, "ref": null, "name": null, "highway": "unclassified", "maxspeed": null, "oneway": false, "reversed": "False", "length": 11.069, "bridge": null }, "geometry": { "type": "LineString", "coordinates": [ [ 133.5340718, 33.496657 ], [ 133.534189199999986, 33.496675 ] ] } },
{ "type": "Feature", "properties": { "u": 5487611874, "v": 1557772651, "key": 0, "osmid": "142325964", "lanes": null, "ref": null, "name": null, "highway": "unclassified", "maxspeed": null, "oneway": false, "reversed": "True", "length": 104.2, "bridge": null }, "geometry": { "type": "LineString", "coordinates": [ [ 133.5340718, 33.496657 ], [ 133.533552, 33.4965739 ], [ 133.5334268, 33.4970585 ] ] } },
{ "type": "Feature", "properties": { "u": 5487611874, "v": 5487611873, "key": 0, "osmid": "720085072", "lanes": null, "ref": null, "name": null, "highway": "footway", "maxspeed": null, "oneway": false, "reversed": "False", "length": 103.933, "bridge": null }, "geometry": { "type": "LineString", "coordinates": [ [ 133.5340718, 33.496657 ], [ 133.5340577, 33.4967087 ], [ 133.5340962, 33.4967932 ], [ 133.5340752, 33.4969373 ], [ 133.534108800000013, 33.4970347 ], [ 133.5341709, 33.497132 ], [ 133.5342573, 33.4971885 ], [ 133.5343446, 33.4972367 ], [ 133.5344522, 33.4972747 ], [ 133.5344838, 33.4973092 ], [ 133.5345142, 33.4973676 ], [ 133.534574, 33.497379 ] ] } },
{ "type": "Feature", "properties": { "u": 5487611874, "v": 5487611875, "key": 0, "osmid": "720085072", "lanes": null, "ref": null, "name": null, "highway": "footway", "maxspeed": null, "oneway": false, "reversed": "True", "length": 218.034, "bridge": null }, "geometry": { "type": "LineString", "coordinates": [ [ 133.5340718, 33.496657 ], [ 133.5340831, 33.4966033 ], [ 133.534145200000012, 33.4965615 ], [ 133.5343134, 33.4958819 ], [ 133.534399799999989, 33.4955373 ], [ 133.5343694, 33.4954146 ], [ 133.5342573, 33.495325 ], [ 133.5340238, 33.4952413 ], [ 133.533708600000011, 33.4951965 ], [ 133.5336527, 33.4952349 ] ] } },
{ "type": "Feature", "properties": { "u": 5487611875, "v": 1431984860, "key": 0, "osmid": "570811425", "lanes": null, "ref": null, "name": null, "highway": "footway", "maxspeed": null, "oneway": false, "reversed": "False", "length": 12.69, "bridge": null }, "geometry": { "type": "LineString", "coordinates": [ [ 133.5336527, 33.4952349 ], [ 133.5336701, 33.4951217 ] ] } },
{ "type": "Feature", "properties": { "u": 5487611875, "v": 5487611874, "key": 0, "osmid": "720085072", "lanes": null, "ref": null, "name": null, "highway": "footway", "maxspeed": null, "oneway": false, "reversed": "False", "length": 218.034, "bridge": null }, "geometry": { "type": "LineString", "coordinates": [ [ 133.5336527, 33.4952349 ], [ 133.533708600000011, 33.4951965 ], [ 133.5340238, 33.4952413 ], [ 133.5342573, 33.495325 ], [ 133.5343694, 33.4954146 ], [ 133.534399799999989, 33.4955373 ], [ 133.5343134, 33.4958819 ], [ 133.534145200000012, 33.4965615 ], [ 133.5340831, 33.4966033 ], [ 133.5340718, 33.496657 ] ] } },
{ "type": "Feature", "properties": { "u": 5487611876, "v": 1431984860, "key": 0, "osmid": "570811425", "lanes": null, "ref": null, "name": null, "highway": "footway", "maxspeed": null, "oneway": false, "reversed": "True", "length": 9.958, "bridge": null }, "geometry": { "type": "LineString", "coordinates": [ [ 133.5336831, 33.4950328 ], [ 133.5336701, 33.4951217 ] ] } },
{ "type": "Feature", "properties": { "u": 5487611876, "v": 5487611882, "key": 0, "osmid": "570811426", "lanes": null, "ref": null, "name": null, "highway": "footway", "maxspeed": null, "oneway": false, "reversed": "False", "length": 114.885, "bridge": null }, "geometry": { "type": "LineString", "coordinates": [ [ 133.5336831, 33.4950328 ], [ 133.5337585, 33.4950869 ], [ 133.5341671, 33.4951496 ], [ 133.5343724, 33.4952326 ], [ 133.534472, 33.4953276 ], [ 133.5345757, 33.4953581 ], [ 133.5348074, 33.4953886 ] ] } },
{ "type": "Feature", "properties": { "u": 5487611876, "v": 5487611891, "key": 0, "osmid": "570811427", "lanes": null, "ref": null, "name": null, "highway": "footway", "maxspeed": null, "oneway": false, "reversed": "False", "length": 401.358, "bridge": null }, "geometry": { "type": "LineString", "coordinates": [ [ 133.5336831, 33.4950328 ], [ 133.5336546, 33.4949949 ], [ 133.533697600000011, 33.4946003 ], [ 133.5337728, 33.4939341 ], [ 133.5338683, 33.4934798 ], [ 133.5340635, 33.4928763 ], [ 133.5343033, 33.4923678 ], [ 133.5346286, 33.4918762 ], [ 133.5347607, 33.4916863 ], [ 133.5348185, 33.4916155 ] ] } },
{ "type": "Feature", "properties": { "u": 5487611882, "v": 5487611876, "key": 0, "osmid": "570811426", "lanes": null, "ref": null, "name": null, "highway": "footway", "maxspeed": null, "oneway": false, "reversed": "True", "length": 114.885, "bridge": null }, "geometry": { "type": "LineString", "coordinates": [ [ 133.5348074, 33.4953886 ], [ 133.5345757, 33.4953581 ], [ 133.534472, 33.4953276 ], [ 133.5343724, 33.4952326 ], [ 133.5341671, 33.4951496 ], [ 133.5337585, 33.4950869 ], [ 133.5336831, 33.4950328 ] ] } },
{ "type": "Feature", "properties": { "u": 5487611891, "v": 1557771280, "key": 0, "osmid": "142325841", "lanes": null, "ref": null, "name": null, "highway": "unclassified", "maxspeed": null, "oneway": false, "reversed": "False", "length": 8.333, "bridge": null }, "geometry": { "type": "LineString", "coordinates": [ [ 133.5348185, 33.4916155 ], [ 133.534745500000014, 33.4915718 ] ] } },
{ "type": "Feature", "properties": { "u": 5487611891, "v": 4934700913, "key": 0, "osmid": "142325841", "lanes": null, "ref": null, "name": null, "highway": "unclassified", "maxspeed": null, "oneway": false, "reversed": "True", "length": 0.993, "bridge": null }, "geometry": { "type": "LineString", "coordinates": [ [ 133.5348185, 33.4916155 ], [ 133.5348272, 33.4916207 ] ] } },
{ "type": "Feature", "properties": { "u": 5487611891, "v": 5487611876, "key": 0, "osmid": "570811427", "lanes": null, "ref": null, "name": null, "highway": "footway", "maxspeed": null, "oneway": false, "reversed": "True", "length": 401.358, "bridge": null }, "geometry": { "type": "LineString", "coordinates": [ [ 133.5348185, 33.4916155 ], [ 133.5347607, 33.4916863 ], [ 133.5346286, 33.4918762 ], [ 133.5343033, 33.4923678 ], [ 133.5340635, 33.4928763 ], [ 133.5338683, 33.4934798 ], [ 133.5337728, 33.4939341 ], [ 133.533697600000011, 33.4946003 ], [ 133.5336546, 33.4949949 ], [ 133.5336831, 33.4950328 ] ] } },
{ "type": "Feature", "properties": { "u": 5487611900, "v": 5487611903, "key": 0, "osmid": "570811429", "lanes": null, "ref": null, "name": null, "highway": "footway", "maxspeed": null, "oneway": false, "reversed": "False", "length": 4.9, "bridge": null }, "geometry": { "type": "LineString", "coordinates": [ [ 133.5382377, 33.4869177 ], [ 133.538278600000012, 33.4869456 ] ] } },
{ "type": "Feature", "properties": { "u": 5487611901, "v": 5487611903, "key": 0, "osmid": "570811429", "lanes": null, "ref": null, "name": null, "highway": "footway", "maxspeed": null, "oneway": false, "reversed": "True", "length": 10.796, "bridge": null }, "geometry": { "type": "LineString", "coordinates": [ [ 133.5383654, 33.4870103 ], [ 133.538278600000012, 33.4869456 ] ] } },
{ "type": "Feature", "properties": { "u": 5487611901, "v": 1431444630, "key": 0, "osmid": [ 570811428, 570811430 ], "lanes": null, "ref": null, "name": null, "highway": "footway", "maxspeed": null, "oneway": false, "reversed": "False", "length": 14.672, "bridge": null }, "geometry": { "type": "LineString", "coordinates": [ [ 133.5383654, 33.4870103 ], [ 133.5383746, 33.487004 ], [ 133.53846, 33.4870107 ], [ 133.5384909, 33.4869673 ] ] } },
{ "type": "Feature", "properties": { "u": 5487611901, "v": 10159298104, "key": 0, "osmid": "570811428", "lanes": null, "ref": null, "name": null, "highway": "footway", "maxspeed": null, "oneway": false, "reversed": "True", "length": 232.671, "bridge": null }, "geometry": { "type": "LineString", "coordinates": [ [ 133.5383654, 33.4870103 ], [ 133.5382852, 33.487065 ], [ 133.537903, 33.4876177 ], [ 133.5373827, 33.4883161 ], [ 133.537022, 33.4887715 ] ] } },
{ "type": "Feature", "properties": { "u": 5487611903, "v": 1431444628, "key": 0, "osmid": "61789382", "lanes": "2", "ref": "14", "name": "春野赤岡線", "highway": "primary", "maxspeed": "50", "oneway": false, "reversed": "False", "length": 20.246, "bridge": null }, "geometry": { "type": "LineString", "coordinates": [ [ 133.538278600000012, 33.4869456 ], [ 133.538369100000011, 33.4867799 ] ] } },
{ "type": "Feature", "properties": { "u": 5487611903, "v": 5487611901, "key": 0, "osmid": "570811429", "lanes": null, "ref": null, "name": null, "highway": "footway", "maxspeed": null, "oneway": false, "reversed": "False", "length": 10.796, "bridge": null }, "geometry": { "type": "LineString", "coordinates": [ [ 133.538278600000012, 33.4869456 ], [ 133.5383654, 33.4870103 ] ] } },
{ "type": "Feature", "properties": { "u": 5487611903, "v": 5487611900, "key": 0, "osmid": "570811429", "lanes": null, "ref": null, "name": null, "highway": "footway", "maxspeed": null, "oneway": false, "reversed": "True", "length": 4.9, "bridge": null }, "geometry": { "type": "LineString", "coordinates": [ [ 133.538278600000012, 33.4869456 ], [ 133.5382377, 33.4869177 ] ] } },
{ "type": "Feature", "properties": { "u": 5487611903, "v": 1557771280, "key": 0, "osmid": "61789382", "lanes": "2", "ref": "14", "name": "春野赤岡線", "highway": "primary", "maxspeed": "50", "oneway": false, "reversed": "True", "length": 610.098, "bridge": null }, "geometry": { "type": "LineString", "coordinates": [ [ 133.538278600000012, 33.4869456 ], [ 133.5379701, 33.4874137 ], [ 133.5376043, 33.4879321 ], [ 133.5362548, 33.4896504 ], [ 133.534745500000014, 33.4915718 ] ] } },
{ "type": "Feature", "properties": { "u": 5487611911, "v": 10261018308, "key": 0, "osmid": "142326592", "lanes": null, "ref": null, "name": null, "highway": "unclassified", "maxspeed": null, "oneway": false, "reversed": "False", "length": 15.313, "bridge": null }, "geometry": { "type": "LineString", "coordinates": [ [ 133.539081900000014, 33.4858052 ], [ 133.5392345, 33.4858578 ] ] } },
{ "type": "Feature", "properties": { "u": 5487611911, "v": 769146737, "key": 0, "osmid": "142326592", "lanes": null, "ref": null, "name": null, "highway": "unclassified", "maxspeed": null, "oneway": false, "reversed": "True", "length": 8.438, "bridge": null }, "geometry": { "type": "LineString", "coordinates": [ [ 133.539081900000014, 33.4858052 ], [ 133.538992, 33.4857935 ] ] } },
{ "type": "Feature", "properties": { "u": 5487611911, "v": 5487611918, "key": 0, "osmid": "570811431", "lanes": null, "ref": null, "name": null, "highway": "footway", "maxspeed": null, "oneway": false, "reversed": "False", "length": 16.729, "bridge": null }, "geometry": { "type": "LineString", "coordinates": [ [ 133.539081900000014, 33.4858052 ], [ 133.539126900000014, 33.4857354 ], [ 133.5392031, 33.4857033 ] ] } },
{ "type": "Feature", "properties": { "u": 5487611911, "v": 1431444630, "key": 0, "osmid": [ 570811430, 570811431 ], "lanes": null, "ref": null, "name": null, "highway": "footway", "maxspeed": null, "oneway": false, "reversed": "True", "length": 143.397, "bridge": null }, "geometry": { "type": "LineString", "coordinates": [ [ 133.539081900000014, 33.4858052 ], [ 133.5390337, 33.4858797 ], [ 133.5388902, 33.4861202 ], [ 133.5388426, 33.4861924 ], [ 133.53871190000001, 33.4863629 ], [ 133.5385703, 33.4865989 ], [ 133.5385073, 33.486699 ], [ 133.5384946, 33.4867368 ], [ 133.538491599999986, 33.4867713 ], [ 133.5384872, 33.4868058 ], [ 133.538492600000012, 33.4868472 ], [ 133.538510699999989, 33.4869188 ], [ 133.5384909, 33.4869673 ] ] } },
{ "type": "Feature", "properties": { "u": 5487611916, "v": 10179267611, "key": 0, "osmid": "570811431", "lanes": null, "ref": null, "name": null, "highway": "footway", "maxspeed": null, "oneway": false, "reversed": "True", "length": 211.813, "bridge": null }, "geometry": { "type": "LineString", "coordinates": [ [ 133.5417343, 33.4864663 ], [ 133.5396274, 33.4857309 ] ] } },
{ "type": "Feature", "properties": { "u": 5487611916, "v": 10179267607, "key": 0, "osmid": "1112618642", "lanes": null, "ref": null, "name": null, "highway": "path", "maxspeed": null, "oneway": false, "reversed": "False", "length": 7.154, "bridge": null }, "geometry": { "type": "LineString", "coordinates": [ [ 133.5417343, 33.4864663 ], [ 133.541754, 33.4864041 ] ] } },
{ "type": "Feature", "properties": { "u": 5487611916, "v": 1557770489, "key": 0, "osmid": "1112618642", "lanes": null, "ref": null, "name": null, "highway": "path", "maxspeed": null, "oneway": false, "reversed": "True", "length": 36.146, "bridge": null }, "geometry": { "type": "LineString", "coordinates": [ [ 133.5417343, 33.4864663 ], [ 133.5416348, 33.4867806 ] ] } },
{ "type": "Feature", "properties": { "u": 5487611916, "v": 10179267615, "key": 0, "osmid": "1112618646", "lanes": null, "ref": null, "name": null, "highway": "footway", "maxspeed": null, "oneway": false, "reversed": "False", "length": 72.823, "bridge": null }, "geometry": { "type": "LineString", "coordinates": [ [ 133.5417343, 33.4864663 ], [ 133.5423309, 33.4866746 ], [ 133.542353100000014, 33.486736 ], [ 133.5424092, 33.4867572 ] ] } },
{ "type": "Feature", "properties": { "u": 5487611917, "v": 5487611919, "key": 0, "osmid": "570811432", "lanes": null, "ref": null, "name": null, "highway": "footway", "maxspeed": null, "oneway": false, "reversed": "False", "length": 11.569, "bridge": null }, "geometry": { "type": "LineString", "coordinates": [ [ 133.538965, 33.4856083 ], [ 133.5390806, 33.4856474 ] ] } },
{ "type": "Feature", "properties": { "u": 5487611917, "v": 5487611920, "key": 0, "osmid": "570811433", "lanes": null, "ref": null, "name": null, "highway": "footway", "maxspeed": null, "oneway": false, "reversed": "True", "length": 10.305, "bridge": null }, "geometry": { "type": "LineString", "coordinates": [ [ 133.538965, 33.4856083 ], [ 133.5389489, 33.4857 ] ] } },
{ "type": "Feature", "properties": { "u": 5487611917, "v": 1431444609, "key": 0, "osmid": "570811433", "lanes": null, "ref": null, "name": null, "highway": "footway", "maxspeed": null, "oneway": false, "reversed": "False", "length": 209.721, "bridge": null }, "geometry": { "type": "LineString", "coordinates": [ [ 133.538965, 33.4856083 ], [ 133.5389007, 33.4854987 ], [ 133.53867, 33.4853912 ], [ 133.537835699999988, 33.4850993 ], [ 133.5373012, 33.4849531 ], [ 133.5370285, 33.4848544 ], [ 133.536955799999987, 33.4848156 ] ] } },
{ "type": "Feature", "properties": { "u": 5487611918, "v": 5487611919, "key": 0, "osmid": "570811432", "lanes": null, "ref": null, "name": null, "highway": "footway", "maxspeed": null, "oneway": false, "reversed": "True", "length": 12.95, "bridge": null }, "geometry": { "type": "LineString", "coordinates": [ [ 133.5392031, 33.4857033 ], [ 133.5390806, 33.4856474 ] ] } },
{ "type": "Feature", "properties": { "u": 5487611918, "v": 10179267611, "key": 0, "osmid": "570811431", "lanes": null, "ref": null, "name": null, "highway": "footway", "maxspeed": null, "oneway": false, "reversed": "False", "length": 41.597, "bridge": null }, "geometry": { "type": "LineString", "coordinates": [ [ 133.5392031, 33.4857033 ], [ 133.5392382, 33.4856884 ], [ 133.5393133, 33.4856661 ], [ 133.53942330000001, 33.4856638 ], [ 133.5396274, 33.4857309 ] ] } },
{ "type": "Feature", "properties": { "u": 5487611918, "v": 5487611911, "key": 0, "osmid": "570811431", "lanes": null, "ref": null, "name": null, "highway": "footway", "maxspeed": null, "oneway": false, "reversed": "True", "length": 16.729, "bridge": null }, "geometry": { "type": "LineString", "coordinates": [ [ 133.5392031, 33.4857033 ], [ 133.539126900000014, 33.4857354 ], [ 133.539081900000014, 33.4858052 ] ] } },
{ "type": "Feature", "properties": { "u": 5487611919, "v": 411228988, "key": 0, "osmid": "61789382", "lanes": "2", "ref": "14", "name": "春野赤岡線", "highway": "primary", "maxspeed": "50", "oneway": false, "reversed": "False", "length": 17.788, "bridge": null }, "geometry": { "type": "LineString", "coordinates": [ [ 133.5390806, 33.4856474 ], [ 133.539159, 33.4855014 ] ] } },
{ "type": "Feature", "properties": { "u": 5487611919, "v": 769146737, "key": 0, "osmid": "61789382", "lanes": "2", "ref": "14", "name": "春野赤岡線", "highway": "primary", "maxspeed": "50", "oneway": false, "reversed": "True", "length": 18.205, "bridge": null }, "geometry": { "type": "LineString", "coordinates": [ [ 133.5390806, 33.4856474 ], [ 133.538992, 33.4857935 ] ] } },
{ "type": "Feature", "properties": { "u": 5487611919, "v": 5487611918, "key": 0, "osmid": "570811432", "lanes": null, "ref": null, "name": null, "highway": "footway", "maxspeed": null, "oneway": false, "reversed": "False", "length": 12.95, "bridge": null }, "geometry": { "type": "LineString", "coordinates": [ [ 133.5390806, 33.4856474 ], [ 133.5392031, 33.4857033 ] ] } },
{ "type": "Feature", "properties": { "u": 5487611919, "v": 5487611917, "key": 0, "osmid": "570811432", "lanes": null, "ref": null, "name": null, "highway": "footway", "maxspeed": null, "oneway": false, "reversed": "True", "length": 11.569, "bridge": null }, "geometry": { "type": "LineString", "coordinates": [ [ 133.5390806, 33.4856474 ], [ 133.538965, 33.4856083 ] ] } },
{ "type": "Feature", "properties": { "u": 5487611920, "v": 5487611917, "key": 0, "osmid": "570811433", "lanes": null, "ref": null, "name": null, "highway": "footway", "maxspeed": null, "oneway": false, "reversed": "False", "length": 10.305, "bridge": null }, "geometry": { "type": "LineString", "coordinates": [ [ 133.5389489, 33.4857 ], [ 133.538965, 33.4856083 ] ] } },
{ "type": "Feature", "properties": { "u": 5487612026, "v": 1431444609, "key": 0, "osmid": "570811435", "lanes": null, "ref": null, "name": null, "highway": "footway", "maxspeed": null, "oneway": false, "reversed": "True", "length": 48.703, "bridge": null }, "geometry": { "type": "LineString", "coordinates": [ [ 133.536495800000012, 33.4846043 ], [ 133.536955799999987, 33.4848156 ] ] } },
{ "type": "Feature", "properties": { "u": 5487612026, "v": 1557770226, "key": 0, "osmid": "1121889618", "lanes": null, "ref": null, "name": null, "highway": "unclassified", "maxspeed": null, "oneway": false, "reversed": "True", "length": 3.757, "bridge": null }, "geometry": { "type": "LineString", "coordinates": [ [ 133.536495800000012, 33.4846043 ], [ 133.5365237, 33.4845798 ] ] } },
{ "type": "Feature", "properties": { "u": 5506896743, "v": 5487437651, "key": 0, "osmid": "129809916", "lanes": "2", "ref": null, "name": null, "highway": "tertiary", "maxspeed": null, "oneway": false, "reversed": "True", "length": 19.676, "bridge": null }, "geometry": { "type": "LineString", "coordinates": [ [ 133.5347223, 33.498316 ], [ 133.5348563, 33.4981788 ] ] } },
{ "type": "Feature", "properties": { "u": 5506896743, "v": 5506896776, "key": 0, "osmid": "672251091", "lanes": null, "ref": null, "name": null, "highway": "unclassified", "maxspeed": null, "oneway": false, "reversed": "False", "length": 7.736, "bridge": null }, "geometry": { "type": "LineString", "coordinates": [ [ 133.5347223, 33.498316 ], [ 133.5346394, 33.4983082 ] ] } },
{ "type": "Feature", "properties": { "u": 5506896743, "v": 5483895542, "key": 0, "osmid": "672251091", "lanes": null, "ref": null, "name": null, "highway": "unclassified", "maxspeed": null, "oneway": false, "reversed": "True", "length": 248.493, "bridge": null }, "geometry": { "type": "LineString", "coordinates": [ [ 133.5347223, 33.498316 ], [ 133.53519270000001, 33.4983914 ], [ 133.5362618, 33.4985991 ], [ 133.5373462, 33.4987679 ] ] } },
{ "type": "Feature", "properties": { "u": 5506896769, "v": 1557772524, "key": 0, "osmid": "142325387", "lanes": null, "ref": null, "name": null, "highway": "unclassified", "maxspeed": null, "oneway": false, "reversed": "False", "length": 35.518, "bridge": null }, "geometry": { "type": "LineString", "coordinates": [ [ 133.5346452, 33.4970865 ], [ 133.534718, 33.4967729 ] ] } },
{ "type": "Feature", "properties": { "u": 5506896769, "v": 1557772713, "key": 0, "osmid": "142325387", "lanes": null, "ref": null, "name": null, "highway": "unclassified", "maxspeed": null, "oneway": false, "reversed": "True", "length": 18.393, "bridge": null }, "geometry": { "type": "LineString", "coordinates": [ [ 133.5346452, 33.4970865 ], [ 133.5346075, 33.4972489 ] ] } },
{ "type": "Feature", "properties": { "u": 5506896769, "v": 1557772194, "key": 0, "osmid": [ 573339038, 573339039 ], "lanes": null, "ref": null, "name": null, "highway": "footway", "maxspeed": null, "oneway": false, "reversed": [ false, true ], "length": 230.829, "bridge": null }, "geometry": { "type": "LineString", "coordinates": [ [ 133.5346452, 33.4970865 ], [ 133.534596599999986, 33.4970757 ], [ 133.534547800000013, 33.4971334 ], [ 133.5344421, 33.4971486 ], [ 133.5343588, 33.4971249 ], [ 133.5342531, 33.4970334 ], [ 133.534224599999988, 33.4969571 ], [ 133.5342185, 33.4968503 ], [ 133.5345255, 33.495523 ], [ 133.534588500000012, 33.4954586 ], [ 133.5346077, 33.4954094 ] ] } },
{ "type": "Feature", "properties": { "u": 5506896769, "v": 5506896785, "key": 0, "osmid": "573339042", "lanes": null, "ref": null, "name": null, "highway": "footway", "maxspeed": null, "oneway": false, "reversed": "False", "length": 212.891, "bridge": null }, "geometry": { "type": "LineString", "coordinates": [ [ 133.5346452, 33.4970865 ], [ 133.534696200000013, 33.4971012 ], [ 133.5347593, 33.4972198 ], [ 133.5356638, 33.4973978 ], [ 133.536436400000014, 33.4966796 ] ] } },
{ "type": "Feature", "properties": { "u": 5506896774, "v": 5487437651, "key": 0, "osmid": "570795624", "lanes": null, "ref": null, "name": null, "highway": "path", "maxspeed": null, "oneway": false, "reversed": "True", "length": 6.044, "bridge": null }, "geometry": { "type": "LineString", "coordinates": [ [ 133.5347916, 33.4981722 ], [ 133.5348563, 33.4981788 ] ] } },
{ "type": "Feature", "properties": { "u": 5506896774, "v": 5487437654, "key": 0, "osmid": "570795624", "lanes": null, "ref": null, "name": null, "highway": "path", "maxspeed": null, "oneway": false, "reversed": "False", "length": 150.86, "bridge": null }, "geometry": { "type": "LineString", "coordinates": [ [ 133.5347916, 33.4981722 ], [ 133.5346843, 33.4981613 ], [ 133.5345743, 33.4981949 ], [ 133.5332034, 33.4979512 ] ] } },
{ "type": "Feature", "properties": { "u": 5506896774, "v": 5506896776, "key": 0, "osmid": "573339040", "lanes": null, "ref": null, "name": null, "highway": "footway", "maxspeed": null, "oneway": false, "reversed": "False", "length": 20.685, "bridge": null }, "geometry": { "type": "LineString", "coordinates": [ [ 133.5347916, 33.4981722 ], [ 133.534688100000011, 33.498264 ], [ 133.5346394, 33.4983082 ] ] } },
{ "type": "Feature", "properties": { "u": 5506896774, "v": 5487611873, "key": 0, "osmid": "573339040", "lanes": null, "ref": null, "name": null, "highway": "footway", "maxspeed": null, "oneway": false, "reversed": "True", "length": 205.134, "bridge": null }, "geometry": { "type": "LineString", "coordinates": [ [ 133.5347916, 33.4981722 ], [ 133.535572300000013, 33.4975063 ], [ 133.5355317, 33.4974436 ], [ 133.5347735, 33.4973029 ], [ 133.5346332, 33.4973876 ], [ 133.534574, 33.497379 ] ] } },
{ "type": "Feature", "properties": { "u": 5506896776, "v": 5506896743, "key": 0, "osmid": "672251091", "lanes": null, "ref": null, "name": null, "highway": "unclassified", "maxspeed": null, "oneway": false, "reversed": "True", "length": 7.736, "bridge": null }, "geometry": { "type": "LineString", "coordinates": [ [ 133.5346394, 33.4983082 ], [ 133.5347223, 33.498316 ] ] } },
{ "type": "Feature", "properties": { "u": 5506896776, "v": 5506896774, "key": 0, "osmid": "573339040", "lanes": null, "ref": null, "name": null, "highway": "footway", "maxspeed": null, "oneway": false, "reversed": "True", "length": 20.685, "bridge": null }, "geometry": { "type": "LineString", "coordinates": [ [ 133.5346394, 33.4983082 ], [ 133.534688100000011, 33.498264 ], [ 133.5347916, 33.4981722 ] ] } },
{ "type": "Feature", "properties": { "u": 5506896776, "v": 1557772901, "key": 0, "osmid": "672251091", "lanes": null, "ref": null, "name": null, "highway": "unclassified", "maxspeed": null, "oneway": false, "reversed": "False", "length": 138.836, "bridge": null }, "geometry": { "type": "LineString", "coordinates": [ [ 133.5346394, 33.4983082 ], [ 133.5344617, 33.4982793 ], [ 133.533695, 33.4981454 ], [ 133.533178, 33.4980377 ] ] } },
{ "type": "Feature", "properties": { "u": 5506896785, "v": 1557772518, "key": 0, "osmid": "142326599", "lanes": null, "ref": null, "name": null, "highway": "unclassified", "maxspeed": null, "oneway": false, "reversed": "False", "length": 3.735, "bridge": null }, "geometry": { "type": "LineString", "coordinates": [ [ 133.536436400000014, 33.4966796 ], [ 133.5364597, 33.496707 ] ] } },
{ "type": "Feature", "properties": { "u": 5506896785, "v": 5506896789, "key": 0, "osmid": "142326599", "lanes": null, "ref": null, "name": null, "highway": "unclassified", "maxspeed": null, "oneway": false, "reversed": "True", "length": 84.652, "bridge": null }, "geometry": { "type": "LineString", "coordinates": [ [ 133.536436400000014, 33.4966796 ], [ 133.536053, 33.4961903 ], [ 133.5359374, 33.4960421 ] ] } },
{ "type": "Feature", "properties": { "u": 5506896785, "v": 5506896769, "key": 0, "osmid": "573339042", "lanes": null, "ref": null, "name": null, "highway": "footway", "maxspeed": null, "oneway": false, "reversed": "True", "length": 212.891, "bridge": null }, "geometry": { "type": "LineString", "coordinates": [ [ 133.536436400000014, 33.4966796 ], [ 133.5356638, 33.4973978 ], [ 133.5347593, 33.4972198 ], [ 133.534696200000013, 33.4971012 ], [ 133.5346452, 33.4970865 ] ] } },
{ "type": "Feature", "properties": { "u": 5506896786, "v": 1557772378, "key": 0, "osmid": "142326409", "lanes": null, "ref": null, "name": null, "highway": "unclassified", "maxspeed": null, "oneway": false, "reversed": "False", "length": 45.836, "bridge": null }, "geometry": { "type": "LineString", "coordinates": [ [ 133.5358596, 33.4962229 ], [ 133.53581650000001, 33.496155 ], [ 133.535423, 33.4960857 ] ] } },
{ "type": "Feature", "properties": { "u": 5506896786, "v": 1557772539, "key": 0, "osmid": "142326409", "lanes": null, "ref": null, "name": null, "highway": "unclassified", "maxspeed": null, "oneway": false, "reversed": "True", "length": 130.783, "bridge": null }, "geometry": { "type": "LineString", "coordinates": [ [ 133.5358596, 33.4962229 ], [ 133.5359, 33.4962864 ], [ 133.5357363, 33.4969464 ], [ 133.5352301, 33.4968629 ] ] } },
{ "type": "Feature", "properties": { "u": 5506896786, "v": 5506896789, "key": 0, "osmid": "573339043", "lanes": null, "ref": null, "name": null, "highway": "path", "maxspeed": null, "oneway": false, "reversed": "False", "length": 23.431, "bridge": null }, "geometry": { "type": "LineString", "coordinates": [ [ 133.5358596, 33.4962229 ], [ 133.535909800000013, 33.4961926 ], [ 133.5359152, 33.4960581 ], [ 133.5359374, 33.4960421 ] ] } },
{ "type": "Feature", "properties": { "u": 5506896789, "v": 5506896785, "key": 0, "osmid": "142326599", "lanes": null, "ref": null, "name": null, "highway": "unclassified", "maxspeed": null, "oneway": false, "reversed": "False", "length": 84.652, "bridge": null }, "geometry": { "type": "LineString", "coordinates": [ [ 133.5359374, 33.4960421 ], [ 133.536053, 33.4961903 ], [ 133.536436400000014, 33.4966796 ] ] } },
{ "type": "Feature", "properties": { "u": 5506896789, "v": 1557772118, "key": 0, "osmid": "142326599", "lanes": null, "ref": null, "name": null, "highway": "unclassified", "maxspeed": null, "oneway": false, "reversed": "True", "length": 130.44, "bridge": null }, "geometry": { "type": "LineString", "coordinates": [ [ 133.5359374, 33.4960421 ], [ 133.535898800000012, 33.4959925 ], [ 133.5357529, 33.4957268 ], [ 133.535710099999989, 33.4956358 ], [ 133.5357104, 33.4955293 ], [ 133.5357352, 33.4953003 ], [ 133.535728, 33.495228 ], [ 133.5356681, 33.495128 ], [ 133.5354944, 33.4949855 ] ] } },
{ "type": "Feature", "properties": { "u": 5506896789, "v": 5506896786, "key": 0, "osmid": "573339043", "lanes": null, "ref": null, "name": null, "highway": "path", "maxspeed": null, "oneway": false, "reversed": "True", "length": 23.431, "bridge": null }, "geometry": { "type": "LineString", "coordinates": [ [ 133.5359374, 33.4960421 ], [ 133.5359152, 33.4960581 ], [ 133.535909800000013, 33.4961926 ], [ 133.5358596, 33.4962229 ] ] } },
{ "type": "Feature", "properties": { "u": 5506896794, "v": 564465061, "key": 0, "osmid": "129899437", "lanes": "2", "ref": null, "name": null, "highway": "tertiary", "maxspeed": null, "oneway": false, "reversed": "False", "length": 55.72, "bridge": null }, "geometry": { "type": "LineString", "coordinates": [ [ 133.540763, 33.4899961 ], [ 133.5404038, 33.4903978 ] ] } },
{ "type": "Feature", "properties": { "u": 5506896794, "v": 564465059, "key": 0, "osmid": "129899437", "lanes": "2", "ref": null, "name": null, "highway": "tertiary", "maxspeed": null, "oneway": false, "reversed": "True", "length": 20.924, "bridge": null }, "geometry": { "type": "LineString", "coordinates": [ [ 133.540763, 33.4899961 ], [ 133.540879600000011, 33.489835 ] ] } },
{ "type": "Feature", "properties": { "u": 5506896794, "v": 4934700833, "key": 0, "osmid": "573339045", "lanes": null, "ref": null, "name": null, "highway": "residential", "maxspeed": null, "oneway": false, "reversed": "True", "length": 55.393, "bridge": null }, "geometry": { "type": "LineString", "coordinates": [ [ 133.540763, 33.4899961 ], [ 133.540878099999986, 33.4900181 ], [ 133.5413375, 33.4899043 ] ] } },
{ "type": "Feature", "properties": { "u": 6878716075, "v": 1557771113, "key": 0, "osmid": "129809889", "lanes": null, "ref": null, "name": null, "highway": "unclassified", "maxspeed": null, "oneway": false, "reversed": "False", "length": 44.457, "bridge": null }, "geometry": { "type": "LineString", "coordinates": [ [ 133.544378099999989, 33.4905325 ], [ 133.543924299999986, 33.4904036 ] ] } },
{ "type": "Feature", "properties": { "u": 6878716075, "v": 1431444756, "key": 0, "osmid": "129809889", "lanes": null, "ref": null, "name": null, "highway": "unclassified", "maxspeed": null, "oneway": false, "reversed": "True", "length": 35.847, "bridge": null }, "geometry": { "type": "LineString", "coordinates": [ [ 133.544378099999989, 33.4905325 ], [ 133.5447389, 33.4906482 ] ] } },
{ "type": "Feature", "properties": { "u": 6878716075, "v": 6878716076, "key": 0, "osmid": "734500729", "lanes": null, "ref": null, "name": null, "highway": "service", "maxspeed": null, "oneway": false, "reversed": "False", "length": 52.465, "bridge": null }, "geometry": { "type": "LineString", "coordinates": [ [ 133.544378099999989, 33.4905325 ], [ 133.5445923, 33.4900958 ] ] } },
{ "type": "Feature", "properties": { "u": 6878716076, "v": 1557771008, "key": 0, "osmid": "503134629", "lanes": null, "ref": null, "name": null, "highway": "residential", "maxspeed": null, "oneway": false, "reversed": "False", "length": 41.577, "bridge": null }, "geometry": { "type": "LineString", "coordinates": [ [ 133.5445923, 33.4900958 ], [ 133.5441731, 33.4899632 ] ] } },
{ "type": "Feature", "properties": { "u": 6878716076, "v": 6878716075, "key": 0, "osmid": "734500729", "lanes": null, "ref": null, "name": null, "highway": "service", "maxspeed": null, "oneway": false, "reversed": "True", "length": 52.465, "bridge": null }, "geometry": { "type": "LineString", "coordinates": [ [ 133.5445923, 33.4900958 ], [ 133.544378099999989, 33.4905325 ] ] } },
{ "type": "Feature", "properties": { "u": 6878716076, "v": 4934700991, "key": 0, "osmid": "503134629", "lanes": null, "ref": null, "name": null, "highway": "residential", "maxspeed": null, "oneway": false, "reversed": "True", "length": 112.613, "bridge": null }, "geometry": { "type": "LineString", "coordinates": [ [ 133.5445923, 33.4900958 ], [ 133.5454072, 33.4903535 ], [ 133.545545299999986, 33.4900918 ] ] } },
{ "type": "Feature", "properties": { "u": 6878716077, "v": 1431444730, "key": 0, "osmid": "44405096", "lanes": "2", "ref": null, "name": null, "highway": "unclassified", "maxspeed": null, "oneway": false, "reversed": "False", "length": 67.201, "bridge": null }, "geometry": { "type": "LineString", "coordinates": [ [ 133.5384204, 33.4891972 ], [ 133.5388135, 33.4897049 ] ] } },
{ "type": "Feature", "properties": { "u": 6878716077, "v": 10183455285, "key": 0, "osmid": "734500730", "lanes": null, "ref": null, "name": null, "highway": "unclassified", "maxspeed": null, "oneway": false, "reversed": "False", "length": 4.545, "bridge": null }, "geometry": { "type": "LineString", "coordinates": [ [ 133.5384204, 33.4891972 ], [ 133.538373299999989, 33.4892085 ] ] } },
{ "type": "Feature", "properties": { "u": 6878716077, "v": 10179942520, "key": 0, "osmid": "44405096", "lanes": "2", "ref": null, "name": null, "highway": "unclassified", "maxspeed": null, "oneway": false, "reversed": "True", "length": 28.251, "bridge": null }, "geometry": { "type": "LineString", "coordinates": [ [ 133.5384204, 33.4891972 ], [ 133.5382759, 33.4890016 ], [ 133.538263199999989, 33.4889797 ] ] } },
{ "type": "Feature", "properties": { "u": 6878716079, "v": 6878716080, "key": 0, "osmid": "734500731", "lanes": null, "ref": null, "name": null, "highway": "unclassified", "maxspeed": null, "oneway": false, "reversed": "False", "length": 56.324, "bridge": null }, "geometry": { "type": "LineString", "coordinates": [ [ 133.5381897, 33.4897661 ], [ 133.53793490000001, 33.4893063 ] ] } },
{ "type": "Feature", "properties": { "u": 6878716079, "v": 1557770941, "key": 0, "osmid": "734500735", "lanes": null, "ref": null, "name": null, "highway": "unclassified", "maxspeed": null, "oneway": false, "reversed": "False", "length": 24.425, "bridge": null }, "geometry": { "type": "LineString", "coordinates": [ [ 133.5381897, 33.4897661 ], [ 133.538438899999989, 33.489695 ] ] } },
{ "type": "Feature", "properties": { "u": 6878716079, "v": 1557770970, "key": 0, "osmid": [ 734500736, 142327651, 734500735 ], "lanes": null, "ref": null, "name": null, "highway": "unclassified", "maxspeed": null, "oneway": false, "reversed": "True", "length": 27.38, "bridge": "yes" }, "geometry": { "type": "LineString", "coordinates": [ [ 133.5381897, 33.4897661 ], [ 133.5379897, 33.4898231 ], [ 133.5379249, 33.4898415 ], [ 133.5379103, 33.4898457 ] ] } },
{ "type": "Feature", "properties": { "u": 6878716080, "v": 6878716081, "key": 0, "osmid": "734500730", "lanes": null, "ref": null, "name": null, "highway": "unclassified", "maxspeed": null, "oneway": false, "reversed": "True", "length": 24.086, "bridge": null }, "geometry": { "type": "LineString", "coordinates": [ [ 133.53793490000001, 33.4893063 ], [ 133.538186700000011, 33.4892532 ] ] } },
{ "type": "Feature", "properties": { "u": 6878716080, "v": 6878716079, "key": 0, "osmid": "734500731", "lanes": null, "ref": null, "name": null, "highway": "unclassified", "maxspeed": null, "oneway": false, "reversed": "True", "length": 56.324, "bridge": null }, "geometry": { "type": "LineString", "coordinates": [ [ 133.53793490000001, 33.4893063 ], [ 133.5381897, 33.4897661 ] ] } },
{ "type": "Feature", "properties": { "u": 6878716080, "v": 10179255781, "key": 0, "osmid": [ 1112599648, 734500730 ], "lanes": null, "ref": null, "name": null, "highway": "unclassified", "maxspeed": null, "oneway": false, "reversed": [ false, true ], "length": 29.465, "bridge": "yes" }, "geometry": { "type": "LineString", "coordinates": [ [ 133.53793490000001, 33.4893063 ], [ 133.5377279, 33.4893494 ], [ 133.537628399999988, 33.4893757 ] ] } },
{ "type": "Feature", "properties": { "u": 6878716081, "v": 6878716080, "key": 0, "osmid": "734500730", "lanes": null, "ref": null, "name": null, "highway": "unclassified", "maxspeed": null, "oneway": false, "reversed": "False", "length": 24.086, "bridge": null }, "geometry": { "type": "LineString", "coordinates": [ [ 133.538186700000011, 33.4892532 ], [ 133.53793490000001, 33.4893063 ] ] } },
{ "type": "Feature", "properties": { "u": 6878716081, "v": 10183455285, "key": 0, "osmid": "734500730", "lanes": null, "ref": null, "name": null, "highway": "unclassified", "maxspeed": null, "oneway": false, "reversed": "True", "length": 18.004, "bridge": null }, "geometry": { "type": "LineString", "coordinates": [ [ 133.538186700000011, 33.4892532 ], [ 133.538373299999989, 33.4892085 ] ] } },
{ "type": "Feature", "properties": { "u": 6878716081, "v": 1557770941, "key": 0, "osmid": "734500732", "lanes": null, "ref": null, "name": null, "highway": "unclassified", "maxspeed": null, "oneway": false, "reversed": "True", "length": 54.409, "bridge": null }, "geometry": { "type": "LineString", "coordinates": [ [ 133.538186700000011, 33.4892532 ], [ 133.538438899999989, 33.489695 ] ] } },
{ "type": "Feature", "properties": { "u": 6878716084, "v": 4934700889, "key": 0, "osmid": "503134608", "lanes": null, "ref": null, "name": null, "highway": "residential", "maxspeed": null, "oneway": false, "reversed": "True", "length": 38.536, "bridge": null }, "geometry": { "type": "LineString", "coordinates": [ [ 133.5383211, 33.4928679 ], [ 133.53872770000001, 33.4929395 ] ] } },
{ "type": "Feature", "properties": { "u": 6878716084, "v": 6878716085, "key": 0, "osmid": "734500734", "lanes": null, "ref": null, "name": null, "highway": "unclassified", "maxspeed": null, "oneway": false, "reversed": "False", "length": 36.721, "bridge": null }, "geometry": { "type": "LineString", "coordinates": [ [ 133.5383211, 33.4928679 ], [ 133.538412599999987, 33.4925466 ] ] } },
{ "type": "Feature", "properties": { "u": 6878716084, "v": 4934700891, "key": 0, "osmid": "503134608", "lanes": null, "ref": null, "name": null, "highway": "residential", "maxspeed": null, "oneway": false, "reversed": "False", "length": 73.709, "bridge": null }, "geometry": { "type": "LineString", "coordinates": [ [ 133.5383211, 33.4928679 ], [ 133.5378943, 33.4927863 ], [ 133.537634200000014, 33.4927939 ], [ 133.5375446, 33.4928243 ] ] } },
{ "type": "Feature", "properties": { "u": 6878716085, "v": 6878716084, "key": 0, "osmid": "734500734", "lanes": null, "ref": null, "name": null, "highway": "unclassified", "maxspeed": null, "oneway": false, "reversed": "True", "length": 36.721, "bridge": null }, "geometry": { "type": "LineString", "coordinates": [ [ 133.538412599999987, 33.4925466 ], [ 133.5383211, 33.4928679 ] ] } },
{ "type": "Feature", "properties": { "u": 6878716085, "v": 4934700888, "key": 0, "osmid": "734500737", "lanes": "2", "ref": null, "name": null, "highway": "unclassified", "maxspeed": null, "oneway": false, "reversed": "False", "length": 38.069, "bridge": null }, "geometry": { "type": "LineString", "coordinates": [ [ 133.538412599999987, 33.4925466 ], [ 133.5388131, 33.4926218 ] ] } },
{ "type": "Feature", "properties": { "u": 6878716085, "v": 1557771454, "key": 0, "osmid": "734500737", "lanes": "2", "ref": null, "name": null, "highway": "unclassified", "maxspeed": null, "oneway": false, "reversed": "True", "length": 75.515, "bridge": null }, "geometry": { "type": "LineString", "coordinates": [ [ 133.538412599999987, 33.4925466 ], [ 133.5381798, 33.4925029 ], [ 133.5376207, 33.4923884 ] ] } },
{ "type": "Feature", "properties": { "u": 10159298099, "v": 10179255780, "key": 0, "osmid": "503134627", "lanes": null, "ref": null, "name": null, "highway": "residential", "maxspeed": null, "oneway": false, "reversed": "False", "length": 41.614, "bridge": null }, "geometry": { "type": "LineString", "coordinates": [ [ 133.5373117, 33.4886838 ], [ 133.537324399999989, 33.4888268 ], [ 133.5373686, 33.4889431 ], [ 133.5374223, 33.4890315 ], [ 133.5374276, 33.4890402 ] ] } },
{ "type": "Feature", "properties": { "u": 10159298099, "v": 1431444659, "key": 0, "osmid": "503134627", "lanes": null, "ref": null, "name": null, "highway": "residential", "maxspeed": null, "oneway": false, "reversed": "True", "length": 95.147, "bridge": null }, "geometry": { "type": "LineString", "coordinates": [ [ 133.5373117, 33.4886838 ], [ 133.537302899999986, 33.4885841 ], [ 133.5382088, 33.4885673 ] ] } },
{ "type": "Feature", "properties": { "u": 10159298099, "v": 10159298104, "key": 0, "osmid": "1110511228", "lanes": null, "ref": null, "name": null, "highway": "path", "maxspeed": null, "oneway": false, "reversed": "False", "length": 51.319, "bridge": null }, "geometry": { "type": "LineString", "coordinates": [ [ 133.5373117, 33.4886838 ], [ 133.5372261, 33.4887418 ], [ 133.537127, 33.4888879 ], [ 133.537024300000013, 33.488854 ], [ 133.5370633, 33.4887935 ], [ 133.537022, 33.4887715 ] ] } },
{ "type": "Feature", "properties": { "u": 10159298104, "v": 5487611901, "key": 0, "osmid": "570811428", "lanes": null, "ref": null, "name": null, "highway": "footway", "maxspeed": null, "oneway": false, "reversed": "False", "length": 232.671, "bridge": null }, "geometry": { "type": "LineString", "coordinates": [ [ 133.537022, 33.4887715 ], [ 133.5373827, 33.4883161 ], [ 133.537903, 33.4876177 ], [ 133.5382852, 33.487065 ], [ 133.5383654, 33.4870103 ] ] } },
{ "type": "Feature", "properties": { "u": 10159298104, "v": 4934700913, "key": 0, "osmid": "570811428", "lanes": null, "ref": null, "name": null, "highway": "footway", "maxspeed": null, "oneway": false, "reversed": "True", "length": 376.847, "bridge": null }, "geometry": { "type": "LineString", "coordinates": [ [ 133.537022, 33.4887715 ], [ 133.5366549, 33.489235 ], [ 133.535923200000013, 33.4902386 ], [ 133.535435299999989, 33.4907811 ], [ 133.5348272, 33.4916207 ] ] } },
{ "type": "Feature", "properties": { "u": 10159298104, "v": 10159298099, "key": 0, "osmid": "1110511228", "lanes": null, "ref": null, "name": null, "highway": "path", "maxspeed": null, "oneway": false, "reversed": "True", "length": 51.319, "bridge": null }, "geometry": { "type": "LineString", "coordinates": [ [ 133.537022, 33.4887715 ], [ 133.5370633, 33.4887935 ], [ 133.537024300000013, 33.488854 ], [ 133.537127, 33.4888879 ], [ 133.5372261, 33.4887418 ], [ 133.5373117, 33.4886838 ] ] } },
{ "type": "Feature", "properties": { "u": 10159298105, "v": 10159298106, "key": 0, "osmid": "142325204", "lanes": null, "ref": null, "name": null, "highway": "unclassified", "maxspeed": null, "oneway": false, "reversed": "False", "length": 11.663, "bridge": null }, "geometry": { "type": "LineString", "coordinates": [ [ 133.5392187, 33.4883683 ], [ 133.539329900000013, 33.4884173 ] ] } },
{ "type": "Feature", "properties": { "u": 10159298105, "v": 1557770819, "key": 0, "osmid": "1110511229", "lanes": null, "ref": null, "name": null, "highway": "unclassified", "maxspeed": null, "oneway": false, "reversed": "True", "length": 74.924, "bridge": null }, "geometry": { "type": "LineString", "coordinates": [ [ 133.5392187, 33.4883683 ], [ 133.5390002, 33.489017 ] ] } },
{ "type": "Feature", "properties": { "u": 10159298105, "v": 10179942522, "key": 0, "osmid": "142325204", "lanes": null, "ref": null, "name": null, "highway": "unclassified", "maxspeed": null, "oneway": false, "reversed": "True", "length": 111.892, "bridge": null }, "geometry": { "type": "LineString", "coordinates": [ [ 133.5392187, 33.4883683 ], [ 133.53888520000001, 33.4882733 ], [ 133.5386346, 33.4889543 ] ] } },
{ "type": "Feature", "properties": { "u": 10159298106, "v": 4934701005, "key": 0, "osmid": "142325204", "lanes": null, "ref": null, "name": null, "highway": "unclassified", "maxspeed": null, "oneway": false, "reversed": "False", "length": 22.157, "bridge": null }, "geometry": { "type": "LineString", "coordinates": [ [ 133.539329900000013, 33.4884173 ], [ 133.5395412, 33.4885103 ] ] } },
{ "type": "Feature", "properties": { "u": 10159298106, "v": 10159298105, "key": 0, "osmid": "142325204", "lanes": null, "ref": null, "name": null, "highway": "unclassified", "maxspeed": null, "oneway": false, "reversed": "True", "length": 11.663, "bridge": null }, "geometry": { "type": "LineString", "coordinates": [ [ 133.539329900000013, 33.4884173 ], [ 133.5392187, 33.4883683 ] ] } },
{ "type": "Feature", "properties": { "u": 10159298106, "v": 10159298107, "key": 0, "osmid": "1110511230", "lanes": null, "ref": null, "name": null, "highway": "unclassified", "maxspeed": null, "oneway": false, "reversed": "False", "length": 73.023, "bridge": null }, "geometry": { "type": "LineString", "coordinates": [ [ 133.539329900000013, 33.4884173 ], [ 133.53963730000001, 33.4878127 ] ] } },
{ "type": "Feature", "properties": { "u": 10159298107, "v": 1431444635, "key": 0, "osmid": "129809889", "lanes": null, "ref": null, "name": null, "highway": "unclassified", "maxspeed": null, "oneway": false, "reversed": "False", "length": 109.233, "bridge": null }, "geometry": { "type": "LineString", "coordinates": [ [ 133.53963730000001, 33.4878127 ], [ 133.538739600000014, 33.4871767 ] ] } },
{ "type": "Feature", "properties": { "u": 10159298107, "v": 1431444644, "key": 0, "osmid": "129809889", "lanes": null, "ref": null, "name": null, "highway": "unclassified", "maxspeed": null, "oneway": false, "reversed": "True", "length": 25.107, "bridge": null }, "geometry": { "type": "LineString", "coordinates": [ [ 133.53963730000001, 33.4878127 ], [ 133.5398404, 33.487962 ] ] } },
{ "type": "Feature", "properties": { "u": 10159298107, "v": 10159298106, "key": 0, "osmid": "1110511230", "lanes": null, "ref": null, "name": null, "highway": "unclassified", "maxspeed": null, "oneway": false, "reversed": "True", "length": 73.023, "bridge": null }, "geometry": { "type": "LineString", "coordinates": [ [ 133.53963730000001, 33.4878127 ], [ 133.539329900000013, 33.4884173 ] ] } },
{ "type": "Feature", "properties": { "u": 10179255780, "v": 10179255781, "key": 0, "osmid": "503134627", "lanes": null, "ref": null, "name": null, "highway": "residential", "maxspeed": null, "oneway": false, "reversed": "False", "length": 41.695, "bridge": null }, "geometry": { "type": "LineString", "coordinates": [ [ 133.5374276, 33.4890402 ], [ 133.537628399999988, 33.4893757 ] ] } },
{ "type": "Feature", "properties": { "u": 10179255780, "v": 10159298099, "key": 0, "osmid": "503134627", "lanes": null, "ref": null, "name": null, "highway": "residential", "maxspeed": null, "oneway": false, "reversed": "True", "length": 41.614, "bridge": null }, "geometry": { "type": "LineString", "coordinates": [ [ 133.5374276, 33.4890402 ], [ 133.5374223, 33.4890315 ], [ 133.5373686, 33.4889431 ], [ 133.537324399999989, 33.4888268 ], [ 133.5373117, 33.4886838 ] ] } },
{ "type": "Feature", "properties": { "u": 10179255780, "v": 1431444676, "key": 0, "osmid": [ 734500733, 1112599647 ], "lanes": null, "ref": null, "name": null, "highway": "unclassified", "maxspeed": null, "oneway": false, "reversed": [ false, true ], "length": 74.075, "bridge": "yes" }, "geometry": { "type": "LineString", "coordinates": [ [ 133.5374276, 33.4890402 ], [ 133.5375283, 33.4890177 ], [ 133.5382003, 33.4888714 ] ] } },
{ "type": "Feature", "properties": { "u": 10179255781, "v": 10179255780, "key": 0, "osmid": "503134627", "lanes": null, "ref": null, "name": null, "highway": "residential", "maxspeed": null, "oneway": false, "reversed": "True", "length": 41.695, "bridge": null }, "geometry": { "type": "LineString", "coordinates": [ [ 133.537628399999988, 33.4893757 ], [ 133.5374276, 33.4890402 ] ] } },
{ "type": "Feature", "properties": { "u": 10179255781, "v": 1557770970, "key": 0, "osmid": "503134627", "lanes": null, "ref": null, "name": null, "highway": "residential", "maxspeed": null, "oneway": false, "reversed": "False", "length": 58.476, "bridge": null }, "geometry": { "type": "LineString", "coordinates": [ [ 133.537628399999988, 33.4893757 ], [ 133.5378326, 33.4896958 ], [ 133.5379103, 33.4898457 ] ] } },
{ "type": "Feature", "properties": { "u": 10179255781, "v": 6878716080, "key": 0, "osmid": [ 1112599648, 734500730 ], "lanes": null, "ref": null, "name": null, "highway": "unclassified", "maxspeed": null, "oneway": false, "reversed": [ false, true ], "length": 29.465, "bridge": "yes" }, "geometry": { "type": "LineString", "coordinates": [ [ 133.537628399999988, 33.4893757 ], [ 133.5377279, 33.4893494 ], [ 133.53793490000001, 33.4893063 ] ] } },
{ "type": "Feature", "properties": { "u": 10179262550, "v": 1557771122, "key": 0, "osmid": "142326445", "lanes": null, "ref": null, "name": null, "highway": "unclassified", "maxspeed": null, "oneway": false, "reversed": "True", "length": 61.951, "bridge": null }, "geometry": { "type": "LineString", "coordinates": [ [ 133.5432099, 33.490214 ], [ 133.5428761, 33.4906966 ] ] } },
{ "type": "Feature", "properties": { "u": 10179262550, "v": 1431444750, "key": 0, "osmid": "1112599661", "lanes": null, "ref": null, "name": null, "highway": "path", "maxspeed": null, "oneway": false, "reversed": "False", "length": 53.45, "bridge": null }, "geometry": { "type": "LineString", "coordinates": [ [ 133.5432099, 33.490214 ], [ 133.5437629, 33.4903495 ] ] } },
{ "type": "Feature", "properties": { "u": 10179262550, "v": 1557771046, "key": 0, "osmid": "142326445", "lanes": null, "ref": null, "name": null, "highway": "unclassified", "maxspeed": null, "oneway": false, "reversed": "False", "length": 19.172, "bridge": null }, "geometry": { "type": "LineString", "coordinates": [ [ 133.5432099, 33.490214 ], [ 133.543268, 33.490126 ], [ 133.543302399999988, 33.49006 ] ] } },
{ "type": "Feature", "properties": { "u": 10179267601, "v": 1557770783, "key": 0, "osmid": "142327272", "lanes": null, "ref": null, "name": null, "highway": "unclassified", "maxspeed": null, "oneway": false, "reversed": "False", "length": 25.349, "bridge": null }, "geometry": { "type": "LineString", "coordinates": [ [ 133.543419199999988, 33.4891022 ], [ 133.5436772, 33.4891775 ] ] } },
{ "type": "Feature", "properties": { "u": 10179267601, "v": 1557770837, "key": 0, "osmid": "142327272", "lanes": null, "ref": null, "name": null, "highway": "unclassified", "maxspeed": null, "oneway": false, "reversed": "True", "length": 2.474, "bridge": null }, "geometry": { "type": "LineString", "coordinates": [ [ 133.543419199999988, 33.4891022 ], [ 133.543394, 33.4890949 ] ] } },
{ "type": "Feature", "properties": { "u": 10179267601, "v": 10179267602, "key": 0, "osmid": "1112618638", "lanes": null, "ref": null, "name": null, "highway": "service", "maxspeed": null, "oneway": false, "reversed": "False", "length": 64.212, "bridge": null }, "geometry": { "type": "LineString", "coordinates": [ [ 133.543419199999988, 33.4891022 ], [ 133.543681600000014, 33.4885678 ] ] } },
{ "type": "Feature", "properties": { "u": 10179267602, "v": 4934701002, "key": 0, "osmid": "503134637", "lanes": null, "ref": null, "name": null, "highway": "residential", "maxspeed": null, "oneway": false, "reversed": "False", "length": 36.753, "bridge": null }, "geometry": { "type": "LineString", "coordinates": [ [ 133.543681600000014, 33.4885678 ], [ 133.5433191, 33.4884342 ] ] } },
{ "type": "Feature", "properties": { "u": 10179267602, "v": 1557770774, "key": 0, "osmid": "503134637", "lanes": null, "ref": null, "name": null, "highway": "residential", "maxspeed": null, "oneway": false, "reversed": "True", "length": 29.279, "bridge": null }, "geometry": { "type": "LineString", "coordinates": [ [ 133.543681600000014, 33.4885678 ], [ 133.5439704, 33.4886742 ] ] } },
{ "type": "Feature", "properties": { "u": 10179267602, "v": 10179267601, "key": 0, "osmid": "1112618638", "lanes": null, "ref": null, "name": null, "highway": "service", "maxspeed": null, "oneway": false, "reversed": "True", "length": 64.212, "bridge": null }, "geometry": { "type": "LineString", "coordinates": [ [ 133.543681600000014, 33.4885678 ], [ 133.543419199999988, 33.4891022 ] ] } },
{ "type": "Feature", "properties": { "u": 10179267603, "v": 4934701017, "key": 0, "osmid": "503134644", "lanes": null, "ref": null, "name": null, "highway": "residential", "maxspeed": null, "oneway": false, "reversed": "False", "length": 11.817, "bridge": null }, "geometry": { "type": "LineString", "coordinates": [ [ 133.543661899999989, 33.4875704 ], [ 133.543783100000013, 33.4876032 ] ] } },
{ "type": "Feature", "properties": { "u": 10179267603, "v": 4934701018, "key": 0, "osmid": "503134644", "lanes": null, "ref": null, "name": null, "highway": "residential", "maxspeed": null, "oneway": false, "reversed": "True", "length": 44.543, "bridge": null }, "geometry": { "type": "LineString", "coordinates": [ [ 133.543661899999989, 33.4875704 ], [ 133.5432051, 33.4874466 ] ] } },
{ "type": "Feature", "properties": { "u": 10179267603, "v": 10179267604, "key": 0, "osmid": "1112618639", "lanes": null, "ref": null, "name": null, "highway": "unclassified", "maxspeed": null, "oneway": false, "reversed": "False", "length": 18.586, "bridge": null }, "geometry": { "type": "LineString", "coordinates": [ [ 133.543661899999989, 33.4875704 ], [ 133.5437162, 33.4874095 ] ] } },
{ "type": "Feature", "properties": { "u": 10179267604, "v": 10179267603, "key": 0, "osmid": "1112618639", "lanes": null, "ref": null, "name": null, "highway": "unclassified", "maxspeed": null, "oneway": false, "reversed": "True", "length": 18.586, "bridge": null }, "geometry": { "type": "LineString", "coordinates": [ [ 133.5437162, 33.4874095 ], [ 133.543661899999989, 33.4875704 ] ] } },
{ "type": "Feature", "properties": { "u": 10179267604, "v": 10179631118, "key": 0, "osmid": "1112618640", "lanes": null, "ref": null, "name": null, "highway": "unclassified", "maxspeed": null, "oneway": false, "reversed": "False", "length": 26.422, "bridge": null }, "geometry": { "type": "LineString", "coordinates": [ [ 133.5437162, 33.4874095 ], [ 133.5437873, 33.4871794 ] ] } },
{ "type": "Feature", "properties": { "u": 10179267604, "v": 10179267606, "key": 0, "osmid": "142327449", "lanes": null, "ref": null, "name": null, "highway": "unclassified", "maxspeed": null, "oneway": false, "reversed": "False", "length": 44.269, "bridge": null }, "geometry": { "type": "LineString", "coordinates": [ [ 133.5437162, 33.4874095 ], [ 133.543624, 33.487383 ], [ 133.5432573, 33.4873004 ] ] } },
{ "type": "Feature", "properties": { "u": 10179267604, "v": 1557770626, "key": 0, "osmid": "142327449", "lanes": null, "ref": null, "name": null, "highway": "unclassified", "maxspeed": null, "oneway": false, "reversed": "True", "length": 81.399, "bridge": null }, "geometry": { "type": "LineString", "coordinates": [ [ 133.5437162, 33.4874095 ], [ 133.5440735, 33.4875121 ], [ 133.54433, 33.487608 ], [ 133.5445298, 33.4876823 ] ] } },
{ "type": "Feature", "properties": { "u": 10179267605, "v": 10179631118, "key": 0, "osmid": "1112618640", "lanes": null, "ref": null, "name": null, "highway": "unclassified", "maxspeed": null, "oneway": false, "reversed": "True", "length": 6.625, "bridge": null }, "geometry": { "type": "LineString", "coordinates": [ [ 133.543805099999986, 33.4871217 ], [ 133.5437873, 33.4871794 ] ] } },
{ "type": "Feature", "properties": { "u": 10179267605, "v": 262314447, "key": 0, "osmid": "35062133", "lanes": "2", "ref": "14", "name": "春野赤岡線", "highway": "primary", "maxspeed": "50", "oneway": false, "reversed": "False", "length": 504.781, "bridge": null }, "geometry": { "type": "LineString", "coordinates": [ [ 133.543805099999986, 33.4871217 ], [ 133.5438269, 33.4871294 ], [ 133.5469388, 33.488118 ], [ 133.548714499999988, 33.4886898 ], [ 133.548887900000011, 33.4887459 ] ] } },
{ "type": "Feature", "properties": { "u": 10179267605, "v": 564465045, "key": 0, "osmid": "35062133", "lanes": "2", "ref": "14", "name": "春野赤岡線", "highway": "primary", "maxspeed": "50", "oneway": false, "reversed": "True", "length": 136.907, "bridge": null }, "geometry": { "type": "LineString", "coordinates": [ [ 133.543805099999986, 33.4871217 ], [ 133.5425785, 33.4866875 ], [ 133.5424438, 33.4866456 ] ] } },
{ "type": "Feature", "properties": { "u": 10179267606, "v": 4934701018, "key": 0, "osmid": "1112618641", "lanes": null, "ref": null, "name": null, "highway": "unclassified", "maxspeed": null, "oneway": false, "reversed": "True", "length": 16.962, "bridge": null }, "geometry": { "type": "LineString", "coordinates": [ [ 133.5432573, 33.4873004 ], [ 133.5432051, 33.4874466 ] ] } },
{ "type": "Feature", "properties": { "u": 10179267606, "v": 1557770523, "key": 0, "osmid": "142327449", "lanes": null, "ref": null, "name": null, "highway": "unclassified", "maxspeed": null, "oneway": false, "reversed": "False", "length": 92.759, "bridge": null }, "geometry": { "type": "LineString", "coordinates": [ [ 133.5432573, 33.4873004 ], [ 133.5430374, 33.4872509 ], [ 133.542648500000013, 33.4871185 ], [ 133.542320100000012, 33.4870119 ] ] } },
{ "type": "Feature", "properties": { "u": 10179267606, "v": 10179267604, "key": 0, "osmid": "142327449", "lanes": null, "ref": null, "name": null, "highway": "unclassified", "maxspeed": null, "oneway": false, "reversed": "True", "length": 44.269, "bridge": null }, "geometry": { "type": "LineString", "coordinates": [ [ 133.5432573, 33.4873004 ], [ 133.543624, 33.487383 ], [ 133.5437162, 33.4874095 ] ] } },
{ "type": "Feature", "properties": { "u": 10179267607, "v": 10179267612, "key": 0, "osmid": "35062133", "lanes": "2", "ref": "14", "name": "春野赤岡線", "highway": "primary", "maxspeed": "50", "oneway": false, "reversed": "True", "length": 209.917, "bridge": null }, "geometry": { "type": "LineString", "coordinates": [ [ 133.541754, 33.4864041 ], [ 133.5396651, 33.485677 ] ] } },
{ "type": "Feature", "properties": { "u": 10179267607, "v": 5487611916, "key": 0, "osmid": "1112618642", "lanes": null, "ref": null, "name": null, "highway": "path", "maxspeed": null, "oneway": false, "reversed": "True", "length": 7.154, "bridge": null }, "geometry": { "type": "LineString", "coordinates": [ [ 133.541754, 33.4864041 ], [ 133.5417343, 33.4864663 ] ] } },
{ "type": "Feature", "properties": { "u": 10179267607, "v": 564465045, "key": 0, "osmid": "35062133", "lanes": "2", "ref": "14", "name": "春野赤岡線", "highway": "primary", "maxspeed": "50", "oneway": false, "reversed": "False", "length": 69.38, "bridge": null }, "geometry": { "type": "LineString", "coordinates": [ [ 133.541754, 33.4864041 ], [ 133.5423319, 33.4866053 ], [ 133.5424438, 33.4866456 ] ] } },
{ "type": "Feature", "properties": { "u": 10179267608, "v": 10179267609, "key": 0, "osmid": "1112618643", "lanes": null, "ref": null, "name": null, "highway": "unclassified", "maxspeed": null, "oneway": false, "reversed": "False", "length": 58.874, "bridge": null }, "geometry": { "type": "LineString", "coordinates": [ [ 133.5404814, 33.4869382 ], [ 133.5407385, 33.4864541 ] ] } },
{ "type": "Feature", "properties": { "u": 10179267608, "v": 1557770535, "key": 0, "osmid": "142326331", "lanes": null, "ref": null, "name": null, "highway": "unclassified", "maxspeed": null, "oneway": false, "reversed": "False", "length": 40.672, "bridge": null }, "geometry": { "type": "LineString", "coordinates": [ [ 133.5404814, 33.4869382 ], [ 133.540631499999989, 33.4869925 ], [ 133.540876, 33.4870974 ] ] } },
{ "type": "Feature", "properties": { "u": 10179267608, "v": 4933375081, "key": 0, "osmid": "142326331", "lanes": null, "ref": null, "name": null, "highway": "unclassified", "maxspeed": null, "oneway": false, "reversed": "True", "length": 88.618, "bridge": null }, "geometry": { "type": "LineString", "coordinates": [ [ 133.5404814, 33.4869382 ], [ 133.5402171, 33.4868426 ], [ 133.5404844, 33.4863325 ] ] } },
{ "type": "Feature", "properties": { "u": 10179267609, "v": 4933375081, "key": 0, "osmid": "142326592", "lanes": null, "ref": null, "name": null, "highway": "unclassified", "maxspeed": null, "oneway": false, "reversed": "True", "length": 27.169, "bridge": null }, "geometry": { "type": "LineString", "coordinates": [ [ 133.5407385, 33.4864541 ], [ 133.5404844, 33.4863325 ] ] } },
{ "type": "Feature", "properties": { "u": 10179267609, "v": 10179267608, "key": 0, "osmid": "1112618643", "lanes": null, "ref": null, "name": null, "highway": "unclassified", "maxspeed": null, "oneway": false, "reversed": "True", "length": 58.874, "bridge": null }, "geometry": { "type": "LineString", "coordinates": [ [ 133.5407385, 33.4864541 ], [ 133.5404814, 33.4869382 ] ] } },
{ "type": "Feature", "properties": { "u": 10179267609, "v": 1557770479, "key": 0, "osmid": "142326592", "lanes": null, "ref": null, "name": null, "highway": "unclassified", "maxspeed": null, "oneway": false, "reversed": "False", "length": 37.88, "bridge": null }, "geometry": { "type": "LineString", "coordinates": [ [ 133.5407385, 33.4864541 ], [ 133.540766499999989, 33.4864675 ], [ 133.5410967, 33.4866178 ] ] } },
{ "type": "Feature", "properties": { "u": 10179267611, "v": 5487611916, "key": 0, "osmid": "570811431", "lanes": null, "ref": null, "name": null, "highway": "footway", "maxspeed": null, "oneway": false, "reversed": "False", "length": 211.813, "bridge": null }, "geometry": { "type": "LineString", "coordinates": [ [ 133.5396274, 33.4857309 ], [ 133.5417343, 33.4864663 ] ] } },
{ "type": "Feature", "properties": { "u": 10179267611, "v": 1557770403, "key": 0, "osmid": "1112618644", "lanes": null, "ref": null, "name": null, "highway": "unclassified", "maxspeed": null, "oneway": false, "reversed": "True", "length": 26.627, "bridge": null }, "geometry": { "type": "LineString", "coordinates": [ [ 133.5396274, 33.4857309 ], [ 133.5394923, 33.4859422 ] ] } },
{ "type": "Feature", "properties": { "u": 10179267611, "v": 10179267612, "key": 0, "osmid": "1112618645", "lanes": null, "ref": null, "name": null, "highway": "unclassified", "maxspeed": null, "oneway": false, "reversed": "False", "length": 6.939, "bridge": null }, "geometry": { "type": "LineString", "coordinates": [ [ 133.5396274, 33.4857309 ], [ 133.5396651, 33.485677 ] ] } },
{ "type": "Feature", "properties": { "u": 10179267611, "v": 5487611918, "key": 0, "osmid": "570811431", "lanes": null, "ref": null, "name": null, "highway": "footway", "maxspeed": null, "oneway": false, "reversed": "True", "length": 41.597, "bridge": null }, "geometry": { "type": "LineString", "coordinates": [ [ 133.5396274, 33.4857309 ], [ 133.53942330000001, 33.4856638 ], [ 133.5393133, 33.4856661 ], [ 133.5392382, 33.4856884 ], [ 133.5392031, 33.4857033 ] ] } },
{ "type": "Feature", "properties": { "u": 10179267612, "v": 10179267607, "key": 0, "osmid": "35062133", "lanes": "2", "ref": "14", "name": "春野赤岡線", "highway": "primary", "maxspeed": "50", "oneway": false, "reversed": "False", "length": 209.917, "bridge": null }, "geometry": { "type": "LineString", "coordinates": [ [ 133.5396651, 33.485677 ], [ 133.541754, 33.4864041 ] ] } },
{ "type": "Feature", "properties": { "u": 10179267612, "v": 10179267611, "key": 0, "osmid": "1112618645", "lanes": null, "ref": null, "name": null, "highway": "unclassified", "maxspeed": null, "oneway": false, "reversed": "True", "length": 6.939, "bridge": null }, "geometry": { "type": "LineString", "coordinates": [ [ 133.5396651, 33.485677 ], [ 133.5396274, 33.4857309 ] ] } },
{ "type": "Feature", "properties": { "u": 10179267612, "v": 411228988, "key": 0, "osmid": "35062133", "lanes": "2", "ref": "14", "name": "春野赤岡線", "highway": "primary", "maxspeed": "50", "oneway": false, "reversed": "True", "length": 50.835, "bridge": null }, "geometry": { "type": "LineString", "coordinates": [ [ 133.5396651, 33.485677 ], [ 133.539322700000014, 33.4855578 ], [ 133.539159, 33.4855014 ] ] } },
{ "type": "Feature", "properties": { "u": 10179267615, "v": 564465045, "key": 0, "osmid": "44407520", "lanes": "2", "ref": null, "name": null, "highway": "tertiary", "maxspeed": null, "oneway": false, "reversed": "True", "length": 12.818, "bridge": null }, "geometry": { "type": "LineString", "coordinates": [ [ 133.5424092, 33.4867572 ], [ 133.5424438, 33.4866456 ] ] } },
{ "type": "Feature", "properties": { "u": 10179267615, "v": 1557770523, "key": 0, "osmid": "44407520", "lanes": "2", "ref": null, "name": null, "highway": "tertiary", "maxspeed": null, "oneway": false, "reversed": "False", "length": 29.504, "bridge": null }, "geometry": { "type": "LineString", "coordinates": [ [ 133.5424092, 33.4867572 ], [ 133.54239960000001, 33.4867882 ], [ 133.542320100000012, 33.4870119 ] ] } },
{ "type": "Feature", "properties": { "u": 10179267615, "v": 10179631118, "key": 0, "osmid": "1112618646", "lanes": null, "ref": null, "name": null, "highway": "footway", "maxspeed": null, "oneway": false, "reversed": "False", "length": 138.707, "bridge": null }, "geometry": { "type": "LineString", "coordinates": [ [ 133.5424092, 33.4867572 ], [ 133.542444100000012, 33.4867642 ], [ 133.542507199999989, 33.486734 ], [ 133.5437873, 33.4871794 ] ] } },
{ "type": "Feature", "properties": { "u": 10179267615, "v": 5487611916, "key": 0, "osmid": "1112618646", "lanes": null, "ref": null, "name": null, "highway": "footway", "maxspeed": null, "oneway": false, "reversed": "True", "length": 72.823, "bridge": null }, "geometry": { "type": "LineString", "coordinates": [ [ 133.5424092, 33.4867572 ], [ 133.542353100000014, 33.486736 ], [ 133.5423309, 33.4866746 ], [ 133.5417343, 33.4864663 ] ] } },
{ "type": "Feature", "properties": { "u": 10179548526, "v": 10179548527, "key": 0, "osmid": "1112618172", "lanes": null, "ref": null, "name": null, "highway": "service", "maxspeed": null, "oneway": false, "reversed": "False", "length": 55.832, "bridge": null }, "geometry": { "type": "LineString", "coordinates": [ [ 133.5459813, 33.4925659 ], [ 133.545504599999987, 33.4922592 ] ] } },
{ "type": "Feature", "properties": { "u": 10179548526, "v": 1431445005, "key": 0, "osmid": "129809752", "lanes": null, "ref": null, "name": null, "highway": "residential", "maxspeed": null, "oneway": false, "reversed": "False", "length": 55.233, "bridge": null }, "geometry": { "type": "LineString", "coordinates": [ [ 133.5459813, 33.4925659 ], [ 133.5458257, 33.4927251 ], [ 133.5455776, 33.4929302 ] ] } },
{ "type": "Feature", "properties": { "u": 10179548526, "v": 10179548536, "key": 0, "osmid": "129809752", "lanes": null, "ref": null, "name": null, "highway": "residential", "maxspeed": null, "oneway": false, "reversed": "True", "length": 25.941, "bridge": null }, "geometry": { "type": "LineString", "coordinates": [ [ 133.5459813, 33.4925659 ], [ 133.5460047, 33.492542 ], [ 133.546154800000011, 33.4923829 ] ] } },
{ "type": "Feature", "properties": { "u": 10179548527, "v": 10179548526, "key": 0, "osmid": "1112618172", "lanes": null, "ref": null, "name": null, "highway": "service", "maxspeed": null, "oneway": false, "reversed": "True", "length": 55.832, "bridge": null }, "geometry": { "type": "LineString", "coordinates": [ [ 133.545504599999987, 33.4922592 ], [ 133.5459813, 33.4925659 ] ] } },
{ "type": "Feature", "properties": { "u": 10179548527, "v": 10179548535, "key": 0, "osmid": "1112618172", "lanes": null, "ref": null, "name": null, "highway": "service", "maxspeed": null, "oneway": false, "reversed": "True", "length": 27.499, "bridge": null }, "geometry": { "type": "LineString", "coordinates": [ [ 133.545504599999987, 33.4922592 ], [ 133.5456921, 33.4920676 ] ] } },
{ "type": "Feature", "properties": { "u": 10179548527, "v": 10179548531, "key": 0, "osmid": "1112618172", "lanes": null, "ref": null, "name": null, "highway": "service", "maxspeed": null, "oneway": false, "reversed": "False", "length": 198.441, "bridge": null }, "geometry": { "type": "LineString", "coordinates": [ [ 133.545504599999987, 33.4922592 ], [ 133.54537590000001, 33.4924046 ], [ 133.544938699999989, 33.492154 ], [ 133.545531399999987, 33.4915859 ], [ 133.545909599999987, 33.4918454 ] ] } },
{ "type": "Feature", "properties": { "u": 10179548531, "v": 10179548535, "key": 0, "osmid": "1112618172", "lanes": null, "ref": null, "name": null, "highway": "service", "maxspeed": null, "oneway": false, "reversed": "False", "length": 31.895, "bridge": null }, "geometry": { "type": "LineString", "coordinates": [ [ 133.545909599999987, 33.4918454 ], [ 133.5456921, 33.4920676 ] ] } },
{ "type": "Feature", "properties": { "u": 10179548531, "v": 10179548527, "key": 0, "osmid": "1112618172", "lanes": null, "ref": null, "name": null, "highway": "service", "maxspeed": null, "oneway": false, "reversed": "True", "length": 198.441, "bridge": null }, "geometry": { "type": "LineString", "coordinates": [ [ 133.545909599999987, 33.4918454 ], [ 133.545531399999987, 33.4915859 ], [ 133.544938699999989, 33.492154 ], [ 133.54537590000001, 33.4924046 ], [ 133.545504599999987, 33.4922592 ] ] } },
{ "type": "Feature", "properties": { "u": 10179548531, "v": 10179548534, "key": 0, "osmid": "1112618173", "lanes": null, "ref": null, "name": null, "highway": "service", "maxspeed": null, "oneway": false, "reversed": "False", "length": 60.818, "bridge": null }, "geometry": { "type": "LineString", "coordinates": [ [ 133.545909599999987, 33.4918454 ], [ 133.546234199999986, 33.4915568 ], [ 133.5464012, 33.4916158 ] ] } },
{ "type": "Feature", "properties": { "u": 10179548533, "v": 10179548534, "key": 0, "osmid": "1112618173", "lanes": null, "ref": null, "name": null, "highway": "service", "maxspeed": null, "oneway": false, "reversed": "True", "length": 35.709, "bridge": null }, "geometry": { "type": "LineString", "coordinates": [ [ 133.5467558, 33.491741 ], [ 133.5464012, 33.4916158 ] ] } },
{ "type": "Feature", "properties": { "u": 10179548533, "v": 10179548536, "key": 0, "osmid": "129809752", "lanes": null, "ref": null, "name": null, "highway": "residential", "maxspeed": null, "oneway": false, "reversed": "False", "length": 90.567, "bridge": null }, "geometry": { "type": "LineString", "coordinates": [ [ 133.5467558, 33.491741 ], [ 133.5467204, 33.4917835 ], [ 133.546154800000011, 33.4923829 ] ] } },
{ "type": "Feature", "properties": { "u": 10179548533, "v": 1431444798, "key": 0, "osmid": "129809752", "lanes": null, "ref": null, "name": null, "highway": "residential", "maxspeed": null, "oneway": false, "reversed": "True", "length": 75.128, "bridge": null }, "geometry": { "type": "LineString", "coordinates": [ [ 133.5467558, 33.491741 ], [ 133.5468277, 33.4916548 ], [ 133.547189, 33.4911702 ] ] } },
{ "type": "Feature", "properties": { "u": 10179548534, "v": 10179548533, "key": 0, "osmid": "1112618173", "lanes": null, "ref": null, "name": null, "highway": "service", "maxspeed": null, "oneway": false, "reversed": "False", "length": 35.709, "bridge": null }, "geometry": { "type": "LineString", "coordinates": [ [ 133.5464012, 33.4916158 ], [ 133.5467558, 33.491741 ] ] } },
{ "type": "Feature", "properties": { "u": 10179548534, "v": 1557771216, "key": 0, "osmid": "1112618174", "lanes": null, "ref": null, "name": null, "highway": "service", "maxspeed": null, "oneway": false, "reversed": "True", "length": 70.328, "bridge": null }, "geometry": { "type": "LineString", "coordinates": [ [ 133.5464012, 33.4916158 ], [ 133.5468038, 33.4910798 ] ] } },
{ "type": "Feature", "properties": { "u": 10179548534, "v": 10179548531, "key": 0, "osmid": "1112618173", "lanes": null, "ref": null, "name": null, "highway": "service", "maxspeed": null, "oneway": false, "reversed": "True", "length": 60.818, "bridge": null }, "geometry": { "type": "LineString", "coordinates": [ [ 133.5464012, 33.4916158 ], [ 133.546234199999986, 33.4915568 ], [ 133.545909599999987, 33.4918454 ] ] } },
{ "type": "Feature", "properties": { "u": 10179548535, "v": 10179548527, "key": 0, "osmid": "1112618172", "lanes": null, "ref": null, "name": null, "highway": "service", "maxspeed": null, "oneway": false, "reversed": "False", "length": 27.499, "bridge": null }, "geometry": { "type": "LineString", "coordinates": [ [ 133.5456921, 33.4920676 ], [ 133.545504599999987, 33.4922592 ] ] } },
{ "type": "Feature", "properties": { "u": 10179548535, "v": 10179548531, "key": 0, "osmid": "1112618172", "lanes": null, "ref": null, "name": null, "highway": "service", "maxspeed": null, "oneway": false, "reversed": "True", "length": 31.895, "bridge": null }, "geometry": { "type": "LineString", "coordinates": [ [ 133.5456921, 33.4920676 ], [ 133.545909599999987, 33.4918454 ] ] } },
{ "type": "Feature", "properties": { "u": 10179548535, "v": 10179548536, "key": 0, "osmid": "1112618175", "lanes": null, "ref": null, "name": null, "highway": "service", "maxspeed": null, "oneway": false, "reversed": "False", "length": 55.41, "bridge": null }, "geometry": { "type": "LineString", "coordinates": [ [ 133.5456921, 33.4920676 ], [ 133.546154800000011, 33.4923829 ] ] } },
{ "type": "Feature", "properties": { "u": 10179548536, "v": 10179548535, "key": 0, "osmid": "1112618175", "lanes": null, "ref": null, "name": null, "highway": "service", "maxspeed": null, "oneway": false, "reversed": "True", "length": 55.41, "bridge": null }, "geometry": { "type": "LineString", "coordinates": [ [ 133.546154800000011, 33.4923829 ], [ 133.5456921, 33.4920676 ] ] } },
{ "type": "Feature", "properties": { "u": 10179548536, "v": 10179548526, "key": 0, "osmid": "129809752", "lanes": null, "ref": null, "name": null, "highway": "residential", "maxspeed": null, "oneway": false, "reversed": "False", "length": 25.941, "bridge": null }, "geometry": { "type": "LineString", "coordinates": [ [ 133.546154800000011, 33.4923829 ], [ 133.5460047, 33.492542 ], [ 133.5459813, 33.4925659 ] ] } },
{ "type": "Feature", "properties": { "u": 10179548536, "v": 10179548533, "key": 0, "osmid": "129809752", "lanes": null, "ref": null, "name": null, "highway": "residential", "maxspeed": null, "oneway": false, "reversed": "True", "length": 90.567, "bridge": null }, "geometry": { "type": "LineString", "coordinates": [ [ 133.546154800000011, 33.4923829 ], [ 133.5467204, 33.4917835 ], [ 133.5467558, 33.491741 ] ] } },
{ "type": "Feature", "properties": { "u": 10179625669, "v": 1557770626, "key": 0, "osmid": "142326507", "lanes": null, "ref": null, "name": null, "highway": "unclassified", "maxspeed": null, "oneway": false, "reversed": "False", "length": 157.377, "bridge": null }, "geometry": { "type": "LineString", "coordinates": [ [ 133.5460718, 33.4882572 ], [ 133.5459033, 33.4881693 ], [ 133.5457523, 33.4880862 ], [ 133.5456816, 33.4880539 ], [ 133.5456299, 33.4880333 ], [ 133.5455687, 33.4880189 ], [ 133.545507500000014, 33.4880069 ], [ 133.5452436, 33.4879343 ], [ 133.5445298, 33.4876823 ] ] } },
{ "type": "Feature", "properties": { "u": 10179625669, "v": 1557770741, "key": 0, "osmid": "142326507", "lanes": null, "ref": null, "name": null, "highway": "unclassified", "maxspeed": null, "oneway": false, "reversed": "True", "length": 70.783, "bridge": null }, "geometry": { "type": "LineString", "coordinates": [ [ 133.5460718, 33.4882572 ], [ 133.5461545, 33.4882951 ], [ 133.5462937, 33.4883379 ], [ 133.5466983, 33.4884538 ], [ 133.5467754, 33.4884968 ] ] } },
{ "type": "Feature", "properties": { "u": 10179625669, "v": 10179625674, "key": 0, "osmid": "1121177328", "lanes": null, "ref": null, "name": null, "highway": "service", "maxspeed": null, "oneway": false, "reversed": "False", "length": 38.936, "bridge": null }, "geometry": { "type": "LineString", "coordinates": [ [ 133.5460718, 33.4882572 ], [ 133.546026, 33.4882852 ], [ 133.5459759, 33.4883003 ], [ 133.545927400000011, 33.4883049 ], [ 133.545863700000012, 33.4882949 ], [ 133.5458313, 33.488292 ], [ 133.5458099, 33.4882932 ], [ 133.545794300000011, 33.4883028 ], [ 133.5457855, 33.4883145 ], [ 133.5457551, 33.4883494 ], [ 133.5457264, 33.488388 ] ] } },
{ "type": "Feature", "properties": { "u": 10179625674, "v": 10179625674, "key": 0, "osmid": [ 1121177329, 1112618725 ], "lanes": null, "ref": null, "name": null, "highway": "service", "maxspeed": null, "oneway": true, "reversed": "False", "length": 122.607, "bridge": null }, "geometry": { "type": "LineString", "coordinates": [ [ 133.5457264, 33.488388 ], [ 133.545576399999987, 33.4886964 ], [ 133.5456882, 33.4887508 ], [ 133.5458161, 33.48878 ], [ 133.5459665, 33.4884691 ], [ 133.5457264, 33.488388 ] ] } },
{ "type": "Feature", "properties": { "u": 10179625674, "v": 10179625669, "key": 0, "osmid": "1121177328", "lanes": null, "ref": null, "name": null, "highway": "service", "maxspeed": null, "oneway": false, "reversed": "True", "length": 38.936, "bridge": null }, "geometry": { "type": "LineString", "coordinates": [ [ 133.5457264, 33.488388 ], [ 133.5457551, 33.4883494 ], [ 133.5457855, 33.4883145 ], [ 133.545794300000011, 33.4883028 ], [ 133.5458099, 33.4882932 ], [ 133.5458313, 33.488292 ], [ 133.545863700000012, 33.4882949 ], [ 133.545927400000011, 33.4883049 ], [ 133.5459759, 33.4883003 ], [ 133.546026, 33.4882852 ], [ 133.5460718, 33.4882572 ] ] } },
{ "type": "Feature", "properties": { "u": 10179631118, "v": 10179267605, "key": 0, "osmid": "1112618640", "lanes": null, "ref": null, "name": null, "highway": "unclassified", "maxspeed": null, "oneway": false, "reversed": "False", "length": 6.625, "bridge": null }, "geometry": { "type": "LineString", "coordinates": [ [ 133.5437873, 33.4871794 ], [ 133.543805099999986, 33.4871217 ] ] } },
{ "type": "Feature", "properties": { "u": 10179631118, "v": 10179267604, "key": 0, "osmid": "1112618640", "lanes": null, "ref": null, "name": null, "highway": "unclassified", "maxspeed": null, "oneway": false, "reversed": "True", "length": 26.422, "bridge": null }, "geometry": { "type": "LineString", "coordinates": [ [ 133.5437873, 33.4871794 ], [ 133.5437162, 33.4874095 ] ] } },
{ "type": "Feature", "properties": { "u": 10179631118, "v": 1085591315, "key": 0, "osmid": "1112618646", "lanes": null, "ref": null, "name": null, "highway": "footway", "maxspeed": null, "oneway": false, "reversed": "False", "length": 505.091, "bridge": null }, "geometry": { "type": "LineString", "coordinates": [ [ 133.5437873, 33.4871794 ], [ 133.5482711, 33.4886133 ], [ 133.5484299, 33.4887038 ], [ 133.5486505, 33.4887671 ], [ 133.5487113, 33.4888226 ], [ 133.5488324, 33.4888587 ] ] } },
{ "type": "Feature", "properties": { "u": 10179631118, "v": 10179267615, "key": 0, "osmid": "1112618646", "lanes": null, "ref": null, "name": null, "highway": "footway", "maxspeed": null, "oneway": false, "reversed": "True", "length": 138.707, "bridge": null }, "geometry": { "type": "LineString", "coordinates": [ [ 133.5437873, 33.4871794 ], [ 133.542507199999989, 33.486734 ], [ 133.542444100000012, 33.4867642 ], [ 133.5424092, 33.4867572 ] ] } },
{ "type": "Feature", "properties": { "u": 10179942520, "v": 1431444676, "key": 0, "osmid": "44405096", "lanes": "2", "ref": null, "name": null, "highway": "unclassified", "maxspeed": null, "oneway": false, "reversed": "True", "length": 13.381, "bridge": null }, "geometry": { "type": "LineString", "coordinates": [ [ 133.538263199999989, 33.4889797 ], [ 133.5382003, 33.4888714 ] ] } },
{ "type": "Feature", "properties": { "u": 10179942520, "v": 6878716077, "key": 0, "osmid": "44405096", "lanes": "2", "ref": null, "name": null, "highway": "unclassified", "maxspeed": null, "oneway": false, "reversed": "False", "length": 28.251, "bridge": null }, "geometry": { "type": "LineString", "coordinates": [ [ 133.538263199999989, 33.4889797 ], [ 133.5382759, 33.4890016 ], [ 133.5384204, 33.4891972 ] ] } },
{ "type": "Feature", "properties": { "u": 10179942520, "v": 10179942522, "key": 0, "osmid": "1112638721", "lanes": null, "ref": null, "name": null, "highway": "path", "maxspeed": null, "oneway": false, "reversed": "False", "length": 38.512, "bridge": null }, "geometry": { "type": "LineString", "coordinates": [ [ 133.538263199999989, 33.4889797 ], [ 133.5383981, 33.4888955 ], [ 133.5386346, 33.4889543 ] ] } },
{ "type": "Feature", "properties": { "u": 10179942522, "v": 10159298105, "key": 0, "osmid": "142325204", "lanes": null, "ref": null, "name": null, "highway": "unclassified", "maxspeed": null, "oneway": false, "reversed": "False", "length": 111.892, "bridge": null }, "geometry": { "type": "LineString", "coordinates": [ [ 133.5386346, 33.4889543 ], [ 133.53888520000001, 33.4882733 ], [ 133.5392187, 33.4883683 ] ] } },
{ "type": "Feature", "properties": { "u": 10179942522, "v": 1557770819, "key": 0, "osmid": "142325204", "lanes": null, "ref": null, "name": null, "highway": "unclassified", "maxspeed": null, "oneway": false, "reversed": "True", "length": 115.232, "bridge": null }, "geometry": { "type": "LineString", "coordinates": [ [ 133.5386346, 33.4889543 ], [ 133.538582, 33.4890971 ], [ 133.5388126, 33.4894635 ], [ 133.5390002, 33.489017 ] ] } },
{ "type": "Feature", "properties": { "u": 10179942522, "v": 10179942520, "key": 0, "osmid": "1112638721", "lanes": null, "ref": null, "name": null, "highway": "path", "maxspeed": null, "oneway": false, "reversed": "True", "length": 38.512, "bridge": null }, "geometry": { "type": "LineString", "coordinates": [ [ 133.5386346, 33.4889543 ], [ 133.5383981, 33.4888955 ], [ 133.538263199999989, 33.4889797 ] ] } },
{ "type": "Feature", "properties": { "u": 10180208520, "v": 1557771343, "key": 0, "osmid": "142327529", "lanes": null, "ref": null, "name": null, "highway": "unclassified", "maxspeed": null, "oneway": false, "reversed": "False", "length": 3.937, "bridge": null }, "geometry": { "type": "LineString", "coordinates": [ [ 133.5438081, 33.4920334 ], [ 133.543848, 33.4920213 ] ] } },
{ "type": "Feature", "properties": { "u": 10180208520, "v": 1557771354, "key": 0, "osmid": "142327529", "lanes": null, "ref": null, "name": null, "highway": "unclassified", "maxspeed": null, "oneway": false, "reversed": "True", "length": 42.34, "bridge": null }, "geometry": { "type": "LineString", "coordinates": [ [ 133.5438081, 33.4920334 ], [ 133.543354599999986, 33.4920776 ] ] } },
{ "type": "Feature", "properties": { "u": 10180208520, "v": 4934700659, "key": 0, "osmid": "1112659879", "lanes": null, "ref": null, "name": null, "highway": "path", "maxspeed": null, "oneway": false, "reversed": "False", "length": 42.356, "bridge": null }, "geometry": { "type": "LineString", "coordinates": [ [ 133.5438081, 33.4920334 ], [ 133.543804099999988, 33.4916525 ] ] } },
{ "type": "Feature", "properties": { "u": 10180208520, "v": 10180208522, "key": 0, "osmid": "1112659880", "lanes": null, "ref": null, "name": null, "highway": "path", "maxspeed": null, "oneway": false, "reversed": "True", "length": 59.808, "bridge": null }, "geometry": { "type": "LineString", "coordinates": [ [ 133.5438081, 33.4920334 ], [ 133.543846800000011, 33.4925703 ] ] } },
{ "type": "Feature", "properties": { "u": 10180208521, "v": 4934700654, "key": 0, "osmid": "503134571", "lanes": null, "ref": null, "name": null, "highway": "residential", "maxspeed": null, "oneway": false, "reversed": "False", "length": 53.745, "bridge": null }, "geometry": { "type": "LineString", "coordinates": [ [ 133.543799299999989, 33.4912038 ], [ 133.5442673, 33.4914889 ] ] } },
{ "type": "Feature", "properties": { "u": 10180208521, "v": 4934700655, "key": 0, "osmid": "503134571", "lanes": null, "ref": null, "name": null, "highway": "residential", "maxspeed": null, "oneway": false, "reversed": "True", "length": 37.64, "bridge": null }, "geometry": { "type": "LineString", "coordinates": [ [ 133.543799299999989, 33.4912038 ], [ 133.543463300000013, 33.4910139 ] ] } },
{ "type": "Feature", "properties": { "u": 10180208521, "v": 4934700659, "key": 0, "osmid": "1112659879", "lanes": null, "ref": null, "name": null, "highway": "path", "maxspeed": null, "oneway": false, "reversed": "True", "length": 49.895, "bridge": null }, "geometry": { "type": "LineString", "coordinates": [ [ 133.543799299999989, 33.4912038 ], [ 133.543804099999988, 33.4916525 ] ] } },
{ "type": "Feature", "properties": { "u": 10180208522, "v": 4934700671, "key": 0, "osmid": "142327618", "lanes": null, "ref": null, "name": null, "highway": "unclassified", "maxspeed": null, "oneway": false, "reversed": "False", "length": 37.388, "bridge": null }, "geometry": { "type": "LineString", "coordinates": [ [ 133.543846800000011, 33.4925703 ], [ 133.5435894, 33.4923115 ] ] } },
{ "type": "Feature", "properties": { "u": 10180208522, "v": 1557771487, "key": 0, "osmid": "142327618", "lanes": null, "ref": null, "name": null, "highway": "unclassified", "maxspeed": null, "oneway": false, "reversed": "True", "length": 18.498, "bridge": null }, "geometry": { "type": "LineString", "coordinates": [ [ 133.543846800000011, 33.4925703 ], [ 133.5439682, 33.4927023 ] ] } },
{ "type": "Feature", "properties": { "u": 10180208522, "v": 10180208520, "key": 0, "osmid": "1112659880", "lanes": null, "ref": null, "name": null, "highway": "path", "maxspeed": null, "oneway": false, "reversed": "False", "length": 59.808, "bridge": null }, "geometry": { "type": "LineString", "coordinates": [ [ 133.543846800000011, 33.4925703 ], [ 133.5438081, 33.4920334 ] ] } },
{ "type": "Feature", "properties": { "u": 10180208541, "v": 10180208542, "key": 0, "osmid": "1112659886", "lanes": null, "ref": null, "name": null, "highway": "unclassified", "maxspeed": null, "oneway": false, "reversed": "False", "length": 22.155, "bridge": null }, "geometry": { "type": "LineString", "coordinates": [ [ 133.5418655, 33.4908318 ], [ 133.542063899999988, 33.4909428 ] ] } },
{ "type": "Feature", "properties": { "u": 10180208541, "v": 10180208543, "key": 0, "osmid": "1112659887", "lanes": null, "ref": null, "name": null, "highway": "path", "maxspeed": null, "oneway": false, "reversed": "False", "length": 53.426, "bridge": null }, "geometry": { "type": "LineString", "coordinates": [ [ 133.5418655, 33.4908318 ], [ 133.5421751, 33.4904266 ] ] } },
{ "type": "Feature", "properties": { "u": 10180208541, "v": 4934700841, "key": 0, "osmid": [ 503134592, 1112659886 ], "lanes": null, "ref": null, "name": null, "highway": [ "unclassified", "residential" ], "maxspeed": null, "oneway": false, "reversed": [ false, true ], "length": 44.4, "bridge": null }, "geometry": { "type": "LineString", "coordinates": [ [ 133.5418655, 33.4908318 ], [ 133.541725899999989, 33.4910089 ], [ 133.541534500000012, 33.4909108 ] ] } },
{ "type": "Feature", "properties": { "u": 10180208542, "v": 1557771145, "key": 0, "osmid": "142326065", "lanes": null, "ref": null, "name": null, "highway": "unclassified", "maxspeed": null, "oneway": false, "reversed": "False", "length": 41.03, "bridge": null }, "geometry": { "type": "LineString", "coordinates": [ [ 133.542063899999988, 33.4909428 ], [ 133.542304800000011, 33.4906333 ] ] } },
{ "type": "Feature", "properties": { "u": 10180208542, "v": 1557771271, "key": 0, "osmid": "142326065", "lanes": null, "ref": null, "name": null, "highway": "unclassified", "maxspeed": null, "oneway": false, "reversed": "True", "length": 66.07, "bridge": null }, "geometry": { "type": "LineString", "coordinates": [ [ 133.542063899999988, 33.4909428 ], [ 133.541676, 33.4914412 ] ] } },
{ "type": "Feature", "properties": { "u": 10180208542, "v": 10180208541, "key": 0, "osmid": "1112659886", "lanes": null, "ref": null, "name": null, "highway": "unclassified", "maxspeed": null, "oneway": false, "reversed": "True", "length": 22.155, "bridge": null }, "geometry": { "type": "LineString", "coordinates": [ [ 133.542063899999988, 33.4909428 ], [ 133.5418655, 33.4908318 ] ] } },
{ "type": "Feature", "properties": { "u": 10180208543, "v": 1557771145, "key": 0, "osmid": "142325995", "lanes": null, "ref": null, "name": null, "highway": "unclassified", "maxspeed": null, "oneway": false, "reversed": "False", "length": 25.941, "bridge": null }, "geometry": { "type": "LineString", "coordinates": [ [ 133.5421751, 33.4904266 ], [ 133.542304800000011, 33.4906333 ] ] } },
{ "type": "Feature", "properties": { "u": 10180208543, "v": 4934700996, "key": 0, "osmid": "142325995", "lanes": null, "ref": null, "name": null, "highway": "unclassified", "maxspeed": null, "oneway": false, "reversed": "True", "length": 23.066, "bridge": null }, "geometry": { "type": "LineString", "coordinates": [ [ 133.5421751, 33.4904266 ], [ 133.5420598, 33.4902428 ] ] } },
{ "type": "Feature", "properties": { "u": 10180208543, "v": 10180208541, "key": 0, "osmid": "1112659887", "lanes": null, "ref": null, "name": null, "highway": "path", "maxspeed": null, "oneway": false, "reversed": "True", "length": 53.426, "bridge": null }, "geometry": { "type": "LineString", "coordinates": [ [ 133.5421751, 33.4904266 ], [ 133.5418655, 33.4908318 ] ] } },
{ "type": "Feature", "properties": { "u": 10183455272, "v": 4934700956, "key": 0, "osmid": "503134622", "lanes": null, "ref": null, "name": null, "highway": "residential", "maxspeed": null, "oneway": false, "reversed": "False", "length": 2.892, "bridge": null }, "geometry": { "type": "LineString", "coordinates": [ [ 133.5395527, 33.4904568 ], [ 133.5395762, 33.4904397 ] ] } },
{ "type": "Feature", "properties": { "u": 10183455272, "v": 4934700957, "key": 0, "osmid": "503134622", "lanes": null, "ref": null, "name": null, "highway": "residential", "maxspeed": null, "oneway": false, "reversed": "True", "length": 16.59, "bridge": null }, "geometry": { "type": "LineString", "coordinates": [ [ 133.5395527, 33.4904568 ], [ 133.5394178, 33.4905548 ] ] } },
{ "type": "Feature", "properties": { "u": 10183455272, "v": 10183455273, "key": 0, "osmid": "1113044483", "lanes": null, "ref": null, "name": null, "highway": "footway", "maxspeed": null, "oneway": false, "reversed": "False", "length": 76.214, "bridge": null }, "geometry": { "type": "LineString", "coordinates": [ [ 133.5395527, 33.4904568 ], [ 133.5401151, 33.4909566 ] ] } },
{ "type": "Feature", "properties": { "u": 10183455272, "v": 10183455280, "key": 0, "osmid": "1113044487", "lanes": null, "ref": null, "name": null, "highway": "footway", "maxspeed": null, "oneway": false, "reversed": "False", "length": 71.674, "bridge": null }, "geometry": { "type": "LineString", "coordinates": [ [ 133.5395527, 33.4904568 ], [ 133.539063199999987, 33.4900103 ], [ 133.539018199999987, 33.4899977 ] ] } },
{ "type": "Feature", "properties": { "u": 10183455273, "v": 10183455272, "key": 0, "osmid": "1113044483", "lanes": null, "ref": null, "name": null, "highway": "footway", "maxspeed": null, "oneway": false, "reversed": "True", "length": 76.214, "bridge": null }, "geometry": { "type": "LineString", "coordinates": [ [ 133.5401151, 33.4909566 ], [ 133.5395527, 33.4904568 ] ] } },
{ "type": "Feature", "properties": { "u": 10183455273, "v": 10183455275, "key": 0, "osmid": "1113044484", "lanes": null, "ref": null, "name": null, "highway": "footway", "maxspeed": null, "oneway": false, "reversed": "True", "length": 10.472, "bridge": null }, "geometry": { "type": "LineString", "coordinates": [ [ 133.5401151, 33.4909566 ], [ 133.5400755, 33.4910448 ] ] } },
{ "type": "Feature", "properties": { "u": 10183455273, "v": 10183455276, "key": 0, "osmid": "1113044485", "lanes": null, "ref": null, "name": null, "highway": "footway", "maxspeed": null, "oneway": false, "reversed": "False", "length": 3.948, "bridge": null }, "geometry": { "type": "LineString", "coordinates": [ [ 133.5401151, 33.4909566 ], [ 133.5401441, 33.4909826 ] ] } },
{ "type": "Feature", "properties": { "u": 10183455274, "v": 4934700927, "key": 0, "osmid": "503134613", "lanes": null, "ref": null, "name": null, "highway": "residential", "maxspeed": null, "oneway": false, "reversed": "True", "length": 4.232, "bridge": null }, "geometry": { "type": "LineString", "coordinates": [ [ 133.5398281, 33.4916219 ], [ 133.5398702, 33.4916366 ] ] } },
{ "type": "Feature", "properties": { "u": 10183455274, "v": 10183455275, "key": 0, "osmid": "1113044484", "lanes": null, "ref": null, "name": null, "highway": "footway", "maxspeed": null, "oneway": false, "reversed": "False", "length": 68.149, "bridge": null }, "geometry": { "type": "LineString", "coordinates": [ [ 133.5398281, 33.4916219 ], [ 133.5400755, 33.4910448 ] ] } },
{ "type": "Feature", "properties": { "u": 10183455274, "v": 4934700930, "key": 0, "osmid": "503134613", "lanes": null, "ref": null, "name": null, "highway": "residential", "maxspeed": null, "oneway": false, "reversed": "False", "length": 43.258, "bridge": null }, "geometry": { "type": "LineString", "coordinates": [ [ 133.5398281, 33.4916219 ], [ 133.5395479, 33.49152 ], [ 133.5396016, 33.4913936 ] ] } },
{ "type": "Feature", "properties": { "u": 10183455275, "v": 4934700932, "key": 0, "osmid": "503134615", "lanes": null, "ref": null, "name": null, "highway": "residential", "maxspeed": null, "oneway": false, "reversed": "False", "length": 4.241, "bridge": null }, "geometry": { "type": "LineString", "coordinates": [ [ 133.5400755, 33.4910448 ], [ 133.5401175, 33.4910599 ] ] } },
{ "type": "Feature", "properties": { "u": 10183455275, "v": 4934700929, "key": 0, "osmid": "503134615", "lanes": null, "ref": null, "name": null, "highway": "residential", "maxspeed": null, "oneway": false, "reversed": "True", "length": 26.077, "bridge": null }, "geometry": { "type": "LineString", "coordinates": [ [ 133.5400755, 33.4910448 ], [ 133.53981730000001, 33.4909519 ] ] } },
{ "type": "Feature", "properties": { "u": 10183455275, "v": 10183455273, "key": 0, "osmid": "1113044484", "lanes": null, "ref": null, "name": null, "highway": "footway", "maxspeed": null, "oneway": false, "reversed": "False", "length": 10.472, "bridge": null }, "geometry": { "type": "LineString", "coordinates": [ [ 133.5400755, 33.4910448 ], [ 133.5401151, 33.4909566 ] ] } },
{ "type": "Feature", "properties": { "u": 10183455275, "v": 10183455274, "key": 0, "osmid": "1113044484", "lanes": null, "ref": null, "name": null, "highway": "footway", "maxspeed": null, "oneway": false, "reversed": "True", "length": 68.149, "bridge": null }, "geometry": { "type": "LineString", "coordinates": [ [ 133.5400755, 33.4910448 ], [ 133.5398281, 33.4916219 ] ] } },
{ "type": "Feature", "properties": { "u": 10183455276, "v": 4934700932, "key": 0, "osmid": "129899437", "lanes": "2", "ref": null, "name": null, "highway": "tertiary", "maxspeed": null, "oneway": false, "reversed": "False", "length": 8.942, "bridge": null }, "geometry": { "type": "LineString", "coordinates": [ [ 133.5401441, 33.4909826 ], [ 133.5401175, 33.4910599 ] ] } },
{ "type": "Feature", "properties": { "u": 10183455276, "v": 564465065, "key": 0, "osmid": "129899437", "lanes": "2", "ref": null, "name": null, "highway": "tertiary", "maxspeed": null, "oneway": false, "reversed": "True", "length": 3.656, "bridge": null }, "geometry": { "type": "LineString", "coordinates": [ [ 133.5401441, 33.4909826 ], [ 133.540155, 33.490951 ] ] } },
{ "type": "Feature", "properties": { "u": 10183455276, "v": 10183455273, "key": 0, "osmid": "1113044485", "lanes": null, "ref": null, "name": null, "highway": "footway", "maxspeed": null, "oneway": false, "reversed": "True", "length": 3.948, "bridge": null }, "geometry": { "type": "LineString", "coordinates": [ [ 133.5401441, 33.4909826 ], [ 133.5401151, 33.4909566 ] ] } },
{ "type": "Feature", "properties": { "u": 10183455276, "v": 10183455278, "key": 0, "osmid": [ 1113044485, 1113044486 ], "lanes": null, "ref": null, "name": null, "highway": "footway", "maxspeed": null, "oneway": false, "reversed": "False", "length": 46.204, "bridge": null }, "geometry": { "type": "LineString", "coordinates": [ [ 133.5401441, 33.4909826 ], [ 133.5401718, 33.4910104 ], [ 133.5405051, 33.4912686 ] ] } },
{ "type": "Feature", "properties": { "u": 10183455278, "v": 1431444811, "key": 0, "osmid": "503134587", "lanes": null, "ref": null, "name": null, "highway": "residential", "maxspeed": null, "oneway": false, "reversed": "True", "length": 3.57, "bridge": null }, "geometry": { "type": "LineString", "coordinates": [ [ 133.5405051, 33.4912686 ], [ 133.5405142, 33.4912374 ] ] } },
{ "type": "Feature", "properties": { "u": 10183455278, "v": 4934700821, "key": 0, "osmid": "503134587", "lanes": null, "ref": null, "name": null, "highway": "residential", "maxspeed": null, "oneway": false, "reversed": "False", "length": 106.549, "bridge": null }, "geometry": { "type": "LineString", "coordinates": [ [ 133.5405051, 33.4912686 ], [ 133.54045450000001, 33.4914406 ], [ 133.5403231, 33.4918198 ], [ 133.5402493, 33.4920233 ], [ 133.5401946, 33.492191 ] ] } },
{ "type": "Feature", "properties": { "u": 10183455278, "v": 10183455276, "key": 0, "osmid": [ 1113044485, 1113044486 ], "lanes": null, "ref": null, "name": null, "highway": "footway", "maxspeed": null, "oneway": false, "reversed": "True", "length": 46.204, "bridge": null }, "geometry": { "type": "LineString", "coordinates": [ [ 133.5405051, 33.4912686 ], [ 133.5401718, 33.4910104 ], [ 133.5401441, 33.4909826 ] ] } },
{ "type": "Feature", "properties": { "u": 10183455280, "v": 1557771071, "key": 0, "osmid": "142326193", "lanes": null, "ref": null, "name": null, "highway": "unclassified", "maxspeed": null, "oneway": false, "reversed": "False", "length": 27.377, "bridge": null }, "geometry": { "type": "LineString", "coordinates": [ [ 133.539018199999987, 33.4899977 ], [ 133.5387979, 33.4901616 ] ] } },
{ "type": "Feature", "properties": { "u": 10183455280, "v": 1557771022, "key": 0, "osmid": "142326193", "lanes": null, "ref": null, "name": null, "highway": "unclassified", "maxspeed": null, "oneway": false, "reversed": "True", "length": 5.729, "bridge": null }, "geometry": { "type": "LineString", "coordinates": [ [ 133.539018199999987, 33.4899977 ], [ 133.5390643, 33.4899634 ] ] } },
{ "type": "Feature", "properties": { "u": 10183455280, "v": 10183455283, "key": 0, "osmid": "1113044487", "lanes": null, "ref": null, "name": null, "highway": "footway", "maxspeed": null, "oneway": false, "reversed": "False", "length": 39.619, "bridge": null }, "geometry": { "type": "LineString", "coordinates": [ [ 133.539018199999987, 33.4899977 ], [ 133.5390095, 33.4899636 ], [ 133.5388414, 33.4897727 ], [ 133.5387781, 33.4897066 ] ] } },
{ "type": "Feature", "properties": { "u": 10183455280, "v": 10183455272, "key": 0, "osmid": "1113044487", "lanes": null, "ref": null, "name": null, "highway": "footway", "maxspeed": null, "oneway": false, "reversed": "True", "length": 71.674, "bridge": null }, "geometry": { "type": "LineString", "coordinates": [ [ 133.539018199999987, 33.4899977 ], [ 133.539063199999987, 33.4900103 ], [ 133.5395527, 33.4904568 ] ] } },
{ "type": "Feature", "properties": { "u": 10183455283, "v": 1431444730, "key": 0, "osmid": "734500735", "lanes": null, "ref": null, "name": null, "highway": "unclassified", "maxspeed": null, "oneway": false, "reversed": "False", "length": 3.288, "bridge": null }, "geometry": { "type": "LineString", "coordinates": [ [ 133.5387781, 33.4897066 ], [ 133.5388135, 33.4897049 ] ] } },
{ "type": "Feature", "properties": { "u": 10183455283, "v": 1557770941, "key": 0, "osmid": "734500735", "lanes": null, "ref": null, "name": null, "highway": "unclassified", "maxspeed": null, "oneway": false, "reversed": "True", "length": 31.529, "bridge": null }, "geometry": { "type": "LineString", "coordinates": [ [ 133.5387781, 33.4897066 ], [ 133.538699, 33.4897104 ], [ 133.538438899999989, 33.489695 ] ] } },
{ "type": "Feature", "properties": { "u": 10183455283, "v": 10183455285, "key": 0, "osmid": "1113044487", "lanes": null, "ref": null, "name": null, "highway": "footway", "maxspeed": null, "oneway": false, "reversed": "False", "length": 66.909, "bridge": null }, "geometry": { "type": "LineString", "coordinates": [ [ 133.5387781, 33.4897066 ], [ 133.5383977, 33.4892391 ], [ 133.538373299999989, 33.4892085 ] ] } },
{ "type": "Feature", "properties": { "u": 10183455283, "v": 10183455280, "key": 0, "osmid": "1113044487", "lanes": null, "ref": null, "name": null, "highway": "footway", "maxspeed": null, "oneway": false, "reversed": "True", "length": 39.619, "bridge": null }, "geometry": { "type": "LineString", "coordinates": [ [ 133.5387781, 33.4897066 ], [ 133.5388414, 33.4897727 ], [ 133.5390095, 33.4899636 ], [ 133.539018199999987, 33.4899977 ] ] } },
{ "type": "Feature", "properties": { "u": 10183455285, "v": 6878716081, "key": 0, "osmid": "734500730", "lanes": null, "ref": null, "name": null, "highway": "unclassified", "maxspeed": null, "oneway": false, "reversed": "False", "length": 18.004, "bridge": null }, "geometry": { "type": "LineString", "coordinates": [ [ 133.538373299999989, 33.4892085 ], [ 133.538186700000011, 33.4892532 ] ] } },
{ "type": "Feature", "properties": { "u": 10183455285, "v": 6878716077, "key": 0, "osmid": "734500730", "lanes": null, "ref": null, "name": null, "highway": "unclassified", "maxspeed": null, "oneway": false, "reversed": "True", "length": 4.545, "bridge": null }, "geometry": { "type": "LineString", "coordinates": [ [ 133.538373299999989, 33.4892085 ], [ 133.5384204, 33.4891972 ] ] } },
{ "type": "Feature", "properties": { "u": 10183455285, "v": 10183455289, "key": 0, "osmid": "1113044487", "lanes": null, "ref": null, "name": null, "highway": "footway", "maxspeed": null, "oneway": false, "reversed": "False", "length": 98.879, "bridge": null }, "geometry": { "type": "LineString", "coordinates": [ [ 133.538373299999989, 33.4892085 ], [ 133.538355700000011, 33.4891788 ], [ 133.53836, 33.489156 ], [ 133.5381952, 33.4889234 ], [ 133.5375374, 33.4890493 ] ] } },
{ "type": "Feature", "properties": { "u": 10183455285, "v": 10183455283, "key": 0, "osmid": "1113044487", "lanes": null, "ref": null, "name": null, "highway": "footway", "maxspeed": null, "oneway": false, "reversed": "True", "length": 66.909, "bridge": null }, "geometry": { "type": "LineString", "coordinates": [ [ 133.538373299999989, 33.4892085 ], [ 133.5383977, 33.4892391 ], [ 133.5387781, 33.4897066 ] ] } },
{ "type": "Feature", "properties": { "u": 10183455289, "v": 10183455285, "key": 0, "osmid": "1113044487", "lanes": null, "ref": null, "name": null, "highway": "footway", "maxspeed": null, "oneway": false, "reversed": "True", "length": 98.879, "bridge": null }, "geometry": { "type": "LineString", "coordinates": [ [ 133.5375374, 33.4890493 ], [ 133.5381952, 33.4889234 ], [ 133.53836, 33.489156 ], [ 133.538355700000011, 33.4891788 ], [ 133.538373299999989, 33.4892085 ] ] } },
{ "type": "Feature", "properties": { "u": 10261018308, "v": 10261046315, "key": 0, "osmid": "142326592", "lanes": null, "ref": null, "name": null, "highway": "unclassified", "maxspeed": null, "oneway": false, "reversed": "False", "length": 10.494, "bridge": null }, "geometry": { "type": "LineString", "coordinates": [ [ 133.5392345, 33.4858578 ], [ 133.5393406, 33.4858906 ] ] } },
{ "type": "Feature", "properties": { "u": 10261018308, "v": 5487611911, "key": 0, "osmid": "142326592", "lanes": null, "ref": null, "name": null, "highway": "unclassified", "maxspeed": null, "oneway": false, "reversed": "True", "length": 15.313, "bridge": null }, "geometry": { "type": "LineString", "coordinates": [ [ 133.5392345, 33.4858578 ], [ 133.539081900000014, 33.4858052 ] ] } },
{ "type": "Feature", "properties": { "u": 10261018308, "v": 10261046309, "key": 0, "osmid": "1121889593", "lanes": null, "ref": null, "name": null, "highway": "service", "maxspeed": null, "oneway": false, "reversed": "False", "length": 10.287, "bridge": null }, "geometry": { "type": "LineString", "coordinates": [ [ 133.5392345, 33.4858578 ], [ 133.5392656, 33.4859466 ] ] } },
{ "type": "Feature", "properties": { "u": 10261044690, "v": 769146737, "key": 0, "osmid": "142326044", "lanes": null, "ref": null, "name": null, "highway": "unclassified", "maxspeed": null, "oneway": false, "reversed": "False", "length": 136.061, "bridge": null }, "geometry": { "type": "LineString", "coordinates": [ [ 133.5376678, 33.4852676 ], [ 133.537881199999987, 33.4853501 ], [ 133.5381897, 33.485465 ], [ 133.5382285, 33.4854853 ], [ 133.5385143, 33.4856038 ], [ 133.5386294, 33.4856492 ], [ 133.538992, 33.4857935 ] ] } },
{ "type": "Feature", "properties": { "u": 10261044690, "v": 1431444615, "key": 0, "osmid": "142326044", "lanes": null, "ref": null, "name": null, "highway": "unclassified", "maxspeed": null, "oneway": false, "reversed": "True", "length": 66.532, "bridge": null }, "geometry": { "type": "LineString", "coordinates": [ [ 133.5376678, 33.4852676 ], [ 133.5375707, 33.4852301 ], [ 133.5374457, 33.4851661 ], [ 133.5370354, 33.4849859 ] ] } },
{ "type": "Feature", "properties": { "u": 10261044690, "v": 10261044696, "key": 0, "osmid": "1121890095", "lanes": null, "ref": null, "name": null, "highway": "service", "maxspeed": null, "oneway": false, "reversed": "False", "length": 61.653, "bridge": null }, "geometry": { "type": "LineString", "coordinates": [ [ 133.5376678, 33.4852676 ], [ 133.537655699999988, 33.4852828 ], [ 133.537653400000011, 33.4853024 ], [ 133.537653400000011, 33.4853155 ], [ 133.5376579, 33.4853309 ], [ 133.537667199999987, 33.4853441 ], [ 133.5376774, 33.4853549 ], [ 133.5376977, 33.4853712 ], [ 133.5377331, 33.4853849 ], [ 133.5377469, 33.4853887 ], [ 133.5377598, 33.4853918 ], [ 133.5377718, 33.4853993 ], [ 133.5377794, 33.4854038 ], [ 133.5377892, 33.485418 ], [ 133.53796650000001, 33.4857269 ] ] } },
{ "type": "Feature", "properties": { "u": 10261044696, "v": 10261044690, "key": 0, "osmid": "1121890095", "lanes": null, "ref": null, "name": null, "highway": "service", "maxspeed": null, "oneway": false, "reversed": "True", "length": 61.653, "bridge": null }, "geometry": { "type": "LineString", "coordinates": [ [ 133.53796650000001, 33.4857269 ], [ 133.5377892, 33.485418 ], [ 133.5377794, 33.4854038 ], [ 133.5377718, 33.4853993 ], [ 133.5377598, 33.4853918 ], [ 133.5377469, 33.4853887 ], [ 133.5377331, 33.4853849 ], [ 133.5376977, 33.4853712 ], [ 133.5376774, 33.4853549 ], [ 133.537667199999987, 33.4853441 ], [ 133.5376579, 33.4853309 ], [ 133.537653400000011, 33.4853155 ], [ 133.537653400000011, 33.4853024 ], [ 133.537655699999988, 33.4852828 ], [ 133.5376678, 33.4852676 ] ] } },
{ "type": "Feature", "properties": { "u": 10261046309, "v": 10261046310, "key": 0, "osmid": "1121889593", "lanes": null, "ref": null, "name": null, "highway": "service", "maxspeed": null, "oneway": false, "reversed": "False", "length": 9.365, "bridge": null }, "geometry": { "type": "LineString", "coordinates": [ [ 133.5392656, 33.4859466 ], [ 133.5392278, 33.4860247 ] ] } },
{ "type": "Feature", "properties": { "u": 10261046309, "v": 10261018308, "key": 0, "osmid": "1121889593", "lanes": null, "ref": null, "name": null, "highway": "service", "maxspeed": null, "oneway": false, "reversed": "True", "length": 10.287, "bridge": null }, "geometry": { "type": "LineString", "coordinates": [ [ 133.5392656, 33.4859466 ], [ 133.5392345, 33.4858578 ] ] } },
{ "type": "Feature", "properties": { "u": 10261046309, "v": 10261046315, "key": 0, "osmid": "1121889594", "lanes": null, "ref": null, "name": null, "highway": "service", "maxspeed": null, "oneway": false, "reversed": "False", "length": 9.336, "bridge": null }, "geometry": { "type": "LineString", "coordinates": [ [ 133.5392656, 33.4859466 ], [ 133.5393406, 33.4858906 ] ] } },
{ "type": "Feature", "properties": { "u": 10261046310, "v": 10261046309, "key": 0, "osmid": "1121889593", "lanes": null, "ref": null, "name": null, "highway": "service", "maxspeed": null, "oneway": false, "reversed": "True", "length": 9.365, "bridge": null }, "geometry": { "type": "LineString", "coordinates": [ [ 133.5392278, 33.4860247 ], [ 133.5392656, 33.4859466 ] ] } },
{ "type": "Feature", "properties": { "u": 10261046310, "v": 10261046310, "key": 0, "osmid": "1121889593", "lanes": null, "ref": null, "name": null, "highway": "service", "maxspeed": null, "oneway": false, "reversed": "False", "length": 72.469, "bridge": null }, "geometry": { "type": "LineString", "coordinates": [ [ 133.5392278, 33.4860247 ], [ 133.5391482, 33.4860017 ], [ 133.539056499999987, 33.4862386 ], [ 133.5391262, 33.4862619 ], [ 133.5392479, 33.4860314 ], [ 133.5392278, 33.4860247 ] ] } },
{ "type": "Feature", "properties": { "u": 10261046310, "v": 10261046310, "key": 1, "osmid": "1121889593", "lanes": null, "ref": null, "name": null, "highway": "service", "maxspeed": null, "oneway": false, "reversed": "True", "length": 72.469, "bridge": null }, "geometry": { "type": "LineString", "coordinates": [ [ 133.5392278, 33.4860247 ], [ 133.5392479, 33.4860314 ], [ 133.5391262, 33.4862619 ], [ 133.539056499999987, 33.4862386 ], [ 133.5391482, 33.4860017 ], [ 133.5392278, 33.4860247 ] ] } },
{ "type": "Feature", "properties": { "u": 10261046315, "v": 1557770403, "key": 0, "osmid": "142326592", "lanes": null, "ref": null, "name": null, "highway": "unclassified", "maxspeed": null, "oneway": false, "reversed": "False", "length": 15.194, "bridge": null }, "geometry": { "type": "LineString", "coordinates": [ [ 133.5393406, 33.4858906 ], [ 133.5394923, 33.4859422 ] ] } },
{ "type": "Feature", "properties": { "u": 10261046315, "v": 10261018308, "key": 0, "osmid": "142326592", "lanes": null, "ref": null, "name": null, "highway": "unclassified", "maxspeed": null, "oneway": false, "reversed": "True", "length": 10.494, "bridge": null }, "geometry": { "type": "LineString", "coordinates": [ [ 133.5393406, 33.4858906 ], [ 133.5392345, 33.4858578 ] ] } },
{ "type": "Feature", "properties": { "u": 10261046315, "v": 10261046309, "key": 0, "osmid": "1121889594", "lanes": null, "ref": null, "name": null, "highway": "service", "maxspeed": null, "oneway": false, "reversed": "True", "length": 9.336, "bridge": null }, "geometry": { "type": "LineString", "coordinates": [ [ 133.5393406, 33.4858906 ], [ 133.5392656, 33.4859466 ] ] } }
]
}
