{
"type": "FeatureCollection",
"name": "Gnodes",
"crs": { "type": "name", "properties": { "name": "urn:ogc:def:crs:OGC:1.3:CRS84" } },
"features": [
{ "type": "Feature", "properties": { "osmid": 253212041, "y": 33.5299506, "x": 133.584491, "highway": "crossing", "street_count": 4 }, "geometry": { "type": "Point", "coordinates": [ 133.584491, 33.5299506 ] } },
{ "type": "Feature", "properties": { "osmid": 253768909, "y": 33.5254903, "x": 133.605891, "highway": "traffic_signals", "street_count": 3 }, "geometry": { "type": "Point", "coordinates": [ 133.605891, 33.5254903 ] } },
{ "type": "Feature", "properties": { "osmid": 253768914, "y": 33.5294335, "x": 133.6283459, "highway": "traffic_signals", "street_count": 3 }, "geometry": { "type": "Point", "coordinates": [ 133.6283459, 33.5294335 ] } },
{ "type": "Feature", "properties": { "osmid": 262314795, "y": 33.5066269, "x": 133.570592, "highway": null, "street_count": 4 }, "geometry": { "type": "Point", "coordinates": [ 133.570592, 33.5066269 ] } },
{ "type": "Feature", "properties": { "osmid": 262314797, "y": 33.5073963, "x": 133.5721042, "highway": null, "street_count": 3 }, "geometry": { "type": "Point", "coordinates": [ 133.572104200000012, 33.5073963 ] } },
{ "type": "Feature", "properties": { "osmid": 262314806, "y": 33.515715, "x": 133.5855651, "highway": null, "street_count": 3 }, "geometry": { "type": "Point", "coordinates": [ 133.5855651, 33.515715 ] } },
{ "type": "Feature", "properties": { "osmid": 262314810, "y": 33.5196906, "x": 133.5974907, "highway": null, "street_count": 3 }, "geometry": { "type": "Point", "coordinates": [ 133.5974907, 33.5196906 ] } },
{ "type": "Feature", "properties": { "osmid": 262317512, "y": 33.5140649, "x": 133.5736841, "highway": "crossing", "street_count": 4 }, "geometry": { "type": "Point", "coordinates": [ 133.5736841, 33.5140649 ] } },
{ "type": "Feature", "properties": { "osmid": 262317515, "y": 33.5169634, "x": 133.5738985, "highway": "traffic_signals", "street_count": 3 }, "geometry": { "type": "Point", "coordinates": [ 133.573898500000013, 33.5169634 ] } },
{ "type": "Feature", "properties": { "osmid": 262317520, "y": 33.5285347, "x": 133.5671902, "highway": "traffic_signals", "street_count": 3 }, "geometry": { "type": "Point", "coordinates": [ 133.5671902, 33.5285347 ] } },
{ "type": "Feature", "properties": { "osmid": 262329963, "y": 33.5105741, "x": 133.5755918, "highway": "traffic_signals", "street_count": 3 }, "geometry": { "type": "Point", "coordinates": [ 133.575591800000012, 33.5105741 ] } },
{ "type": "Feature", "properties": { "osmid": 279939067, "y": 33.5331123, "x": 133.6109848, "highway": "crossing", "street_count": 4 }, "geometry": { "type": "Point", "coordinates": [ 133.610984800000011, 33.5331123 ] } },
{ "type": "Feature", "properties": { "osmid": 279939068, "y": 33.5331122, "x": 133.6111682, "highway": "traffic_signals", "street_count": 3 }, "geometry": { "type": "Point", "coordinates": [ 133.6111682, 33.5331122 ] } },
{ "type": "Feature", "properties": { "osmid": 280046980, "y": 33.5351128, "x": 133.6113453, "highway": "traffic_signals", "street_count": 4 }, "geometry": { "type": "Point", "coordinates": [ 133.611345300000011, 33.5351128 ] } },
{ "type": "Feature", "properties": { "osmid": 293676333, "y": 33.5337156, "x": 133.6012251, "highway": "crossing", "street_count": 4 }, "geometry": { "type": "Point", "coordinates": [ 133.6012251, 33.5337156 ] } },
{ "type": "Feature", "properties": { "osmid": 293676401, "y": 33.5243433, "x": 133.6015074, "highway": "crossing", "street_count": 4 }, "geometry": { "type": "Point", "coordinates": [ 133.6015074, 33.5243433 ] } },
{ "type": "Feature", "properties": { "osmid": 293676403, "y": 33.5242066, "x": 133.6015474, "highway": "traffic_signals", "street_count": 3 }, "geometry": { "type": "Point", "coordinates": [ 133.601547399999987, 33.5242066 ] } },
{ "type": "Feature", "properties": { "osmid": 293676417, "y": 33.5312454, "x": 133.6062983, "highway": "crossing", "street_count": 4 }, "geometry": { "type": "Point", "coordinates": [ 133.6062983, 33.5312454 ] } },
{ "type": "Feature", "properties": { "osmid": 294071540, "y": 33.5329868, "x": 133.6164104, "highway": null, "street_count": 3 }, "geometry": { "type": "Point", "coordinates": [ 133.6164104, 33.5329868 ] } },
{ "type": "Feature", "properties": { "osmid": 294071556, "y": 33.5312504, "x": 133.6196121, "highway": null, "street_count": 3 }, "geometry": { "type": "Point", "coordinates": [ 133.619612100000012, 33.5312504 ] } },
{ "type": "Feature", "properties": { "osmid": 294071559, "y": 33.5309272, "x": 133.6199367, "highway": null, "street_count": 3 }, "geometry": { "type": "Point", "coordinates": [ 133.619936700000011, 33.5309272 ] } },
{ "type": "Feature", "properties": { "osmid": 294071598, "y": 33.5279633, "x": 133.6203274, "highway": "traffic_signals", "street_count": 4 }, "geometry": { "type": "Point", "coordinates": [ 133.6203274, 33.5279633 ] } },
{ "type": "Feature", "properties": { "osmid": 294071623, "y": 33.524514, "x": 133.6036743, "highway": null, "street_count": 3 }, "geometry": { "type": "Point", "coordinates": [ 133.6036743, 33.524514 ] } },
{ "type": "Feature", "properties": { "osmid": 294071631, "y": 33.5232184, "x": 133.5995606, "highway": "traffic_signals", "street_count": 4 }, "geometry": { "type": "Point", "coordinates": [ 133.5995606, 33.5232184 ] } },
{ "type": "Feature", "properties": { "osmid": 294071665, "y": 33.5234916, "x": 133.5977189, "highway": null, "street_count": 3 }, "geometry": { "type": "Point", "coordinates": [ 133.5977189, 33.5234916 ] } },
{ "type": "Feature", "properties": { "osmid": 294071685, "y": 33.5229168, "x": 133.595706, "highway": null, "street_count": 4 }, "geometry": { "type": "Point", "coordinates": [ 133.595706, 33.5229168 ] } },
{ "type": "Feature", "properties": { "osmid": 294071707, "y": 33.5222821, "x": 133.5935573, "highway": null, "street_count": 3 }, "geometry": { "type": "Point", "coordinates": [ 133.593557299999986, 33.5222821 ] } },
{ "type": "Feature", "properties": { "osmid": 294071711, "y": 33.5223606, "x": 133.5936134, "highway": null, "street_count": 3 }, "geometry": { "type": "Point", "coordinates": [ 133.59361340000001, 33.5223606 ] } },
{ "type": "Feature", "properties": { "osmid": 294071726, "y": 33.5243539, "x": 133.5899362, "highway": null, "street_count": 3 }, "geometry": { "type": "Point", "coordinates": [ 133.589936200000011, 33.5243539 ] } },
{ "type": "Feature", "properties": { "osmid": 294071731, "y": 33.5174386, "x": 133.5907904, "highway": null, "street_count": 4 }, "geometry": { "type": "Point", "coordinates": [ 133.5907904, 33.5174386 ] } },
{ "type": "Feature", "properties": { "osmid": 294071744, "y": 33.5299893, "x": 133.5846013, "highway": "crossing", "street_count": 4 }, "geometry": { "type": "Point", "coordinates": [ 133.5846013, 33.5299893 ] } },
{ "type": "Feature", "properties": { "osmid": 294071745, "y": 33.5302533, "x": 133.5844713, "highway": "crossing", "street_count": 4 }, "geometry": { "type": "Point", "coordinates": [ 133.5844713, 33.5302533 ] } },
{ "type": "Feature", "properties": { "osmid": 295336970, "y": 33.5312622, "x": 133.6032627, "highway": "crossing", "street_count": 3 }, "geometry": { "type": "Point", "coordinates": [ 133.603262699999988, 33.5312622 ] } },
{ "type": "Feature", "properties": { "osmid": 295337029, "y": 33.5300475, "x": 133.6029691, "highway": null, "street_count": 4 }, "geometry": { "type": "Point", "coordinates": [ 133.6029691, 33.5300475 ] } },
{ "type": "Feature", "properties": { "osmid": 295337060, "y": 33.5290385, "x": 133.6047192, "highway": null, "street_count": 3 }, "geometry": { "type": "Point", "coordinates": [ 133.6047192, 33.5290385 ] } },
{ "type": "Feature", "properties": { "osmid": 295337076, "y": 33.5215758, "x": 133.5929725, "highway": null, "street_count": 3 }, "geometry": { "type": "Point", "coordinates": [ 133.5929725, 33.5215758 ] } },
{ "type": "Feature", "properties": { "osmid": 295337110, "y": 33.5201999, "x": 133.5900128, "highway": null, "street_count": 3 }, "geometry": { "type": "Point", "coordinates": [ 133.590012800000011, 33.5201999 ] } },
{ "type": "Feature", "properties": { "osmid": 295337156, "y": 33.5195771, "x": 133.5900901, "highway": null, "street_count": 3 }, "geometry": { "type": "Point", "coordinates": [ 133.5900901, 33.5195771 ] } },
{ "type": "Feature", "properties": { "osmid": 304552325, "y": 33.5258647, "x": 133.6087504, "highway": "traffic_signals", "street_count": 3 }, "geometry": { "type": "Point", "coordinates": [ 133.6087504, 33.5258647 ] } },
{ "type": "Feature", "properties": { "osmid": 304552446, "y": 33.5330595, "x": 133.6120149, "highway": null, "street_count": 3 }, "geometry": { "type": "Point", "coordinates": [ 133.6120149, 33.5330595 ] } },
{ "type": "Feature", "properties": { "osmid": 304690631, "y": 33.5255267, "x": 133.6060298, "highway": "crossing", "street_count": 4 }, "geometry": { "type": "Point", "coordinates": [ 133.606029799999988, 33.5255267 ] } },
{ "type": "Feature", "properties": { "osmid": 304690635, "y": 33.5279457, "x": 133.6157893, "highway": null, "street_count": 3 }, "geometry": { "type": "Point", "coordinates": [ 133.615789299999989, 33.5279457 ] } },
{ "type": "Feature", "properties": { "osmid": 305378178, "y": 33.5310421, "x": 133.6049172, "highway": "crossing", "street_count": 4 }, "geometry": { "type": "Point", "coordinates": [ 133.604917199999988, 33.5310421 ] } },
{ "type": "Feature", "properties": { "osmid": 305378179, "y": 33.5312309, "x": 133.6065135, "highway": "crossing", "street_count": 4 }, "geometry": { "type": "Point", "coordinates": [ 133.6065135, 33.5312309 ] } },
{ "type": "Feature", "properties": { "osmid": 305548214, "y": 33.5300691, "x": 133.5844227, "highway": "traffic_signals", "street_count": 4 }, "geometry": { "type": "Point", "coordinates": [ 133.5844227, 33.5300691 ] } },
{ "type": "Feature", "properties": { "osmid": 305548228, "y": 33.5301125, "x": 133.5845364, "highway": "traffic_signals", "street_count": 4 }, "geometry": { "type": "Point", "coordinates": [ 133.5845364, 33.5301125 ] } },
{ "type": "Feature", "properties": { "osmid": 305552408, "y": 33.5200679, "x": 133.5988644, "highway": "crossing", "street_count": 4 }, "geometry": { "type": "Point", "coordinates": [ 133.5988644, 33.5200679 ] } },
{ "type": "Feature", "properties": { "osmid": 305552409, "y": 33.5202507, "x": 133.5990735, "highway": "traffic_signals", "street_count": 4 }, "geometry": { "type": "Point", "coordinates": [ 133.5990735, 33.5202507 ] } },
{ "type": "Feature", "properties": { "osmid": 305552418, "y": 33.5241695, "x": 133.6013302, "highway": "crossing", "street_count": 4 }, "geometry": { "type": "Point", "coordinates": [ 133.6013302, 33.5241695 ] } },
{ "type": "Feature", "properties": { "osmid": 305941190, "y": 33.5208787, "x": 133.5917031, "highway": "crossing", "street_count": 3 }, "geometry": { "type": "Point", "coordinates": [ 133.591703099999989, 33.5208787 ] } },
{ "type": "Feature", "properties": { "osmid": 307962814, "y": 33.52404, "x": 133.5958962, "highway": null, "street_count": 3 }, "geometry": { "type": "Point", "coordinates": [ 133.5958962, 33.52404 ] } },
{ "type": "Feature", "properties": { "osmid": 307962826, "y": 33.5279588, "x": 133.5998224, "highway": null, "street_count": 4 }, "geometry": { "type": "Point", "coordinates": [ 133.5998224, 33.5279588 ] } },
{ "type": "Feature", "properties": { "osmid": 307963075, "y": 33.5316527, "x": 133.6038938, "highway": null, "street_count": 3 }, "geometry": { "type": "Point", "coordinates": [ 133.6038938, 33.5316527 ] } },
{ "type": "Feature", "properties": { "osmid": 307963076, "y": 33.5317565, "x": 133.604205, "highway": null, "street_count": 3 }, "geometry": { "type": "Point", "coordinates": [ 133.604205, 33.5317565 ] } },
{ "type": "Feature", "properties": { "osmid": 307963088, "y": 33.5332844, "x": 133.6059787, "highway": null, "street_count": 3 }, "geometry": { "type": "Point", "coordinates": [ 133.6059787, 33.5332844 ] } },
{ "type": "Feature", "properties": { "osmid": 307963110, "y": 33.5350423, "x": 133.6085062, "highway": null, "street_count": 3 }, "geometry": { "type": "Point", "coordinates": [ 133.6085062, 33.5350423 ] } },
{ "type": "Feature", "properties": { "osmid": 307963119, "y": 33.5351154, "x": 133.6087551, "highway": null, "street_count": 3 }, "geometry": { "type": "Point", "coordinates": [ 133.6087551, 33.5351154 ] } },
{ "type": "Feature", "properties": { "osmid": 307963122, "y": 33.5351998, "x": 133.6091943, "highway": null, "street_count": 4 }, "geometry": { "type": "Point", "coordinates": [ 133.609194300000013, 33.5351998 ] } },
{ "type": "Feature", "properties": { "osmid": 307975547, "y": 33.527833, "x": 133.5703662, "highway": null, "street_count": 3 }, "geometry": { "type": "Point", "coordinates": [ 133.5703662, 33.527833 ] } },
{ "type": "Feature", "properties": { "osmid": 307975554, "y": 33.5225462, "x": 133.5726892, "highway": null, "street_count": 3 }, "geometry": { "type": "Point", "coordinates": [ 133.572689200000013, 33.5225462 ] } },
{ "type": "Feature", "properties": { "osmid": 307975567, "y": 33.5196796, "x": 133.5731151, "highway": null, "street_count": 3 }, "geometry": { "type": "Point", "coordinates": [ 133.5731151, 33.5196796 ] } },
{ "type": "Feature", "properties": { "osmid": 307976553, "y": 33.5126297, "x": 133.57425, "highway": null, "street_count": 4 }, "geometry": { "type": "Point", "coordinates": [ 133.57425, 33.5126297 ] } },
{ "type": "Feature", "properties": { "osmid": 307976555, "y": 33.5155386, "x": 133.5791259, "highway": null, "street_count": 3 }, "geometry": { "type": "Point", "coordinates": [ 133.5791259, 33.5155386 ] } },
{ "type": "Feature", "properties": { "osmid": 307976561, "y": 33.5177318, "x": 133.5845806, "highway": null, "street_count": 3 }, "geometry": { "type": "Point", "coordinates": [ 133.58458060000001, 33.5177318 ] } },
{ "type": "Feature", "properties": { "osmid": 307976566, "y": 33.5193618, "x": 133.5893286, "highway": null, "street_count": 3 }, "geometry": { "type": "Point", "coordinates": [ 133.589328599999988, 33.5193618 ] } },
{ "type": "Feature", "properties": { "osmid": 307976697, "y": 33.5233618, "x": 133.6066132, "highway": null, "street_count": 4 }, "geometry": { "type": "Point", "coordinates": [ 133.6066132, 33.5233618 ] } },
{ "type": "Feature", "properties": { "osmid": 307976707, "y": 33.5252729, "x": 133.6054592, "highway": "traffic_signals", "street_count": 3 }, "geometry": { "type": "Point", "coordinates": [ 133.605459200000013, 33.5252729 ] } },
{ "type": "Feature", "properties": { "osmid": 308120893, "y": 33.5269428, "x": 133.5841549, "highway": null, "street_count": 3 }, "geometry": { "type": "Point", "coordinates": [ 133.584154899999987, 33.5269428 ] } },
{ "type": "Feature", "properties": { "osmid": 308120900, "y": 33.5278061, "x": 133.5836298, "highway": null, "street_count": 4 }, "geometry": { "type": "Point", "coordinates": [ 133.583629800000011, 33.5278061 ] } },
{ "type": "Feature", "properties": { "osmid": 308120904, "y": 33.527845, "x": 133.5823296, "highway": null, "street_count": 4 }, "geometry": { "type": "Point", "coordinates": [ 133.5823296, 33.527845 ] } },
{ "type": "Feature", "properties": { "osmid": 308121138, "y": 33.5282186, "x": 133.5788305, "highway": null, "street_count": 3 }, "geometry": { "type": "Point", "coordinates": [ 133.5788305, 33.5282186 ] } },
{ "type": "Feature", "properties": { "osmid": 308121175, "y": 33.5287486, "x": 133.5765947, "highway": null, "street_count": 3 }, "geometry": { "type": "Point", "coordinates": [ 133.576594699999987, 33.5287486 ] } },
{ "type": "Feature", "properties": { "osmid": 308121191, "y": 33.5281437, "x": 133.5768023, "highway": null, "street_count": 3 }, "geometry": { "type": "Point", "coordinates": [ 133.5768023, 33.5281437 ] } },
{ "type": "Feature", "properties": { "osmid": 308121205, "y": 33.5254422, "x": 133.5765921, "highway": null, "street_count": 4 }, "geometry": { "type": "Point", "coordinates": [ 133.5765921, 33.5254422 ] } },
{ "type": "Feature", "properties": { "osmid": 308121211, "y": 33.5247013, "x": 133.5758695, "highway": null, "street_count": 3 }, "geometry": { "type": "Point", "coordinates": [ 133.57586950000001, 33.5247013 ] } },
{ "type": "Feature", "properties": { "osmid": 308121212, "y": 33.5244888, "x": 133.5750907, "highway": null, "street_count": 3 }, "geometry": { "type": "Point", "coordinates": [ 133.5750907, 33.5244888 ] } },
{ "type": "Feature", "properties": { "osmid": 308121215, "y": 33.5239581, "x": 133.5753701, "highway": null, "street_count": 4 }, "geometry": { "type": "Point", "coordinates": [ 133.575370099999986, 33.5239581 ] } },
{ "type": "Feature", "properties": { "osmid": 394708810, "y": 33.5265011, "x": 133.6205098, "highway": null, "street_count": 3 }, "geometry": { "type": "Point", "coordinates": [ 133.6205098, 33.5265011 ] } },
{ "type": "Feature", "properties": { "osmid": 394708821, "y": 33.5287555, "x": 133.6296748, "highway": null, "street_count": 3 }, "geometry": { "type": "Point", "coordinates": [ 133.6296748, 33.5287555 ] } },
{ "type": "Feature", "properties": { "osmid": 394708838, "y": 33.5400962, "x": 133.6287238, "highway": null, "street_count": 3 }, "geometry": { "type": "Point", "coordinates": [ 133.628723799999989, 33.5400962 ] } },
{ "type": "Feature", "properties": { "osmid": 394708879, "y": 33.5238142, "x": 133.6124226, "highway": null, "street_count": 3 }, "geometry": { "type": "Point", "coordinates": [ 133.6124226, 33.5238142 ] } },
{ "type": "Feature", "properties": { "osmid": 394708893, "y": 33.53939, "x": 133.6290356, "highway": null, "street_count": 4 }, "geometry": { "type": "Point", "coordinates": [ 133.6290356, 33.53939 ] } },
{ "type": "Feature", "properties": { "osmid": 394709025, "y": 33.5377428, "x": 133.6256477, "highway": null, "street_count": 3 }, "geometry": { "type": "Point", "coordinates": [ 133.6256477, 33.5377428 ] } },
{ "type": "Feature", "properties": { "osmid": 394709191, "y": 33.5299741, "x": 133.6308958, "highway": null, "street_count": 4 }, "geometry": { "type": "Point", "coordinates": [ 133.6308958, 33.5299741 ] } },
{ "type": "Feature", "properties": { "osmid": 411228968, "y": 33.5070253, "x": 133.5710766, "highway": "crossing", "street_count": 4 }, "geometry": { "type": "Point", "coordinates": [ 133.5710766, 33.5070253 ] } },
{ "type": "Feature", "properties": { "osmid": 564443318, "y": 33.5017877, "x": 133.5635856, "highway": null, "street_count": 3 }, "geometry": { "type": "Point", "coordinates": [ 133.56358560000001, 33.5017877 ] } },
{ "type": "Feature", "properties": { "osmid": 564443342, "y": 33.5018529, "x": 133.5677619, "highway": null, "street_count": 3 }, "geometry": { "type": "Point", "coordinates": [ 133.5677619, 33.5018529 ] } },
{ "type": "Feature", "properties": { "osmid": 564443359, "y": 33.5042541, "x": 133.5631506, "highway": null, "street_count": 3 }, "geometry": { "type": "Point", "coordinates": [ 133.5631506, 33.5042541 ] } },
{ "type": "Feature", "properties": { "osmid": 564443362, "y": 33.5035687, "x": 133.5644887, "highway": null, "street_count": 3 }, "geometry": { "type": "Point", "coordinates": [ 133.5644887, 33.5035687 ] } },
{ "type": "Feature", "properties": { "osmid": 564443381, "y": 33.5052335, "x": 133.5700336, "highway": null, "street_count": 3 }, "geometry": { "type": "Point", "coordinates": [ 133.570033599999988, 33.5052335 ] } },
{ "type": "Feature", "properties": { "osmid": 564443386, "y": 33.5067384, "x": 133.5707017, "highway": null, "street_count": 3 }, "geometry": { "type": "Point", "coordinates": [ 133.5707017, 33.5067384 ] } },
{ "type": "Feature", "properties": { "osmid": 564443388, "y": 33.5067008, "x": 133.5707388, "highway": null, "street_count": 4 }, "geometry": { "type": "Point", "coordinates": [ 133.570738799999987, 33.5067008 ] } },
{ "type": "Feature", "properties": { "osmid": 564443389, "y": 33.5057684, "x": 133.5703593, "highway": null, "street_count": 3 }, "geometry": { "type": "Point", "coordinates": [ 133.5703593, 33.5057684 ] } },
{ "type": "Feature", "properties": { "osmid": 564443392, "y": 33.5082327, "x": 133.5685732, "highway": null, "street_count": 4 }, "geometry": { "type": "Point", "coordinates": [ 133.5685732, 33.5082327 ] } },
{ "type": "Feature", "properties": { "osmid": 564443396, "y": 33.5057642, "x": 133.5663928, "highway": null, "street_count": 3 }, "geometry": { "type": "Point", "coordinates": [ 133.566392799999988, 33.5057642 ] } },
{ "type": "Feature", "properties": { "osmid": 564443563, "y": 33.5105668, "x": 133.5706165, "highway": null, "street_count": 3 }, "geometry": { "type": "Point", "coordinates": [ 133.5706165, 33.5105668 ] } },
{ "type": "Feature", "properties": { "osmid": 564443564, "y": 33.5098341, "x": 133.5699264, "highway": null, "street_count": 4 }, "geometry": { "type": "Point", "coordinates": [ 133.569926400000014, 33.5098341 ] } },
{ "type": "Feature", "properties": { "osmid": 564443603, "y": 33.5136876, "x": 133.5737179, "highway": "traffic_signals", "street_count": 3 }, "geometry": { "type": "Point", "coordinates": [ 133.5737179, 33.5136876 ] } },
{ "type": "Feature", "properties": { "osmid": 725217306, "y": 33.5311147, "x": 133.6049958, "highway": null, "street_count": 3 }, "geometry": { "type": "Point", "coordinates": [ 133.604995800000012, 33.5311147 ] } },
{ "type": "Feature", "properties": { "osmid": 725217815, "y": 33.5259176, "x": 133.5908264, "highway": null, "street_count": 3 }, "geometry": { "type": "Point", "coordinates": [ 133.5908264, 33.5259176 ] } },
{ "type": "Feature", "properties": { "osmid": 725217828, "y": 33.5304748, "x": 133.5862075, "highway": "traffic_signals", "street_count": 4 }, "geometry": { "type": "Point", "coordinates": [ 133.5862075, 33.5304748 ] } },
{ "type": "Feature", "properties": { "osmid": 725217838, "y": 33.5296697, "x": 133.5832606, "highway": null, "street_count": 3 }, "geometry": { "type": "Point", "coordinates": [ 133.583260599999988, 33.5296697 ] } },
{ "type": "Feature", "properties": { "osmid": 726964111, "y": 33.5350443, "x": 133.6125288, "highway": null, "street_count": 3 }, "geometry": { "type": "Point", "coordinates": [ 133.6125288, 33.5350443 ] } },
{ "type": "Feature", "properties": { "osmid": 769147176, "y": 33.5129977, "x": 133.5797375, "highway": null, "street_count": 3 }, "geometry": { "type": "Point", "coordinates": [ 133.5797375, 33.5129977 ] } },
{ "type": "Feature", "properties": { "osmid": 769147519, "y": 33.531698, "x": 133.6028031, "highway": null, "street_count": 4 }, "geometry": { "type": "Point", "coordinates": [ 133.602803099999988, 33.531698 ] } },
{ "type": "Feature", "properties": { "osmid": 769147664, "y": 33.5105072, "x": 133.5754658, "highway": null, "street_count": 4 }, "geometry": { "type": "Point", "coordinates": [ 133.575465799999989, 33.5105072 ] } },
{ "type": "Feature", "properties": { "osmid": 807636504, "y": 33.5204223, "x": 133.5956997, "highway": null, "street_count": 3 }, "geometry": { "type": "Point", "coordinates": [ 133.595699700000011, 33.5204223 ] } },
{ "type": "Feature", "properties": { "osmid": 807636802, "y": 33.520251, "x": 133.5942783, "highway": null, "street_count": 3 }, "geometry": { "type": "Point", "coordinates": [ 133.594278300000013, 33.520251 ] } },
{ "type": "Feature", "properties": { "osmid": 807636815, "y": 33.532843, "x": 133.6102884, "highway": null, "street_count": 3 }, "geometry": { "type": "Point", "coordinates": [ 133.6102884, 33.532843 ] } },
{ "type": "Feature", "properties": { "osmid": 807637225, "y": 33.5371624, "x": 133.6244864, "highway": null, "street_count": 3 }, "geometry": { "type": "Point", "coordinates": [ 133.6244864, 33.5371624 ] } },
{ "type": "Feature", "properties": { "osmid": 807637402, "y": 33.5332238, "x": 133.6099321, "highway": null, "street_count": 3 }, "geometry": { "type": "Point", "coordinates": [ 133.6099321, 33.5332238 ] } },
{ "type": "Feature", "properties": { "osmid": 807637512, "y": 33.519896, "x": 133.5921342, "highway": null, "street_count": 3 }, "geometry": { "type": "Point", "coordinates": [ 133.5921342, 33.519896 ] } },
{ "type": "Feature", "properties": { "osmid": 1038120084, "y": 33.5300126, "x": 133.6027007, "highway": null, "street_count": 3 }, "geometry": { "type": "Point", "coordinates": [ 133.602700700000014, 33.5300126 ] } },
{ "type": "Feature", "properties": { "osmid": 1038120115, "y": 33.5337485, "x": 133.6063128, "highway": null, "street_count": 4 }, "geometry": { "type": "Point", "coordinates": [ 133.606312800000012, 33.5337485 ] } },
{ "type": "Feature", "properties": { "osmid": 1038120137, "y": 33.5338859, "x": 133.6096849, "highway": null, "street_count": 3 }, "geometry": { "type": "Point", "coordinates": [ 133.6096849, 33.5338859 ] } },
{ "type": "Feature", "properties": { "osmid": 1038120171, "y": 33.5347607, "x": 133.6108236, "highway": null, "street_count": 3 }, "geometry": { "type": "Point", "coordinates": [ 133.6108236, 33.5347607 ] } },
{ "type": "Feature", "properties": { "osmid": 1038120175, "y": 33.5351536, "x": 133.6108618, "highway": null, "street_count": 4 }, "geometry": { "type": "Point", "coordinates": [ 133.6108618, 33.5351536 ] } },
{ "type": "Feature", "properties": { "osmid": 1038120185, "y": 33.5347252, "x": 133.6093715, "highway": null, "street_count": 3 }, "geometry": { "type": "Point", "coordinates": [ 133.6093715, 33.5347252 ] } },
{ "type": "Feature", "properties": { "osmid": 1038120274, "y": 33.5340037, "x": 133.6101394, "highway": null, "street_count": 3 }, "geometry": { "type": "Point", "coordinates": [ 133.6101394, 33.5340037 ] } },
{ "type": "Feature", "properties": { "osmid": 1038120277, "y": 33.5314722, "x": 133.6024657, "highway": null, "street_count": 3 }, "geometry": { "type": "Point", "coordinates": [ 133.60246570000001, 33.5314722 ] } },
{ "type": "Feature", "properties": { "osmid": 1038120281, "y": 33.534363, "x": 133.6107792, "highway": null, "street_count": 3 }, "geometry": { "type": "Point", "coordinates": [ 133.6107792, 33.534363 ] } },
{ "type": "Feature", "properties": { "osmid": 1038120289, "y": 33.5319914, "x": 133.6046302, "highway": null, "street_count": 3 }, "geometry": { "type": "Point", "coordinates": [ 133.6046302, 33.5319914 ] } },
{ "type": "Feature", "properties": { "osmid": 1038120298, "y": 33.5348396, "x": 133.6098247, "highway": null, "street_count": 3 }, "geometry": { "type": "Point", "coordinates": [ 133.6098247, 33.5348396 ] } },
{ "type": "Feature", "properties": { "osmid": 1038120299, "y": 33.5301045, "x": 133.6025228, "highway": null, "street_count": 3 }, "geometry": { "type": "Point", "coordinates": [ 133.6025228, 33.5301045 ] } },
{ "type": "Feature", "properties": { "osmid": 1038120328, "y": 33.5344271, "x": 133.6099529, "highway": null, "street_count": 3 }, "geometry": { "type": "Point", "coordinates": [ 133.6099529, 33.5344271 ] } },
{ "type": "Feature", "properties": { "osmid": 1038120416, "y": 33.5294887, "x": 133.6027248, "highway": null, "street_count": 1 }, "geometry": { "type": "Point", "coordinates": [ 133.6027248, 33.5294887 ] } },
{ "type": "Feature", "properties": { "osmid": 1038120434, "y": 33.5343077, "x": 133.607144, "highway": null, "street_count": 3 }, "geometry": { "type": "Point", "coordinates": [ 133.607144, 33.5343077 ] } },
{ "type": "Feature", "properties": { "osmid": 1038120441, "y": 33.5340143, "x": 133.6101072, "highway": null, "street_count": 3 }, "geometry": { "type": "Point", "coordinates": [ 133.610107199999987, 33.5340143 ] } },
{ "type": "Feature", "properties": { "osmid": 1078632335, "y": 33.5330756, "x": 133.6135308, "highway": null, "street_count": 3 }, "geometry": { "type": "Point", "coordinates": [ 133.6135308, 33.5330756 ] } },
{ "type": "Feature", "properties": { "osmid": 1078632361, "y": 33.5325098, "x": 133.6141316, "highway": null, "street_count": 3 }, "geometry": { "type": "Point", "coordinates": [ 133.6141316, 33.5325098 ] } },
{ "type": "Feature", "properties": { "osmid": 1078632373, "y": 33.5203471, "x": 133.5973688, "highway": null, "street_count": 4 }, "geometry": { "type": "Point", "coordinates": [ 133.5973688, 33.5203471 ] } },
{ "type": "Feature", "properties": { "osmid": 1078632442, "y": 33.5272649, "x": 133.6119648, "highway": null, "street_count": 3 }, "geometry": { "type": "Point", "coordinates": [ 133.61196480000001, 33.5272649 ] } },
{ "type": "Feature", "properties": { "osmid": 1078632485, "y": 33.5249222, "x": 133.6110459, "highway": null, "street_count": 3 }, "geometry": { "type": "Point", "coordinates": [ 133.6110459, 33.5249222 ] } },
{ "type": "Feature", "properties": { "osmid": 1078632486, "y": 33.5318299, "x": 133.6141111, "highway": null, "street_count": 3 }, "geometry": { "type": "Point", "coordinates": [ 133.6141111, 33.5318299 ] } },
{ "type": "Feature", "properties": { "osmid": 1078632496, "y": 33.5312159, "x": 133.6207875, "highway": null, "street_count": 3 }, "geometry": { "type": "Point", "coordinates": [ 133.6207875, 33.5312159 ] } },
{ "type": "Feature", "properties": { "osmid": 1078632503, "y": 33.5203214, "x": 133.5998651, "highway": null, "street_count": 3 }, "geometry": { "type": "Point", "coordinates": [ 133.599865099999988, 33.5203214 ] } },
{ "type": "Feature", "properties": { "osmid": 1078632551, "y": 33.5246186, "x": 133.6185382, "highway": null, "street_count": 3 }, "geometry": { "type": "Point", "coordinates": [ 133.618538199999989, 33.5246186 ] } },
{ "type": "Feature", "properties": { "osmid": 1078632577, "y": 33.525272, "x": 133.6113138, "highway": null, "street_count": 3 }, "geometry": { "type": "Point", "coordinates": [ 133.6113138, 33.525272 ] } },
{ "type": "Feature", "properties": { "osmid": 1078632588, "y": 33.5264709, "x": 133.6118188, "highway": null, "street_count": 3 }, "geometry": { "type": "Point", "coordinates": [ 133.6118188, 33.5264709 ] } },
{ "type": "Feature", "properties": { "osmid": 1078632603, "y": 33.5274817, "x": 133.6115973, "highway": null, "street_count": 3 }, "geometry": { "type": "Point", "coordinates": [ 133.6115973, 33.5274817 ] } },
{ "type": "Feature", "properties": { "osmid": 1078632616, "y": 33.5244925, "x": 133.6180915, "highway": null, "street_count": 3 }, "geometry": { "type": "Point", "coordinates": [ 133.6180915, 33.5244925 ] } },
{ "type": "Feature", "properties": { "osmid": 1078632629, "y": 33.5343626, "x": 133.6072355, "highway": null, "street_count": 3 }, "geometry": { "type": "Point", "coordinates": [ 133.6072355, 33.5343626 ] } },
{ "type": "Feature", "properties": { "osmid": 1078632640, "y": 33.5224924, "x": 133.6069126, "highway": null, "street_count": 3 }, "geometry": { "type": "Point", "coordinates": [ 133.606912599999987, 33.5224924 ] } },
{ "type": "Feature", "properties": { "osmid": 1078632662, "y": 33.532935, "x": 133.6143622, "highway": null, "street_count": 3 }, "geometry": { "type": "Point", "coordinates": [ 133.614362199999988, 33.532935 ] } },
{ "type": "Feature", "properties": { "osmid": 1078632665, "y": 33.5266333, "x": 133.6113453, "highway": null, "street_count": 1 }, "geometry": { "type": "Point", "coordinates": [ 133.611345300000011, 33.5266333 ] } },
{ "type": "Feature", "properties": { "osmid": 1078632771, "y": 33.5337502, "x": 133.6128111, "highway": null, "street_count": 3 }, "geometry": { "type": "Point", "coordinates": [ 133.612811099999988, 33.5337502 ] } },
{ "type": "Feature", "properties": { "osmid": 1078632784, "y": 33.5242368, "x": 133.6112103, "highway": null, "street_count": 3 }, "geometry": { "type": "Point", "coordinates": [ 133.61121030000001, 33.5242368 ] } },
{ "type": "Feature", "properties": { "osmid": 1078632795, "y": 33.5233299, "x": 133.5973222, "highway": null, "street_count": 3 }, "geometry": { "type": "Point", "coordinates": [ 133.5973222, 33.5233299 ] } },
{ "type": "Feature", "properties": { "osmid": 1078632810, "y": 33.5321064, "x": 133.6153639, "highway": null, "street_count": 3 }, "geometry": { "type": "Point", "coordinates": [ 133.6153639, 33.5321064 ] } },
{ "type": "Feature", "properties": { "osmid": 1078632832, "y": 33.532928, "x": 133.6141485, "highway": null, "street_count": 3 }, "geometry": { "type": "Point", "coordinates": [ 133.6141485, 33.532928 ] } },
{ "type": "Feature", "properties": { "osmid": 1078632856, "y": 33.5245394, "x": 133.6186064, "highway": null, "street_count": 3 }, "geometry": { "type": "Point", "coordinates": [ 133.6186064, 33.5245394 ] } },
{ "type": "Feature", "properties": { "osmid": 1078633017, "y": 33.5271811, "x": 133.6120369, "highway": null, "street_count": 1 }, "geometry": { "type": "Point", "coordinates": [ 133.6120369, 33.5271811 ] } },
{ "type": "Feature", "properties": { "osmid": 1078633054, "y": 33.5313407, "x": 133.6083331, "highway": null, "street_count": 3 }, "geometry": { "type": "Point", "coordinates": [ 133.60833310000001, 33.5313407 ] } },
{ "type": "Feature", "properties": { "osmid": 1078633060, "y": 33.5325685, "x": 133.6159565, "highway": null, "street_count": 3 }, "geometry": { "type": "Point", "coordinates": [ 133.61595650000001, 33.5325685 ] } },
{ "type": "Feature", "properties": { "osmid": 1078633207, "y": 33.5321794, "x": 133.6141191, "highway": null, "street_count": 3 }, "geometry": { "type": "Point", "coordinates": [ 133.614119100000011, 33.5321794 ] } },
{ "type": "Feature", "properties": { "osmid": 1078633343, "y": 33.5238177, "x": 133.6125053, "highway": null, "street_count": 3 }, "geometry": { "type": "Point", "coordinates": [ 133.6125053, 33.5238177 ] } },
{ "type": "Feature", "properties": { "osmid": 1078633639, "y": 33.5329792, "x": 133.6160567, "highway": null, "street_count": 3 }, "geometry": { "type": "Point", "coordinates": [ 133.6160567, 33.5329792 ] } },
{ "type": "Feature", "properties": { "osmid": 1078633692, "y": 33.5330075, "x": 133.612719, "highway": null, "street_count": 3 }, "geometry": { "type": "Point", "coordinates": [ 133.612719, 33.5330075 ] } },
{ "type": "Feature", "properties": { "osmid": 1078633712, "y": 33.5329535, "x": 133.6135042, "highway": null, "street_count": 3 }, "geometry": { "type": "Point", "coordinates": [ 133.6135042, 33.5329535 ] } },
{ "type": "Feature", "properties": { "osmid": 1078633731, "y": 33.5316981, "x": 133.6204326, "highway": null, "street_count": 1 }, "geometry": { "type": "Point", "coordinates": [ 133.620432599999987, 33.5316981 ] } },
{ "type": "Feature", "properties": { "osmid": 1085588627, "y": 33.5252041, "x": 133.605349, "highway": "crossing", "street_count": 4 }, "geometry": { "type": "Point", "coordinates": [ 133.605349, 33.5252041 ] } },
{ "type": "Feature", "properties": { "osmid": 1085589078, "y": 33.5106344, "x": 133.5757094, "highway": "crossing", "street_count": 4 }, "geometry": { "type": "Point", "coordinates": [ 133.5757094, 33.5106344 ] } },
{ "type": "Feature", "properties": { "osmid": 1085589675, "y": 33.5233037, "x": 133.5996058, "highway": "crossing", "street_count": 4 }, "geometry": { "type": "Point", "coordinates": [ 133.5996058, 33.5233037 ] } },
{ "type": "Feature", "properties": { "osmid": 1085589950, "y": 33.5175893, "x": 133.5907204, "highway": "crossing", "street_count": 4 }, "geometry": { "type": "Point", "coordinates": [ 133.5907204, 33.5175893 ] } },
{ "type": "Feature", "properties": { "osmid": 1085590081, "y": 33.5069865, "x": 133.5709987, "highway": "traffic_signals", "street_count": 4 }, "geometry": { "type": "Point", "coordinates": [ 133.5709987, 33.5069865 ] } },
{ "type": "Feature", "properties": { "osmid": 1085590177, "y": 33.5106888, "x": 133.5755204, "highway": null, "street_count": 4 }, "geometry": { "type": "Point", "coordinates": [ 133.575520399999988, 33.5106888 ] } },
{ "type": "Feature", "properties": { "osmid": 1085590195, "y": 33.5255736, "x": 133.605864, "highway": "crossing", "street_count": 4 }, "geometry": { "type": "Point", "coordinates": [ 133.605864, 33.5255736 ] } },
{ "type": "Feature", "properties": { "osmid": 1085590247, "y": 33.5175522, "x": 133.5906185, "highway": "crossing", "street_count": 4 }, "geometry": { "type": "Point", "coordinates": [ 133.5906185, 33.5175522 ] } },
{ "type": "Feature", "properties": { "osmid": 1085590625, "y": 33.507511, "x": 133.5723415, "highway": null, "street_count": 3 }, "geometry": { "type": "Point", "coordinates": [ 133.5723415, 33.507511 ] } },
{ "type": "Feature", "properties": { "osmid": 1085590735, "y": 33.5136466, "x": 133.5735901, "highway": null, "street_count": 3 }, "geometry": { "type": "Point", "coordinates": [ 133.5735901, 33.5136466 ] } },
{ "type": "Feature", "properties": { "osmid": 1085591012, "y": 33.5242381, "x": 133.6017229, "highway": "crossing", "street_count": 4 }, "geometry": { "type": "Point", "coordinates": [ 133.6017229, 33.5242381 ] } },
{ "type": "Feature", "properties": { "osmid": 1085591553, "y": 33.5231399, "x": 133.599519, "highway": "crossing", "street_count": 4 }, "geometry": { "type": "Point", "coordinates": [ 133.599519, 33.5231399 ] } },
{ "type": "Feature", "properties": { "osmid": 1296876906, "y": 33.5224928, "x": 133.5935047, "highway": null, "street_count": 3 }, "geometry": { "type": "Point", "coordinates": [ 133.593504700000011, 33.5224928 ] } },
{ "type": "Feature", "properties": { "osmid": 1430659311, "y": 33.5252209, "x": 133.6010705, "highway": null, "street_count": 3 }, "geometry": { "type": "Point", "coordinates": [ 133.6010705, 33.5252209 ] } },
{ "type": "Feature", "properties": { "osmid": 1430659327, "y": 33.5262255, "x": 133.6005994, "highway": null, "street_count": 3 }, "geometry": { "type": "Point", "coordinates": [ 133.6005994, 33.5262255 ] } },
{ "type": "Feature", "properties": { "osmid": 1430659337, "y": 33.5270741, "x": 133.6010925, "highway": null, "street_count": 3 }, "geometry": { "type": "Point", "coordinates": [ 133.6010925, 33.5270741 ] } },
{ "type": "Feature", "properties": { "osmid": 1430659356, "y": 33.5289516, "x": 133.5994518, "highway": null, "street_count": 3 }, "geometry": { "type": "Point", "coordinates": [ 133.5994518, 33.5289516 ] } },
{ "type": "Feature", "properties": { "osmid": 1430659360, "y": 33.5291436, "x": 133.6004881, "highway": null, "street_count": 4 }, "geometry": { "type": "Point", "coordinates": [ 133.6004881, 33.5291436 ] } },
{ "type": "Feature", "properties": { "osmid": 1430659367, "y": 33.5299742, "x": 133.6002918, "highway": null, "street_count": 3 }, "geometry": { "type": "Point", "coordinates": [ 133.6002918, 33.5299742 ] } },
{ "type": "Feature", "properties": { "osmid": 1430659376, "y": 33.5306849, "x": 133.5990132, "highway": null, "street_count": 3 }, "geometry": { "type": "Point", "coordinates": [ 133.5990132, 33.5306849 ] } },
{ "type": "Feature", "properties": { "osmid": 1430659379, "y": 33.5314029, "x": 133.6046176, "highway": null, "street_count": 4 }, "geometry": { "type": "Point", "coordinates": [ 133.604617600000012, 33.5314029 ] } },
{ "type": "Feature", "properties": { "osmid": 1430659382, "y": 33.5316694, "x": 133.6076998, "highway": null, "street_count": 3 }, "geometry": { "type": "Point", "coordinates": [ 133.6076998, 33.5316694 ] } },
{ "type": "Feature", "properties": { "osmid": 1430659384, "y": 33.5317853, "x": 133.6081603, "highway": null, "street_count": 4 }, "geometry": { "type": "Point", "coordinates": [ 133.6081603, 33.5317853 ] } },
{ "type": "Feature", "properties": { "osmid": 1430659388, "y": 33.5321851, "x": 133.6089498, "highway": null, "street_count": 3 }, "geometry": { "type": "Point", "coordinates": [ 133.6089498, 33.5321851 ] } },
{ "type": "Feature", "properties": { "osmid": 1430659393, "y": 33.5331036, "x": 133.6071973, "highway": null, "street_count": 3 }, "geometry": { "type": "Point", "coordinates": [ 133.6071973, 33.5331036 ] } },
{ "type": "Feature", "properties": { "osmid": 1430659394, "y": 33.5334162, "x": 133.6070589, "highway": null, "street_count": 3 }, "geometry": { "type": "Point", "coordinates": [ 133.6070589, 33.5334162 ] } },
{ "type": "Feature", "properties": { "osmid": 1430659395, "y": 33.5332005, "x": 133.6099517, "highway": null, "street_count": 3 }, "geometry": { "type": "Point", "coordinates": [ 133.609951700000011, 33.5332005 ] } },
{ "type": "Feature", "properties": { "osmid": 1442210968, "y": 33.5017046, "x": 133.5671281, "highway": null, "street_count": 3 }, "geometry": { "type": "Point", "coordinates": [ 133.5671281, 33.5017046 ] } },
{ "type": "Feature", "properties": { "osmid": 1442210969, "y": 33.5018198, "x": 133.5675955, "highway": null, "street_count": 3 }, "geometry": { "type": "Point", "coordinates": [ 133.56759550000001, 33.5018198 ] } },
{ "type": "Feature", "properties": { "osmid": 1442210970, "y": 33.5018748, "x": 133.5671711, "highway": null, "street_count": 4 }, "geometry": { "type": "Point", "coordinates": [ 133.5671711, 33.5018748 ] } },
{ "type": "Feature", "properties": { "osmid": 1442210973, "y": 33.5021761, "x": 133.5638366, "highway": null, "street_count": 3 }, "geometry": { "type": "Point", "coordinates": [ 133.5638366, 33.5021761 ] } },
{ "type": "Feature", "properties": { "osmid": 1442210975, "y": 33.5025816, "x": 133.5639777, "highway": null, "street_count": 4 }, "geometry": { "type": "Point", "coordinates": [ 133.5639777, 33.5025816 ] } },
{ "type": "Feature", "properties": { "osmid": 1442210977, "y": 33.5026486, "x": 133.567433, "highway": null, "street_count": 3 }, "geometry": { "type": "Point", "coordinates": [ 133.567433, 33.5026486 ] } },
{ "type": "Feature", "properties": { "osmid": 1442210980, "y": 33.5029218, "x": 133.5627817, "highway": null, "street_count": 3 }, "geometry": { "type": "Point", "coordinates": [ 133.562781699999988, 33.5029218 ] } },
{ "type": "Feature", "properties": { "osmid": 1442210986, "y": 33.5075921, "x": 133.5697376, "highway": null, "street_count": 4 }, "geometry": { "type": "Point", "coordinates": [ 133.5697376, 33.5075921 ] } },
{ "type": "Feature", "properties": { "osmid": 1442210994, "y": 33.5116765, "x": 133.5748503, "highway": null, "street_count": 3 }, "geometry": { "type": "Point", "coordinates": [ 133.5748503, 33.5116765 ] } },
{ "type": "Feature", "properties": { "osmid": 1442210998, "y": 33.5134154, "x": 133.5737952, "highway": null, "street_count": 4 }, "geometry": { "type": "Point", "coordinates": [ 133.5737952, 33.5134154 ] } },
{ "type": "Feature", "properties": { "osmid": 1442211001, "y": 33.513924, "x": 133.5736901, "highway": null, "street_count": 3 }, "geometry": { "type": "Point", "coordinates": [ 133.5736901, 33.513924 ] } },
{ "type": "Feature", "properties": { "osmid": 1442211002, "y": 33.5140209, "x": 133.5738212, "highway": null, "street_count": 3 }, "geometry": { "type": "Point", "coordinates": [ 133.5738212, 33.5140209 ] } },
{ "type": "Feature", "properties": { "osmid": 1442211012, "y": 33.514907, "x": 133.5747902, "highway": null, "street_count": 4 }, "geometry": { "type": "Point", "coordinates": [ 133.5747902, 33.514907 ] } },
{ "type": "Feature", "properties": { "osmid": 1442211069, "y": 33.5157848, "x": 133.5770186, "highway": null, "street_count": 3 }, "geometry": { "type": "Point", "coordinates": [ 133.5770186, 33.5157848 ] } },
{ "type": "Feature", "properties": { "osmid": 1442211074, "y": 33.5159837, "x": 133.5828599, "highway": null, "street_count": 4 }, "geometry": { "type": "Point", "coordinates": [ 133.582859899999988, 33.5159837 ] } },
{ "type": "Feature", "properties": { "osmid": 1442211081, "y": 33.5163653, "x": 133.5770425, "highway": null, "street_count": 3 }, "geometry": { "type": "Point", "coordinates": [ 133.5770425, 33.5163653 ] } },
{ "type": "Feature", "properties": { "osmid": 1442211085, "y": 33.5167192, "x": 133.5850715, "highway": null, "street_count": 4 }, "geometry": { "type": "Point", "coordinates": [ 133.5850715, 33.5167192 ] } },
{ "type": "Feature", "properties": { "osmid": 1442211092, "y": 33.517114, "x": 133.5794483, "highway": null, "street_count": 3 }, "geometry": { "type": "Point", "coordinates": [ 133.5794483, 33.517114 ] } },
{ "type": "Feature", "properties": { "osmid": 1442211096, "y": 33.5174335, "x": 133.5793971, "highway": null, "street_count": 4 }, "geometry": { "type": "Point", "coordinates": [ 133.5793971, 33.5174335 ] } },
{ "type": "Feature", "properties": { "osmid": 1442211102, "y": 33.5180187, "x": 133.581272, "highway": null, "street_count": 3 }, "geometry": { "type": "Point", "coordinates": [ 133.581272, 33.5180187 ] } },
{ "type": "Feature", "properties": { "osmid": 1442211106, "y": 33.5183304, "x": 133.592958, "highway": null, "street_count": 3 }, "geometry": { "type": "Point", "coordinates": [ 133.592958, 33.5183304 ] } },
{ "type": "Feature", "properties": { "osmid": 1442211113, "y": 33.5187805, "x": 133.5850307, "highway": null, "street_count": 3 }, "geometry": { "type": "Point", "coordinates": [ 133.5850307, 33.5187805 ] } },
{ "type": "Feature", "properties": { "osmid": 1442211119, "y": 33.5190788, "x": 133.592642, "highway": null, "street_count": 3 }, "geometry": { "type": "Point", "coordinates": [ 133.592642, 33.5190788 ] } },
{ "type": "Feature", "properties": { "osmid": 1442211121, "y": 33.5193908, "x": 133.5872361, "highway": null, "street_count": 3 }, "geometry": { "type": "Point", "coordinates": [ 133.587236100000013, 33.5193908 ] } },
{ "type": "Feature", "properties": { "osmid": 1442211123, "y": 33.519928, "x": 133.5923076, "highway": null, "street_count": 3 }, "geometry": { "type": "Point", "coordinates": [ 133.5923076, 33.519928 ] } },
{ "type": "Feature", "properties": { "osmid": 1442211124, "y": 33.5199537, "x": 133.589076, "highway": null, "street_count": 3 }, "geometry": { "type": "Point", "coordinates": [ 133.589076, 33.5199537 ] } },
{ "type": "Feature", "properties": { "osmid": 1442211125, "y": 33.5200405, "x": 133.5894021, "highway": null, "street_count": 3 }, "geometry": { "type": "Point", "coordinates": [ 133.5894021, 33.5200405 ] } },
{ "type": "Feature", "properties": { "osmid": 1556516373, "y": 33.521005, "x": 133.602295, "highway": null, "street_count": 3 }, "geometry": { "type": "Point", "coordinates": [ 133.602295, 33.521005 ] } },
{ "type": "Feature", "properties": { "osmid": 1556516392, "y": 33.5219993, "x": 133.6044711, "highway": null, "street_count": 3 }, "geometry": { "type": "Point", "coordinates": [ 133.604471100000012, 33.5219993 ] } },
{ "type": "Feature", "properties": { "osmid": 1556516419, "y": 33.5226742, "x": 133.6015069, "highway": null, "street_count": 3 }, "geometry": { "type": "Point", "coordinates": [ 133.6015069, 33.5226742 ] } },
{ "type": "Feature", "properties": { "osmid": 1556516422, "y": 33.5226995, "x": 133.607805, "highway": null, "street_count": 3 }, "geometry": { "type": "Point", "coordinates": [ 133.607805, 33.5226995 ] } },
{ "type": "Feature", "properties": { "osmid": 1556516426, "y": 33.5231726, "x": 133.604064, "highway": null, "street_count": 4 }, "geometry": { "type": "Point", "coordinates": [ 133.604064, 33.5231726 ] } },
{ "type": "Feature", "properties": { "osmid": 1556516427, "y": 33.5231987, "x": 133.609707, "highway": null, "street_count": 3 }, "geometry": { "type": "Point", "coordinates": [ 133.609707, 33.5231987 ] } },
{ "type": "Feature", "properties": { "osmid": 1556516442, "y": 33.5235709, "x": 133.6075368, "highway": null, "street_count": 4 }, "geometry": { "type": "Point", "coordinates": [ 133.6075368, 33.5235709 ] } },
{ "type": "Feature", "properties": { "osmid": 1556516446, "y": 33.523647, "x": 133.61878, "highway": null, "street_count": 1 }, "geometry": { "type": "Point", "coordinates": [ 133.61878, 33.523647 ] } },
{ "type": "Feature", "properties": { "osmid": 1556516454, "y": 33.5239992, "x": 133.609472, "highway": null, "street_count": 4 }, "geometry": { "type": "Point", "coordinates": [ 133.609472, 33.5239992 ] } },
{ "type": "Feature", "properties": { "osmid": 1556516468, "y": 33.52404, "x": 133.604779, "highway": null, "street_count": 3 }, "geometry": { "type": "Point", "coordinates": [ 133.604779, 33.52404 ] } },
{ "type": "Feature", "properties": { "osmid": 1556516472, "y": 33.5241855, "x": 133.6062245, "highway": null, "street_count": 4 }, "geometry": { "type": "Point", "coordinates": [ 133.6062245, 33.5241855 ] } },
{ "type": "Feature", "properties": { "osmid": 1556516494, "y": 33.524475, "x": 133.607253, "highway": null, "street_count": 3 }, "geometry": { "type": "Point", "coordinates": [ 133.607253, 33.524475 ] } },
{ "type": "Feature", "properties": { "osmid": 1556516521, "y": 33.5248508, "x": 133.620967, "highway": null, "street_count": 3 }, "geometry": { "type": "Point", "coordinates": [ 133.620967, 33.5248508 ] } },
{ "type": "Feature", "properties": { "osmid": 1556516525, "y": 33.5248629, "x": 133.6035987, "highway": null, "street_count": 1 }, "geometry": { "type": "Point", "coordinates": [ 133.6035987, 33.5248629 ] } },
{ "type": "Feature", "properties": { "osmid": 1556516531, "y": 33.524907, "x": 133.609225, "highway": null, "street_count": 3 }, "geometry": { "type": "Point", "coordinates": [ 133.609225, 33.524907 ] } },
{ "type": "Feature", "properties": { "osmid": 1556516552, "y": 33.5250133, "x": 133.6056575, "highway": null, "street_count": 3 }, "geometry": { "type": "Point", "coordinates": [ 133.6056575, 33.5250133 ] } },
{ "type": "Feature", "properties": { "osmid": 1556516554, "y": 33.5252123, "x": 133.6225078, "highway": null, "street_count": 3 }, "geometry": { "type": "Point", "coordinates": [ 133.6225078, 33.5252123 ] } },
{ "type": "Feature", "properties": { "osmid": 1556516565, "y": 33.5253649, "x": 133.6232874, "highway": null, "street_count": 3 }, "geometry": { "type": "Point", "coordinates": [ 133.6232874, 33.5253649 ] } },
{ "type": "Feature", "properties": { "osmid": 1556516573, "y": 33.5260624, "x": 133.632011, "highway": null, "street_count": 1 }, "geometry": { "type": "Point", "coordinates": [ 133.632011, 33.5260624 ] } },
{ "type": "Feature", "properties": { "osmid": 1556516578, "y": 33.5259981, "x": 133.6271771, "highway": null, "street_count": 3 }, "geometry": { "type": "Point", "coordinates": [ 133.627177100000011, 33.5259981 ] } },
{ "type": "Feature", "properties": { "osmid": 1556516590, "y": 33.5264026, "x": 133.6202523, "highway": null, "street_count": 3 }, "geometry": { "type": "Point", "coordinates": [ 133.6202523, 33.5264026 ] } },
{ "type": "Feature", "properties": { "osmid": 1556516595, "y": 33.5265292, "x": 133.6303556, "highway": null, "street_count": 3 }, "geometry": { "type": "Point", "coordinates": [ 133.6303556, 33.5265292 ] } },
{ "type": "Feature", "properties": { "osmid": 1556516599, "y": 33.5267338, "x": 133.6037824, "highway": null, "street_count": 3 }, "geometry": { "type": "Point", "coordinates": [ 133.6037824, 33.5267338 ] } },
{ "type": "Feature", "properties": { "osmid": 1556516601, "y": 33.5268007, "x": 133.6318235, "highway": null, "street_count": 4 }, "geometry": { "type": "Point", "coordinates": [ 133.6318235, 33.5268007 ] } },
{ "type": "Feature", "properties": { "osmid": 1556516613, "y": 33.5268422, "x": 133.6218384, "highway": null, "street_count": 4 }, "geometry": { "type": "Point", "coordinates": [ 133.6218384, 33.5268422 ] } },
{ "type": "Feature", "properties": { "osmid": 1556516622, "y": 33.527056, "x": 133.6226871, "highway": null, "street_count": 3 }, "geometry": { "type": "Point", "coordinates": [ 133.6226871, 33.527056 ] } },
{ "type": "Feature", "properties": { "osmid": 1556516627, "y": 33.5272636, "x": 133.6045166, "highway": null, "street_count": 3 }, "geometry": { "type": "Point", "coordinates": [ 133.604516600000011, 33.5272636 ] } },
{ "type": "Feature", "properties": { "osmid": 1556516641, "y": 33.527304, "x": 133.620346, "highway": null, "street_count": 4 }, "geometry": { "type": "Point", "coordinates": [ 133.620346, 33.527304 ] } },
{ "type": "Feature", "properties": { "osmid": 1556516674, "y": 33.527423, "x": 133.621555, "highway": null, "street_count": 3 }, "geometry": { "type": "Point", "coordinates": [ 133.621555, 33.527423 ] } },
{ "type": "Feature", "properties": { "osmid": 1556516734, "y": 33.5279213, "x": 133.6188676, "highway": null, "street_count": 3 }, "geometry": { "type": "Point", "coordinates": [ 133.618867599999987, 33.5279213 ] } },
{ "type": "Feature", "properties": { "osmid": 1556516737, "y": 33.5279329, "x": 133.618379, "highway": null, "street_count": 3 }, "geometry": { "type": "Point", "coordinates": [ 133.618379, 33.5279329 ] } },
{ "type": "Feature", "properties": { "osmid": 1556516741, "y": 33.5279641, "x": 133.6265042, "highway": null, "street_count": 4 }, "geometry": { "type": "Point", "coordinates": [ 133.6265042, 33.5279641 ] } },
{ "type": "Feature", "properties": { "osmid": 1556516745, "y": 33.5279866, "x": 133.6174574, "highway": null, "street_count": 3 }, "geometry": { "type": "Point", "coordinates": [ 133.6174574, 33.5279866 ] } },
{ "type": "Feature", "properties": { "osmid": 1556516762, "y": 33.528171, "x": 133.6007824, "highway": null, "street_count": 4 }, "geometry": { "type": "Point", "coordinates": [ 133.600782400000014, 33.528171 ] } },
{ "type": "Feature", "properties": { "osmid": 1556516794, "y": 33.5285633, "x": 133.6204848, "highway": null, "street_count": 3 }, "geometry": { "type": "Point", "coordinates": [ 133.620484800000014, 33.5285633 ] } },
{ "type": "Feature", "properties": { "osmid": 1556516801, "y": 33.528598, "x": 133.626333, "highway": null, "street_count": 3 }, "geometry": { "type": "Point", "coordinates": [ 133.626333, 33.528598 ] } },
{ "type": "Feature", "properties": { "osmid": 1556516817, "y": 33.5287291, "x": 133.6295918, "highway": null, "street_count": 3 }, "geometry": { "type": "Point", "coordinates": [ 133.629591799999986, 33.5287291 ] } },
{ "type": "Feature", "properties": { "osmid": 1556516840, "y": 33.5289443, "x": 133.6262482, "highway": null, "street_count": 4 }, "geometry": { "type": "Point", "coordinates": [ 133.6262482, 33.5289443 ] } },
{ "type": "Feature", "properties": { "osmid": 1556516846, "y": 33.529052, "x": 133.6310705, "highway": null, "street_count": 3 }, "geometry": { "type": "Point", "coordinates": [ 133.6310705, 33.529052 ] } },
{ "type": "Feature", "properties": { "osmid": 1556516854, "y": 33.5290299, "x": 133.6041952, "highway": null, "street_count": 3 }, "geometry": { "type": "Point", "coordinates": [ 133.6041952, 33.5290299 ] } },
{ "type": "Feature", "properties": { "osmid": 1556516893, "y": 33.529503, "x": 133.6206761, "highway": null, "street_count": 3 }, "geometry": { "type": "Point", "coordinates": [ 133.6206761, 33.529503 ] } },
{ "type": "Feature", "properties": { "osmid": 1556516912, "y": 33.529526, "x": 133.617544, "highway": null, "street_count": 1 }, "geometry": { "type": "Point", "coordinates": [ 133.617544, 33.529526 ] } },
{ "type": "Feature", "properties": { "osmid": 1556516917, "y": 33.52966, "x": 133.62589, "highway": null, "street_count": 3 }, "geometry": { "type": "Point", "coordinates": [ 133.62589, 33.52966 ] } },
{ "type": "Feature", "properties": { "osmid": 1556516951, "y": 33.530104, "x": 133.603911, "highway": null, "street_count": 3 }, "geometry": { "type": "Point", "coordinates": [ 133.603911, 33.530104 ] } },
{ "type": "Feature", "properties": { "osmid": 1556516953, "y": 33.53028, "x": 133.630894, "highway": null, "street_count": 3 }, "geometry": { "type": "Point", "coordinates": [ 133.630894, 33.53028 ] } },
{ "type": "Feature", "properties": { "osmid": 1556516974, "y": 33.5304118, "x": 133.6284097, "highway": null, "street_count": 3 }, "geometry": { "type": "Point", "coordinates": [ 133.6284097, 33.5304118 ] } },
{ "type": "Feature", "properties": { "osmid": 1556516975, "y": 33.5300321, "x": 133.6283849, "highway": null, "street_count": 3 }, "geometry": { "type": "Point", "coordinates": [ 133.628384899999986, 33.5300321 ] } },
{ "type": "Feature", "properties": { "osmid": 1556516991, "y": 33.5302351, "x": 133.6253999, "highway": null, "street_count": 3 }, "geometry": { "type": "Point", "coordinates": [ 133.6253999, 33.5302351 ] } },
{ "type": "Feature", "properties": { "osmid": 1556517026, "y": 33.5312404, "x": 133.6064086, "highway": null, "street_count": 3 }, "geometry": { "type": "Point", "coordinates": [ 133.6064086, 33.5312404 ] } },
{ "type": "Feature", "properties": { "osmid": 1556517065, "y": 33.5316024, "x": 133.606405, "highway": null, "street_count": 4 }, "geometry": { "type": "Point", "coordinates": [ 133.606405, 33.5316024 ] } },
{ "type": "Feature", "properties": { "osmid": 1556517086, "y": 33.531661, "x": 133.605545, "highway": null, "street_count": 3 }, "geometry": { "type": "Point", "coordinates": [ 133.605545, 33.531661 ] } },
{ "type": "Feature", "properties": { "osmid": 1556517093, "y": 33.5316956, "x": 133.6049601, "highway": null, "street_count": 3 }, "geometry": { "type": "Point", "coordinates": [ 133.6049601, 33.5316956 ] } },
{ "type": "Feature", "properties": { "osmid": 1556517135, "y": 33.5319308, "x": 133.6085971, "highway": null, "street_count": 3 }, "geometry": { "type": "Point", "coordinates": [ 133.6085971, 33.5319308 ] } },
{ "type": "Feature", "properties": { "osmid": 1556517141, "y": 33.53205, "x": 133.6285201, "highway": null, "street_count": 4 }, "geometry": { "type": "Point", "coordinates": [ 133.6285201, 33.53205 ] } },
{ "type": "Feature", "properties": { "osmid": 1556517150, "y": 33.5320875, "x": 133.606054, "highway": null, "street_count": 4 }, "geometry": { "type": "Point", "coordinates": [ 133.606054, 33.5320875 ] } },
{ "type": "Feature", "properties": { "osmid": 1556517152, "y": 33.5322783, "x": 133.625021, "highway": null, "street_count": 3 }, "geometry": { "type": "Point", "coordinates": [ 133.625021, 33.5322783 ] } },
{ "type": "Feature", "properties": { "osmid": 1556517155, "y": 33.5322605, "x": 133.6235851, "highway": null, "street_count": 3 }, "geometry": { "type": "Point", "coordinates": [ 133.623585100000014, 33.5322605 ] } },
{ "type": "Feature", "properties": { "osmid": 1556517163, "y": 33.5322035, "x": 133.6244135, "highway": null, "street_count": 3 }, "geometry": { "type": "Point", "coordinates": [ 133.6244135, 33.5322035 ] } },
{ "type": "Feature", "properties": { "osmid": 1556517208, "y": 33.5323488, "x": 133.6057325, "highway": null, "street_count": 4 }, "geometry": { "type": "Point", "coordinates": [ 133.605732499999988, 33.5323488 ] } },
{ "type": "Feature", "properties": { "osmid": 1556517253, "y": 33.5326299, "x": 133.6054028, "highway": null, "street_count": 3 }, "geometry": { "type": "Point", "coordinates": [ 133.6054028, 33.5326299 ] } },
{ "type": "Feature", "properties": { "osmid": 1556517260, "y": 33.5327098, "x": 133.6073318, "highway": null, "street_count": 4 }, "geometry": { "type": "Point", "coordinates": [ 133.6073318, 33.5327098 ] } },
{ "type": "Feature", "properties": { "osmid": 1556517283, "y": 33.5328358, "x": 133.6077922, "highway": null, "street_count": 4 }, "geometry": { "type": "Point", "coordinates": [ 133.6077922, 33.5328358 ] } },
{ "type": "Feature", "properties": { "osmid": 1556517297, "y": 33.5329496, "x": 133.6082251, "highway": null, "street_count": 3 }, "geometry": { "type": "Point", "coordinates": [ 133.6082251, 33.5329496 ] } },
{ "type": "Feature", "properties": { "osmid": 1556517310, "y": 33.5329456, "x": 133.6151851, "highway": null, "street_count": 3 }, "geometry": { "type": "Point", "coordinates": [ 133.6151851, 33.5329456 ] } },
{ "type": "Feature", "properties": { "osmid": 1556517388, "y": 33.5332216, "x": 133.6286117, "highway": null, "street_count": 3 }, "geometry": { "type": "Point", "coordinates": [ 133.6286117, 33.5332216 ] } },
{ "type": "Feature", "properties": { "osmid": 1556517392, "y": 33.5332605, "x": 133.6176366, "highway": null, "street_count": 3 }, "geometry": { "type": "Point", "coordinates": [ 133.6176366, 33.5332605 ] } },
{ "type": "Feature", "properties": { "osmid": 1556517396, "y": 33.53323, "x": 133.628638, "highway": null, "street_count": 1 }, "geometry": { "type": "Point", "coordinates": [ 133.628638, 33.53323 ] } },
{ "type": "Feature", "properties": { "osmid": 1556517406, "y": 33.53325, "x": 133.6094405, "highway": null, "street_count": 3 }, "geometry": { "type": "Point", "coordinates": [ 133.6094405, 33.53325 ] } },
{ "type": "Feature", "properties": { "osmid": 1556517447, "y": 33.5333586, "x": 133.609877, "highway": null, "street_count": 3 }, "geometry": { "type": "Point", "coordinates": [ 133.609877, 33.5333586 ] } },
{ "type": "Feature", "properties": { "osmid": 1556517481, "y": 33.533487, "x": 133.6127757, "highway": null, "street_count": 3 }, "geometry": { "type": "Point", "coordinates": [ 133.612775699999986, 33.533487 ] } },
{ "type": "Feature", "properties": { "osmid": 1556517530, "y": 33.5335804, "x": 133.6212196, "highway": null, "street_count": 3 }, "geometry": { "type": "Point", "coordinates": [ 133.621219599999989, 33.5335804 ] } },
{ "type": "Feature", "properties": { "osmid": 1556517597, "y": 33.533774, "x": 133.6069396, "highway": null, "street_count": 3 }, "geometry": { "type": "Point", "coordinates": [ 133.6069396, 33.533774 ] } },
{ "type": "Feature", "properties": { "osmid": 1556517623, "y": 33.5339036, "x": 133.6074036, "highway": null, "street_count": 4 }, "geometry": { "type": "Point", "coordinates": [ 133.6074036, 33.5339036 ] } },
{ "type": "Feature", "properties": { "osmid": 1556517679, "y": 33.5340172, "x": 133.6078301, "highway": null, "street_count": 3 }, "geometry": { "type": "Point", "coordinates": [ 133.6078301, 33.5340172 ] } },
{ "type": "Feature", "properties": { "osmid": 1556517680, "y": 33.534175, "x": 133.6091107, "highway": null, "street_count": 3 }, "geometry": { "type": "Point", "coordinates": [ 133.6091107, 33.534175 ] } },
{ "type": "Feature", "properties": { "osmid": 1556517697, "y": 33.5342172, "x": 133.6086309, "highway": null, "street_count": 3 }, "geometry": { "type": "Point", "coordinates": [ 133.6086309, 33.5342172 ] } },
{ "type": "Feature", "properties": { "osmid": 1556517709, "y": 33.5342525, "x": 133.6128513, "highway": null, "street_count": 3 }, "geometry": { "type": "Point", "coordinates": [ 133.612851299999988, 33.5342525 ] } },
{ "type": "Feature", "properties": { "osmid": 1556517713, "y": 33.534259, "x": 133.623595, "highway": null, "street_count": 3 }, "geometry": { "type": "Point", "coordinates": [ 133.623595, 33.534259 ] } },
{ "type": "Feature", "properties": { "osmid": 1556517726, "y": 33.5342762, "x": 133.6095347, "highway": null, "street_count": 3 }, "geometry": { "type": "Point", "coordinates": [ 133.609534700000012, 33.5342762 ] } },
{ "type": "Feature", "properties": { "osmid": 1556517740, "y": 33.534321, "x": 133.6090637, "highway": null, "street_count": 3 }, "geometry": { "type": "Point", "coordinates": [ 133.6090637, 33.534321 ] } },
{ "type": "Feature", "properties": { "osmid": 1556517743, "y": 33.5343335, "x": 133.6117482, "highway": null, "street_count": 3 }, "geometry": { "type": "Point", "coordinates": [ 133.6117482, 33.5343335 ] } },
{ "type": "Feature", "properties": { "osmid": 1556517862, "y": 33.5346855, "x": 133.6221206, "highway": null, "street_count": 3 }, "geometry": { "type": "Point", "coordinates": [ 133.622120599999988, 33.5346855 ] } },
{ "type": "Feature", "properties": { "osmid": 1556517955, "y": 33.534975, "x": 133.623487, "highway": null, "street_count": 3 }, "geometry": { "type": "Point", "coordinates": [ 133.623487, 33.534975 ] } },
{ "type": "Feature", "properties": { "osmid": 1556517995, "y": 33.5350842, "x": 133.611815, "highway": null, "street_count": 3 }, "geometry": { "type": "Point", "coordinates": [ 133.611815, 33.5350842 ] } },
{ "type": "Feature", "properties": { "osmid": 1556518219, "y": 33.535696, "x": 133.625659, "highway": null, "street_count": 3 }, "geometry": { "type": "Point", "coordinates": [ 133.625659, 33.535696 ] } },
{ "type": "Feature", "properties": { "osmid": 1556518230, "y": 33.5357346, "x": 133.6231337, "highway": null, "street_count": 3 }, "geometry": { "type": "Point", "coordinates": [ 133.623133700000011, 33.5357346 ] } },
{ "type": "Feature", "properties": { "osmid": 1556518300, "y": 33.535944, "x": 133.62706, "highway": null, "street_count": 3 }, "geometry": { "type": "Point", "coordinates": [ 133.62706, 33.535944 ] } },
{ "type": "Feature", "properties": { "osmid": 1556518303, "y": 33.5359672, "x": 133.6288533, "highway": null, "street_count": 3 }, "geometry": { "type": "Point", "coordinates": [ 133.6288533, 33.5359672 ] } },
{ "type": "Feature", "properties": { "osmid": 1556518503, "y": 33.536563, "x": 133.628439, "highway": null, "street_count": 3 }, "geometry": { "type": "Point", "coordinates": [ 133.628439, 33.536563 ] } },
{ "type": "Feature", "properties": { "osmid": 1556518891, "y": 33.5381714, "x": 133.6268418, "highway": null, "street_count": 3 }, "geometry": { "type": "Point", "coordinates": [ 133.6268418, 33.5381714 ] } },
{ "type": "Feature", "properties": { "osmid": 1556711035, "y": 33.5011807, "x": 133.564694, "highway": null, "street_count": 3 }, "geometry": { "type": "Point", "coordinates": [ 133.564694, 33.5011807 ] } },
{ "type": "Feature", "properties": { "osmid": 1556711042, "y": 33.5014044, "x": 133.5659172, "highway": null, "street_count": 3 }, "geometry": { "type": "Point", "coordinates": [ 133.5659172, 33.5014044 ] } },
{ "type": "Feature", "properties": { "osmid": 1556711054, "y": 33.501946, "x": 133.564902, "highway": null, "street_count": 4 }, "geometry": { "type": "Point", "coordinates": [ 133.564902, 33.501946 ] } },
{ "type": "Feature", "properties": { "osmid": 1556711063, "y": 33.502276, "x": 133.5649894, "highway": null, "street_count": 4 }, "geometry": { "type": "Point", "coordinates": [ 133.5649894, 33.502276 ] } },
{ "type": "Feature", "properties": { "osmid": 1556711092, "y": 33.5030178, "x": 133.5652909, "highway": null, "street_count": 3 }, "geometry": { "type": "Point", "coordinates": [ 133.5652909, 33.5030178 ] } },
{ "type": "Feature", "properties": { "osmid": 1556711096, "y": 33.5030038, "x": 133.5627618, "highway": null, "street_count": 3 }, "geometry": { "type": "Point", "coordinates": [ 133.5627618, 33.5030038 ] } },
{ "type": "Feature", "properties": { "osmid": 1556711113, "y": 33.5032265, "x": 133.5677092, "highway": null, "street_count": 3 }, "geometry": { "type": "Point", "coordinates": [ 133.5677092, 33.5032265 ] } },
{ "type": "Feature", "properties": { "osmid": 1556711127, "y": 33.502624, "x": 133.5699252, "highway": null, "street_count": 1 }, "geometry": { "type": "Point", "coordinates": [ 133.5699252, 33.502624 ] } },
{ "type": "Feature", "properties": { "osmid": 1556711148, "y": 33.5039242, "x": 133.5638157, "highway": null, "street_count": 4 }, "geometry": { "type": "Point", "coordinates": [ 133.5638157, 33.5039242 ] } },
{ "type": "Feature", "properties": { "osmid": 1556711151, "y": 33.5040794, "x": 133.5661096, "highway": null, "street_count": 4 }, "geometry": { "type": "Point", "coordinates": [ 133.5661096, 33.5040794 ] } },
{ "type": "Feature", "properties": { "osmid": 1556711170, "y": 33.5044552, "x": 133.5652032, "highway": null, "street_count": 3 }, "geometry": { "type": "Point", "coordinates": [ 133.565203200000013, 33.5044552 ] } },
{ "type": "Feature", "properties": { "osmid": 1556711174, "y": 33.504544, "x": 133.5652878, "highway": null, "street_count": 3 }, "geometry": { "type": "Point", "coordinates": [ 133.5652878, 33.504544 ] } },
{ "type": "Feature", "properties": { "osmid": 1556711178, "y": 33.5045957, "x": 133.5683668, "highway": null, "street_count": 3 }, "geometry": { "type": "Point", "coordinates": [ 133.5683668, 33.5045957 ] } },
{ "type": "Feature", "properties": { "osmid": 1556711196, "y": 33.5053232, "x": 133.5671683, "highway": null, "street_count": 4 }, "geometry": { "type": "Point", "coordinates": [ 133.5671683, 33.5053232 ] } },
{ "type": "Feature", "properties": { "osmid": 1556711209, "y": 33.5052874, "x": 133.5704139, "highway": null, "street_count": 5 }, "geometry": { "type": "Point", "coordinates": [ 133.5704139, 33.5052874 ] } },
{ "type": "Feature", "properties": { "osmid": 1556711227, "y": 33.5055456, "x": 133.566793, "highway": null, "street_count": 3 }, "geometry": { "type": "Point", "coordinates": [ 133.566793, 33.5055456 ] } },
{ "type": "Feature", "properties": { "osmid": 1556711254, "y": 33.5066833, "x": 133.5716299, "highway": null, "street_count": 3 }, "geometry": { "type": "Point", "coordinates": [ 133.5716299, 33.5066833 ] } },
{ "type": "Feature", "properties": { "osmid": 1556711256, "y": 33.5069633, "x": 133.5710694, "highway": null, "street_count": 4 }, "geometry": { "type": "Point", "coordinates": [ 133.5710694, 33.5069633 ] } },
{ "type": "Feature", "properties": { "osmid": 1556711261, "y": 33.5070278, "x": 133.5708925, "highway": null, "street_count": 4 }, "geometry": { "type": "Point", "coordinates": [ 133.570892500000014, 33.5070278 ] } },
{ "type": "Feature", "properties": { "osmid": 1556711288, "y": 33.507869, "x": 133.569233, "highway": null, "street_count": 3 }, "geometry": { "type": "Point", "coordinates": [ 133.569233, 33.507869 ] } },
{ "type": "Feature", "properties": { "osmid": 1556711290, "y": 33.5080045, "x": 133.5728485, "highway": null, "street_count": 3 }, "geometry": { "type": "Point", "coordinates": [ 133.5728485, 33.5080045 ] } },
{ "type": "Feature", "properties": { "osmid": 1556711303, "y": 33.508032, "x": 133.568917, "highway": null, "street_count": 3 }, "geometry": { "type": "Point", "coordinates": [ 133.568917, 33.508032 ] } },
{ "type": "Feature", "properties": { "osmid": 1556711309, "y": 33.508043, "x": 133.568897, "highway": null, "street_count": 3 }, "geometry": { "type": "Point", "coordinates": [ 133.568897, 33.508043 ] } },
{ "type": "Feature", "properties": { "osmid": 1556711336, "y": 33.5085983, "x": 133.570213, "highway": null, "street_count": 3 }, "geometry": { "type": "Point", "coordinates": [ 133.570213, 33.5085983 ] } },
{ "type": "Feature", "properties": { "osmid": 1556711344, "y": 33.5089441, "x": 133.5673939, "highway": null, "street_count": 3 }, "geometry": { "type": "Point", "coordinates": [ 133.567393900000013, 33.5089441 ] } },
{ "type": "Feature", "properties": { "osmid": 1556711347, "y": 33.5093031, "x": 133.5706791, "highway": null, "street_count": 3 }, "geometry": { "type": "Point", "coordinates": [ 133.5706791, 33.5093031 ] } },
{ "type": "Feature", "properties": { "osmid": 1556711352, "y": 33.5099529, "x": 133.5878781, "highway": null, "street_count": 1 }, "geometry": { "type": "Point", "coordinates": [ 133.587878100000012, 33.5099529 ] } },
{ "type": "Feature", "properties": { "osmid": 1556711357, "y": 33.5096035, "x": 133.5702968, "highway": null, "street_count": 4 }, "geometry": { "type": "Point", "coordinates": [ 133.5702968, 33.5096035 ] } },
{ "type": "Feature", "properties": { "osmid": 1556711369, "y": 33.5097716, "x": 133.5681019, "highway": null, "street_count": 3 }, "geometry": { "type": "Point", "coordinates": [ 133.568101899999988, 33.5097716 ] } },
{ "type": "Feature", "properties": { "osmid": 1556711370, "y": 33.50978, "x": 133.567045, "highway": null, "street_count": 3 }, "geometry": { "type": "Point", "coordinates": [ 133.567045, 33.50978 ] } },
{ "type": "Feature", "properties": { "osmid": 1556711372, "y": 33.5100423, "x": 133.573381, "highway": null, "street_count": 1 }, "geometry": { "type": "Point", "coordinates": [ 133.573381, 33.5100423 ] } },
{ "type": "Feature", "properties": { "osmid": 1556711375, "y": 33.5105785, "x": 133.5689131, "highway": null, "street_count": 3 }, "geometry": { "type": "Point", "coordinates": [ 133.5689131, 33.5105785 ] } },
{ "type": "Feature", "properties": { "osmid": 1556711376, "y": 33.5100675, "x": 133.5712131, "highway": null, "street_count": 3 }, "geometry": { "type": "Point", "coordinates": [ 133.5712131, 33.5100675 ] } },
{ "type": "Feature", "properties": { "osmid": 1556711387, "y": 33.510273, "x": 133.5709087, "highway": null, "street_count": 4 }, "geometry": { "type": "Point", "coordinates": [ 133.5709087, 33.510273 ] } },
{ "type": "Feature", "properties": { "osmid": 1556711388, "y": 33.5103457, "x": 133.5670563, "highway": null, "street_count": 3 }, "geometry": { "type": "Point", "coordinates": [ 133.5670563, 33.5103457 ] } },
{ "type": "Feature", "properties": { "osmid": 1556711390, "y": 33.5103227, "x": 133.5685886, "highway": null, "street_count": 3 }, "geometry": { "type": "Point", "coordinates": [ 133.5685886, 33.5103227 ] } },
{ "type": "Feature", "properties": { "osmid": 1556711391, "y": 33.51032, "x": 133.568095, "highway": null, "street_count": 3 }, "geometry": { "type": "Point", "coordinates": [ 133.568095, 33.51032 ] } },
{ "type": "Feature", "properties": { "osmid": 1556711407, "y": 33.5109231, "x": 133.5663496, "highway": null, "street_count": 1 }, "geometry": { "type": "Point", "coordinates": [ 133.5663496, 33.5109231 ] } },
{ "type": "Feature", "properties": { "osmid": 1556711408, "y": 33.5109231, "x": 133.5670923, "highway": null, "street_count": 3 }, "geometry": { "type": "Point", "coordinates": [ 133.567092300000013, 33.5109231 ] } },
{ "type": "Feature", "properties": { "osmid": 1556711410, "y": 33.510896, "x": 133.568115, "highway": null, "street_count": 3 }, "geometry": { "type": "Point", "coordinates": [ 133.568115, 33.510896 ] } },
{ "type": "Feature", "properties": { "osmid": 1556711418, "y": 33.5113107, "x": 133.575093, "highway": null, "street_count": 3 }, "geometry": { "type": "Point", "coordinates": [ 133.575093, 33.5113107 ] } },
{ "type": "Feature", "properties": { "osmid": 1556711423, "y": 33.511801, "x": 133.5778753, "highway": null, "street_count": 3 }, "geometry": { "type": "Point", "coordinates": [ 133.577875299999988, 33.511801 ] } },
{ "type": "Feature", "properties": { "osmid": 1556711436, "y": 33.512884, "x": 133.576998, "highway": null, "street_count": 4 }, "geometry": { "type": "Point", "coordinates": [ 133.576998, 33.512884 ] } },
{ "type": "Feature", "properties": { "osmid": 1556711444, "y": 33.51383, "x": 133.576212, "highway": null, "street_count": 3 }, "geometry": { "type": "Point", "coordinates": [ 133.576212, 33.51383 ] } },
{ "type": "Feature", "properties": { "osmid": 1556711445, "y": 33.513901, "x": 133.576327, "highway": null, "street_count": 3 }, "geometry": { "type": "Point", "coordinates": [ 133.576327, 33.513901 ] } },
{ "type": "Feature", "properties": { "osmid": 1556711447, "y": 33.5139485, "x": 133.5816129, "highway": null, "street_count": 3 }, "geometry": { "type": "Point", "coordinates": [ 133.58161290000001, 33.5139485 ] } },
{ "type": "Feature", "properties": { "osmid": 1556711451, "y": 33.513995, "x": 133.578953, "highway": null, "street_count": 4 }, "geometry": { "type": "Point", "coordinates": [ 133.578953, 33.513995 ] } },
{ "type": "Feature", "properties": { "osmid": 1556711454, "y": 33.514104, "x": 133.583682, "highway": null, "street_count": 1 }, "geometry": { "type": "Point", "coordinates": [ 133.583682, 33.514104 ] } },
{ "type": "Feature", "properties": { "osmid": 1556711456, "y": 33.513949, "x": 133.5880223, "highway": null, "street_count": 3 }, "geometry": { "type": "Point", "coordinates": [ 133.5880223, 33.513949 ] } },
{ "type": "Feature", "properties": { "osmid": 1556711457, "y": 33.5142975, "x": 133.5749051, "highway": null, "street_count": 3 }, "geometry": { "type": "Point", "coordinates": [ 133.5749051, 33.5142975 ] } },
{ "type": "Feature", "properties": { "osmid": 1556711460, "y": 33.5146724, "x": 133.5745257, "highway": null, "street_count": 4 }, "geometry": { "type": "Point", "coordinates": [ 133.5745257, 33.5146724 ] } },
{ "type": "Feature", "properties": { "osmid": 1556711462, "y": 33.5148082, "x": 133.5777264, "highway": null, "street_count": 3 }, "geometry": { "type": "Point", "coordinates": [ 133.577726399999989, 33.5148082 ] } },
{ "type": "Feature", "properties": { "osmid": 1556711466, "y": 33.5148912, "x": 133.5756326, "highway": null, "street_count": 3 }, "geometry": { "type": "Point", "coordinates": [ 133.5756326, 33.5148912 ] } },
{ "type": "Feature", "properties": { "osmid": 1556711468, "y": 33.514924, "x": 133.5835582, "highway": null, "street_count": 3 }, "geometry": { "type": "Point", "coordinates": [ 133.5835582, 33.514924 ] } },
{ "type": "Feature", "properties": { "osmid": 1556711469, "y": 33.5149169, "x": 133.5756699, "highway": null, "street_count": 3 }, "geometry": { "type": "Point", "coordinates": [ 133.5756699, 33.5149169 ] } },
{ "type": "Feature", "properties": { "osmid": 1556711472, "y": 33.5150003, "x": 133.5807685, "highway": null, "street_count": 3 }, "geometry": { "type": "Point", "coordinates": [ 133.5807685, 33.5150003 ] } },
{ "type": "Feature", "properties": { "osmid": 1556711473, "y": 33.515017, "x": 133.57814, "highway": null, "street_count": 3 }, "geometry": { "type": "Point", "coordinates": [ 133.57814, 33.515017 ] } },
{ "type": "Feature", "properties": { "osmid": 1556711482, "y": 33.5152736, "x": 133.5753587, "highway": null, "street_count": 4 }, "geometry": { "type": "Point", "coordinates": [ 133.57535870000001, 33.5152736 ] } },
{ "type": "Feature", "properties": { "osmid": 1556711484, "y": 33.515368, "x": 133.5788074, "highway": null, "street_count": 3 }, "geometry": { "type": "Point", "coordinates": [ 133.578807399999988, 33.515368 ] } },
{ "type": "Feature", "properties": { "osmid": 1556711485, "y": 33.515386, "x": 133.5736262, "highway": null, "street_count": 3 }, "geometry": { "type": "Point", "coordinates": [ 133.5736262, 33.515386 ] } },
{ "type": "Feature", "properties": { "osmid": 1556711486, "y": 33.5154098, "x": 133.5874404, "highway": null, "street_count": 3 }, "geometry": { "type": "Point", "coordinates": [ 133.5874404, 33.5154098 ] } },
{ "type": "Feature", "properties": { "osmid": 1556711497, "y": 33.5156324, "x": 133.5767502, "highway": null, "street_count": 3 }, "geometry": { "type": "Point", "coordinates": [ 133.5767502, 33.5156324 ] } },
{ "type": "Feature", "properties": { "osmid": 1556711505, "y": 33.5158932, "x": 133.5762885, "highway": null, "street_count": 3 }, "geometry": { "type": "Point", "coordinates": [ 133.5762885, 33.5158932 ] } },
{ "type": "Feature", "properties": { "osmid": 1556711507, "y": 33.5159136, "x": 133.5773024, "highway": null, "street_count": 3 }, "geometry": { "type": "Point", "coordinates": [ 133.5773024, 33.5159136 ] } },
{ "type": "Feature", "properties": { "osmid": 1556711516, "y": 33.5159983, "x": 133.5764183, "highway": null, "street_count": 3 }, "geometry": { "type": "Point", "coordinates": [ 133.5764183, 33.5159983 ] } },
{ "type": "Feature", "properties": { "osmid": 1556711518, "y": 33.5160215, "x": 133.5799788, "highway": null, "street_count": 3 }, "geometry": { "type": "Point", "coordinates": [ 133.5799788, 33.5160215 ] } },
{ "type": "Feature", "properties": { "osmid": 1556711519, "y": 33.5161085, "x": 133.5776584, "highway": null, "street_count": 3 }, "geometry": { "type": "Point", "coordinates": [ 133.5776584, 33.5161085 ] } },
{ "type": "Feature", "properties": { "osmid": 1556711525, "y": 33.5162672, "x": 133.5898928, "highway": null, "street_count": 3 }, "geometry": { "type": "Point", "coordinates": [ 133.5898928, 33.5162672 ] } },
{ "type": "Feature", "properties": { "osmid": 1556711526, "y": 33.516246, "x": 133.573702, "highway": null, "street_count": 3 }, "geometry": { "type": "Point", "coordinates": [ 133.573702, 33.516246 ] } },
{ "type": "Feature", "properties": { "osmid": 1556711534, "y": 33.5163412, "x": 133.5769896, "highway": null, "street_count": 3 }, "geometry": { "type": "Point", "coordinates": [ 133.5769896, 33.5163412 ] } },
{ "type": "Feature", "properties": { "osmid": 1556711536, "y": 33.5163675, "x": 133.5878108, "highway": null, "street_count": 3 }, "geometry": { "type": "Point", "coordinates": [ 133.5878108, 33.5163675 ] } },
{ "type": "Feature", "properties": { "osmid": 1556711539, "y": 33.5164348, "x": 133.5782282, "highway": null, "street_count": 3 }, "geometry": { "type": "Point", "coordinates": [ 133.578228200000012, 33.5164348 ] } },
{ "type": "Feature", "properties": { "osmid": 1556711552, "y": 33.5165341, "x": 133.5908405, "highway": null, "street_count": 3 }, "geometry": { "type": "Point", "coordinates": [ 133.590840500000013, 33.5165341 ] } },
{ "type": "Feature", "properties": { "osmid": 1556711556, "y": 33.5167474, "x": 133.5779826, "highway": null, "street_count": 4 }, "geometry": { "type": "Point", "coordinates": [ 133.577982600000013, 33.5167474 ] } },
{ "type": "Feature", "properties": { "osmid": 1556711576, "y": 33.5170278, "x": 133.5821112, "highway": null, "street_count": 4 }, "geometry": { "type": "Point", "coordinates": [ 133.582111200000014, 33.5170278 ] } },
{ "type": "Feature", "properties": { "osmid": 1556711585, "y": 33.5171024, "x": 133.5899862, "highway": null, "street_count": 3 }, "geometry": { "type": "Point", "coordinates": [ 133.5899862, 33.5171024 ] } },
{ "type": "Feature", "properties": { "osmid": 1556711592, "y": 33.5171076, "x": 133.5786177, "highway": null, "street_count": 3 }, "geometry": { "type": "Point", "coordinates": [ 133.5786177, 33.5171076 ] } },
{ "type": "Feature", "properties": { "osmid": 1556711596, "y": 33.5171397, "x": 133.5825089, "highway": null, "street_count": 3 }, "geometry": { "type": "Point", "coordinates": [ 133.5825089, 33.5171397 ] } },
{ "type": "Feature", "properties": { "osmid": 1556711612, "y": 33.517383, "x": 133.576074, "highway": null, "street_count": 3 }, "geometry": { "type": "Point", "coordinates": [ 133.576074, 33.517383 ] } },
{ "type": "Feature", "properties": { "osmid": 1556711625, "y": 33.5174568, "x": 133.573986, "highway": null, "street_count": 3 }, "geometry": { "type": "Point", "coordinates": [ 133.573986, 33.5174568 ] } },
{ "type": "Feature", "properties": { "osmid": 1556711627, "y": 33.5174581, "x": 133.5872931, "highway": null, "street_count": 4 }, "geometry": { "type": "Point", "coordinates": [ 133.587293100000011, 33.5174581 ] } },
{ "type": "Feature", "properties": { "osmid": 1556711631, "y": 33.5175408, "x": 133.583897, "highway": null, "street_count": 3 }, "geometry": { "type": "Point", "coordinates": [ 133.583897, 33.5175408 ] } },
{ "type": "Feature", "properties": { "osmid": 1556711643, "y": 33.517603, "x": 133.575771, "highway": null, "street_count": 3 }, "geometry": { "type": "Point", "coordinates": [ 133.575771, 33.517603 ] } },
{ "type": "Feature", "properties": { "osmid": 1556711648, "y": 33.517688, "x": 133.575374, "highway": null, "street_count": 3 }, "geometry": { "type": "Point", "coordinates": [ 133.575374, 33.517688 ] } },
{ "type": "Feature", "properties": { "osmid": 1556711660, "y": 33.5177619, "x": 133.5915141, "highway": null, "street_count": 3 }, "geometry": { "type": "Point", "coordinates": [ 133.591514100000012, 33.5177619 ] } },
{ "type": "Feature", "properties": { "osmid": 1556711689, "y": 33.5179517, "x": 133.5852716, "highway": null, "street_count": 3 }, "geometry": { "type": "Point", "coordinates": [ 133.5852716, 33.5179517 ] } },
{ "type": "Feature", "properties": { "osmid": 1556711699, "y": 33.5179825, "x": 133.5740235, "highway": null, "street_count": 3 }, "geometry": { "type": "Point", "coordinates": [ 133.57402350000001, 33.5179825 ] } },
{ "type": "Feature", "properties": { "osmid": 1556711705, "y": 33.5180058, "x": 133.5854306, "highway": null, "street_count": 3 }, "geometry": { "type": "Point", "coordinates": [ 133.5854306, 33.5180058 ] } },
{ "type": "Feature", "properties": { "osmid": 1556711708, "y": 33.518043, "x": 133.57705, "highway": null, "street_count": 3 }, "geometry": { "type": "Point", "coordinates": [ 133.57705, 33.518043 ] } },
{ "type": "Feature", "properties": { "osmid": 1556711715, "y": 33.518093, "x": 133.577095, "highway": null, "street_count": 3 }, "geometry": { "type": "Point", "coordinates": [ 133.577095, 33.518093 ] } },
{ "type": "Feature", "properties": { "osmid": 1556711718, "y": 33.5181144, "x": 133.5817402, "highway": null, "street_count": 3 }, "geometry": { "type": "Point", "coordinates": [ 133.581740200000013, 33.5181144 ] } },
{ "type": "Feature", "properties": { "osmid": 1556711726, "y": 33.5181381, "x": 133.5895405, "highway": null, "street_count": 4 }, "geometry": { "type": "Point", "coordinates": [ 133.5895405, 33.5181381 ] } },
{ "type": "Feature", "properties": { "osmid": 1556711740, "y": 33.518246, "x": 133.576162, "highway": null, "street_count": 3 }, "geometry": { "type": "Point", "coordinates": [ 133.576162, 33.518246 ] } },
{ "type": "Feature", "properties": { "osmid": 1556711743, "y": 33.518257, "x": 133.580962, "highway": null, "street_count": 1 }, "geometry": { "type": "Point", "coordinates": [ 133.580962, 33.518257 ] } },
{ "type": "Feature", "properties": { "osmid": 1556711769, "y": 33.5184412, "x": 133.5834972, "highway": null, "street_count": 3 }, "geometry": { "type": "Point", "coordinates": [ 133.583497200000011, 33.5184412 ] } },
{ "type": "Feature", "properties": { "osmid": 1556711782, "y": 33.518454, "x": 133.577944, "highway": null, "street_count": 3 }, "geometry": { "type": "Point", "coordinates": [ 133.577944, 33.518454 ] } },
{ "type": "Feature", "properties": { "osmid": 1556711795, "y": 33.518488, "x": 133.5775, "highway": null, "street_count": 3 }, "geometry": { "type": "Point", "coordinates": [ 133.5775, 33.518488 ] } },
{ "type": "Feature", "properties": { "osmid": 1556711796, "y": 33.518558, "x": 133.5866854, "highway": null, "street_count": 3 }, "geometry": { "type": "Point", "coordinates": [ 133.5866854, 33.518558 ] } },
{ "type": "Feature", "properties": { "osmid": 1556711815, "y": 33.51859, "x": 133.5867868, "highway": null, "street_count": 3 }, "geometry": { "type": "Point", "coordinates": [ 133.5867868, 33.51859 ] } },
{ "type": "Feature", "properties": { "osmid": 1556711818, "y": 33.5186299, "x": 133.5911322, "highway": null, "street_count": 4 }, "geometry": { "type": "Point", "coordinates": [ 133.5911322, 33.5186299 ] } },
{ "type": "Feature", "properties": { "osmid": 1556711837, "y": 33.518697, "x": 133.578611, "highway": null, "street_count": 3 }, "geometry": { "type": "Point", "coordinates": [ 133.578611, 33.518697 ] } },
{ "type": "Feature", "properties": { "osmid": 1556711853, "y": 33.518874, "x": 133.578773, "highway": null, "street_count": 3 }, "geometry": { "type": "Point", "coordinates": [ 133.578773, 33.518874 ] } },
{ "type": "Feature", "properties": { "osmid": 1556711869, "y": 33.519097, "x": 133.577218, "highway": null, "street_count": 3 }, "geometry": { "type": "Point", "coordinates": [ 133.577218, 33.519097 ] } },
{ "type": "Feature", "properties": { "osmid": 1556711873, "y": 33.5191413, "x": 133.5863714, "highway": null, "street_count": 3 }, "geometry": { "type": "Point", "coordinates": [ 133.5863714, 33.5191413 ] } },
{ "type": "Feature", "properties": { "osmid": 1556711879, "y": 33.519254, "x": 133.576431, "highway": null, "street_count": 4 }, "geometry": { "type": "Point", "coordinates": [ 133.576431, 33.519254 ] } },
{ "type": "Feature", "properties": { "osmid": 1556711889, "y": 33.519272, "x": 133.589051, "highway": null, "street_count": 3 }, "geometry": { "type": "Point", "coordinates": [ 133.589051, 33.519272 ] } },
{ "type": "Feature", "properties": { "osmid": 1556711892, "y": 33.5192999, "x": 133.5736876, "highway": null, "street_count": 3 }, "geometry": { "type": "Point", "coordinates": [ 133.5736876, 33.5192999 ] } },
{ "type": "Feature", "properties": { "osmid": 1556711923, "y": 33.5194225, "x": 133.5772759, "highway": null, "street_count": 3 }, "geometry": { "type": "Point", "coordinates": [ 133.577275899999989, 33.5194225 ] } },
{ "type": "Feature", "properties": { "osmid": 1556711952, "y": 33.519524, "x": 133.575025, "highway": null, "street_count": 3 }, "geometry": { "type": "Point", "coordinates": [ 133.575025, 33.519524 ] } },
{ "type": "Feature", "properties": { "osmid": 1556711966, "y": 33.5195952, "x": 133.5765403, "highway": null, "street_count": 3 }, "geometry": { "type": "Point", "coordinates": [ 133.5765403, 33.5195952 ] } },
{ "type": "Feature", "properties": { "osmid": 1556711980, "y": 33.519644, "x": 133.5907079, "highway": null, "street_count": 3 }, "geometry": { "type": "Point", "coordinates": [ 133.590707900000012, 33.519644 ] } },
{ "type": "Feature", "properties": { "osmid": 1556711997, "y": 33.519819, "x": 133.578691, "highway": null, "street_count": 1 }, "geometry": { "type": "Point", "coordinates": [ 133.578691, 33.519819 ] } },
{ "type": "Feature", "properties": { "osmid": 1556712001, "y": 33.5198887, "x": 133.5766202, "highway": null, "street_count": 3 }, "geometry": { "type": "Point", "coordinates": [ 133.5766202, 33.5198887 ] } },
{ "type": "Feature", "properties": { "osmid": 1556712025, "y": 33.5202805, "x": 133.5984718, "highway": null, "street_count": 3 }, "geometry": { "type": "Point", "coordinates": [ 133.5984718, 33.5202805 ] } },
{ "type": "Feature", "properties": { "osmid": 1556712035, "y": 33.5204241, "x": 133.5770151, "highway": null, "street_count": 3 }, "geometry": { "type": "Point", "coordinates": [ 133.577015100000011, 33.5204241 ] } },
{ "type": "Feature", "properties": { "osmid": 1556712165, "y": 33.521565, "x": 133.572659, "highway": null, "street_count": 1 }, "geometry": { "type": "Point", "coordinates": [ 133.572659, 33.521565 ] } },
{ "type": "Feature", "properties": { "osmid": 1556712172, "y": 33.5217046, "x": 133.5993067, "highway": null, "street_count": 4 }, "geometry": { "type": "Point", "coordinates": [ 133.5993067, 33.5217046 ] } },
{ "type": "Feature", "properties": { "osmid": 1556712173, "y": 33.521884, "x": 133.572936, "highway": null, "street_count": 4 }, "geometry": { "type": "Point", "coordinates": [ 133.572936, 33.521884 ] } },
{ "type": "Feature", "properties": { "osmid": 1556712198, "y": 33.5219208, "x": 133.5979884, "highway": null, "street_count": 3 }, "geometry": { "type": "Point", "coordinates": [ 133.5979884, 33.5219208 ] } },
{ "type": "Feature", "properties": { "osmid": 1556712200, "y": 33.522631, "x": 133.571445, "highway": null, "street_count": 3 }, "geometry": { "type": "Point", "coordinates": [ 133.571445, 33.522631 ] } },
{ "type": "Feature", "properties": { "osmid": 1556712242, "y": 33.522879, "x": 133.571162, "highway": null, "street_count": 3 }, "geometry": { "type": "Point", "coordinates": [ 133.571162, 33.522879 ] } },
{ "type": "Feature", "properties": { "osmid": 1556712243, "y": 33.5229288, "x": 133.5747993, "highway": null, "street_count": 3 }, "geometry": { "type": "Point", "coordinates": [ 133.5747993, 33.5229288 ] } },
{ "type": "Feature", "properties": { "osmid": 1556712288, "y": 33.523262, "x": 133.57051, "highway": null, "street_count": 3 }, "geometry": { "type": "Point", "coordinates": [ 133.57051, 33.523262 ] } },
{ "type": "Feature", "properties": { "osmid": 1556712306, "y": 33.5234986, "x": 133.572299, "highway": null, "street_count": 4 }, "geometry": { "type": "Point", "coordinates": [ 133.572299, 33.5234986 ] } },
{ "type": "Feature", "properties": { "osmid": 1556712308, "y": 33.523369, "x": 133.575758, "highway": null, "street_count": 3 }, "geometry": { "type": "Point", "coordinates": [ 133.575758, 33.523369 ] } },
{ "type": "Feature", "properties": { "osmid": 1556712313, "y": 33.5235239, "x": 133.5652499, "highway": null, "street_count": 1 }, "geometry": { "type": "Point", "coordinates": [ 133.5652499, 33.5235239 ] } },
{ "type": "Feature", "properties": { "osmid": 1556712318, "y": 33.523478, "x": 133.567297, "highway": null, "street_count": 3 }, "geometry": { "type": "Point", "coordinates": [ 133.567297, 33.523478 ] } },
{ "type": "Feature", "properties": { "osmid": 1556712320, "y": 33.5234089, "x": 133.5983101, "highway": null, "street_count": 4 }, "geometry": { "type": "Point", "coordinates": [ 133.5983101, 33.5234089 ] } },
{ "type": "Feature", "properties": { "osmid": 1556712339, "y": 33.5235535, "x": 133.5740002, "highway": null, "street_count": 4 }, "geometry": { "type": "Point", "coordinates": [ 133.5740002, 33.5235535 ] } },
{ "type": "Feature", "properties": { "osmid": 1556712373, "y": 33.523736, "x": 133.571755, "highway": null, "street_count": 3 }, "geometry": { "type": "Point", "coordinates": [ 133.571755, 33.523736 ] } },
{ "type": "Feature", "properties": { "osmid": 1556712403, "y": 33.5238039, "x": 133.5726575, "highway": null, "street_count": 3 }, "geometry": { "type": "Point", "coordinates": [ 133.5726575, 33.5238039 ] } },
{ "type": "Feature", "properties": { "osmid": 1556712411, "y": 33.523825, "x": 133.570213, "highway": null, "street_count": 3 }, "geometry": { "type": "Point", "coordinates": [ 133.570213, 33.523825 ] } },
{ "type": "Feature", "properties": { "osmid": 1556712472, "y": 33.524034, "x": 133.577588, "highway": null, "street_count": 1 }, "geometry": { "type": "Point", "coordinates": [ 133.577588, 33.524034 ] } },
{ "type": "Feature", "properties": { "osmid": 1556712498, "y": 33.5241492, "x": 133.5784487, "highway": null, "street_count": 4 }, "geometry": { "type": "Point", "coordinates": [ 133.5784487, 33.5241492 ] } },
{ "type": "Feature", "properties": { "osmid": 1556712500, "y": 33.524108, "x": 133.576081, "highway": null, "street_count": 3 }, "geometry": { "type": "Point", "coordinates": [ 133.576081, 33.524108 ] } },
{ "type": "Feature", "properties": { "osmid": 1556712522, "y": 33.5241935, "x": 133.5775097, "highway": null, "street_count": 3 }, "geometry": { "type": "Point", "coordinates": [ 133.5775097, 33.5241935 ] } },
{ "type": "Feature", "properties": { "osmid": 1556712570, "y": 33.524344, "x": 133.571547, "highway": null, "street_count": 4 }, "geometry": { "type": "Point", "coordinates": [ 133.571547, 33.524344 ] } },
{ "type": "Feature", "properties": { "osmid": 1556712577, "y": 33.5244462, "x": 133.5733726, "highway": null, "street_count": 3 }, "geometry": { "type": "Point", "coordinates": [ 133.5733726, 33.5244462 ] } },
{ "type": "Feature", "properties": { "osmid": 1556712599, "y": 33.524478, "x": 133.5719279, "highway": null, "street_count": 4 }, "geometry": { "type": "Point", "coordinates": [ 133.5719279, 33.524478 ] } },
{ "type": "Feature", "properties": { "osmid": 1556712603, "y": 33.5245275, "x": 133.5735533, "highway": null, "street_count": 3 }, "geometry": { "type": "Point", "coordinates": [ 133.573553299999986, 33.5245275 ] } },
{ "type": "Feature", "properties": { "osmid": 1556712620, "y": 33.5246104, "x": 133.5745821, "highway": null, "street_count": 3 }, "geometry": { "type": "Point", "coordinates": [ 133.574582099999986, 33.5246104 ] } },
{ "type": "Feature", "properties": { "osmid": 1556712643, "y": 33.5246376, "x": 133.5723316, "highway": null, "street_count": 3 }, "geometry": { "type": "Point", "coordinates": [ 133.572331600000012, 33.5246376 ] } },
{ "type": "Feature", "properties": { "osmid": 1556712719, "y": 33.5247728, "x": 133.5760292, "highway": null, "street_count": 3 }, "geometry": { "type": "Point", "coordinates": [ 133.5760292, 33.5247728 ] } },
{ "type": "Feature", "properties": { "osmid": 1556712746, "y": 33.5249998, "x": 133.5727182, "highway": null, "street_count": 3 }, "geometry": { "type": "Point", "coordinates": [ 133.5727182, 33.5249998 ] } },
{ "type": "Feature", "properties": { "osmid": 1556712753, "y": 33.524992, "x": 133.571271, "highway": null, "street_count": 3 }, "geometry": { "type": "Point", "coordinates": [ 133.571271, 33.524992 ] } },
{ "type": "Feature", "properties": { "osmid": 1556712780, "y": 33.5251962, "x": 133.5761477, "highway": null, "street_count": 3 }, "geometry": { "type": "Point", "coordinates": [ 133.5761477, 33.5251962 ] } },
{ "type": "Feature", "properties": { "osmid": 1556712800, "y": 33.5251815, "x": 133.5717778, "highway": null, "street_count": 3 }, "geometry": { "type": "Point", "coordinates": [ 133.5717778, 33.5251815 ] } },
{ "type": "Feature", "properties": { "osmid": 1556712806, "y": 33.5252812, "x": 133.5776871, "highway": null, "street_count": 3 }, "geometry": { "type": "Point", "coordinates": [ 133.5776871, 33.5252812 ] } },
{ "type": "Feature", "properties": { "osmid": 1556712813, "y": 33.525351, "x": 133.5742278, "highway": null, "street_count": 3 }, "geometry": { "type": "Point", "coordinates": [ 133.574227799999989, 33.525351 ] } },
{ "type": "Feature", "properties": { "osmid": 1556712822, "y": 33.5252949, "x": 133.5777904, "highway": null, "street_count": 3 }, "geometry": { "type": "Point", "coordinates": [ 133.5777904, 33.5252949 ] } },
{ "type": "Feature", "properties": { "osmid": 1556712823, "y": 33.5252356, "x": 133.5874518, "highway": null, "street_count": 3 }, "geometry": { "type": "Point", "coordinates": [ 133.5874518, 33.5252356 ] } },
{ "type": "Feature", "properties": { "osmid": 1556712861, "y": 33.5254826, "x": 133.5726191, "highway": null, "street_count": 3 }, "geometry": { "type": "Point", "coordinates": [ 133.5726191, 33.5254826 ] } },
{ "type": "Feature", "properties": { "osmid": 1556712919, "y": 33.5256525, "x": 133.5749888, "highway": null, "street_count": 3 }, "geometry": { "type": "Point", "coordinates": [ 133.5749888, 33.5256525 ] } },
{ "type": "Feature", "properties": { "osmid": 1556712922, "y": 33.52563, "x": 133.5747258, "highway": null, "street_count": 3 }, "geometry": { "type": "Point", "coordinates": [ 133.57472580000001, 33.52563 ] } },
{ "type": "Feature", "properties": { "osmid": 1556712944, "y": 33.5256222, "x": 133.5737619, "highway": null, "street_count": 3 }, "geometry": { "type": "Point", "coordinates": [ 133.5737619, 33.5256222 ] } },
{ "type": "Feature", "properties": { "osmid": 1556712950, "y": 33.5257257, "x": 133.5738339, "highway": null, "street_count": 3 }, "geometry": { "type": "Point", "coordinates": [ 133.573833900000011, 33.5257257 ] } },
{ "type": "Feature", "properties": { "osmid": 1556712956, "y": 33.5257473, "x": 133.5872477, "highway": null, "street_count": 4 }, "geometry": { "type": "Point", "coordinates": [ 133.5872477, 33.5257473 ] } },
{ "type": "Feature", "properties": { "osmid": 1556712958, "y": 33.5260933, "x": 133.5775397, "highway": null, "street_count": 3 }, "geometry": { "type": "Point", "coordinates": [ 133.577539699999988, 33.5260933 ] } },
{ "type": "Feature", "properties": { "osmid": 1556712979, "y": 33.5257743, "x": 133.5736003, "highway": null, "street_count": 3 }, "geometry": { "type": "Point", "coordinates": [ 133.57360030000001, 33.5257743 ] } },
{ "type": "Feature", "properties": { "osmid": 1556712981, "y": 33.52582, "x": 133.5742876, "highway": null, "street_count": 3 }, "geometry": { "type": "Point", "coordinates": [ 133.5742876, 33.52582 ] } },
{ "type": "Feature", "properties": { "osmid": 1556712984, "y": 33.5258081, "x": 133.5982334, "highway": null, "street_count": 3 }, "geometry": { "type": "Point", "coordinates": [ 133.5982334, 33.5258081 ] } },
{ "type": "Feature", "properties": { "osmid": 1556713000, "y": 33.5258586, "x": 133.5733553, "highway": null, "street_count": 3 }, "geometry": { "type": "Point", "coordinates": [ 133.5733553, 33.5258586 ] } },
{ "type": "Feature", "properties": { "osmid": 1556713003, "y": 33.5258851, "x": 133.5759642, "highway": null, "street_count": 3 }, "geometry": { "type": "Point", "coordinates": [ 133.575964199999987, 33.5258851 ] } },
{ "type": "Feature", "properties": { "osmid": 1556713008, "y": 33.5259893, "x": 133.5750332, "highway": null, "street_count": 3 }, "geometry": { "type": "Point", "coordinates": [ 133.5750332, 33.5259893 ] } },
{ "type": "Feature", "properties": { "osmid": 1556713030, "y": 33.5259854, "x": 133.5739446, "highway": null, "street_count": 3 }, "geometry": { "type": "Point", "coordinates": [ 133.5739446, 33.5259854 ] } },
{ "type": "Feature", "properties": { "osmid": 1556713078, "y": 33.5261866, "x": 133.576705, "highway": null, "street_count": 3 }, "geometry": { "type": "Point", "coordinates": [ 133.576705, 33.5261866 ] } },
{ "type": "Feature", "properties": { "osmid": 1556713105, "y": 33.5263623, "x": 133.5775766, "highway": null, "street_count": 3 }, "geometry": { "type": "Point", "coordinates": [ 133.577576599999986, 33.5263623 ] } },
{ "type": "Feature", "properties": { "osmid": 1556713106, "y": 33.5262349, "x": 133.5914669, "highway": null, "street_count": 3 }, "geometry": { "type": "Point", "coordinates": [ 133.5914669, 33.5262349 ] } },
{ "type": "Feature", "properties": { "osmid": 1556713110, "y": 33.5263636, "x": 133.5732191, "highway": null, "street_count": 3 }, "geometry": { "type": "Point", "coordinates": [ 133.573219099999989, 33.5263636 ] } },
{ "type": "Feature", "properties": { "osmid": 1556713115, "y": 33.5264977, "x": 133.5760491, "highway": null, "street_count": 3 }, "geometry": { "type": "Point", "coordinates": [ 133.5760491, 33.5264977 ] } },
{ "type": "Feature", "properties": { "osmid": 1556713165, "y": 33.526499, "x": 133.5767509, "highway": null, "street_count": 3 }, "geometry": { "type": "Point", "coordinates": [ 133.5767509, 33.526499 ] } },
{ "type": "Feature", "properties": { "osmid": 1556713188, "y": 33.5265794, "x": 133.5751197, "highway": null, "street_count": 4 }, "geometry": { "type": "Point", "coordinates": [ 133.575119699999988, 33.5265794 ] } },
{ "type": "Feature", "properties": { "osmid": 1556713193, "y": 33.5265869, "x": 133.5673863, "highway": null, "street_count": 3 }, "geometry": { "type": "Point", "coordinates": [ 133.56738630000001, 33.5265869 ] } },
{ "type": "Feature", "properties": { "osmid": 1556713195, "y": 33.5265097, "x": 133.5739831, "highway": null, "street_count": 3 }, "geometry": { "type": "Point", "coordinates": [ 133.5739831, 33.5265097 ] } },
{ "type": "Feature", "properties": { "osmid": 1556713210, "y": 33.526559, "x": 133.568659, "highway": null, "street_count": 3 }, "geometry": { "type": "Point", "coordinates": [ 133.568659, 33.526559 ] } },
{ "type": "Feature", "properties": { "osmid": 1556713241, "y": 33.5267677, "x": 133.5739079, "highway": null, "street_count": 3 }, "geometry": { "type": "Point", "coordinates": [ 133.5739079, 33.5267677 ] } },
{ "type": "Feature", "properties": { "osmid": 1556713265, "y": 33.5267914, "x": 133.575286, "highway": null, "street_count": 1 }, "geometry": { "type": "Point", "coordinates": [ 133.575286, 33.5267914 ] } },
{ "type": "Feature", "properties": { "osmid": 1556713309, "y": 33.526939, "x": 133.5712686, "highway": null, "street_count": 3 }, "geometry": { "type": "Point", "coordinates": [ 133.5712686, 33.526939 ] } },
{ "type": "Feature", "properties": { "osmid": 1556713349, "y": 33.5272397, "x": 133.5752112, "highway": null, "street_count": 3 }, "geometry": { "type": "Point", "coordinates": [ 133.575211200000012, 33.5272397 ] } },
{ "type": "Feature", "properties": { "osmid": 1556713369, "y": 33.5273319, "x": 133.5686684, "highway": null, "street_count": 4 }, "geometry": { "type": "Point", "coordinates": [ 133.5686684, 33.5273319 ] } },
{ "type": "Feature", "properties": { "osmid": 1556713372, "y": 33.5273549, "x": 133.5674111, "highway": null, "street_count": 3 }, "geometry": { "type": "Point", "coordinates": [ 133.567411099999987, 33.5273549 ] } },
{ "type": "Feature", "properties": { "osmid": 1556713383, "y": 33.527328, "x": 133.5702755, "highway": null, "street_count": 3 }, "geometry": { "type": "Point", "coordinates": [ 133.5702755, 33.527328 ] } },
{ "type": "Feature", "properties": { "osmid": 1556713399, "y": 33.5275291, "x": 133.5738265, "highway": null, "street_count": 3 }, "geometry": { "type": "Point", "coordinates": [ 133.5738265, 33.5275291 ] } },
{ "type": "Feature", "properties": { "osmid": 1556713409, "y": 33.5279116, "x": 133.5701255, "highway": null, "street_count": 3 }, "geometry": { "type": "Point", "coordinates": [ 133.570125499999989, 33.5279116 ] } },
{ "type": "Feature", "properties": { "osmid": 1556713419, "y": 33.5278156, "x": 133.5761062, "highway": null, "street_count": 3 }, "geometry": { "type": "Point", "coordinates": [ 133.5761062, 33.5278156 ] } },
{ "type": "Feature", "properties": { "osmid": 1556713537, "y": 33.5282114, "x": 133.5766813, "highway": null, "street_count": 3 }, "geometry": { "type": "Point", "coordinates": [ 133.5766813, 33.5282114 ] } },
{ "type": "Feature", "properties": { "osmid": 1556713544, "y": 33.5281823, "x": 133.5686922, "highway": null, "street_count": 3 }, "geometry": { "type": "Point", "coordinates": [ 133.568692199999987, 33.5281823 ] } },
{ "type": "Feature", "properties": { "osmid": 1556713551, "y": 33.528222, "x": 133.570914, "highway": null, "street_count": 3 }, "geometry": { "type": "Point", "coordinates": [ 133.570914, 33.528222 ] } },
{ "type": "Feature", "properties": { "osmid": 1556713558, "y": 33.528272, "x": 133.571546, "highway": null, "street_count": 3 }, "geometry": { "type": "Point", "coordinates": [ 133.571546, 33.528272 ] } },
{ "type": "Feature", "properties": { "osmid": 1556713574, "y": 33.528442, "x": 133.596013, "highway": null, "street_count": 1 }, "geometry": { "type": "Point", "coordinates": [ 133.596013, 33.528442 ] } },
{ "type": "Feature", "properties": { "osmid": 1556713606, "y": 33.528553, "x": 133.568505, "highway": null, "street_count": 3 }, "geometry": { "type": "Point", "coordinates": [ 133.568505, 33.528553 ] } },
{ "type": "Feature", "properties": { "osmid": 1556713646, "y": 33.528892, "x": 133.571237, "highway": null, "street_count": 3 }, "geometry": { "type": "Point", "coordinates": [ 133.571237, 33.528892 ] } },
{ "type": "Feature", "properties": { "osmid": 1556713648, "y": 33.528892, "x": 133.571566, "highway": null, "street_count": 3 }, "geometry": { "type": "Point", "coordinates": [ 133.571566, 33.528892 ] } },
{ "type": "Feature", "properties": { "osmid": 1556713719, "y": 33.5291562, "x": 133.5668596, "highway": null, "street_count": 3 }, "geometry": { "type": "Point", "coordinates": [ 133.566859599999987, 33.5291562 ] } },
{ "type": "Feature", "properties": { "osmid": 1556713734, "y": 33.5292512, "x": 133.5993626, "highway": null, "street_count": 3 }, "geometry": { "type": "Point", "coordinates": [ 133.5993626, 33.5292512 ] } },
{ "type": "Feature", "properties": { "osmid": 1556713825, "y": 33.5297224, "x": 133.5992315, "highway": null, "street_count": 3 }, "geometry": { "type": "Point", "coordinates": [ 133.5992315, 33.5297224 ] } },
{ "type": "Feature", "properties": { "osmid": 1556713841, "y": 33.529919, "x": 133.600285, "highway": null, "street_count": 3 }, "geometry": { "type": "Point", "coordinates": [ 133.600285, 33.529919 ] } },
{ "type": "Feature", "properties": { "osmid": 1556713863, "y": 33.5305835, "x": 133.5876272, "highway": null, "street_count": 3 }, "geometry": { "type": "Point", "coordinates": [ 133.587627199999986, 33.5305835 ] } },
{ "type": "Feature", "properties": { "osmid": 1556713893, "y": 33.531661, "x": 133.5875449, "highway": null, "street_count": 3 }, "geometry": { "type": "Point", "coordinates": [ 133.587544900000012, 33.531661 ] } },
{ "type": "Feature", "properties": { "osmid": 1556713932, "y": 33.532207, "x": 133.5819, "highway": null, "street_count": 1 }, "geometry": { "type": "Point", "coordinates": [ 133.5819, 33.532207 ] } },
{ "type": "Feature", "properties": { "osmid": 1556713951, "y": 33.53228, "x": 133.595555, "highway": null, "street_count": 1 }, "geometry": { "type": "Point", "coordinates": [ 133.595555, 33.53228 ] } },
{ "type": "Feature", "properties": { "osmid": 1556713965, "y": 33.5325479, "x": 133.5990613, "highway": null, "street_count": 4 }, "geometry": { "type": "Point", "coordinates": [ 133.599061299999988, 33.5325479 ] } },
{ "type": "Feature", "properties": { "osmid": 1556713987, "y": 33.5328071, "x": 133.5979792, "highway": null, "street_count": 3 }, "geometry": { "type": "Point", "coordinates": [ 133.5979792, 33.5328071 ] } },
{ "type": "Feature", "properties": { "osmid": 1556713989, "y": 33.5328157, "x": 133.5981025, "highway": null, "street_count": 3 }, "geometry": { "type": "Point", "coordinates": [ 133.59810250000001, 33.5328157 ] } },
{ "type": "Feature", "properties": { "osmid": 1609828250, "y": 33.5260025, "x": 133.5872941, "highway": null, "street_count": 3 }, "geometry": { "type": "Point", "coordinates": [ 133.5872941, 33.5260025 ] } },
{ "type": "Feature", "properties": { "osmid": 1609828287, "y": 33.5263568, "x": 133.586503, "highway": null, "street_count": 4 }, "geometry": { "type": "Point", "coordinates": [ 133.586503, 33.5263568 ] } },
{ "type": "Feature", "properties": { "osmid": 1609828289, "y": 33.5263511, "x": 133.5864188, "highway": null, "street_count": 3 }, "geometry": { "type": "Point", "coordinates": [ 133.5864188, 33.5263511 ] } },
{ "type": "Feature", "properties": { "osmid": 1922564967, "y": 33.539383, "x": 133.6289577, "highway": null, "street_count": 3 }, "geometry": { "type": "Point", "coordinates": [ 133.6289577, 33.539383 ] } },
{ "type": "Feature", "properties": { "osmid": 1924070657, "y": 33.5194839, "x": 133.5897572, "highway": "traffic_signals", "street_count": 4 }, "geometry": { "type": "Point", "coordinates": [ 133.5897572, 33.5194839 ] } },
{ "type": "Feature", "properties": { "osmid": 1924070658, "y": 33.5195187, "x": 133.5898811, "highway": "crossing", "street_count": 4 }, "geometry": { "type": "Point", "coordinates": [ 133.589881100000014, 33.5195187 ] } },
{ "type": "Feature", "properties": { "osmid": 1924070665, "y": 33.5195144, "x": 133.5896469, "highway": null, "street_count": 3 }, "geometry": { "type": "Point", "coordinates": [ 133.5896469, 33.5195144 ] } },
{ "type": "Feature", "properties": { "osmid": 1924070669, "y": 33.5196217, "x": 133.5899677, "highway": null, "street_count": 3 }, "geometry": { "type": "Point", "coordinates": [ 133.589967699999988, 33.5196217 ] } },
{ "type": "Feature", "properties": { "osmid": 1924070670, "y": 33.5196418, "x": 133.5899294, "highway": null, "street_count": 3 }, "geometry": { "type": "Point", "coordinates": [ 133.589929399999988, 33.5196418 ] } },
{ "type": "Feature", "properties": { "osmid": 1924070685, "y": 33.5200229, "x": 133.5988977, "highway": null, "street_count": 3 }, "geometry": { "type": "Point", "coordinates": [ 133.5988977, 33.5200229 ] } },
{ "type": "Feature", "properties": { "osmid": 1924070686, "y": 33.5200727, "x": 133.5987654, "highway": null, "street_count": 1 }, "geometry": { "type": "Point", "coordinates": [ 133.5987654, 33.5200727 ] } },
{ "type": "Feature", "properties": { "osmid": 1924070688, "y": 33.5201059, "x": 133.5988195, "highway": null, "street_count": 3 }, "geometry": { "type": "Point", "coordinates": [ 133.5988195, 33.5201059 ] } },
{ "type": "Feature", "properties": { "osmid": 1924070692, "y": 33.5202402, "x": 133.598991, "highway": "crossing", "street_count": 4 }, "geometry": { "type": "Point", "coordinates": [ 133.598991, 33.5202402 ] } },
{ "type": "Feature", "properties": { "osmid": 1924070693, "y": 33.5202623, "x": 133.5991825, "highway": "crossing", "street_count": 4 }, "geometry": { "type": "Point", "coordinates": [ 133.599182500000012, 33.5202623 ] } },
{ "type": "Feature", "properties": { "osmid": 1924070741, "y": 33.5231183, "x": 133.5995789, "highway": null, "street_count": 3 }, "geometry": { "type": "Point", "coordinates": [ 133.599578900000012, 33.5231183 ] } },
{ "type": "Feature", "properties": { "osmid": 1924070743, "y": 33.523161, "x": 133.5994606, "highway": null, "street_count": 3 }, "geometry": { "type": "Point", "coordinates": [ 133.599460599999986, 33.523161 ] } },
{ "type": "Feature", "properties": { "osmid": 1924070744, "y": 33.5231728, "x": 133.5996218, "highway": "crossing", "street_count": 4 }, "geometry": { "type": "Point", "coordinates": [ 133.5996218, 33.5231728 ] } },
{ "type": "Feature", "properties": { "osmid": 1924070748, "y": 33.5232574, "x": 133.5995011, "highway": "crossing", "street_count": 4 }, "geometry": { "type": "Point", "coordinates": [ 133.5995011, 33.5232574 ] } },
{ "type": "Feature", "properties": { "osmid": 1924070749, "y": 33.5232715, "x": 133.599676, "highway": null, "street_count": 3 }, "geometry": { "type": "Point", "coordinates": [ 133.599676, 33.5232715 ] } },
{ "type": "Feature", "properties": { "osmid": 1924070751, "y": 33.5233278, "x": 133.5995566, "highway": null, "street_count": 3 }, "geometry": { "type": "Point", "coordinates": [ 133.5995566, 33.5233278 ] } },
{ "type": "Feature", "properties": { "osmid": 1924070770, "y": 33.5241071, "x": 133.6013435, "highway": null, "street_count": 3 }, "geometry": { "type": "Point", "coordinates": [ 133.601343500000013, 33.5241071 ] } },
{ "type": "Feature", "properties": { "osmid": 1924070771, "y": 33.5241692, "x": 133.601744, "highway": null, "street_count": 3 }, "geometry": { "type": "Point", "coordinates": [ 133.601744, 33.5241692 ] } },
{ "type": "Feature", "properties": { "osmid": 1924070774, "y": 33.5242409, "x": 133.6013133, "highway": null, "street_count": 3 }, "geometry": { "type": "Point", "coordinates": [ 133.601313299999987, 33.5242409 ] } },
{ "type": "Feature", "properties": { "osmid": 1924070778, "y": 33.5243067, "x": 133.6017047, "highway": null, "street_count": 3 }, "geometry": { "type": "Point", "coordinates": [ 133.6017047, 33.5243067 ] } },
{ "type": "Feature", "properties": { "osmid": 1924070792, "y": 33.5245539, "x": 133.6036613, "highway": null, "street_count": 4 }, "geometry": { "type": "Point", "coordinates": [ 133.6036613, 33.5245539 ] } },
{ "type": "Feature", "properties": { "osmid": 1924070803, "y": 33.5249855, "x": 133.5872322, "highway": null, "street_count": 3 }, "geometry": { "type": "Point", "coordinates": [ 133.587232199999988, 33.5249855 ] } },
{ "type": "Feature", "properties": { "osmid": 1924070805, "y": 33.5250168, "x": 133.5872997, "highway": "crossing", "street_count": 4 }, "geometry": { "type": "Point", "coordinates": [ 133.587299699999988, 33.5250168 ] } },
{ "type": "Feature", "properties": { "osmid": 1924070806, "y": 33.5250848, "x": 133.587446, "highway": "crossing", "street_count": 4 }, "geometry": { "type": "Point", "coordinates": [ 133.587446, 33.5250848 ] } },
{ "type": "Feature", "properties": { "osmid": 1924070808, "y": 33.5251111, "x": 133.5875026, "highway": null, "street_count": 3 }, "geometry": { "type": "Point", "coordinates": [ 133.5875026, 33.5251111 ] } },
{ "type": "Feature", "properties": { "osmid": 1924070810, "y": 33.5251565, "x": 133.6053938, "highway": null, "street_count": 3 }, "geometry": { "type": "Point", "coordinates": [ 133.6053938, 33.5251565 ] } },
{ "type": "Feature", "properties": { "osmid": 1924070813, "y": 33.5251825, "x": 133.6055346, "highway": "crossing", "street_count": 4 }, "geometry": { "type": "Point", "coordinates": [ 133.6055346, 33.5251825 ] } },
{ "type": "Feature", "properties": { "osmid": 1924070816, "y": 33.5252459, "x": 133.6053134, "highway": null, "street_count": 3 }, "geometry": { "type": "Point", "coordinates": [ 133.6053134, 33.5252459 ] } },
{ "type": "Feature", "properties": { "osmid": 1924070818, "y": 33.5252885, "x": 133.5870256, "highway": null, "street_count": 3 }, "geometry": { "type": "Point", "coordinates": [ 133.5870256, 33.5252885 ] } },
{ "type": "Feature", "properties": { "osmid": 1924070819, "y": 33.5252771, "x": 133.5873754, "highway": null, "street_count": 3 }, "geometry": { "type": "Point", "coordinates": [ 133.587375400000013, 33.5252771 ] } },
{ "type": "Feature", "properties": { "osmid": 1924070826, "y": 33.5254304, "x": 133.5869408, "highway": null, "street_count": 3 }, "geometry": { "type": "Point", "coordinates": [ 133.5869408, 33.5254304 ] } },
{ "type": "Feature", "properties": { "osmid": 1924070828, "y": 33.5254579, "x": 133.5869938, "highway": "crossing", "street_count": 4 }, "geometry": { "type": "Point", "coordinates": [ 133.586993799999988, 33.5254579 ] } },
{ "type": "Feature", "properties": { "osmid": 1924070829, "y": 33.5254697, "x": 133.6060542, "highway": null, "street_count": 3 }, "geometry": { "type": "Point", "coordinates": [ 133.606054199999988, 33.5254697 ] } },
{ "type": "Feature", "properties": { "osmid": 1924070833, "y": 33.5255144, "x": 133.5871049, "highway": "crossing", "street_count": 4 }, "geometry": { "type": "Point", "coordinates": [ 133.587104900000014, 33.5255144 ] } },
{ "type": "Feature", "properties": { "osmid": 1924070835, "y": 33.5255417, "x": 133.6057908, "highway": null, "street_count": 3 }, "geometry": { "type": "Point", "coordinates": [ 133.6057908, 33.5255417 ] } },
{ "type": "Feature", "properties": { "osmid": 1924070836, "y": 33.5255444, "x": 133.5871605, "highway": null, "street_count": 3 }, "geometry": { "type": "Point", "coordinates": [ 133.58716050000001, 33.5255444 ] } },
{ "type": "Feature", "properties": { "osmid": 1924070853, "y": 33.5255821, "x": 133.6059761, "highway": null, "street_count": 3 }, "geometry": { "type": "Point", "coordinates": [ 133.6059761, 33.5255821 ] } },
{ "type": "Feature", "properties": { "osmid": 1924070857, "y": 33.5256039, "x": 133.6059336, "highway": null, "street_count": 3 }, "geometry": { "type": "Point", "coordinates": [ 133.605933599999986, 33.5256039 ] } },
{ "type": "Feature", "properties": { "osmid": 1924070906, "y": 33.5290275, "x": 133.6046507, "highway": null, "street_count": 4 }, "geometry": { "type": "Point", "coordinates": [ 133.6046507, 33.5290275 ] } },
{ "type": "Feature", "properties": { "osmid": 1924070908, "y": 33.5290489, "x": 133.6037686, "highway": null, "street_count": 3 }, "geometry": { "type": "Point", "coordinates": [ 133.6037686, 33.5290489 ] } },
{ "type": "Feature", "properties": { "osmid": 1924070917, "y": 33.5299219, "x": 133.584409, "highway": null, "street_count": 3 }, "geometry": { "type": "Point", "coordinates": [ 133.584409, 33.5299219 ] } },
{ "type": "Feature", "properties": { "osmid": 1924070918, "y": 33.529956, "x": 133.5843427, "highway": null, "street_count": 3 }, "geometry": { "type": "Point", "coordinates": [ 133.5843427, 33.529956 ] } },
{ "type": "Feature", "properties": { "osmid": 1924070919, "y": 33.5300123, "x": 133.5846671, "highway": null, "street_count": 3 }, "geometry": { "type": "Point", "coordinates": [ 133.5846671, 33.5300123 ] } },
{ "type": "Feature", "properties": { "osmid": 1924070920, "y": 33.530024, "x": 133.584298, "highway": "crossing", "street_count": 4 }, "geometry": { "type": "Point", "coordinates": [ 133.584298, 33.530024 ] } },
{ "type": "Feature", "properties": { "osmid": 1924070922, "y": 33.5300813, "x": 133.6035323, "highway": null, "street_count": 4 }, "geometry": { "type": "Point", "coordinates": [ 133.603532300000012, 33.5300813 ] } },
{ "type": "Feature", "properties": { "osmid": 1924070923, "y": 33.5300928, "x": 133.5842613, "highway": null, "street_count": 3 }, "geometry": { "type": "Point", "coordinates": [ 133.5842613, 33.5300928 ] } },
{ "type": "Feature", "properties": { "osmid": 1924070926, "y": 33.5301596, "x": 133.5846551, "highway": "crossing", "street_count": 4 }, "geometry": { "type": "Point", "coordinates": [ 133.5846551, 33.5301596 ] } },
{ "type": "Feature", "properties": { "osmid": 1924070927, "y": 33.530175, "x": 133.5842756, "highway": null, "street_count": 3 }, "geometry": { "type": "Point", "coordinates": [ 133.584275600000012, 33.530175 ] } },
{ "type": "Feature", "properties": { "osmid": 1924070928, "y": 33.5302051, "x": 133.5843559, "highway": "crossing", "street_count": 4 }, "geometry": { "type": "Point", "coordinates": [ 133.5843559, 33.5302051 ] } },
{ "type": "Feature", "properties": { "osmid": 1924070933, "y": 33.53028, "x": 133.5845379, "highway": null, "street_count": 3 }, "geometry": { "type": "Point", "coordinates": [ 133.584537899999987, 33.53028 ] } },
{ "type": "Feature", "properties": { "osmid": 1924070980, "y": 33.5310054, "x": 133.6049634, "highway": null, "street_count": 3 }, "geometry": { "type": "Point", "coordinates": [ 133.6049634, 33.5310054 ] } },
{ "type": "Feature", "properties": { "osmid": 1924070999, "y": 33.5310821, "x": 133.6048631, "highway": null, "street_count": 3 }, "geometry": { "type": "Point", "coordinates": [ 133.604863099999989, 33.5310821 ] } },
{ "type": "Feature", "properties": { "osmid": 1924071014, "y": 33.5311624, "x": 133.6065117, "highway": null, "street_count": 3 }, "geometry": { "type": "Point", "coordinates": [ 133.6065117, 33.5311624 ] } },
{ "type": "Feature", "properties": { "osmid": 1924071016, "y": 33.5311788, "x": 133.6062935, "highway": null, "street_count": 3 }, "geometry": { "type": "Point", "coordinates": [ 133.6062935, 33.5311788 ] } },
{ "type": "Feature", "properties": { "osmid": 1924071027, "y": 33.5312813, "x": 133.6065152, "highway": null, "street_count": 3 }, "geometry": { "type": "Point", "coordinates": [ 133.6065152, 33.5312813 ] } },
{ "type": "Feature", "properties": { "osmid": 1924071030, "y": 33.5312923, "x": 133.6063023, "highway": null, "street_count": 3 }, "geometry": { "type": "Point", "coordinates": [ 133.60630230000001, 33.5312923 ] } },
{ "type": "Feature", "properties": { "osmid": 1924071034, "y": 33.5313025, "x": 133.6064144, "highway": "crossing", "street_count": 4 }, "geometry": { "type": "Point", "coordinates": [ 133.6064144, 33.5313025 ] } },
{ "type": "Feature", "properties": { "osmid": 1924071082, "y": 33.5325892, "x": 133.6083567, "highway": null, "street_count": 3 }, "geometry": { "type": "Point", "coordinates": [ 133.6083567, 33.5325892 ] } },
{ "type": "Feature", "properties": { "osmid": 1924071101, "y": 33.5326905, "x": 133.6087692, "highway": null, "street_count": 3 }, "geometry": { "type": "Point", "coordinates": [ 133.608769200000012, 33.5326905 ] } },
{ "type": "Feature", "properties": { "osmid": 1924071114, "y": 33.5327702, "x": 133.6095271, "highway": null, "street_count": 3 }, "geometry": { "type": "Point", "coordinates": [ 133.6095271, 33.5327702 ] } },
{ "type": "Feature", "properties": { "osmid": 1924071136, "y": 33.5330239, "x": 133.6113471, "highway": null, "street_count": 3 }, "geometry": { "type": "Point", "coordinates": [ 133.611347099999989, 33.5330239 ] } },
{ "type": "Feature", "properties": { "osmid": 1924071144, "y": 33.5330377, "x": 133.610991, "highway": null, "street_count": 3 }, "geometry": { "type": "Point", "coordinates": [ 133.610991, 33.5330377 ] } },
{ "type": "Feature", "properties": { "osmid": 1924071152, "y": 33.5330999, "x": 133.6113532, "highway": "crossing", "street_count": 4 }, "geometry": { "type": "Point", "coordinates": [ 133.6113532, 33.5330999 ] } },
{ "type": "Feature", "properties": { "osmid": 1924071170, "y": 33.5331464, "x": 133.6090212, "highway": null, "street_count": 3 }, "geometry": { "type": "Point", "coordinates": [ 133.6090212, 33.5331464 ] } },
{ "type": "Feature", "properties": { "osmid": 1924071174, "y": 33.5331568, "x": 133.6113578, "highway": null, "street_count": 3 }, "geometry": { "type": "Point", "coordinates": [ 133.6113578, 33.5331568 ] } },
{ "type": "Feature", "properties": { "osmid": 1924071181, "y": 33.5331877, "x": 133.6109786, "highway": null, "street_count": 3 }, "geometry": { "type": "Point", "coordinates": [ 133.61097860000001, 33.5331877 ] } },
{ "type": "Feature", "properties": { "osmid": 1924071187, "y": 33.5332487, "x": 133.6112464, "highway": null, "street_count": 3 }, "geometry": { "type": "Point", "coordinates": [ 133.6112464, 33.5332487 ] } },
{ "type": "Feature", "properties": { "osmid": 1924071188, "y": 33.5332539, "x": 133.6111784, "highway": "crossing", "street_count": 4 }, "geometry": { "type": "Point", "coordinates": [ 133.6111784, 33.5332539 ] } },
{ "type": "Feature", "properties": { "osmid": 1924071189, "y": 33.5332609, "x": 133.6110866, "highway": null, "street_count": 3 }, "geometry": { "type": "Point", "coordinates": [ 133.6110866, 33.5332609 ] } },
{ "type": "Feature", "properties": { "osmid": 1924071194, "y": 33.5334203, "x": 133.6111001, "highway": null, "street_count": 1 }, "geometry": { "type": "Point", "coordinates": [ 133.611100099999987, 33.5334203 ] } },
{ "type": "Feature", "properties": { "osmid": 1924071201, "y": 33.534364, "x": 133.6077047, "highway": null, "street_count": 3 }, "geometry": { "type": "Point", "coordinates": [ 133.6077047, 33.534364 ] } },
{ "type": "Feature", "properties": { "osmid": 1924071202, "y": 33.534594, "x": 133.6076215, "highway": null, "street_count": 3 }, "geometry": { "type": "Point", "coordinates": [ 133.6076215, 33.534594 ] } },
{ "type": "Feature", "properties": { "osmid": 1924071203, "y": 33.5346789, "x": 133.6089247, "highway": null, "street_count": 3 }, "geometry": { "type": "Point", "coordinates": [ 133.608924699999989, 33.5346789 ] } },
{ "type": "Feature", "properties": { "osmid": 3233784663, "y": 33.5290872, "x": 133.5673531, "highway": null, "street_count": 3 }, "geometry": { "type": "Point", "coordinates": [ 133.5673531, 33.5290872 ] } },
{ "type": "Feature", "properties": { "osmid": 3233784665, "y": 33.5285271, "x": 133.5689282, "highway": null, "street_count": 3 }, "geometry": { "type": "Point", "coordinates": [ 133.568928199999988, 33.5285271 ] } },
{ "type": "Feature", "properties": { "osmid": 3233784667, "y": 33.5292007, "x": 133.5709, "highway": null, "street_count": 3 }, "geometry": { "type": "Point", "coordinates": [ 133.5709, 33.5292007 ] } },
{ "type": "Feature", "properties": { "osmid": 3233784668, "y": 33.5291717, "x": 133.5715764, "highway": null, "street_count": 3 }, "geometry": { "type": "Point", "coordinates": [ 133.5715764, 33.5291717 ] } },
{ "type": "Feature", "properties": { "osmid": 3233784669, "y": 33.5282731, "x": 133.5715896, "highway": null, "street_count": 3 }, "geometry": { "type": "Point", "coordinates": [ 133.57158960000001, 33.5282731 ] } },
{ "type": "Feature", "properties": { "osmid": 3233784672, "y": 33.5271368, "x": 133.571803, "highway": null, "street_count": 4 }, "geometry": { "type": "Point", "coordinates": [ 133.571803, 33.5271368 ] } },
{ "type": "Feature", "properties": { "osmid": 3233784679, "y": 33.5276757, "x": 133.5733217, "highway": null, "street_count": 3 }, "geometry": { "type": "Point", "coordinates": [ 133.5733217, 33.5276757 ] } },
{ "type": "Feature", "properties": { "osmid": 3233784680, "y": 33.5279338, "x": 133.5727253, "highway": null, "street_count": 3 }, "geometry": { "type": "Point", "coordinates": [ 133.5727253, 33.5279338 ] } },
{ "type": "Feature", "properties": { "osmid": 3233784685, "y": 33.5277774, "x": 133.5730756, "highway": null, "street_count": 3 }, "geometry": { "type": "Point", "coordinates": [ 133.57307560000001, 33.5277774 ] } },
{ "type": "Feature", "properties": { "osmid": 3233784686, "y": 33.5267414, "x": 133.5713951, "highway": null, "street_count": 3 }, "geometry": { "type": "Point", "coordinates": [ 133.571395099999989, 33.5267414 ] } },
{ "type": "Feature", "properties": { "osmid": 3233784687, "y": 33.5271192, "x": 133.5726073, "highway": null, "street_count": 1 }, "geometry": { "type": "Point", "coordinates": [ 133.572607299999987, 33.5271192 ] } },
{ "type": "Feature", "properties": { "osmid": 3233784688, "y": 33.5269092, "x": 133.5719332, "highway": null, "street_count": 3 }, "geometry": { "type": "Point", "coordinates": [ 133.571933199999989, 33.5269092 ] } },
{ "type": "Feature", "properties": { "osmid": 3233784689, "y": 33.5259008, "x": 133.5716366, "highway": null, "street_count": 3 }, "geometry": { "type": "Point", "coordinates": [ 133.5716366, 33.5259008 ] } },
{ "type": "Feature", "properties": { "osmid": 3233784690, "y": 33.5262608, "x": 133.5727497, "highway": null, "street_count": 1 }, "geometry": { "type": "Point", "coordinates": [ 133.5727497, 33.5262608 ] } },
{ "type": "Feature", "properties": { "osmid": 3233784720, "y": 33.5201463, "x": 133.5768143, "highway": null, "street_count": 3 }, "geometry": { "type": "Point", "coordinates": [ 133.5768143, 33.5201463 ] } },
{ "type": "Feature", "properties": { "osmid": 3233784721, "y": 33.5200425, "x": 133.577509, "highway": null, "street_count": 3 }, "geometry": { "type": "Point", "coordinates": [ 133.577509, 33.5200425 ] } },
{ "type": "Feature", "properties": { "osmid": 3233784723, "y": 33.5197398, "x": 133.577453, "highway": null, "street_count": 3 }, "geometry": { "type": "Point", "coordinates": [ 133.577453, 33.5197398 ] } },
{ "type": "Feature", "properties": { "osmid": 3233784726, "y": 33.518378, "x": 133.5739827, "highway": null, "street_count": 3 }, "geometry": { "type": "Point", "coordinates": [ 133.573982699999988, 33.518378 ] } },
{ "type": "Feature", "properties": { "osmid": 3233784727, "y": 33.5158545, "x": 133.5736524, "highway": null, "street_count": 3 }, "geometry": { "type": "Point", "coordinates": [ 133.573652399999986, 33.5158545 ] } },
{ "type": "Feature", "properties": { "osmid": 3233784729, "y": 33.5145106, "x": 133.5751293, "highway": null, "street_count": 3 }, "geometry": { "type": "Point", "coordinates": [ 133.575129299999986, 33.5145106 ] } },
{ "type": "Feature", "properties": { "osmid": 3723961439, "y": 33.5329036, "x": 133.6102289, "highway": null, "street_count": 4 }, "geometry": { "type": "Point", "coordinates": [ 133.61022890000001, 33.5329036 ] } },
{ "type": "Feature", "properties": { "osmid": 3788884666, "y": 33.5314247, "x": 133.6083037, "highway": null, "street_count": 4 }, "geometry": { "type": "Point", "coordinates": [ 133.6083037, 33.5314247 ] } },
{ "type": "Feature", "properties": { "osmid": 3968917095, "y": 33.5043836, "x": 133.5630001, "highway": null, "street_count": 1 }, "geometry": { "type": "Point", "coordinates": [ 133.563000100000011, 33.5043836 ] } },
{ "type": "Feature", "properties": { "osmid": 4003018491, "y": 33.5310855, "x": 133.5861552, "highway": null, "street_count": 5 }, "geometry": { "type": "Point", "coordinates": [ 133.5861552, 33.5310855 ] } },
{ "type": "Feature", "properties": { "osmid": 4003018548, "y": 33.5315644, "x": 133.5862418, "highway": null, "street_count": 3 }, "geometry": { "type": "Point", "coordinates": [ 133.58624180000001, 33.5315644 ] } },
{ "type": "Feature", "properties": { "osmid": 4211508703, "y": 33.5141422, "x": 133.5909065, "highway": null, "street_count": 1 }, "geometry": { "type": "Point", "coordinates": [ 133.590906499999988, 33.5141422 ] } },
{ "type": "Feature", "properties": { "osmid": 4211508729, "y": 33.5150073, "x": 133.5807835, "highway": null, "street_count": 3 }, "geometry": { "type": "Point", "coordinates": [ 133.5807835, 33.5150073 ] } },
{ "type": "Feature", "properties": { "osmid": 4211508739, "y": 33.5155346, "x": 133.5724655, "highway": null, "street_count": 3 }, "geometry": { "type": "Point", "coordinates": [ 133.5724655, 33.5155346 ] } },
{ "type": "Feature", "properties": { "osmid": 4211508740, "y": 33.5155424, "x": 133.5721679, "highway": null, "street_count": 3 }, "geometry": { "type": "Point", "coordinates": [ 133.572167900000011, 33.5155424 ] } },
{ "type": "Feature", "properties": { "osmid": 4211508741, "y": 33.5155516, "x": 133.5715345, "highway": null, "street_count": 3 }, "geometry": { "type": "Point", "coordinates": [ 133.571534500000013, 33.5155516 ] } },
{ "type": "Feature", "properties": { "osmid": 4211508744, "y": 33.5159982, "x": 133.5733613, "highway": null, "street_count": 3 }, "geometry": { "type": "Point", "coordinates": [ 133.573361299999988, 33.5159982 ] } },
{ "type": "Feature", "properties": { "osmid": 4211508746, "y": 33.5160152, "x": 133.5724779, "highway": null, "street_count": 4 }, "geometry": { "type": "Point", "coordinates": [ 133.5724779, 33.5160152 ] } },
{ "type": "Feature", "properties": { "osmid": 4211508747, "y": 33.5160331, "x": 133.5715479, "highway": null, "street_count": 3 }, "geometry": { "type": "Point", "coordinates": [ 133.571547900000013, 33.5160331 ] } },
{ "type": "Feature", "properties": { "osmid": 4211508755, "y": 33.5164548, "x": 133.5734562, "highway": null, "street_count": 3 }, "geometry": { "type": "Point", "coordinates": [ 133.57345620000001, 33.5164548 ] } },
{ "type": "Feature", "properties": { "osmid": 4211508756, "y": 33.5164752, "x": 133.5724899, "highway": null, "street_count": 4 }, "geometry": { "type": "Point", "coordinates": [ 133.5724899, 33.5164752 ] } },
{ "type": "Feature", "properties": { "osmid": 4211508757, "y": 33.5164949, "x": 133.5715608, "highway": null, "street_count": 3 }, "geometry": { "type": "Point", "coordinates": [ 133.571560799999986, 33.5164949 ] } },
{ "type": "Feature", "properties": { "osmid": 4211508769, "y": 33.5169686, "x": 133.573563, "highway": null, "street_count": 3 }, "geometry": { "type": "Point", "coordinates": [ 133.573563, 33.5169686 ] } },
{ "type": "Feature", "properties": { "osmid": 4211508770, "y": 33.5169783, "x": 133.5729468, "highway": null, "street_count": 3 }, "geometry": { "type": "Point", "coordinates": [ 133.572946800000011, 33.5169783 ] } },
{ "type": "Feature", "properties": { "osmid": 4211508771, "y": 33.5169852, "x": 133.5725031, "highway": null, "street_count": 3 }, "geometry": { "type": "Point", "coordinates": [ 133.5725031, 33.5169852 ] } },
{ "type": "Feature", "properties": { "osmid": 4211508772, "y": 33.5169998, "x": 133.5715748, "highway": null, "street_count": 3 }, "geometry": { "type": "Point", "coordinates": [ 133.5715748, 33.5169998 ] } },
{ "type": "Feature", "properties": { "osmid": 4211508773, "y": 33.5170093, "x": 133.570964, "highway": null, "street_count": 3 }, "geometry": { "type": "Point", "coordinates": [ 133.570964, 33.5170093 ] } },
{ "type": "Feature", "properties": { "osmid": 4211508782, "y": 33.5170932, "x": 133.566254, "highway": null, "street_count": 3 }, "geometry": { "type": "Point", "coordinates": [ 133.566254, 33.5170932 ] } },
{ "type": "Feature", "properties": { "osmid": 4211508784, "y": 33.5170996, "x": 133.5671867, "highway": null, "street_count": 3 }, "geometry": { "type": "Point", "coordinates": [ 133.5671867, 33.5170996 ] } },
{ "type": "Feature", "properties": { "osmid": 4211508785, "y": 33.5171119, "x": 133.5652959, "highway": null, "street_count": 3 }, "geometry": { "type": "Point", "coordinates": [ 133.5652959, 33.5171119 ] } },
{ "type": "Feature", "properties": { "osmid": 4211508786, "y": 33.5171197, "x": 133.5648968, "highway": null, "street_count": 1 }, "geometry": { "type": "Point", "coordinates": [ 133.564896800000014, 33.5171197 ] } },
{ "type": "Feature", "properties": { "osmid": 4211509193, "y": 33.5173953, "x": 133.5906874, "highway": null, "street_count": 4 }, "geometry": { "type": "Point", "coordinates": [ 133.5906874, 33.5173953 ] } },
{ "type": "Feature", "properties": { "osmid": 4211509197, "y": 33.5175675, "x": 133.5709815, "highway": null, "street_count": 3 }, "geometry": { "type": "Point", "coordinates": [ 133.570981499999988, 33.5175675 ] } },
{ "type": "Feature", "properties": { "osmid": 4211509203, "y": 33.5182551, "x": 133.571003, "highway": null, "street_count": 3 }, "geometry": { "type": "Point", "coordinates": [ 133.571003, 33.5182551 ] } },
{ "type": "Feature", "properties": { "osmid": 4211509207, "y": 33.5183633, "x": 133.5902657, "highway": null, "street_count": 4 }, "geometry": { "type": "Point", "coordinates": [ 133.5902657, 33.5183633 ] } },
{ "type": "Feature", "properties": { "osmid": 4211509208, "y": 33.5183714, "x": 133.5649806, "highway": null, "street_count": 1 }, "geometry": { "type": "Point", "coordinates": [ 133.564980600000013, 33.5183714 ] } },
{ "type": "Feature", "properties": { "osmid": 4211509209, "y": 33.518391, "x": 133.5903577, "highway": null, "street_count": 4 }, "geometry": { "type": "Point", "coordinates": [ 133.5903577, 33.518391 ] } },
{ "type": "Feature", "properties": { "osmid": 4211509220, "y": 33.5194533, "x": 133.5710405, "highway": null, "street_count": 3 }, "geometry": { "type": "Point", "coordinates": [ 133.5710405, 33.5194533 ] } },
{ "type": "Feature", "properties": { "osmid": 4211509223, "y": 33.5195013, "x": 133.5686064, "highway": null, "street_count": 3 }, "geometry": { "type": "Point", "coordinates": [ 133.5686064, 33.5195013 ] } },
{ "type": "Feature", "properties": { "osmid": 4211509224, "y": 33.5195464, "x": 133.5663143, "highway": null, "street_count": 3 }, "geometry": { "type": "Point", "coordinates": [ 133.566314299999988, 33.5195464 ] } },
{ "type": "Feature", "properties": { "osmid": 4211509225, "y": 33.5195651, "x": 133.5653689, "highway": null, "street_count": 3 }, "geometry": { "type": "Point", "coordinates": [ 133.56536890000001, 33.5195651 ] } },
{ "type": "Feature", "properties": { "osmid": 4211509226, "y": 33.5195679, "x": 133.5896463, "highway": null, "street_count": 3 }, "geometry": { "type": "Point", "coordinates": [ 133.5896463, 33.5195679 ] } },
{ "type": "Feature", "properties": { "osmid": 4211509229, "y": 33.5195873, "x": 133.5897151, "highway": null, "street_count": 4 }, "geometry": { "type": "Point", "coordinates": [ 133.5897151, 33.5195873 ] } },
{ "type": "Feature", "properties": { "osmid": 4211509230, "y": 33.5196248, "x": 133.5898412, "highway": null, "street_count": 4 }, "geometry": { "type": "Point", "coordinates": [ 133.5898412, 33.5196248 ] } },
{ "type": "Feature", "properties": { "osmid": 4211509236, "y": 33.5202025, "x": 133.5899404, "highway": null, "street_count": 4 }, "geometry": { "type": "Point", "coordinates": [ 133.589940399999989, 33.5202025 ] } },
{ "type": "Feature", "properties": { "osmid": 4211509238, "y": 33.5206048, "x": 133.5710766, "highway": null, "street_count": 1 }, "geometry": { "type": "Point", "coordinates": [ 133.5710766, 33.5206048 ] } },
{ "type": "Feature", "properties": { "osmid": 4211509239, "y": 33.5206276, "x": 133.5672136, "highway": null, "street_count": 4 }, "geometry": { "type": "Point", "coordinates": [ 133.5672136, 33.5206276 ] } },
{ "type": "Feature", "properties": { "osmid": 4211509240, "y": 33.520664, "x": 133.565237, "highway": null, "street_count": 3 }, "geometry": { "type": "Point", "coordinates": [ 133.565237, 33.520664 ] } },
{ "type": "Feature", "properties": { "osmid": 4211509243, "y": 33.5212085, "x": 133.5672304, "highway": null, "street_count": 3 }, "geometry": { "type": "Point", "coordinates": [ 133.5672304, 33.5212085 ] } },
{ "type": "Feature", "properties": { "osmid": 4211509256, "y": 33.523884, "x": 133.5823273, "highway": null, "street_count": 3 }, "geometry": { "type": "Point", "coordinates": [ 133.5823273, 33.523884 ] } },
{ "type": "Feature", "properties": { "osmid": 4211509258, "y": 33.5239041, "x": 133.5826442, "highway": null, "street_count": 3 }, "geometry": { "type": "Point", "coordinates": [ 133.5826442, 33.5239041 ] } },
{ "type": "Feature", "properties": { "osmid": 4211509259, "y": 33.5239089, "x": 133.5823813, "highway": null, "street_count": 3 }, "geometry": { "type": "Point", "coordinates": [ 133.5823813, 33.5239089 ] } },
{ "type": "Feature", "properties": { "osmid": 4211509261, "y": 33.5239366, "x": 133.5824542, "highway": null, "street_count": 1 }, "geometry": { "type": "Point", "coordinates": [ 133.5824542, 33.5239366 ] } },
{ "type": "Feature", "properties": { "osmid": 4211509263, "y": 33.523969, "x": 133.5822691, "highway": null, "street_count": 1 }, "geometry": { "type": "Point", "coordinates": [ 133.5822691, 33.523969 ] } },
{ "type": "Feature", "properties": { "osmid": 4211509266, "y": 33.524011, "x": 133.5816017, "highway": null, "street_count": 3 }, "geometry": { "type": "Point", "coordinates": [ 133.5816017, 33.524011 ] } },
{ "type": "Feature", "properties": { "osmid": 4211509267, "y": 33.5240627, "x": 133.5821481, "highway": null, "street_count": 3 }, "geometry": { "type": "Point", "coordinates": [ 133.582148100000012, 33.5240627 ] } },
{ "type": "Feature", "properties": { "osmid": 4211509268, "y": 33.5240648, "x": 133.5826338, "highway": null, "street_count": 3 }, "geometry": { "type": "Point", "coordinates": [ 133.5826338, 33.5240648 ] } },
{ "type": "Feature", "properties": { "osmid": 4211509269, "y": 33.5241722, "x": 133.5841051, "highway": null, "street_count": 4 }, "geometry": { "type": "Point", "coordinates": [ 133.584105099999988, 33.5241722 ] } },
{ "type": "Feature", "properties": { "osmid": 4211509271, "y": 33.5243202, "x": 133.5812364, "highway": null, "street_count": 3 }, "geometry": { "type": "Point", "coordinates": [ 133.5812364, 33.5243202 ] } },
{ "type": "Feature", "properties": { "osmid": 4211509272, "y": 33.5243724, "x": 133.5820773, "highway": null, "street_count": 3 }, "geometry": { "type": "Point", "coordinates": [ 133.5820773, 33.5243724 ] } },
{ "type": "Feature", "properties": { "osmid": 4211509273, "y": 33.5244088, "x": 133.582597, "highway": null, "street_count": 3 }, "geometry": { "type": "Point", "coordinates": [ 133.582597, 33.5244088 ] } },
{ "type": "Feature", "properties": { "osmid": 4211509276, "y": 33.524503, "x": 133.5840733, "highway": null, "street_count": 4 }, "geometry": { "type": "Point", "coordinates": [ 133.5840733, 33.524503 ] } },
{ "type": "Feature", "properties": { "osmid": 4211509277, "y": 33.5245193, "x": 133.5845084, "highway": null, "street_count": 3 }, "geometry": { "type": "Point", "coordinates": [ 133.5845084, 33.5245193 ] } },
{ "type": "Feature", "properties": { "osmid": 4211509279, "y": 33.5246313, "x": 133.5808312, "highway": null, "street_count": 3 }, "geometry": { "type": "Point", "coordinates": [ 133.5808312, 33.5246313 ] } },
{ "type": "Feature", "properties": { "osmid": 4211509280, "y": 33.5247162, "x": 133.5820432, "highway": null, "street_count": 3 }, "geometry": { "type": "Point", "coordinates": [ 133.582043199999987, 33.5247162 ] } },
{ "type": "Feature", "properties": { "osmid": 4211509281, "y": 33.5247518, "x": 133.5825618, "highway": null, "street_count": 3 }, "geometry": { "type": "Point", "coordinates": [ 133.5825618, 33.5247518 ] } },
{ "type": "Feature", "properties": { "osmid": 4211509282, "y": 33.5248361, "x": 133.5840435, "highway": null, "street_count": 4 }, "geometry": { "type": "Point", "coordinates": [ 133.5840435, 33.5248361 ] } },
{ "type": "Feature", "properties": { "osmid": 4211509284, "y": 33.5248744, "x": 133.5847182, "highway": null, "street_count": 3 }, "geometry": { "type": "Point", "coordinates": [ 133.5847182, 33.5248744 ] } },
{ "type": "Feature", "properties": { "osmid": 4211509286, "y": 33.5249593, "x": 133.5805632, "highway": null, "street_count": 3 }, "geometry": { "type": "Point", "coordinates": [ 133.5805632, 33.5249593 ] } },
{ "type": "Feature", "properties": { "osmid": 4211509287, "y": 33.5250582, "x": 133.5820093, "highway": null, "street_count": 3 }, "geometry": { "type": "Point", "coordinates": [ 133.58200930000001, 33.5250582 ] } },
{ "type": "Feature", "properties": { "osmid": 4211509389, "y": 33.5251006, "x": 133.5825249, "highway": null, "street_count": 3 }, "geometry": { "type": "Point", "coordinates": [ 133.58252490000001, 33.5251006 ] } },
{ "type": "Feature", "properties": { "osmid": 4211509390, "y": 33.5251919, "x": 133.5840165, "highway": null, "street_count": 4 }, "geometry": { "type": "Point", "coordinates": [ 133.5840165, 33.5251919 ] } },
{ "type": "Feature", "properties": { "osmid": 4211509391, "y": 33.5252453, "x": 133.5847206, "highway": null, "street_count": 3 }, "geometry": { "type": "Point", "coordinates": [ 133.5847206, 33.5252453 ] } },
{ "type": "Feature", "properties": { "osmid": 4211509392, "y": 33.5252471, "x": 133.5873992, "highway": null, "street_count": 4 }, "geometry": { "type": "Point", "coordinates": [ 133.5873992, 33.5252471 ] } },
{ "type": "Feature", "properties": { "osmid": 4211509393, "y": 33.5252688, "x": 133.5872999, "highway": null, "street_count": 4 }, "geometry": { "type": "Point", "coordinates": [ 133.5872999, 33.5252688 ] } },
{ "type": "Feature", "properties": { "osmid": 4211509395, "y": 33.5253139, "x": 133.5870937, "highway": null, "street_count": 4 }, "geometry": { "type": "Point", "coordinates": [ 133.5870937, 33.5253139 ] } },
{ "type": "Feature", "properties": { "osmid": 4211509397, "y": 33.5253354, "x": 133.5869914, "highway": null, "street_count": 4 }, "geometry": { "type": "Point", "coordinates": [ 133.586991399999988, 33.5253354 ] } },
{ "type": "Feature", "properties": { "osmid": 4211509401, "y": 33.5253552, "x": 133.5807465, "highway": null, "street_count": 3 }, "geometry": { "type": "Point", "coordinates": [ 133.5807465, 33.5253552 ] } },
{ "type": "Feature", "properties": { "osmid": 4211509403, "y": 33.5253803, "x": 133.5821961, "highway": null, "street_count": 3 }, "geometry": { "type": "Point", "coordinates": [ 133.5821961, 33.5253803 ] } },
{ "type": "Feature", "properties": { "osmid": 4211509405, "y": 33.5253893, "x": 133.5822857, "highway": null, "street_count": 3 }, "geometry": { "type": "Point", "coordinates": [ 133.5822857, 33.5253893 ] } },
{ "type": "Feature", "properties": { "osmid": 4211509408, "y": 33.5254375, "x": 133.5819717, "highway": null, "street_count": 4 }, "geometry": { "type": "Point", "coordinates": [ 133.5819717, 33.5254375 ] } },
{ "type": "Feature", "properties": { "osmid": 4211509409, "y": 33.5254544, "x": 133.5822234, "highway": null, "street_count": 4 }, "geometry": { "type": "Point", "coordinates": [ 133.5822234, 33.5254544 ] } },
{ "type": "Feature", "properties": { "osmid": 4211509414, "y": 33.5255125, "x": 133.582187, "highway": null, "street_count": 3 }, "geometry": { "type": "Point", "coordinates": [ 133.582187, 33.5255125 ] } },
{ "type": "Feature", "properties": { "osmid": 4211509415, "y": 33.5255206, "x": 133.5822761, "highway": null, "street_count": 3 }, "geometry": { "type": "Point", "coordinates": [ 133.5822761, 33.5255206 ] } },
{ "type": "Feature", "properties": { "osmid": 4211509416, "y": 33.5255624, "x": 133.5807924, "highway": null, "street_count": 3 }, "geometry": { "type": "Point", "coordinates": [ 133.5807924, 33.5255624 ] } },
{ "type": "Feature", "properties": { "osmid": 4211509417, "y": 33.5255717, "x": 133.5839707, "highway": null, "street_count": 4 }, "geometry": { "type": "Point", "coordinates": [ 133.5839707, 33.5255717 ] } },
{ "type": "Feature", "properties": { "osmid": 4211509419, "y": 33.525613, "x": 133.5815685, "highway": null, "street_count": 3 }, "geometry": { "type": "Point", "coordinates": [ 133.5815685, 33.525613 ] } },
{ "type": "Feature", "properties": { "osmid": 4211509420, "y": 33.5256169, "x": 133.584644, "highway": null, "street_count": 3 }, "geometry": { "type": "Point", "coordinates": [ 133.584644, 33.5256169 ] } },
{ "type": "Feature", "properties": { "osmid": 4211509422, "y": 33.5256381, "x": 133.5819519, "highway": null, "street_count": 3 }, "geometry": { "type": "Point", "coordinates": [ 133.5819519, 33.5256381 ] } },
{ "type": "Feature", "properties": { "osmid": 4211509425, "y": 33.5258484, "x": 133.5824521, "highway": null, "street_count": 3 }, "geometry": { "type": "Point", "coordinates": [ 133.582452100000012, 33.5258484 ] } },
{ "type": "Feature", "properties": { "osmid": 4211509428, "y": 33.5259101, "x": 133.5807788, "highway": null, "street_count": 1 }, "geometry": { "type": "Point", "coordinates": [ 133.5807788, 33.5259101 ] } },
{ "type": "Feature", "properties": { "osmid": 4211509429, "y": 33.525956, "x": 133.5839338, "highway": null, "street_count": 3 }, "geometry": { "type": "Point", "coordinates": [ 133.583933800000011, 33.525956 ] } },
{ "type": "Feature", "properties": { "osmid": 4211509433, "y": 33.5261505, "x": 133.5839151, "highway": null, "street_count": 3 }, "geometry": { "type": "Point", "coordinates": [ 133.583915100000013, 33.5261505 ] } },
{ "type": "Feature", "properties": { "osmid": 4211509439, "y": 33.5262572, "x": 133.582785, "highway": null, "street_count": 3 }, "geometry": { "type": "Point", "coordinates": [ 133.582785, 33.5262572 ] } },
{ "type": "Feature", "properties": { "osmid": 4211509444, "y": 33.5263863, "x": 133.5838924, "highway": null, "street_count": 3 }, "geometry": { "type": "Point", "coordinates": [ 133.5838924, 33.5263863 ] } },
{ "type": "Feature", "properties": { "osmid": 4215779899, "y": 33.5183296, "x": 133.567147, "highway": null, "street_count": 4 }, "geometry": { "type": "Point", "coordinates": [ 133.567147, 33.5183296 ] } },
{ "type": "Feature", "properties": { "osmid": 4215779900, "y": 33.5195293, "x": 133.5671818, "highway": null, "street_count": 4 }, "geometry": { "type": "Point", "coordinates": [ 133.567181799999986, 33.5195293 ] } },
{ "type": "Feature", "properties": { "osmid": 4309913512, "y": 33.5183462, "x": 133.5662848, "highway": null, "street_count": 4 }, "geometry": { "type": "Point", "coordinates": [ 133.5662848, 33.5183462 ] } },
{ "type": "Feature", "properties": { "osmid": 4309998797, "y": 33.5254722, "x": 133.5824887, "highway": null, "street_count": 4 }, "geometry": { "type": "Point", "coordinates": [ 133.5824887, 33.5254722 ] } },
{ "type": "Feature", "properties": { "osmid": 4310003646, "y": 33.5183646, "x": 133.5653332, "highway": null, "street_count": 4 }, "geometry": { "type": "Point", "coordinates": [ 133.5653332, 33.5183646 ] } },
{ "type": "Feature", "properties": { "osmid": 4903576239, "y": 33.5243431, "x": 133.5724476, "highway": null, "street_count": 3 }, "geometry": { "type": "Point", "coordinates": [ 133.5724476, 33.5243431 ] } },
{ "type": "Feature", "properties": { "osmid": 4903576243, "y": 33.5240112, "x": 133.572578, "highway": null, "street_count": 3 }, "geometry": { "type": "Point", "coordinates": [ 133.572578, 33.5240112 ] } },
{ "type": "Feature", "properties": { "osmid": 4903576244, "y": 33.5234482, "x": 133.5738724, "highway": null, "street_count": 3 }, "geometry": { "type": "Point", "coordinates": [ 133.5738724, 33.5234482 ] } },
{ "type": "Feature", "properties": { "osmid": 4903576245, "y": 33.5240169, "x": 133.5735388, "highway": null, "street_count": 1 }, "geometry": { "type": "Point", "coordinates": [ 133.5735388, 33.5240169 ] } },
{ "type": "Feature", "properties": { "osmid": 4903576246, "y": 33.5229656, "x": 133.5732213, "highway": null, "street_count": 4 }, "geometry": { "type": "Point", "coordinates": [ 133.5732213, 33.5229656 ] } },
{ "type": "Feature", "properties": { "osmid": 4903576248, "y": 33.5234825, "x": 133.5727601, "highway": null, "street_count": 1 }, "geometry": { "type": "Point", "coordinates": [ 133.572760100000011, 33.5234825 ] } },
{ "type": "Feature", "properties": { "osmid": 4903576249, "y": 33.5232489, "x": 133.5735808, "highway": null, "street_count": 3 }, "geometry": { "type": "Point", "coordinates": [ 133.5735808, 33.5232489 ] } },
{ "type": "Feature", "properties": { "osmid": 4903576250, "y": 33.5237295, "x": 133.5732614, "highway": null, "street_count": 1 }, "geometry": { "type": "Point", "coordinates": [ 133.5732614, 33.5237295 ] } },
{ "type": "Feature", "properties": { "osmid": 4903576251, "y": 33.5223203, "x": 133.5734458, "highway": null, "street_count": 3 }, "geometry": { "type": "Point", "coordinates": [ 133.5734458, 33.5223203 ] } },
{ "type": "Feature", "properties": { "osmid": 4903596956, "y": 33.5246363, "x": 133.5756685, "highway": null, "street_count": 3 }, "geometry": { "type": "Point", "coordinates": [ 133.5756685, 33.5246363 ] } },
{ "type": "Feature", "properties": { "osmid": 4903596957, "y": 33.5247894, "x": 133.5766905, "highway": null, "street_count": 3 }, "geometry": { "type": "Point", "coordinates": [ 133.576690500000012, 33.5247894 ] } },
{ "type": "Feature", "properties": { "osmid": 4903596959, "y": 33.5250257, "x": 133.5761238, "highway": null, "street_count": 3 }, "geometry": { "type": "Point", "coordinates": [ 133.5761238, 33.5250257 ] } },
{ "type": "Feature", "properties": { "osmid": 4903596960, "y": 33.5250901, "x": 133.5766382, "highway": null, "street_count": 4 }, "geometry": { "type": "Point", "coordinates": [ 133.5766382, 33.5250901 ] } },
{ "type": "Feature", "properties": { "osmid": 4903596961, "y": 33.5251384, "x": 133.5771007, "highway": null, "street_count": 1 }, "geometry": { "type": "Point", "coordinates": [ 133.577100699999988, 33.5251384 ] } },
{ "type": "Feature", "properties": { "osmid": 4903596963, "y": 33.5250404, "x": 133.5749067, "highway": null, "street_count": 4 }, "geometry": { "type": "Point", "coordinates": [ 133.574906700000014, 33.5250404 ] } },
{ "type": "Feature", "properties": { "osmid": 4903596966, "y": 33.5253511, "x": 133.5749502, "highway": null, "street_count": 4 }, "geometry": { "type": "Point", "coordinates": [ 133.574950199999989, 33.5253511 ] } },
{ "type": "Feature", "properties": { "osmid": 4903596972, "y": 33.5253129, "x": 133.5753133, "highway": null, "street_count": 3 }, "geometry": { "type": "Point", "coordinates": [ 133.5753133, 33.5253129 ] } },
{ "type": "Feature", "properties": { "osmid": 4903596973, "y": 33.5277163, "x": 133.5768023, "highway": null, "street_count": 3 }, "geometry": { "type": "Point", "coordinates": [ 133.5768023, 33.5277163 ] } },
{ "type": "Feature", "properties": { "osmid": 4903596974, "y": 33.5277019, "x": 133.5776234, "highway": null, "street_count": 3 }, "geometry": { "type": "Point", "coordinates": [ 133.5776234, 33.5277019 ] } },
{ "type": "Feature", "properties": { "osmid": 4903596975, "y": 33.5273458, "x": 133.5768055, "highway": null, "street_count": 3 }, "geometry": { "type": "Point", "coordinates": [ 133.5768055, 33.5273458 ] } },
{ "type": "Feature", "properties": { "osmid": 4903596976, "y": 33.5273363, "x": 133.5776267, "highway": null, "street_count": 3 }, "geometry": { "type": "Point", "coordinates": [ 133.5776267, 33.5273363 ] } },
{ "type": "Feature", "properties": { "osmid": 4903596977, "y": 33.5273429, "x": 133.5771695, "highway": null, "street_count": 3 }, "geometry": { "type": "Point", "coordinates": [ 133.5771695, 33.5273429 ] } },
{ "type": "Feature", "properties": { "osmid": 4903596978, "y": 33.5264159, "x": 133.5771022, "highway": null, "street_count": 3 }, "geometry": { "type": "Point", "coordinates": [ 133.577102200000013, 33.5264159 ] } },
{ "type": "Feature", "properties": { "osmid": 4903596979, "y": 33.5264482, "x": 133.5767434, "highway": null, "street_count": 3 }, "geometry": { "type": "Point", "coordinates": [ 133.5767434, 33.5264482 ] } },
{ "type": "Feature", "properties": { "osmid": 4903628065, "y": 33.5257304, "x": 133.5777494, "highway": null, "street_count": 3 }, "geometry": { "type": "Point", "coordinates": [ 133.577749399999988, 33.5257304 ] } },
{ "type": "Feature", "properties": { "osmid": 4903628073, "y": 33.5270464, "x": 133.5776812, "highway": null, "street_count": 1 }, "geometry": { "type": "Point", "coordinates": [ 133.5776812, 33.5270464 ] } },
{ "type": "Feature", "properties": { "osmid": 4903628074, "y": 33.52576, "x": 133.5774895, "highway": null, "street_count": 3 }, "geometry": { "type": "Point", "coordinates": [ 133.577489500000013, 33.52576 ] } },
{ "type": "Feature", "properties": { "osmid": 4903633588, "y": 33.5247942, "x": 133.5780199, "highway": null, "street_count": 3 }, "geometry": { "type": "Point", "coordinates": [ 133.578019899999987, 33.5247942 ] } },
{ "type": "Feature", "properties": { "osmid": 4903633589, "y": 33.5253193, "x": 133.5790607, "highway": null, "street_count": 3 }, "geometry": { "type": "Point", "coordinates": [ 133.579060700000014, 33.5253193 ] } },
{ "type": "Feature", "properties": { "osmid": 4903633590, "y": 33.5249959, "x": 133.5779277, "highway": null, "street_count": 3 }, "geometry": { "type": "Point", "coordinates": [ 133.5779277, 33.5249959 ] } },
{ "type": "Feature", "properties": { "osmid": 4903633591, "y": 33.5248877, "x": 133.5789494, "highway": null, "street_count": 1 }, "geometry": { "type": "Point", "coordinates": [ 133.5789494, 33.5248877 ] } },
{ "type": "Feature", "properties": { "osmid": 4903633593, "y": 33.5244257, "x": 133.5781797, "highway": null, "street_count": 4 }, "geometry": { "type": "Point", "coordinates": [ 133.5781797, 33.5244257 ] } },
{ "type": "Feature", "properties": { "osmid": 5297704833, "y": 33.5138785, "x": 133.5908276, "highway": null, "street_count": 3 }, "geometry": { "type": "Point", "coordinates": [ 133.590827600000011, 33.5138785 ] } },
{ "type": "Feature", "properties": { "osmid": 5297704841, "y": 33.5129172, "x": 133.5876443, "highway": null, "street_count": 1 }, "geometry": { "type": "Point", "coordinates": [ 133.5876443, 33.5129172 ] } },
{ "type": "Feature", "properties": { "osmid": 5297704846, "y": 33.514516, "x": 133.5905758, "highway": null, "street_count": 3 }, "geometry": { "type": "Point", "coordinates": [ 133.590575800000011, 33.514516 ] } },
{ "type": "Feature", "properties": { "osmid": 5355872503, "y": 33.5311567, "x": 133.6049407, "highway": null, "street_count": 4 }, "geometry": { "type": "Point", "coordinates": [ 133.604940699999986, 33.5311567 ] } },
{ "type": "Feature", "properties": { "osmid": 5355914577, "y": 33.521573, "x": 133.5993625, "highway": null, "street_count": 4 }, "geometry": { "type": "Point", "coordinates": [ 133.599362500000012, 33.521573 ] } },
{ "type": "Feature", "properties": { "osmid": 5355914578, "y": 33.5229636, "x": 133.5978609, "highway": null, "street_count": 3 }, "geometry": { "type": "Point", "coordinates": [ 133.5978609, 33.5229636 ] } },
{ "type": "Feature", "properties": { "osmid": 5355914582, "y": 33.5218104, "x": 133.5992723, "highway": null, "street_count": 4 }, "geometry": { "type": "Point", "coordinates": [ 133.5992723, 33.5218104 ] } },
{ "type": "Feature", "properties": { "osmid": 5379614965, "y": 33.5109231, "x": 133.5668583, "highway": null, "street_count": 3 }, "geometry": { "type": "Point", "coordinates": [ 133.5668583, 33.5109231 ] } },
{ "type": "Feature", "properties": { "osmid": 5379614970, "y": 33.5027529, "x": 133.5640502, "highway": null, "street_count": 3 }, "geometry": { "type": "Point", "coordinates": [ 133.5640502, 33.5027529 ] } },
{ "type": "Feature", "properties": { "osmid": 5379614974, "y": 33.5027039, "x": 133.5651594, "highway": null, "street_count": 3 }, "geometry": { "type": "Point", "coordinates": [ 133.5651594, 33.5027039 ] } },
{ "type": "Feature", "properties": { "osmid": 5417537082, "y": 33.5070693, "x": 133.5633848, "highway": null, "street_count": 1 }, "geometry": { "type": "Point", "coordinates": [ 133.5633848, 33.5070693 ] } },
{ "type": "Feature", "properties": { "osmid": 5453780509, "y": 33.5239175, "x": 133.5912254, "highway": null, "street_count": 3 }, "geometry": { "type": "Point", "coordinates": [ 133.591225400000013, 33.5239175 ] } },
{ "type": "Feature", "properties": { "osmid": 5453780510, "y": 33.5246565, "x": 133.5900871, "highway": null, "street_count": 3 }, "geometry": { "type": "Point", "coordinates": [ 133.5900871, 33.5246565 ] } },
{ "type": "Feature", "properties": { "osmid": 5453780722, "y": 33.5257595, "x": 133.5884909, "highway": null, "street_count": 3 }, "geometry": { "type": "Point", "coordinates": [ 133.588490900000011, 33.5257595 ] } },
{ "type": "Feature", "properties": { "osmid": 5453780727, "y": 33.5249292, "x": 133.5902613, "highway": null, "street_count": 3 }, "geometry": { "type": "Point", "coordinates": [ 133.5902613, 33.5249292 ] } },
{ "type": "Feature", "properties": { "osmid": 5453780730, "y": 33.5254225, "x": 133.5905346, "highway": null, "street_count": 3 }, "geometry": { "type": "Point", "coordinates": [ 133.590534600000012, 33.5254225 ] } },
{ "type": "Feature", "properties": { "osmid": 5453780732, "y": 33.5253769, "x": 133.5897414, "highway": null, "street_count": 1 }, "geometry": { "type": "Point", "coordinates": [ 133.5897414, 33.5253769 ] } },
{ "type": "Feature", "properties": { "osmid": 5453780733, "y": 33.5254996, "x": 133.5884061, "highway": null, "street_count": 4 }, "geometry": { "type": "Point", "coordinates": [ 133.588406099999986, 33.5254996 ] } },
{ "type": "Feature", "properties": { "osmid": 5453780734, "y": 33.5250227, "x": 133.5894597, "highway": null, "street_count": 3 }, "geometry": { "type": "Point", "coordinates": [ 133.5894597, 33.5250227 ] } },
{ "type": "Feature", "properties": { "osmid": 5453780740, "y": 33.5249823, "x": 133.5886723, "highway": null, "street_count": 3 }, "geometry": { "type": "Point", "coordinates": [ 133.588672300000013, 33.5249823 ] } },
{ "type": "Feature", "properties": { "osmid": 5453780744, "y": 33.5252209, "x": 133.5883962, "highway": null, "street_count": 3 }, "geometry": { "type": "Point", "coordinates": [ 133.5883962, 33.5252209 ] } },
{ "type": "Feature", "properties": { "osmid": 5453780756, "y": 33.5248257, "x": 133.5892889, "highway": null, "street_count": 3 }, "geometry": { "type": "Point", "coordinates": [ 133.589288900000014, 33.5248257 ] } },
{ "type": "Feature", "properties": { "osmid": 5453780757, "y": 33.5252562, "x": 133.5882045, "highway": null, "street_count": 3 }, "geometry": { "type": "Point", "coordinates": [ 133.588204499999989, 33.5252562 ] } },
{ "type": "Feature", "properties": { "osmid": 5453780758, "y": 33.5253335, "x": 133.5878393, "highway": null, "street_count": 3 }, "geometry": { "type": "Point", "coordinates": [ 133.587839300000013, 33.5253335 ] } },
{ "type": "Feature", "properties": { "osmid": 5453780762, "y": 33.5254288, "x": 133.5873038, "highway": null, "street_count": 3 }, "geometry": { "type": "Point", "coordinates": [ 133.5873038, 33.5254288 ] } },
{ "type": "Feature", "properties": { "osmid": 5453780764, "y": 33.5254047, "x": 133.5883445, "highway": null, "street_count": 3 }, "geometry": { "type": "Point", "coordinates": [ 133.5883445, 33.5254047 ] } },
{ "type": "Feature", "properties": { "osmid": 5453780765, "y": 33.5251143, "x": 133.588409, "highway": null, "street_count": 3 }, "geometry": { "type": "Point", "coordinates": [ 133.588409, 33.5251143 ] } },
{ "type": "Feature", "properties": { "osmid": 5453780770, "y": 33.5253654, "x": 133.5885476, "highway": null, "street_count": 4 }, "geometry": { "type": "Point", "coordinates": [ 133.5885476, 33.5253654 ] } },
{ "type": "Feature", "properties": { "osmid": 5453780776, "y": 33.5251689, "x": 133.5886213, "highway": null, "street_count": 4 }, "geometry": { "type": "Point", "coordinates": [ 133.5886213, 33.5251689 ] } },
{ "type": "Feature", "properties": { "osmid": 5453780777, "y": 33.5252125, "x": 133.5888536, "highway": null, "street_count": 4 }, "geometry": { "type": "Point", "coordinates": [ 133.5888536, 33.5252125 ] } },
{ "type": "Feature", "properties": { "osmid": 5453780781, "y": 33.524952, "x": 133.5894224, "highway": null, "street_count": 3 }, "geometry": { "type": "Point", "coordinates": [ 133.589422399999989, 33.524952 ] } },
{ "type": "Feature", "properties": { "osmid": 5453780786, "y": 33.5252581, "x": 133.5881392, "highway": null, "street_count": 3 }, "geometry": { "type": "Point", "coordinates": [ 133.5881392, 33.5252581 ] } },
{ "type": "Feature", "properties": { "osmid": 5453780787, "y": 33.5257849, "x": 133.5870402, "highway": null, "street_count": 1 }, "geometry": { "type": "Point", "coordinates": [ 133.5870402, 33.5257849 ] } },
{ "type": "Feature", "properties": { "osmid": 5453780793, "y": 33.5243944, "x": 133.589954, "highway": null, "street_count": 3 }, "geometry": { "type": "Point", "coordinates": [ 133.589954, 33.5243944 ] } },
{ "type": "Feature", "properties": { "osmid": 5453780794, "y": 33.5252064, "x": 133.5874316, "highway": null, "street_count": 3 }, "geometry": { "type": "Point", "coordinates": [ 133.5874316, 33.5252064 ] } },
{ "type": "Feature", "properties": { "osmid": 5463377242, "y": 33.5291598, "x": 133.5835385, "highway": null, "street_count": 3 }, "geometry": { "type": "Point", "coordinates": [ 133.5835385, 33.5291598 ] } },
{ "type": "Feature", "properties": { "osmid": 5463377246, "y": 33.5289205, "x": 133.5841585, "highway": null, "street_count": 1 }, "geometry": { "type": "Point", "coordinates": [ 133.5841585, 33.5289205 ] } },
{ "type": "Feature", "properties": { "osmid": 5463377272, "y": 33.5302779, "x": 133.5835666, "highway": null, "street_count": 1 }, "geometry": { "type": "Point", "coordinates": [ 133.583566600000012, 33.5302779 ] } },
{ "type": "Feature", "properties": { "osmid": 5463377273, "y": 33.5298129, "x": 133.5836868, "highway": null, "street_count": 3 }, "geometry": { "type": "Point", "coordinates": [ 133.5836868, 33.5298129 ] } },
{ "type": "Feature", "properties": { "osmid": 5463377276, "y": 33.5298827, "x": 133.5838842, "highway": null, "street_count": 3 }, "geometry": { "type": "Point", "coordinates": [ 133.5838842, 33.5298827 ] } },
{ "type": "Feature", "properties": { "osmid": 5463377302, "y": 33.529947, "x": 133.5838479, "highway": null, "street_count": 4 }, "geometry": { "type": "Point", "coordinates": [ 133.5838479, 33.529947 ] } },
{ "type": "Feature", "properties": { "osmid": 5463377303, "y": 33.529878, "x": 133.5836523, "highway": null, "street_count": 4 }, "geometry": { "type": "Point", "coordinates": [ 133.583652300000011, 33.529878 ] } },
{ "type": "Feature", "properties": { "osmid": 5463377304, "y": 33.5297438, "x": 133.5832734, "highway": null, "street_count": 1 }, "geometry": { "type": "Point", "coordinates": [ 133.5832734, 33.5297438 ] } },
{ "type": "Feature", "properties": { "osmid": 5463377305, "y": 33.5296136, "x": 133.5833725, "highway": null, "street_count": 1 }, "geometry": { "type": "Point", "coordinates": [ 133.5833725, 33.5296136 ] } },
{ "type": "Feature", "properties": { "osmid": 5463483246, "y": 33.5284267, "x": 133.5837489, "highway": null, "street_count": 3 }, "geometry": { "type": "Point", "coordinates": [ 133.583748899999989, 33.5284267 ] } },
{ "type": "Feature", "properties": { "osmid": 5463483248, "y": 33.5278328, "x": 133.5850741, "highway": null, "street_count": 1 }, "geometry": { "type": "Point", "coordinates": [ 133.585074100000014, 33.5278328 ] } },
{ "type": "Feature", "properties": { "osmid": 5463483276, "y": 33.5264104, "x": 133.5857528, "highway": null, "street_count": 3 }, "geometry": { "type": "Point", "coordinates": [ 133.5857528, 33.5264104 ] } },
{ "type": "Feature", "properties": { "osmid": 5463483277, "y": 33.5265641, "x": 133.586067, "highway": null, "street_count": 3 }, "geometry": { "type": "Point", "coordinates": [ 133.586067, 33.5265641 ] } },
{ "type": "Feature", "properties": { "osmid": 5463483279, "y": 33.5261899, "x": 133.586337, "highway": null, "street_count": 3 }, "geometry": { "type": "Point", "coordinates": [ 133.586337, 33.5261899 ] } },
{ "type": "Feature", "properties": { "osmid": 5463483284, "y": 33.5253682, "x": 133.5865171, "highway": null, "street_count": 3 }, "geometry": { "type": "Point", "coordinates": [ 133.5865171, 33.5253682 ] } },
{ "type": "Feature", "properties": { "osmid": 5463483285, "y": 33.5255351, "x": 133.5865339, "highway": null, "street_count": 3 }, "geometry": { "type": "Point", "coordinates": [ 133.5865339, 33.5255351 ] } },
{ "type": "Feature", "properties": { "osmid": 5463483286, "y": 33.5255439, "x": 133.5863969, "highway": null, "street_count": 1 }, "geometry": { "type": "Point", "coordinates": [ 133.586396900000011, 33.5255439 ] } },
{ "type": "Feature", "properties": { "osmid": 5463483287, "y": 33.5255322, "x": 133.5865791, "highway": null, "street_count": 1 }, "geometry": { "type": "Point", "coordinates": [ 133.5865791, 33.5255322 ] } },
{ "type": "Feature", "properties": { "osmid": 5463483288, "y": 33.5253675, "x": 133.586968, "highway": null, "street_count": 3 }, "geometry": { "type": "Point", "coordinates": [ 133.586968, 33.5253675 ] } },
{ "type": "Feature", "properties": { "osmid": 5463483309, "y": 33.5267372, "x": 133.5849846, "highway": null, "street_count": 1 }, "geometry": { "type": "Point", "coordinates": [ 133.584984600000013, 33.5267372 ] } },
{ "type": "Feature", "properties": { "osmid": 5463483853, "y": 33.5279184, "x": 133.5814534, "highway": null, "street_count": 3 }, "geometry": { "type": "Point", "coordinates": [ 133.581453399999987, 33.5279184 ] } },
{ "type": "Feature", "properties": { "osmid": 5463483855, "y": 33.5280331, "x": 133.5816292, "highway": null, "street_count": 3 }, "geometry": { "type": "Point", "coordinates": [ 133.5816292, 33.5280331 ] } },
{ "type": "Feature", "properties": { "osmid": 5463483863, "y": 33.5254501, "x": 133.5821577, "highway": null, "street_count": 4 }, "geometry": { "type": "Point", "coordinates": [ 133.58215770000001, 33.5254501 ] } },
{ "type": "Feature", "properties": { "osmid": 5463483864, "y": 33.5253838, "x": 133.5822306, "highway": null, "street_count": 4 }, "geometry": { "type": "Point", "coordinates": [ 133.5822306, 33.5253838 ] } },
{ "type": "Feature", "properties": { "osmid": 5463483865, "y": 33.5254601, "x": 133.5823081, "highway": null, "street_count": 4 }, "geometry": { "type": "Point", "coordinates": [ 133.5823081, 33.5254601 ] } },
{ "type": "Feature", "properties": { "osmid": 5463483866, "y": 33.5255154, "x": 133.5822186, "highway": null, "street_count": 4 }, "geometry": { "type": "Point", "coordinates": [ 133.5822186, 33.5255154 ] } },
{ "type": "Feature", "properties": { "osmid": 5463521552, "y": 33.525923, "x": 133.5872864, "highway": null, "street_count": 3 }, "geometry": { "type": "Point", "coordinates": [ 133.587286400000011, 33.525923 ] } },
{ "type": "Feature", "properties": { "osmid": 5463521591, "y": 33.5245407, "x": 133.5894177, "highway": null, "street_count": 4 }, "geometry": { "type": "Point", "coordinates": [ 133.589417700000013, 33.5245407 ] } },
{ "type": "Feature", "properties": { "osmid": 5463521594, "y": 33.5248127, "x": 133.5896593, "highway": null, "street_count": 3 }, "geometry": { "type": "Point", "coordinates": [ 133.5896593, 33.5248127 ] } },
{ "type": "Feature", "properties": { "osmid": 5463521595, "y": 33.5246695, "x": 133.5896013, "highway": null, "street_count": 3 }, "geometry": { "type": "Point", "coordinates": [ 133.5896013, 33.5246695 ] } },
{ "type": "Feature", "properties": { "osmid": 5463521596, "y": 33.5247033, "x": 133.5894799, "highway": null, "street_count": 3 }, "geometry": { "type": "Point", "coordinates": [ 133.589479899999986, 33.5247033 ] } },
{ "type": "Feature", "properties": { "osmid": 5463521616, "y": 33.5247072, "x": 133.5901287, "highway": null, "street_count": 3 }, "geometry": { "type": "Point", "coordinates": [ 133.5901287, 33.5247072 ] } },
{ "type": "Feature", "properties": { "osmid": 5463521619, "y": 33.5245083, "x": 133.5893976, "highway": null, "street_count": 3 }, "geometry": { "type": "Point", "coordinates": [ 133.589397600000012, 33.5245083 ] } },
{ "type": "Feature", "properties": { "osmid": 5463534252, "y": 33.5316675, "x": 133.5860465, "highway": null, "street_count": 3 }, "geometry": { "type": "Point", "coordinates": [ 133.5860465, 33.5316675 ] } },
{ "type": "Feature", "properties": { "osmid": 5463547222, "y": 33.5315108, "x": 133.5864442, "highway": null, "street_count": 3 }, "geometry": { "type": "Point", "coordinates": [ 133.586444199999988, 33.5315108 ] } },
{ "type": "Feature", "properties": { "osmid": 5463547223, "y": 33.5319327, "x": 133.5864166, "highway": null, "street_count": 3 }, "geometry": { "type": "Point", "coordinates": [ 133.5864166, 33.5319327 ] } },
{ "type": "Feature", "properties": { "osmid": 5463547224, "y": 33.5317655, "x": 133.5864244, "highway": null, "street_count": 4 }, "geometry": { "type": "Point", "coordinates": [ 133.5864244, 33.5317655 ] } },
{ "type": "Feature", "properties": { "osmid": 5463547228, "y": 33.5312927, "x": 133.586835, "highway": null, "street_count": 4 }, "geometry": { "type": "Point", "coordinates": [ 133.586835, 33.5312927 ] } },
{ "type": "Feature", "properties": { "osmid": 5463547229, "y": 33.5312769, "x": 133.5864636, "highway": null, "street_count": 3 }, "geometry": { "type": "Point", "coordinates": [ 133.5864636, 33.5312769 ] } },
{ "type": "Feature", "properties": { "osmid": 5463547230, "y": 33.5313474, "x": 133.5864592, "highway": null, "street_count": 3 }, "geometry": { "type": "Point", "coordinates": [ 133.5864592, 33.5313474 ] } },
{ "type": "Feature", "properties": { "osmid": 5463547232, "y": 33.5312944, "x": 133.5862538, "highway": null, "street_count": 3 }, "geometry": { "type": "Point", "coordinates": [ 133.5862538, 33.5312944 ] } },
{ "type": "Feature", "properties": { "osmid": 5463547233, "y": 33.5315972, "x": 133.5864354, "highway": null, "street_count": 3 }, "geometry": { "type": "Point", "coordinates": [ 133.5864354, 33.5315972 ] } },
{ "type": "Feature", "properties": { "osmid": 5463547234, "y": 33.5316205, "x": 133.5868008, "highway": null, "street_count": 3 }, "geometry": { "type": "Point", "coordinates": [ 133.5868008, 33.5316205 ] } },
{ "type": "Feature", "properties": { "osmid": 5463547235, "y": 33.5317847, "x": 133.5867883, "highway": null, "street_count": 3 }, "geometry": { "type": "Point", "coordinates": [ 133.5867883, 33.5317847 ] } },
{ "type": "Feature", "properties": { "osmid": 5463547236, "y": 33.531434, "x": 133.5864518, "highway": null, "street_count": 3 }, "geometry": { "type": "Point", "coordinates": [ 133.5864518, 33.531434 ] } },
{ "type": "Feature", "properties": { "osmid": 5463547237, "y": 33.5314555, "x": 133.5868147, "highway": null, "street_count": 4 }, "geometry": { "type": "Point", "coordinates": [ 133.5868147, 33.5314555 ] } },
{ "type": "Feature", "properties": { "osmid": 5463547238, "y": 33.5313283, "x": 133.5873272, "highway": null, "street_count": 1 }, "geometry": { "type": "Point", "coordinates": [ 133.5873272, 33.5313283 ] } },
{ "type": "Feature", "properties": { "osmid": 5463547239, "y": 33.5307884, "x": 133.5868636, "highway": null, "street_count": 3 }, "geometry": { "type": "Point", "coordinates": [ 133.586863599999987, 33.5307884 ] } },
{ "type": "Feature", "properties": { "osmid": 5463547241, "y": 33.5311286, "x": 133.586844, "highway": null, "street_count": 4 }, "geometry": { "type": "Point", "coordinates": [ 133.586844, 33.5311286 ] } },
{ "type": "Feature", "properties": { "osmid": 5463547242, "y": 33.5311102, "x": 133.5864768, "highway": null, "street_count": 3 }, "geometry": { "type": "Point", "coordinates": [ 133.586476800000014, 33.5311102 ] } },
{ "type": "Feature", "properties": { "osmid": 5463547243, "y": 33.5309526, "x": 133.5868542, "highway": null, "street_count": 4 }, "geometry": { "type": "Point", "coordinates": [ 133.5868542, 33.5309526 ] } },
{ "type": "Feature", "properties": { "osmid": 5463547244, "y": 33.5309329, "x": 133.5864874, "highway": null, "street_count": 3 }, "geometry": { "type": "Point", "coordinates": [ 133.58648740000001, 33.5309329 ] } },
{ "type": "Feature", "properties": { "osmid": 5463547245, "y": 33.5308044, "x": 133.5870882, "highway": null, "street_count": 1 }, "geometry": { "type": "Point", "coordinates": [ 133.587088200000011, 33.5308044 ] } },
{ "type": "Feature", "properties": { "osmid": 5463547246, "y": 33.5309654, "x": 133.5870775, "highway": null, "street_count": 1 }, "geometry": { "type": "Point", "coordinates": [ 133.5870775, 33.5309654 ] } },
{ "type": "Feature", "properties": { "osmid": 5463547247, "y": 33.5311431, "x": 133.5870573, "highway": null, "street_count": 1 }, "geometry": { "type": "Point", "coordinates": [ 133.5870573, 33.5311431 ] } },
{ "type": "Feature", "properties": { "osmid": 5463547275, "y": 33.5316656, "x": 133.5861316, "highway": null, "street_count": 3 }, "geometry": { "type": "Point", "coordinates": [ 133.586131599999987, 33.5316656 ] } },
{ "type": "Feature", "properties": { "osmid": 5465981185, "y": 33.5298731, "x": 133.5836384, "highway": null, "street_count": 3 }, "geometry": { "type": "Point", "coordinates": [ 133.583638400000012, 33.5298731 ] } },
{ "type": "Feature", "properties": { "osmid": 5465981188, "y": 33.5299573, "x": 133.5838772, "highway": null, "street_count": 3 }, "geometry": { "type": "Point", "coordinates": [ 133.583877199999989, 33.5299573 ] } },
{ "type": "Feature", "properties": { "osmid": 5465981189, "y": 33.5302423, "x": 133.5835831, "highway": null, "street_count": 3 }, "geometry": { "type": "Point", "coordinates": [ 133.5835831, 33.5302423 ] } },
{ "type": "Feature", "properties": { "osmid": 5465981205, "y": 33.5302339, "x": 133.5829212, "highway": null, "street_count": 3 }, "geometry": { "type": "Point", "coordinates": [ 133.582921199999987, 33.5302339 ] } },
{ "type": "Feature", "properties": { "osmid": 5465981209, "y": 33.5304765, "x": 133.5829326, "highway": null, "street_count": 1 }, "geometry": { "type": "Point", "coordinates": [ 133.5829326, 33.5304765 ] } },
{ "type": "Feature", "properties": { "osmid": 5505912851, "y": 33.5175333, "x": 133.5846768, "highway": null, "street_count": 3 }, "geometry": { "type": "Point", "coordinates": [ 133.584676800000011, 33.5175333 ] } },
{ "type": "Feature", "properties": { "osmid": 5505912852, "y": 33.5177738, "x": 133.5853681, "highway": null, "street_count": 3 }, "geometry": { "type": "Point", "coordinates": [ 133.585368100000011, 33.5177738 ] } },
{ "type": "Feature", "properties": { "osmid": 5505912868, "y": 33.5206332, "x": 133.5771442, "highway": null, "street_count": 1 }, "geometry": { "type": "Point", "coordinates": [ 133.5771442, 33.5206332 ] } },
{ "type": "Feature", "properties": { "osmid": 5505912874, "y": 33.5185238, "x": 133.5781513, "highway": null, "street_count": 3 }, "geometry": { "type": "Point", "coordinates": [ 133.5781513, 33.5185238 ] } },
{ "type": "Feature", "properties": { "osmid": 5505912875, "y": 33.5190478, "x": 133.5779636, "highway": null, "street_count": 1 }, "geometry": { "type": "Point", "coordinates": [ 133.5779636, 33.5190478 ] } },
{ "type": "Feature", "properties": { "osmid": 5505912876, "y": 33.5190048, "x": 133.577979, "highway": null, "street_count": 3 }, "geometry": { "type": "Point", "coordinates": [ 133.577979, 33.5190048 ] } },
{ "type": "Feature", "properties": { "osmid": 5505912877, "y": 33.5190809, "x": 133.5783395, "highway": null, "street_count": 1 }, "geometry": { "type": "Point", "coordinates": [ 133.5783395, 33.5190809 ] } },
{ "type": "Feature", "properties": { "osmid": 5505912878, "y": 33.5187764, "x": 133.5780608, "highway": null, "street_count": 3 }, "geometry": { "type": "Point", "coordinates": [ 133.5780608, 33.5187764 ] } },
{ "type": "Feature", "properties": { "osmid": 5505912879, "y": 33.518858, "x": 133.578406, "highway": null, "street_count": 1 }, "geometry": { "type": "Point", "coordinates": [ 133.578406, 33.518858 ] } },
{ "type": "Feature", "properties": { "osmid": 5520509957, "y": 33.5141391, "x": 133.5836685, "highway": null, "street_count": 1 }, "geometry": { "type": "Point", "coordinates": [ 133.583668499999987, 33.5141391 ] } },
{ "type": "Feature", "properties": { "osmid": 5520509977, "y": 33.51405, "x": 133.5837226, "highway": null, "street_count": 1 }, "geometry": { "type": "Point", "coordinates": [ 133.583722599999987, 33.51405 ] } },
{ "type": "Feature", "properties": { "osmid": 5520509980, "y": 33.5146185, "x": 133.5876465, "highway": null, "street_count": 3 }, "geometry": { "type": "Point", "coordinates": [ 133.5876465, 33.5146185 ] } },
{ "type": "Feature", "properties": { "osmid": 5520509982, "y": 33.5146462, "x": 133.5877429, "highway": null, "street_count": 3 }, "geometry": { "type": "Point", "coordinates": [ 133.5877429, 33.5146462 ] } },
{ "type": "Feature", "properties": { "osmid": 5520509983, "y": 33.5143969, "x": 133.5844013, "highway": null, "street_count": 3 }, "geometry": { "type": "Point", "coordinates": [ 133.5844013, 33.5143969 ] } },
{ "type": "Feature", "properties": { "osmid": 5520509993, "y": 33.5147298, "x": 133.584492, "highway": null, "street_count": 3 }, "geometry": { "type": "Point", "coordinates": [ 133.584492, 33.5147298 ] } },
{ "type": "Feature", "properties": { "osmid": 5520510001, "y": 33.5151501, "x": 133.5861833, "highway": null, "street_count": 3 }, "geometry": { "type": "Point", "coordinates": [ 133.586183299999988, 33.5151501 ] } },
{ "type": "Feature", "properties": { "osmid": 5520510002, "y": 33.5150454, "x": 133.586264, "highway": null, "street_count": 3 }, "geometry": { "type": "Point", "coordinates": [ 133.586264, 33.5150454 ] } },
{ "type": "Feature", "properties": { "osmid": 5520510003, "y": 33.5151539, "x": 133.5856225, "highway": null, "street_count": 3 }, "geometry": { "type": "Point", "coordinates": [ 133.5856225, 33.5151539 ] } },
{ "type": "Feature", "properties": { "osmid": 5520510013, "y": 33.5155924, "x": 133.5877999, "highway": null, "street_count": 3 }, "geometry": { "type": "Point", "coordinates": [ 133.5877999, 33.5155924 ] } },
{ "type": "Feature", "properties": { "osmid": 5520510122, "y": 33.5156532, "x": 133.5875858, "highway": null, "street_count": 4 }, "geometry": { "type": "Point", "coordinates": [ 133.5875858, 33.5156532 ] } },
{ "type": "Feature", "properties": { "osmid": 5520510129, "y": 33.5148817, "x": 133.5849424, "highway": null, "street_count": 3 }, "geometry": { "type": "Point", "coordinates": [ 133.584942399999989, 33.5148817 ] } },
{ "type": "Feature", "properties": { "osmid": 5520510131, "y": 33.5147434, "x": 133.5849008, "highway": null, "street_count": 1 }, "geometry": { "type": "Point", "coordinates": [ 133.584900800000014, 33.5147434 ] } },
{ "type": "Feature", "properties": { "osmid": 5520510164, "y": 33.5146161, "x": 133.5845796, "highway": null, "street_count": 3 }, "geometry": { "type": "Point", "coordinates": [ 133.584579600000012, 33.5146161 ] } },
{ "type": "Feature", "properties": { "osmid": 5520510171, "y": 33.5159598, "x": 133.5885979, "highway": null, "street_count": 3 }, "geometry": { "type": "Point", "coordinates": [ 133.5885979, 33.5159598 ] } },
{ "type": "Feature", "properties": { "osmid": 5520510172, "y": 33.5159139, "x": 133.5887139, "highway": null, "street_count": 3 }, "geometry": { "type": "Point", "coordinates": [ 133.588713899999988, 33.5159139 ] } },
{ "type": "Feature", "properties": { "osmid": 5520510179, "y": 33.5163724, "x": 133.5900703, "highway": null, "street_count": 3 }, "geometry": { "type": "Point", "coordinates": [ 133.5900703, 33.5163724 ] } },
{ "type": "Feature", "properties": { "osmid": 5521726646, "y": 33.5070547, "x": 133.5710442, "highway": null, "street_count": 3 }, "geometry": { "type": "Point", "coordinates": [ 133.571044199999989, 33.5070547 ] } },
{ "type": "Feature", "properties": { "osmid": 5521726675, "y": 33.5025352, "x": 133.5699646, "highway": null, "street_count": 3 }, "geometry": { "type": "Point", "coordinates": [ 133.5699646, 33.5025352 ] } },
{ "type": "Feature", "properties": { "osmid": 5521726677, "y": 33.502228, "x": 133.5693598, "highway": null, "street_count": 3 }, "geometry": { "type": "Point", "coordinates": [ 133.5693598, 33.502228 ] } },
{ "type": "Feature", "properties": { "osmid": 5521726679, "y": 33.5025151, "x": 133.569581, "highway": null, "street_count": 3 }, "geometry": { "type": "Point", "coordinates": [ 133.569581, 33.5025151 ] } },
{ "type": "Feature", "properties": { "osmid": 5521726680, "y": 33.5022705, "x": 133.5695245, "highway": null, "street_count": 3 }, "geometry": { "type": "Point", "coordinates": [ 133.5695245, 33.5022705 ] } },
{ "type": "Feature", "properties": { "osmid": 5521726681, "y": 33.5025171, "x": 133.5697632, "highway": null, "street_count": 3 }, "geometry": { "type": "Point", "coordinates": [ 133.569763200000011, 33.5025171 ] } },
{ "type": "Feature", "properties": { "osmid": 5521726682, "y": 33.5023239, "x": 133.5697145, "highway": null, "street_count": 3 }, "geometry": { "type": "Point", "coordinates": [ 133.5697145, 33.5023239 ] } },
{ "type": "Feature", "properties": { "osmid": 5521726686, "y": 33.5026144, "x": 133.5701395, "highway": null, "street_count": 1 }, "geometry": { "type": "Point", "coordinates": [ 133.57013950000001, 33.5026144 ] } },
{ "type": "Feature", "properties": { "osmid": 5521726692, "y": 33.50357, "x": 133.570418, "highway": null, "street_count": 3 }, "geometry": { "type": "Point", "coordinates": [ 133.570418, 33.50357 ] } },
{ "type": "Feature", "properties": { "osmid": 5521726702, "y": 33.5050305, "x": 133.5710618, "highway": null, "street_count": 1 }, "geometry": { "type": "Point", "coordinates": [ 133.5710618, 33.5050305 ] } },
{ "type": "Feature", "properties": { "osmid": 5521726706, "y": 33.5040081, "x": 133.5705569, "highway": null, "street_count": 3 }, "geometry": { "type": "Point", "coordinates": [ 133.570556900000014, 33.5040081 ] } },
{ "type": "Feature", "properties": { "osmid": 5521726707, "y": 33.5040108, "x": 133.5700355, "highway": null, "street_count": 3 }, "geometry": { "type": "Point", "coordinates": [ 133.570035499999989, 33.5040108 ] } },
{ "type": "Feature", "properties": { "osmid": 5521726708, "y": 33.5035597, "x": 133.5700787, "highway": null, "street_count": 3 }, "geometry": { "type": "Point", "coordinates": [ 133.57007870000001, 33.5035597 ] } },
{ "type": "Feature", "properties": { "osmid": 5521726728, "y": 33.5052971, "x": 133.5705259, "highway": null, "street_count": 1 }, "geometry": { "type": "Point", "coordinates": [ 133.5705259, 33.5052971 ] } },
{ "type": "Feature", "properties": { "osmid": 5521726732, "y": 33.5052424, "x": 133.5701074, "highway": null, "street_count": 4 }, "geometry": { "type": "Point", "coordinates": [ 133.570107400000012, 33.5052424 ] } },
{ "type": "Feature", "properties": { "osmid": 5521726739, "y": 33.5061427, "x": 133.5702903, "highway": null, "street_count": 3 }, "geometry": { "type": "Point", "coordinates": [ 133.570290300000011, 33.5061427 ] } },
{ "type": "Feature", "properties": { "osmid": 5521726740, "y": 33.5060217, "x": 133.5704634, "highway": null, "street_count": 3 }, "geometry": { "type": "Point", "coordinates": [ 133.5704634, 33.5060217 ] } },
{ "type": "Feature", "properties": { "osmid": 5521726743, "y": 33.5061263, "x": 133.570325, "highway": null, "street_count": 4 }, "geometry": { "type": "Point", "coordinates": [ 133.570325, 33.5061263 ] } },
{ "type": "Feature", "properties": { "osmid": 5524184443, "y": 33.5181902, "x": 133.5859601, "highway": null, "street_count": 3 }, "geometry": { "type": "Point", "coordinates": [ 133.5859601, 33.5181902 ] } },
{ "type": "Feature", "properties": { "osmid": 5524184453, "y": 33.517786, "x": 133.5847509, "highway": null, "street_count": 3 }, "geometry": { "type": "Point", "coordinates": [ 133.584750899999989, 33.517786 ] } },
{ "type": "Feature", "properties": { "osmid": 5524184456, "y": 33.5176081, "x": 133.5848927, "highway": null, "street_count": 3 }, "geometry": { "type": "Point", "coordinates": [ 133.584892700000012, 33.5176081 ] } },
{ "type": "Feature", "properties": { "osmid": 5524184457, "y": 33.5179265, "x": 133.5851925, "highway": null, "street_count": 3 }, "geometry": { "type": "Point", "coordinates": [ 133.5851925, 33.5179265 ] } },
{ "type": "Feature", "properties": { "osmid": 5524184458, "y": 33.5177444, "x": 133.5852863, "highway": null, "street_count": 3 }, "geometry": { "type": "Point", "coordinates": [ 133.5852863, 33.5177444 ] } },
{ "type": "Feature", "properties": { "osmid": 5555349903, "y": 33.5291397, "x": 133.5669681, "highway": null, "street_count": 4 }, "geometry": { "type": "Point", "coordinates": [ 133.5669681, 33.5291397 ] } },
{ "type": "Feature", "properties": { "osmid": 5555349914, "y": 33.527876, "x": 133.5703979, "highway": null, "street_count": 4 }, "geometry": { "type": "Point", "coordinates": [ 133.570397899999989, 33.527876 ] } },
{ "type": "Feature", "properties": { "osmid": 5555349920, "y": 33.5267584, "x": 133.5714497, "highway": null, "street_count": 4 }, "geometry": { "type": "Point", "coordinates": [ 133.571449699999988, 33.5267584 ] } },
{ "type": "Feature", "properties": { "osmid": 5555349922, "y": 33.5259096, "x": 133.5716639, "highway": null, "street_count": 4 }, "geometry": { "type": "Point", "coordinates": [ 133.5716639, 33.5259096 ] } },
{ "type": "Feature", "properties": { "osmid": 5555349923, "y": 33.5244927, "x": 133.5719651, "highway": null, "street_count": 4 }, "geometry": { "type": "Point", "coordinates": [ 133.5719651, 33.5244927 ] } },
{ "type": "Feature", "properties": { "osmid": 5555349924, "y": 33.5235357, "x": 133.5723349, "highway": null, "street_count": 4 }, "geometry": { "type": "Point", "coordinates": [ 133.572334899999987, 33.5235357 ] } },
{ "type": "Feature", "properties": { "osmid": 5555349925, "y": 33.5225788, "x": 133.5727305, "highway": null, "street_count": 4 }, "geometry": { "type": "Point", "coordinates": [ 133.5727305, 33.5225788 ] } },
{ "type": "Feature", "properties": { "osmid": 5555349926, "y": 33.5219311, "x": 133.5729827, "highway": null, "street_count": 3 }, "geometry": { "type": "Point", "coordinates": [ 133.572982700000011, 33.5219311 ] } },
{ "type": "Feature", "properties": { "osmid": 5966862535, "y": 33.5193391, "x": 133.5760032, "highway": null, "street_count": 3 }, "geometry": { "type": "Point", "coordinates": [ 133.5760032, 33.5193391 ] } },
{ "type": "Feature", "properties": { "osmid": 5966862536, "y": 33.519985, "x": 133.5761611, "highway": null, "street_count": 1 }, "geometry": { "type": "Point", "coordinates": [ 133.5761611, 33.519985 ] } },
{ "type": "Feature", "properties": { "osmid": 5981296235, "y": 33.5278472, "x": 133.6110811, "highway": null, "street_count": 3 }, "geometry": { "type": "Point", "coordinates": [ 133.6110811, 33.5278472 ] } },
{ "type": "Feature", "properties": { "osmid": 5981296237, "y": 33.5283433, "x": 133.611525, "highway": null, "street_count": 3 }, "geometry": { "type": "Point", "coordinates": [ 133.611525, 33.5283433 ] } },
{ "type": "Feature", "properties": { "osmid": 5981296242, "y": 33.5277326, "x": 133.612832, "highway": null, "street_count": 1 }, "geometry": { "type": "Point", "coordinates": [ 133.612832, 33.5277326 ] } },
{ "type": "Feature", "properties": { "osmid": 5981296277, "y": 33.5339472, "x": 133.6286788, "highway": null, "street_count": 4 }, "geometry": { "type": "Point", "coordinates": [ 133.628678799999989, 33.5339472 ] } },
{ "type": "Feature", "properties": { "osmid": 5981296278, "y": 33.5377398, "x": 133.6289933, "highway": null, "street_count": 3 }, "geometry": { "type": "Point", "coordinates": [ 133.6289933, 33.5377398 ] } },
{ "type": "Feature", "properties": { "osmid": 5981296279, "y": 33.5358137, "x": 133.6288414, "highway": null, "street_count": 3 }, "geometry": { "type": "Point", "coordinates": [ 133.6288414, 33.5358137 ] } },
{ "type": "Feature", "properties": { "osmid": 5981296283, "y": 33.5306105, "x": 133.6119382, "highway": null, "street_count": 3 }, "geometry": { "type": "Point", "coordinates": [ 133.6119382, 33.5306105 ] } },
{ "type": "Feature", "properties": { "osmid": 5981296685, "y": 33.5315766, "x": 133.6132355, "highway": null, "street_count": 3 }, "geometry": { "type": "Point", "coordinates": [ 133.6132355, 33.5315766 ] } },
{ "type": "Feature", "properties": { "osmid": 5981296688, "y": 33.5308982, "x": 133.613197, "highway": null, "street_count": 3 }, "geometry": { "type": "Point", "coordinates": [ 133.613197, 33.5308982 ] } },
{ "type": "Feature", "properties": { "osmid": 5981296689, "y": 33.5316011, "x": 133.6124781, "highway": null, "street_count": 3 }, "geometry": { "type": "Point", "coordinates": [ 133.6124781, 33.5316011 ] } },
{ "type": "Feature", "properties": { "osmid": 5981296690, "y": 33.5309286, "x": 133.6124488, "highway": null, "street_count": 4 }, "geometry": { "type": "Point", "coordinates": [ 133.61244880000001, 33.5309286 ] } },
{ "type": "Feature", "properties": { "osmid": 5981296691, "y": 33.5305853, "x": 133.61243, "highway": null, "street_count": 3 }, "geometry": { "type": "Point", "coordinates": [ 133.61243, 33.5305853 ] } },
{ "type": "Feature", "properties": { "osmid": 5981296695, "y": 33.5312638, "x": 133.6124621, "highway": null, "street_count": 3 }, "geometry": { "type": "Point", "coordinates": [ 133.612462099999988, 33.5312638 ] } },
{ "type": "Feature", "properties": { "osmid": 5981296696, "y": 33.5312347, "x": 133.6132161, "highway": null, "street_count": 3 }, "geometry": { "type": "Point", "coordinates": [ 133.613216099999988, 33.5312347 ] } },
{ "type": "Feature", "properties": { "osmid": 5981296697, "y": 33.5313626, "x": 133.6132219, "highway": null, "street_count": 3 }, "geometry": { "type": "Point", "coordinates": [ 133.613221900000013, 33.5313626 ] } },
{ "type": "Feature", "properties": { "osmid": 5981296703, "y": 33.5315532, "x": 133.6139197, "highway": null, "street_count": 3 }, "geometry": { "type": "Point", "coordinates": [ 133.6139197, 33.5315532 ] } },
{ "type": "Feature", "properties": { "osmid": 6075493844, "y": 33.529418, "x": 133.5784122, "highway": null, "street_count": 3 }, "geometry": { "type": "Point", "coordinates": [ 133.5784122, 33.529418 ] } },
{ "type": "Feature", "properties": { "osmid": 6075493847, "y": 33.5299179, "x": 133.5780547, "highway": null, "street_count": 1 }, "geometry": { "type": "Point", "coordinates": [ 133.5780547, 33.5299179 ] } },
{ "type": "Feature", "properties": { "osmid": 6075493849, "y": 33.5296279, "x": 133.5775667, "highway": null, "street_count": 1 }, "geometry": { "type": "Point", "coordinates": [ 133.5775667, 33.5296279 ] } },
{ "type": "Feature", "properties": { "osmid": 6075494440, "y": 33.5282249, "x": 133.5787841, "highway": null, "street_count": 4 }, "geometry": { "type": "Point", "coordinates": [ 133.5787841, 33.5282249 ] } },
{ "type": "Feature", "properties": { "osmid": 6075494441, "y": 33.5282641, "x": 133.5787914, "highway": null, "street_count": 1 }, "geometry": { "type": "Point", "coordinates": [ 133.5787914, 33.5282641 ] } },
{ "type": "Feature", "properties": { "osmid": 6075494648, "y": 33.5287271, "x": 133.5761936, "highway": null, "street_count": 1 }, "geometry": { "type": "Point", "coordinates": [ 133.576193600000011, 33.5287271 ] } },
{ "type": "Feature", "properties": { "osmid": 6075494649, "y": 33.5287381, "x": 133.5763992, "highway": null, "street_count": 3 }, "geometry": { "type": "Point", "coordinates": [ 133.5763992, 33.5287381 ] } },
{ "type": "Feature", "properties": { "osmid": 6075494653, "y": 33.5290619, "x": 133.5763263, "highway": null, "street_count": 1 }, "geometry": { "type": "Point", "coordinates": [ 133.5763263, 33.5290619 ] } },
{ "type": "Feature", "properties": { "osmid": 6075494654, "y": 33.5285624, "x": 133.5766179, "highway": null, "street_count": 3 }, "geometry": { "type": "Point", "coordinates": [ 133.5766179, 33.5285624 ] } },
{ "type": "Feature", "properties": { "osmid": 6075494655, "y": 33.5285515, "x": 133.5763954, "highway": null, "street_count": 1 }, "geometry": { "type": "Point", "coordinates": [ 133.5763954, 33.5285515 ] } },
{ "type": "Feature", "properties": { "osmid": 6075494656, "y": 33.5284395, "x": 133.5766332, "highway": null, "street_count": 3 }, "geometry": { "type": "Point", "coordinates": [ 133.5766332, 33.5284395 ] } },
{ "type": "Feature", "properties": { "osmid": 6075494657, "y": 33.5284556, "x": 133.5768891, "highway": null, "street_count": 1 }, "geometry": { "type": "Point", "coordinates": [ 133.576889099999988, 33.5284556 ] } },
{ "type": "Feature", "properties": { "osmid": 6075494664, "y": 33.5250254, "x": 133.5757742, "highway": null, "street_count": 3 }, "geometry": { "type": "Point", "coordinates": [ 133.575774200000012, 33.5250254 ] } },
{ "type": "Feature", "properties": { "osmid": 6075494665, "y": 33.5250066, "x": 133.5759686, "highway": null, "street_count": 1 }, "geometry": { "type": "Point", "coordinates": [ 133.57596860000001, 33.5250066 ] } },
{ "type": "Feature", "properties": { "osmid": 6075494667, "y": 33.5250387, "x": 133.5743058, "highway": null, "street_count": 3 }, "geometry": { "type": "Point", "coordinates": [ 133.5743058, 33.5250387 ] } },
{ "type": "Feature", "properties": { "osmid": 6075494672, "y": 33.52618, "x": 133.574042, "highway": null, "street_count": 3 }, "geometry": { "type": "Point", "coordinates": [ 133.574042, 33.52618 ] } },
{ "type": "Feature", "properties": { "osmid": 6075494674, "y": 33.526063, "x": 133.5733002, "highway": null, "street_count": 3 }, "geometry": { "type": "Point", "coordinates": [ 133.5733002, 33.526063 ] } },
{ "type": "Feature", "properties": { "osmid": 6075494682, "y": 33.5265705, "x": 133.5749232, "highway": null, "street_count": 1 }, "geometry": { "type": "Point", "coordinates": [ 133.5749232, 33.5265705 ] } },
{ "type": "Feature", "properties": { "osmid": 6075494685, "y": 33.5268618, "x": 133.5751566, "highway": null, "street_count": 3 }, "geometry": { "type": "Point", "coordinates": [ 133.575156600000014, 33.5268618 ] } },
{ "type": "Feature", "properties": { "osmid": 6075494686, "y": 33.5269071, "x": 133.5747114, "highway": null, "street_count": 1 }, "geometry": { "type": "Point", "coordinates": [ 133.574711400000012, 33.5269071 ] } },
{ "type": "Feature", "properties": { "osmid": 6075494687, "y": 33.5268617, "x": 133.5767972, "highway": null, "street_count": 3 }, "geometry": { "type": "Point", "coordinates": [ 133.576797199999987, 33.5268617 ] } },
{ "type": "Feature", "properties": { "osmid": 6075494688, "y": 33.5268236, "x": 133.5771318, "highway": null, "street_count": 3 }, "geometry": { "type": "Point", "coordinates": [ 133.577131799999989, 33.5268236 ] } },
{ "type": "Feature", "properties": { "osmid": 6075494689, "y": 33.5269713, "x": 133.5771425, "highway": null, "street_count": 3 }, "geometry": { "type": "Point", "coordinates": [ 133.5771425, 33.5269713 ] } },
{ "type": "Feature", "properties": { "osmid": 6075494690, "y": 33.5269243, "x": 133.5776239, "highway": null, "street_count": 3 }, "geometry": { "type": "Point", "coordinates": [ 133.5776239, 33.5269243 ] } },
{ "type": "Feature", "properties": { "osmid": 6075494691, "y": 33.5271797, "x": 133.5771577, "highway": null, "street_count": 3 }, "geometry": { "type": "Point", "coordinates": [ 133.577157699999987, 33.5271797 ] } },
{ "type": "Feature", "properties": { "osmid": 6075494692, "y": 33.5271412, "x": 133.5776257, "highway": null, "street_count": 3 }, "geometry": { "type": "Point", "coordinates": [ 133.5776257, 33.5271412 ] } },
{ "type": "Feature", "properties": { "osmid": 6075494693, "y": 33.5266879, "x": 133.577122, "highway": null, "street_count": 3 }, "geometry": { "type": "Point", "coordinates": [ 133.577122, 33.5266879 ] } },
{ "type": "Feature", "properties": { "osmid": 6075494694, "y": 33.5266403, "x": 133.5776054, "highway": null, "street_count": 3 }, "geometry": { "type": "Point", "coordinates": [ 133.57760540000001, 33.5266403 ] } },
{ "type": "Feature", "properties": { "osmid": 6075494695, "y": 33.5269015, "x": 133.5771375, "highway": null, "street_count": 3 }, "geometry": { "type": "Point", "coordinates": [ 133.5771375, 33.5269015 ] } },
{ "type": "Feature", "properties": { "osmid": 6075494696, "y": 33.5268536, "x": 133.5776233, "highway": null, "street_count": 3 }, "geometry": { "type": "Point", "coordinates": [ 133.5776233, 33.5268536 ] } },
{ "type": "Feature", "properties": { "osmid": 6075494697, "y": 33.5266266, "x": 133.5771175, "highway": null, "street_count": 3 }, "geometry": { "type": "Point", "coordinates": [ 133.577117500000014, 33.5266266 ] } },
{ "type": "Feature", "properties": { "osmid": 6075494698, "y": 33.5265784, "x": 133.577599, "highway": null, "street_count": 3 }, "geometry": { "type": "Point", "coordinates": [ 133.577599, 33.5265784 ] } },
{ "type": "Feature", "properties": { "osmid": 6075494699, "y": 33.5263908, "x": 133.576735, "highway": null, "street_count": 3 }, "geometry": { "type": "Point", "coordinates": [ 133.576735, 33.5263908 ] } },
{ "type": "Feature", "properties": { "osmid": 6075494700, "y": 33.5263084, "x": 133.5775692, "highway": null, "street_count": 3 }, "geometry": { "type": "Point", "coordinates": [ 133.5775692, 33.5263084 ] } },
{ "type": "Feature", "properties": { "osmid": 6075494701, "y": 33.5260338, "x": 133.5766825, "highway": null, "street_count": 3 }, "geometry": { "type": "Point", "coordinates": [ 133.5766825, 33.5260338 ] } },
{ "type": "Feature", "properties": { "osmid": 6075494702, "y": 33.5260862, "x": 133.5761872, "highway": null, "street_count": 1 }, "geometry": { "type": "Point", "coordinates": [ 133.5761872, 33.5260862 ] } },
{ "type": "Feature", "properties": { "osmid": 6075494703, "y": 33.5257436, "x": 133.5766398, "highway": null, "street_count": 3 }, "geometry": { "type": "Point", "coordinates": [ 133.5766398, 33.5257436 ] } },
{ "type": "Feature", "properties": { "osmid": 6075494704, "y": 33.525791, "x": 133.5761604, "highway": null, "street_count": 1 }, "geometry": { "type": "Point", "coordinates": [ 133.5761604, 33.525791 ] } },
{ "type": "Feature", "properties": { "osmid": 6075494711, "y": 33.5250215, "x": 133.5773765, "highway": null, "street_count": 1 }, "geometry": { "type": "Point", "coordinates": [ 133.577376500000014, 33.5250215 ] } },
{ "type": "Feature", "properties": { "osmid": 6075494712, "y": 33.525138, "x": 133.5778624, "highway": null, "street_count": 3 }, "geometry": { "type": "Point", "coordinates": [ 133.577862399999987, 33.525138 ] } },
{ "type": "Feature", "properties": { "osmid": 6075494713, "y": 33.5250704, "x": 133.5776278, "highway": null, "street_count": 1 }, "geometry": { "type": "Point", "coordinates": [ 133.577627799999988, 33.5250704 ] } },
{ "type": "Feature", "properties": { "osmid": 6075494714, "y": 33.5248494, "x": 133.5779949, "highway": null, "street_count": 3 }, "geometry": { "type": "Point", "coordinates": [ 133.5779949, 33.5248494 ] } },
{ "type": "Feature", "properties": { "osmid": 6075494715, "y": 33.5247332, "x": 133.5776542, "highway": null, "street_count": 1 }, "geometry": { "type": "Point", "coordinates": [ 133.577654200000012, 33.5247332 ] } },
{ "type": "Feature", "properties": { "osmid": 6075494716, "y": 33.5246833, "x": 133.578068, "highway": null, "street_count": 3 }, "geometry": { "type": "Point", "coordinates": [ 133.578068, 33.5246833 ] } },
{ "type": "Feature", "properties": { "osmid": 6075494717, "y": 33.5244653, "x": 133.5773855, "highway": null, "street_count": 3 }, "geometry": { "type": "Point", "coordinates": [ 133.5773855, 33.5244653 ] } },
{ "type": "Feature", "properties": { "osmid": 6075494724, "y": 33.5244842, "x": 133.5796402, "highway": null, "street_count": 3 }, "geometry": { "type": "Point", "coordinates": [ 133.5796402, 33.5244842 ] } },
{ "type": "Feature", "properties": { "osmid": 6075494725, "y": 33.523983, "x": 133.5787822, "highway": null, "street_count": 3 }, "geometry": { "type": "Point", "coordinates": [ 133.5787822, 33.523983 ] } },
{ "type": "Feature", "properties": { "osmid": 6247275224, "y": 33.5298564, "x": 133.6205723, "highway": null, "street_count": 3 }, "geometry": { "type": "Point", "coordinates": [ 133.6205723, 33.5298564 ] } },
{ "type": "Feature", "properties": { "osmid": 6286517215, "y": 33.5069914, "x": 133.5711138, "highway": null, "street_count": 3 }, "geometry": { "type": "Point", "coordinates": [ 133.5711138, 33.5069914 ] } },
{ "type": "Feature", "properties": { "osmid": 6286517221, "y": 33.5066636, "x": 133.570539, "highway": null, "street_count": 3 }, "geometry": { "type": "Point", "coordinates": [ 133.570539, 33.5066636 ] } },
{ "type": "Feature", "properties": { "osmid": 6286517222, "y": 33.5065946, "x": 133.5706387, "highway": null, "street_count": 3 }, "geometry": { "type": "Point", "coordinates": [ 133.570638699999989, 33.5065946 ] } },
{ "type": "Feature", "properties": { "osmid": 6286517234, "y": 33.507317, "x": 133.5722115, "highway": null, "street_count": 4 }, "geometry": { "type": "Point", "coordinates": [ 133.5722115, 33.507317 ] } },
{ "type": "Feature", "properties": { "osmid": 6286517273, "y": 33.5083509, "x": 133.5731663, "highway": null, "street_count": 3 }, "geometry": { "type": "Point", "coordinates": [ 133.5731663, 33.5083509 ] } },
{ "type": "Feature", "properties": { "osmid": 6286517275, "y": 33.5093275, "x": 133.5726587, "highway": null, "street_count": 1 }, "geometry": { "type": "Point", "coordinates": [ 133.5726587, 33.5093275 ] } },
{ "type": "Feature", "properties": { "osmid": 6286519489, "y": 33.5074153, "x": 133.5720683, "highway": null, "street_count": 4 }, "geometry": { "type": "Point", "coordinates": [ 133.572068300000012, 33.5074153 ] } },
{ "type": "Feature", "properties": { "osmid": 6286519496, "y": 33.5080295, "x": 133.5728128, "highway": null, "street_count": 4 }, "geometry": { "type": "Point", "coordinates": [ 133.5728128, 33.5080295 ] } },
{ "type": "Feature", "properties": { "osmid": 6286519499, "y": 33.5083743, "x": 133.5731343, "highway": null, "street_count": 4 }, "geometry": { "type": "Point", "coordinates": [ 133.5731343, 33.5083743 ] } },
{ "type": "Feature", "properties": { "osmid": 6286519514, "y": 33.5112712, "x": 133.5750252, "highway": null, "street_count": 4 }, "geometry": { "type": "Point", "coordinates": [ 133.5750252, 33.5112712 ] } },
{ "type": "Feature", "properties": { "osmid": 6286519518, "y": 33.512539, "x": 133.574168, "highway": null, "street_count": 1 }, "geometry": { "type": "Point", "coordinates": [ 133.574168, 33.512539 ] } },
{ "type": "Feature", "properties": { "osmid": 6286519520, "y": 33.5105453, "x": 133.5754329, "highway": null, "street_count": 3 }, "geometry": { "type": "Point", "coordinates": [ 133.57543290000001, 33.5105453 ] } },
{ "type": "Feature", "properties": { "osmid": 6286519521, "y": 33.5104589, "x": 133.5755076, "highway": null, "street_count": 3 }, "geometry": { "type": "Point", "coordinates": [ 133.5755076, 33.5104589 ] } },
{ "type": "Feature", "properties": { "osmid": 6286519522, "y": 33.5106532, "x": 133.5754456, "highway": null, "street_count": 3 }, "geometry": { "type": "Point", "coordinates": [ 133.5754456, 33.5106532 ] } },
{ "type": "Feature", "properties": { "osmid": 6286519523, "y": 33.5107169, "x": 133.5755795, "highway": null, "street_count": 1 }, "geometry": { "type": "Point", "coordinates": [ 133.5755795, 33.5107169 ] } },
{ "type": "Feature", "properties": { "osmid": 6286519524, "y": 33.5106679, "x": 133.5756825, "highway": null, "street_count": 1 }, "geometry": { "type": "Point", "coordinates": [ 133.5756825, 33.5106679 ] } },
{ "type": "Feature", "properties": { "osmid": 6286519525, "y": 33.5105886, "x": 133.5757462, "highway": null, "street_count": 3 }, "geometry": { "type": "Point", "coordinates": [ 133.5757462, 33.5105886 ] } },
{ "type": "Feature", "properties": { "osmid": 6286519565, "y": 33.5050847, "x": 133.5700571, "highway": null, "street_count": 1 }, "geometry": { "type": "Point", "coordinates": [ 133.570057100000014, 33.5050847 ] } },
{ "type": "Feature", "properties": { "osmid": 6286519690, "y": 33.5093516, "x": 133.5707146, "highway": null, "street_count": 3 }, "geometry": { "type": "Point", "coordinates": [ 133.5707146, 33.5093516 ] } },
{ "type": "Feature", "properties": { "osmid": 6290686582, "y": 33.5065263, "x": 133.5706685, "highway": null, "street_count": 3 }, "geometry": { "type": "Point", "coordinates": [ 133.570668500000011, 33.5065263 ] } },
{ "type": "Feature", "properties": { "osmid": 6290686583, "y": 33.5064628, "x": 133.5707959, "highway": null, "street_count": 3 }, "geometry": { "type": "Point", "coordinates": [ 133.5707959, 33.5064628 ] } },
{ "type": "Feature", "properties": { "osmid": 6290687404, "y": 33.5059709, "x": 133.5707149, "highway": null, "street_count": 3 }, "geometry": { "type": "Point", "coordinates": [ 133.570714900000013, 33.5059709 ] } },
{ "type": "Feature", "properties": { "osmid": 6290687405, "y": 33.5063868, "x": 133.5709731, "highway": null, "street_count": 3 }, "geometry": { "type": "Point", "coordinates": [ 133.5709731, 33.5063868 ] } },
{ "type": "Feature", "properties": { "osmid": 6290687406, "y": 33.5061975, "x": 133.5706324, "highway": null, "street_count": 3 }, "geometry": { "type": "Point", "coordinates": [ 133.5706324, 33.5061975 ] } },
{ "type": "Feature", "properties": { "osmid": 6290687407, "y": 33.5061187, "x": 133.5708066, "highway": null, "street_count": 4 }, "geometry": { "type": "Point", "coordinates": [ 133.5708066, 33.5061187 ] } },
{ "type": "Feature", "properties": { "osmid": 6290687408, "y": 33.5059236, "x": 133.5712378, "highway": null, "street_count": 3 }, "geometry": { "type": "Point", "coordinates": [ 133.5712378, 33.5059236 ] } },
{ "type": "Feature", "properties": { "osmid": 6290687409, "y": 33.5060429, "x": 133.5709741, "highway": null, "street_count": 3 }, "geometry": { "type": "Point", "coordinates": [ 133.5709741, 33.5060429 ] } },
{ "type": "Feature", "properties": { "osmid": 6290687422, "y": 33.5058345, "x": 133.5710284, "highway": null, "street_count": 3 }, "geometry": { "type": "Point", "coordinates": [ 133.571028399999989, 33.5058345 ] } },
{ "type": "Feature", "properties": { "osmid": 6290687426, "y": 33.5063664, "x": 133.5707134, "highway": null, "street_count": 3 }, "geometry": { "type": "Point", "coordinates": [ 133.570713399999988, 33.5063664 ] } },
{ "type": "Feature", "properties": { "osmid": 6290687427, "y": 33.5062831, "x": 133.5709087, "highway": null, "street_count": 3 }, "geometry": { "type": "Point", "coordinates": [ 133.5709087, 33.5062831 ] } },
{ "type": "Feature", "properties": { "osmid": 6290687428, "y": 33.5062476, "x": 133.5712975, "highway": null, "street_count": 3 }, "geometry": { "type": "Point", "coordinates": [ 133.571297499999986, 33.5062476 ] } },
{ "type": "Feature", "properties": { "osmid": 6290687436, "y": 33.5061342, "x": 133.5710272, "highway": null, "street_count": 3 }, "geometry": { "type": "Point", "coordinates": [ 133.5710272, 33.5061342 ] } },
{ "type": "Feature", "properties": { "osmid": 6290687446, "y": 33.5062501, "x": 133.5708882, "highway": null, "street_count": 4 }, "geometry": { "type": "Point", "coordinates": [ 133.570888200000013, 33.5062501 ] } },
{ "type": "Feature", "properties": { "osmid": 6290687457, "y": 33.5062092, "x": 133.5708628, "highway": null, "street_count": 3 }, "geometry": { "type": "Point", "coordinates": [ 133.570862799999986, 33.5062092 ] } },
{ "type": "Feature", "properties": { "osmid": 6290687458, "y": 33.5062039, "x": 133.5712725, "highway": null, "street_count": 3 }, "geometry": { "type": "Point", "coordinates": [ 133.5712725, 33.5062039 ] } },
{ "type": "Feature", "properties": { "osmid": 6290687461, "y": 33.5060434, "x": 133.5711805, "highway": null, "street_count": 3 }, "geometry": { "type": "Point", "coordinates": [ 133.5711805, 33.5060434 ] } },
{ "type": "Feature", "properties": { "osmid": 6290687462, "y": 33.5060205, "x": 133.5712301, "highway": null, "street_count": 1 }, "geometry": { "type": "Point", "coordinates": [ 133.5712301, 33.5060205 ] } },
{ "type": "Feature", "properties": { "osmid": 6290687463, "y": 33.506109, "x": 133.5712181, "highway": null, "street_count": 3 }, "geometry": { "type": "Point", "coordinates": [ 133.57121810000001, 33.506109 ] } },
{ "type": "Feature", "properties": { "osmid": 6290687464, "y": 33.5060858, "x": 133.5712739, "highway": null, "street_count": 1 }, "geometry": { "type": "Point", "coordinates": [ 133.5712739, 33.5060858 ] } },
{ "type": "Feature", "properties": { "osmid": 6290687465, "y": 33.5061785, "x": 133.571054, "highway": null, "street_count": 3 }, "geometry": { "type": "Point", "coordinates": [ 133.571054, 33.5061785 ] } },
{ "type": "Feature", "properties": { "osmid": 6290687542, "y": 33.5063342, "x": 133.570698, "highway": null, "street_count": 3 }, "geometry": { "type": "Point", "coordinates": [ 133.570698, 33.5063342 ] } },
{ "type": "Feature", "properties": { "osmid": 6290687543, "y": 33.506187, "x": 133.570849, "highway": null, "street_count": 3 }, "geometry": { "type": "Point", "coordinates": [ 133.570849, 33.506187 ] } },
{ "type": "Feature", "properties": { "osmid": 6290687545, "y": 33.5061638, "x": 133.5707069, "highway": null, "street_count": 4 }, "geometry": { "type": "Point", "coordinates": [ 133.5707069, 33.5061638 ] } },
{ "type": "Feature", "properties": { "osmid": 6290687547, "y": 33.5060355, "x": 133.570755, "highway": null, "street_count": 4 }, "geometry": { "type": "Point", "coordinates": [ 133.570755, 33.5060355 ] } },
{ "type": "Feature", "properties": { "osmid": 6290687548, "y": 33.5059882, "x": 133.5708561, "highway": null, "street_count": 3 }, "geometry": { "type": "Point", "coordinates": [ 133.570856099999986, 33.5059882 ] } },
{ "type": "Feature", "properties": { "osmid": 6290687549, "y": 33.5060716, "x": 133.5709106, "highway": null, "street_count": 3 }, "geometry": { "type": "Point", "coordinates": [ 133.5709106, 33.5060716 ] } },
{ "type": "Feature", "properties": { "osmid": 6290687550, "y": 33.5059261, "x": 133.5708179, "highway": null, "street_count": 3 }, "geometry": { "type": "Point", "coordinates": [ 133.5708179, 33.5059261 ] } },
{ "type": "Feature", "properties": { "osmid": 6290687794, "y": 33.5059062, "x": 133.5704159, "highway": null, "street_count": 3 }, "geometry": { "type": "Point", "coordinates": [ 133.5704159, 33.5059062 ] } },
{ "type": "Feature", "properties": { "osmid": 6290687797, "y": 33.5058961, "x": 133.5707423, "highway": null, "street_count": 1 }, "geometry": { "type": "Point", "coordinates": [ 133.5707423, 33.5058961 ] } },
{ "type": "Feature", "properties": { "osmid": 6290704304, "y": 33.504579, "x": 133.5696589, "highway": null, "street_count": 3 }, "geometry": { "type": "Point", "coordinates": [ 133.5696589, 33.504579 ] } },
{ "type": "Feature", "properties": { "osmid": 6290704310, "y": 33.5045085, "x": 133.570137, "highway": null, "street_count": 3 }, "geometry": { "type": "Point", "coordinates": [ 133.570137, 33.5045085 ] } },
{ "type": "Feature", "properties": { "osmid": 6290704344, "y": 33.5025847, "x": 133.5701284, "highway": null, "street_count": 1 }, "geometry": { "type": "Point", "coordinates": [ 133.570128399999987, 33.5025847 ] } },
{ "type": "Feature", "properties": { "osmid": 6637762073, "y": 33.5274186, "x": 133.5760977, "highway": null, "street_count": 3 }, "geometry": { "type": "Point", "coordinates": [ 133.5760977, 33.5274186 ] } },
{ "type": "Feature", "properties": { "osmid": 6637762075, "y": 33.5275059, "x": 133.5752427, "highway": null, "street_count": 3 }, "geometry": { "type": "Point", "coordinates": [ 133.5752427, 33.5275059 ] } },
{ "type": "Feature", "properties": { "osmid": 6637762076, "y": 33.5274801, "x": 133.575497, "highway": null, "street_count": 3 }, "geometry": { "type": "Point", "coordinates": [ 133.575497, 33.5274801 ] } },
{ "type": "Feature", "properties": { "osmid": 6637762077, "y": 33.5267808, "x": 133.5754044, "highway": null, "street_count": 3 }, "geometry": { "type": "Point", "coordinates": [ 133.5754044, 33.5267808 ] } },
{ "type": "Feature", "properties": { "osmid": 6637762078, "y": 33.5271359, "x": 133.5754514, "highway": null, "street_count": 3 }, "geometry": { "type": "Point", "coordinates": [ 133.5754514, 33.5271359 ] } },
{ "type": "Feature", "properties": { "osmid": 6637762079, "y": 33.5270696, "x": 133.5760902, "highway": null, "street_count": 3 }, "geometry": { "type": "Point", "coordinates": [ 133.57609020000001, 33.5270696 ] } },
{ "type": "Feature", "properties": { "osmid": 6637762080, "y": 33.5267628, "x": 133.5756084, "highway": null, "street_count": 3 }, "geometry": { "type": "Point", "coordinates": [ 133.5756084, 33.5267628 ] } },
{ "type": "Feature", "properties": { "osmid": 6637762081, "y": 33.5265426, "x": 133.5755832, "highway": null, "street_count": 3 }, "geometry": { "type": "Point", "coordinates": [ 133.575583200000011, 33.5265426 ] } },
{ "type": "Feature", "properties": { "osmid": 6637762082, "y": 33.5265593, "x": 133.5763022, "highway": null, "street_count": 3 }, "geometry": { "type": "Point", "coordinates": [ 133.576302199999986, 33.5265593 ] } },
{ "type": "Feature", "properties": { "osmid": 6637762083, "y": 33.5268764, "x": 133.5763603, "highway": null, "street_count": 3 }, "geometry": { "type": "Point", "coordinates": [ 133.5763603, 33.5268764 ] } },
{ "type": "Feature", "properties": { "osmid": 6637767585, "y": 33.5271581, "x": 133.5766965, "highway": null, "street_count": 1 }, "geometry": { "type": "Point", "coordinates": [ 133.5766965, 33.5271581 ] } },
{ "type": "Feature", "properties": { "osmid": 6637767586, "y": 33.526841, "x": 133.576693, "highway": null, "street_count": 1 }, "geometry": { "type": "Point", "coordinates": [ 133.576693, 33.526841 ] } },
{ "type": "Feature", "properties": { "osmid": 6637767587, "y": 33.5259132, "x": 133.5757128, "highway": null, "street_count": 3 }, "geometry": { "type": "Point", "coordinates": [ 133.5757128, 33.5259132 ] } },
{ "type": "Feature", "properties": { "osmid": 6637767588, "y": 33.5255514, "x": 133.5756711, "highway": null, "street_count": 1 }, "geometry": { "type": "Point", "coordinates": [ 133.5756711, 33.5255514 ] } },
{ "type": "Feature", "properties": { "osmid": 6637767589, "y": 33.5266758, "x": 133.5731328, "highway": null, "street_count": 3 }, "geometry": { "type": "Point", "coordinates": [ 133.5731328, 33.5266758 ] } },
{ "type": "Feature", "properties": { "osmid": 6637767590, "y": 33.5268172, "x": 133.5738946, "highway": null, "street_count": 3 }, "geometry": { "type": "Point", "coordinates": [ 133.573894599999988, 33.5268172 ] } },
{ "type": "Feature", "properties": { "osmid": 6637767593, "y": 33.525111, "x": 133.5726954, "highway": null, "street_count": 3 }, "geometry": { "type": "Point", "coordinates": [ 133.572695399999986, 33.525111 ] } },
{ "type": "Feature", "properties": { "osmid": 6637767594, "y": 33.5252577, "x": 133.5733056, "highway": null, "street_count": 3 }, "geometry": { "type": "Point", "coordinates": [ 133.5733056, 33.5252577 ] } },
{ "type": "Feature", "properties": { "osmid": 6637767596, "y": 33.5254317, "x": 133.5740788, "highway": null, "street_count": 3 }, "geometry": { "type": "Point", "coordinates": [ 133.5740788, 33.5254317 ] } },
{ "type": "Feature", "properties": { "osmid": 6637767598, "y": 33.5251358, "x": 133.5736756, "highway": null, "street_count": 1 }, "geometry": { "type": "Point", "coordinates": [ 133.5736756, 33.5251358 ] } },
{ "type": "Feature", "properties": { "osmid": 6637767599, "y": 33.525178, "x": 133.5742432, "highway": null, "street_count": 3 }, "geometry": { "type": "Point", "coordinates": [ 133.574243200000012, 33.525178 ] } },
{ "type": "Feature", "properties": { "osmid": 6637767600, "y": 33.5251105, "x": 133.5739254, "highway": null, "street_count": 1 }, "geometry": { "type": "Point", "coordinates": [ 133.5739254, 33.5251105 ] } },
{ "type": "Feature", "properties": { "osmid": 6637767601, "y": 33.5249918, "x": 133.5741496, "highway": null, "street_count": 1 }, "geometry": { "type": "Point", "coordinates": [ 133.5741496, 33.5249918 ] } },
{ "type": "Feature", "properties": { "osmid": 6637767604, "y": 33.5246842, "x": 133.5731339, "highway": null, "street_count": 1 }, "geometry": { "type": "Point", "coordinates": [ 133.573133899999988, 33.5246842 ] } },
{ "type": "Feature", "properties": { "osmid": 6637767608, "y": 33.5228149, "x": 133.5744207, "highway": null, "street_count": 3 }, "geometry": { "type": "Point", "coordinates": [ 133.5744207, 33.5228149 ] } },
{ "type": "Feature", "properties": { "osmid": 6637767632, "y": 33.5226835, "x": 133.5696263, "highway": null, "street_count": 1 }, "geometry": { "type": "Point", "coordinates": [ 133.56962630000001, 33.5226835 ] } },
{ "type": "Feature", "properties": { "osmid": 6665331240, "y": 33.5347086, "x": 133.6117779, "highway": null, "street_count": 3 }, "geometry": { "type": "Point", "coordinates": [ 133.6117779, 33.5347086 ] } },
{ "type": "Feature", "properties": { "osmid": 6665331241, "y": 33.5346255, "x": 133.6128927, "highway": null, "street_count": 3 }, "geometry": { "type": "Point", "coordinates": [ 133.6128927, 33.5346255 ] } },
{ "type": "Feature", "properties": { "osmid": 6665331256, "y": 33.5323363, "x": 133.6063387, "highway": null, "street_count": 3 }, "geometry": { "type": "Point", "coordinates": [ 133.6063387, 33.5323363 ] } },
{ "type": "Feature", "properties": { "osmid": 6665331257, "y": 33.5321484, "x": 133.6065802, "highway": null, "street_count": 3 }, "geometry": { "type": "Point", "coordinates": [ 133.6065802, 33.5321484 ] } },
{ "type": "Feature", "properties": { "osmid": 6665331258, "y": 33.5318299, "x": 133.6067835, "highway": null, "street_count": 3 }, "geometry": { "type": "Point", "coordinates": [ 133.6067835, 33.5318299 ] } },
{ "type": "Feature", "properties": { "osmid": 6665331259, "y": 33.5315801, "x": 133.6068405, "highway": null, "street_count": 3 }, "geometry": { "type": "Point", "coordinates": [ 133.6068405, 33.5315801 ] } },
{ "type": "Feature", "properties": { "osmid": 6665331260, "y": 33.532367, "x": 133.607453, "highway": null, "street_count": 3 }, "geometry": { "type": "Point", "coordinates": [ 133.607453, 33.532367 ] } },
{ "type": "Feature", "properties": { "osmid": 6665331261, "y": 33.5320411, "x": 133.6075683, "highway": null, "street_count": 3 }, "geometry": { "type": "Point", "coordinates": [ 133.6075683, 33.5320411 ] } },
{ "type": "Feature", "properties": { "osmid": 6665338189, "y": 33.5283195, "x": 133.6114796, "highway": null, "street_count": 3 }, "geometry": { "type": "Point", "coordinates": [ 133.6114796, 33.5283195 ] } },
{ "type": "Feature", "properties": { "osmid": 6665338190, "y": 33.5279258, "x": 133.6120355, "highway": null, "street_count": 1 }, "geometry": { "type": "Point", "coordinates": [ 133.6120355, 33.5279258 ] } },
{ "type": "Feature", "properties": { "osmid": 8234975524, "y": 33.5194362, "x": 133.5892969, "highway": null, "street_count": 3 }, "geometry": { "type": "Point", "coordinates": [ 133.5892969, 33.5194362 ] } },
{ "type": "Feature", "properties": { "osmid": 8461492721, "y": 33.5268266, "x": 133.6113305, "highway": null, "street_count": 1 }, "geometry": { "type": "Point", "coordinates": [ 133.6113305, 33.5268266 ] } },
{ "type": "Feature", "properties": { "osmid": 8485484682, "y": 33.5144012, "x": 133.5901872, "highway": null, "street_count": 3 }, "geometry": { "type": "Point", "coordinates": [ 133.5901872, 33.5144012 ] } },
{ "type": "Feature", "properties": { "osmid": 8485484684, "y": 33.5149124, "x": 133.5862095, "highway": null, "street_count": 4 }, "geometry": { "type": "Point", "coordinates": [ 133.5862095, 33.5149124 ] } },
{ "type": "Feature", "properties": { "osmid": 8485484685, "y": 33.5149745, "x": 133.5861876, "highway": null, "street_count": 3 }, "geometry": { "type": "Point", "coordinates": [ 133.586187599999988, 33.5149745 ] } },
{ "type": "Feature", "properties": { "osmid": 9434048508, "y": 33.5183437, "x": 133.590206, "highway": null, "street_count": 4 }, "geometry": { "type": "Point", "coordinates": [ 133.590206, 33.5183437 ] } },
{ "type": "Feature", "properties": { "osmid": 9434048509, "y": 33.5184156, "x": 133.5904383, "highway": null, "street_count": 4 }, "geometry": { "type": "Point", "coordinates": [ 133.590438299999988, 33.5184156 ] } },
{ "type": "Feature", "properties": { "osmid": 9434052628, "y": 33.5201086, "x": 133.5894358, "highway": null, "street_count": 3 }, "geometry": { "type": "Point", "coordinates": [ 133.5894358, 33.5201086 ] } },
{ "type": "Feature", "properties": { "osmid": 9434052633, "y": 33.5201864, "x": 133.5897979, "highway": null, "street_count": 3 }, "geometry": { "type": "Point", "coordinates": [ 133.5897979, 33.5201864 ] } },
{ "type": "Feature", "properties": { "osmid": 9434052637, "y": 33.5259402, "x": 133.6087516, "highway": null, "street_count": 3 }, "geometry": { "type": "Point", "coordinates": [ 133.6087516, 33.5259402 ] } },
{ "type": "Feature", "properties": { "osmid": 9434052642, "y": 33.5258518, "x": 133.6090441, "highway": null, "street_count": 3 }, "geometry": { "type": "Point", "coordinates": [ 133.6090441, 33.5258518 ] } },
{ "type": "Feature", "properties": { "osmid": 9434052643, "y": 33.5248946, "x": 133.6091271, "highway": null, "street_count": 3 }, "geometry": { "type": "Point", "coordinates": [ 133.6091271, 33.5248946 ] } },
{ "type": "Feature", "properties": { "osmid": 9434052646, "y": 33.5258975, "x": 133.6090357, "highway": null, "street_count": 3 }, "geometry": { "type": "Point", "coordinates": [ 133.6090357, 33.5258975 ] } },
{ "type": "Feature", "properties": { "osmid": 9840837040, "y": 33.5288573, "x": 133.6021054, "highway": null, "street_count": 1 }, "geometry": { "type": "Point", "coordinates": [ 133.6021054, 33.5288573 ] } },
{ "type": "Feature", "properties": { "osmid": 9950854058, "y": 33.5020237, "x": 133.5645445, "highway": null, "street_count": 3 }, "geometry": { "type": "Point", "coordinates": [ 133.564544500000011, 33.5020237 ] } },
{ "type": "Feature", "properties": { "osmid": 9950854059, "y": 33.50132, "x": 133.564251, "highway": null, "street_count": 3 }, "geometry": { "type": "Point", "coordinates": [ 133.564251, 33.50132 ] } },
{ "type": "Feature", "properties": { "osmid": 9950854060, "y": 33.5037016, "x": 133.565799, "highway": null, "street_count": 3 }, "geometry": { "type": "Point", "coordinates": [ 133.565799, 33.5037016 ] } },
{ "type": "Feature", "properties": { "osmid": 9950854062, "y": 33.5033315, "x": 133.5662366, "highway": null, "street_count": 1 }, "geometry": { "type": "Point", "coordinates": [ 133.5662366, 33.5033315 ] } },
{ "type": "Feature", "properties": { "osmid": 9950854065, "y": 33.5054108, "x": 133.5734558, "highway": null, "street_count": 1 }, "geometry": { "type": "Point", "coordinates": [ 133.5734558, 33.5054108 ] } },
{ "type": "Feature", "properties": { "osmid": 9958294541, "y": 33.5214662, "x": 133.5946052, "highway": null, "street_count": 1 }, "geometry": { "type": "Point", "coordinates": [ 133.5946052, 33.5214662 ] } },
{ "type": "Feature", "properties": { "osmid": 9958294542, "y": 33.5221846, "x": 133.5936254, "highway": null, "street_count": 3 }, "geometry": { "type": "Point", "coordinates": [ 133.5936254, 33.5221846 ] } },
{ "type": "Feature", "properties": { "osmid": 9958294545, "y": 33.522336, "x": 133.5937746, "highway": null, "street_count": 3 }, "geometry": { "type": "Point", "coordinates": [ 133.593774599999989, 33.522336 ] } },
{ "type": "Feature", "properties": { "osmid": 9958294546, "y": 33.522464, "x": 133.5944019, "highway": null, "street_count": 3 }, "geometry": { "type": "Point", "coordinates": [ 133.5944019, 33.522464 ] } },
{ "type": "Feature", "properties": { "osmid": 9958294549, "y": 33.5225321, "x": 133.5943777, "highway": null, "street_count": 3 }, "geometry": { "type": "Point", "coordinates": [ 133.5943777, 33.5225321 ] } },
{ "type": "Feature", "properties": { "osmid": 9958294550, "y": 33.522611, "x": 133.5947475, "highway": null, "street_count": 1 }, "geometry": { "type": "Point", "coordinates": [ 133.594747500000011, 33.522611 ] } },
{ "type": "Feature", "properties": { "osmid": 9958294567, "y": 33.5221027, "x": 133.5950069, "highway": null, "street_count": 3 }, "geometry": { "type": "Point", "coordinates": [ 133.595006899999987, 33.5221027 ] } },
{ "type": "Feature", "properties": { "osmid": 9958294569, "y": 33.5218841, "x": 133.5950008, "highway": null, "street_count": 3 }, "geometry": { "type": "Point", "coordinates": [ 133.5950008, 33.5218841 ] } },
{ "type": "Feature", "properties": { "osmid": 9958294572, "y": 33.5213299, "x": 133.5947823, "highway": null, "street_count": 1 }, "geometry": { "type": "Point", "coordinates": [ 133.5947823, 33.5213299 ] } },
{ "type": "Feature", "properties": { "osmid": 9958294574, "y": 33.5220197, "x": 133.5945871, "highway": null, "street_count": 1 }, "geometry": { "type": "Point", "coordinates": [ 133.594587100000012, 33.5220197 ] } },
{ "type": "Feature", "properties": { "osmid": 9958294575, "y": 33.5216768, "x": 133.5940108, "highway": null, "street_count": 3 }, "geometry": { "type": "Point", "coordinates": [ 133.5940108, 33.5216768 ] } },
{ "type": "Feature", "properties": { "osmid": 9958294576, "y": 33.5217057, "x": 133.5950703, "highway": null, "street_count": 3 }, "geometry": { "type": "Point", "coordinates": [ 133.5950703, 33.5217057 ] } },
{ "type": "Feature", "properties": { "osmid": 9958294577, "y": 33.5216723, "x": 133.5949317, "highway": null, "street_count": 1 }, "geometry": { "type": "Point", "coordinates": [ 133.594931699999989, 33.5216723 ] } },
{ "type": "Feature", "properties": { "osmid": 9958294630, "y": 33.5213439, "x": 133.593231, "highway": null, "street_count": 3 }, "geometry": { "type": "Point", "coordinates": [ 133.593231, 33.5213439 ] } },
{ "type": "Feature", "properties": { "osmid": 9958294635, "y": 33.520828, "x": 133.5933936, "highway": null, "street_count": 1 }, "geometry": { "type": "Point", "coordinates": [ 133.593393600000013, 33.520828 ] } },
{ "type": "Feature", "properties": { "osmid": 9958294767, "y": 33.5208396, "x": 133.5941812, "highway": null, "street_count": 3 }, "geometry": { "type": "Point", "coordinates": [ 133.5941812, 33.5208396 ] } },
{ "type": "Feature", "properties": { "osmid": 9958294776, "y": 33.5217881, "x": 133.5952957, "highway": null, "street_count": 1 }, "geometry": { "type": "Point", "coordinates": [ 133.5952957, 33.5217881 ] } },
{ "type": "Feature", "properties": { "osmid": 9958294780, "y": 33.5203584, "x": 133.5949626, "highway": null, "street_count": 3 }, "geometry": { "type": "Point", "coordinates": [ 133.5949626, 33.5203584 ] } },
{ "type": "Feature", "properties": { "osmid": 9958294782, "y": 33.5210498, "x": 133.5948163, "highway": null, "street_count": 3 }, "geometry": { "type": "Point", "coordinates": [ 133.5948163, 33.5210498 ] } },
{ "type": "Feature", "properties": { "osmid": 9958294783, "y": 33.5207816, "x": 133.5948749, "highway": null, "street_count": 3 }, "geometry": { "type": "Point", "coordinates": [ 133.5948749, 33.5207816 ] } },
{ "type": "Feature", "properties": { "osmid": 9958294795, "y": 33.5209172, "x": 133.5956206, "highway": null, "street_count": 3 }, "geometry": { "type": "Point", "coordinates": [ 133.5956206, 33.5209172 ] } },
{ "type": "Feature", "properties": { "osmid": 9958294927, "y": 33.522253, "x": 133.594949, "highway": null, "street_count": 3 }, "geometry": { "type": "Point", "coordinates": [ 133.594949, 33.522253 ] } },
{ "type": "Feature", "properties": { "osmid": 9958294928, "y": 33.5222111, "x": 133.5947487, "highway": null, "street_count": 1 }, "geometry": { "type": "Point", "coordinates": [ 133.5947487, 33.5222111 ] } },
{ "type": "Feature", "properties": { "osmid": 10586149243, "y": 33.5330886, "x": 133.6127298, "highway": "crossing", "street_count": 4 }, "geometry": { "type": "Point", "coordinates": [ 133.612729800000011, 33.5330886 ] } },
{ "type": "Feature", "properties": { "osmid": 10586149247, "y": 33.5330223, "x": 133.6134556, "highway": null, "street_count": 1 }, "geometry": { "type": "Point", "coordinates": [ 133.6134556, 33.5330223 ] } },
{ "type": "Feature", "properties": { "osmid": 10586149251, "y": 33.5330674, "x": 133.6128015, "highway": null, "street_count": 3 }, "geometry": { "type": "Point", "coordinates": [ 133.612801499999989, 33.5330674 ] } },
{ "type": "Feature", "properties": { "osmid": 10586149253, "y": 33.5329917, "x": 133.6120092, "highway": "crossing", "street_count": 4 }, "geometry": { "type": "Point", "coordinates": [ 133.612009199999989, 33.5329917 ] } },
{ "type": "Feature", "properties": { "osmid": 10586149258, "y": 33.5317623, "x": 133.6140599, "highway": null, "street_count": 3 }, "geometry": { "type": "Point", "coordinates": [ 133.6140599, 33.5317623 ] } },
{ "type": "Feature", "properties": { "osmid": 10586149259, "y": 33.5329364, "x": 133.6127821, "highway": null, "street_count": 3 }, "geometry": { "type": "Point", "coordinates": [ 133.6127821, 33.5329364 ] } },
{ "type": "Feature", "properties": { "osmid": 10586149273, "y": 33.5351003, "x": 133.6114495, "highway": "crossing", "street_count": 4 }, "geometry": { "type": "Point", "coordinates": [ 133.6114495, 33.5351003 ] } },
{ "type": "Feature", "properties": { "osmid": 10586149274, "y": 33.5330025, "x": 133.612792, "highway": "crossing", "street_count": 4 }, "geometry": { "type": "Point", "coordinates": [ 133.612792, 33.5330025 ] } },
{ "type": "Feature", "properties": { "osmid": 10586149278, "y": 33.5351155, "x": 133.6124282, "highway": null, "street_count": 3 }, "geometry": { "type": "Point", "coordinates": [ 133.612428200000011, 33.5351155 ] } },
{ "type": "Feature", "properties": { "osmid": 10611387330, "y": 33.5292476, "x": 133.5886872, "highway": null, "street_count": 1 }, "geometry": { "type": "Point", "coordinates": [ 133.58868720000001, 33.5292476 ] } },
{ "type": "Feature", "properties": { "osmid": 10611387353, "y": 33.528315, "x": 133.5932432, "highway": null, "street_count": 1 }, "geometry": { "type": "Point", "coordinates": [ 133.593243199999989, 33.528315 ] } },
{ "type": "Feature", "properties": { "osmid": 10635489652, "y": 33.5309928, "x": 133.5874237, "highway": null, "street_count": 1 }, "geometry": { "type": "Point", "coordinates": [ 133.587423699999988, 33.5309928 ] } },
{ "type": "Feature", "properties": { "osmid": 10635489653, "y": 33.5316667, "x": 133.5860823, "highway": null, "street_count": 3 }, "geometry": { "type": "Point", "coordinates": [ 133.586082299999987, 33.5316667 ] } },
{ "type": "Feature", "properties": { "osmid": 10635489654, "y": 33.532027, "x": 133.5860523, "highway": null, "street_count": 3 }, "geometry": { "type": "Point", "coordinates": [ 133.5860523, 33.532027 ] } },
{ "type": "Feature", "properties": { "osmid": 10635489667, "y": 33.5316439, "x": 133.5875473, "highway": null, "street_count": 3 }, "geometry": { "type": "Point", "coordinates": [ 133.587547300000011, 33.5316439 ] } },
{ "type": "Feature", "properties": { "osmid": 10635489680, "y": 33.531236, "x": 133.5837069, "highway": null, "street_count": 3 }, "geometry": { "type": "Point", "coordinates": [ 133.58370690000001, 33.531236 ] } },
{ "type": "Feature", "properties": { "osmid": 10918311929, "y": 33.5196039, "x": 133.5865885, "highway": null, "street_count": 1 }, "geometry": { "type": "Point", "coordinates": [ 133.5865885, 33.5196039 ] } },
{ "type": "Feature", "properties": { "osmid": 10918311930, "y": 33.5192449, "x": 133.5867303, "highway": null, "street_count": 3 }, "geometry": { "type": "Point", "coordinates": [ 133.5867303, 33.5192449 ] } },
{ "type": "Feature", "properties": { "osmid": 10918311931, "y": 33.5200668, "x": 133.5882166, "highway": null, "street_count": 1 }, "geometry": { "type": "Point", "coordinates": [ 133.58821660000001, 33.5200668 ] } },
{ "type": "Feature", "properties": { "osmid": 10918311933, "y": 33.5197556, "x": 133.5884286, "highway": null, "street_count": 3 }, "geometry": { "type": "Point", "coordinates": [ 133.588428599999986, 33.5197556 ] } },
{ "type": "Feature", "properties": { "osmid": 10918311934, "y": 33.5197917, "x": 133.587133, "highway": null, "street_count": 1 }, "geometry": { "type": "Point", "coordinates": [ 133.587133, 33.5197917 ] } },
{ "type": "Feature", "properties": { "osmid": 10918311935, "y": 33.534245, "x": 133.5970679, "highway": null, "street_count": 1 }, "geometry": { "type": "Point", "coordinates": [ 133.597067900000013, 33.534245 ] } },
{ "type": "Feature", "properties": { "osmid": 10918311942, "y": 33.533212, "x": 133.5984009, "highway": null, "street_count": 1 }, "geometry": { "type": "Point", "coordinates": [ 133.5984009, 33.533212 ] } },
{ "type": "Feature", "properties": { "osmid": 10918311944, "y": 33.5335385, "x": 133.5988489, "highway": null, "street_count": 1 }, "geometry": { "type": "Point", "coordinates": [ 133.5988489, 33.5335385 ] } },
{ "type": "Feature", "properties": { "osmid": 10918311951, "y": 33.5330935, "x": 133.5982051, "highway": null, "street_count": 3 }, "geometry": { "type": "Point", "coordinates": [ 133.5982051, 33.5330935 ] } },
{ "type": "Feature", "properties": { "osmid": 10918311956, "y": 33.5327023, "x": 133.5971805, "highway": null, "street_count": 1 }, "geometry": { "type": "Point", "coordinates": [ 133.5971805, 33.5327023 ] } },
{ "type": "Feature", "properties": { "osmid": 10918311960, "y": 33.534909, "x": 133.6076438, "highway": null, "street_count": 1 }, "geometry": { "type": "Point", "coordinates": [ 133.6076438, 33.534909 ] } },
{ "type": "Feature", "properties": { "osmid": 10918311965, "y": 33.5346809, "x": 133.6070269, "highway": null, "street_count": 1 }, "geometry": { "type": "Point", "coordinates": [ 133.6070269, 33.5346809 ] } },
{ "type": "Feature", "properties": { "osmid": 10918311966, "y": 33.5346183, "x": 133.6071503, "highway": null, "street_count": 3 }, "geometry": { "type": "Point", "coordinates": [ 133.6071503, 33.5346183 ] } },
{ "type": "Feature", "properties": { "osmid": 10918311967, "y": 33.5344044, "x": 133.6073053, "highway": null, "street_count": 3 }, "geometry": { "type": "Point", "coordinates": [ 133.6073053, 33.5344044 ] } },
{ "type": "Feature", "properties": { "osmid": 12107673149, "y": 33.5339676, "x": 133.6117185, "highway": null, "street_count": 3 }, "geometry": { "type": "Point", "coordinates": [ 133.6117185, 33.5339676 ] } },
{ "type": "Feature", "properties": { "osmid": 12107673150, "y": 33.5338827, "x": 133.6128217, "highway": null, "street_count": 3 }, "geometry": { "type": "Point", "coordinates": [ 133.612821700000012, 33.5338827 ] } },
{ "type": "Feature", "properties": { "osmid": 12464144306, "y": 33.5336764, "x": 133.5890139, "highway": null, "street_count": 3 }, "geometry": { "type": "Point", "coordinates": [ 133.5890139, 33.5336764 ] } },
{ "type": "Feature", "properties": { "osmid": 12464144322, "y": 33.5348315, "x": 133.5883963, "highway": null, "street_count": 3 }, "geometry": { "type": "Point", "coordinates": [ 133.5883963, 33.5348315 ] } },
{ "type": "Feature", "properties": { "osmid": 12464144331, "y": 33.5348027, "x": 133.5891032, "highway": null, "street_count": 1 }, "geometry": { "type": "Point", "coordinates": [ 133.589103200000011, 33.5348027 ] } },
{ "type": "Feature", "properties": { "osmid": 12464144346, "y": 33.5334204, "x": 133.5898588, "highway": null, "street_count": 3 }, "geometry": { "type": "Point", "coordinates": [ 133.5898588, 33.5334204 ] } },
{ "type": "Feature", "properties": { "osmid": 12464144347, "y": 33.5330817, "x": 133.5882616, "highway": null, "street_count": 3 }, "geometry": { "type": "Point", "coordinates": [ 133.58826160000001, 33.5330817 ] } },
{ "type": "Feature", "properties": { "osmid": 12464144350, "y": 33.5333741, "x": 133.5896482, "highway": null, "street_count": 4 }, "geometry": { "type": "Point", "coordinates": [ 133.5896482, 33.5333741 ] } },
{ "type": "Feature", "properties": { "osmid": 12464144353, "y": 33.5332343, "x": 133.5882583, "highway": null, "street_count": 3 }, "geometry": { "type": "Point", "coordinates": [ 133.5882583, 33.5332343 ] } },
{ "type": "Feature", "properties": { "osmid": 12464144354, "y": 33.5335066, "x": 133.5896056, "highway": null, "street_count": 3 }, "geometry": { "type": "Point", "coordinates": [ 133.5896056, 33.5335066 ] } },
{ "type": "Feature", "properties": { "osmid": 12464144355, "y": 33.5329326, "x": 133.5882578, "highway": null, "street_count": 3 }, "geometry": { "type": "Point", "coordinates": [ 133.5882578, 33.5329326 ] } },
{ "type": "Feature", "properties": { "osmid": 12464144356, "y": 33.5332265, "x": 133.5896938, "highway": null, "street_count": 3 }, "geometry": { "type": "Point", "coordinates": [ 133.5896938, 33.5332265 ] } },
{ "type": "Feature", "properties": { "osmid": 12464144357, "y": 33.5328042, "x": 133.5882546, "highway": null, "street_count": 3 }, "geometry": { "type": "Point", "coordinates": [ 133.5882546, 33.5328042 ] } },
{ "type": "Feature", "properties": { "osmid": 12464144358, "y": 33.5330922, "x": 133.5897353, "highway": null, "street_count": 4 }, "geometry": { "type": "Point", "coordinates": [ 133.5897353, 33.5330922 ] } },
{ "type": "Feature", "properties": { "osmid": 12464144359, "y": 33.5331459, "x": 133.5899706, "highway": null, "street_count": 3 }, "geometry": { "type": "Point", "coordinates": [ 133.589970599999987, 33.5331459 ] } },
{ "type": "Feature", "properties": { "osmid": 12464144360, "y": 33.5332565, "x": 133.5899255, "highway": null, "street_count": 3 }, "geometry": { "type": "Point", "coordinates": [ 133.5899255, 33.5332565 ] } },
{ "type": "Feature", "properties": { "osmid": 12464144361, "y": 33.5335194, "x": 133.5909636, "highway": null, "street_count": 1 }, "geometry": { "type": "Point", "coordinates": [ 133.5909636, 33.5335194 ] } },
{ "type": "Feature", "properties": { "osmid": 12464144362, "y": 33.5331161, "x": 133.5899827, "highway": null, "street_count": 3 }, "geometry": { "type": "Point", "coordinates": [ 133.5899827, 33.5331161 ] } },
{ "type": "Feature", "properties": { "osmid": 12464144363, "y": 33.5333807, "x": 133.5909813, "highway": null, "street_count": 1 }, "geometry": { "type": "Point", "coordinates": [ 133.59098130000001, 33.5333807 ] } },
{ "type": "Feature", "properties": { "osmid": 12464144364, "y": 33.5329703, "x": 133.5900421, "highway": null, "street_count": 3 }, "geometry": { "type": "Point", "coordinates": [ 133.5900421, 33.5329703 ] } },
{ "type": "Feature", "properties": { "osmid": 12464144365, "y": 33.5332332, "x": 133.5910273, "highway": null, "street_count": 1 }, "geometry": { "type": "Point", "coordinates": [ 133.5910273, 33.5332332 ] } },
{ "type": "Feature", "properties": { "osmid": 12464144366, "y": 33.5328462, "x": 133.5900927, "highway": null, "street_count": 3 }, "geometry": { "type": "Point", "coordinates": [ 133.590092700000014, 33.5328462 ] } },
{ "type": "Feature", "properties": { "osmid": 12464144367, "y": 33.5329515, "x": 133.5904858, "highway": null, "street_count": 1 }, "geometry": { "type": "Point", "coordinates": [ 133.59048580000001, 33.5329515 ] } },
{ "type": "Feature", "properties": { "osmid": 12464144382, "y": 33.5284849, "x": 133.5935383, "highway": null, "street_count": 1 }, "geometry": { "type": "Point", "coordinates": [ 133.5935383, 33.5284849 ] } }
]
}
