,0,1
0,253212041,"{'y': np.float64(3710936.7827186654), 'x': np.float64(368559.9587042449), 'highway': 'crossing', 'street_count': np.int64(4), 'lon': np.float64(133.584491), 'lat': np.float64(33.5299506)}"
1,305548214,"{'y': np.float64(3710950.008912227), 'x': np.float64(368553.79541422974), 'highway': 'traffic_signals', 'street_count': np.int64(4), 'lon': np.float64(133.5844227), 'lat': np.float64(33.5300691)}"
2,294071744,"{'y': np.float64(3710940.9340809863), 'x': np.float64(368570.2602265647), 'highway': 'crossing', 'street_count': np.int64(4), 'lon': np.float64(133.5846013), 'lat': np.float64(33.5299893)}"
3,1924070917,"{'y': np.float64(3710933.7043219), 'x': np.float64(368552.30037512374), 'street_count': np.int64(3), 'lon': np.float64(133.584409), 'lat': np.float64(33.5299219)}"
4,262314795,"{'y': np.float64(3708368.2868078165), 'x': np.float64(367233.5976444917), 'street_count': np.int64(4), 'lon': np.float64(133.570592), 'lat': np.float64(33.5066269)}"
5,564443386,"{'y': np.float64(3708380.509870229), 'x': np.float64(367243.9579345372), 'street_count': np.int64(3), 'lon': np.float64(133.5707017), 'lat': np.float64(33.5067384)}"
6,6286517222,"{'y': np.float64(3708364.6455418104), 'x': np.float64(367237.886258836), 'street_count': np.int64(3), 'lon': np.float64(133.5706387), 'lat': np.float64(33.5065946)}"
7,6286517221,"{'y': np.float64(3708372.4240213004), 'x': np.float64(367228.73054946493), 'street_count': np.int64(3), 'lon': np.float64(133.570539), 'lat': np.float64(33.5066636)}"
8,5521726739,"{'y': np.float64(3708314.983472723), 'x': np.float64(367204.83310818975), 'street_count': np.int64(3), 'lon': np.float64(133.5702903), 'lat': np.float64(33.5061427)}"
9,262314797,"{'y': np.float64(3708451.6660473137), 'x': np.float64(367375.2393466387), 'street_count': np.int64(3), 'lon': np.float64(133.5721042), 'lat': np.float64(33.5073963)}"
10,6286519489,"{'y': np.float64(3708453.818707136), 'x': np.float64(367371.9336289367), 'street_count': np.int64(4), 'lon': np.float64(133.5720683), 'lat': np.float64(33.5074153)}"
11,1085590625,"{'y': np.float64(3708464.080999528), 'x': np.float64(367397.45684784), 'street_count': np.int64(3), 'lon': np.float64(133.5723415), 'lat': np.float64(33.507511)}"
12,411228968,"{'y': np.float64(3708411.8425181457), 'x': np.float64(367279.22029402026), 'highway': 'crossing', 'street_count': np.int64(4), 'lon': np.float64(133.5710766), 'lat': np.float64(33.5070253)}"
13,262314806,"{'y': np.float64(3709356.939797722), 'x': np.float64(368638.1796251816), 'street_count': np.int64(3), 'lon': np.float64(133.5855651), 'lat': np.float64(33.515715)}"
14,1442211085,"{'y': np.float64(3709468.913276655), 'x': np.float64(368593.8528508565), 'street_count': np.int64(4), 'lon': np.float64(133.5850715), 'lat': np.float64(33.5167192)}"
15,1556711536,"{'y': np.float64(3709426.449175514), 'x': np.float64(368847.74443673884), 'street_count': np.int64(3), 'lon': np.float64(133.5878108), 'lat': np.float64(33.5163675)}"
16,1556711468,"{'y': np.float64(3709271.7748004803), 'x': np.float64(368450.5817971175), 'street_count': np.int64(3), 'lon': np.float64(133.5835582), 'lat': np.float64(33.514924)}"
17,262314810,"{'y': np.float64(3709782.72609592), 'x': np.float64(369751.7846537745), 'street_count': np.int64(3), 'lon': np.float64(133.5974907), 'lat': np.float64(33.5196906)}"
18,1078632373,"{'y': np.float64(3709855.673498549), 'x': np.float64(369741.44745049765), 'street_count': np.int64(4), 'lon': np.float64(133.5973688), 'lat': np.float64(33.5203471)}"
19,305552408,"{'y': np.float64(3709822.8379223202), 'x': np.float64(369879.93249508436), 'highway': 'crossing', 'street_count': np.int64(4), 'lon': np.float64(133.5988644), 'lat': np.float64(33.5200679)}"
20,1442211106,"{'y': np.float64(3709637.6046163193), 'x': np.float64(369328.76298865816), 'street_count': np.int64(3), 'lon': np.float64(133.592958), 'lat': np.float64(33.5183304)}"
21,262317512,"{'y': np.float64(3709189.08032889), 'x': np.float64(367532.15909012407), 'highway': 'crossing', 'street_count': np.int64(4), 'lon': np.float64(133.5736841), 'lat': np.float64(33.5140649)}"
22,1556711485,"{'y': np.float64(3709335.641535912), 'x': np.float64(367528.7952405027), 'street_count': np.int64(3), 'lon': np.float64(133.5736262), 'lat': np.float64(33.515386)}"
23,1442211001,"{'y': np.float64(3709173.44928226), 'x': np.float64(367532.5015937856), 'street_count': np.int64(3), 'lon': np.float64(133.5736901), 'lat': np.float64(33.513924)}"
24,1085590735,"{'y': np.float64(3709142.818092595), 'x': np.float64(367522.79051860166), 'street_count': np.int64(3), 'lon': np.float64(133.5735901), 'lat': np.float64(33.5136466)}"
25,1442211002,"{'y': np.float64(3709184.0264286636), 'x': np.float64(367544.8261003011), 'street_count': np.int64(3), 'lon': np.float64(133.5738212), 'lat': np.float64(33.5140209)}"
26,262317515,"{'y': np.float64(3709510.2004070347), 'x': np.float64(367556.4908931157), 'highway': 'traffic_signals', 'street_count': np.int64(3), 'lon': np.float64(133.5738985), 'lat': np.float64(33.5169634)}"
27,1556711526,"{'y': np.float64(3709430.9039675784), 'x': np.float64(367537.1465908934), 'street_count': np.int64(3), 'lon': np.float64(133.573702), 'lat': np.float64(33.516246)}"
28,4211508769,"{'y': np.float64(3709511.205409432), 'x': np.float64(367525.3380603149), 'street_count': np.int64(3), 'lon': np.float64(133.573563), 'lat': np.float64(33.5169686)}"
29,1556711625,"{'y': np.float64(3709564.798284345), 'x': np.float64(367565.3698092388), 'street_count': np.int64(3), 'lon': np.float64(133.573986), 'lat': np.float64(33.5174568)}"
30,262317520,"{'y': np.float64(3710801.846778304), 'x': np.float64(366951.1569366738), 'highway': 'traffic_signals', 'street_count': np.int64(3), 'lon': np.float64(133.5671902), 'lat': np.float64(33.5285347)}"
31,1556713372,"{'y': np.float64(3710670.7434491976), 'x': np.float64(366969.86403714493), 'street_count': np.int64(3), 'lon': np.float64(133.5674111), 'lat': np.float64(33.5273549)}"
32,1556713719,"{'y': np.float64(3710871.1848816746), 'x': np.float64(366921.40766007046), 'street_count': np.int64(3), 'lon': np.float64(133.5668596), 'lat': np.float64(33.5291562)}"
33,1556713544,"{'y': np.float64(3710760.845487486), 'x': np.float64(367090.10281489894), 'street_count': np.int64(3), 'lon': np.float64(133.5686922), 'lat': np.float64(33.5281823)}"
34,262329963,"{'y': np.float64(3708799.57655623), 'x': np.float64(367704.03542793746), 'highway': 'traffic_signals', 'street_count': np.int64(3), 'lon': np.float64(133.5755918), 'lat': np.float64(33.5105741)}"
35,769147664,"{'y': np.float64(3708792.319179291), 'x': np.float64(367692.2300252331), 'street_count': np.int64(4), 'lon': np.float64(133.5754658), 'lat': np.float64(33.5105072)}"
36,1085590177,"{'y': np.float64(3708812.3858495303), 'x': np.float64(367697.57801937003), 'street_count': np.int64(4), 'lon': np.float64(133.5755204), 'lat': np.float64(33.5106888)}"
37,1085589078,"{'y': np.float64(3708806.112831684), 'x': np.float64(367715.05053018266), 'highway': 'crossing', 'street_count': np.int64(4), 'lon': np.float64(133.5757094), 'lat': np.float64(33.5106344)}"
38,293676333,"{'y': np.float64(3711333.1699464275), 'x': np.float64(370119.59161157423), 'highway': 'crossing', 'street_count': np.int64(4), 'lon': np.float64(133.6012251), 'lat': np.float64(33.5337156)}"
39,1556713965,"{'y': np.float64(3711206.404796931), 'x': np.float64(369916.9114005673), 'street_count': np.int64(4), 'lon': np.float64(133.5990613), 'lat': np.float64(33.5325479)}"
40,293676401,"{'y': np.float64(3710293.592112147), 'x': np.float64(370131.7922586177), 'highway': 'crossing', 'street_count': np.int64(4), 'lon': np.float64(133.6015074), 'lat': np.float64(33.5243433)}"
41,293676403,"{'y': np.float64(3710278.3843957265), 'x': np.float64(370135.30270123394), 'highway': 'traffic_signals', 'street_count': np.int64(3), 'lon': np.float64(133.6015474), 'lat': np.float64(33.5242066)}"
42,1430659311,"{'y': np.float64(3710391.449723566), 'x': np.float64(370092.5297292813), 'street_count': np.int64(3), 'lon': np.float64(133.6010705), 'lat': np.float64(33.5252209)}"
43,1924070774,"{'y': np.float64(3710282.480816222), 'x': np.float64(370113.6130302336), 'street_count': np.int64(3), 'lon': np.float64(133.6013133), 'lat': np.float64(33.5242409)}"
44,1924070778,"{'y': np.float64(3710289.2867757375), 'x': np.float64(370150.06084599247), 'street_count': np.int64(3), 'lon': np.float64(133.6017047), 'lat': np.float64(33.5243067)}"
45,305552418,"{'y': np.float64(3710274.542645008), 'x': np.float64(370115.0757795463), 'highway': 'crossing', 'street_count': np.int64(4), 'lon': np.float64(133.6013302), 'lat': np.float64(33.5241695)}"
46,294071631,"{'y': np.float64(3710171.2998789996), 'x': np.float64(369949.3083433412), 'highway': 'traffic_signals', 'street_count': np.int64(4), 'lon': np.float64(133.5995606), 'lat': np.float64(33.5232184)}"
47,1085589675,"{'y': np.float64(3710180.7014769493), 'x': np.float64(369953.6338316002), 'highway': 'crossing', 'street_count': np.int64(4), 'lon': np.float64(133.5996058), 'lat': np.float64(33.5233037)}"
48,1085591553,"{'y': np.float64(3710162.647769367), 'x': np.float64(369945.32736521075), 'highway': 'crossing', 'street_count': np.int64(4), 'lon': np.float64(133.599519), 'lat': np.float64(33.5231399)}"
49,1924070748,"{'y': np.float64(3710175.6989042656), 'x': np.float64(369943.8408794394), 'highway': 'crossing', 'street_count': np.int64(4), 'lon': np.float64(133.5995011), 'lat': np.float64(33.5232574)}"
50,1924070744,"{'y': np.float64(3710166.166901239), 'x': np.float64(369954.92381345795), 'highway': 'crossing', 'street_count': np.int64(4), 'lon': np.float64(133.5996218), 'lat': np.float64(33.5231728)}"
51,294071665,"{'y': np.float64(3710203.90382403), 'x': np.float64(369778.67646434193), 'street_count': np.int64(3), 'lon': np.float64(133.5977189), 'lat': np.float64(33.5234916)}"
52,1078632795,"{'y': np.float64(3710186.472276551), 'x': np.float64(369741.59198585537), 'street_count': np.int64(3), 'lon': np.float64(133.5973222), 'lat': np.float64(33.5233299)}"
53,1556712320,"{'y': np.float64(3710193.9917083303), 'x': np.float64(369833.45800165413), 'street_count': np.int64(4), 'lon': np.float64(133.5983101), 'lat': np.float64(33.5234089)}"
54,5355914578,"{'y': np.float64(3710145.1795871733), 'x': np.float64(369791.0727539537), 'street_count': np.int64(3), 'lon': np.float64(133.5978609), 'lat': np.float64(33.5229636)}"
55,294071685,"{'y': np.float64(3710142.6976888943), 'x': np.float64(369590.873074472), 'street_count': np.int64(4), 'lon': np.float64(133.595706), 'lat': np.float64(33.5229168)}"
56,294071711,"{'y': np.float64(3710083.6579190823), 'x': np.float64(369395.69318402105), 'street_count': np.int64(3), 'lon': np.float64(133.5936134), 'lat': np.float64(33.5223606)}"
57,9958294795,"{'y': np.float64(3709921.0844012727), 'x': np.float64(369579.9399177078), 'street_count': np.int64(3), 'lon': np.float64(133.5956206), 'lat': np.float64(33.5209172)}"
58,307962814,"{'y': np.float64(3710267.0018158015), 'x': np.float64(369610.22324455925), 'street_count': np.int64(3), 'lon': np.float64(133.5958962), 'lat': np.float64(33.52404)}"
59,294071707,"{'y': np.float64(3710075.024282228), 'x': np.float64(369390.36501487053), 'street_count': np.int64(3), 'lon': np.float64(133.5935573), 'lat': np.float64(33.5222821)}"
60,9958294542,"{'y': np.float64(3710064.1274788985), 'x': np.float64(369396.54305569525), 'street_count': np.int64(3), 'lon': np.float64(133.5936254), 'lat': np.float64(33.5221846)}"
61,295337076,"{'y': np.float64(3709997.4445049916), 'x': np.float64(369334.9907987445), 'street_count': np.int64(3), 'lon': np.float64(133.5929725), 'lat': np.float64(33.5215758)}"
62,1296876906,"{'y': np.float64(3710098.4534762665), 'x': np.float64(369385.79671188066), 'street_count': np.int64(3), 'lon': np.float64(133.5935047), 'lat': np.float64(33.5224928)}"
63,294071726,"{'y': np.float64(3710309.3167614616), 'x': np.float64(369057.1870496888), 'street_count': np.int64(3), 'lon': np.float64(133.5899362), 'lat': np.float64(33.5243539)}"
64,5453780793,"{'y': np.float64(3710313.785035791), 'x': np.float64(369058.90119310294), 'street_count': np.int64(3), 'lon': np.float64(133.589954), 'lat': np.float64(33.5243944)}"
65,5463521619,"{'y': np.float64(3710327.1171877785), 'x': np.float64(369007.3998802106), 'street_count': np.int64(3), 'lon': np.float64(133.5893976), 'lat': np.float64(33.5245083)}"
66,5453780509,"{'y': np.float64(3710259.300640071), 'x': np.float64(369176.25833496684), 'street_count': np.int64(3), 'lon': np.float64(133.5912254), 'lat': np.float64(33.5239175)}"
67,294071731,"{'y': np.float64(3709541.452279371), 'x': np.float64(369126.0999059136), 'street_count': np.int64(4), 'lon': np.float64(133.5907904), 'lat': np.float64(33.5174386)}"
68,1556711660,"{'y': np.float64(3709576.3877675575), 'x': np.float64(369193.80228054733), 'street_count': np.int64(3), 'lon': np.float64(133.5915141), 'lat': np.float64(33.5177619)}"
69,4211509193,"{'y': np.float64(3709536.7810216947), 'x': np.float64(369116.46826812334), 'street_count': np.int64(4), 'lon': np.float64(133.5906874), 'lat': np.float64(33.5173953)}"
70,1556711552,"{'y': np.float64(3709441.0958343423), 'x': np.float64(369129.39075577783), 'street_count': np.int64(3), 'lon': np.float64(133.5908405), 'lat': np.float64(33.5165341)}"
71,1924070919,"{'y': np.float64(3710943.400990926), 'x': np.float64(368576.40551409667), 'street_count': np.int64(3), 'lon': np.float64(133.5846671), 'lat': np.float64(33.5300123)}"
72,1609828289,"{'y': np.float64(3710535.2182257073), 'x': np.float64(368733.5427978916), 'street_count': np.int64(3), 'lon': np.float64(133.5864188), 'lat': np.float64(33.5263511)}"
73,294071745,"{'y': np.float64(3710970.3719303864), 'x': np.float64(368558.5874112241), 'highway': 'crossing', 'street_count': np.int64(4), 'lon': np.float64(133.5844713), 'lat': np.float64(33.5302533)}"
74,305548228,"{'y': np.float64(3710954.677107597), 'x': np.float64(368564.4197775988), 'highway': 'traffic_signals', 'street_count': np.int64(4), 'lon': np.float64(133.5845364), 'lat': np.float64(33.5301125)}"
75,1924070933,"{'y': np.float64(3710973.248085069), 'x': np.float64(368564.81257480546), 'street_count': np.int64(3), 'lon': np.float64(133.5845379), 'lat': np.float64(33.53028)}"
76,1924070928,"{'y': np.float64(3710965.173659087), 'x': np.float64(368547.79792696505), 'highway': 'crossing', 'street_count': np.int64(4), 'lon': np.float64(133.5843559), 'lat': np.float64(33.5302051)}"
77,305941190,"{'y': np.float64(3709921.7481535887), 'x': np.float64(369216.0479505857), 'highway': 'crossing', 'street_count': np.int64(3), 'lon': np.float64(133.5917031), 'lat': np.float64(33.5208787)}"
78,9958294630,"{'y': np.float64(3709971.4052182003), 'x': np.float64(369358.6498269793), 'street_count': np.int64(3), 'lon': np.float64(133.593231), 'lat': np.float64(33.5213439)}"
79,295337110,"{'y': np.float64(3709848.6136405696), 'x': np.float64(369058.03975221206), 'street_count': np.int64(3), 'lon': np.float64(133.5900128), 'lat': np.float64(33.5201999)}"
80,4211509236,"{'y': np.float64(3709848.993336035), 'x': np.float64(369051.3195316419), 'street_count': np.int64(4), 'lon': np.float64(133.5899404), 'lat': np.float64(33.5202025)}"
81,295337156,"{'y': np.float64(3709779.458388035), 'x': np.float64(369064.2803657878), 'street_count': np.int64(3), 'lon': np.float64(133.5900901), 'lat': np.float64(33.5195771)}"
82,1924070658,"{'y': np.float64(3709773.246691511), 'x': np.float64(369044.7813560554), 'highway': 'crossing', 'street_count': np.int64(4), 'lon': np.float64(133.5898811), 'lat': np.float64(33.5195187)}"
83,1556711980,"{'y': np.float64(3709786.0967364777), 'x': np.float64(369121.7596371576), 'street_count': np.int64(3), 'lon': np.float64(133.5907079), 'lat': np.float64(33.519644)}"
84,1924070920,"{'y': np.float64(3710945.1661722176), 'x': np.float64(368542.14695815323), 'highway': 'crossing', 'street_count': np.int64(4), 'lon': np.float64(133.584298), 'lat': np.float64(33.530024)}"
85,1924070926,"{'y': np.float64(3710959.749243971), 'x': np.float64(368575.51405096345), 'highway': 'crossing', 'street_count': np.int64(4), 'lon': np.float64(133.5846551), 'lat': np.float64(33.5301596)}"
86,1924070688,"{'y': np.float64(3709827.1077811825), 'x': np.float64(369875.81932874164), 'street_count': np.int64(3), 'lon': np.float64(133.5988195), 'lat': np.float64(33.5201059)}"
87,1924070685,"{'y': np.float64(3709817.8064399306), 'x': np.float64(369882.95783261786), 'street_count': np.int64(3), 'lon': np.float64(133.5988977), 'lat': np.float64(33.5200229)}"
88,305552409,"{'y': np.float64(3709842.844936847), 'x': np.float64(369899.6263678441), 'highway': 'traffic_signals', 'street_count': np.int64(4), 'lon': np.float64(133.5990735), 'lat': np.float64(33.5202507)}"
89,1924070693,"{'y': np.float64(3709843.994460372), 'x': np.float64(369909.767074971), 'highway': 'crossing', 'street_count': np.int64(4), 'lon': np.float64(133.5991825), 'lat': np.float64(33.5202623)}"
90,1924070692,"{'y': np.float64(3709841.7841535783), 'x': np.float64(369891.94848396664), 'highway': 'crossing', 'street_count': np.int64(4), 'lon': np.float64(133.598991), 'lat': np.float64(33.5202402)}"
91,1556712172,"{'y': np.float64(3710003.7644204553), 'x': np.float64(369923.46161857626), 'street_count': np.int64(4), 'lon': np.float64(133.5993067), 'lat': np.float64(33.5217046)}"
92,1924070770,"{'y': np.float64(3710267.606924537), 'x': np.float64(370116.2176547515), 'street_count': np.int64(3), 'lon': np.float64(133.6013435), 'lat': np.float64(33.5241071)}"
93,807637512,"{'y': np.float64(3709812.240377486), 'x': np.float64(369254.6070906274), 'street_count': np.int64(3), 'lon': np.float64(133.5921342), 'lat': np.float64(33.519896)}"
94,1556712984,"{'y': np.float64(3710460.1172850016), 'x': np.float64(369829.930124276), 'street_count': np.int64(3), 'lon': np.float64(133.5982334), 'lat': np.float64(33.5258081)}"
95,1556713106,"{'y': np.float64(3710515.955474561), 'x': np.float64(369202.17623250943), 'street_count': np.int64(3), 'lon': np.float64(133.5914669), 'lat': np.float64(33.5262349)}"
96,307962826,"{'y': np.float64(3710696.599014386), 'x': np.float64(369980.7180064139), 'street_count': np.int64(4), 'lon': np.float64(133.5998224), 'lat': np.float64(33.5279588)}"
97,1430659356,"{'y': np.float64(3710807.1479167), 'x': np.float64(369947.7883475487), 'street_count': np.int64(3), 'lon': np.float64(133.5994518), 'lat': np.float64(33.5289516)}"
98,1430659327,"{'y': np.float64(3710503.432462703), 'x': np.float64(370050.28195309284), 'street_count': np.int64(3), 'lon': np.float64(133.6005994), 'lat': np.float64(33.5262255)}"
99,1556516762,"{'y': np.float64(3710718.925083939), 'x': np.float64(370070.18718901154), 'street_count': np.int64(4), 'lon': np.float64(133.6007824), 'lat': np.float64(33.528171)}"
100,307975547,"{'y': np.float64(3710719.9697779436), 'x': np.float64(367245.02765771805), 'street_count': np.int64(3), 'lon': np.float64(133.5703662), 'lat': np.float64(33.527833)}"
101,5555349914,"{'y': np.float64(3710724.697170147), 'x': np.float64(367248.0372658026), 'street_count': np.int64(4), 'lon': np.float64(133.5703979), 'lat': np.float64(33.527876)}"
102,1556713409,"{'y': np.float64(3710728.9933482506), 'x': np.float64(367222.7947315603), 'street_count': np.int64(3), 'lon': np.float64(133.5701255), 'lat': np.float64(33.5279116)}"
103,1556713309,"{'y': np.float64(3710619.6854738966), 'x': np.float64(367327.46522717655), 'street_count': np.int64(3), 'lon': np.float64(133.5712686), 'lat': np.float64(33.526939)}"
104,307975554,"{'y': np.float64(3710130.782164579), 'x': np.float64(367452.69046118483), 'street_count': np.int64(3), 'lon': np.float64(133.5726892), 'lat': np.float64(33.5225462)}"
105,1556712306,"{'y': np.float64(3710236.8858370776), 'x': np.float64(367417.9051572801), 'street_count': np.int64(4), 'lon': np.float64(133.572299), 'lat': np.float64(33.5234986)}"
106,5555349925,"{'y': np.float64(3710134.344169274), 'x': np.float64(367456.5758400806), 'street_count': np.int64(4), 'lon': np.float64(133.5727305), 'lat': np.float64(33.5225788)}"
107,1556712173,"{'y': np.float64(3710057.0401033717), 'x': np.float64(367474.60121825937), 'street_count': np.int64(4), 'lon': np.float64(133.572936), 'lat': np.float64(33.521884)}"
108,307975567,"{'y': np.float64(3709812.3809764786), 'x': np.float64(367487.8725069965), 'street_count': np.int64(3), 'lon': np.float64(133.5731151), 'lat': np.float64(33.5196796)}"
109,3233784726,"{'y': np.float64(3709666.9477793667), 'x': np.float64(367566.4674363282), 'street_count': np.int64(3), 'lon': np.float64(133.5739827), 'lat': np.float64(33.518378)}"
110,1556711892,"{'y': np.float64(3709769.547502421), 'x': np.float64(367540.4649335686), 'street_count': np.int64(3), 'lon': np.float64(133.5736876), 'lat': np.float64(33.5192999)}"
111,307976553,"{'y': np.float64(3709029.2189129656), 'x': np.float64(367582.53392044746), 'street_count': np.int64(4), 'lon': np.float64(133.57425), 'lat': np.float64(33.5126297)}"
112,1442210998,"{'y': np.float64(3709116.920100369), 'x': np.float64(367541.4882330737), 'street_count': np.int64(4), 'lon': np.float64(133.5737952), 'lat': np.float64(33.5134154)}"
113,1442210994,"{'y': np.float64(3708922.7594339745), 'x': np.float64(367636.8399080556), 'street_count': np.int64(3), 'lon': np.float64(133.5748503), 'lat': np.float64(33.5116765)}"
114,1556711444,"{'y': np.float64(3709159.808905051), 'x': np.float64(367766.5971753405), 'street_count': np.int64(3), 'lon': np.float64(133.576212), 'lat': np.float64(33.51383)}"
115,1556711376,"{'y': np.float64(3708748.9954141625), 'x': np.float64(367296.544559011), 'street_count': np.int64(3), 'lon': np.float64(133.5712131), 'lat': np.float64(33.5100675)}"
116,307976555,"{'y': np.float64(3709345.5526773226), 'x': np.float64(368039.8403151212), 'street_count': np.int64(3), 'lon': np.float64(133.5791259), 'lat': np.float64(33.5155386)}"
117,1556711518,"{'y': np.float64(3709398.01330727), 'x': np.float64(368119.7905846013), 'street_count': np.int64(3), 'lon': np.float64(133.5799788), 'lat': np.float64(33.5160215)}"
118,1556711484,"{'y': np.float64(3709327.041286819), 'x': np.float64(368009.9988938765), 'street_count': np.int64(3), 'lon': np.float64(133.5788074), 'lat': np.float64(33.515368)}"
119,1442211092,"{'y': np.float64(3709519.8272447623), 'x': np.float64(368072.1767979184), 'street_count': np.int64(3), 'lon': np.float64(133.5794483), 'lat': np.float64(33.517114)}"
120,307976561,"{'y': np.float64(3709581.8150021886), 'x': np.float64(368549.7906511681), 'street_count': np.int64(3), 'lon': np.float64(133.5845806), 'lat': np.float64(33.5177318)}"
121,5524184453,"{'y': np.float64(3709587.6090454147), 'x': np.float64(368565.68969151494), 'street_count': np.int64(3), 'lon': np.float64(133.5847509), 'lat': np.float64(33.517786)}"
122,1556711631,"{'y': np.float64(3709561.502901486), 'x': np.float64(368486.01043342066), 'street_count': np.int64(3), 'lon': np.float64(133.583897), 'lat': np.float64(33.5175408)}"
123,5505912851,"{'y': np.float64(3709559.6828940883), 'x': np.float64(368558.4251864018), 'street_count': np.int64(3), 'lon': np.float64(133.5846768), 'lat': np.float64(33.5175333)}"
124,307976566,"{'y': np.float64(3709756.5468892604), 'x': np.float64(368993.2310067413), 'street_count': np.int64(3), 'lon': np.float64(133.5893286), 'lat': np.float64(33.5193618)}"
125,1924070657,"{'y': np.float64(3709769.5444100727), 'x': np.float64(369033.22161263553), 'highway': 'traffic_signals', 'street_count': np.int64(4), 'lon': np.float64(133.5897572), 'lat': np.float64(33.5194839)}"
126,1556711889,"{'y': np.float64(3709746.940277628), 'x': np.float64(368967.31326097256), 'street_count': np.int64(3), 'lon': np.float64(133.589051), 'lat': np.float64(33.519272)}"
127,8234975524,"{'y': np.float64(3709764.836591466), 'x': np.float64(368990.39903391345), 'street_count': np.int64(3), 'lon': np.float64(133.5892969), 'lat': np.float64(33.5194362)}"
128,308120893,"{'y': np.float64(3710603.6953956354), 'x': np.float64(368524.1938043493), 'street_count': np.int64(3), 'lon': np.float64(133.5841549), 'lat': np.float64(33.5269428)}"
129,308120900,"{'y': np.float64(3710700.086377375), 'x': np.float64(368476.7362470586), 'street_count': np.int64(4), 'lon': np.float64(133.5836298), 'lat': np.float64(33.5278061)}"
130,5463483284,"{'y': np.float64(3710426.107154525), 'x': np.float64(368741.18644939805), 'street_count': np.int64(3), 'lon': np.float64(133.5865171), 'lat': np.float64(33.5253682)}"
131,5463483866,"{'y': np.float64(3710447.8777261586), 'x': np.float64(368342.21038964414), 'street_count': np.int64(4), 'lon': np.float64(133.5822186), 'lat': np.float64(33.5255154)}"
132,5463483246,"{'y': np.float64(3710768.7492219103), 'x': np.float64(368488.7363960132), 'street_count': np.int64(3), 'lon': np.float64(133.5837489), 'lat': np.float64(33.5284267)}"
133,5463483276,"{'y': np.float64(3710542.636758237), 'x': np.float64(368671.7821473263), 'street_count': np.int64(3), 'lon': np.float64(133.5857528), 'lat': np.float64(33.5264104)}"
134,308120904,"{'y': np.float64(3710706.0494830105), 'x': np.float64(368356.0497588938), 'street_count': np.int64(4), 'lon': np.float64(133.5823296), 'lat': np.float64(33.527845)}"
135,5463483853,"{'y': np.float64(3710715.3009099807), 'x': np.float64(368274.7911877918), 'street_count': np.int64(3), 'lon': np.float64(133.5814534), 'lat': np.float64(33.5279184)}"
136,308121138,"{'y': np.float64(3710751.9227142083), 'x': np.float64(368031.66712504736), 'street_count': np.int64(3), 'lon': np.float64(133.5788305), 'lat': np.float64(33.5282186)}"
137,5463483855,"{'y': np.float64(3710727.7958845147), 'x': np.float64(368291.29109687475), 'street_count': np.int64(3), 'lon': np.float64(133.5816292), 'lat': np.float64(33.5280331)}"
138,6075494440,"{'y': np.float64(3710752.6803252874), 'x': np.float64(368027.3676946128), 'street_count': np.int64(4), 'lon': np.float64(133.5787841), 'lat': np.float64(33.5282249)}"
139,6075493844,"{'y': np.float64(3710885.4481225396), 'x': np.float64(367994.6440976651), 'street_count': np.int64(3), 'lon': np.float64(133.5784122), 'lat': np.float64(33.529418)}"
140,308121175,"{'y': np.float64(3710813.538163208), 'x': np.float64(367824.8428623552), 'street_count': np.int64(3), 'lon': np.float64(133.5765947), 'lat': np.float64(33.5287486)}"
141,6075494654,"{'y': np.float64(3710792.862181805), 'x': np.float64(367826.71398346894), 'street_count': np.int64(3), 'lon': np.float64(133.5766179), 'lat': np.float64(33.5285624)}"
142,6075494649,"{'y': np.float64(3710812.6230916474), 'x': np.float64(367806.67159280693), 'street_count': np.int64(3), 'lon': np.float64(133.5763992), 'lat': np.float64(33.5287381)}"
143,308121191,"{'y': np.float64(3710746.2004661346), 'x': np.float64(367843.201385163), 'street_count': np.int64(3), 'lon': np.float64(133.5768023), 'lat': np.float64(33.5281437)}"
144,4903596973,"{'y': np.float64(3710698.8090866385), 'x': np.float64(367842.5510438561), 'street_count': np.int64(3), 'lon': np.float64(133.5768023), 'lat': np.float64(33.5277163)}"
145,1556713537,"{'y': np.float64(3710753.8614516086), 'x': np.float64(367832.06755408633), 'street_count': np.int64(3), 'lon': np.float64(133.5766813), 'lat': np.float64(33.5282114)}"
146,4903596974,"{'y': np.float64(3710696.1662757583), 'x': np.float64(367918.78225092246), 'street_count': np.int64(3), 'lon': np.float64(133.5776234), 'lat': np.float64(33.5277019)}"
147,308121205,"{'y': np.float64(3710446.9180730097), 'x': np.float64(367819.5696871873), 'street_count': np.int64(4), 'lon': np.float64(133.5765921), 'lat': np.float64(33.5254422)}"
148,6075494703,"{'y': np.float64(3710480.2773937755), 'x': np.float64(367824.4582011977), 'street_count': np.int64(3), 'lon': np.float64(133.5766398), 'lat': np.float64(33.5257436)}"
149,4903628074,"{'y': np.float64(3710481.013259043), 'x': np.float64(367903.3940398075), 'street_count': np.int64(3), 'lon': np.float64(133.5774895), 'lat': np.float64(33.52576)}"
150,1556712780,"{'y': np.float64(3710420.2073615487), 'x': np.float64(367777.9240333941), 'street_count': np.int64(3), 'lon': np.float64(133.5761477), 'lat': np.float64(33.5251962)}"
151,4903596960,"{'y': np.float64(3710407.817440562), 'x': np.float64(367823.3151819901), 'street_count': np.int64(4), 'lon': np.float64(133.5766382), 'lat': np.float64(33.5250901)}"
152,308121211,"{'y': np.float64(3710365.6861168155), 'x': np.float64(367751.3341894246), 'street_count': np.int64(3), 'lon': np.float64(133.5758695), 'lat': np.float64(33.5247013)}"
153,1556712500,"{'y': np.float64(3710299.6296030744), 'x': np.float64(367770.0730974272), 'street_count': np.int64(3), 'lon': np.float64(133.576081), 'lat': np.float64(33.524108)}"
154,4903596956,"{'y': np.float64(3710358.7350524953), 'x': np.float64(367732.5682908512), 'street_count': np.int64(3), 'lon': np.float64(133.5756685), 'lat': np.float64(33.5246363)}"
155,1556712719,"{'y': np.float64(3710373.4106136304), 'x': np.float64(367766.2744158653), 'street_count': np.int64(3), 'lon': np.float64(133.5760292), 'lat': np.float64(33.5247728)}"
156,308121212,"{'y': np.float64(3710343.1168619166), 'x': np.float64(367678.68311989785), 'street_count': np.int64(3), 'lon': np.float64(133.5750907), 'lat': np.float64(33.5244888)}"
157,308121215,"{'y': np.float64(3710283.9148508324), 'x': np.float64(367703.8228785805), 'street_count': np.int64(4), 'lon': np.float64(133.5753701), 'lat': np.float64(33.5239581)}"
158,1556712620,"{'y': np.float64(3710357.2492463915), 'x': np.float64(367631.63448255695), 'street_count': np.int64(3), 'lon': np.float64(133.5745821), 'lat': np.float64(33.5246104)}"
159,1556712308,"{'y': np.float64(3710218.098989243), 'x': np.float64(367738.9506188228), 'street_count': np.int64(3), 'lon': np.float64(133.575758), 'lat': np.float64(33.523369)}"
160,1556712339,"{'y': np.float64(3710240.7998929187), 'x': np.float64(367575.9819997603), 'street_count': np.int64(4), 'lon': np.float64(133.5740002), 'lat': np.float64(33.5235535)}"
161,1085590081,"{'y': np.float64(3708407.6399149406), 'x': np.float64(367271.92497501173), 'highway': 'traffic_signals', 'street_count': np.int64(4), 'lon': np.float64(133.5709987), 'lat': np.float64(33.5069865)}"
162,6286517215,"{'y': np.float64(3708408.0360111007), 'x': np.float64(367282.6240132281), 'street_count': np.int64(3), 'lon': np.float64(133.5711138), 'lat': np.float64(33.5069914)}"
163,5521726646,"{'y': np.float64(3708415.143914295), 'x': np.float64(367276.255574506), 'street_count': np.int64(3), 'lon': np.float64(133.5710442), 'lat': np.float64(33.5070547)}"
164,564443318,"{'y': np.float64(3707840.6897043744), 'x': np.float64(366575.34783769405), 'street_count': np.int64(3), 'lon': np.float64(133.5635856), 'lat': np.float64(33.5017877)}"
165,1442210973,"{'y': np.float64(3707883.433883377), 'x': np.float64(366599.260448374), 'street_count': np.int64(3), 'lon': np.float64(133.5638366), 'lat': np.float64(33.5021761)}"
166,1442210980,"{'y': np.float64(3707967.4757811246), 'x': np.float64(366502.41107515735), 'street_count': np.int64(3), 'lon': np.float64(133.5627817), 'lat': np.float64(33.5029218)}"
167,9950854059,"{'y': np.float64(3707787.9745081672), 'x': np.float64(366636.4427004851), 'street_count': np.int64(3), 'lon': np.float64(133.564251), 'lat': np.float64(33.50132)}"
168,564443342,"{'y': np.float64(3707842.5574563877), 'x': np.float64(366963.40469898994), 'street_count': np.int64(3), 'lon': np.float64(133.5677619), 'lat': np.float64(33.5018529)}"
169,1442210969,"{'y': np.float64(3707839.100575268), 'x': np.float64(366947.8963431315), 'street_count': np.int64(3), 'lon': np.float64(133.5675955), 'lat': np.float64(33.5018198)}"
170,6290704304,"{'y': np.float64(3708142.4044127925), 'x': np.float64(367143.79235255055), 'street_count': np.int64(3), 'lon': np.float64(133.5696589), 'lat': np.float64(33.504579)}"
171,5521726677,"{'y': np.float64(3707882.1021907283), 'x': np.float64(367112.4146738418), 'street_count': np.int64(3), 'lon': np.float64(133.5693598), 'lat': np.float64(33.502228)}"
172,564443359,"{'y': np.float64(3708114.73043646), 'x': np.float64(366538.72497906035), 'street_count': np.int64(3), 'lon': np.float64(133.5631506), 'lat': np.float64(33.5042541)}"
173,1556711148,"{'y': np.float64(3708077.2949629137), 'x': np.float64(366600.0014186606), 'street_count': np.int64(4), 'lon': np.float64(133.5638157), 'lat': np.float64(33.5039242)}"
174,1556711096,"{'y': np.float64(3707976.5937728025), 'x': np.float64(366500.6884107094), 'street_count': np.int64(3), 'lon': np.float64(133.5627618), 'lat': np.float64(33.5030038)}"
175,3968917095,"{'y': np.float64(3708129.283341899), 'x': np.float64(366524.9435208029), 'street_count': np.int64(1), 'lon': np.float64(133.5630001), 'lat': np.float64(33.5043836)}"
176,564443362,"{'y': np.float64(3708037.011145176), 'x': np.float64(366661.9729142099), 'street_count': np.int64(3), 'lon': np.float64(133.5644887), 'lat': np.float64(33.5035687)}"
177,1556711170,"{'y': np.float64(3708134.3908581696), 'x': np.float64(366729.7040467992), 'street_count': np.int64(3), 'lon': np.float64(133.5652032), 'lat': np.float64(33.5044552)}"
178,5379614970,"{'y': np.float64(3707947.11650473), 'x': np.float64(366619.98766579357), 'street_count': np.int64(3), 'lon': np.float64(133.5640502), 'lat': np.float64(33.5027529)}"
179,564443381,"{'y': np.float64(3708214.4974610247), 'x': np.float64(367179.59896996303), 'street_count': np.int64(3), 'lon': np.float64(133.5700336), 'lat': np.float64(33.5052335)}"
180,5521726732,"{'y': np.float64(3708215.389853811), 'x': np.float64(367186.467936623), 'street_count': np.int64(4), 'lon': np.float64(133.5701074), 'lat': np.float64(33.5052424)}"
181,564443389,"{'y': np.float64(3708273.39176649), 'x': np.float64(367210.67074168473), 'street_count': np.int64(3), 'lon': np.float64(133.5703593), 'lat': np.float64(33.5057684)}"
182,564443388,"{'y': np.float64(3708376.29321268), 'x': np.float64(367247.34671239776), 'street_count': np.int64(4), 'lon': np.float64(133.5707388), 'lat': np.float64(33.5067008)}"
183,6290686582,"{'y': np.float64(3708357.034122933), 'x': np.float64(367240.5500562793), 'street_count': np.int64(3), 'lon': np.float64(133.5706685), 'lat': np.float64(33.5065263)}"
184,1556711256,"{'y': np.float64(3708404.976999095), 'x': np.float64(367278.45682317216), 'street_count': np.int64(4), 'lon': np.float64(133.5710694), 'lat': np.float64(33.5069633)}"
185,6290687794,"{'y': np.float64(3708288.598972625), 'x': np.float64(367216.1388472588), 'street_count': np.int64(3), 'lon': np.float64(133.5704159), 'lat': np.float64(33.5059062)}"
186,1556711209,"{'y': np.float64(3708219.9873104487), 'x': np.float64(367215.0078169165), 'street_count': np.int64(5), 'lon': np.float64(133.5704139), 'lat': np.float64(33.5052874)}"
187,564443392,"{'y': np.float64(3708548.9273525537), 'x': np.float64(367048.5281576669), 'street_count': np.int64(4), 'lon': np.float64(133.5685732), 'lat': np.float64(33.5082327)}"
188,564443564,"{'y': np.float64(3708724.761877438), 'x': np.float64(367176.6714527734), 'street_count': np.int64(4), 'lon': np.float64(133.5699264), 'lat': np.float64(33.5098341)}"
189,1556711309,"{'y': np.float64(3708527.4780218005), 'x': np.float64(367078.3151844214), 'street_count': np.int64(3), 'lon': np.float64(133.568897), 'lat': np.float64(33.508043)}"
190,564443396,"{'y': np.float64(3708278.009203975), 'x': np.float64(366842.21362693736), 'street_count': np.int64(3), 'lon': np.float64(133.5663928), 'lat': np.float64(33.5057642)}"
191,1556711344,"{'y': np.float64(3708629.321155136), 'x': np.float64(366940.0744230648), 'street_count': np.int64(3), 'lon': np.float64(133.5673939), 'lat': np.float64(33.5089441)}"
192,1556711227,"{'y': np.float64(3708253.256724973), 'x': np.float64(366879.0537001345), 'street_count': np.int64(3), 'lon': np.float64(133.566793), 'lat': np.float64(33.5055456)}"
193,1556711174,"{'y': np.float64(3708144.128598312), 'x': np.float64(366737.6988464573), 'street_count': np.int64(3), 'lon': np.float64(133.5652878), 'lat': np.float64(33.504544)}"
194,564443563,"{'y': np.float64(3708805.122435728), 'x': np.float64(367241.8914705338), 'street_count': np.int64(3), 'lon': np.float64(133.5706165), 'lat': np.float64(33.5105668)}"
195,1556711387,"{'y': np.float64(3708772.1712123253), 'x': np.float64(367268.5839051806), 'street_count': np.int64(4), 'lon': np.float64(133.5709087), 'lat': np.float64(33.510273)}"
196,1556711357,"{'y': np.float64(3708698.7181803472), 'x': np.float64(367210.7242003388), 'street_count': np.int64(4), 'lon': np.float64(133.5702968), 'lat': np.float64(33.5096035)}"
197,1556711375,"{'y': np.float64(3708808.60074068), 'x': np.float64(367083.6882439903), 'street_count': np.int64(3), 'lon': np.float64(133.5689131), 'lat': np.float64(33.5105785)}"
198,564443603,"{'y': np.float64(3709147.2010937184), 'x': np.float64(367534.72335180384), 'highway': 'traffic_signals', 'street_count': np.int64(3), 'lon': np.float64(133.5737179), 'lat': np.float64(33.5136876)}"
199,725217815,"{'y': np.float64(3710481.5803975123), 'x': np.float64(369142.2160084968), 'street_count': np.int64(3), 'lon': np.float64(133.5908264), 'lat': np.float64(33.5259176)}"
200,5453780730,"{'y': np.float64(3710427.0506153936), 'x': np.float64(369114.3708773149), 'street_count': np.int64(3), 'lon': np.float64(133.5905346), 'lat': np.float64(33.5254225)}"
201,1609828250,"{'y': np.float64(3710495.4569405387), 'x': np.float64(368814.30394098465), 'street_count': np.int64(3), 'lon': np.float64(133.5872941), 'lat': np.float64(33.5260025)}"
202,725217828,"{'y': np.float64(3710992.7330860724), 'x': np.float64(368720.15301898884), 'highway': 'traffic_signals', 'street_count': np.int64(4), 'lon': np.float64(133.5862075), 'lat': np.float64(33.5304748)}"
203,4003018491,"{'y': np.float64(3711060.5154485353), 'x': np.float64(368716.21944941743), 'street_count': np.int64(5), 'lon': np.float64(133.5861552), 'lat': np.float64(33.5310855)}"
204,1556713863,"{'y': np.float64(3711002.9895947026), 'x': np.float64(368852.15606527403), 'street_count': np.int64(3), 'lon': np.float64(133.5876272), 'lat': np.float64(33.5305835)}"
205,10611387330,"{'y': np.float64(3710853.5211732746), 'x': np.float64(368948.5758113507), 'street_count': np.int64(1), 'lon': np.float64(133.5886872), 'lat': np.float64(33.5292476)}"
206,725217838,"{'y': np.float64(3710907.1959770606), 'x': np.float64(368445.2726960677), 'street_count': np.int64(3), 'lon': np.float64(133.5832606), 'lat': np.float64(33.5296697)}"
207,5463377273,"{'y': np.float64(3710922.5337921893), 'x': np.float64(368485.0685368249), 'street_count': np.int64(3), 'lon': np.float64(133.5836868), 'lat': np.float64(33.5298129)}"
208,5463377242,"{'y': np.float64(3710850.3042854955), 'x': np.float64(368470.30760072096), 'street_count': np.int64(3), 'lon': np.float64(133.5835385), 'lat': np.float64(33.5291598)}"
209,5465981205,"{'y': np.float64(3710970.186727103), 'x': np.float64(368414.6092236774), 'street_count': np.int64(3), 'lon': np.float64(133.5829212), 'lat': np.float64(33.5302339)}"
210,769147176,"{'y': np.float64(3709063.0330418134), 'x': np.float64(368092.7888125371), 'street_count': np.int64(3), 'lon': np.float64(133.5797375), 'lat': np.float64(33.5129977)}"
211,1556711447,"{'y': np.float64(3709166.077292307), 'x': np.float64(368268.4223472497), 'street_count': np.int64(3), 'lon': np.float64(133.5816129), 'lat': np.float64(33.5139485)}"
212,1556711451,"{'y': np.float64(3709174.614091291), 'x': np.float64(368021.4369547619), 'street_count': np.int64(4), 'lon': np.float64(133.578953), 'lat': np.float64(33.513995)}"
213,1556711423,"{'y': np.float64(3708932.709034567), 'x': np.float64(367918.0037843693), 'street_count': np.int64(3), 'lon': np.float64(133.5778753), 'lat': np.float64(33.511801)}"
214,6286519521,"{'y': np.float64(3708786.91024004), 'x': np.float64(367696.03910975263), 'street_count': np.int64(3), 'lon': np.float64(133.5755076), 'lat': np.float64(33.5104589)}"
215,6286519520,"{'y': np.float64(3708796.5857665893), 'x': np.float64(367689.23209680995), 'street_count': np.int64(3), 'lon': np.float64(133.5754329), 'lat': np.float64(33.5105453)}"
216,6286517273,"{'y': np.float64(3708556.157587807), 'x': np.float64(367475.352043248), 'street_count': np.int64(3), 'lon': np.float64(133.5731663), 'lat': np.float64(33.5083509)}"
217,807636504,"{'y': np.float64(3709866.1092002583), 'x': np.float64(369586.5433486237), 'street_count': np.int64(3), 'lon': np.float64(133.5956997), 'lat': np.float64(33.5204223)}"
218,9958294780,"{'y': np.float64(3709859.9508210174), 'x': np.float64(369517.9895597964), 'street_count': np.int64(3), 'lon': np.float64(133.5949626), 'lat': np.float64(33.5203584)}"
219,807636802,"{'y': np.float64(3709848.9030829864), 'x': np.float64(369454.2740813085), 'street_count': np.int64(3), 'lon': np.float64(133.5942783), 'lat': np.float64(33.520251)}"
220,1442211123,"{'y': np.float64(3709815.5700611), 'x': np.float64(369270.75979144976), 'street_count': np.int64(3), 'lon': np.float64(133.5923076), 'lat': np.float64(33.519928)}"
221,9958294767,"{'y': np.float64(3709914.290744386), 'x': np.float64(369446.1404547449), 'street_count': np.int64(3), 'lon': np.float64(133.5941812), 'lat': np.float64(33.5208396)}"
222,1556712025,"{'y': np.float64(3709846.904102967), 'x': np.float64(369843.78832798405), 'street_count': np.int64(3), 'lon': np.float64(133.5984718), 'lat': np.float64(33.5202805)}"
223,1078632503,"{'y': np.float64(3709849.6917059724), 'x': np.float64(369973.25175472174), 'street_count': np.int64(3), 'lon': np.float64(133.5998651), 'lat': np.float64(33.5203214)}"
224,5355914577,"{'y': np.float64(3709989.102313821), 'x': np.float64(369928.4469011232), 'street_count': np.int64(4), 'lon': np.float64(133.5993625), 'lat': np.float64(33.521573)}"
225,6286519525,"{'y': np.float64(3708800.9874833375), 'x': np.float64(367718.3989995159), 'street_count': np.int64(3), 'lon': np.float64(133.5757462), 'lat': np.float64(33.5105886)}"
226,6286519524,"{'y': np.float64(3708809.861700964), 'x': np.float64(367712.60290647496), 'street_count': np.int64(1), 'lon': np.float64(133.5756825), 'lat': np.float64(33.5106679)}"
227,1924070751,"{'y': np.float64(3710183.435435855), 'x': np.float64(369949.100639509), 'street_count': np.int64(3), 'lon': np.float64(133.5995566), 'lat': np.float64(33.5233278)}"
228,1924070749,"{'y': np.float64(3710177.0430421773), 'x': np.float64(369960.10520036315), 'street_count': np.int64(3), 'lon': np.float64(133.599676), 'lat': np.float64(33.5232715)}"
229,1085589950,"{'y': np.float64(3709558.2505948353), 'x': np.float64(369119.8254620695), 'highway': 'crossing', 'street_count': np.int64(4), 'lon': np.float64(133.5907204), 'lat': np.float64(33.5175893)}"
230,1085590247,"{'y': np.float64(3709554.265427435), 'x': np.float64(369110.3053425581), 'highway': 'crossing', 'street_count': np.int64(4), 'lon': np.float64(133.5906185), 'lat': np.float64(33.5175522)}"
231,9434048509,"{'y': np.float64(3709650.2288078186), 'x': np.float64(369094.8696150766), 'street_count': np.int64(4), 'lon': np.float64(133.5904383), 'lat': np.float64(33.5184156)}"
232,1556711261,"{'y': np.float64(3708412.3552268506), 'x': np.float64(367262.12320199516), 'street_count': np.int64(4), 'lon': np.float64(133.5708925), 'lat': np.float64(33.5070278)}"
233,1556711418,"{'y': np.float64(3708881.888916523), 'x': np.float64(367658.8258693763), 'street_count': np.int64(3), 'lon': np.float64(133.575093), 'lat': np.float64(33.5113107)}"
234,6286519523,"{'y': np.float64(3708815.4262898634), 'x': np.float64(367703.1103126768), 'street_count': np.int64(1), 'lon': np.float64(133.5755795), 'lat': np.float64(33.5107169)}"
235,6286519522,"{'y': np.float64(3708808.5338137946), 'x': np.float64(367690.57600568456), 'street_count': np.int64(3), 'lon': np.float64(133.5754456), 'lat': np.float64(33.5106532)}"
236,4211509207,"{'y': np.float64(3709644.6474838727), 'x': np.float64(369078.76027927734), 'street_count': np.int64(4), 'lon': np.float64(133.5902657), 'lat': np.float64(33.5183633)}"
237,9434048508,"{'y': np.float64(3709642.549537662), 'x': np.float64(369073.18599821685), 'street_count': np.int64(4), 'lon': np.float64(133.590206), 'lat': np.float64(33.5183437)}"
238,1556711290,"{'y': np.float64(3708518.1537816166), 'x': np.float64(367445.30402370176), 'street_count': np.int64(3), 'lon': np.float64(133.5728485), 'lat': np.float64(33.5080045)}"
239,6286517234,"{'y': np.float64(3708442.7359018684), 'x': np.float64(367385.0853297904), 'street_count': np.int64(4), 'lon': np.float64(133.5722115), 'lat': np.float64(33.507317)}"
240,1924070743,"{'y': np.float64(3710165.0606212947), 'x': np.float64(369939.93525681447), 'street_count': np.int64(3), 'lon': np.float64(133.5994606), 'lat': np.float64(33.523161)}"
241,1924070741,"{'y': np.float64(3710160.1775984787), 'x': np.float64(369950.8580350504), 'street_count': np.int64(3), 'lon': np.float64(133.5995789), 'lat': np.float64(33.5231183)}"
242,5453780794,"{'y': np.float64(3710407.0092794467), 'x': np.float64(368825.87114935135), 'street_count': np.int64(3), 'lon': np.float64(133.5874316), 'lat': np.float64(33.5252064)}"
243,1430659337,"{'y': np.float64(3710596.909579865), 'x': np.float64(370097.34443482914), 'street_count': np.int64(3), 'lon': np.float64(133.6010925), 'lat': np.float64(33.5270741)}"
244,1556713734,"{'y': np.float64(3710840.480203074), 'x': np.float64(369939.95341957296), 'street_count': np.int64(3), 'lon': np.float64(133.5993626), 'lat': np.float64(33.5292512)}"
245,1430659360,"{'y': np.float64(3710827.1382063935), 'x': np.float64(370044.3119898754), 'street_count': np.int64(4), 'lon': np.float64(133.6004881), 'lat': np.float64(33.5291436)}"
246,1556713841,"{'y': np.float64(3710913.3710791343), 'x': np.float64(370026.6115179921), 'street_count': np.int64(3), 'lon': np.float64(133.600285), 'lat': np.float64(33.529919)}"
247,1430659367,"{'y': np.float64(3710919.4832734177), 'x': np.float64(370027.3256059786), 'street_count': np.int64(3), 'lon': np.float64(133.6002918), 'lat': np.float64(33.5299742)}"
248,1430659376,"{'y': np.float64(3710999.8908356717), 'x': np.float64(369909.65397667827), 'street_count': np.int64(3), 'lon': np.float64(133.5990132), 'lat': np.float64(33.5306849)}"
249,1556713825,"{'y': np.float64(3710892.892504162), 'x': np.float64(369928.4845253413), 'street_count': np.int64(3), 'lon': np.float64(133.5992315), 'lat': np.float64(33.5297224)}"
250,1442210968,"{'y': np.float64(3707826.9262586506), 'x': np.float64(366904.30092134647), 'street_count': np.int64(3), 'lon': np.float64(133.5671281), 'lat': np.float64(33.5017046)}"
251,1556711042,"{'y': np.float64(3707795.1929714005), 'x': np.float64(366791.35439593624), 'street_count': np.int64(3), 'lon': np.float64(133.5659172), 'lat': np.float64(33.5014044)}"
252,1442210970,"{'y': np.float64(3707845.7433464495), 'x': np.float64(366908.5559593369), 'street_count': np.int64(4), 'lon': np.float64(133.5671711), 'lat': np.float64(33.5018748)}"
253,1442210977,"{'y': np.float64(3707931.208526375), 'x': np.float64(366934.0694915678), 'street_count': np.int64(3), 'lon': np.float64(133.567433), 'lat': np.float64(33.5026486)}"
254,1556711063,"{'y': np.float64(3707893.029722467), 'x': np.float64(366706.502434724), 'street_count': np.int64(4), 'lon': np.float64(133.5649894), 'lat': np.float64(33.502276)}"
255,1442210975,"{'y': np.float64(3707928.2154730004), 'x': np.float64(366612.99002819543), 'street_count': np.int64(4), 'lon': np.float64(133.5639777), 'lat': np.float64(33.5025816)}"
256,9950854058,"{'y': np.float64(3707865.6255573444), 'x': np.float64(366664.78675734927), 'street_count': np.int64(3), 'lon': np.float64(133.5645445), 'lat': np.float64(33.5020237)}"
257,1556711113,"{'y': np.float64(3707994.9335106798), 'x': np.float64(366960.61118968984), 'street_count': np.int64(3), 'lon': np.float64(133.5677092), 'lat': np.float64(33.5032265)}"
258,1556711092,"{'y': np.float64(3707974.8953212686), 'x': np.float64(366735.6472136589), 'street_count': np.int64(3), 'lon': np.float64(133.5652909), 'lat': np.float64(33.5030178)}"
259,1442210986,"{'y': np.float64(3708476.4044122496), 'x': np.float64(367155.70785024535), 'street_count': np.int64(4), 'lon': np.float64(133.5697376), 'lat': np.float64(33.5075921)}"
260,1556711288,"{'y': np.float64(3708507.7540217014), 'x': np.float64(367109.2595844815), 'street_count': np.int64(3), 'lon': np.float64(133.569233), 'lat': np.float64(33.507869)}"
261,1556711336,"{'y': np.float64(3708587.366072563), 'x': np.float64(367201.4044574585), 'street_count': np.int64(3), 'lon': np.float64(133.570213), 'lat': np.float64(33.5085983)}"
262,1556711178,"{'y': np.float64(3708145.9112388925), 'x': np.float64(367023.7922863947), 'street_count': np.int64(3), 'lon': np.float64(133.5683668), 'lat': np.float64(33.5045957)}"
263,1556711436,"{'y': np.float64(3709053.91225485), 'x': np.float64(367838.1636304861), 'street_count': np.int64(4), 'lon': np.float64(133.576998), 'lat': np.float64(33.512884)}"
264,1556711457,"{'y': np.float64(3709213.313207687), 'x': np.float64(367645.9218731888), 'street_count': np.int64(3), 'lon': np.float64(133.5749051), 'lat': np.float64(33.5142975)}"
265,1556711460,"{'y': np.float64(3709255.3672780464), 'x': np.float64(367611.2538328278), 'street_count': np.int64(4), 'lon': np.float64(133.5745257), 'lat': np.float64(33.5146724)}"
266,1442211012,"{'y': np.float64(3709281.0428607776), 'x': np.float64(367636.178212481), 'street_count': np.int64(4), 'lon': np.float64(133.5747902), 'lat': np.float64(33.514907)}"
267,3233784729,"{'y': np.float64(3709236.656306836), 'x': np.float64(367667.07040649327), 'street_count': np.int64(3), 'lon': np.float64(133.5751293), 'lat': np.float64(33.5145106)}"
268,1556711482,"{'y': np.float64(3709320.967255851), 'x': np.float64(367689.53912188765), 'street_count': np.int64(4), 'lon': np.float64(133.5753587), 'lat': np.float64(33.5152736)}"
269,3233784727,"{'y': np.float64(3709387.5566791333), 'x': np.float64(367531.9429291191), 'street_count': np.int64(3), 'lon': np.float64(133.5736524), 'lat': np.float64(33.5158545)}"
270,1442211069,"{'y': np.float64(3709375.534643234), 'x': np.float64(367844.48867842567), 'street_count': np.int64(3), 'lon': np.float64(133.5770186), 'lat': np.float64(33.5157848)}"
271,1556711507,"{'y': np.float64(3709389.454826063), 'x': np.float64(367871.0438128278), 'street_count': np.int64(3), 'lon': np.float64(133.5773024), 'lat': np.float64(33.5159136)}"
272,1556711497,"{'y': np.float64(3709358.9780754657), 'x': np.float64(367819.3279161287), 'street_count': np.int64(3), 'lon': np.float64(133.5767502), 'lat': np.float64(33.5156324)}"
273,1556711462,"{'y': np.float64(3709266.3450742834), 'x': np.float64(367908.74442955654), 'street_count': np.int64(3), 'lon': np.float64(133.5777264), 'lat': np.float64(33.5148082)}"
274,1442211074,"{'y': np.float64(3709390.162862731), 'x': np.float64(368387.3283363682), 'street_count': np.int64(4), 'lon': np.float64(133.5828599), 'lat': np.float64(33.5159837)}"
275,4211508729,"{'y': np.float64(3709284.5333509455), 'x': np.float64(368192.9922943587), 'street_count': np.int64(3), 'lon': np.float64(133.5807835), 'lat': np.float64(33.5150073)}"
276,1556711576,"{'y': np.float64(3709506.8856168017), 'x': np.float64(368319.37178497284), 'street_count': np.int64(4), 'lon': np.float64(133.5821112), 'lat': np.float64(33.5170278)}"
277,1442211081,"{'y': np.float64(3709439.871638781), 'x': np.float64(367847.5913802666), 'street_count': np.int64(3), 'lon': np.float64(133.5770425), 'lat': np.float64(33.5163653)}"
278,1556711534,"{'y': np.float64(3709437.266757643), 'x': np.float64(367842.6414176965), 'street_count': np.int64(3), 'lon': np.float64(133.5769896), 'lat': np.float64(33.5163412)}"
279,1556711556,"{'y': np.float64(3709481.0426876526), 'x': np.float64(367935.487825232), 'street_count': np.int64(4), 'lon': np.float64(133.5779826), 'lat': np.float64(33.5167474)}"
280,1556711627,"{'y': np.float64(3709548.0323732374), 'x': np.float64(368801.3077428161), 'street_count': np.int64(4), 'lon': np.float64(133.5872931), 'lat': np.float64(33.5174581)}"
281,1556711539,"{'y': np.float64(3709446.068089046), 'x': np.float64(367957.82380281005), 'street_count': np.int64(3), 'lon': np.float64(133.5782282), 'lat': np.float64(33.5164348)}"
282,1442211096,"{'y': np.float64(3709555.3193974453), 'x': np.float64(368067.9065622012), 'street_count': np.int64(4), 'lon': np.float64(133.5793971), 'lat': np.float64(33.5174335)}"
283,1442211102,"{'y': np.float64(3709617.824909813), 'x': np.float64(368242.9308733028), 'street_count': np.int64(3), 'lon': np.float64(133.581272), 'lat': np.float64(33.5180187)}"
284,1556711592,"{'y': np.float64(3709520.1742740264), 'x': np.float64(367995.0223362822), 'street_count': np.int64(3), 'lon': np.float64(133.5786177), 'lat': np.float64(33.5171076)}"
285,1556711837,"{'y': np.float64(3709696.41986323), 'x': np.float64(367996.8148003557), 'street_count': np.int64(3), 'lon': np.float64(133.578611), 'lat': np.float64(33.518697)}"
286,1556711718,"{'y': np.float64(3709627.841776044), 'x': np.float64(368286.5611104565), 'street_count': np.int64(3), 'lon': np.float64(133.5817402), 'lat': np.float64(33.5181144)}"
287,1442211119,"{'y': np.float64(3709720.9872097876), 'x': np.float64(369300.5397411876), 'street_count': np.int64(3), 'lon': np.float64(133.592642), 'lat': np.float64(33.5190788)}"
288,1442211113,"{'y': np.float64(3709697.5273458315), 'x': np.float64(368593.18093439925), 'street_count': np.int64(3), 'lon': np.float64(133.5850307), 'lat': np.float64(33.5187805)}"
289,1556711705,"{'y': np.float64(3709611.120022784), 'x': np.float64(368629.1508721417), 'street_count': np.int64(3), 'lon': np.float64(133.5854306), 'lat': np.float64(33.5180058)}"
290,1556711769,"{'y': np.float64(3709661.848612629), 'x': np.float64(368450.2411505121), 'street_count': np.int64(3), 'lon': np.float64(133.5834972), 'lat': np.float64(33.5184412)}"
291,1556711873,"{'y': np.float64(3709735.836145744), 'x': np.float64(368718.2455547919), 'street_count': np.int64(3), 'lon': np.float64(133.5863714), 'lat': np.float64(33.5191413)}"
292,1556711818,"{'y': np.float64(3709673.1154537005), 'x': np.float64(369159.639509619), 'street_count': np.int64(4), 'lon': np.float64(133.5911322), 'lat': np.float64(33.5186299)}"
293,1442211121,"{'y': np.float64(3709762.4072866547), 'x': np.float64(368798.93223646085), 'street_count': np.int64(3), 'lon': np.float64(133.5872361), 'lat': np.float64(33.5193908)}"
294,10918311933,"{'y': np.float64(3709801.349527629), 'x': np.float64(368910.23700047337), 'street_count': np.int64(3), 'lon': np.float64(133.5884286), 'lat': np.float64(33.5197556)}"
295,10918311930,"{'y': np.float64(3709746.8694018805), 'x': np.float64(368751.73526905116), 'street_count': np.int64(3), 'lon': np.float64(133.5867303), 'lat': np.float64(33.5192449)}"
296,10918311934,"{'y': np.float64(3709806.9905473264), 'x': np.float64(368789.96219890413), 'street_count': np.int64(1), 'lon': np.float64(133.587133), 'lat': np.float64(33.5197917)}"
297,1442211124,"{'y': np.float64(3709822.497361373), 'x': np.float64(368970.663269284), 'street_count': np.int64(3), 'lon': np.float64(133.589076), 'lat': np.float64(33.5199537)}"
298,1442211125,"{'y': np.float64(3709831.7100746133), 'x': np.float64(369001.0807280938), 'street_count': np.int64(3), 'lon': np.float64(133.5894021), 'lat': np.float64(33.5200405)}"
299,9434052628,"{'y': np.float64(3709839.218618381), 'x': np.float64(369004.31329737336), 'street_count': np.int64(3), 'lon': np.float64(133.5894358), 'lat': np.float64(33.5201086)}"
300,1556516419,"{'y': np.float64(3710108.5188768716), 'x': np.float64(370129.2504906564), 'street_count': np.int64(3), 'lon': np.float64(133.6015069), 'lat': np.float64(33.5226742)}"
301,1556711035,"{'y': np.float64(3707771.959317219), 'x': np.float64(366677.38176845247), 'street_count': np.int64(3), 'lon': np.float64(133.564694), 'lat': np.float64(33.5011807)}"
302,1556711054,"{'y': np.float64(3707856.5506800204), 'x': np.float64(366697.87747217796), 'street_count': np.int64(4), 'lon': np.float64(133.564902), 'lat': np.float64(33.501946)}"
303,5379614974,"{'y': np.float64(3707940.258105307), 'x': np.float64(366722.9504751708), 'street_count': np.int64(3), 'lon': np.float64(133.5651594), 'lat': np.float64(33.5027039)}"
304,9950854060,"{'y': np.float64(3708050.0645517446), 'x': np.float64(366783.89431200543), 'street_count': np.int64(3), 'lon': np.float64(133.565799), 'lat': np.float64(33.5037016)}"
305,1556711151,"{'y': np.float64(3708091.557358737), 'x': np.float64(366813.3256617192), 'street_count': np.int64(4), 'lon': np.float64(133.5661096), 'lat': np.float64(33.5040794)}"
306,1556711127,"{'y': np.float64(3707925.287835472), 'x': np.float64(367165.5422312652), 'street_count': np.int64(1), 'lon': np.float64(133.5699252), 'lat': np.float64(33.502624)}"
307,5521726708,"{'y': np.float64(3708028.8442742787), 'x': np.float64(367181.2310261581), 'street_count': np.int64(3), 'lon': np.float64(133.5700787), 'lat': np.float64(33.5035597)}"
308,1556711196,"{'y': np.float64(3708228.1149753244), 'x': np.float64(366913.5751530583), 'street_count': np.int64(4), 'lon': np.float64(133.5671683), 'lat': np.float64(33.5053232)}"
309,5521726728,"{'y': np.float64(3708220.9195536305), 'x': np.float64(367225.4264372358), 'street_count': np.int64(1), 'lon': np.float64(133.5705259), 'lat': np.float64(33.5052971)}"
310,6290704310,"{'y': np.float64(3708133.9751508734), 'x': np.float64(367188.0962485024), 'street_count': np.int64(3), 'lon': np.float64(133.570137), 'lat': np.float64(33.5045085)}"
311,1556711254,"{'y': np.float64(3708373.2130295164), 'x': np.float64(367330.0939136662), 'street_count': np.int64(3), 'lon': np.float64(133.5716299), 'lat': np.float64(33.5066833)}"
312,9950854065,"{'y': np.float64(3708229.7817013063), 'x': np.float64(367497.7613114681), 'street_count': np.int64(1), 'lon': np.float64(133.5734558), 'lat': np.float64(33.5054108)}"
313,1556711303,"{'y': np.float64(3708526.2326894808), 'x': np.float64(367080.15612642246), 'street_count': np.int64(3), 'lon': np.float64(133.568917), 'lat': np.float64(33.508032)}"
314,6286519496,"{'y': np.float64(3708520.971458565), 'x': np.float64(367442.0260432632), 'street_count': np.int64(4), 'lon': np.float64(133.5728128), 'lat': np.float64(33.5080295)}"
315,1556711347,"{'y': np.float64(3708664.9197666217), 'x': np.float64(367245.7758687974), 'street_count': np.int64(3), 'lon': np.float64(133.5706791), 'lat': np.float64(33.5093031)}"
316,1556711370,"{'y': np.float64(3708722.4556243047), 'x': np.float64(366908.9460807587), 'street_count': np.int64(3), 'lon': np.float64(133.567045), 'lat': np.float64(33.50978)}"
317,1556711369,"{'y': np.float64(3708720.168930553), 'x': np.float64(367007.1048130123), 'street_count': np.int64(3), 'lon': np.float64(133.5681019), 'lat': np.float64(33.5097716)}"
318,6286519690,"{'y': np.float64(3708670.25215836), 'x': np.float64(367249.147428672), 'street_count': np.int64(3), 'lon': np.float64(133.5707146), 'lat': np.float64(33.5093516)}"
319,1556711352,"{'y': np.float64(3708715.09715077), 'x': np.float64(368844.3143945701), 'street_count': np.int64(1), 'lon': np.float64(133.5878781), 'lat': np.float64(33.5099529)}"
320,5297704833,"{'y': np.float64(3709146.652574863), 'x': np.float64(369124.1929959537), 'street_count': np.int64(3), 'lon': np.float64(133.5908276), 'lat': np.float64(33.5138785)}"
321,1556711390,"{'y': np.float64(3708780.652687129), 'x': np.float64(367053.1556082999), 'street_count': np.int64(3), 'lon': np.float64(133.5685886), 'lat': np.float64(33.5103227)}"
322,1556711388,"{'y': np.float64(3708785.1675570807), 'x': np.float64(366910.86196651775), 'street_count': np.int64(3), 'lon': np.float64(133.5670563), 'lat': np.float64(33.5103457)}"
323,1556711372,"{'y': np.float64(3708743.430401538), 'x': np.float64(367497.8736339955), 'street_count': np.int64(1), 'lon': np.float64(133.573381), 'lat': np.float64(33.5100423)}"
324,6286519514,"{'y': np.float64(3708877.595537349), 'x': np.float64(367652.4681410895), 'street_count': np.int64(4), 'lon': np.float64(133.5750252), 'lat': np.float64(33.5112712)}"
325,1556711410,"{'y': np.float64(3708844.8287974647), 'x': np.float64(367010.04218411807), 'street_count': np.int64(3), 'lon': np.float64(133.568115), 'lat': np.float64(33.510896)}"
326,1556711391,"{'y': np.float64(3708780.9859191906), 'x': np.float64(367007.3030656437), 'street_count': np.int64(3), 'lon': np.float64(133.568095), 'lat': np.float64(33.51032)}"
327,1556711408,"{'y': np.float64(3708849.145139995), 'x': np.float64(366915.0900312563), 'street_count': np.int64(3), 'lon': np.float64(133.5670923), 'lat': np.float64(33.5109231)}"
328,1556711407,"{'y': np.float64(3708850.098098202), 'x': np.float64(366846.10423508385), 'street_count': np.int64(1), 'lon': np.float64(133.5663496), 'lat': np.float64(33.5109231)}"
329,5379614965,"{'y': np.float64(3708849.445332026), 'x': np.float64(366893.3549085967), 'street_count': np.int64(3), 'lon': np.float64(133.5668583), 'lat': np.float64(33.5109231)}"
330,1556711445,"{'y': np.float64(3709167.535000321), 'x': np.float64(367777.3866228993), 'street_count': np.int64(3), 'lon': np.float64(133.576327), 'lat': np.float64(33.513901)}"
331,1556711466,"{'y': np.float64(3709278.216373412), 'x': np.float64(367714.39690151985), 'street_count': np.int64(3), 'lon': np.float64(133.5756326), 'lat': np.float64(33.5148912)}"
332,1556711472,"{'y': np.float64(3709283.776231023), 'x': np.float64(368191.58846805536), 'street_count': np.int64(3), 'lon': np.float64(133.5807685), 'lat': np.float64(33.5150003)}"
333,1556711473,"{'y': np.float64(3709288.970820276), 'x': np.float64(367947.4772392144), 'street_count': np.int64(3), 'lon': np.float64(133.57814), 'lat': np.float64(33.515017)}"
334,1556711454,"{'y': np.float64(3709180.6940772603), 'x': np.float64(368460.8391616536), 'street_count': np.int64(1), 'lon': np.float64(133.583682), 'lat': np.float64(33.514104)}"
335,8485484685,"{'y': np.float64(3709274.043145605), 'x': np.float64(368694.87829533557), 'street_count': np.int64(3), 'lon': np.float64(133.5861876), 'lat': np.float64(33.5149745)}"
336,1556711456,"{'y': np.float64(3709158.0123725426), 'x': np.float64(368863.7385655005), 'street_count': np.int64(3), 'lon': np.float64(133.5880223), 'lat': np.float64(33.513949)}"
337,5520509982,"{'y': np.float64(3709235.6728900033), 'x': np.float64(368838.83978825423), 'street_count': np.int64(3), 'lon': np.float64(133.5877429), 'lat': np.float64(33.5146462)}"
338,8485484682,"{'y': np.float64(3709205.418934956), 'x': np.float64(369065.49919405364), 'street_count': np.int64(3), 'lon': np.float64(133.5901872), 'lat': np.float64(33.5144012)}"
339,1556711469,"{'y': np.float64(3709281.0184965185), 'x': np.float64(367717.90047711064), 'street_count': np.int64(3), 'lon': np.float64(133.5756699), 'lat': np.float64(33.5149169)}"
340,1556711505,"{'y': np.float64(3709388.484697748), 'x': np.float64(367776.84209697647), 'street_count': np.int64(3), 'lon': np.float64(133.5762885), 'lat': np.float64(33.5158932)}"
341,1556711519,"{'y': np.float64(3709410.6124879974), 'x': np.float64(367904.40525511943), 'street_count': np.int64(3), 'lon': np.float64(133.5776584), 'lat': np.float64(33.5161085)}"
342,1556711486,"{'y': np.float64(3709320.7253070096), 'x': np.float64(368811.89616250154), 'street_count': np.int64(3), 'lon': np.float64(133.5874404), 'lat': np.float64(33.5154098)}"
343,1556711525,"{'y': np.float64(3709412.697307533), 'x': np.float64(369040.96728642384), 'street_count': np.int64(3), 'lon': np.float64(133.5898928), 'lat': np.float64(33.5162672)}"
344,1556711516,"{'y': np.float64(3709399.9730384736), 'x': np.float64(367789.0577936889), 'street_count': np.int64(3), 'lon': np.float64(133.5764183), 'lat': np.float64(33.5159983)}"
345,5297704846,"{'y': np.float64(3709217.6578421905), 'x': np.float64(369101.7656988017), 'street_count': np.int64(3), 'lon': np.float64(133.5905758), 'lat': np.float64(33.514516)}"
346,1556711612,"{'y': np.float64(3709553.9513046117), 'x': np.float64(367759.18680102285), 'street_count': np.int64(3), 'lon': np.float64(133.576074), 'lat': np.float64(33.517383)}"
347,1556711585,"{'y': np.float64(3709505.1884869486), 'x': np.float64(369050.9008940776), 'street_count': np.int64(3), 'lon': np.float64(133.5899862), 'lat': np.float64(33.5171024)}"
348,1556711715,"{'y': np.float64(3709631.376936323), 'x': np.float64(367855.0951564999), 'street_count': np.int64(3), 'lon': np.float64(133.577095), 'lat': np.float64(33.518093)}"
349,1556711596,"{'y': np.float64(3709518.788607484), 'x': np.float64(368356.4790493434), 'street_count': np.int64(3), 'lon': np.float64(133.5825089), 'lat': np.float64(33.5171397)}"
350,1556711726,"{'y': np.float64(3709620.592275755), 'x': np.float64(369011.06649644196), 'street_count': np.int64(4), 'lon': np.float64(133.5895405), 'lat': np.float64(33.5181381)}"
351,1556711782,"{'y': np.float64(3709670.3243664703), 'x': np.float64(367934.4967117467), 'street_count': np.int64(3), 'lon': np.float64(133.577944), 'lat': np.float64(33.518454)}"
352,1556711643,"{'y': np.float64(3709578.73184138), 'x': np.float64(367731.3796471529), 'street_count': np.int64(3), 'lon': np.float64(133.575771), 'lat': np.float64(33.517603)}"
353,1556711708,"{'y': np.float64(3709625.8901248765), 'x': np.float64(367850.8396295236), 'street_count': np.int64(3), 'lon': np.float64(133.57705), 'lat': np.float64(33.518043)}"
354,1556711699,"{'y': np.float64(3709623.041520486), 'x': np.float64(367569.65399856534), 'street_count': np.int64(3), 'lon': np.float64(133.5740235), 'lat': np.float64(33.5179825)}"
355,1556711815,"{'y': np.float64(3709674.1808803845), 'x': np.float64(368755.99348041805), 'street_count': np.int64(3), 'lon': np.float64(133.5867868), 'lat': np.float64(33.51859)}"
356,1556711648,"{'y': np.float64(3709588.6631738995), 'x': np.float64(367694.6365696873), 'street_count': np.int64(3), 'lon': np.float64(133.575374), 'lat': np.float64(33.517688)}"
357,1556711740,"{'y': np.float64(3709649.5309847295), 'x': np.float64(367768.6734715551), 'street_count': np.int64(3), 'lon': np.float64(133.576162), 'lat': np.float64(33.518246)}"
358,1556711952,"{'y': np.float64(3709792.6892682), 'x': np.float64(367665.0187249825), 'street_count': np.int64(3), 'lon': np.float64(133.575025), 'lat': np.float64(33.519524)}"
359,1556711689,"{'y': np.float64(3709605.3226525187), 'x': np.float64(368614.30157765443), 'street_count': np.int64(3), 'lon': np.float64(133.5852716), 'lat': np.float64(33.5179517)}"
360,5524184457,"{'y': np.float64(3709602.628601987), 'x': np.float64(368606.91687200277), 'street_count': np.int64(3), 'lon': np.float64(133.5851925), 'lat': np.float64(33.5179265)}"
361,5505912852,"{'y': np.float64(3709585.4744077036), 'x': np.float64(368622.9952456778), 'street_count': np.int64(3), 'lon': np.float64(133.5853681), 'lat': np.float64(33.5177738)}"
362,5524184443,"{'y': np.float64(3709630.8963076244), 'x': np.float64(368678.6080934793), 'street_count': np.int64(3), 'lon': np.float64(133.5859601), 'lat': np.float64(33.5181902)}"
363,1556711795,"{'y': np.float64(3709674.6597653683), 'x': np.float64(367893.3110584847), 'street_count': np.int64(3), 'lon': np.float64(133.5775), 'lat': np.float64(33.518488)}"
364,1556711879,"{'y': np.float64(3709760.957981776), 'x': np.float64(367795.1912499004), 'street_count': np.int64(4), 'lon': np.float64(133.576431), 'lat': np.float64(33.519254)}"
365,1556711743,"{'y': np.float64(3709644.6420671446), 'x': np.float64(368214.50035033823), 'street_count': np.int64(1), 'lon': np.float64(133.580962), 'lat': np.float64(33.518257)}"
366,1556711853,"{'y': np.float64(3709715.8399656247), 'x': np.float64(368012.12970470847), 'street_count': np.int64(3), 'lon': np.float64(133.578773), 'lat': np.float64(33.518874)}"
367,5505912874,"{'y': np.float64(3709677.8000719096), 'x': np.float64(367953.8561770191), 'street_count': np.int64(3), 'lon': np.float64(133.5781513), 'lat': np.float64(33.5185238)}"
368,1556711869,"{'y': np.float64(3709742.546580086), 'x': np.float64(367868.0459499748), 'street_count': np.int64(3), 'lon': np.float64(133.577218), 'lat': np.float64(33.519097)}"
369,1556711796,"{'y': np.float64(3709670.760939325), 'x': np.float64(368746.52744887234), 'street_count': np.int64(3), 'lon': np.float64(133.5866854), 'lat': np.float64(33.518558)}"
370,1556711997,"{'y': np.float64(3709820.72854212), 'x': np.float64(368005.9495327123), 'street_count': np.int64(1), 'lon': np.float64(133.578691), 'lat': np.float64(33.519819)}"
371,1556711923,"{'y': np.float64(3709778.5651805215), 'x': np.float64(367873.91849329276), 'street_count': np.int64(3), 'lon': np.float64(133.5772759), 'lat': np.float64(33.5194225)}"
372,1556711966,"{'y': np.float64(3709798.651898553), 'x': np.float64(367805.86176137987), 'street_count': np.int64(3), 'lon': np.float64(133.5765403), 'lat': np.float64(33.5195952)}"
373,5966862535,"{'y': np.float64(3709770.9394493783), 'x': np.float64(367755.58839487133), 'street_count': np.int64(3), 'lon': np.float64(133.5760032), 'lat': np.float64(33.5193391)}"
374,3233784723,"{'y': np.float64(3709813.5227201823), 'x': np.float64(367890.84929548006), 'street_count': np.int64(3), 'lon': np.float64(133.577453), 'lat': np.float64(33.5197398)}"
375,1556712001,"{'y': np.float64(3709831.094182436), 'x': np.float64(367813.72908715624), 'street_count': np.int64(3), 'lon': np.float64(133.5766202), 'lat': np.float64(33.5198887)}"
376,3233784720,"{'y': np.float64(3709859.410255574), 'x': np.float64(367832.14808589336), 'street_count': np.int64(3), 'lon': np.float64(133.5768143), 'lat': np.float64(33.5201463)}"
377,1556712198,"{'y': np.float64(3710029.3912813948), 'x': np.float64(369801.3510207186), 'street_count': np.int64(3), 'lon': np.float64(133.5979884), 'lat': np.float64(33.5219208)}"
378,1556712035,"{'y': np.float64(3709889.957658758), 'x': np.float64(367851.21996722394), 'street_count': np.int64(3), 'lon': np.float64(133.5770151), 'lat': np.float64(33.5204241)}"
379,5505912868,"{'y': np.float64(3709912.978786079), 'x': np.float64(367863.5281384908), 'street_count': np.int64(1), 'lon': np.float64(133.5771442), 'lat': np.float64(33.5206332)}"
380,3233784721,"{'y': np.float64(3709847.015625745), 'x': np.float64(367896.510594006), 'street_count': np.int64(3), 'lon': np.float64(133.577509), 'lat': np.float64(33.5200425)}"
381,1556712165,"{'y': np.float64(3710022.022414006), 'x': np.float64(367448.3885760966), 'street_count': np.int64(1), 'lon': np.float64(133.572659), 'lat': np.float64(33.521565)}"
382,5355914582,"{'y': np.float64(3710015.538924577), 'x': np.float64(369920.42520231276), 'street_count': np.int64(4), 'lon': np.float64(133.5992723), 'lat': np.float64(33.5218104)}"
383,5555349926,"{'y': np.float64(3710062.2030201997), 'x': np.float64(367479.0102517691), 'street_count': np.int64(3), 'lon': np.float64(133.5729827), 'lat': np.float64(33.5219311)}"
384,1556712200,"{'y': np.float64(3710141.7757894136), 'x': np.float64(367337.26783995546), 'street_count': np.int64(3), 'lon': np.float64(133.571445), 'lat': np.float64(33.522631)}"
385,1556712242,"{'y': np.float64(3710169.63678814), 'x': np.float64(367311.3637156259), 'street_count': np.int64(3), 'lon': np.float64(133.571162), 'lat': np.float64(33.522879)}"
386,6637767632,"{'y': np.float64(3710149.924910486), 'x': np.float64(367168.44079098286), 'street_count': np.int64(1), 'lon': np.float64(133.5696263), 'lat': np.float64(33.5226835)}"
387,1556712373,"{'y': np.float64(3710263.9050088394), 'x': np.float64(367367.7454757064), 'street_count': np.int64(3), 'lon': np.float64(133.571755), 'lat': np.float64(33.523736)}"
388,1556712288,"{'y': np.float64(3710212.9393038373), 'x': np.float64(367251.3962664384), 'street_count': np.int64(3), 'lon': np.float64(133.57051), 'lat': np.float64(33.523262)}"
389,1556712243,"{'y': np.float64(3710170.5113106105), 'x': np.float64(367649.2438475541), 'street_count': np.int64(3), 'lon': np.float64(133.5747993), 'lat': np.float64(33.5229288)}"
390,1556712498,"{'y': np.float64(3710301.181755788), 'x': np.float64(367990.02607752), 'street_count': np.int64(4), 'lon': np.float64(133.5784487), 'lat': np.float64(33.5241492)}"
391,6637767608,"{'y': np.float64(3710158.3649374214), 'x': np.float64(367613.9088614867), 'street_count': np.int64(3), 'lon': np.float64(133.5744207), 'lat': np.float64(33.5228149)}"
392,1556712411,"{'y': np.float64(3710275.7466237983), 'x': np.float64(367224.67385780194), 'street_count': np.int64(3), 'lon': np.float64(133.570213), 'lat': np.float64(33.523825)}"
393,5555349924,"{'y': np.float64(3710240.953703605), 'x': np.float64(367421.2958707515), 'street_count': np.int64(4), 'lon': np.float64(133.5723349), 'lat': np.float64(33.5235357)}"
394,1556712599,"{'y': np.float64(3710345.959093148), 'x': np.float64(367384.93573185045), 'street_count': np.int64(4), 'lon': np.float64(133.5719279), 'lat': np.float64(33.524478)}"
395,1556712313,"{'y': np.float64(3710248.724596419), 'x': np.float64(366763.2823401524), 'street_count': np.int64(1), 'lon': np.float64(133.5652499), 'lat': np.float64(33.5235239)}"
396,1556712318,"{'y': np.float64(3710241.0071180165), 'x': np.float64(366953.32964156615), 'street_count': np.int64(3), 'lon': np.float64(133.567297), 'lat': np.float64(33.523478)}"
397,1556713193,"{'y': np.float64(3710585.6170205404), 'x': np.float64(366966.3846090762), 'street_count': np.int64(3), 'lon': np.float64(133.5673863), 'lat': np.float64(33.5265869)}"
398,4211509243,"{'y': np.float64(3709989.443467057), 'x': np.float64(366943.6683378148), 'street_count': np.int64(3), 'lon': np.float64(133.5672304), 'lat': np.float64(33.5212085)}"
399,4903576244,"{'y': np.float64(3710229.2871033326), 'x': np.float64(367563.9524814863), 'street_count': np.int64(3), 'lon': np.float64(133.5738724), 'lat': np.float64(33.5234482)}"
400,1556712603,"{'y': np.float64(3710349.3705970296), 'x': np.float64(367535.96300894866), 'street_count': np.int64(3), 'lon': np.float64(133.5735533), 'lat': np.float64(33.5245275)}"
401,1556712570,"{'y': np.float64(3710331.587889307), 'x': np.float64(367349.3567016813), 'street_count': np.int64(4), 'lon': np.float64(133.571547), 'lat': np.float64(33.524344)}"
402,1556712403,"{'y': np.float64(3710270.280180635), 'x': np.float64(367451.6654787143), 'street_count': np.int64(3), 'lon': np.float64(133.5726575), 'lat': np.float64(33.5238039)}"
403,4903576243,"{'y': np.float64(3710293.3678278346), 'x': np.float64(367444.5985479573), 'street_count': np.int64(3), 'lon': np.float64(133.572578), 'lat': np.float64(33.5240112)}"
404,1556712577,"{'y': np.float64(3710340.5866227215), 'x': np.float64(367519.0573173625), 'street_count': np.int64(3), 'lon': np.float64(133.5733726), 'lat': np.float64(33.5244462)}"
405,1556712753,"{'y': np.float64(3710403.7931300197), 'x': np.float64(367324.7141448511), 'street_count': np.int64(3), 'lon': np.float64(133.571271), 'lat': np.float64(33.524992)}"
406,1556712472,"{'y': np.float64(3710289.5039157234), 'x': np.float64(367909.91698832565), 'street_count': np.int64(1), 'lon': np.float64(133.577588), 'lat': np.float64(33.524034)}"
407,1556712522,"{'y': np.float64(3710307.289462981), 'x': np.float64(367902.88774654985), 'street_count': np.int64(3), 'lon': np.float64(133.5775097), 'lat': np.float64(33.5241935)}"
408,6075494724,"{'y': np.float64(3710336.8115537143), 'x': np.float64(368101.19031534716), 'street_count': np.int64(3), 'lon': np.float64(133.5796402), 'lat': np.float64(33.5244842)}"
409,6075494725,"{'y': np.float64(3710282.3285803865), 'x': np.float64(368020.7459764435), 'street_count': np.int64(3), 'lon': np.float64(133.5787822), 'lat': np.float64(33.523983)}"
410,4903633593,"{'y': np.float64(3710332.1832990004), 'x': np.float64(367965.46410926606), 'street_count': np.int64(4), 'lon': np.float64(133.5781797), 'lat': np.float64(33.5244257)}"
411,6075494717,"{'y': np.float64(3710337.585632259), 'x': np.float64(367891.76656360494), 'street_count': np.int64(3), 'lon': np.float64(133.5773855), 'lat': np.float64(33.5244653)}"
412,6637767604,"{'y': np.float64(3710367.2817118554), 'x': np.float64(367497.25215873343), 'street_count': np.int64(1), 'lon': np.float64(133.5731339), 'lat': np.float64(33.5246842)}"
413,5555349923,"{'y': np.float64(3710347.541506499), 'x': np.float64(367388.4129586419), 'street_count': np.int64(4), 'lon': np.float64(133.5719651), 'lat': np.float64(33.5244927)}"
414,1556712800,"{'y': np.float64(3710424.1572314673), 'x': np.float64(367372.0700148514), 'street_count': np.int64(3), 'lon': np.float64(133.5717778), 'lat': np.float64(33.5251815)}"
415,6075494667,"{'y': np.float64(3710405.0930989245), 'x': np.float64(367606.62719726074), 'street_count': np.int64(3), 'lon': np.float64(133.5743058), 'lat': np.float64(33.5250387)}"
416,1556712643,"{'y': np.float64(3710363.13988378), 'x': np.float64(367422.67116921034), 'street_count': np.int64(3), 'lon': np.float64(133.5723316), 'lat': np.float64(33.5246376)}"
417,4903576239,"{'y': np.float64(3710330.3365625064), 'x': np.float64(367432.9946850055), 'street_count': np.int64(3), 'lon': np.float64(133.5724476), 'lat': np.float64(33.5243431)}"
418,1556712746,"{'y': np.float64(3710402.807566077), 'x': np.float64(367459.12752765825), 'street_count': np.int64(3), 'lon': np.float64(133.5727182), 'lat': np.float64(33.5249998)}"
419,4903596957,"{'y': np.float64(3710374.4082930344), 'x': np.float64(367827.7147227499), 'street_count': np.int64(3), 'lon': np.float64(133.5766905), 'lat': np.float64(33.5247894)}"
420,4903596959,"{'y': np.float64(3710401.3322927817), 'x': np.float64(367775.4449059465), 'street_count': np.int64(3), 'lon': np.float64(133.5761238), 'lat': np.float64(33.5250257)}"
421,6637767593,"{'y': np.float64(3710415.1668936126), 'x': np.float64(367457.1797718919), 'street_count': np.int64(3), 'lon': np.float64(133.5726954), 'lat': np.float64(33.525111)}"
422,6637767594,"{'y': np.float64(3710430.6537485807), 'x': np.float64(367514.0727201308), 'street_count': np.int64(3), 'lon': np.float64(133.5733056), 'lat': np.float64(33.5252577)}"
423,1556713003,"{'y': np.float64(3710496.828583603), 'x': np.float64(367761.9312349445), 'street_count': np.int64(3), 'lon': np.float64(133.5759642), 'lat': np.float64(33.5258851)}"
424,3233784689,"{'y': np.float64(3710504.095971203), 'x': np.float64(367360.0552057488), 'street_count': np.int64(3), 'lon': np.float64(133.5716366), 'lat': np.float64(33.5259008)}"
425,1556712806,"{'y': np.float64(3710427.6708502807), 'x': np.float64(367921.0169212937), 'street_count': np.int64(3), 'lon': np.float64(133.5776871), 'lat': np.float64(33.5252812)}"
426,4903628065,"{'y': np.float64(3710477.4001118033), 'x': np.float64(367927.48571174196), 'street_count': np.int64(3), 'lon': np.float64(133.5777494), 'lat': np.float64(33.5257304)}"
427,1556712822,"{'y': np.float64(3710429.058393377), 'x': np.float64(367930.6311824285), 'street_count': np.int64(3), 'lon': np.float64(133.5777904), 'lat': np.float64(33.5252949)}"
428,6075494711,"{'y': np.float64(3710399.270166123), 'x': np.float64(367891.77664233546), 'street_count': np.int64(1), 'lon': np.float64(133.5773765), 'lat': np.float64(33.5250215)}"
429,1556712813,"{'y': np.float64(3710439.8214252875), 'x': np.float64(367599.8593713403), 'street_count': np.int64(3), 'lon': np.float64(133.5742278), 'lat': np.float64(33.525351)}"
430,1556712922,"{'y': np.float64(3710470.1221124576), 'x': np.float64(367646.5335512436), 'street_count': np.int64(3), 'lon': np.float64(133.5747258), 'lat': np.float64(33.52563)}"
431,6637767599,"{'y': np.float64(3710420.61901135), 'x': np.float64(367601.02586739836), 'street_count': np.int64(3), 'lon': np.float64(133.5742432), 'lat': np.float64(33.525178)}"
432,6637767596,"{'y': np.float64(3710448.959911857), 'x': np.float64(367586.14482369076), 'street_count': np.int64(3), 'lon': np.float64(133.5740788), 'lat': np.float64(33.5254317)}"
433,6075494712,"{'y': np.float64(3710411.5691799335), 'x': np.float64(367937.07924587594), 'street_count': np.int64(3), 'lon': np.float64(133.5778624), 'lat': np.float64(33.525138)}"
434,4903633589,"{'y': np.float64(3710430.1469884906), 'x': np.float64(368048.6404833733), 'street_count': np.int64(3), 'lon': np.float64(133.5790607), 'lat': np.float64(33.5253193)}"
435,1556712823,"{'y': np.float64(3710410.221505776), 'x': np.float64(368827.7912095429), 'street_count': np.int64(3), 'lon': np.float64(133.5874518), 'lat': np.float64(33.5252356)}"
436,4211509392,"{'y': np.float64(3710411.5631866567), 'x': np.float64(368822.92364049074), 'street_count': np.int64(4), 'lon': np.float64(133.5873992), 'lat': np.float64(33.5252471)}"
437,5453780762,"{'y': np.float64(3710431.8312479425), 'x': np.float64(368814.3383090263), 'street_count': np.int64(3), 'lon': np.float64(133.5873038), 'lat': np.float64(33.5254288)}"
438,1556712861,"{'y': np.float64(3710456.468531858), 'x': np.float64(367450.66085882066), 'street_count': np.int64(3), 'lon': np.float64(133.5726191), 'lat': np.float64(33.5254826)}"
439,1556712979,"{'y': np.float64(3710487.559466583), 'x': np.float64(367542.22921134304), 'street_count': np.int64(3), 'lon': np.float64(133.5736003), 'lat': np.float64(33.5257743)}"
440,1556713000,"{'y': np.float64(3710497.2198485094), 'x': np.float64(367519.6048457023), 'street_count': np.int64(3), 'lon': np.float64(133.5733553), 'lat': np.float64(33.5258586)}"
441,1556712919,"{'y': np.float64(3710472.2813675483), 'x': np.float64(367670.992450961), 'street_count': np.int64(3), 'lon': np.float64(133.5749888), 'lat': np.float64(33.5256525)}"
442,4903596966,"{'y': np.float64(3710438.9104966708), 'x': np.float64(367666.94851300644), 'street_count': np.int64(4), 'lon': np.float64(133.5749502), 'lat': np.float64(33.5253511)}"
443,1556713008,"{'y': np.float64(3710509.5700973906), 'x': np.float64(367675.6289371145), 'street_count': np.int64(3), 'lon': np.float64(133.5750332), 'lat': np.float64(33.5259893)}"
444,4903596972,"{'y': np.float64(3710434.211511083), 'x': np.float64(367700.6112739039), 'street_count': np.int64(3), 'lon': np.float64(133.5753133), 'lat': np.float64(33.5253129)}"
445,1556712981,"{'y': np.float64(3710491.7491979846), 'x': np.float64(367606.1278311039), 'street_count': np.int64(3), 'lon': np.float64(133.5742876), 'lat': np.float64(33.52582)}"
446,1556713399,"{'y': np.float64(3710681.8480717), 'x': np.float64(367565.91185120784), 'street_count': np.int64(3), 'lon': np.float64(133.5738265), 'lat': np.float64(33.5275291)}"
447,1556712944,"{'y': np.float64(3710470.4877776704), 'x': np.float64(367557.00494590425), 'street_count': np.int64(3), 'lon': np.float64(133.5737619), 'lat': np.float64(33.5256222)}"
448,1556712950,"{'y': np.float64(3710481.872219711), 'x': np.float64(367563.8493433024), 'street_count': np.int64(3), 'lon': np.float64(133.5738339), 'lat': np.float64(33.5257257)}"
449,1556713030,"{'y': np.float64(3710510.5271715187), 'x': np.float64(367574.52590088866), 'street_count': np.int64(3), 'lon': np.float64(133.5739446), 'lat': np.float64(33.5259854)}"
450,1556712956,"{'y': np.float64(3710467.218361507), 'x': np.float64(368809.60938867496), 'street_count': np.int64(4), 'lon': np.float64(133.5872477), 'lat': np.float64(33.5257473)}"
451,5453780787,"{'y': np.float64(3710471.650057108), 'x': np.float64(368790.39587644034), 'street_count': np.int64(1), 'lon': np.float64(133.5870402), 'lat': np.float64(33.5257849)}"
452,5463521552,"{'y': np.float64(3710486.6515032584), 'x': np.float64(368813.4687810814), 'street_count': np.int64(3), 'lon': np.float64(133.5872864), 'lat': np.float64(33.525923)}"
453,5453780733,"{'y': np.float64(3710438.2879513907), 'x': np.float64(368916.8149768061), 'street_count': np.int64(4), 'lon': np.float64(133.5884061), 'lat': np.float64(33.5254996)}"
454,1556712958,"{'y': np.float64(3710517.906595307), 'x': np.float64(367908.5629355727), 'street_count': np.int64(3), 'lon': np.float64(133.5775397), 'lat': np.float64(33.5260933)}"
455,1556713078,"{'y': np.float64(3710529.315438563), 'x': np.float64(367831.1873583401), 'street_count': np.int64(3), 'lon': np.float64(133.576705), 'lat': np.float64(33.5261866)}"
456,6075494700,"{'y': np.float64(3710541.719938225), 'x': np.float64(367911.6296730215), 'street_count': np.int64(3), 'lon': np.float64(133.5775692), 'lat': np.float64(33.5263084)}"
457,1556713241,"{'y': np.float64(3710597.3178012166), 'x': np.float64(367572.31034998165), 'street_count': np.int64(3), 'lon': np.float64(133.5739079), 'lat': np.float64(33.5267677)}"
458,6075494674,"{'y': np.float64(3710519.9547217265), 'x': np.float64(367514.79952944315), 'street_count': np.int64(3), 'lon': np.float64(133.5733002), 'lat': np.float64(33.526063)}"
459,6637767587,"{'y': np.float64(3710500.2649836494), 'x': np.float64(367738.6267575433), 'street_count': np.int64(3), 'lon': np.float64(133.5757128), 'lat': np.float64(33.5259132)}"
460,1556713115,"{'y': np.float64(3710564.6472261455), 'x': np.float64(367770.7484088444), 'street_count': np.int64(3), 'lon': np.float64(133.5760491), 'lat': np.float64(33.5264977)}"
461,1556713188,"{'y': np.float64(3710574.891772469), 'x': np.float64(367684.56102891837), 'street_count': np.int64(4), 'lon': np.float64(133.5751197), 'lat': np.float64(33.5265794)}"
462,6075494672,"{'y': np.float64(3710531.9806335536), 'x': np.float64(367583.8680012651), 'street_count': np.int64(3), 'lon': np.float64(133.574042), 'lat': np.float64(33.52618)}"
463,6075494701,"{'y': np.float64(3710512.4012009804), 'x': np.float64(367828.86530126777), 'street_count': np.int64(3), 'lon': np.float64(133.5766825), 'lat': np.float64(33.5260338)}"
464,6075494699,"{'y': np.float64(3710551.919501827), 'x': np.float64(367834.28413454205), 'street_count': np.int64(3), 'lon': np.float64(133.576735), 'lat': np.float64(33.5263908)}"
465,1556713105,"{'y': np.float64(3710547.6871026848), 'x': np.float64(367912.39886735065), 'street_count': np.int64(3), 'lon': np.float64(133.5775766), 'lat': np.float64(33.5263623)}"
466,4903596978,"{'y': np.float64(3710554.234756323), 'x': np.float64(367868.42360782647), 'street_count': np.int64(3), 'lon': np.float64(133.5771022), 'lat': np.float64(33.5264159)}"
467,6075494698,"{'y': np.float64(3710571.620373077), 'x': np.float64(367914.80774643517), 'street_count': np.int64(3), 'lon': np.float64(133.577599), 'lat': np.float64(33.5265784)}"
468,10611387353,"{'y': np.float64(3710744.3635768085), 'x': np.float64(369370.2667869674), 'street_count': np.int64(1), 'lon': np.float64(133.5932432), 'lat': np.float64(33.528315)}"
469,1556713110,"{'y': np.float64(3710553.389760493), 'x': np.float64(367507.7263971616), 'street_count': np.int64(3), 'lon': np.float64(133.5732191), 'lat': np.float64(33.5263636)}"
470,1556713195,"{'y': np.float64(3710568.6139629586), 'x': np.float64(367578.90068645554), 'street_count': np.int64(3), 'lon': np.float64(133.5739831), 'lat': np.float64(33.5265097)}"
471,6637767589,"{'y': np.float64(3710588.117694345), 'x': np.float64(367500.188101692), 'street_count': np.int64(3), 'lon': np.float64(133.5731328), 'lat': np.float64(33.5266758)}"
472,6637762081,"{'y': np.float64(3710570.220008746), 'x': np.float64(367727.5494259159), 'street_count': np.int64(3), 'lon': np.float64(133.5755832), 'lat': np.float64(33.5265426)}"
473,6637762082,"{'y': np.float64(3710571.154932523), 'x': np.float64(367794.3471457476), 'street_count': np.int64(3), 'lon': np.float64(133.5763022), 'lat': np.float64(33.5265593)}"
474,1556713165,"{'y': np.float64(3710563.896772917), 'x': np.float64(367835.9253817266), 'street_count': np.int64(3), 'lon': np.float64(133.5767509), 'lat': np.float64(33.526499)}"
475,4903596979,"{'y': np.float64(3710558.273477547), 'x': np.float64(367835.15157066955), 'street_count': np.int64(3), 'lon': np.float64(133.5767434), 'lat': np.float64(33.5264482)}"
476,6075494687,"{'y': np.float64(3710604.0550127574), 'x': np.float64(367840.7770611774), 'street_count': np.int64(3), 'lon': np.float64(133.5767972), 'lat': np.float64(33.5268617)}"
477,6075494685,"{'y': np.float64(3710606.1580459108), 'x': np.float64(367688.41805737535), 'street_count': np.int64(3), 'lon': np.float64(133.5751566), 'lat': np.float64(33.5268618)}"
478,6075494682,"{'y': np.float64(3710574.1556401784), 'x': np.float64(367666.2988549001), 'street_count': np.int64(1), 'lon': np.float64(133.5749232), 'lat': np.float64(33.5265705)}"
479,1556713210,"{'y': np.float64(3710580.891485989), 'x': np.float64(367084.53548706044), 'street_count': np.int64(3), 'lon': np.float64(133.568659), 'lat': np.float64(33.526559)}"
480,1556713369,"{'y': np.float64(3710666.5809888067), 'x': np.float64(367086.5912067408), 'street_count': np.int64(4), 'lon': np.float64(133.5686684), 'lat': np.float64(33.5273319)}"
481,1556713383,"{'y': np.float64(3710664.0899346657), 'x': np.float64(367235.832682563), 'street_count': np.int64(3), 'lon': np.float64(133.5702755), 'lat': np.float64(33.527328)}"
482,6637767590,"{'y': np.float64(3710602.823493458), 'x': np.float64(367571.15067650226), 'street_count': np.int64(3), 'lon': np.float64(133.5738946), 'lat': np.float64(33.5268172)}"
483,1556713265,"{'y': np.float64(3710598.1867976286), 'x': np.float64(367700.3279381615), 'street_count': np.int64(1), 'lon': np.float64(133.575286), 'lat': np.float64(33.5267914)}"
484,6637762077,"{'y': np.float64(3710596.860398279), 'x': np.float64(367711.30736878177), 'street_count': np.int64(3), 'lon': np.float64(133.5754044), 'lat': np.float64(33.5267808)}"
485,3233784672,"{'y': np.float64(3710640.9345943187), 'x': np.float64(367377.39587990067), 'street_count': np.int64(4), 'lon': np.float64(133.571803), 'lat': np.float64(33.5271368)}"
486,3233784686,"{'y': np.float64(3710597.6131552444), 'x': np.float64(367338.9112145704), 'street_count': np.int64(3), 'lon': np.float64(133.5713951), 'lat': np.float64(33.5267414)}"
487,1556713349,"{'y': np.float64(3710647.9910646), 'x': np.float64(367694.0642989236), 'street_count': np.int64(3), 'lon': np.float64(133.5752112), 'lat': np.float64(33.5272397)}"
488,6637762075,"{'y': np.float64(3710677.4679280464), 'x': np.float64(367697.3951209298), 'street_count': np.int64(3), 'lon': np.float64(133.5752427), 'lat': np.float64(33.5275059)}"
489,3233784679,"{'y': np.float64(3710698.7482918273), 'x': np.float64(367519.2560658481), 'street_count': np.int64(3), 'lon': np.float64(133.5733217), 'lat': np.float64(33.5276757)}"
490,1556713419,"{'y': np.float64(3710710.7070834734), 'x': np.float64(367778.0574770474), 'street_count': np.int64(3), 'lon': np.float64(133.5761062), 'lat': np.float64(33.5278156)}"
491,6637762073,"{'y': np.float64(3710666.6973805693), 'x': np.float64(367776.66372992366), 'street_count': np.int64(3), 'lon': np.float64(133.5760977), 'lat': np.float64(33.5274186)}"
492,6075494656,"{'y': np.float64(3710779.2151629846), 'x': np.float64(367827.9478026586), 'street_count': np.int64(3), 'lon': np.float64(133.5766332), 'lat': np.float64(33.5284395)}"
493,1556713551,"{'y': np.float64(3710762.402160886), 'x': np.float64(367296.4945600945), 'street_count': np.int64(3), 'lon': np.float64(133.570914), 'lat': np.float64(33.528222)}"
494,1556713646,"{'y': np.float64(3710836.280538187), 'x': np.float64(367327.5139555594), 'street_count': np.int64(3), 'lon': np.float64(133.571237), 'lat': np.float64(33.528892)}"
495,1556713558,"{'y': np.float64(3710767.1377407224), 'x': np.float64(367355.2625942083), 'street_count': np.int64(3), 'lon': np.float64(133.571546), 'lat': np.float64(33.528272)}"
496,1556713648,"{'y': np.float64(3710835.8596656695), 'x': np.float64(367358.06681980984), 'street_count': np.int64(3), 'lon': np.float64(133.571566), 'lat': np.float64(33.528892)}"
497,3233784669,"{'y': np.float64(3710767.203943906), 'x': np.float64(367359.313253956), 'street_count': np.int64(3), 'lon': np.float64(133.5715896), 'lat': np.float64(33.5282731)}"
498,1556713574,"{'y': np.float64(3710754.960082654), 'x': np.float64(369627.67794974236), 'street_count': np.int64(1), 'lon': np.float64(133.596013), 'lat': np.float64(33.528442)}"
499,1556713606,"{'y': np.float64(3710802.1898066425), 'x': np.float64(367073.28554013977), 'street_count': np.int64(3), 'lon': np.float64(133.568505), 'lat': np.float64(33.528553)}"
500,3233784665,"{'y': np.float64(3710798.7755406364), 'x': np.float64(367112.54691005434), 'street_count': np.int64(3), 'lon': np.float64(133.5689282), 'lat': np.float64(33.5285271)}"
501,5555349903,"{'y': np.float64(3710869.2160741044), 'x': np.float64(366931.45830055507), 'street_count': np.int64(4), 'lon': np.float64(133.5669681), 'lat': np.float64(33.5291397)}"
502,3233784663,"{'y': np.float64(3710862.9007327342), 'x': np.float64(366967.13115784), 'street_count': np.int64(3), 'lon': np.float64(133.5673531), 'lat': np.float64(33.5290872)}"
503,3233784667,"{'y': np.float64(3710870.9413570003), 'x': np.float64(367296.689850783), 'street_count': np.int64(3), 'lon': np.float64(133.5709), 'lat': np.float64(33.5292007)}"
504,3233784668,"{'y': np.float64(3710866.8603613917), 'x': np.float64(367359.4597985984), 'street_count': np.int64(3), 'lon': np.float64(133.5715764), 'lat': np.float64(33.5291717)}"
505,10635489667,"{'y': np.float64(3711120.6707895305), 'x': np.float64(368846.3377222655), 'street_count': np.int64(3), 'lon': np.float64(133.5875473), 'lat': np.float64(33.5316439)}"
506,12464144382,"{'y': np.float64(3710762.8308521872), 'x': np.float64(369397.9270636061), 'street_count': np.int64(1), 'lon': np.float64(133.5935383), 'lat': np.float64(33.5284849)}"
507,1556713893,"{'y': np.float64(3711122.569921457), 'x': np.float64(368846.1406776616), 'street_count': np.int64(3), 'lon': np.float64(133.5875449), 'lat': np.float64(33.531661)}"
508,12464144366,"{'y': np.float64(3711250.768565384), 'x': np.float64(369084.52281803126), 'street_count': np.int64(3), 'lon': np.float64(133.5900927), 'lat': np.float64(33.5328462)}"
509,12464144306,"{'y': np.float64(3711344.186073274), 'x': np.float64(368985.59659473517), 'street_count': np.int64(3), 'lon': np.float64(133.5890139), 'lat': np.float64(33.5336764)}"
510,1556713932,"{'y': np.float64(3711190.2661460303), 'x': np.float64(368322.768075376), 'street_count': np.int64(1), 'lon': np.float64(133.5819), 'lat': np.float64(33.532207)}"
511,1556713951,"{'y': np.float64(3711181.1035969113), 'x': np.float64(369590.90870332345), 'street_count': np.int64(1), 'lon': np.float64(133.595555), 'lat': np.float64(33.53228)}"
512,1556713989,"{'y': np.float64(3711237.3024264486), 'x': np.float64(369828.27722324745), 'street_count': np.int64(3), 'lon': np.float64(133.5981025), 'lat': np.float64(33.5328157)}"
513,1556713987,"{'y': np.float64(3711236.5036327587), 'x': np.float64(369816.8145405963), 'street_count': np.int64(3), 'lon': np.float64(133.5979792), 'lat': np.float64(33.5328071)}"
514,10918311956,"{'y': np.float64(3711225.88618801), 'x': np.float64(369742.4890604171), 'street_count': np.int64(1), 'lon': np.float64(133.5971805), 'lat': np.float64(33.5327023)}"
515,10918311935,"{'y': np.float64(3711397.086352966), 'x': np.float64(369734.3471694002), 'street_count': np.int64(1), 'lon': np.float64(133.5970679), 'lat': np.float64(33.534245)}"
516,10918311951,"{'y': np.float64(3711267.976827482), 'x': np.float64(369838.2211865261), 'street_count': np.int64(3), 'lon': np.float64(133.5982051), 'lat': np.float64(33.5330935)}"
517,1609828287,"{'y': np.float64(3710535.743684951), 'x': np.float64(368741.370924948), 'street_count': np.int64(4), 'lon': np.float64(133.586503), 'lat': np.float64(33.5263568)}"
518,1924070836,"{'y': np.float64(3710444.830565678), 'x': np.float64(368801.20474495424), 'street_count': np.int64(3), 'lon': np.float64(133.5871605), 'lat': np.float64(33.5255444)}"
519,1924070833,"{'y': np.float64(3710441.5744227), 'x': np.float64(368795.99590333516), 'highway': 'crossing', 'street_count': np.int64(4), 'lon': np.float64(133.5871049), 'lat': np.float64(33.5255144)}"
520,4211509229,"{'y': np.float64(3709781.0628262614), 'x': np.float64(369029.46742148395), 'street_count': np.int64(4), 'lon': np.float64(133.5897151), 'lat': np.float64(33.5195873)}"
521,4211509209,"{'y': np.float64(3709647.6028167102), 'x': np.float64(369087.3466827549), 'street_count': np.int64(4), 'lon': np.float64(133.5903577), 'lat': np.float64(33.518391)}"
522,1924070665,"{'y': np.float64(3709773.0656017256), 'x': np.float64(369023.0234113547), 'street_count': np.int64(3), 'lon': np.float64(133.5896469), 'lat': np.float64(33.5195144)}"
523,4211509226,"{'y': np.float64(3709778.99857754), 'x': np.float64(369023.0483397032), 'street_count': np.int64(3), 'lon': np.float64(133.5896463), 'lat': np.float64(33.5195679)}"
524,1924070669,"{'y': np.float64(3709784.558266627), 'x': np.float64(369052.97962352185), 'street_count': np.int64(3), 'lon': np.float64(133.5899677), 'lat': np.float64(33.5196217)}"
525,1924070670,"{'y': np.float64(3709786.8353585056), 'x': np.float64(369049.4527885644), 'street_count': np.int64(3), 'lon': np.float64(133.5899294), 'lat': np.float64(33.5196418)}"
526,4211509230,"{'y': np.float64(3709785.061708229), 'x': np.float64(369041.2355488547), 'street_count': np.int64(4), 'lon': np.float64(133.5898412), 'lat': np.float64(33.5196248)}"
527,9434052633,"{'y': np.float64(3709847.3880378967), 'x': np.float64(369038.0605957898), 'street_count': np.int64(3), 'lon': np.float64(133.5897979), 'lat': np.float64(33.5201864)}"
528,4211508703,"{'y': np.float64(3709175.7927468307), 'x': np.float64(369131.9184804544), 'street_count': np.int64(1), 'lon': np.float64(133.5909065), 'lat': np.float64(33.5141422)}"
529,1924070686,"{'y': np.float64(3709823.494355454), 'x': np.float64(369870.7450737335), 'street_count': np.int64(1), 'lon': np.float64(133.5987654), 'lat': np.float64(33.5200727)}"
530,1924070803,"{'y': np.float64(3710382.7675081827), 'x': np.float64(368807.01932666067), 'street_count': np.int64(3), 'lon': np.float64(133.5872322), 'lat': np.float64(33.5249855)}"
531,1924070818,"{'y': np.float64(3710416.626340178), 'x': np.float64(368788.2901337767), 'street_count': np.int64(3), 'lon': np.float64(133.5870256), 'lat': np.float64(33.5252885)}"
532,1924070805,"{'y': np.float64(3710386.152752524), 'x': np.float64(368813.3353082296), 'highway': 'crossing', 'street_count': np.int64(4), 'lon': np.float64(133.5872997), 'lat': np.float64(33.5250168)}"
533,4211509395,"{'y': np.float64(3710419.3566047535), 'x': np.float64(368794.652910642), 'street_count': np.int64(4), 'lon': np.float64(133.5870937), 'lat': np.float64(33.5253139)}"
534,1924070806,"{'y': np.float64(3710393.507727644), 'x': np.float64(368827.02483968425), 'highway': 'crossing', 'street_count': np.int64(4), 'lon': np.float64(133.587446), 'lat': np.float64(33.5250848)}"
535,1924070808,"{'y': np.float64(3710396.3523568506), 'x': np.float64(368832.32097750023), 'street_count': np.int64(3), 'lon': np.float64(133.5875026), 'lat': np.float64(33.5251111)}"
536,4211509397,"{'y': np.float64(3710421.8700098954), 'x': np.float64(368785.18484624446), 'street_count': np.int64(4), 'lon': np.float64(133.5869914), 'lat': np.float64(33.5253354)}"
537,4211509415,"{'y': np.float64(3710448.381322543), 'x': np.float64(368347.55825527594), 'street_count': np.int64(3), 'lon': np.float64(133.5822761), 'lat': np.float64(33.5255206)}"
538,1924070819,"{'y': np.float64(3710414.919771868), 'x': np.float64(368820.7586526034), 'street_count': np.int64(3), 'lon': np.float64(133.5873754), 'lat': np.float64(33.5252771)}"
539,5463521591,"{'y': np.float64(3710330.684399386), 'x': np.float64(369009.3154311835), 'street_count': np.int64(4), 'lon': np.float64(133.5894177), 'lat': np.float64(33.5245407)}"
540,1924070826,"{'y': np.float64(3710432.467890294), 'x': np.float64(368780.62916818645), 'street_count': np.int64(3), 'lon': np.float64(133.5869408), 'lat': np.float64(33.5254304)}"
541,1924070828,"{'y': np.float64(3710435.450107952), 'x': np.float64(368785.5927834475), 'highway': 'crossing', 'street_count': np.int64(4), 'lon': np.float64(133.5869938), 'lat': np.float64(33.5254579)}"
542,5463483279,"{'y': np.float64(3710517.447465948), 'x': np.float64(368725.7025380258), 'street_count': np.int64(3), 'lon': np.float64(133.586337), 'lat': np.float64(33.5261899)}"
543,5463483288,"{'y': np.float64(3710425.458951758), 'x': np.float64(368783.0601937502), 'street_count': np.int64(3), 'lon': np.float64(133.586968), 'lat': np.float64(33.5253675)}"
544,4211509393,"{'y': np.float64(3710414.0949452575), 'x': np.float64(368813.73447267024), 'street_count': np.int64(4), 'lon': np.float64(133.5872999), 'lat': np.float64(33.5252688)}"
545,1924070918,"{'y': np.float64(3710937.56947197), 'x': np.float64(368546.19507097476), 'street_count': np.int64(3), 'lon': np.float64(133.5843427), 'lat': np.float64(33.529956)}"
546,5463483277,"{'y': np.float64(3710559.281599129), 'x': np.float64(368701.19370016886), 'street_count': np.int64(3), 'lon': np.float64(133.586067), 'lat': np.float64(33.5265641)}"
547,5463377305,"{'y': np.float64(3710900.8334932458), 'x': np.float64(368455.57929784106), 'street_count': np.int64(1), 'lon': np.float64(133.5833725), 'lat': np.float64(33.5296136)}"
548,5463377276,"{'y': np.float64(3710930.023079668), 'x': np.float64(368503.5057079856), 'street_count': np.int64(3), 'lon': np.float64(133.5838842), 'lat': np.float64(33.5298827)}"
549,1924070923,"{'y': np.float64(3710952.8414387284), 'x': np.float64(368538.842977872), 'street_count': np.int64(3), 'lon': np.float64(133.5842613), 'lat': np.float64(33.5300928)}"
550,5465981188,"{'y': np.float64(3710938.3038180503), 'x': np.float64(368502.96861015505), 'street_count': np.int64(3), 'lon': np.float64(133.5838772), 'lat': np.float64(33.5299573)}"
551,1924070927,"{'y': np.float64(3710961.937881282), 'x': np.float64(368540.2953656172), 'street_count': np.int64(3), 'lon': np.float64(133.5842756), 'lat': np.float64(33.530175)}"
552,3233784680,"{'y': np.float64(3710728.1292674365), 'x': np.float64(367464.2639680522), 'street_count': np.int64(3), 'lon': np.float64(133.5727253), 'lat': np.float64(33.5279338)}"
553,3233784688,"{'y': np.float64(3710615.5311145624), 'x': np.float64(367389.13975846), 'street_count': np.int64(3), 'lon': np.float64(133.5719332), 'lat': np.float64(33.5269092)}"
554,3233784685,"{'y': np.float64(3710710.3395171533), 'x': np.float64(367496.5566208548), 'street_count': np.int64(3), 'lon': np.float64(133.5730756), 'lat': np.float64(33.5277774)}"
555,5555349920,"{'y': np.float64(3710599.428323364), 'x': np.float64(367344.00777963846), 'street_count': np.int64(4), 'lon': np.float64(133.5714497), 'lat': np.float64(33.5267584)}"
556,3233784687,"{'y': np.float64(3710637.9547599177), 'x': np.float64(367452.0625231917), 'street_count': np.int64(1), 'lon': np.float64(133.5726073), 'lat': np.float64(33.5271192)}"
557,5555349922,"{'y': np.float64(3710505.036826025), 'x': np.float64(367362.6039686077), 'street_count': np.int64(4), 'lon': np.float64(133.5716639), 'lat': np.float64(33.5259096)}"
558,3233784690,"{'y': np.float64(3710542.5907771983), 'x': np.float64(367463.9770480467), 'street_count': np.int64(1), 'lon': np.float64(133.5727497), 'lat': np.float64(33.5262608)}"
559,5463534252,"{'y': np.float64(3711125.1868940014), 'x': np.float64(368707.00512047205), 'street_count': np.int64(3), 'lon': np.float64(133.5860465), 'lat': np.float64(33.5316675)}"
560,5463547275,"{'y': np.float64(3711124.868468135), 'x': np.float64(368714.90485934773), 'street_count': np.int64(3), 'lon': np.float64(133.5861316), 'lat': np.float64(33.5316656)}"
561,4003018548,"{'y': np.float64(3711113.507604827), 'x': np.float64(368724.98534204316), 'street_count': np.int64(3), 'lon': np.float64(133.5862418), 'lat': np.float64(33.5315644)}"
562,5463547232,"{'y': np.float64(3711083.5540443016), 'x': np.float64(368725.6915494533), 'street_count': np.int64(3), 'lon': np.float64(133.5862538), 'lat': np.float64(33.5312944)}"
563,5463547222,"{'y': np.float64(3711107.3080642167), 'x': np.float64(368743.69974957977), 'street_count': np.int64(3), 'lon': np.float64(133.5864442), 'lat': np.float64(33.5315108)}"
564,4211508739,"{'y': np.float64(3709353.6015413073), 'x': np.float64(367421.2158385995), 'street_count': np.int64(3), 'lon': np.float64(133.5724655), 'lat': np.float64(33.5155346)}"
565,4211508746,"{'y': np.float64(3709406.8759879908), 'x': np.float64(367423.1008309765), 'street_count': np.int64(4), 'lon': np.float64(133.5724779), 'lat': np.float64(33.5160152)}"
566,4211508740,"{'y': np.float64(3709354.8468122305), 'x': np.float64(367393.5866174898), 'street_count': np.int64(3), 'lon': np.float64(133.5721679), 'lat': np.float64(33.5155424)}"
567,4211508744,"{'y': np.float64(3709403.862309613), 'x': np.float64(367505.12474689924), 'street_count': np.int64(3), 'lon': np.float64(133.5733613), 'lat': np.float64(33.5159982)}"
568,4211508741,"{'y': np.float64(3709356.6767944884), 'x': np.float64(367334.7703945079), 'street_count': np.int64(3), 'lon': np.float64(133.5715345), 'lat': np.float64(33.5155516)}"
569,4211508747,"{'y': np.float64(3709410.0497551556), 'x': np.float64(367336.7501194087), 'street_count': np.int64(3), 'lon': np.float64(133.5715479), 'lat': np.float64(33.5160331)}"
570,4211508755,"{'y': np.float64(3709454.370203957), 'x': np.float64(367514.63521315064), 'street_count': np.int64(3), 'lon': np.float64(133.5734562), 'lat': np.float64(33.5164548)}"
571,4211508756,"{'y': np.float64(3709457.86676288), 'x': np.float64(367424.9172373832), 'street_count': np.int64(4), 'lon': np.float64(133.5724899), 'lat': np.float64(33.5164752)}"
572,4211508757,"{'y': np.float64(3709461.238966482), 'x': np.float64(367338.6533230217), 'street_count': np.int64(3), 'lon': np.float64(133.5715608), 'lat': np.float64(33.5164949)}"
573,4211508771,"{'y': np.float64(3709514.4001507247), 'x': np.float64(367426.92138379184), 'street_count': np.int64(3), 'lon': np.float64(133.5725031), 'lat': np.float64(33.5169852)}"
574,4211508772,"{'y': np.float64(3709517.2058267067), 'x': np.float64(367340.72449286014), 'street_count': np.int64(3), 'lon': np.float64(133.5715748), 'lat': np.float64(33.5169998)}"
575,4211508770,"{'y': np.float64(3709513.068083076), 'x': np.float64(367468.121078388), 'street_count': np.int64(3), 'lon': np.float64(133.5729468), 'lat': np.float64(33.5169783)}"
576,4211509197,"{'y': np.float64(3709580.912956619), 'x': np.float64(367286.4867515714), 'street_count': np.int64(3), 'lon': np.float64(133.5709815), 'lat': np.float64(33.5175675)}"
577,4211508773,"{'y': np.float64(3709519.04051324), 'x': np.float64(367284.00877144805), 'street_count': np.int64(3), 'lon': np.float64(133.570964), 'lat': np.float64(33.5170093)}"
578,4211508784,"{'y': np.float64(3709533.892368106), 'x': np.float64(366933.3167383967), 'street_count': np.int64(3), 'lon': np.float64(133.5671867), 'lat': np.float64(33.5170996)}"
579,4211508782,"{'y': np.float64(3709534.379574379), 'x': np.float64(366846.6791182251), 'street_count': np.int64(3), 'lon': np.float64(133.566254), 'lat': np.float64(33.5170932)}"
580,4309913512,"{'y': np.float64(3709673.2764294893), 'x': np.float64(366851.4599497953), 'street_count': np.int64(4), 'lon': np.float64(133.5662848), 'lat': np.float64(33.5183462)}"
581,4211508785,"{'y': np.float64(3709537.6833489966), 'x': np.float64(366757.72084628535), 'street_count': np.int64(3), 'lon': np.float64(133.5652959), 'lat': np.float64(33.5171119)}"
582,4215779899,"{'y': np.float64(3709670.329357496), 'x': np.float64(366931.51325175236), 'street_count': np.int64(4), 'lon': np.float64(133.567147), 'lat': np.float64(33.5183296)}"
583,4310003646,"{'y': np.float64(3709676.5385868414), 'x': np.float64(366763.1062044941), 'street_count': np.int64(4), 'lon': np.float64(133.5653332), 'lat': np.float64(33.5183646)}"
584,4211508786,"{'y': np.float64(3709539.0609495095), 'x': np.float64(366720.6649812628), 'street_count': np.int64(1), 'lon': np.float64(133.5648968), 'lat': np.float64(33.5171197)}"
585,4211509203,"{'y': np.float64(3709657.128536288), 'x': np.float64(367289.53388264717), 'street_count': np.int64(3), 'lon': np.float64(133.571003), 'lat': np.float64(33.5182551)}"
586,4211509220,"{'y': np.float64(3709789.940476458), 'x': np.float64(367294.8469325169), 'street_count': np.int64(3), 'lon': np.float64(133.5710405), 'lat': np.float64(33.5194533)}"
587,4211509208,"{'y': np.float64(3709677.7455564686), 'x': np.float64(366730.36813067767), 'street_count': np.int64(1), 'lon': np.float64(133.5649806), 'lat': np.float64(33.5183714)}"
588,4211509223,"{'y': np.float64(3709798.379682093), 'x': np.float64(367068.8509736996), 'street_count': np.int64(3), 'lon': np.float64(133.5686064), 'lat': np.float64(33.5195013)}"
589,4211509238,"{'y': np.float64(3709917.5759976385), 'x': np.float64(367299.9585877919), 'street_count': np.int64(1), 'lon': np.float64(133.5710766), 'lat': np.float64(33.5206048)}"
590,4215779900,"{'y': np.float64(3709803.3110455684), 'x': np.float64(366936.5827787941), 'street_count': np.int64(4), 'lon': np.float64(133.5671818), 'lat': np.float64(33.5195293)}"
591,4211509239,"{'y': np.float64(3709925.0530670867), 'x': np.float64(366941.2183481089), 'street_count': np.int64(4), 'lon': np.float64(133.5672136), 'lat': np.float64(33.5206276)}"
592,4211509224,"{'y': np.float64(3709806.3203554214), 'x': np.float64(366856.03910773445), 'street_count': np.int64(3), 'lon': np.float64(133.5663143), 'lat': np.float64(33.5195464)}"
593,4211509225,"{'y': np.float64(3709809.6078108824), 'x': np.float64(366768.26287560485), 'street_count': np.int64(3), 'lon': np.float64(133.5653689), 'lat': np.float64(33.5195651)}"
594,4211509240,"{'y': np.float64(3709931.6266285703), 'x': np.float64(366757.69789991673), 'street_count': np.int64(3), 'lon': np.float64(133.565237), 'lat': np.float64(33.520664)}"
595,4211509256,"{'y': np.float64(3710266.845526269), 'x': np.float64(368349.8327617618), 'street_count': np.int64(3), 'lon': np.float64(133.5823273), 'lat': np.float64(33.523884)}"
596,4211509267,"{'y': np.float64(3710286.8877666425), 'x': np.float64(368333.4611357457), 'street_count': np.int64(3), 'lon': np.float64(133.5821481), 'lat': np.float64(33.5240627)}"
597,4211509266,"{'y': np.float64(3710281.848928945), 'x': np.float64(368282.6381092345), 'street_count': np.int64(3), 'lon': np.float64(133.5816017), 'lat': np.float64(33.524011)}"
598,4211509259,"{'y': np.float64(3710269.537963477), 'x': np.float64(368354.8855332902), 'street_count': np.int64(3), 'lon': np.float64(133.5823813), 'lat': np.float64(33.5239089)}"
599,4211509258,"{'y': np.float64(3710268.6720539783), 'x': np.float64(368379.2940472361), 'street_count': np.int64(3), 'lon': np.float64(133.5826442), 'lat': np.float64(33.5239041)}"
600,4211509268,"{'y': np.float64(3710286.504116692), 'x': np.float64(368378.571685399), 'street_count': np.int64(3), 'lon': np.float64(133.5826338), 'lat': np.float64(33.5240648)}"
601,4211509269,"{'y': np.float64(3710296.546679741), 'x': np.float64(368515.3750950736), 'street_count': np.int64(4), 'lon': np.float64(133.5841051), 'lat': np.float64(33.5241722)}"
602,5463483864,"{'y': np.float64(3710433.270313013), 'x': np.float64(368343.1253530247), 'street_count': np.int64(4), 'lon': np.float64(133.5822306), 'lat': np.float64(33.5253838)}"
603,4211509261,"{'y': np.float64(3710272.5168860755), 'x': np.float64(368361.69780657586), 'street_count': np.int64(1), 'lon': np.float64(133.5824542), 'lat': np.float64(33.5239366)}"
604,4211509405,"{'y': np.float64(3710433.810221619), 'x': np.float64(368348.25079472456), 'street_count': np.int64(3), 'lon': np.float64(133.5822857), 'lat': np.float64(33.5253893)}"
605,4211509263,"{'y': np.float64(3710276.344442332), 'x': np.float64(368344.5564946593), 'street_count': np.int64(1), 'lon': np.float64(133.5822691), 'lat': np.float64(33.523969)}"
606,4211509403,"{'y': np.float64(3710432.9260206777), 'x': np.float64(368339.91605253494), 'street_count': np.int64(3), 'lon': np.float64(133.5821961), 'lat': np.float64(33.5253803)}"
607,4211509271,"{'y': np.float64(3710316.597893106), 'x': np.float64(368249.1813370588), 'street_count': np.int64(3), 'lon': np.float64(133.5812364), 'lat': np.float64(33.5243202)}"
608,4211509272,"{'y': np.float64(3710321.318055723), 'x': np.float64(368327.35533227446), 'street_count': np.int64(3), 'lon': np.float64(133.5820773), 'lat': np.float64(33.5243724)}"
609,4211509273,"{'y': np.float64(3710324.6945011006), 'x': np.float64(368375.6752930334), 'street_count': np.int64(3), 'lon': np.float64(133.582597), 'lat': np.float64(33.5244088)}"
610,4211509276,"{'y': np.float64(3710333.267015171), 'x': np.float64(368512.92253857397), 'street_count': np.int64(4), 'lon': np.float64(133.5840733), 'lat': np.float64(33.524503)}"
611,4211509277,"{'y': np.float64(3710334.5228645257), 'x': np.float64(368553.35508954024), 'street_count': np.int64(3), 'lon': np.float64(133.5845084), 'lat': np.float64(33.5245193)}"
612,4211509279,"{'y': np.float64(3710351.608361015), 'x': np.float64(368212.02216756577), 'street_count': np.int64(3), 'lon': np.float64(133.5808312), 'lat': np.float64(33.5246313)}"
613,4211509280,"{'y': np.float64(3710359.4828594993), 'x': np.float64(368324.70960695425), 'street_count': np.int64(3), 'lon': np.float64(133.5820432), 'lat': np.float64(33.5247162)}"
614,4211509281,"{'y': np.float64(3710362.771975712), 'x': np.float64(368372.9260093116), 'street_count': np.int64(3), 'lon': np.float64(133.5825618), 'lat': np.float64(33.5247518)}"
615,4211509282,"{'y': np.float64(3710370.2398484414), 'x': np.float64(368510.6592305603), 'street_count': np.int64(4), 'lon': np.float64(133.5840435), 'lat': np.float64(33.5248361)}"
616,4211509284,"{'y': np.float64(3710373.631448065), 'x': np.float64(368573.3765569558), 'street_count': np.int64(3), 'lon': np.float64(133.5847182), 'lat': np.float64(33.5248744)}"
617,4211509286,"{'y': np.float64(3710388.3185177795), 'x': np.float64(368187.630668896), 'street_count': np.int64(3), 'lon': np.float64(133.5805632), 'lat': np.float64(33.5249593)}"
618,4211509287,"{'y': np.float64(3710397.4478237396), 'x': np.float64(368322.0797567192), 'street_count': np.int64(3), 'lon': np.float64(133.5820093), 'lat': np.float64(33.5250582)}"
619,4211509389,"{'y': np.float64(3710401.494731824), 'x': np.float64(368370.0276668137), 'street_count': np.int64(3), 'lon': np.float64(133.5825249), 'lat': np.float64(33.5251006)}"
620,4211509390,"{'y': np.float64(3710409.7261738833), 'x': np.float64(368508.69034630735), 'street_count': np.int64(4), 'lon': np.float64(133.5840165), 'lat': np.float64(33.5251919)}"
621,4211509391,"{'y': np.float64(3710414.754825389), 'x': np.float64(368574.16062972916), 'street_count': np.int64(3), 'lon': np.float64(133.5847206), 'lat': np.float64(33.5252453)}"
622,4211509401,"{'y': np.float64(3710431.984083208), 'x': np.float64(368205.25441882253), 'street_count': np.int64(3), 'lon': np.float64(133.5807465), 'lat': np.float64(33.5253552)}"
623,4211509408,"{'y': np.float64(3710439.5534187444), 'x': np.float64(368319.16286557936), 'street_count': np.int64(4), 'lon': np.float64(133.5819717), 'lat': np.float64(33.5254375)}"
624,4309998797,"{'y': np.float64(3710442.744731437), 'x': np.float64(368367.2289172826), 'street_count': np.int64(4), 'lon': np.float64(133.5824887), 'lat': np.float64(33.5254722)}"
625,4211509417,"{'y': np.float64(3710451.897526226), 'x': np.float64(368505.0118787842), 'street_count': np.int64(4), 'lon': np.float64(133.5839707), 'lat': np.float64(33.5255717)}"
626,4211509420,"{'y': np.float64(3710456.0559384623), 'x': np.float64(368567.6091029788), 'street_count': np.int64(3), 'lon': np.float64(133.584644), 'lat': np.float64(33.5256169)}"
627,4211509416,"{'y': np.float64(3710454.9006803413), 'x': np.float64(368209.8315031758), 'street_count': np.int64(3), 'lon': np.float64(133.5807924), 'lat': np.float64(33.5255624)}"
628,5463483863,"{'y': np.float64(3710440.714391491), 'x': np.float64(368336.4556684759), 'street_count': np.int64(4), 'lon': np.float64(133.5821577), 'lat': np.float64(33.5254501)}"
629,5463483865,"{'y': np.float64(3710441.6322902595), 'x': np.float64(368350.43837650074), 'street_count': np.int64(4), 'lon': np.float64(133.5823081), 'lat': np.float64(33.5254601)}"
630,4211509422,"{'y': np.float64(3710461.8216545503), 'x': np.float64(368317.62816486286), 'street_count': np.int64(3), 'lon': np.float64(133.5819519), 'lat': np.float64(33.5256381)}"
631,4211509409,"{'y': np.float64(3710441.107780453), 'x': np.float64(368342.56370306254), 'street_count': np.int64(4), 'lon': np.float64(133.5822234), 'lat': np.float64(33.5254544)}"
632,4211509414,"{'y': np.float64(3710447.5962823527), 'x': np.float64(368339.27132435236), 'street_count': np.int64(3), 'lon': np.float64(133.582187), 'lat': np.float64(33.5255125)}"
633,4211509419,"{'y': np.float64(3710459.5253767963), 'x': np.float64(368281.984064196), 'street_count': np.int64(3), 'lon': np.float64(133.5815685), 'lat': np.float64(33.525613)}"
634,4211509428,"{'y': np.float64(3710493.4719311194), 'x': np.float64(368209.09603934793), 'street_count': np.int64(1), 'lon': np.float64(133.5807788), 'lat': np.float64(33.5259101)}"
635,4211509429,"{'y': np.float64(3710494.5565712173), 'x': np.float64(368502.1667991292), 'street_count': np.int64(3), 'lon': np.float64(133.5839338), 'lat': np.float64(33.525956)}"
636,4211509444,"{'y': np.float64(3710542.3219355308), 'x': np.float64(368498.9734907998), 'street_count': np.int64(3), 'lon': np.float64(133.5838924), 'lat': np.float64(33.5263863)}"
637,4211509425,"{'y': np.float64(3710484.5053037605), 'x': np.float64(368364.40002575575), 'street_count': np.int64(3), 'lon': np.float64(133.5824521), 'lat': np.float64(33.5258484)}"
638,4211509439,"{'y': np.float64(3710529.4117045226), 'x': np.float64(368395.9354834864), 'street_count': np.int64(3), 'lon': np.float64(133.582785), 'lat': np.float64(33.5262572)}"
639,4211509433,"{'y': np.float64(3710516.1469868813), 'x': np.float64(368500.72461350716), 'street_count': np.int64(3), 'lon': np.float64(133.5839151), 'lat': np.float64(33.5261505)}"
640,4903576249,"{'y': np.float64(3710207.560522587), 'x': np.float64(367536.56720319734), 'street_count': np.int64(3), 'lon': np.float64(133.5735808), 'lat': np.float64(33.5232489)}"
641,4903576245,"{'y': np.float64(3710292.7722747372), 'x': np.float64(367533.83773936576), 'street_count': np.int64(1), 'lon': np.float64(133.5735388), 'lat': np.float64(33.5240169)}"
642,4903576246,"{'y': np.float64(3710176.606589277), 'x': np.float64(367502.7476659289), 'street_count': np.int64(4), 'lon': np.float64(133.5732213), 'lat': np.float64(33.5229656)}"
643,4903576251,"{'y': np.float64(3710104.7670507375), 'x': np.float64(367522.6133832756), 'street_count': np.int64(3), 'lon': np.float64(133.5734458), 'lat': np.float64(33.5223203)}"
644,4903576248,"{'y': np.float64(3710234.511273349), 'x': np.float64(367460.70368757425), 'street_count': np.int64(1), 'lon': np.float64(133.5727601), 'lat': np.float64(33.5234825)}"
645,4903576250,"{'y': np.float64(3710261.2588517377), 'x': np.float64(367507.636959092), 'street_count': np.int64(1), 'lon': np.float64(133.5732614), 'lat': np.float64(33.5237295)}"
646,4903596963,"{'y': np.float64(3710404.5146693136), 'x': np.float64(367662.4353224137), 'street_count': np.int64(4), 'lon': np.float64(133.5749067), 'lat': np.float64(33.5250404)}"
647,4903596961,"{'y': np.float64(3710412.5837323936), 'x': np.float64(367866.34095159837), 'street_count': np.int64(1), 'lon': np.float64(133.5771007), 'lat': np.float64(33.5251384)}"
648,6075494664,"{'y': np.float64(3710401.7448028345), 'x': np.float64(367742.97712758125), 'street_count': np.int64(3), 'lon': np.float64(133.5757742), 'lat': np.float64(33.5250254)}"
649,4903596975,"{'y': np.float64(3710657.722872365), 'x': np.float64(367842.2844645443), 'street_count': np.int64(3), 'lon': np.float64(133.5768055), 'lat': np.float64(33.5273458)}"
650,4903596976,"{'y': np.float64(3710655.623268715), 'x': np.float64(367918.5327355511), 'street_count': np.int64(3), 'lon': np.float64(133.5776267), 'lat': np.float64(33.5273363)}"
651,4903596977,"{'y': np.float64(3710656.937498187), 'x': np.float64(367876.0837919229), 'street_count': np.int64(3), 'lon': np.float64(133.5771695), 'lat': np.float64(33.5273429)}"
652,6075494692,"{'y': np.float64(3710633.991281071), 'x': np.float64(367918.1431769562), 'street_count': np.int64(3), 'lon': np.float64(133.5776257), 'lat': np.float64(33.5271412)}"
653,6075494691,"{'y': np.float64(3710638.856434988), 'x': np.float64(367874.7396941447), 'street_count': np.int64(3), 'lon': np.float64(133.5771577), 'lat': np.float64(33.5271797)}"
654,6075494697,"{'y': np.float64(3710577.578297407), 'x': np.float64(367870.1650172316), 'street_count': np.int64(3), 'lon': np.float64(133.5771175), 'lat': np.float64(33.5266266)}"
655,4903628073,"{'y': np.float64(3710623.408893336), 'x': np.float64(367923.1531725791), 'street_count': np.int64(1), 'lon': np.float64(133.5776812), 'lat': np.float64(33.5270464)}"
656,4903633588,"{'y': np.float64(3710373.2470939723), 'x': np.float64(367951.1835884905), 'street_count': np.int64(3), 'lon': np.float64(133.5780199), 'lat': np.float64(33.5247942)}"
657,6075494716,"{'y': np.float64(3710360.8889398826), 'x': np.float64(367955.4820581545), 'street_count': np.int64(3), 'lon': np.float64(133.578068), 'lat': np.float64(33.5246833)}"
658,6075494714,"{'y': np.float64(3710379.3996608215), 'x': np.float64(367948.94575148996), 'street_count': np.int64(3), 'lon': np.float64(133.5779949), 'lat': np.float64(33.5248494)}"
659,4903633590,"{'y': np.float64(3710395.7295700847), 'x': np.float64(367942.9276063129), 'street_count': np.int64(3), 'lon': np.float64(133.5779277), 'lat': np.float64(33.5249959)}"
660,4903633591,"{'y': np.float64(3710382.431553037), 'x': np.float64(368037.64841080137), 'street_count': np.int64(1), 'lon': np.float64(133.5789494), 'lat': np.float64(33.5248877)}"
661,5297704841,"{'y': np.float64(3709044.0816752915), 'x': np.float64(368827.0718876877), 'street_count': np.int64(1), 'lon': np.float64(133.5876443), 'lat': np.float64(33.5129172)}"
662,5417537082,"{'y': np.float64(3708426.586627945), 'x': np.float64(366564.8018942946), 'street_count': np.int64(1), 'lon': np.float64(133.5633848), 'lat': np.float64(33.5070693)}"
663,5463521616,"{'y': np.float64(3710348.24857922), 'x': np.float64(369075.5971076257), 'street_count': np.int64(3), 'lon': np.float64(133.5901287), 'lat': np.float64(33.5247072)}"
664,5453780510,"{'y': np.float64(3710342.679344466), 'x': np.float64(369071.6572952686), 'street_count': np.int64(3), 'lon': np.float64(133.5900871), 'lat': np.float64(33.5246565)}"
665,5453780734,"{'y': np.float64(3710384.076802342), 'x': np.float64(369013.9428146178), 'street_count': np.int64(3), 'lon': np.float64(133.5894597), 'lat': np.float64(33.5250227)}"
666,5453780722,"{'y': np.float64(3710466.9991874155), 'x': np.float64(368925.0824813574), 'street_count': np.int64(3), 'lon': np.float64(133.5884909), 'lat': np.float64(33.5257595)}"
667,5453780727,"{'y': np.float64(3710372.697144849), 'x': np.float64(369088.24624943745), 'street_count': np.int64(3), 'lon': np.float64(133.5902613), 'lat': np.float64(33.5249292)}"
668,5453780732,"{'y': np.float64(3710422.9956963006), 'x': np.float64(369040.6382261999), 'street_count': np.int64(1), 'lon': np.float64(133.5897414), 'lat': np.float64(33.5253769)}"
669,5453780764,"{'y': np.float64(3710427.8430433837), 'x': np.float64(368910.951012791), 'street_count': np.int64(3), 'lon': np.float64(133.5883445), 'lat': np.float64(33.5254047)}"
670,5453780781,"{'y': np.float64(3710376.2845072746), 'x': np.float64(369010.3721588639), 'street_count': np.int64(3), 'lon': np.float64(133.5894224), 'lat': np.float64(33.524952)}"
671,5453780740,"{'y': np.float64(3710380.5919011547), 'x': np.float64(368940.7562496048), 'street_count': np.int64(3), 'lon': np.float64(133.5886723), 'lat': np.float64(33.5249823)}"
672,5453780765,"{'y': np.float64(3710395.5611804486), 'x': np.float64(368916.5028413554), 'street_count': np.int64(3), 'lon': np.float64(133.588409), 'lat': np.float64(33.5251143)}"
673,5453780756,"{'y': np.float64(3710362.4486468784), 'x': np.float64(368997.78356484836), 'street_count': np.int64(3), 'lon': np.float64(133.5892889), 'lat': np.float64(33.5248257)}"
674,5453780776,"{'y': np.float64(3710401.3470619055), 'x': np.float64(368936.3014458001), 'street_count': np.int64(4), 'lon': np.float64(133.5886213), 'lat': np.float64(33.5251689)}"
675,5453780744,"{'y': np.float64(3710407.397454848), 'x': np.float64(368915.4749811008), 'street_count': np.int64(3), 'lon': np.float64(133.5883962), 'lat': np.float64(33.5252209)}"
676,5453780757,"{'y': np.float64(3710411.553930245), 'x': np.float64(368897.7251749832), 'street_count': np.int64(3), 'lon': np.float64(133.5882045), 'lat': np.float64(33.5252562)}"
677,5453780770,"{'y': np.float64(3710423.2286531115), 'x': np.float64(368929.75346784753), 'street_count': np.int64(4), 'lon': np.float64(133.5885476), 'lat': np.float64(33.5253654)}"
678,5453780777,"{'y': np.float64(3710405.8880027304), 'x': np.float64(368957.94081999286), 'street_count': np.int64(4), 'lon': np.float64(133.5888536), 'lat': np.float64(33.5252125)}"
679,5453780786,"{'y': np.float64(3710411.8471565624), 'x': np.float64(368891.66366618307), 'street_count': np.int64(3), 'lon': np.float64(133.5881392), 'lat': np.float64(33.5252581)}"
680,5453780758,"{'y': np.float64(3710420.5868816506), 'x': np.float64(368863.9259428064), 'street_count': np.int64(3), 'lon': np.float64(133.5878393), 'lat': np.float64(33.5253335)}"
681,5463377246,"{'y': np.float64(3710822.983798664), 'x': np.float64(368527.52187581034), 'street_count': np.int64(1), 'lon': np.float64(133.5841585), 'lat': np.float64(33.5289205)}"
682,5463377272,"{'y': np.float64(3710974.2467794414), 'x': np.float64(368474.61043210037), 'street_count': np.int64(1), 'lon': np.float64(133.5835666), 'lat': np.float64(33.5302779)}"
683,5465981189,"{'y': np.float64(3710970.27842098), 'x': np.float64(368476.0887761471), 'street_count': np.int64(3), 'lon': np.float64(133.5835831), 'lat': np.float64(33.5302423)}"
684,5463377303,"{'y': np.float64(3710929.796022343), 'x': np.float64(368481.96329124324), 'street_count': np.int64(4), 'lon': np.float64(133.5836523), 'lat': np.float64(33.529878)}"
685,5463377302,"{'y': np.float64(3710937.1988799134), 'x': np.float64(368500.232084047), 'street_count': np.int64(4), 'lon': np.float64(133.5838479), 'lat': np.float64(33.529947)}"
686,5465981185,"{'y': np.float64(3710929.2703255885), 'x': np.float64(368480.66505280416), 'street_count': np.int64(3), 'lon': np.float64(133.5836384), 'lat': np.float64(33.5298731)}"
687,5463377304,"{'y': np.float64(3710915.3961595222), 'x': np.float64(368446.57361036044), 'street_count': np.int64(1), 'lon': np.float64(133.5832734), 'lat': np.float64(33.5297438)}"
688,5463483248,"{'y': np.float64(3710701.2161201267), 'x': np.float64(368610.90416567633), 'street_count': np.int64(1), 'lon': np.float64(133.5850741), 'lat': np.float64(33.5278328)}"
689,5463483285,"{'y': np.float64(3710444.592221361), 'x': np.float64(368742.9988594936), 'street_count': np.int64(3), 'lon': np.float64(133.5865339), 'lat': np.float64(33.5255351)}"
690,5463483287,"{'y': np.float64(3710444.213456052), 'x': np.float64(368747.19216527394), 'street_count': np.int64(1), 'lon': np.float64(133.5865791), 'lat': np.float64(33.5255322)}"
691,5463483286,"{'y': np.float64(3710445.741388624), 'x': np.float64(368730.28907789977), 'street_count': np.int64(1), 'lon': np.float64(133.5863969), 'lat': np.float64(33.5255439)}"
692,5463483309,"{'y': np.float64(3710579.84632175), 'x': np.float64(368600.93511989806), 'street_count': np.int64(1), 'lon': np.float64(133.5849846), 'lat': np.float64(33.5267372)}"
693,5463521596,"{'y': np.float64(3710348.6353634666), 'x': np.float64(369015.3371477144), 'street_count': np.int64(3), 'lon': np.float64(133.5894799), 'lat': np.float64(33.5247033)}"
694,5463521594,"{'y': np.float64(3710360.5393651384), 'x': np.float64(369032.16298027383), 'street_count': np.int64(3), 'lon': np.float64(133.5896593), 'lat': np.float64(33.5248127)}"
695,5463521595,"{'y': np.float64(3710344.7342112064), 'x': np.float64(369026.56060739956), 'street_count': np.int64(3), 'lon': np.float64(133.5896013), 'lat': np.float64(33.5246695)}"
696,10635489653,"{'y': np.float64(3711125.052859145), 'x': np.float64(368710.32839377935), 'street_count': np.int64(3), 'lon': np.float64(133.5860823), 'lat': np.float64(33.5316667)}"
697,5463547233,"{'y': np.float64(3711116.899481286), 'x': np.float64(368743.01314710954), 'street_count': np.int64(3), 'lon': np.float64(133.5864354), 'lat': np.float64(33.5315972)}"
698,5463547223,"{'y': np.float64(3711154.1244749106), 'x': np.float64(368741.7744328558), 'street_count': np.int64(3), 'lon': np.float64(133.5864166), 'lat': np.float64(33.5319327)}"
699,5463547235,"{'y': np.float64(3711137.2433592374), 'x': np.float64(368776.0677281813), 'street_count': np.int64(3), 'lon': np.float64(133.5867883), 'lat': np.float64(33.5317847)}"
700,5463547224,"{'y': np.float64(3711135.5749887023), 'x': np.float64(368742.24603898823), 'street_count': np.int64(4), 'lon': np.float64(133.5864244), 'lat': np.float64(33.5317655)}"
701,5463547228,"{'y': np.float64(3711082.629904595), 'x': np.float64(368779.6609791477), 'street_count': np.int64(4), 'lon': np.float64(133.586835), 'lat': np.float64(33.5312927)}"
702,5463547229,"{'y': np.float64(3711081.348010755), 'x': np.float64(368745.14776585146), 'street_count': np.int64(3), 'lon': np.float64(133.5864636), 'lat': np.float64(33.5312769)}"
703,5463547238,"{'y': np.float64(3711085.9545804313), 'x': np.float64(368825.42193753493), 'street_count': np.int64(1), 'lon': np.float64(133.5873272), 'lat': np.float64(33.5313283)}"
704,5463547241,"{'y': np.float64(3711064.422642749), 'x': np.float64(368780.2487896835), 'street_count': np.int64(4), 'lon': np.float64(133.586844), 'lat': np.float64(33.5311286)}"
705,5463547230,"{'y': np.float64(3711089.1708205417), 'x': np.float64(368744.8457239296), 'street_count': np.int64(3), 'lon': np.float64(133.5864592), 'lat': np.float64(33.5313474)}"
706,5463547236,"{'y': np.float64(3711098.7826416357), 'x': np.float64(368744.2894283065), 'street_count': np.int64(3), 'lon': np.float64(133.5864518), 'lat': np.float64(33.531434)}"
707,5463547234,"{'y': np.float64(3711119.0205778866), 'x': np.float64(368776.98039084725), 'street_count': np.int64(3), 'lon': np.float64(133.5868008), 'lat': np.float64(33.5316205)}"
708,5463547237,"{'y': np.float64(3711100.7073192573), 'x': np.float64(368778.0218581494), 'street_count': np.int64(4), 'lon': np.float64(133.5868147), 'lat': np.float64(33.5314555)}"
709,10635489652,"{'y': np.float64(3711048.631323688), 'x': np.float64(368833.87648086774), 'street_count': np.int64(1), 'lon': np.float64(133.5874237), 'lat': np.float64(33.5309928)}"
710,5463547239,"{'y': np.float64(3711026.67550222), 'x': np.float64(368781.5548734887), 'street_count': np.int64(3), 'lon': np.float64(133.5868636), 'lat': np.float64(33.5307884)}"
711,5463547245,"{'y': np.float64(3711028.1654346697), 'x': np.float64(368802.4362039086), 'street_count': np.int64(1), 'lon': np.float64(133.5870882), 'lat': np.float64(33.5308044)}"
712,5463547244,"{'y': np.float64(3711043.1741892104), 'x': np.float64(368746.83798931434), 'street_count': np.int64(3), 'lon': np.float64(133.5864874), 'lat': np.float64(33.5309329)}"
713,5463547243,"{'y': np.float64(3711044.89435731), 'x': np.float64(368780.9300597459), 'street_count': np.int64(4), 'lon': np.float64(133.5868542), 'lat': np.float64(33.5309526)}"
714,5463547242,"{'y': np.float64(3711062.8471331517), 'x': np.float64(368746.12160743517), 'street_count': np.int64(3), 'lon': np.float64(133.5864768), 'lat': np.float64(33.5311102)}"
715,5463547247,"{'y': np.float64(3711065.760543078), 'x': np.float64(368800.07841873553), 'street_count': np.int64(1), 'lon': np.float64(133.5870573), 'lat': np.float64(33.5311431)}"
716,5463547246,"{'y': np.float64(3711046.0311069977), 'x': np.float64(368801.68579420657), 'street_count': np.int64(1), 'lon': np.float64(133.5870775), 'lat': np.float64(33.5309654)}"
717,5465981209,"{'y': np.float64(3710997.072450453), 'x': np.float64(368416.0354539573), 'street_count': np.int64(1), 'lon': np.float64(133.5829326), 'lat': np.float64(33.5304765)}"
718,5524184456,"{'y': np.float64(3709567.7033610153), 'x': np.float64(368578.59063964186), 'street_count': np.int64(3), 'lon': np.float64(133.5848927), 'lat': np.float64(33.5176081)}"
719,5524184458,"{'y': np.float64(3709582.3180629327), 'x': np.float64(368615.35340751556), 'street_count': np.int64(3), 'lon': np.float64(133.5852863), 'lat': np.float64(33.5177444)}"
720,5505912878,"{'y': np.float64(3709705.924274096), 'x': np.float64(367945.8347507892), 'street_count': np.int64(3), 'lon': np.float64(133.5780608), 'lat': np.float64(33.5187764)}"
721,5505912875,"{'y': np.float64(3709736.141612381), 'x': np.float64(367937.219681126), 'street_count': np.int64(1), 'lon': np.float64(133.5779636), 'lat': np.float64(33.5190478)}"
722,5505912876,"{'y': np.float64(3709731.354045362), 'x': np.float64(367938.5846155712), 'street_count': np.int64(3), 'lon': np.float64(133.577979), 'lat': np.float64(33.5190048)}"
723,5505912877,"{'y': np.float64(3709739.333306831), 'x': np.float64(367972.1821714594), 'street_count': np.int64(1), 'lon': np.float64(133.5783395), 'lat': np.float64(33.5190809)}"
724,5505912879,"{'y': np.float64(3709714.532891892), 'x': np.float64(367978.01973429276), 'street_count': np.int64(1), 'lon': np.float64(133.578406), 'lat': np.float64(33.518858)}"
725,5520509957,"{'y': np.float64(3709184.603174272), 'x': np.float64(368459.63839341945), 'street_count': np.int64(1), 'lon': np.float64(133.5836685), 'lat': np.float64(33.5141391)}"
726,5520509983,"{'y': np.float64(3709212.25977243), 'x': np.float64(368528.09194226237), 'street_count': np.int64(3), 'lon': np.float64(133.5844013), 'lat': np.float64(33.5143969)}"
727,5520509977,"{'y': np.float64(3709174.654938079), 'x': np.float64(368464.5284116536), 'street_count': np.int64(1), 'lon': np.float64(133.5837226), 'lat': np.float64(33.51405)}"
728,8485484684,"{'y': np.float64(3709267.129618582), 'x': np.float64(368696.818542894), 'street_count': np.int64(4), 'lon': np.float64(133.5862095), 'lat': np.float64(33.5149124)}"
729,5520509980,"{'y': np.float64(3709232.7233300656), 'x': np.float64(368829.84426342533), 'street_count': np.int64(3), 'lon': np.float64(133.5876465), 'lat': np.float64(33.5146185)}"
730,5520510002,"{'y': np.float64(3709281.808020075), 'x': np.float64(368702.0814943107), 'street_count': np.int64(3), 'lon': np.float64(133.586264), 'lat': np.float64(33.5150454)}"
731,5520509993,"{'y': np.float64(3709249.057645665), 'x': np.float64(368537.0198932189), 'street_count': np.int64(3), 'lon': np.float64(133.584492), 'lat': np.float64(33.5147298)}"
732,5520510129,"{'y': np.float64(3709265.3300318667), 'x': np.float64(368579.08313146286), 'street_count': np.int64(3), 'lon': np.float64(133.5849424), 'lat': np.float64(33.5148817)}"
733,5520510164,"{'y': np.float64(3709236.339286678), 'x': np.float64(368544.9842484856), 'street_count': np.int64(3), 'lon': np.float64(133.5845796), 'lat': np.float64(33.5146161)}"
734,5520510001,"{'y': np.float64(3709293.5195679804), 'x': np.float64(368694.7442531581), 'street_count': np.int64(3), 'lon': np.float64(133.5861833), 'lat': np.float64(33.5151501)}"
735,5520510003,"{'y': np.float64(3709294.650892306), 'x': np.float64(368642.66271454084), 'street_count': np.int64(3), 'lon': np.float64(133.5856225), 'lat': np.float64(33.5151539)}"
736,5520510122,"{'y': np.float64(3709347.5302538485), 'x': np.float64(368825.76835088653), 'street_count': np.int64(4), 'lon': np.float64(133.5875858), 'lat': np.float64(33.5156532)}"
737,5520510013,"{'y': np.float64(3709340.517886294), 'x': np.float64(368845.5621366563), 'street_count': np.int64(3), 'lon': np.float64(133.5877999), 'lat': np.float64(33.5155924)}"
738,5520510172,"{'y': np.float64(3709375.011421388), 'x': np.float64(368930.9392301061), 'street_count': np.int64(3), 'lon': np.float64(133.5887139), 'lat': np.float64(33.5159139)}"
739,5520510171,"{'y': np.float64(3709380.2475011516), 'x': np.float64(368920.2344540742), 'street_count': np.int64(3), 'lon': np.float64(133.5885979), 'lat': np.float64(33.5159598)}"
740,5520510131,"{'y': np.float64(3709250.0476711565), 'x': np.float64(368575.01012824185), 'street_count': np.int64(1), 'lon': np.float64(133.5849008), 'lat': np.float64(33.5147434)}"
741,5520510179,"{'y': np.float64(3709424.1380792693), 'x': np.float64(369057.61185220955), 'street_count': np.int64(3), 'lon': np.float64(133.5900703), 'lat': np.float64(33.5163724)}"
742,5521726675,"{'y': np.float64(3707915.3910203553), 'x': np.float64(367169.06657507364), 'street_count': np.int64(3), 'lon': np.float64(133.5699646), 'lat': np.float64(33.5025352)}"
743,5521726681,"{'y': np.float64(3707913.641861131), 'x': np.float64(367150.3300518558), 'street_count': np.int64(3), 'lon': np.float64(133.5697632), 'lat': np.float64(33.5025171)}"
744,6290704344,"{'y': np.float64(3707920.6700546397), 'x': np.float64(367184.3582448965), 'street_count': np.int64(1), 'lon': np.float64(133.5701284), 'lat': np.float64(33.5025847)}"
745,5521726682,"{'y': np.float64(3707892.281676628), 'x': np.float64(367145.51086723333), 'street_count': np.int64(3), 'lon': np.float64(133.5697145), 'lat': np.float64(33.5023239)}"
746,5521726680,"{'y': np.float64(3707886.603806462), 'x': np.float64(367127.7793367597), 'street_count': np.int64(3), 'lon': np.float64(133.5695245), 'lat': np.float64(33.5022705)}"
747,5521726679,"{'y': np.float64(3707913.6533657582), 'x': np.float64(367133.40169295535), 'street_count': np.int64(3), 'lon': np.float64(133.569581), 'lat': np.float64(33.5025151)}"
748,5521726686,"{'y': np.float64(3707923.949063103), 'x': np.float64(367185.43474177097), 'street_count': np.int64(1), 'lon': np.float64(133.5701395), 'lat': np.float64(33.5026144)}"
749,5521726692,"{'y': np.float64(3708029.5521297352), 'x': np.float64(367212.76534071215), 'street_count': np.int64(3), 'lon': np.float64(133.570418), 'lat': np.float64(33.50357)}"
750,5521726706,"{'y': np.float64(3708077.9520964306), 'x': np.float64(367226.33729259623), 'street_count': np.int64(3), 'lon': np.float64(133.5705569), 'lat': np.float64(33.5040081)}"
751,5521726702,"{'y': np.float64(3708190.672627472), 'x': np.float64(367274.7997187474), 'street_count': np.int64(1), 'lon': np.float64(133.5710618), 'lat': np.float64(33.5050305)}"
752,5521726707,"{'y': np.float64(3708078.9187494763), 'x': np.float64(367177.90727841615), 'street_count': np.int64(3), 'lon': np.float64(133.5700355), 'lat': np.float64(33.5040108)}"
753,6286519565,"{'y': np.float64(3708197.9680333934), 'x': np.float64(367181.55455863546), 'street_count': np.int64(1), 'lon': np.float64(133.5700571), 'lat': np.float64(33.5050847)}"
754,5521726743,"{'y': np.float64(3708313.1205871687), 'x': np.float64(367208.03134429234), 'street_count': np.int64(4), 'lon': np.float64(133.570325), 'lat': np.float64(33.5061263)}"
755,5521726740,"{'y': np.float64(3708301.3451418746), 'x': np.float64(367220.7275714971), 'street_count': np.int64(3), 'lon': np.float64(133.5704634), 'lat': np.float64(33.5060217)}"
756,5966862536,"{'y': np.float64(3709842.357372365), 'x': np.float64(367771.2365577473), 'street_count': np.int64(1), 'lon': np.float64(133.5761611), 'lat': np.float64(33.519985)}"
757,6075493847,"{'y': np.float64(3710941.333665947), 'x': np.float64(367962.2048206887), 'street_count': np.int64(1), 'lon': np.float64(133.5780547), 'lat': np.float64(33.5299179)}"
758,6075493849,"{'y': np.float64(3710909.799080922), 'x': np.float64(367916.4458168724), 'street_count': np.int64(1), 'lon': np.float64(133.5775667), 'lat': np.float64(33.5296279)}"
759,6075494441,"{'y': np.float64(3710757.017646171), 'x': np.float64(368028.1051843295), 'street_count': np.int64(1), 'lon': np.float64(133.5787914), 'lat': np.float64(33.5282641)}"
760,6075494648,"{'y': np.float64(3710811.665489721), 'x': np.float64(367787.5616110332), 'street_count': np.int64(1), 'lon': np.float64(133.5761936), 'lat': np.float64(33.5287271)}"
761,6075494653,"{'y': np.float64(3710848.619936978), 'x': np.float64(367800.39454497513), 'street_count': np.int64(1), 'lon': np.float64(133.5763263), 'lat': np.float64(33.5290619)}"
762,6075494655,"{'y': np.float64(3710791.937170709), 'x': np.float64(367806.0346809537), 'street_count': np.int64(1), 'lon': np.float64(133.5763954), 'lat': np.float64(33.5285515)}"
763,6075494657,"{'y': np.float64(3710780.6742504854), 'x': np.float64(367851.7367724712), 'street_count': np.int64(1), 'lon': np.float64(133.5768891), 'lat': np.float64(33.5284556)}"
764,6075494665,"{'y': np.float64(3710399.4123107656), 'x': np.float64(367761.0024179138), 'street_count': np.int64(1), 'lon': np.float64(133.5759686), 'lat': np.float64(33.5250066)}"
765,6637767601,"{'y': np.float64(3710400.092099336), 'x': np.float64(367592.04942310194), 'street_count': np.int64(1), 'lon': np.float64(133.5741496), 'lat': np.float64(33.5249918)}"
766,6075494686,"{'y': np.float64(3710611.7491400726), 'x': np.float64(367647.1422683519), 'street_count': np.int64(1), 'lon': np.float64(133.5747114), 'lat': np.float64(33.5269071)}"
767,6075494688,"{'y': np.float64(3710599.4040171118), 'x': np.float64(367871.7927127789), 'street_count': np.int64(3), 'lon': np.float64(133.5771318), 'lat': np.float64(33.5268236)}"
768,6075494693,"{'y': np.float64(3710584.3696881495), 'x': np.float64(367870.67617537454), 'street_count': np.int64(3), 'lon': np.float64(133.577122), 'lat': np.float64(33.5266879)}"
769,6075494695,"{'y': np.float64(3710608.034536031), 'x': np.float64(367872.44056329085), 'street_count': np.int64(3), 'lon': np.float64(133.5771375), 'lat': np.float64(33.5269015)}"
770,6075494689,"{'y': np.float64(3710615.7677950733), 'x': np.float64(367873.0110837559), 'street_count': np.int64(3), 'lon': np.float64(133.5771425), 'lat': np.float64(33.5269713)}"
771,6075494690,"{'y': np.float64(3710609.9430650226), 'x': np.float64(367917.64617388404), 'street_count': np.int64(3), 'lon': np.float64(133.5776239), 'lat': np.float64(33.5269243)}"
772,6075494696,"{'y': np.float64(3710602.10440587), 'x': np.float64(367917.482939551), 'street_count': np.int64(3), 'lon': np.float64(133.5776233), 'lat': np.float64(33.5268536)}"
773,6075494694,"{'y': np.float64(3710578.4758749856), 'x': np.float64(367915.4962350166), 'street_count': np.int64(3), 'lon': np.float64(133.5776054), 'lat': np.float64(33.5266403)}"
774,6075494702,"{'y': np.float64(3710518.842818151), 'x': np.float64(367782.9471348593), 'street_count': np.int64(1), 'lon': np.float64(133.5761872), 'lat': np.float64(33.5260862)}"
775,6075494704,"{'y': np.float64(3710486.1443408374), 'x': np.float64(367780.00888981373), 'street_count': np.int64(1), 'lon': np.float64(133.5761604), 'lat': np.float64(33.525791)}"
776,6075494713,"{'y': np.float64(3710404.372257126), 'x': np.float64(367915.18920487876), 'street_count': np.int64(1), 'lon': np.float64(133.5776278), 'lat': np.float64(33.5250704)}"
777,6075494715,"{'y': np.float64(3710366.948921098), 'x': np.float64(367917.1282260931), 'street_count': np.int64(1), 'lon': np.float64(133.5776542), 'lat': np.float64(33.5247332)}"
778,6286519499,"{'y': np.float64(3708558.793116452), 'x': np.float64(367472.4153131874), 'street_count': np.int64(4), 'lon': np.float64(133.5731343), 'lat': np.float64(33.5083743)}"
779,6286517275,"{'y': np.float64(3708665.094116275), 'x': np.float64(367429.69178988464), 'street_count': np.int64(1), 'lon': np.float64(133.5726587), 'lat': np.float64(33.5093275)}"
780,6286519518,"{'y': np.float64(3709019.266513668), 'x': np.float64(367574.7792875588), 'street_count': np.int64(1), 'lon': np.float64(133.574168), 'lat': np.float64(33.512539)}"
781,6290686583,"{'y': np.float64(3708349.830071809), 'x': np.float64(367252.2872384674), 'street_count': np.int64(3), 'lon': np.float64(133.5707959), 'lat': np.float64(33.5064628)}"
782,6290687405,"{'y': np.float64(3708341.17629617), 'x': np.float64(367268.63126823003), 'street_count': np.int64(3), 'lon': np.float64(133.5709731), 'lat': np.float64(33.5063868)}"
783,6290687426,"{'y': np.float64(3708339.2465283233), 'x': np.float64(367244.4765975597), 'street_count': np.int64(3), 'lon': np.float64(133.5707134), 'lat': np.float64(33.5063664)}"
784,6290687404,"{'y': np.float64(3708295.390495428), 'x': np.float64(367244.01190363424), 'street_count': np.int64(3), 'lon': np.float64(133.5707149), 'lat': np.float64(33.5059709)}"
785,6290687550,"{'y': np.float64(3708290.2911737366), 'x': np.float64(367253.51119658805), 'street_count': np.int64(3), 'lon': np.float64(133.5708179), 'lat': np.float64(33.5059261)}"
786,6290687547,"{'y': np.float64(3708302.502214244), 'x': np.float64(367247.83546506474), 'street_count': np.int64(4), 'lon': np.float64(133.570755), 'lat': np.float64(33.5060355)}"
787,6290687406,"{'y': np.float64(3708320.6220745025), 'x': np.float64(367236.6945425164), 'street_count': np.int64(3), 'lon': np.float64(133.5706324), 'lat': np.float64(33.5061975)}"
788,6290687428,"{'y': np.float64(3708325.3264966495), 'x': np.float64(367298.55225175165), 'street_count': np.int64(3), 'lon': np.float64(133.5712975), 'lat': np.float64(33.5062476)}"
789,6290687427,"{'y': np.float64(3708329.7601413527), 'x': np.float64(367262.49080149655), 'street_count': np.int64(3), 'lon': np.float64(133.5709087), 'lat': np.float64(33.5062831)}"
790,6290687542,"{'y': np.float64(3708335.695808226), 'x': np.float64(367242.9969138985), 'street_count': np.int64(3), 'lon': np.float64(133.570698), 'lat': np.float64(33.5063342)}"
791,6290687545,"{'y': np.float64(3708316.7900062837), 'x': np.float64(367243.5633887356), 'street_count': np.int64(4), 'lon': np.float64(133.5707069), 'lat': np.float64(33.5061638)}"
792,6290687407,"{'y': np.float64(3708311.6616403554), 'x': np.float64(367252.7556638666), 'street_count': np.int64(4), 'lon': np.float64(133.5708066), 'lat': np.float64(33.5061187)}"
793,6290687543,"{'y': np.float64(3708319.1806860184), 'x': np.float64(367256.7985106035), 'street_count': np.int64(3), 'lon': np.float64(133.570849), 'lat': np.float64(33.506187)}"
794,6290687549,"{'y': np.float64(3708306.3060173155), 'x': np.float64(367262.3443225838), 'street_count': np.int64(3), 'lon': np.float64(133.5709106), 'lat': np.float64(33.5060716)}"
795,6290687408,"{'y': np.float64(3708289.476853292), 'x': np.float64(367292.512066554), 'street_count': np.int64(3), 'lon': np.float64(133.5712378), 'lat': np.float64(33.5059236)}"
796,6290687409,"{'y': np.float64(3708303.04245274), 'x': np.float64(367268.1990302606), 'street_count': np.int64(3), 'lon': np.float64(133.5709741), 'lat': np.float64(33.5060429)}"
797,6290687422,"{'y': np.float64(3708279.865037923), 'x': np.float64(367272.9247653384), 'street_count': np.int64(3), 'lon': np.float64(133.5710284), 'lat': np.float64(33.5058345)}"
798,6290687446,"{'y': np.float64(3708326.1272368385), 'x': np.float64(367260.536162314), 'street_count': np.int64(4), 'lon': np.float64(133.5708882), 'lat': np.float64(33.5062501)}"
799,6290687458,"{'y': np.float64(3708320.5128954905), 'x': np.float64(367296.1632849537), 'street_count': np.int64(3), 'lon': np.float64(133.5712725), 'lat': np.float64(33.5062039)}"
800,6290687436,"{'y': np.float64(3708313.0981198447), 'x': np.float64(367273.2709123518), 'street_count': np.int64(3), 'lon': np.float64(133.5710272), 'lat': np.float64(33.5061342)}"
801,6290687465,"{'y': np.float64(3708317.9759428888), 'x': np.float64(367275.828010853), 'street_count': np.int64(3), 'lon': np.float64(133.571054), 'lat': np.float64(33.5061785)}"
802,6290687461,"{'y': np.float64(3708302.8338869014), 'x': np.float64(367287.3723500527), 'street_count': np.int64(3), 'lon': np.float64(133.5711805), 'lat': np.float64(33.5060434)}"
803,6290687457,"{'y': np.float64(3708321.6246278198), 'x': np.float64(367258.1142961125), 'street_count': np.int64(3), 'lon': np.float64(133.5708628), 'lat': np.float64(33.5062092)}"
804,6290687463,"{'y': np.float64(3708310.0597020457), 'x': np.float64(367290.96517727023), 'street_count': np.int64(3), 'lon': np.float64(133.5712181), 'lat': np.float64(33.506109)}"
805,6290687462,"{'y': np.float64(3708300.2312351037), 'x': np.float64(367291.9447470748), 'street_count': np.int64(1), 'lon': np.float64(133.5712301), 'lat': np.float64(33.5060205)}"
806,6290687464,"{'y': np.float64(3708307.4158576583), 'x': np.float64(367296.11303315405), 'street_count': np.int64(1), 'lon': np.float64(133.5712739), 'lat': np.float64(33.5060858)}"
807,6290687548,"{'y': np.float64(3708297.128120009), 'x': np.float64(367257.15444323333), 'street_count': np.int64(3), 'lon': np.float64(133.5708561), 'lat': np.float64(33.5059882)}"
808,6290687797,"{'y': np.float64(3708287.0614127014), 'x': np.float64(367246.4428642392), 'street_count': np.int64(1), 'lon': np.float64(133.5707423), 'lat': np.float64(33.5058961)}"
809,6637762079,"{'y': np.float64(3710628.008787524), 'x': np.float64(367775.43592243554), 'street_count': np.int64(3), 'lon': np.float64(133.5760902), 'lat': np.float64(33.5270696)}"
810,6637762076,"{'y': np.float64(3710674.282745289), 'x': np.float64(367720.971973966), 'street_count': np.int64(3), 'lon': np.float64(133.575497), 'lat': np.float64(33.5274801)}"
811,6637762078,"{'y': np.float64(3710636.1749894195), 'x': np.float64(367716.2129941542), 'street_count': np.int64(3), 'lon': np.float64(133.5754514), 'lat': np.float64(33.5271359)}"
812,6637762080,"{'y': np.float64(3710594.604296789), 'x': np.float64(367730.2250380801), 'street_count': np.int64(3), 'lon': np.float64(133.5756084), 'lat': np.float64(33.5267628)}"
813,6637762083,"{'y': np.float64(3710606.2418520036), 'x': np.float64(367800.2254328558), 'street_count': np.int64(3), 'lon': np.float64(133.5763603), 'lat': np.float64(33.5268764)}"
814,6637767586,"{'y': np.float64(3710601.892530402), 'x': np.float64(367831.0687231249), 'street_count': np.int64(1), 'lon': np.float64(133.576693), 'lat': np.float64(33.526841)}"
815,6637767585,"{'y': np.float64(3710637.0490538315), 'x': np.float64(367831.87629136175), 'street_count': np.int64(1), 'lon': np.float64(133.5766965), 'lat': np.float64(33.5271581)}"
816,6637767588,"{'y': np.float64(3710460.200714311), 'x': np.float64(367734.2031929186), 'street_count': np.int64(1), 'lon': np.float64(133.5756711), 'lat': np.float64(33.5255514)}"
817,6637767598,"{'y': np.float64(3710416.6645098715), 'x': np.float64(367548.24863047304), 'street_count': np.int64(1), 'lon': np.float64(133.5736756), 'lat': np.float64(33.5251358)}"
818,6637767600,"{'y': np.float64(3710413.540169304), 'x': np.float64(367571.40894177905), 'street_count': np.int64(1), 'lon': np.float64(133.5739254), 'lat': np.float64(33.5251105)}"
819,9950854062,"{'y': np.float64(3708008.465144048), 'x': np.float64(366823.9772659248), 'street_count': np.int64(1), 'lon': np.float64(133.5662366), 'lat': np.float64(33.5033315)}"
820,9958294541,"{'y': np.float64(3709983.236127317), 'x': np.float64(369486.4604183697), 'street_count': np.int64(1), 'lon': np.float64(133.5946052), 'lat': np.float64(33.5214662)}"
821,9958294575,"{'y': np.float64(3710007.3360916963), 'x': np.float64(369431.5729735481), 'street_count': np.int64(3), 'lon': np.float64(133.5940108), 'lat': np.float64(33.5216768)}"
822,9958294545,"{'y': np.float64(3710080.727233148), 'x': np.float64(369410.62724879856), 'street_count': np.int64(3), 'lon': np.float64(133.5937746), 'lat': np.float64(33.522336)}"
823,9958294546,"{'y': np.float64(3710094.1305549936), 'x': np.float64(369469.0785004502), 'street_count': np.int64(3), 'lon': np.float64(133.5944019), 'lat': np.float64(33.522464)}"
824,9958294549,"{'y': np.float64(3710101.7121126642), 'x': np.float64(369466.93331651465), 'street_count': np.int64(3), 'lon': np.float64(133.5943777), 'lat': np.float64(33.5225321)}"
825,9958294927,"{'y': np.float64(3710070.0459394515), 'x': np.float64(369519.5720488345), 'street_count': np.int64(3), 'lon': np.float64(133.594949), 'lat': np.float64(33.522253)}"
826,9958294550,"{'y': np.float64(3710109.995397523), 'x': np.float64(369501.3960128852), 'street_count': np.int64(1), 'lon': np.float64(133.5947475), 'lat': np.float64(33.522611)}"
827,9958294567,"{'y': np.float64(3710053.307457522), 'x': np.float64(369524.7236330606), 'street_count': np.int64(3), 'lon': np.float64(133.5950069), 'lat': np.float64(33.5221027)}"
828,9958294574,"{'y': np.float64(3710044.6323819947), 'x': np.float64(369485.61095940863), 'street_count': np.int64(1), 'lon': np.float64(133.5945871), 'lat': np.float64(33.5220197)}"
829,9958294569,"{'y': np.float64(3710029.076211406), 'x': np.float64(369523.82879045187), 'street_count': np.int64(3), 'lon': np.float64(133.5950008), 'lat': np.float64(33.5218841)}"
830,9958294576,"{'y': np.float64(3710009.2073431113), 'x': np.float64(369530.0155349127), 'street_count': np.int64(3), 'lon': np.float64(133.5950703), 'lat': np.float64(33.5217057)}"
831,9958294572,"{'y': np.float64(3709967.900006057), 'x': np.float64(369502.70356226014), 'street_count': np.int64(1), 'lon': np.float64(133.5947823), 'lat': np.float64(33.5213299)}"
832,9958294577,"{'y': np.float64(3710005.678221269), 'x': np.float64(369517.09314820444), 'street_count': np.int64(1), 'lon': np.float64(133.5949317), 'lat': np.float64(33.5216723)}"
833,9958294635,"{'y': np.float64(3709913.996126009), 'x': np.float64(369372.9753639243), 'street_count': np.int64(1), 'lon': np.float64(133.5933936), 'lat': np.float64(33.520828)}"
834,9958294782,"{'y': np.float64(3709936.799037102), 'x': np.float64(369505.4405305711), 'street_count': np.int64(3), 'lon': np.float64(133.5948163), 'lat': np.float64(33.5210498)}"
835,9958294776,"{'y': np.float64(3710018.0605531153), 'x': np.float64(369551.07287671854), 'street_count': np.int64(1), 'lon': np.float64(133.5952957), 'lat': np.float64(33.5217881)}"
836,9958294783,"{'y': np.float64(3709906.986624051), 'x': np.float64(369510.4801007265), 'street_count': np.int64(3), 'lon': np.float64(133.5948749), 'lat': np.float64(33.5207816)}"
837,9958294928,"{'y': np.float64(3710065.6519616204), 'x': np.float64(369500.90672871994), 'street_count': np.int64(1), 'lon': np.float64(133.5947487), 'lat': np.float64(33.5222111)}"
838,10635489654,"{'y': np.float64(3711165.0419374346), 'x': np.float64(368708.0872457271), 'street_count': np.int64(3), 'lon': np.float64(133.5860523), 'lat': np.float64(33.532027)}"
839,10635489680,"{'y': np.float64(3711080.3057257785), 'x': np.float64(368489.09017293865), 'street_count': np.int64(3), 'lon': np.float64(133.5837069), 'lat': np.float64(33.531236)}"
840,10918311929,"{'y': np.float64(3709786.8557019983), 'x': np.float64(368739.10784394626), 'street_count': np.int64(1), 'lon': np.float64(133.5865885), 'lat': np.float64(33.5196039)}"
841,10918311931,"{'y': np.float64(3709836.1241475586), 'x': np.float64(368891.017053916), 'street_count': np.int64(1), 'lon': np.float64(133.5882166), 'lat': np.float64(33.5200668)}"
842,10918311942,"{'y': np.float64(3711280.870649043), 'x': np.float64(369856.58095530176), 'street_count': np.int64(1), 'lon': np.float64(133.5984009), 'lat': np.float64(33.533212)}"
843,10918311944,"{'y': np.float64(3711316.511621495), 'x': np.float64(369898.67177230946), 'street_count': np.int64(1), 'lon': np.float64(133.5988489), 'lat': np.float64(33.5335385)}"
844,12464144346,"{'y': np.float64(3711314.7328141187), 'x': np.float64(369063.66836814064), 'street_count': np.int64(3), 'lon': np.float64(133.5898588), 'lat': np.float64(33.5334204)}"
845,12464144322,"{'y': np.float64(3711473.047401022), 'x': np.float64(368929.98956677667), 'street_count': np.int64(3), 'lon': np.float64(133.5883963), 'lat': np.float64(33.5348315)}"
846,12464144331,"{'y': np.float64(3711468.9605846307), 'x': np.float64(368995.58829778037), 'street_count': np.int64(1), 'lon': np.float64(133.5891032), 'lat': np.float64(33.5348027)}"
847,12464144360,"{'y': np.float64(3711296.4748951904), 'x': np.float64(369069.61504949187), 'street_count': np.int64(3), 'lon': np.float64(133.5899255), 'lat': np.float64(33.5332565)}"
848,12464144350,"{'y': np.float64(3711309.8649040274), 'x': np.float64(369044.0420768261), 'street_count': np.int64(4), 'lon': np.float64(133.5896482), 'lat': np.float64(33.5333741)}"
849,12464144347,"{'y': np.float64(3711279.1948739463), 'x': np.float64(368914.83992496994), 'street_count': np.int64(3), 'lon': np.float64(133.5882616), 'lat': np.float64(33.5330817)}"
850,12464144353,"{'y': np.float64(3711296.1197669758), 'x': np.float64(368914.76384448016), 'street_count': np.int64(3), 'lon': np.float64(133.5882583), 'lat': np.float64(33.5332343)}"
851,12464144355,"{'y': np.float64(3711262.6670471923), 'x': np.float64(368914.2619759816), 'street_count': np.int64(3), 'lon': np.float64(133.5882578), 'lat': np.float64(33.5329326)}"
852,12464144354,"{'y': np.float64(3711324.6106812144), 'x': np.float64(369040.28603737295), 'street_count': np.int64(3), 'lon': np.float64(133.5896056), 'lat': np.float64(33.5335066)}"
853,12464144356,"{'y': np.float64(3711293.4410096835), 'x': np.float64(369048.0539403147), 'street_count': np.int64(3), 'lon': np.float64(133.5896938), 'lat': np.float64(33.5332265)}"
854,12464144357,"{'y': np.float64(3711248.433736896), 'x': np.float64(368913.77099149977), 'street_count': np.int64(3), 'lon': np.float64(133.5882546), 'lat': np.float64(33.5328042)}"
855,12464144358,"{'y': np.float64(3711278.497037062), 'x': np.float64(369051.7051449076), 'street_count': np.int64(4), 'lon': np.float64(133.5897353), 'lat': np.float64(33.5330922)}"
856,12464144359,"{'y': np.float64(3711284.154308488), 'x': np.float64(369073.63631892606), 'street_count': np.int64(3), 'lon': np.float64(133.5899706), 'lat': np.float64(33.5331459)}"
857,12464144362,"{'y': np.float64(3711280.834722419), 'x': np.float64(369074.715006763), 'street_count': np.int64(3), 'lon': np.float64(133.5899827), 'lat': np.float64(33.5331161)}"
858,12464144361,"{'y': np.float64(3711324.315622624), 'x': np.float64(369166.4100363891), 'street_count': np.int64(1), 'lon': np.float64(133.5909636), 'lat': np.float64(33.5335194)}"
859,12464144364,"{'y': np.float64(3711264.5930083115), 'x': np.float64(369080.0111352039), 'street_count': np.int64(3), 'lon': np.float64(133.5900421), 'lat': np.float64(33.5329703)}"
860,12464144363,"{'y': np.float64(3711308.9138455316), 'x': np.float64(369167.84469326626), 'street_count': np.int64(1), 'lon': np.float64(133.5909813), 'lat': np.float64(33.5333807)}"
861,12464144365,"{'y': np.float64(3711292.5005928986), 'x': np.float64(369171.89406100055), 'street_count': np.int64(1), 'lon': np.float64(133.5910273), 'lat': np.float64(33.5332332)}"
862,12464144367,"{'y': np.float64(3711261.9482749044), 'x': np.float64(369121.1853091783), 'street_count': np.int64(1), 'lon': np.float64(133.5904858), 'lat': np.float64(33.5329515)}"
