,0,1
0,262314443,"{'y': np.float64(3706936.575153342), 'x': np.float64(364963.81646596163), 'street_count': np.int64(3), 'lon': np.float64(133.5463774), 'lat': np.float64(33.4934332)}"
1,4942039788,"{'y': np.float64(3706978.579555512), 'x': np.float64(364946.0525857684), 'street_count': np.int64(3), 'lon': np.float64(133.5461799), 'lat': np.float64(33.4938097)}"
2,1557771561,"{'y': np.float64(3706885.763262843), 'x': np.float64(364990.414956172), 'street_count': np.int64(3), 'lon': np.float64(133.5466713), 'lat': np.float64(33.4929784)}"
3,1431445191,"{'y': np.float64(3707083.05819204), 'x': np.float64(364822.1282562453), 'street_count': np.int64(4), 'lon': np.float64(133.5448305), 'lat': np.float64(33.4947361)}"
4,262314769,"{'y': np.float64(3707190.5666884384), 'x': np.float64(367114.5066137896), 'street_count': np.int64(3), 'highway': 'traffic_signals', 'lon': np.float64(133.5694849), 'lat': np.float64(33.4959928)}"
5,6280046573,"{'y': np.float64(3707195.2671599537), 'x': np.float64(367107.3980736544), 'street_count': np.int64(3), 'highway': 'traffic_signals', 'lon': np.float64(133.5694077), 'lat': np.float64(33.4960343)}"
6,1085589164,"{'y': np.float64(3707183.2665839577), 'x': np.float64(367125.9651012386), 'street_count': np.int64(4), 'highway': 'crossing', 'lon': np.float64(133.5696093), 'lat': np.float64(33.4959284)}"
7,564442872,"{'y': np.float64(3707164.577584144), 'x': np.float64(364866.12590627035), 'street_count': np.int64(4), 'highway': 'traffic_signals', 'lon': np.float64(133.5452917), 'lat': np.float64(33.4954767)}"
8,1557771993,"{'y': np.float64(3707090.4678710387), 'x': np.float64(364898.79900906095), 'street_count': np.int64(4), 'lon': np.float64(133.5456545), 'lat': np.float64(33.4948126)}"
9,6295154885,"{'y': np.float64(3707251.3392077754), 'x': np.float64(364828.8825105096), 'street_count': np.int64(3), 'lon': np.float64(133.5448778), 'lat': np.float64(33.4962543)}"
10,564442874,"{'y': np.float64(3707210.0826922012), 'x': np.float64(364890.5975823238), 'street_count': np.int64(3), 'lon': np.float64(133.5455482), 'lat': np.float64(33.4958901)}"
11,4942039803,"{'y': np.float64(3707130.927029115), 'x': np.float64(364844.1153134843), 'street_count': np.int64(3), 'lon': np.float64(133.5450599), 'lat': np.float64(33.4951705)}"
12,1557772424,"{'y': np.float64(3707253.3119239127), 'x': np.float64(364899.40811308316), 'street_count': np.int64(3), 'lon': np.float64(133.5456365), 'lat': np.float64(33.496281)}"
13,4942039801,"{'y': np.float64(3707201.1764606102), 'x': np.float64(364920.7182040174), 'street_count': np.int64(3), 'lon': np.float64(133.5458737), 'lat': np.float64(33.4958136)}"
14,564442876,"{'y': np.float64(3707356.770343987), 'x': np.float64(364917.1556444174), 'street_count': np.int64(3), 'highway': 'traffic_signals', 'lon': np.float64(133.5458119), 'lat': np.float64(33.4972161)}"
15,4942039732,"{'y': np.float64(3707349.8486140785), 'x': np.float64(364916.4546986226), 'street_count': np.int64(3), 'lon': np.float64(133.5458054), 'lat': np.float64(33.4971536)}"
16,4942039748,"{'y': np.float64(3707463.826461429), 'x': np.float64(364937.7593637183), 'street_count': np.int64(3), 'lon': np.float64(133.5460175), 'lat': np.float64(33.498184)}"
17,564442919,"{'y': np.float64(3707374.485401826), 'x': np.float64(364841.7219474629), 'street_count': np.int64(3), 'lon': np.float64(133.5449974), 'lat': np.float64(33.4973663)}"
18,564442889,"{'y': np.float64(3707384.381415819), 'x': np.float64(364771.8839995079), 'street_count': np.int64(3), 'highway': 'traffic_signals', 'lon': np.float64(133.5442443), 'lat': np.float64(33.4974467)}"
19,4942039837,"{'y': np.float64(3707500.006487726), 'x': np.float64(364655.22224850237), 'street_count': np.int64(3), 'lon': np.float64(133.5429713), 'lat': np.float64(33.4984745)}"
20,4942039733,"{'y': np.float64(3707308.700452714), 'x': np.float64(364907.92434622627), 'street_count': np.int64(3), 'lon': np.float64(133.5457198), 'lat': np.float64(33.4967815)}"
21,564443103,"{'y': np.float64(3707238.0539948824), 'x': np.float64(365486.2216369095), 'street_count': np.int64(3), 'lon': np.float64(133.5519541), 'lat': np.float64(33.4962174)}"
22,6247275225,"{'y': np.float64(3707220.7043204075), 'x': np.float64(365549.34128910437), 'street_count': np.int64(3), 'lon': np.float64(133.552636), 'lat': np.float64(33.4960689)}"
23,10948633207,"{'y': np.float64(3707268.4326449037), 'x': np.float64(365425.681348401), 'street_count': np.int64(3), 'lon': np.float64(133.551298), 'lat': np.float64(33.4964837)}"
24,9935063210,"{'y': np.float64(3707154.523469492), 'x': np.float64(365583.04972156725), 'street_count': np.int64(3), 'lon': np.float64(133.5530087), 'lat': np.float64(33.4954764)}"
25,564443107,"{'y': np.float64(3707318.2106232354), 'x': np.float64(365308.6391068492), 'street_count': np.int64(4), 'highway': 'traffic_signals', 'lon': np.float64(133.5500309), 'lat': np.float64(33.4969178)}"
26,564443109,"{'y': np.float64(3707335.9288997473), 'x': np.float64(365306.5636659513), 'street_count': np.int64(3), 'lon': np.float64(133.5500059), 'lat': np.float64(33.4970773)}"
27,564465077,"{'y': np.float64(3707320.9880221123), 'x': np.float64(365236.0713823448), 'street_count': np.int64(4), 'lon': np.float64(133.5492495), 'lat': np.float64(33.4969337)}"
28,9935063203,"{'y': np.float64(3707277.154817085), 'x': np.float64(365314.9137001034), 'street_count': np.int64(3), 'lon': np.float64(133.5501046), 'lat': np.float64(33.4965484)}"
29,10948633262,"{'y': np.float64(3707341.909976706), 'x': np.float64(365305.5322015833), 'street_count': np.int64(3), 'lon': np.float64(133.5499939), 'lat': np.float64(33.4971311)}"
30,10699710734,"{'y': np.float64(3707363.720403394), 'x': np.float64(365272.5164681149), 'street_count': np.int64(3), 'lon': np.float64(133.5496353), 'lat': np.float64(33.4973236)}"
31,564443111,"{'y': np.float64(3706901.614197132), 'x': np.float64(366052.7027750866), 'street_count': np.int64(4), 'highway': 'traffic_signals', 'lon': np.float64(133.5581009), 'lat': np.float64(33.4932549)}"
32,1557771678,"{'y': np.float64(3706918.7930046236), 'x': np.float64(366134.9821499493), 'street_count': np.int64(3), 'lon': np.float64(133.5589838), 'lat': np.float64(33.4934201)}"
33,1557771371,"{'y': np.float64(3706766.920449691), 'x': np.float64(366087.09054952126), 'street_count': np.int64(4), 'lon': np.float64(133.5584911), 'lat': np.float64(33.4920447)}"
34,12710040482,"{'y': np.float64(3706898.2493316857), 'x': np.float64(366030.67065819656), 'street_count': np.int64(3), 'lon': np.float64(133.5578643), 'lat': np.float64(33.4932218)}"
35,6303772273,"{'y': np.float64(3706927.4548558337), 'x': np.float64(366019.9722416879), 'street_count': np.int64(3), 'lon': np.float64(133.5577448), 'lat': np.float64(33.4934838)}"
36,564443121,"{'y': np.float64(3706991.917707544), 'x': np.float64(366549.83980864554), 'street_count': np.int64(3), 'lon': np.float64(133.5634375), 'lat': np.float64(33.4941313)}"
37,564443122,"{'y': np.float64(3706993.4603102067), 'x': np.float64(366540.9500400565), 'street_count': np.int64(3), 'highway': 'traffic_signals', 'lon': np.float64(133.5633416), 'lat': np.float64(33.4941441)}"
38,6303772566,"{'y': np.float64(3706987.8563409285), 'x': np.float64(366560.42305402365), 'street_count': np.int64(3), 'lon': np.float64(133.563552), 'lat': np.float64(33.494096)}"
39,6303772572,"{'y': np.float64(3706914.4341614675), 'x': np.float64(366560.6986400956), 'street_count': np.int64(3), 'lon': np.float64(133.5635659), 'lat': np.float64(33.493434)}"
40,6303772573,"{'y': np.float64(3706990.358987973), 'x': np.float64(366517.42598784884), 'street_count': np.int64(3), 'lon': np.float64(133.5630889), 'lat': np.float64(33.4941132)}"
41,1557771827,"{'y': np.float64(3706999.1918903086), 'x': np.float64(366560.33832410467), 'street_count': np.int64(3), 'lon': np.float64(133.5635494), 'lat': np.float64(33.4941982)}"
42,564443130,"{'y': np.float64(3706913.423803302), 'x': np.float64(366624.9121197687), 'street_count': np.int64(3), 'highway': 'traffic_signals', 'lon': np.float64(133.5642571), 'lat': np.float64(33.4934329)}"
43,10179631157,"{'y': np.float64(3706919.963929725), 'x': np.float64(366621.93616511574), 'street_count': np.int64(4), 'lon': np.float64(133.5642241), 'lat': np.float64(33.4934915)}"
44,12709933128,"{'y': np.float64(3706864.3375971336), 'x': np.float64(366463.84952967044), 'street_count': np.int64(3), 'lon': np.float64(133.5625311), 'lat': np.float64(33.4929702)}"
45,1085590488,"{'y': np.float64(3707011.7433585133), 'x': np.float64(366936.9428128365), 'street_count': np.int64(3), 'highway': 'crossing', 'lon': np.float64(133.5676005), 'lat': np.float64(33.4943583)}"
46,564443165,"{'y': np.float64(3707493.6691907384), 'x': np.float64(365303.340980451), 'street_count': np.int64(3), 'lon': np.float64(133.5499475), 'lat': np.float64(33.4984992)}"
47,10948633214,"{'y': np.float64(3707543.6843706216), 'x': np.float64(365302.74820873316), 'street_count': np.int64(3), 'lon': np.float64(133.5499336), 'lat': np.float64(33.4989501)}"
48,6878715993,"{'y': np.float64(3707413.50926585), 'x': np.float64(365311.1411675075), 'street_count': np.int64(3), 'lon': np.float64(133.5500435), 'lat': np.float64(33.4977774)}"
49,1557773073,"{'y': np.float64(3707529.7690914944), 'x': np.float64(365168.4287960052), 'street_count': np.int64(3), 'lon': np.float64(133.5484901), 'lat': np.float64(33.4988077)}"
50,564443427,"{'y': np.float64(3707426.5253750584), 'x': np.float64(367454.4967337958), 'street_count': np.int64(3), 'lon': np.float64(133.573109), 'lat': np.float64(33.4981626)}"
51,1085590536,"{'y': np.float64(3707311.941756949), 'x': np.float64(367389.0315237319), 'street_count': np.int64(4), 'highway': 'crossing', 'lon': np.float64(133.5724214), 'lat': np.float64(33.4971213)}"
52,564443431,"{'y': np.float64(3707406.7683261256), 'x': np.float64(367475.84677479323), 'street_count': np.int64(3), 'lon': np.float64(133.5733417), 'lat': np.float64(33.4979871)}"
53,564443435,"{'y': np.float64(3707386.930624857), 'x': np.float64(367487.7368842457), 'street_count': np.int64(3), 'lon': np.float64(133.5734726), 'lat': np.float64(33.4978097)}"
54,2569489194,"{'y': np.float64(3707361.662453681), 'x': np.float64(367485.63347158395), 'street_count': np.int64(3), 'lon': np.float64(133.5734537), 'lat': np.float64(33.4975816)}"
55,5351385794,"{'y': np.float64(3707436.2167974594), 'x': np.float64(367538.5332295095), 'street_count': np.int64(3), 'lon': np.float64(133.574012), 'lat': np.float64(33.4982604)}"
56,564465076,"{'y': np.float64(3707335.260489208), 'x': np.float64(365087.842960703), 'street_count': np.int64(4), 'lon': np.float64(133.5476521), 'lat': np.float64(33.4970437)}"
57,4942039756,"{'y': np.float64(3707327.9988557), 'x': np.float64(365145.5273872149), 'street_count': np.int64(3), 'lon': np.float64(133.548274), 'lat': np.float64(33.4969855)}"
58,10948632399,"{'y': np.float64(3707370.3652300853), 'x': np.float64(365087.60011512245), 'street_count': np.int64(3), 'lon': np.float64(133.5476442), 'lat': np.float64(33.4973602)}"
59,4942039738,"{'y': np.float64(3707347.439730523), 'x': np.float64(364959.3678562371), 'street_count': np.int64(3), 'lon': np.float64(133.5462676), 'lat': np.float64(33.4971373)}"
60,4942039753,"{'y': np.float64(3707286.7766471063), 'x': np.float64(365078.06778576144), 'street_count': np.int64(3), 'lon': np.float64(133.5475542), 'lat': np.float64(33.4966053)}"
61,10948633260,"{'y': np.float64(3707324.453247913), 'x': np.float64(365191.2866349834), 'street_count': np.int64(3), 'lon': np.float64(133.548767), 'lat': np.float64(33.4969593)}"
62,1557772434,"{'y': np.float64(3707252.5387292313), 'x': np.float64(365186.01615731313), 'street_count': np.int64(3), 'lon': np.float64(133.5487211), 'lat': np.float64(33.4963102)}"
63,564465174,"{'y': np.float64(3706746.3407102525), 'x': np.float64(365470.0512648202), 'street_count': np.int64(4), 'lon': np.float64(133.5518539), 'lat': np.float64(33.4917817)}"
64,10180235168,"{'y': np.float64(3706693.2439871803), 'x': np.float64(365275.8975202694), 'street_count': np.int64(3), 'lon': np.float64(133.5497725), 'lat': np.float64(33.4912785)}"
65,10255231908,"{'y': np.float64(3706783.256755427), 'x': np.float64(365459.21099018515), 'street_count': np.int64(3), 'lon': np.float64(133.5517317), 'lat': np.float64(33.4921132)}"
66,564465176,"{'y': np.float64(3706567.4101353893), 'x': np.float64(365525.5315146915), 'street_count': np.int64(3), 'lon': np.float64(133.5524778), 'lat': np.float64(33.4901753)}"
67,1557771508,"{'y': np.float64(3706843.162101765), 'x': np.float64(365815.3839257455), 'street_count': np.int64(4), 'lon': np.float64(133.5555557), 'lat': np.float64(33.4926981)}"
68,10255230944,"{'y': np.float64(3706568.0951963225), 'x': np.float64(365528.895681373), 'street_count': np.int64(3), 'lon': np.float64(133.5525139), 'lat': np.float64(33.4901819)}"
69,10255231874,"{'y': np.float64(3706559.897226239), 'x': np.float64(365503.59851231263), 'street_count': np.int64(3), 'lon': np.float64(133.5522429), 'lat': np.float64(33.4901048)}"
70,564465182,"{'y': np.float64(3706536.845159842), 'x': np.float64(365539.034925992), 'street_count': np.int64(3), 'lon': np.float64(133.5526277), 'lat': np.float64(33.4899014)}"
71,10179631132,"{'y': np.float64(3706545.8722615866), 'x': np.float64(365535.8897931073), 'street_count': np.int64(4), 'lon': np.float64(133.5525925), 'lat': np.float64(33.4899824)}"
72,6303771998,"{'y': np.float64(3706726.2793528917), 'x': np.float64(366060.3588645705), 'street_count': np.int64(3), 'lon': np.float64(133.5582095), 'lat': np.float64(33.4916749)}"
73,564465183,"{'y': np.float64(3706738.9943154166), 'x': np.float64(366095.1123504065), 'street_count': np.int64(3), 'highway': 'traffic_signals', 'lon': np.float64(133.5585816), 'lat': np.float64(33.4917939)}"
74,6303772618,"{'y': np.float64(3706793.624215628), 'x': np.float64(366247.8558783828), 'street_count': np.int64(3), 'lon': np.float64(133.5602172), 'lat': np.float64(33.4923056)}"
75,10179631143,"{'y': np.float64(3706753.0578853707), 'x': np.float64(366091.051731242), 'street_count': np.int64(4), 'lon': np.float64(133.5585358), 'lat': np.float64(33.4919202)}"
76,564465189,"{'y': np.float64(3706844.9698057105), 'x': np.float64(365440.5116930774), 'street_count': np.int64(4), 'lon': np.float64(133.5515212), 'lat': np.float64(33.4926673)}"
77,1557771786,"{'y': np.float64(3707002.3513749293), 'x': np.float64(365382.71766692854), 'street_count': np.int64(4), 'lon': np.float64(133.5508756), 'lat': np.float64(33.4940791)}"
78,1557771475,"{'y': np.float64(3706832.889920729), 'x': np.float64(365400.15388398105), 'street_count': np.int64(3), 'lon': np.float64(133.5510887), 'lat': np.float64(33.4925533)}"
79,1557771604,"{'y': np.float64(3706896.3332278263), 'x': np.float64(365590.55479403853), 'street_count': np.int64(3), 'lon': np.float64(133.5531282), 'lat': np.float64(33.4931493)}"
80,564465226,"{'y': np.float64(3707163.663052189), 'x': np.float64(366679.7483762814), 'street_count': np.int64(3), 'lon': np.float64(133.56481), 'lat': np.float64(33.4956961)}"
81,564465232,"{'y': np.float64(3707238.1438804595), 'x': np.float64(366653.4415855475), 'street_count': np.int64(3), 'lon': np.float64(133.5645158), 'lat': np.float64(33.4963644)}"
82,6878716030,"{'y': np.float64(3707142.5485096322), 'x': np.float64(366681.2404852838), 'street_count': np.int64(3), 'lon': np.float64(133.5648292), 'lat': np.float64(33.4955059)}"
83,12709983195,"{'y': np.float64(3707249.594576043), 'x': np.float64(366825.5732357376), 'street_count': np.int64(1), 'lon': np.float64(133.5663666), 'lat': np.float64(33.4964891)}"
84,564465246,"{'y': np.float64(3707337.4038379625), 'x': np.float64(366821.0716453695), 'street_count': np.int64(3), 'lon': np.float64(133.5663051), 'lat': np.float64(33.4972803)}"
85,1431984910,"{'y': np.float64(3707276.7543812166), 'x': np.float64(366469.5794066713), 'street_count': np.int64(3), 'lon': np.float64(133.5625313), 'lat': np.float64(33.4966896)}"
86,1557772336,"{'y': np.float64(3707165.791126016), 'x': np.float64(366902.20761676366), 'street_count': np.int64(4), 'lon': np.float64(133.5672038), 'lat': np.float64(33.495743)}"
87,564465465,"{'y': np.float64(3707364.3508354896), 'x': np.float64(366901.5756376111), 'street_count': np.int64(3), 'lon': np.float64(133.5671675), 'lat': np.float64(33.4975333)}"
88,10948632341,"{'y': np.float64(3707317.311538183), 'x': np.float64(366929.2568568647), 'street_count': np.int64(3), 'lon': np.float64(133.5674724), 'lat': np.float64(33.4971126)}"
89,1431985005,"{'y': np.float64(3707460.279155879), 'x': np.float64(366941.99905572843), 'street_count': np.int64(3), 'lon': np.float64(133.5675883), 'lat': np.float64(33.4984033)}"
90,564465486,"{'y': np.float64(3707463.7556845187), 'x': np.float64(367052.5614979508), 'street_count': np.int64(3), 'lon': np.float64(133.5687777), 'lat': np.float64(33.4984484)}"
91,6290324517,"{'y': np.float64(3707461.9520499213), 'x': np.float64(367012.86143406713), 'street_count': np.int64(3), 'lon': np.float64(133.5683507), 'lat': np.float64(33.4984272)}"
92,1557772982,"{'y': np.float64(3707458.749696337), 'x': np.float64(367114.81132587465), 'street_count': np.int64(3), 'lon': np.float64(133.5694484), 'lat': np.float64(33.498411)}"
93,6290324550,"{'y': np.float64(3707489.6083802525), 'x': np.float64(367140.9836264275), 'street_count': np.int64(3), 'lon': np.float64(133.5697255), 'lat': np.float64(33.4986925)}"
94,564465498,"{'y': np.float64(3707492.876921562), 'x': np.float64(367190.3111920366), 'street_count': np.int64(3), 'lon': np.float64(133.5702559), 'lat': np.float64(33.4987281)}"
95,3237851940,"{'y': np.float64(3707473.90002723), 'x': np.float64(367197.65030337166), 'street_count': np.int64(3), 'lon': np.float64(133.5703377), 'lat': np.float64(33.4985579)}"
96,1557773075,"{'y': np.float64(3707500.1724649924), 'x': np.float64(367197.69628005143), 'street_count': np.int64(3), 'lon': np.float64(133.5703343), 'lat': np.float64(33.4987948)}"
97,564465507,"{'y': np.float64(3707505.744544504), 'x': np.float64(367260.97423012997), 'street_count': np.int64(3), 'lon': np.float64(133.5710145), 'lat': np.float64(33.4988529)}"
98,6290324535,"{'y': np.float64(3707515.6973358765), 'x': np.float64(367308.16366055247), 'street_count': np.int64(3), 'lon': np.float64(133.5715209), 'lat': np.float64(33.4989485)}"
99,6290324544,"{'y': np.float64(3707544.419693641), 'x': np.float64(367257.5299426637), 'street_count': np.int64(3), 'lon': np.float64(133.5709717), 'lat': np.float64(33.4992012)}"
100,6290324540,"{'y': np.float64(3707505.187255489), 'x': np.float64(367241.8445265852), 'street_count': np.int64(3), 'lon': np.float64(133.5708087), 'lat': np.float64(33.4988455)}"
101,564465534,"{'y': np.float64(3707553.4129038434), 'x': np.float64(367503.5070248744), 'street_count': np.int64(3), 'lon': np.float64(133.5736177), 'lat': np.float64(33.4993128)}"
102,5362555602,"{'y': np.float64(3707538.7887712605), 'x': np.float64(367520.16084845935), 'street_count': np.int64(3), 'lon': np.float64(133.5737991), 'lat': np.float64(33.499183)}"
103,5331463183,"{'y': np.float64(3707561.841455085), 'x': np.float64(367484.9562526572), 'street_count': np.int64(3), 'lon': np.float64(133.5734168), 'lat': np.float64(33.4993865)}"
104,6280046887,"{'y': np.float64(3707090.1882194625), 'x': np.float64(367176.4572769716), 'street_count': np.int64(3), 'lon': np.float64(133.5701665), 'lat': np.float64(33.4950954)}"
105,6280046731,"{'y': np.float64(3707189.2765939403), 'x': np.float64(367093.0431919272), 'street_count': np.int64(3), 'lon': np.float64(133.5692541), 'lat': np.float64(33.4959785)}"
106,6278123733,"{'y': np.float64(3707206.960446027), 'x': np.float64(367419.6816535924), 'street_count': np.int64(4), 'lon': np.float64(133.5727668), 'lat': np.float64(33.4961785)}"
107,1085590881,"{'y': np.float64(3707039.9418895594), 'x': np.float64(367021.66634003003), 'street_count': np.int64(3), 'highway': 'crossing', 'lon': np.float64(133.5685081), 'lat': np.float64(33.4946231)}"
108,10179631165,"{'y': np.float64(3707018.614618978), 'x': np.float64(366935.68099287245), 'street_count': np.int64(4), 'lon': np.float64(133.5675859), 'lat': np.float64(33.4944201)}"
109,6278123744,"{'y': np.float64(3707311.181100331), 'x': np.float64(367393.53684688977), 'street_count': np.int64(3), 'lon': np.float64(133.57247), 'lat': np.float64(33.497115)}"
110,5362564221,"{'y': np.float64(3707239.5383915454), 'x': np.float64(367419.27476214885), 'street_count': np.int64(3), 'lon': np.float64(133.5727576), 'lat': np.float64(33.4964722)}"
111,5566192285,"{'y': np.float64(3707358.271453285), 'x': np.float64(367374.1330269319), 'street_count': np.int64(3), 'lon': np.float64(133.5722542), 'lat': np.float64(33.4975372)}"
112,5520410420,"{'y': np.float64(3707045.725265342), 'x': np.float64(367019.6739772492), 'street_count': np.int64(4), 'lon': np.float64(133.5684858), 'lat': np.float64(33.494675)}"
113,1431444783,"{'y': np.float64(3706667.7699786727), 'x': np.float64(365169.5051299003), 'street_count': np.int64(3), 'lon': np.float64(133.5486314), 'lat': np.float64(33.4910354)}"
114,4942039766,"{'y': np.float64(3706673.749645383), 'x': np.float64(365196.3417786918), 'street_count': np.int64(3), 'lon': np.float64(133.5489193), 'lat': np.float64(33.4910927)}"
115,4942039770,"{'y': np.float64(3706733.003549703), 'x': np.float64(365148.1246382885), 'street_count': np.int64(3), 'lon': np.float64(133.5483915), 'lat': np.float64(33.4916209)}"
116,1431444809,"{'y': np.float64(3706686.1927685062), 'x': np.float64(365247.94950427086), 'street_count': np.int64(3), 'lon': np.float64(133.5494728), 'lat': np.float64(33.4912114)}"
117,4942039767,"{'y': np.float64(3706680.1084649703), 'x': np.float64(365223.0350092674), 'street_count': np.int64(3), 'lon': np.float64(133.5492056), 'lat': np.float64(33.4911534)}"
118,10255231917,"{'y': np.float64(3706742.467881386), 'x': np.float64(365232.71572038694), 'street_count': np.int64(1), 'lon': np.float64(133.5493004), 'lat': np.float64(33.4917169)}"
119,6295154774,"{'y': np.float64(3707103.9855537987), 'x': np.float64(364831.64867698465), 'street_count': np.int64(3), 'lon': np.float64(133.5449298), 'lat': np.float64(33.494926)}"
120,6295154911,"{'y': np.float64(3707081.07833468), 'x': np.float64(364838.36168896034), 'street_count': np.int64(3), 'lon': np.float64(133.5450055), 'lat': np.float64(33.4947203)}"
121,1431984919,"{'y': np.float64(3707293.5968461083), 'x': np.float64(366461.84957890224), 'street_count': np.int64(3), 'lon': np.float64(133.5624456), 'lat': np.float64(33.4968405)}"
122,12709933162,"{'y': np.float64(3707293.995238751), 'x': np.float64(366406.6710363181), 'street_count': np.int64(3), 'lon': np.float64(133.5618517), 'lat': np.float64(33.4968372)}"
123,1557772933,"{'y': np.float64(3707447.1092020883), 'x': np.float64(365938.47571723256), 'street_count': np.int64(4), 'lon': np.float64(133.55679), 'lat': np.float64(33.4981592)}"
124,5379614803,"{'y': np.float64(3707475.1411892124), 'x': np.float64(366968.45295250375), 'street_count': np.int64(1), 'lon': np.float64(133.5678708), 'lat': np.float64(33.4985406)}"
125,1431985067,"{'y': np.float64(3707565.8905811757), 'x': np.float64(367456.63570023), 'street_count': np.int64(3), 'lon': np.float64(133.5731114), 'lat': np.float64(33.4994195)}"
126,6280082900,"{'y': np.float64(3707566.1978833787), 'x': np.float64(367469.77809097694), 'street_count': np.int64(3), 'lon': np.float64(133.5732528), 'lat': np.float64(33.4994239)}"
127,6280082814,"{'y': np.float64(3707554.1581883165), 'x': np.float64(367329.15291073296), 'street_count': np.int64(3), 'lon': np.float64(133.5717411), 'lat': np.float64(33.4992979)}"
128,6280082807,"{'y': np.float64(3707558.8766262466), 'x': np.float64(367432.79020465206), 'street_count': np.int64(3), 'lon': np.float64(133.5728558), 'lat': np.float64(33.4993533)}"
129,1431985079,"{'y': np.float64(3707639.407313234), 'x': np.float64(364714.17376263335), 'street_count': np.int64(3), 'lon': np.float64(133.5435847), 'lat': np.float64(33.4997389)}"
130,1557773303,"{'y': np.float64(3707641.2283811946), 'x': np.float64(364711.6441341207), 'street_count': np.int64(3), 'lon': np.float64(133.5435572), 'lat': np.float64(33.499755)}"
131,9935108932,"{'y': np.float64(3707617.3529677284), 'x': np.float64(364792.8985932311), 'street_count': np.int64(3), 'lon': np.float64(133.5444353), 'lat': np.float64(33.49955)}"
132,1557773002,"{'y': np.float64(3707505.101059443), 'x': np.float64(364784.5599777191), 'street_count': np.int64(3), 'lon': np.float64(133.5443625), 'lat': np.float64(33.4985368)}"
133,1431985103,"{'y': np.float64(3707661.367279112), 'x': np.float64(365502.7848574961), 'street_count': np.int64(3), 'lon': np.float64(133.5520688), 'lat': np.float64(33.5000364)}"
134,5447091880,"{'y': np.float64(3707684.688824473), 'x': np.float64(365798.95091171016), 'street_count': np.int64(3), 'lon': np.float64(133.5552528), 'lat': np.float64(33.5002839)}"
135,5348084062,"{'y': np.float64(3707645.091068309), 'x': np.float64(365484.9689277101), 'street_count': np.int64(3), 'lon': np.float64(133.5518795), 'lat': np.float64(33.4998874)}"
136,5348277744,"{'y': np.float64(3707627.2403196935), 'x': np.float64(365539.47491797846), 'street_count': np.int64(3), 'lon': np.float64(133.5524688), 'lat': np.float64(33.4997333)}"
137,1431985105,"{'y': np.float64(3707666.202619861), 'x': np.float64(364950.6386211825), 'street_count': np.int64(4), 'lon': np.float64(133.5461256), 'lat': np.float64(33.5000104)}"
138,9935063192,"{'y': np.float64(3707691.9472875483), 'x': np.float64(365064.4300077453), 'street_count': np.int64(3), 'lon': np.float64(133.5473464), 'lat': np.float64(33.5002569)}"
139,1557773115,"{'y': np.float64(3707568.480042833), 'x': np.float64(364952.5310643839), 'street_count': np.int64(3), 'lon': np.float64(133.5461607), 'lat': np.float64(33.4991295)}"
140,1557773271,"{'y': np.float64(3707620.6648149276), 'x': np.float64(364842.2369190614), 'street_count': np.int64(3), 'lon': np.float64(133.5449658), 'lat': np.float64(33.4995861)}"
141,1431985109,"{'y': np.float64(3707673.207416956), 'x': np.float64(365296.5764327592), 'street_count': np.int64(4), 'lon': np.float64(133.5498477), 'lat': np.float64(33.5001172)}"
142,5348277756,"{'y': np.float64(3707717.4558607144), 'x': np.float64(365295.1691593227), 'street_count': np.int64(3), 'lon': np.float64(133.5498259), 'lat': np.float64(33.500516)}"
143,1557773242,"{'y': np.float64(3707603.847387981), 'x': np.float64(365299.7699313096), 'street_count': np.int64(3), 'lon': np.float64(133.5498925), 'lat': np.float64(33.4994922)}"
144,9801818794,"{'y': np.float64(3707647.5600785697), 'x': np.float64(365435.20079935633), 'street_count': np.int64(3), 'lon': np.float64(133.5513435), 'lat': np.float64(33.4999034)}"
145,9935063178,"{'y': np.float64(3707684.344033409), 'x': np.float64(365207.5800745465), 'street_count': np.int64(3), 'lon': np.float64(133.5488882), 'lat': np.float64(33.5002064)}"
146,1431985144,"{'y': np.float64(3707708.1135656564), 'x': np.float64(365813.16771086026), 'street_count': np.int64(1), 'lon': np.float64(133.5554023), 'lat': np.float64(33.5004969)}"
147,5447091879,"{'y': np.float64(3707463.9405129747), 'x': np.float64(365827.1445756508), 'street_count': np.int64(3), 'lon': np.float64(133.5555893), 'lat': np.float64(33.498297)}"
148,1557771248,"{'y': np.float64(3706692.8765047113), 'x': np.float64(365854.39315699105), 'street_count': np.int64(3), 'lon': np.float64(133.555998), 'lat': np.float64(33.4913479)}"
149,10255230928,"{'y': np.float64(3706722.4297809396), 'x': np.float64(365946.30641913164), 'street_count': np.int64(3), 'lon': np.float64(133.5569827), 'lat': np.float64(33.4916259)}"
150,6303771989,"{'y': np.float64(3706755.20787931), 'x': np.float64(366049.637706358), 'street_count': np.int64(4), 'lon': np.float64(133.5580898), 'lat': np.float64(33.4919344)}"
151,1557771425,"{'y': np.float64(3706793.551171187), 'x': np.float64(366167.58793624694), 'street_count': np.int64(3), 'lon': np.float64(133.5593534), 'lat': np.float64(33.4922949)}"
152,6303772614,"{'y': np.float64(3706808.8211096316), 'x': np.float64(366213.2577417338), 'street_count': np.int64(3), 'lon': np.float64(133.5598426), 'lat': np.float64(33.4924383)}"
153,1557771537,"{'y': np.float64(3706895.3931664047), 'x': np.float64(365337.57878052373), 'street_count': np.int64(3), 'lon': np.float64(133.5504059), 'lat': np.float64(33.493109)}"
154,10180235167,"{'y': np.float64(3706773.5961682913), 'x': np.float64(365253.5382119634), 'street_count': np.int64(3), 'lon': np.float64(133.5495198), 'lat': np.float64(33.4920002)}"
155,6303772299,"{'y': np.float64(3706871.351564549), 'x': np.float64(365909.6371926084), 'street_count': np.int64(3), 'lon': np.float64(133.5565658), 'lat': np.float64(33.4929641)}"
156,1557771706,"{'y': np.float64(3706943.354468455), 'x': np.float64(365787.3869212465), 'street_count': np.int64(4), 'lon': np.float64(133.5552394), 'lat': np.float64(33.493598)}"
157,1557771520,"{'y': np.float64(3706840.0044469326), 'x': np.float64(366311.026753717), 'street_count': np.int64(4), 'lon': np.float64(133.5608901), 'lat': np.float64(33.4927317)}"
158,12709155884,"{'y': np.float64(3706825.4296650738), 'x': np.float64(366317.5708845973), 'street_count': np.int64(4), 'lon': np.float64(133.5609627), 'lat': np.float64(33.4926011)}"
159,6303772621,"{'y': np.float64(3706825.2113554208), 'x': np.float64(366250.13385501376), 'street_count': np.int64(3), 'lon': np.float64(133.560237), 'lat': np.float64(33.4925907)}"
160,6303772627,"{'y': np.float64(3706848.4518662044), 'x': np.float64(366340.8790484166), 'street_count': np.int64(3), 'lon': np.float64(133.5612101), 'lat': np.float64(33.4928116)}"
161,6303772600,"{'y': np.float64(3706886.3227267247), 'x': np.float64(366293.0844659967), 'street_count': np.int64(3), 'lon': np.float64(133.5606901), 'lat': np.float64(33.4931471)}"
162,1557771526,"{'y': np.float64(3706859.378386524), 'x': np.float64(365230.69766208355), 'street_count': np.int64(1), 'lon': np.float64(133.5492611), 'lat': np.float64(33.4927708)}"
163,5505868013,"{'y': np.float64(3706995.6174018574), 'x': np.float64(365313.76875377697), 'street_count': np.int64(4), 'lon': np.float64(133.5501346), 'lat': np.float64(33.4940097)}"
164,5483863129,"{'y': np.float64(3706881.8008062337), 'x': np.float64(364993.0170746512), 'street_count': np.int64(3), 'lon': np.float64(133.5466999), 'lat': np.float64(33.492943)}"
165,4942039778,"{'y': np.float64(3706889.263457679), 'x': np.float64(364998.65046175825), 'street_count': np.int64(3), 'lon': np.float64(133.5467594), 'lat': np.float64(33.493011)}"
166,1557771793,"{'y': np.float64(3707015.3279178394), 'x': np.float64(365590.1691404829), 'street_count': np.int64(3), 'lon': np.float64(133.5531062), 'lat': np.float64(33.4942222)}"
167,1557771608,"{'y': np.float64(3706889.7658037324), 'x': np.float64(365093.5130801436), 'street_count': np.int64(3), 'lon': np.float64(133.5477802), 'lat': np.float64(33.4930275)}"
168,1557771628,"{'y': np.float64(3706923.8113836334), 'x': np.float64(365080.1903925091), 'street_count': np.int64(3), 'lon': np.float64(133.5476317), 'lat': np.float64(33.4933328)}"
169,4942039779,"{'y': np.float64(3706858.389936248), 'x': np.float64(365018.2896365905), 'street_count': np.int64(3), 'lon': np.float64(133.5469754), 'lat': np.float64(33.4927351)}"
170,4942039777,"{'y': np.float64(3706767.5936229993), 'x': np.float64(365077.63303195965), 'street_count': np.int64(3), 'lon': np.float64(133.5476277), 'lat': np.float64(33.4919239)}"
171,1557771611,"{'y': np.float64(3706893.031178239), 'x': np.float64(366003.9387845863), 'street_count': np.int64(3), 'lon': np.float64(133.5575774), 'lat': np.float64(33.4931714)}"
172,6310055102,"{'y': np.float64(3706806.7285400606), 'x': np.float64(366028.4699670058), 'street_count': np.int64(3), 'lon': np.float64(133.5578543), 'lat': np.float64(33.4923963)}"
173,6303772292,"{'y': np.float64(3706875.9441452427), 'x': np.float64(365925.5071571745), 'street_count': np.int64(4), 'lon': np.float64(133.5567359), 'lat': np.float64(33.4930075)}"
174,5505868017,"{'y': np.float64(3707017.915560488), 'x': np.float64(365084.8336475471), 'street_count': np.int64(3), 'lon': np.float64(133.5476675), 'lat': np.float64(33.4941819)}"
175,6310054187,"{'y': np.float64(3706919.555375222), 'x': np.float64(366138.3843816783), 'street_count': np.int64(3), 'lon': np.float64(133.5590203), 'lat': np.float64(33.4934274)}"
176,1557771755,"{'y': np.float64(3706973.216659382), 'x': np.float64(365849.8648481587), 'street_count': np.int64(3), 'lon': np.float64(133.5559073), 'lat': np.float64(33.4938751)}"
177,1557771999,"{'y': np.float64(3707083.1876495047), 'x': np.float64(365751.96983905253), 'street_count': np.int64(4), 'lon': np.float64(133.5548373), 'lat': np.float64(33.4948544)}"
178,1557771722,"{'y': np.float64(3706949.422032937), 'x': np.float64(366279.8538907444), 'street_count': np.int64(4), 'lon': np.float64(133.5605383), 'lat': np.float64(33.4937144)}"
179,12709983196,"{'y': np.float64(3706945.8093982018), 'x': np.float64(366262.05577845004), 'street_count': np.int64(3), 'lon': np.float64(133.5603473), 'lat': np.float64(33.4936796)}"
180,6310054208,"{'y': np.float64(3706954.403955355), 'x': np.float64(366306.0803643207), 'street_count': np.int64(3), 'lon': np.float64(133.5608198), 'lat': np.float64(33.4937626)}"
181,6310054211,"{'y': np.float64(3707008.3341402397), 'x': np.float64(366267.8663337068), 'street_count': np.int64(4), 'lon': np.float64(133.5604005), 'lat': np.float64(33.4942441)}"
182,6303772285,"{'y': np.float64(3706987.7956668525), 'x': np.float64(365900.4496359468), 'street_count': np.int64(3), 'lon': np.float64(133.5564495), 'lat': np.float64(33.4940129)}"
183,6303772016,"{'y': np.float64(3706987.2840254377), 'x': np.float64(365843.94632396346), 'street_count': np.int64(1), 'lon': np.float64(133.5558415), 'lat': np.float64(33.4940012)}"
184,1557771756,"{'y': np.float64(3706973.567087086), 'x': np.float64(365967.42469685245), 'street_count': np.int64(3), 'lon': np.float64(133.5571724), 'lat': np.float64(33.493893)}"
185,6303772053,"{'y': np.float64(3706995.1299774973), 'x': np.float64(365942.4684178184), 'street_count': np.int64(3), 'lon': np.float64(133.5569006), 'lat': np.float64(33.4940843)}"
186,6303772268,"{'y': np.float64(3706952.922556751), 'x': np.float64(365990.94427125866), 'street_count': np.int64(3), 'lon': np.float64(133.5574286), 'lat': np.float64(33.4937098)}"
187,6303772270,"{'y': np.float64(3706980.1972104725), 'x': np.float64(365987.51353517594), 'street_count': np.int64(3), 'lon': np.float64(133.5573876), 'lat': np.float64(33.4939553)}"
188,5505868003,"{'y': np.float64(3707122.9135923814), 'x': np.float64(365331.2410472386), 'street_count': np.int64(3), 'lon': np.float64(133.5503035), 'lat': np.float64(33.4951597)}"
189,1557771930,"{'y': np.float64(3707063.061061326), 'x': np.float64(365594.95088674437), 'street_count': np.int64(3), 'lon': np.float64(133.5531505), 'lat': np.float64(33.4946532)}"
190,1557771804,"{'y': np.float64(3706998.86103154), 'x': np.float64(365938.1436985202), 'street_count': np.int64(3), 'lon': np.float64(133.5568535), 'lat': np.float64(33.4941174)}"
191,6303772288,"{'y': np.float64(3707035.929399778), 'x': np.float64(365895.57164230704), 'street_count': np.int64(3), 'lon': np.float64(133.5563898), 'lat': np.float64(33.4944463)}"
192,6303772290,"{'y': np.float64(3706990.1454242854), 'x': np.float64(365911.71650195215), 'street_count': np.int64(3), 'lon': np.float64(133.5565704), 'lat': np.float64(33.4940355)}"
193,12709933134,"{'y': np.float64(3707042.6417961414), 'x': np.float64(366551.6847235125), 'street_count': np.int64(3), 'lon': np.float64(133.5634498), 'lat': np.float64(33.4945889)}"
194,1557771904,"{'y': np.float64(3707032.6407458084), 'x': np.float64(366425.75042595324), 'street_count': np.int64(3), 'lon': np.float64(133.562096), 'lat': np.float64(33.494483)}"
195,6310054050,"{'y': np.float64(3706974.935959481), 'x': np.float64(366433.8622211971), 'street_count': np.int64(4), 'lon': np.float64(133.5621919), 'lat': np.float64(33.4939637)}"
196,6310054021,"{'y': np.float64(3707028.509879251), 'x': np.float64(366389.30546830187), 'street_count': np.int64(4), 'lon': np.float64(133.5617044), 'lat': np.float64(33.4944412)}"
197,1557771956,"{'y': np.float64(3707059.0307427626), 'x': np.float64(366422.9195317469), 'street_count': np.int64(3), 'lon': np.float64(133.5620616), 'lat': np.float64(33.4947206)}"
198,1557771913,"{'y': np.float64(3707041.453815617), 'x': np.float64(366506.10937222996), 'street_count': np.int64(3), 'lon': np.float64(133.5629595), 'lat': np.float64(33.4945725)}"
199,1557771928,"{'y': np.float64(3707045.128695245), 'x': np.float64(366487.39960670023), 'street_count': np.int64(3), 'lon': np.float64(133.5627576), 'lat': np.float64(33.4946033)}"
200,6310054052,"{'y': np.float64(3706988.3496004995), 'x': np.float64(366511.1631735477), 'street_count': np.int64(3), 'lon': np.float64(133.5630218), 'lat': np.float64(33.4940943)}"
201,1557771918,"{'y': np.float64(3707042.936259739), 'x': np.float64(366312.6507633968), 'street_count': np.int64(3), 'lon': np.float64(133.5608773), 'lat': np.float64(33.4945617)}"
202,6310054206,"{'y': np.float64(3707033.005005945), 'x': np.float64(366265.8483008803), 'street_count': np.int64(3), 'lon': np.float64(133.5603751), 'lat': np.float64(33.4944663)}"
203,6310054040,"{'y': np.float64(3707105.4902103404), 'x': np.float64(366302.75789537455), 'street_count': np.int64(3), 'lon': np.float64(133.5607615), 'lat': np.float64(33.4951245)}"
204,6310054215,"{'y': np.float64(3707023.8406879236), 'x': np.float64(366319.69888383197), 'street_count': np.int64(3), 'lon': np.float64(133.560956), 'lat': np.float64(33.4943904)}"
205,1557771923,"{'y': np.float64(3707051.830446435), 'x': np.float64(365880.60953512276), 'street_count': np.int64(3), 'lon': np.float64(133.5562264), 'lat': np.float64(33.4945878)}"
206,6303772044,"{'y': np.float64(3707059.464780567), 'x': np.float64(365870.74533248757), 'street_count': np.int64(3), 'lon': np.float64(133.5561191), 'lat': np.float64(33.4946554)}"
207,1557772002,"{'y': np.float64(3707086.770653073), 'x': np.float64(365893.77915743284), 'street_count': np.int64(3), 'lon': np.float64(133.5563629), 'lat': np.float64(33.4949045)}"
208,12709933131,"{'y': np.float64(3707103.2870739843), 'x': np.float64(366480.96641743206), 'street_count': np.int64(1), 'lon': np.float64(133.5626797), 'lat': np.float64(33.4951269)}"
209,1557772139,"{'y': np.float64(3707132.7265054327), 'x': np.float64(365605.632094255), 'street_count': np.int64(3), 'lon': np.float64(133.553255), 'lat': np.float64(33.4952827)}"
210,5505868004,"{'y': np.float64(3707121.2435855013), 'x': np.float64(365345.2022427775), 'street_count': np.int64(3), 'lon': np.float64(133.550454), 'lat': np.float64(33.4951464)}"
211,6310054014,"{'y': np.float64(3707054.5982931126), 'x': np.float64(366379.4271233177), 'street_count': np.int64(4), 'lon': np.float64(133.5615942), 'lat': np.float64(33.4946752)}"
212,1557772089,"{'y': np.float64(3707112.220660005), 'x': np.float64(364950.73983267695), 'street_count': np.int64(4), 'lon': np.float64(133.5462102), 'lat': np.float64(33.4950153)}"
213,6303772041,"{'y': np.float64(3707070.37174886), 'x': np.float64(365840.88370034174), 'street_count': np.int64(3), 'lon': np.float64(133.5557961), 'lat': np.float64(33.49475)}"
214,9935108926,"{'y': np.float64(3707136.874559188), 'x': np.float64(365764.0535408496), 'street_count': np.int64(3), 'lon': np.float64(133.5549593), 'lat': np.float64(33.49534)}"
215,12709993883,"{'y': np.float64(3707110.2202046113), 'x': np.float64(365897.45041716343), 'street_count': np.int64(3), 'lon': np.float64(133.5563989), 'lat': np.float64(33.4951164)}"
216,6303772033,"{'y': np.float64(3707080.454814481), 'x': np.float64(365942.8183613527), 'street_count': np.int64(1), 'lon': np.float64(133.5568916), 'lat': np.float64(33.4948537)}"
217,1557772098,"{'y': np.float64(3707131.1056922097), 'x': np.float64(364994.4446707381), 'street_count': np.int64(3), 'lon': np.float64(133.5466777), 'lat': np.float64(33.4951911)}"
218,4942039786,"{'y': np.float64(3707056.4776671417), 'x': np.float64(364956.4450195597), 'street_count': np.int64(3), 'lon': np.float64(133.54628), 'lat': np.float64(33.4945134)}"
219,1557772099,"{'y': np.float64(3707144.2738859938), 'x': np.float64(364949.82283314556), 'street_count': np.int64(3), 'lon': np.float64(133.5461955), 'lat': np.float64(33.4953042)}"
220,4942039793,"{'y': np.float64(3707069.703440924), 'x': np.float64(364994.83010939707), 'street_count': np.int64(3), 'lon': np.float64(133.5466911), 'lat': np.float64(33.4946375)}"
221,1557772219,"{'y': np.float64(3707165.652422449), 'x': np.float64(365066.5512189725), 'street_count': np.int64(4), 'lon': np.float64(133.5474485), 'lat': np.float64(33.4955117)}"
222,1557772292,"{'y': np.float64(3707188.1449397183), 'x': np.float64(364953.9868360611), 'street_count': np.int64(4), 'lon': np.float64(133.5462337), 'lat': np.float64(33.4957003)}"
223,1557772136,"{'y': np.float64(3707142.539561413), 'x': np.float64(365065.7817614892), 'street_count': np.int64(3), 'lon': np.float64(133.5474437), 'lat': np.float64(33.4953032)}"
224,4942039784,"{'y': np.float64(3707098.0514374664), 'x': np.float64(365066.87823497585), 'street_count': np.int64(4), 'lon': np.float64(133.5474622), 'lat': np.float64(33.4949022)}"
225,1557772284,"{'y': np.float64(3707181.72008646), 'x': np.float64(365092.08746750746), 'street_count': np.int64(3), 'lon': np.float64(133.5477209), 'lat': np.float64(33.4956598)}"
226,4942039796,"{'y': np.float64(3707187.2442542636), 'x': np.float64(365065.06002082373), 'street_count': np.int64(3), 'lon': np.float64(133.5474292), 'lat': np.float64(33.4957062)}"
227,1557772325,"{'y': np.float64(3707195.4546366325), 'x': np.float64(365118.7153207273), 'street_count': np.int64(3), 'lon': np.float64(133.5480054), 'lat': np.float64(33.495787)}"
228,1557772387,"{'y': np.float64(3707228.0911284387), 'x': np.float64(364958.06796737015), 'street_count': np.int64(3), 'lon': np.float64(133.5462716), 'lat': np.float64(33.496061)}"
229,6310054046,"{'y': np.float64(3707005.649942239), 'x': np.float64(366648.2749975218), 'street_count': np.int64(3), 'lon': np.float64(133.5644948), 'lat': np.float64(33.4942674)}"
230,1557772364,"{'y': np.float64(3707188.3034120547), 'x': np.float64(367487.6737816603), 'street_count': np.int64(3), 'lon': np.float64(133.5735013), 'lat': np.float64(33.4960187)}"
231,5331435468,"{'y': np.float64(3707185.283040271), 'x': np.float64(367505.70492883923), 'street_count': np.int64(3), 'lon': np.float64(133.5736958), 'lat': np.float64(33.4959937)}"
232,5331435467,"{'y': np.float64(3707190.0407715244), 'x': np.float64(367437.1221105429), 'street_count': np.int64(3), 'lon': np.float64(133.572957), 'lat': np.float64(33.4960281)}"
233,6278123428,"{'y': np.float64(3707209.1767583527), 'x': np.float64(367497.2617691117), 'street_count': np.int64(3), 'lon': np.float64(133.5736014), 'lat': np.float64(33.4962081)}"
234,1557772367,"{'y': np.float64(3707176.5875684316), 'x': np.float64(367550.14920708595), 'street_count': np.int64(3), 'lon': np.float64(133.5741754), 'lat': np.float64(33.4959208)}"
235,1557772549,"{'y': np.float64(3707268.1472673155), 'x': np.float64(367533.3530200606), 'street_count': np.int64(3), 'lon': np.float64(133.5739811), 'lat': np.float64(33.4967443)}"
236,5331435436,"{'y': np.float64(3707161.056145651), 'x': np.float64(367580.3853294259), 'street_count': np.int64(3), 'lon': np.float64(133.5745031), 'lat': np.float64(33.4957845)}"
237,1557772376,"{'y': np.float64(3707209.670934702), 'x': np.float64(367416.13227497914), 'street_count': np.int64(3), 'lon': np.float64(133.5727282), 'lat': np.float64(33.4962025)}"
238,6278123710,"{'y': np.float64(3707174.3430117443), 'x': np.float64(367163.49284660106), 'street_count': np.int64(3), 'lon': np.float64(133.5700145), 'lat': np.float64(33.4958526)}"
239,1557772379,"{'y': np.float64(3707223.752117058), 'x': np.float64(365067.57798502897), 'street_count': np.int64(3), 'lon': np.float64(133.5474508), 'lat': np.float64(33.4960357)}"
240,1557772417,"{'y': np.float64(3707228.473132321), 'x': np.float64(365067.82989066106), 'street_count': np.int64(3), 'lon': np.float64(133.5474528), 'lat': np.float64(33.4960783)}"
241,1557772389,"{'y': np.float64(3707213.917953173), 'x': np.float64(365881.340183704), 'street_count': np.int64(3), 'lon': np.float64(133.55621), 'lat': np.float64(33.4960494)}"
242,11063288404,"{'y': np.float64(3707280.809323402), 'x': np.float64(366075.6618835814), 'street_count': np.int64(4), 'lon': np.float64(133.5582913), 'lat': np.float64(33.4966769)}"
243,6295493947,"{'y': np.float64(3707217.6277518193), 'x': np.float64(365828.32564859104), 'street_count': np.int64(1), 'lon': np.float64(133.5556389), 'lat': np.float64(33.4960762)}"
244,6295493949,"{'y': np.float64(3707246.68451798), 'x': np.float64(365915.2374585428), 'street_count': np.int64(3), 'lon': np.float64(133.5565699), 'lat': np.float64(33.4963491)}"
245,10180235201,"{'y': np.float64(3707228.9985530656), 'x': np.float64(365103.9922221958), 'street_count': np.int64(3), 'lon': np.float64(133.5478419), 'lat': np.float64(33.4960876)}"
246,1557772421,"{'y': np.float64(3707235.3251232253), 'x': np.float64(365913.8436686471), 'street_count': np.int64(3), 'lon': np.float64(133.5565566), 'lat': np.float64(33.4962465)}"
247,4942039761,"{'y': np.float64(3707256.828349406), 'x': np.float64(365136.22498838586), 'street_count': np.int64(3), 'lon': np.float64(133.5481846), 'lat': np.float64(33.4963426)}"
248,1557772532,"{'y': np.float64(3707328.958664732), 'x': np.float64(364735.7696745562), 'street_count': np.int64(1), 'lon': np.float64(133.543864), 'lat': np.float64(33.4969424)}"
249,4942039836,"{'y': np.float64(3707372.608921958), 'x': np.float64(364738.2775830986), 'street_count': np.int64(3), 'lon': np.float64(133.5438844), 'lat': np.float64(33.4973363)}"
250,5379614787,"{'y': np.float64(3707270.821516084), 'x': np.float64(367505.8024941584), 'street_count': np.int64(1), 'lon': np.float64(133.5736842), 'lat': np.float64(33.496765)}"
251,1557772672,"{'y': np.float64(3707311.7068470493), 'x': np.float64(367542.4719913479), 'street_count': np.int64(3), 'lon': np.float64(133.5740728), 'lat': np.float64(33.4971382)}"
252,5362564238,"{'y': np.float64(3707317.364441453), 'x': np.float64(367521.3738739141), 'street_count': np.int64(1), 'lon': np.float64(133.5738449), 'lat': np.float64(33.4971866)}"
253,1557772758,"{'y': np.float64(3707345.217322782), 'x': np.float64(367564.60059574805), 'street_count': np.int64(3), 'lon': np.float64(133.574306), 'lat': np.float64(33.4974431)}"
254,5362555616,"{'y': np.float64(3707374.7726208954), 'x': np.float64(367619.54864443763), 'street_count': np.int64(3), 'lon': np.float64(133.574893), 'lat': np.float64(33.4977164)}"
255,5351385807,"{'y': np.float64(3707421.996436221), 'x': np.float64(367574.2406878911), 'street_count': np.int64(4), 'lon': np.float64(133.5743984), 'lat': np.float64(33.4981366)}"
256,1557772775,"{'y': np.float64(3707380.8181902287), 'x': np.float64(365206.92301601864), 'street_count': np.int64(3), 'lon': np.float64(133.5489268), 'lat': np.float64(33.4974695)}"
257,6878716022,"{'y': np.float64(3707379.912911295), 'x': np.float64(365209.80010898906), 'street_count': np.int64(3), 'lon': np.float64(133.5489579), 'lat': np.float64(33.4974617)}"
258,1557772785,"{'y': np.float64(3707385.4931273996), 'x': np.float64(365193.81261119735), 'street_count': np.int64(3), 'lon': np.float64(133.548785), 'lat': np.float64(33.49751)}"
259,6718716808,"{'y': np.float64(3707409.0857595135), 'x': np.float64(365198.34236051113), 'street_count': np.int64(3), 'lon': np.float64(133.5488302), 'lat': np.float64(33.4977233)}"
260,1557772882,"{'y': np.float64(3707427.7189311585), 'x': np.float64(365084.0819896243), 'street_count': np.int64(3), 'lon': np.float64(133.5475977), 'lat': np.float64(33.4978769)}"
261,1557772799,"{'y': np.float64(3707399.0240404163), 'x': np.float64(364730.54570618185), 'street_count': np.int64(3), 'lon': np.float64(133.5437972), 'lat': np.float64(33.4975735)}"
262,4942039845,"{'y': np.float64(3707411.204627251), 'x': np.float64(364731.8966571877), 'street_count': np.int64(3), 'lon': np.float64(133.5438099), 'lat': np.float64(33.4976835)}"
263,1557772903,"{'y': np.float64(3707441.9870551466), 'x': np.float64(365067.02687748615), 'street_count': np.int64(3), 'lon': np.float64(133.547412), 'lat': np.float64(33.4980034)}"
264,1557772900,"{'y': np.float64(3707435.4838106516), 'x': np.float64(364637.71206629765), 'street_count': np.int64(3), 'lon': np.float64(133.5427926), 'lat': np.float64(33.4978905)}"
265,9935063199,"{'y': np.float64(3707534.283585575), 'x': np.float64(365078.799593261), 'street_count': np.int64(3), 'lon': np.float64(133.5475248), 'lat': np.float64(33.4988371)}"
266,4942039747,"{'y': np.float64(3707450.193243091), 'x': np.float64(364989.4441891497), 'street_count': np.int64(4), 'lon': np.float64(133.5465758), 'lat': np.float64(33.4980676)}"
267,5353289424,"{'y': np.float64(3707722.261693684), 'x': np.float64(366045.4644829234), 'street_count': np.int64(1), 'lon': np.float64(133.5579003), 'lat': np.float64(33.5006536)}"
268,1557772949,"{'y': np.float64(3707467.8974576374), 'x': np.float64(364938.4946895265), 'street_count': np.int64(3), 'lon': np.float64(133.5460248), 'lat': np.float64(33.4982208)}"
269,1557772990,"{'y': np.float64(3707498.8403025568), 'x': np.float64(364851.40962242207), 'street_count': np.int64(3), 'lon': np.float64(133.5450829), 'lat': np.float64(33.4984888)}"
270,1557772962,"{'y': np.float64(3707449.535333093), 'x': np.float64(367194.36925108597), 'street_count': np.int64(3), 'lon': np.float64(133.570306), 'lat': np.float64(33.4983378)}"
271,6290324632,"{'y': np.float64(3707454.6265017386), 'x': np.float64(367196.73440858), 'street_count': np.int64(3), 'lon': np.float64(133.5703307), 'lat': np.float64(33.498384)}"
272,6290324567,"{'y': np.float64(3707283.2920914143), 'x': np.float64(367204.74403831165), 'street_count': np.int64(1), 'lon': np.float64(133.5704423), 'lat': np.float64(33.4968401)}"
273,6290324526,"{'y': np.float64(3707384.726058586), 'x': np.float64(367116.89449044445), 'street_count': np.int64(1), 'lon': np.float64(133.5694818), 'lat': np.float64(33.4977438)}"
274,1557773005,"{'y': np.float64(3707466.631092218), 'x': np.float64(367669.03317216283), 'street_count': np.int64(3), 'lon': np.float64(133.575412), 'lat': np.float64(33.4985508)}"
275,5520410368,"{'y': np.float64(3707475.1667096964), 'x': np.float64(367656.39300873876), 'street_count': np.int64(3), 'lon': np.float64(133.5752747), 'lat': np.float64(33.4986262)}"
276,1557773018,"{'y': np.float64(3707466.774220786), 'x': np.float64(367695.7762826585), 'street_count': np.int64(3), 'lon': np.float64(133.5756998), 'lat': np.float64(33.4985554)}"
277,5351385803,"{'y': np.float64(3707428.2634998127), 'x': np.float64(367608.08320397337), 'street_count': np.int64(3), 'lon': np.float64(133.5747617), 'lat': np.float64(33.4981973)}"
278,1557773009,"{'y': np.float64(3707459.2000015755), 'x': np.float64(367731.30554554507), 'street_count': np.int64(3), 'lon': np.float64(133.5760833), 'lat': np.float64(33.4984915)}"
279,6290381982,"{'y': np.float64(3707652.1098961537), 'x': np.float64(367668.74515251804), 'street_count': np.int64(3), 'lon': np.float64(133.5753815), 'lat': np.float64(33.5002232)}"
280,5351385797,"{'y': np.float64(3707423.041225773), 'x': np.float64(367676.65795964247), 'street_count': np.int64(3), 'lon': np.float64(133.5755005), 'lat': np.float64(33.4981587)}"
281,1557773016,"{'y': np.float64(3707499.524979915), 'x': np.float64(367611.6819689674), 'street_count': np.int64(3), 'lon': np.float64(133.5747899), 'lat': np.float64(33.4988403)}"
282,2569489205,"{'y': np.float64(3707512.151614471), 'x': np.float64(367608.02724222344), 'street_count': np.int64(3), 'lon': np.float64(133.5747487), 'lat': np.float64(33.4989537)}"
283,5362555608,"{'y': np.float64(3707470.793712467), 'x': np.float64(367607.3663986489), 'street_count': np.int64(3), 'lon': np.float64(133.5747477), 'lat': np.float64(33.4985807)}"
284,9935063186,"{'y': np.float64(3707574.185997091), 'x': np.float64(365178.7690033949), 'street_count': np.int64(3), 'lon': np.float64(133.5485947), 'lat': np.float64(33.4992095)}"
285,6290324538,"{'y': np.float64(3707518.3511970416), 'x': np.float64(367198.3833879951), 'street_count': np.int64(3), 'lon': np.float64(133.570339), 'lat': np.float64(33.4989588)}"
286,1557773088,"{'y': np.float64(3707544.4641162124), 'x': np.float64(365079.629646373), 'street_count': np.int64(3), 'lon': np.float64(133.5475322), 'lat': np.float64(33.498929)}"
287,9935063198,"{'y': np.float64(3707550.9282939225), 'x': np.float64(365001.307933148), 'street_count': np.int64(3), 'lon': np.float64(133.5466883), 'lat': np.float64(33.4989774)}"
288,9935063191,"{'y': np.float64(3707584.396554883), 'x': np.float64(365081.52647218364), 'street_count': np.int64(3), 'lon': np.float64(133.5475466), 'lat': np.float64(33.4992893)}"
289,1557773125,"{'y': np.float64(3707533.64898476), 'x': np.float64(367199.6905105212), 'street_count': np.int64(3), 'lon': np.float64(133.5703508), 'lat': np.float64(33.4990969)}"
290,6290324542,"{'y': np.float64(3707541.166349306), 'x': np.float64(367240.09141269955), 'street_count': np.int64(3), 'lon': np.float64(133.5707845), 'lat': np.float64(33.4991697)}"
291,3237851935,"{'y': np.float64(3707523.344164227), 'x': np.float64(367049.3506625709), 'street_count': np.int64(1), 'lon': np.float64(133.5687343), 'lat': np.float64(33.4989853)}"
292,9935063181,"{'y': np.float64(3707635.79064137), 'x': np.float64(365197.2194162046), 'street_count': np.int64(4), 'lon': np.float64(133.548784), 'lat': np.float64(33.4997673)}"
293,1557773430,"{'y': np.float64(3707682.8042026456), 'x': np.float64(365109.13358708797), 'street_count': np.int64(3), 'lon': np.float64(133.5478289), 'lat': np.float64(33.5001801)}"
294,2569489163,"{'y': np.float64(3707230.561978363), 'x': np.float64(367374.4298216053), 'street_count': np.int64(1), 'lon': np.float64(133.5722763), 'lat': np.float64(33.4963857)}"
295,2569489193,"{'y': np.float64(3707294.431407287), 'x': np.float64(367333.3096095416), 'street_count': np.int64(3), 'lon': np.float64(133.5718243), 'lat': np.float64(33.4969565)}"
296,6290324357,"{'y': np.float64(3707202.182699647), 'x': np.float64(367342.9210747505), 'street_count': np.int64(1), 'lon': np.float64(133.5719414), 'lat': np.float64(33.4961259)}"
297,5505867982,"{'y': np.float64(3707419.7943171547), 'x': np.float64(367567.4275557589), 'street_count': np.int64(3), 'lon': np.float64(133.5743254), 'lat': np.float64(33.4981159)}"
298,5505867960,"{'y': np.float64(3707514.700331532), 'x': np.float64(367612.21555562725), 'street_count': np.int64(3), 'lon': np.float64(133.5747934), 'lat': np.float64(33.4989772)}"
299,5505912833,"{'y': np.float64(3707512.6003490384), 'x': np.float64(367590.6954033198), 'street_count': np.int64(3), 'lon': np.float64(133.5745621), 'lat': np.float64(33.4989556)}"
300,2569489214,"{'y': np.float64(3707537.752976719), 'x': np.float64(367644.8293873564), 'street_count': np.int64(3), 'lon': np.float64(133.575141), 'lat': np.float64(33.4991891)}"
301,5505867971,"{'y': np.float64(3707552.8153457465), 'x': np.float64(367638.2440892141), 'street_count': np.int64(3), 'lon': np.float64(133.5750679), 'lat': np.float64(33.4993241)}"
302,2569489222,"{'y': np.float64(3707542.9833343257), 'x': np.float64(367565.18938212004), 'street_count': np.int64(4), 'lon': np.float64(133.5742831), 'lat': np.float64(33.4992264)}"
303,5505912832,"{'y': np.float64(3707542.912070095), 'x': np.float64(367590.5635040231), 'street_count': np.int64(3), 'lon': np.float64(133.5745562), 'lat': np.float64(33.4992289)}"
304,5505912825,"{'y': np.float64(3707543.153742419), 'x': np.float64(367543.9048819288), 'street_count': np.int64(3), 'lon': np.float64(133.574054), 'lat': np.float64(33.4992253)}"
305,5362555603,"{'y': np.float64(3707513.2841579216), 'x': np.float64(367564.32613023935), 'street_count': np.int64(4), 'lon': np.float64(133.5742782), 'lat': np.float64(33.4989585)}"
306,5505912828,"{'y': np.float64(3707566.166588718), 'x': np.float64(367564.86673161644), 'street_count': np.int64(3), 'lon': np.float64(133.5742762), 'lat': np.float64(33.4994354)}"
307,2569489223,"{'y': np.float64(3707542.8609293597), 'x': np.float64(367612.0540503368), 'street_count': np.int64(4), 'lon': np.float64(133.5747875), 'lat': np.float64(33.4992311)}"
308,5505912829,"{'y': np.float64(3707565.767482607), 'x': np.float64(367611.69032175443), 'street_count': np.int64(3), 'lon': np.float64(133.5747802), 'lat': np.float64(33.4994376)}"
309,5505912835,"{'y': np.float64(3707520.240598413), 'x': np.float64(367639.22776191786), 'street_count': np.int64(3), 'lon': np.float64(133.5750833), 'lat': np.float64(33.4990305)}"
310,2569489245,"{'y': np.float64(3707593.7304279013), 'x': np.float64(367609.77002855676), 'street_count': np.int64(4), 'highway': 'crossing', 'lon': np.float64(133.5747554), 'lat': np.float64(33.4996895)}"
311,5521722045,"{'y': np.float64(3707596.0216140538), 'x': np.float64(367600.40783325897), 'street_count': np.int64(4), 'lon': np.float64(133.5746543), 'lat': np.float64(33.499709)}"
312,5331463103,"{'y': np.float64(3707601.3073077695), 'x': np.float64(367607.1888483474), 'street_count': np.int64(4), 'highway': 'crossing', 'lon': np.float64(133.5747265), 'lat': np.float64(33.4997575)}"
313,3237851944,"{'y': np.float64(3707473.0275290953), 'x': np.float64(367225.5688148242), 'street_count': np.int64(3), 'lon': np.float64(133.5706383), 'lat': np.float64(33.4985535)}"
314,3237851943,"{'y': np.float64(3707430.143011195), 'x': np.float64(367229.4567981947), 'street_count': np.int64(1), 'lon': np.float64(133.5706865), 'lat': np.float64(33.4981673)}"
315,6290324534,"{'y': np.float64(3707489.2298031687), 'x': np.float64(367313.4300763194), 'street_count': np.int64(3), 'lon': np.float64(133.5715815), 'lat': np.float64(33.4987105)}"
316,10180235200,"{'y': np.float64(3707281.819075034), 'x': np.float64(365110.5758106172), 'street_count': np.int64(4), 'lon': np.float64(133.5479048), 'lat': np.float64(33.4965647)}"
317,4942039755,"{'y': np.float64(3707318.8776295437), 'x': np.float64(365116.53929189994), 'street_count': np.int64(1), 'lon': np.float64(133.5479634), 'lat': np.float64(33.4968996)}"
318,4942039758,"{'y': np.float64(3707278.489816495), 'x': np.float64(365139.269082469), 'street_count': np.int64(3), 'lon': np.float64(133.5482141), 'lat': np.float64(33.4965383)}"
319,4942039765,"{'y': np.float64(3706741.4450599016), 'x': np.float64(365175.76681368356), 'street_count': np.int64(3), 'lon': np.float64(133.5486877), 'lat': np.float64(33.4917005)}"
320,10255231919,"{'y': np.float64(3706752.3885254497), 'x': np.float64(365202.9421185398), 'street_count': np.int64(3), 'lon': np.float64(133.5489785), 'lat': np.float64(33.4918026)}"
321,4942039792,"{'y': np.float64(3707067.7993178694), 'x': np.float64(364986.6635606355), 'street_count': np.int64(3), 'lon': np.float64(133.5466035), 'lat': np.float64(33.4946193)}"
322,4942039789,"{'y': np.float64(3706991.9900359237), 'x': np.float64(364978.37278535625), 'street_count': np.int64(3), 'lon': np.float64(133.5465257), 'lat': np.float64(33.4939347)}"
323,6295154914,"{'y': np.float64(3707123.8749212064), 'x': np.float64(364840.84787073085), 'street_count': np.int64(3), 'lon': np.float64(133.5450258), 'lat': np.float64(33.4951065)}"
324,6295154898,"{'y': np.float64(3707133.0585097177), 'x': np.float64(364840.80004972743), 'street_count': np.int64(4), 'lon': np.float64(133.5450239), 'lat': np.float64(33.4951893)}"
325,5331435427,"{'y': np.float64(3707138.7553161536), 'x': np.float64(367594.7881337749), 'street_count': np.int64(1), 'lon': np.float64(133.5746614), 'lat': np.float64(33.4955852)}"
326,6278123412,"{'y': np.float64(3707150.7164891292), 'x': np.float64(367512.01302321604), 'street_count': np.int64(1), 'lon': np.float64(133.5737688), 'lat': np.float64(33.4956828)}"
327,5362564222,"{'y': np.float64(3707223.622775044), 'x': np.float64(367449.9976798245), 'street_count': np.int64(3), 'lon': np.float64(133.5730906), 'lat': np.float64(33.4963325)}"
328,5331463098,"{'y': np.float64(3707587.6907121055), 'x': np.float64(367535.9686265374), 'street_count': np.int64(4), 'lon': np.float64(133.573962), 'lat': np.float64(33.4996259)}"
329,5521722042,"{'y': np.float64(3707610.011391543), 'x': np.float64(367529.0094031318), 'street_count': np.int64(3), 'lon': np.float64(133.5738838), 'lat': np.float64(33.4998263)}"
330,5331463100,"{'y': np.float64(3707592.5145903276), 'x': np.float64(367564.2530674902), 'street_count': np.int64(4), 'highway': 'crossing', 'lon': np.float64(133.5742657), 'lat': np.float64(33.4996729)}"
331,5520410365,"{'y': np.float64(3707579.0780332847), 'x': np.float64(367519.4972961473), 'street_count': np.int64(3), 'lon': np.float64(133.573786), 'lat': np.float64(33.4995462)}"
332,5505912827,"{'y': np.float64(3707570.0821459084), 'x': np.float64(367564.81831267994), 'street_count': np.int64(3), 'lon': np.float64(133.5742751), 'lat': np.float64(33.4994707)}"
333,5505867965,"{'y': np.float64(3707605.7957320795), 'x': np.float64(367678.50654729863), 'street_count': np.int64(3), 'lon': np.float64(133.5754934), 'lat': np.float64(33.4998068)}"
334,5331463108,"{'y': np.float64(3707552.754677587), 'x': np.float64(367696.79823058494), 'street_count': np.int64(3), 'lon': np.float64(133.5756981), 'lat': np.float64(33.4993308)}"
335,5505867975,"{'y': np.float64(3707537.2642461876), 'x': np.float64(367702.25347185123), 'street_count': np.int64(3), 'lon': np.float64(133.5757591), 'lat': np.float64(33.4991918)}"
336,5331463194,"{'y': np.float64(3707579.704608709), 'x': np.float64(367626.47860163683), 'street_count': np.int64(3), 'lon': np.float64(133.5749373), 'lat': np.float64(33.4995651)}"
337,5505867966,"{'y': np.float64(3707590.216108544), 'x': np.float64(367618.5579451256), 'street_count': np.int64(3), 'lon': np.float64(133.5748505), 'lat': np.float64(33.4996589)}"
338,5348084049,"{'y': np.float64(3707644.795982285), 'x': np.float64(365455.2505043219), 'street_count': np.int64(4), 'lon': np.float64(133.5515597), 'lat': np.float64(33.499881)}"
339,5447091839,"{'y': np.float64(3707645.0993720475), 'x': np.float64(365451.78899827774), 'street_count': np.int64(3), 'lon': np.float64(133.5515224), 'lat': np.float64(33.4998833)}"
340,9801818785,"{'y': np.float64(3707643.414939992), 'x': np.float64(365455.66793247126), 'street_count': np.int64(3), 'lon': np.float64(133.5515644), 'lat': np.float64(33.4998686)}"
341,9801862028,"{'y': np.float64(3707601.434484413), 'x': np.float64(365447.1470587952), 'street_count': np.int64(4), 'lon': np.float64(133.551479), 'lat': np.float64(33.499489)}"
342,5348084060,"{'y': np.float64(3707486.9724168526), 'x': np.float64(365516.1198839375), 'street_count': np.int64(3), 'lon': np.float64(133.5522385), 'lat': np.float64(33.4984656)}"
343,5348084061,"{'y': np.float64(3707486.6814964763), 'x': np.float64(365529.82104952855), 'street_count': np.int64(1), 'lon': np.float64(133.552386), 'lat': np.float64(33.4984647)}"
344,5353289422,"{'y': np.float64(3707477.937845791), 'x': np.float64(365515.0275265017), 'street_count': np.int64(3), 'lon': np.float64(133.5522281), 'lat': np.float64(33.498384)}"
345,5348084066,"{'y': np.float64(3707610.1422292497), 'x': np.float64(365577.4061616357), 'street_count': np.int64(1), 'lon': np.float64(133.5528796), 'lat': np.float64(33.4995839)}"
346,5348277745,"{'y': np.float64(3707645.6367138205), 'x': np.float64(365574.65832685813), 'street_count': np.int64(3), 'lon': np.float64(133.5528447), 'lat': np.float64(33.4999036)}"
347,5447091856,"{'y': np.float64(3707637.814478039), 'x': np.float64(365586.04287742963), 'street_count': np.int64(4), 'lon': np.float64(133.5529684), 'lat': np.float64(33.4998345)}"
348,5447091844,"{'y': np.float64(3707661.186208137), 'x': np.float64(365567.4512293224), 'street_count': np.int64(3), 'lon': np.float64(133.5527648), 'lat': np.float64(33.5000429)}"
349,5348277747,"{'y': np.float64(3707654.9164559497), 'x': np.float64(365530.3371198849), 'street_count': np.int64(1), 'lon': np.float64(133.5523663), 'lat': np.float64(33.4999817)}"
350,5348277755,"{'y': np.float64(3707533.4247891125), 'x': np.float64(365580.1367669451), 'street_count': np.int64(1), 'lon': np.float64(133.5529205), 'lat': np.float64(33.4988925)}"
351,5447091842,"{'y': np.float64(3707701.3961757733), 'x': np.float64(365458.02879481536), 'street_count': np.int64(3), 'lon': np.float64(133.5515811), 'lat': np.float64(33.5003917)}"
352,5348277760,"{'y': np.float64(3707701.45005771), 'x': np.float64(365480.3941231865), 'street_count': np.int64(1), 'lon': np.float64(133.5518218), 'lat': np.float64(33.500395)}"
353,5362555612,"{'y': np.float64(3707442.062649709), 'x': np.float64(367571.5429886766), 'street_count': np.int64(3), 'lon': np.float64(133.5743664), 'lat': np.float64(33.4983172)}"
354,5353289423,"{'y': np.float64(3707468.511153276), 'x': np.float64(365548.4111743852), 'street_count': np.int64(1), 'lon': np.float64(133.5525888), 'lat': np.float64(33.4983032)}"
355,5447091838,"{'y': np.float64(3707493.092808933), 'x': np.float64(365404.96533017326), 'street_count': np.int64(1), 'lon': np.float64(133.5510413), 'lat': np.float64(33.4985068)}"
356,5362555606,"{'y': np.float64(3707467.4386874205), 'x': np.float64(367564.1795334193), 'street_count': np.int64(3), 'lon': np.float64(133.5742834), 'lat': np.float64(33.4985451)}"
357,6280083027,"{'y': np.float64(3707405.8618819206), 'x': np.float64(367600.7511160119), 'street_count': np.int64(3), 'lon': np.float64(133.5746861), 'lat': np.float64(33.4979944)}"
358,6278123738,"{'y': np.float64(3707238.9072575583), 'x': np.float64(367423.2336853215), 'street_count': np.int64(4), 'lon': np.float64(133.5728003), 'lat': np.float64(33.496467)}"
359,6278123433,"{'y': np.float64(3707251.6865216224), 'x': np.float64(367449.6215499814), 'street_count': np.int64(3), 'lon': np.float64(133.5730824), 'lat': np.float64(33.4965855)}"
360,5447091843,"{'y': np.float64(3707636.5484503433), 'x': np.float64(365646.6338590146), 'street_count': np.int64(1), 'lon': np.float64(133.5536207), 'lat': np.float64(33.4998307)}"
361,5447091846,"{'y': np.float64(3707666.557468074), 'x': np.float64(365599.8140920964), 'street_count': np.int64(1), 'lon': np.float64(133.5531123), 'lat': np.float64(33.5000954)}"
362,5447091865,"{'y': np.float64(3707616.729150295), 'x': np.float64(365662.59927586815), 'street_count': np.int64(1), 'lon': np.float64(133.5537955), 'lat': np.float64(33.499654)}"
363,5447091893,"{'y': np.float64(3707677.7801229735), 'x': np.float64(365787.7514236051), 'street_count': np.int64(3), 'lon': np.float64(133.5551333), 'lat': np.float64(33.5002202)}"
364,5447091900,"{'y': np.float64(3707618.690345683), 'x': np.float64(365769.4235508835), 'street_count': np.int64(3), 'lon': np.float64(133.5549449), 'lat': np.float64(33.4996851)}"
365,5447091897,"{'y': np.float64(3707631.669708937), 'x': np.float64(365727.7552400499), 'street_count': np.int64(3), 'lon': np.float64(133.5544945), 'lat': np.float64(33.4997969)}"
366,5447091894,"{'y': np.float64(3707592.9641477615), 'x': np.float64(365707.84325576096), 'street_count': np.int64(3), 'lon': np.float64(133.554286), 'lat': np.float64(33.4994454)}"
367,5447091896,"{'y': np.float64(3707601.99100584), 'x': np.float64(365774.7938478902), 'street_count': np.int64(3), 'lon': np.float64(133.5550052), 'lat': np.float64(33.4995352)}"
368,5483863132,"{'y': np.float64(3706860.8580828346), 'x': np.float64(365006.7645521894), 'street_count': np.int64(3), 'lon': np.float64(133.546851), 'lat': np.float64(33.4927559)}"
369,5483863130,"{'y': np.float64(3706870.5088669043), 'x': np.float64(364979.68250198255), 'street_count': np.int64(3), 'lon': np.float64(133.5465581), 'lat': np.float64(33.4928395)}"
370,5483863133,"{'y': np.float64(3706891.739587242), 'x': np.float64(364960.419513177), 'street_count': np.int64(1), 'lon': np.float64(133.5463476), 'lat': np.float64(33.4930285)}"
371,5505867957,"{'y': np.float64(3707495.2553617647), 'x': np.float64(367691.651433861), 'street_count': np.int64(1), 'lon': np.float64(133.5756512), 'lat': np.float64(33.4988117)}"
372,5505867967,"{'y': np.float64(3707593.3082950087), 'x': np.float64(367683.33395523776), 'street_count': np.int64(3), 'lon': np.float64(133.5755472), 'lat': np.float64(33.4996948)}"
373,5505867968,"{'y': np.float64(3707579.05872149), 'x': np.float64(367688.07215248654), 'street_count': np.int64(3), 'lon': np.float64(133.5756003), 'lat': np.float64(33.4995669)}"
374,5505867969,"{'y': np.float64(3707565.043830356), 'x': np.float64(367632.89283667284), 'street_count': np.int64(3), 'lon': np.float64(133.5750085), 'lat': np.float64(33.4994337)}"
375,5505867970,"{'y': np.float64(3707566.669940592), 'x': np.float64(367692.1762067298), 'street_count': np.int64(3), 'lon': np.float64(133.5756463), 'lat': np.float64(33.4994557)}"
376,5505867972,"{'y': np.float64(3707516.112689244), 'x': np.float64(367709.69376935635), 'street_count': np.int64(3), 'lon': np.float64(133.5758423), 'lat': np.float64(33.499002)}"
377,5505867973,"{'y': np.float64(3707510.3562997514), 'x': np.float64(367687.90976925846), 'street_count': np.int64(3), 'lon': np.float64(133.5756087), 'lat': np.float64(33.4989474)}"
378,5505867978,"{'y': np.float64(3707516.5332845426), 'x': np.float64(367675.00498942926), 'street_count': np.int64(3), 'lon': np.float64(133.5754689), 'lat': np.float64(33.4990015)}"
379,5505867977,"{'y': np.float64(3707524.7605115394), 'x': np.float64(367706.653315981), 'street_count': np.int64(3), 'lon': np.float64(133.5758083), 'lat': np.float64(33.4990796)}"
380,5505867976,"{'y': np.float64(3707525.668219755), 'x': np.float64(367655.8690536258), 'street_count': np.int64(3), 'lon': np.float64(133.5752616), 'lat': np.float64(33.4990815)}"
381,9935063206,"{'y': np.float64(3707244.1830474804), 'x': np.float64(365319.66589584446), 'street_count': np.int64(3), 'lon': np.float64(133.5501607), 'lat': np.float64(33.4962517)}"
382,10948632402,"{'y': np.float64(3707208.727678586), 'x': np.float64(365347.3996146171), 'street_count': np.int64(1), 'lon': np.float64(133.5504645), 'lat': np.float64(33.4959355)}"
383,9935063207,"{'y': np.float64(3707055.246626809), 'x': np.float64(365297.39265439427), 'street_count': np.int64(1), 'lon': np.float64(133.5499494), 'lat': np.float64(33.4945453)}"
384,5505868015,"{'y': np.float64(3706985.064997529), 'x': np.float64(365229.22054286016), 'street_count': np.int64(1), 'lon': np.float64(133.5492263), 'lat': np.float64(33.4939039)}"
385,5505869325,"{'y': np.float64(3706860.107095703), 'x': np.float64(365208.7129775793), 'street_count': np.int64(1), 'lon': np.float64(133.5490244), 'lat': np.float64(33.4927746)}"
386,5505912826,"{'y': np.float64(3707569.9547054297), 'x': np.float64(367543.418282307), 'street_count': np.int64(3), 'lon': np.float64(133.5740448), 'lat': np.float64(33.4994669)}"
387,5520410364,"{'y': np.float64(3707550.099621645), 'x': np.float64(367529.1339095903), 'street_count': np.int64(1), 'lon': np.float64(133.573894), 'lat': np.float64(33.4992861)}"
388,6280094559,"{'y': np.float64(3707187.198014888), 'x': np.float64(367008.1239462474), 'street_count': np.int64(1), 'lon': np.float64(133.5683405), 'lat': np.float64(33.4959492)}"
389,6280046888,"{'y': np.float64(3707097.0628170394), 'x': np.float64(367174.14535671985), 'street_count': np.int64(4), 'lon': np.float64(133.5701406), 'lat': np.float64(33.4951571)}"
390,5521722047,"{'y': np.float64(3707605.302068322), 'x': np.float64(367506.11560429685), 'street_count': np.int64(3), 'lon': np.float64(133.5736381), 'lat': np.float64(33.499781)}"
391,5521722046,"{'y': np.float64(3707598.961121814), 'x': np.float64(367475.2551570054), 'street_count': np.int64(1), 'lon': np.float64(133.5733069), 'lat': np.float64(33.49972)}"
392,5521722049,"{'y': np.float64(3707584.314132359), 'x': np.float64(367481.46493090986), 'street_count': np.int64(1), 'lon': np.float64(133.5733759), 'lat': np.float64(33.4995887)}"
393,5566192293,"{'y': np.float64(3707376.281311951), 'x': np.float64(367385.48431824346), 'street_count': np.int64(1), 'lon': np.float64(133.5723737), 'lat': np.float64(33.497701)}"
394,6878716004,"{'y': np.float64(3707280.8909861417), 'x': np.float64(365566.9245039445), 'street_count': np.int64(3), 'lon': np.float64(133.5528162), 'lat': np.float64(33.4966138)}"
395,11063296205,"{'y': np.float64(3707253.3961586263), 'x': np.float64(365710.2960611896), 'street_count': np.int64(1), 'lon': np.float64(133.5543633), 'lat': np.float64(33.4963839)}"
396,6278123451,"{'y': np.float64(3707276.7615973325), 'x': np.float64(367475.45358518895), 'street_count': np.int64(1), 'lon': np.float64(133.5733567), 'lat': np.float64(33.4968148)}"
397,6280046751,"{'y': np.float64(3707249.2742625647), 'x': np.float64(367037.62683547614), 'street_count': np.int64(3), 'lon': np.float64(133.5686488), 'lat': np.float64(33.4965126)}"
398,6280046578,"{'y': np.float64(3707211.058630797), 'x': np.float64(367111.509005971), 'street_count': np.int64(3), 'lon': np.float64(133.5694496), 'lat': np.float64(33.4961772)}"
399,6280046890,"{'y': np.float64(3707135.6739290585), 'x': np.float64(367145.56564371556), 'street_count': np.int64(1), 'lon': np.float64(133.5698273), 'lat': np.float64(33.4955017)}"
400,6280082958,"{'y': np.float64(3707525.435546904), 'x': np.float64(367433.86347791157), 'street_count': np.int64(1), 'lon': np.float64(133.5728723), 'lat': np.float64(33.4990519)}"
401,6280082812,"{'y': np.float64(3707519.2948437454), 'x': np.float64(367333.64412590396), 'street_count': np.int64(3), 'lon': np.float64(133.5717946), 'lat': np.float64(33.4989841)}"
402,6280082902,"{'y': np.float64(3707603.2145725675), 'x': np.float64(367465.14877619024), 'street_count': np.int64(1), 'lon': np.float64(133.5731975), 'lat': np.float64(33.4997571)}"
403,6290324520,"{'y': np.float64(3707487.9110755064), 'x': np.float64(367011.50985025906), 'street_count': np.int64(3), 'lon': np.float64(133.5683323), 'lat': np.float64(33.4986611)}"
404,6290324519,"{'y': np.float64(3707502.512671166), 'x': np.float64(367001.37902936304), 'street_count': np.int64(1), 'lon': np.float64(133.5682211), 'lat': np.float64(33.4987915)}"
405,6290324521,"{'y': np.float64(3707489.1719681188), 'x': np.float64(367028.642349262), 'street_count': np.int64(1), 'lon': np.float64(133.5685165), 'lat': np.float64(33.4986746)}"
406,6290324537,"{'y': np.float64(3707472.5407772427), 'x': np.float64(367332.62910292204), 'street_count': np.int64(1), 'lon': np.float64(133.5717906), 'lat': np.float64(33.4985624)}"
407,6290324539,"{'y': np.float64(3707518.2222494325), 'x': np.float64(367216.60234151856), 'street_count': np.int64(1), 'lon': np.float64(133.5705351), 'lat': np.float64(33.4989599)}"
408,6290324551,"{'y': np.float64(3707506.1834100746), 'x': np.float64(367141.35141120024), 'street_count': np.int64(1), 'lon': np.float64(133.569727), 'lat': np.float64(33.498842)}"
409,6290324637,"{'y': np.float64(3707385.78916235), 'x': np.float64(367215.2151163488), 'street_count': np.int64(1), 'lon': np.float64(133.5705398), 'lat': np.float64(33.4977656)}"
410,6290381989,"{'y': np.float64(3707632.0636319714), 'x': np.float64(367594.0643265725), 'street_count': np.int64(1), 'lon': np.float64(133.5745807), 'lat': np.float64(33.5000332)}"
411,6295154904,"{'y': np.float64(3707107.1844742117), 'x': np.float64(364826.554997965), 'street_count': np.int64(3), 'lon': np.float64(133.5448745), 'lat': np.float64(33.4949542)}"
412,6295154886,"{'y': np.float64(3707201.549946597), 'x': np.float64(364774.5975928983), 'street_count': np.int64(3), 'lon': np.float64(133.5443011), 'lat': np.float64(33.4957985)}"
413,6295154887,"{'y': np.float64(3707182.1799645387), 'x': np.float64(364807.45196541806), 'street_count': np.int64(3), 'lon': np.float64(133.5446576), 'lat': np.float64(33.495628)}"
414,6295154888,"{'y': np.float64(3707131.3742565573), 'x': np.float64(364771.87581260933), 'street_count': np.int64(3), 'lon': np.float64(133.5442824), 'lat': np.float64(33.4951654)}"
415,6295154892,"{'y': np.float64(3707179.221180719), 'x': np.float64(364812.02861165965), 'street_count': np.int64(3), 'lon': np.float64(133.5447073), 'lat': np.float64(33.4956019)}"
416,6295154889,"{'y': np.float64(3707121.346563341), 'x': np.float64(364788.61887502763), 'street_count': np.int64(3), 'lon': np.float64(133.5444641), 'lat': np.float64(33.4950771)}"
417,6295154890,"{'y': np.float64(3707150.828657781), 'x': np.float64(364808.1367301459), 'street_count': np.int64(1), 'lon': np.float64(133.5446697), 'lat': np.float64(33.4953454)}"
418,6295154915,"{'y': np.float64(3707195.069368907), 'x': np.float64(364818.36494552647), 'street_count': np.int64(1), 'lon': np.float64(133.5447731), 'lat': np.float64(33.4957456)}"
419,6295154893,"{'y': np.float64(3707153.3151819305), 'x': np.float64(364853.0707204053), 'street_count': np.int64(3), 'lon': np.float64(133.5451529), 'lat': np.float64(33.4953735)}"
420,6295154903,"{'y': np.float64(3707242.693568347), 'x': np.float64(364827.7391924929), 'street_count': np.int64(1), 'lon': np.float64(133.5448668), 'lat': np.float64(33.4961762)}"
421,6295154894,"{'y': np.float64(3707146.7540191445), 'x': np.float64(364819.5274006792), 'street_count': np.int64(1), 'lon': np.float64(133.5447929), 'lat': np.float64(33.4953101)}"
422,10247222792,"{'y': np.float64(3706744.647057492), 'x': np.float64(366013.91056161106), 'street_count': np.int64(3), 'lon': np.float64(133.5577069), 'lat': np.float64(33.4918347)}"
423,10179631140,"{'y': np.float64(3706733.599057908), 'x': np.float64(366057.96087912505), 'street_count': np.int64(4), 'lon': np.float64(133.5581826), 'lat': np.float64(33.4917406)}"
424,6303772008,"{'y': np.float64(3706981.9055129983), 'x': np.float64(365997.86083944945), 'street_count': np.int64(3), 'lon': np.float64(133.5574987), 'lat': np.float64(33.493972)}"
425,6303772061,"{'y': np.float64(3706999.281288565), 'x': np.float64(365994.8779378573), 'street_count': np.int64(3), 'lon': np.float64(133.557464), 'lat': np.float64(33.4941283)}"
426,6303772260,"{'y': np.float64(3706986.012337809), 'x': np.float64(366026.3518303887), 'street_count': np.int64(4), 'lon': np.float64(133.5578047), 'lat': np.float64(33.4940126)}"
427,6303772010,"{'y': np.float64(3707016.846196895), 'x': np.float64(365992.65033753647), 'street_count': np.int64(1), 'lon': np.float64(133.5574374), 'lat': np.float64(33.4942864)}"
428,6303772043,"{'y': np.float64(3707048.607075563), 'x': np.float64(365820.53786539426), 'street_count': np.int64(1), 'lon': np.float64(133.5555804), 'lat': np.float64(33.4945512)}"
429,12709993839,"{'y': np.float64(3707050.7627794463), 'x': np.float64(365863.28354632284), 'street_count': np.int64(3), 'lon': np.float64(133.5560401), 'lat': np.float64(33.494576)}"
430,6303772050,"{'y': np.float64(3707029.7939214963), 'x': np.float64(365829.57746791997), 'street_count': np.int64(1), 'lon': np.float64(133.5556805), 'lat': np.float64(33.4943827)}"
431,6303772062,"{'y': np.float64(3707001.074048718), 'x': np.float64(365960.0481159999), 'street_count': np.int64(3), 'lon': np.float64(133.5570889), 'lat': np.float64(33.4941401)}"
432,6303772063,"{'y': np.float64(3707015.0877837925), 'x': np.float64(365950.80213521235), 'street_count': np.int64(3), 'lon': np.float64(133.5569873), 'lat': np.float64(33.4942653)}"
433,6303772065,"{'y': np.float64(3707017.540510781), 'x': np.float64(365944.29459066415), 'street_count': np.int64(1), 'lon': np.float64(133.5569169), 'lat': np.float64(33.4942866)}"
434,6303772068,"{'y': np.float64(3707044.4476073217), 'x': np.float64(365980.87059492787), 'street_count': np.int64(1), 'lon': np.float64(133.5573065), 'lat': np.float64(33.4945338)}"
435,6303772069,"{'y': np.float64(3706990.273300719), 'x': np.float64(366056.5268077345), 'street_count': np.int64(3), 'lon': np.float64(133.5581288), 'lat': np.float64(33.4940548)}"
436,6303772252,"{'y': np.float64(3706989.1248884415), 'x': np.float64(366046.5868656405), 'street_count': np.int64(3), 'lon': np.float64(133.558022), 'lat': np.float64(33.4940432)}"
437,6303772249,"{'y': np.float64(3706992.202796888), 'x': np.float64(366066.9236175477), 'street_count': np.int64(3), 'lon': np.float64(133.5582404), 'lat': np.float64(33.4940735)}"
438,12709993835,"{'y': np.float64(3707112.5416552015), 'x': np.float64(366095.10516986804), 'street_count': np.int64(1), 'lon': np.float64(133.5585257), 'lat': np.float64(33.4951621)}"
439,6310054191,"{'y': np.float64(3707006.4445741433), 'x': np.float64(366123.50592941546), 'street_count': np.int64(3), 'lon': np.float64(133.5588472), 'lat': np.float64(33.494209)}"
440,6303772251,"{'y': np.float64(3706956.1879515774), 'x': np.float64(366066.43268618325), 'street_count': np.int64(1), 'lon': np.float64(133.5582405), 'lat': np.float64(33.4937487)}"
441,6303772259,"{'y': np.float64(3706967.300896532), 'x': np.float64(366052.0355367287), 'street_count': np.int64(1), 'lon': np.float64(133.5580839), 'lat': np.float64(33.4938471)}"
442,6303772280,"{'y': np.float64(3706969.227965109), 'x': np.float64(366022.68983341515), 'street_count': np.int64(3), 'lon': np.float64(133.5577678), 'lat': np.float64(33.4938608)}"
443,6303772266,"{'y': np.float64(3707009.7717362815), 'x': np.float64(366014.90883494145), 'street_count': np.int64(1), 'lon': np.float64(133.557678), 'lat': np.float64(33.4942254)}"
444,6303772284,"{'y': np.float64(3706943.1807101625), 'x': np.float64(366030.37495667656), 'street_count': np.int64(3), 'lon': np.float64(133.5578544), 'lat': np.float64(33.4936269)}"
445,6303772291,"{'y': np.float64(3706962.381970668), 'x': np.float64(365919.1916048324), 'street_count': np.int64(1), 'lon': np.float64(133.556655), 'lat': np.float64(33.4937861)}"
446,6303772294,"{'y': np.float64(3706935.590753912), 'x': np.float64(365909.3875170101), 'street_count': np.int64(3), 'lon': np.float64(133.5565535), 'lat': np.float64(33.4935433)}"
447,6303772306,"{'y': np.float64(3706807.4825891107), 'x': np.float64(365923.1428762417), 'street_count': np.int64(1), 'lon': np.float64(133.5567207), 'lat': np.float64(33.4923899)}"
448,6303772296,"{'y': np.float64(3706959.347790479), 'x': np.float64(365904.5049680917), 'street_count': np.int64(1), 'lon': np.float64(133.5564974), 'lat': np.float64(33.4937569)}"
449,6303772318,"{'y': np.float64(3706819.2646174966), 'x': np.float64(366240.7033443542), 'street_count': np.int64(3), 'lon': np.float64(133.5601364), 'lat': np.float64(33.4925359)}"
450,10179631148,"{'y': np.float64(3706799.786825075), 'x': np.float64(366245.7204933008), 'street_count': np.int64(4), 'lon': np.float64(133.5601933), 'lat': np.float64(33.4923609)}"
451,6303772577,"{'y': np.float64(3706930.1562809693), 'x': np.float64(366614.6991743425), 'street_count': np.int64(3), 'lon': np.float64(133.5641447), 'lat': np.float64(33.4935825)}"
452,6303772576,"{'y': np.float64(3706906.278889787), 'x': np.float64(366534.5305247578), 'street_count': np.int64(3), 'lon': np.float64(133.5632855), 'lat': np.float64(33.4933572)}"
453,6303772584,"{'y': np.float64(3706880.037393486), 'x': np.float64(366454.5424234121), 'street_count': np.int64(4), 'lon': np.float64(133.5624286), 'lat': np.float64(33.4931106)}"
454,6303772589,"{'y': np.float64(3706862.8273821683), 'x': np.float64(366395.93032570556), 'street_count': np.int64(4), 'lon': np.float64(133.5618004), 'lat': np.float64(33.4929481)}"
455,12709933127,"{'y': np.float64(3706871.6002901723), 'x': np.float64(366459.954448663), 'street_count': np.int64(4), 'lon': np.float64(133.5624881), 'lat': np.float64(33.4930352)}"
456,6303772590,"{'y': np.float64(3706859.04561419), 'x': np.float64(366377.5164809602), 'street_count': np.int64(4), 'lon': np.float64(133.5616028), 'lat': np.float64(33.4929117)}"
457,6303772592,"{'y': np.float64(3706852.607570158), 'x': np.float64(366399.5335049076), 'street_count': np.int64(4), 'lon': np.float64(133.5618407), 'lat': np.float64(33.4928564)}"
458,6310054020,"{'y': np.float64(3706966.248683374), 'x': np.float64(366367.6748644953), 'street_count': np.int64(4), 'lon': np.float64(133.5614809), 'lat': np.float64(33.4938771)}"
459,10179631154,"{'y': np.float64(3706847.6087838826), 'x': np.float64(366386.510864759), 'street_count': np.int64(4), 'lon': np.float64(133.5617013), 'lat': np.float64(33.4928097)}"
460,6310054235,"{'y': np.float64(3706961.741901825), 'x': np.float64(366344.76305045304), 'street_count': np.int64(3), 'lon': np.float64(133.561235), 'lat': np.float64(33.4938336)}"
461,6303772591,"{'y': np.float64(3706841.206531807), 'x': np.float64(366389.135494301), 'street_count': np.int64(3), 'lon': np.float64(133.5617305), 'lat': np.float64(33.4927523)}"
462,12709155883,"{'y': np.float64(3706819.358624535), 'x': np.float64(366320.30228282046), 'street_count': np.int64(3), 'lon': np.float64(133.560993), 'lat': np.float64(33.4925467)}"
463,6303772595,"{'y': np.float64(3706836.1581859775), 'x': np.float64(366417.31399584806), 'street_count': np.int64(1), 'lon': np.float64(133.5620345), 'lat': np.float64(33.4927103)}"
464,6303772601,"{'y': np.float64(3706877.8972472944), 'x': np.float64(366263.2604167402), 'street_count': np.int64(1), 'lon': np.float64(133.5603704), 'lat': np.float64(33.4930674)}"
465,6303772602,"{'y': np.float64(3706940.4532992197), 'x': np.float64(366235.628926088), 'street_count': np.int64(3), 'lon': np.float64(133.5600637), 'lat': np.float64(33.493628)}"
466,6310054186,"{'y': np.float64(3706936.197482169), 'x': np.float64(366214.63463955384), 'street_count': np.int64(3), 'lon': np.float64(133.5598384), 'lat': np.float64(33.493587)}"
467,6303772605,"{'y': np.float64(3706873.1198742283), 'x': np.float64(366247.8805740122), 'street_count': np.int64(1), 'lon': np.float64(133.5602056), 'lat': np.float64(33.4930224)}"
468,6303772606,"{'y': np.float64(3706931.7036966574), 'x': np.float64(366192.4104630505), 'street_count': np.int64(3), 'lon': np.float64(133.5595999), 'lat': np.float64(33.4935437)}"
469,6303772624,"{'y': np.float64(3706862.627416765), 'x': np.float64(366231.1576927706), 'street_count': np.int64(1), 'lon': np.float64(133.5600272), 'lat': np.float64(33.4929257)}"
470,6310054230,"{'y': np.float64(3706955.9002003693), 'x': np.float64(366313.3489802561), 'street_count': np.int64(3), 'lon': np.float64(133.5608978), 'lat': np.float64(33.493777)}"
471,6310054067,"{'y': np.float64(3707096.07294879), 'x': np.float64(366339.66526071297), 'street_count': np.int64(3), 'lon': np.float64(133.5611601), 'lat': np.float64(33.4950442)}"
472,6310054018,"{'y': np.float64(3707025.6134602963), 'x': np.float64(366361.4262877926), 'street_count': np.int64(4), 'lon': np.float64(133.5614048), 'lat': np.float64(33.4944116)}"
473,6310054225,"{'y': np.float64(3707003.1216040608), 'x': np.float64(366363.86503262934), 'street_count': np.int64(3), 'lon': np.float64(133.5614344), 'lat': np.float64(33.4942091)}"
474,6310054221,"{'y': np.float64(3707024.856371794), 'x': np.float64(366332.83337507525), 'street_count': np.int64(3), 'lon': np.float64(133.5610972), 'lat': np.float64(33.4944012)}"
475,6310054056,"{'y': np.float64(3706971.531475363), 'x': np.float64(366397.8173856841), 'street_count': np.int64(3), 'lon': np.float64(133.5618045), 'lat': np.float64(33.4939285)}"
476,6310054223,"{'y': np.float64(3707016.085518418), 'x': np.float64(366391.13111162314), 'street_count': np.int64(3), 'lon': np.float64(133.5617259), 'lat': np.float64(33.4943294)}"
477,6310054073,"{'y': np.float64(3707092.3334457055), 'x': np.float64(366195.87526383856), 'street_count': np.int64(3), 'lon': np.float64(133.5596132), 'lat': np.float64(33.4949925)}"
478,6310054047,"{'y': np.float64(3706979.5663046814), 'x': np.float64(366652.21652472275), 'street_count': np.int64(1), 'lon': np.float64(133.5645411), 'lat': np.float64(33.4940327)}"
479,6310054084,"{'y': np.float64(3707021.3680198626), 'x': np.float64(366209.3118351596), 'street_count': np.int64(3), 'lon': np.float64(133.5597684), 'lat': np.float64(33.4943543)}"
480,6310054080,"{'y': np.float64(3707087.7169679846), 'x': np.float64(366177.7010505727), 'street_count': np.int64(1), 'lon': np.float64(133.5594183), 'lat': np.float64(33.4949486)}"
481,6310054185,"{'y': np.float64(3707019.694306634), 'x': np.float64(366199.6527181529), 'street_count': np.int64(3), 'lon': np.float64(133.5596647), 'lat': np.float64(33.494338)}"
482,6310054205,"{'y': np.float64(3707029.226206118), 'x': np.float64(366248.03873711836), 'street_count': np.int64(3), 'lon': np.float64(133.560184), 'lat': np.float64(33.49443)}"
483,6310054199,"{'y': np.float64(3706978.6352311512), 'x': np.float64(366207.0184698397), 'street_count': np.int64(4), 'lon': np.float64(133.5597501), 'lat': np.float64(33.4939687)}"
484,6310054189,"{'y': np.float64(3706947.352796938), 'x': np.float64(366132.44229618844), 'street_count': np.int64(3), 'lon': np.float64(133.5589522), 'lat': np.float64(33.4936773)}"
485,6310054200,"{'y': np.float64(3706985.6506512), 'x': np.float64(366255.33261101303), 'street_count': np.int64(3), 'lon': np.float64(133.560269), 'lat': np.float64(33.494038)}"
486,6310054203,"{'y': np.float64(3707005.799695437), 'x': np.float64(366253.09391770227), 'street_count': np.int64(3), 'lon': np.float64(133.5602419), 'lat': np.float64(33.4942194)}"
487,6310054209,"{'y': np.float64(3707009.6747329608), 'x': np.float64(366297.55457727384), 'street_count': np.int64(3), 'lon': np.float64(133.5607198), 'lat': np.float64(33.4942599)}"
488,6310054216,"{'y': np.float64(3706960.5343283312), 'x': np.float64(366338.2696938217), 'street_count': np.int64(3), 'lon': np.float64(133.5611653), 'lat': np.float64(33.4938219)}"
489,6310054224,"{'y': np.float64(3707018.6706208754), 'x': np.float64(366412.6687968054), 'street_count': np.int64(1), 'lon': np.float64(133.5619573), 'lat': np.float64(33.4943554)}"
490,6310054227,"{'y': np.float64(3707005.875274124), 'x': np.float64(366352.42746152077), 'street_count': np.int64(1), 'lon': np.float64(133.5613109), 'lat': np.float64(33.4942325)}"
491,6310055103,"{'y': np.float64(3706800.1318525537), 'x': np.float64(366000.38059356844), 'street_count': np.int64(1), 'lon': np.float64(133.557553), 'lat': np.float64(33.4923333)}"
492,6718716804,"{'y': np.float64(3707451.565104388), 'x': np.float64(365175.929963178), 'street_count': np.int64(1), 'lon': np.float64(133.5485826), 'lat': np.float64(33.4981035)}"
493,6718716806,"{'y': np.float64(3707426.407044027), 'x': np.float64(365201.6601084894), 'street_count': np.int64(3), 'lon': np.float64(133.5488633), 'lat': np.float64(33.4978799)}"
494,6718716805,"{'y': np.float64(3707431.886413891), 'x': np.float64(365178.6095535088), 'street_count': np.int64(1), 'lon': np.float64(133.5486144), 'lat': np.float64(33.4979264)}"
495,6718716807,"{'y': np.float64(3707414.229980858), 'x': np.float64(365177.05251399835), 'street_count': np.int64(1), 'lon': np.float64(133.5486003), 'lat': np.float64(33.497767)}"
496,6878715992,"{'y': np.float64(3707332.8861573576), 'x': np.float64(365526.9326871304), 'street_count': np.int64(1), 'lon': np.float64(133.552378), 'lat': np.float64(33.4970776)}"
497,10948633259,"{'y': np.float64(3707405.7647985164), 'x': np.float64(365379.6712482922), 'street_count': np.int64(3), 'lon': np.float64(133.5507822), 'lat': np.float64(33.4977162)}"
498,6878716001,"{'y': np.float64(3707326.938426972), 'x': np.float64(365467.5399685174), 'street_count': np.int64(3), 'lon': np.float64(133.5517397), 'lat': np.float64(33.4970165)}"
499,6878716005,"{'y': np.float64(3707290.47336394), 'x': np.float64(365454.00396663416), 'street_count': np.int64(1), 'lon': np.float64(133.5515995), 'lat': np.float64(33.496686)}"
500,10948633270,"{'y': np.float64(3707364.4634280303), 'x': np.float64(365447.24064308114), 'street_count': np.int64(3), 'lon': np.float64(133.5515156), 'lat': np.float64(33.4973523)}"
501,6878716024,"{'y': np.float64(3707437.9159042435), 'x': np.float64(365228.8506931787), 'street_count': np.int64(1), 'lon': np.float64(133.5491542), 'lat': np.float64(33.4979871)}"
502,6878716036,"{'y': np.float64(3707086.2599612456), 'x': np.float64(366749.78978694987), 'street_count': np.int64(1), 'lon': np.float64(133.5655753), 'lat': np.float64(33.4950069)}"
503,9801818789,"{'y': np.float64(3707601.087230015), 'x': np.float64(365442.6265086101), 'street_count': np.int64(3), 'lon': np.float64(133.5514304), 'lat': np.float64(33.4994853)}"
504,9801818797,"{'y': np.float64(3707577.272313678), 'x': np.float64(365423.8224325933), 'street_count': np.int64(3), 'lon': np.float64(133.5512316), 'lat': np.float64(33.4992682)}"
505,9935063204,"{'y': np.float64(3707274.0423843116), 'x': np.float64(365268.58729399386), 'street_count': np.int64(3), 'lon': np.float64(133.5496065), 'lat': np.float64(33.4965145)}"
506,10948633208,"{'y': np.float64(3707293.4564007414), 'x': np.float64(365266.591359004), 'street_count': np.int64(1), 'lon': np.float64(133.5495821), 'lat': np.float64(33.4966893)}"
507,9935063216,"{'y': np.float64(3707141.422136565), 'x': np.float64(365675.61986086634), 'street_count': np.int64(3), 'lon': np.float64(133.5540069), 'lat': np.float64(33.4953699)}"
508,9935063212,"{'y': np.float64(3707135.930681605), 'x': np.float64(365704.4043286975), 'street_count': np.int64(1), 'lon': np.float64(133.5543175), 'lat': np.float64(33.495324)}"
509,12710040445,"{'y': np.float64(3707139.172536996), 'x': np.float64(365687.43582542415), 'street_count': np.int64(3), 'lon': np.float64(133.5541344), 'lat': np.float64(33.4953511)}"
510,9935063213,"{'y': np.float64(3707177.8339401074), 'x': np.float64(365665.1347097008), 'street_count': np.int64(1), 'lon': np.float64(133.5538886), 'lat': np.float64(33.4956969)}"
511,9935063215,"{'y': np.float64(3707174.760826053), 'x': np.float64(365681.92894230084), 'street_count': np.int64(3), 'lon': np.float64(133.5540698), 'lat': np.float64(33.4956713)}"
512,9935063214,"{'y': np.float64(3707172.9684731225), 'x': np.float64(365690.3782507266), 'street_count': np.int64(1), 'lon': np.float64(133.554161), 'lat': np.float64(33.4956562)}"
513,9935108917,"{'y': np.float64(3707194.180328252), 'x': np.float64(365720.1384856943), 'street_count': np.int64(1), 'lon': np.float64(133.5544781), 'lat': np.float64(33.4958512)}"
514,9935108927,"{'y': np.float64(3707133.028907691), 'x': np.float64(365834.77717919135), 'street_count': np.int64(3), 'lon': np.float64(133.555721), 'lat': np.float64(33.4953142)}"
515,9935108929,"{'y': np.float64(3707130.8238709145), 'x': np.float64(365853.7672241295), 'street_count': np.int64(1), 'lon': np.float64(133.5559257), 'lat': np.float64(33.4952967)}"
516,9935108930,"{'y': np.float64(3707154.026595233), 'x': np.float64(365836.11933889386), 'street_count': np.int64(1), 'lon': np.float64(133.5557323), 'lat': np.float64(33.4955037)}"
517,12709155897,"{'y': np.float64(3706982.1850606957), 'x': np.float64(366812.6063910574), 'street_count': np.int64(3), 'lon': np.float64(133.5662668), 'lat': np.float64(33.4940763)}"
518,10180235169,"{'y': np.float64(3706753.42791564), 'x': np.float64(365259.5101914334), 'street_count': np.int64(3), 'lon': np.float64(133.5495871), 'lat': np.float64(33.4918191)}"
519,10180235172,"{'y': np.float64(3706724.21140196), 'x': np.float64(365267.75322833564), 'street_count': np.int64(3), 'lon': np.float64(133.5496802), 'lat': np.float64(33.4915567)}"
520,10180235170,"{'y': np.float64(3706746.652503018), 'x': np.float64(365233.2574044635), 'street_count': np.int64(1), 'lon': np.float64(133.5493056), 'lat': np.float64(33.4917547)}"
521,10255231916,"{'y': np.float64(3706717.360217614), 'x': np.float64(365242.1590742673), 'street_count': np.int64(1), 'lon': np.float64(133.5494058), 'lat': np.float64(33.4914917)}"
522,10255230925,"{'y': np.float64(3706729.750397452), 'x': np.float64(365968.57980068924), 'street_count': np.int64(3), 'lon': np.float64(133.5572213), 'lat': np.float64(33.4916947)}"
523,10247222797,"{'y': np.float64(3706760.1802686), 'x': np.float64(366008.643891132), 'street_count': np.int64(3), 'lon': np.float64(133.5576479), 'lat': np.float64(33.4919741)}"
524,10255231855,"{'y': np.float64(3706568.7055334053), 'x': np.float64(365487.5151226097), 'street_count': np.int64(3), 'lon': np.float64(133.5520685), 'lat': np.float64(33.4901822)}"
525,10255231873,"{'y': np.float64(3706572.8509976566), 'x': np.float64(365498.81693703134), 'street_count': np.int64(3), 'lon': np.float64(133.5521895), 'lat': np.float64(33.490221)}"
526,10255231856,"{'y': np.float64(3706579.9669390456), 'x': np.float64(365443.45822343684), 'street_count': np.int64(1), 'lon': np.float64(133.5515927), 'lat': np.float64(33.4902782)}"
527,10255231910,"{'y': np.float64(3706846.1646307674), 'x': np.float64(365470.13362503686), 'street_count': np.int64(1), 'lon': np.float64(133.5518398), 'lat': np.float64(33.4926818)}"
528,10948632340,"{'y': np.float64(3707326.4890707503), 'x': np.float64(366938.48014477885), 'street_count': np.int64(1), 'lon': np.float64(133.5675703), 'lat': np.float64(33.4971965)}"
529,10948632398,"{'y': np.float64(3707366.01806863), 'x': np.float64(365115.3218207584), 'street_count': np.int64(1), 'lon': np.float64(133.5479432), 'lat': np.float64(33.4973245)}"
530,10948632403,"{'y': np.float64(3707237.373208554), 'x': np.float64(365410.23209870775), 'street_count': np.int64(1), 'lon': np.float64(133.5511364), 'lat': np.float64(33.4962017)}"
531,10948633209,"{'y': np.float64(3707329.671053146), 'x': np.float64(365399.6826712348), 'street_count': np.int64(1), 'lon': np.float64(133.551009), 'lat': np.float64(33.4970326)}"
532,10948633210,"{'y': np.float64(3707338.589380447), 'x': np.float64(365378.1200481716), 'street_count': np.int64(3), 'lon': np.float64(133.5507756), 'lat': np.float64(33.4971103)}"
533,10948633264,"{'y': np.float64(3707369.0032526148), 'x': np.float64(365389.7599037309), 'street_count': np.int64(3), 'lon': np.float64(133.5508963), 'lat': np.float64(33.497386)}"
534,10948633213,"{'y': np.float64(3707550.818638885), 'x': np.float64(365275.5397867429), 'street_count': np.int64(1), 'lon': np.float64(133.5496397), 'lat': np.float64(33.499011)}"
535,10948633255,"{'y': np.float64(3707414.582435221), 'x': np.float64(365420.92895877315), 'street_count': np.int64(1), 'lon': np.float64(133.5512249), 'lat': np.float64(33.4978009)}"
536,10948633257,"{'y': np.float64(3707425.884402809), 'x': np.float64(365384.3285832652), 'street_count': np.int64(3), 'lon': np.float64(133.5508293), 'lat': np.float64(33.4978982)}"
537,10948633256,"{'y': np.float64(3707454.0778424046), 'x': np.float64(365390.5760100713), 'street_count': np.int64(1), 'lon': np.float64(133.5508923), 'lat': np.float64(33.4981532)}"
538,10948633265,"{'y': np.float64(3707389.936908062), 'x': np.float64(365396.4820783572), 'street_count': np.int64(3), 'lon': np.float64(133.5509655), 'lat': np.float64(33.4975756)}"
539,10948633268,"{'y': np.float64(3707341.5991557143), 'x': np.float64(365442.9632469418), 'street_count': np.int64(3), 'lon': np.float64(133.551473), 'lat': np.float64(33.4971456)}"
540,10948633266,"{'y': np.float64(3707333.094390768), 'x': np.float64(365430.13333315635), 'street_count': np.int64(1), 'lon': np.float64(133.5513362), 'lat': np.float64(33.4970673)}"
541,12709155895,"{'y': np.float64(3707006.8851437247), 'x': np.float64(366796.41696728783), 'street_count': np.int64(1), 'lon': np.float64(133.5660889), 'lat': np.float64(33.494297)}"
542,12709933137,"{'y': np.float64(3707089.741034891), 'x': np.float64(366518.15128139127), 'street_count': np.int64(1), 'lon': np.float64(133.5630819), 'lat': np.float64(33.4950094)}"
543,12709993841,"{'y': np.float64(3707040.6904882137), 'x': np.float64(365871.413389644), 'street_count': np.int64(1), 'lon': np.float64(133.5561291), 'lat': np.float64(33.4944862)}"
544,12709993884,"{'y': np.float64(3707111.8657861883), 'x': np.float64(365884.39014377946), 'street_count': np.int64(1), 'lon': np.float64(133.5562581), 'lat': np.float64(33.4951296)}"
545,12710040447,"{'y': np.float64(3707128.8887431743), 'x': np.float64(365670.9293438788), 'street_count': np.int64(1), 'lon': np.float64(133.5539583), 'lat': np.float64(33.4952563)}"
546,12710040483,"{'y': np.float64(3706864.212852514), 'x': np.float64(366038.6537446203), 'street_count': np.int64(1), 'lon': np.float64(133.5579553), 'lat': np.float64(33.4929159)}"
