{
"type": "FeatureCollection",
"name": "Gedges",
"crs": { "type": "name", "properties": { "name": "urn:ogc:def:crs:OGC:1.3:CRS84" } },
"features": [
{ "type": "Feature", "properties": { "u": 411229004, "v": 1557769531, "key": 0, "osmid": "142325024", "lanes": "1", "ref": "14", "name": "春野赤岡線", "highway": "primary", "oneway": false, "reversed": "True", "length": 109.852, "maxspeed": null, "bridge": null }, "geometry": { "type": "LineString", "coordinates": [ [ 133.5015962, 33.4678947 ], [ 133.5015385, 33.468044 ], [ 133.5015146, 33.4680756 ], [ 133.501462, 33.4680981 ], [ 133.5010943, 33.4681233 ], [ 133.5007822, 33.468144 ], [ 133.500571900000011, 33.4681455 ] ] } },
{ "type": "Feature", "properties": { "u": 411229004, "v": 1557769477, "key": 0, "osmid": "162214010", "lanes": "2", "ref": "14", "name": "春野赤岡線", "highway": "primary", "oneway": false, "reversed": "True", "length": 679.69, "maxspeed": "50", "bridge": null }, "geometry": { "type": "LineString", "coordinates": [ [ 133.5015962, 33.4678947 ], [ 133.499356400000011, 33.4672815 ], [ 133.4988347, 33.4671615 ], [ 133.4984646, 33.4671031 ], [ 133.496123, 33.4668863 ], [ 133.495534099999986, 33.4668075 ], [ 133.4944662, 33.4665878 ] ] } },
{ "type": "Feature", "properties": { "u": 411229010, "v": 1557769477, "key": 0, "osmid": [ 129809921, 162214010, 162214007 ], "lanes": "2", "ref": "14", "name": "春野赤岡線", "highway": "primary", "oneway": false, "reversed": "False", "length": 616.007, "maxspeed": "50", "bridge": "yes" }, "geometry": { "type": "LineString", "coordinates": [ [ 133.488094499999988, 33.4650457 ], [ 133.489024199999989, 33.4653168 ], [ 133.4900265, 33.4656218 ], [ 133.490756299999987, 33.465808 ], [ 133.4919796, 33.4660723 ], [ 133.4926429, 33.4662086 ], [ 133.492808, 33.466244 ], [ 133.4944662, 33.4665878 ] ] } },
{ "type": "Feature", "properties": { "u": 411229010, "v": 411229012, "key": 0, "osmid": "129809921", "lanes": "2", "ref": "14", "name": "春野赤岡線", "highway": "primary", "oneway": false, "reversed": "True", "length": 64.686, "maxspeed": "50", "bridge": null }, "geometry": { "type": "LineString", "coordinates": [ [ 133.488094499999988, 33.4650457 ], [ 133.487774300000012, 33.4648934 ], [ 133.4874874, 33.4647595 ] ] } },
{ "type": "Feature", "properties": { "u": 411229011, "v": 4930123136, "key": 0, "osmid": "111706146", "lanes": "2", "ref": "23", "name": "須崎仁ノ線", "highway": "primary", "oneway": false, "reversed": "False", "length": 17.875, "maxspeed": null, "bridge": null }, "geometry": { "type": "LineString", "coordinates": [ [ 133.4868088, 33.4644095 ], [ 133.4869699, 33.4644977 ] ] } },
{ "type": "Feature", "properties": { "u": 411229012, "v": 4930119018, "key": 0, "osmid": "111706146", "lanes": "2", "ref": "23", "name": "須崎仁ノ線", "highway": "primary", "oneway": false, "reversed": "True", "length": 27.003, "maxspeed": null, "bridge": null }, "geometry": { "type": "LineString", "coordinates": [ [ 133.4874874, 33.4647595 ], [ 133.4872369, 33.4646358 ] ] } },
{ "type": "Feature", "properties": { "u": 411229012, "v": 411229010, "key": 0, "osmid": "129809921", "lanes": "2", "ref": "14", "name": "春野赤岡線", "highway": "primary", "oneway": false, "reversed": "False", "length": 64.686, "maxspeed": "50", "bridge": null }, "geometry": { "type": "LineString", "coordinates": [ [ 133.4874874, 33.4647595 ], [ 133.487774300000012, 33.4648934 ], [ 133.488094499999988, 33.4650457 ] ] } },
{ "type": "Feature", "properties": { "u": 411229012, "v": 4930119020, "key": 0, "osmid": "502582353", "lanes": "2", "ref": "14", "name": "春野赤岡線", "highway": "primary", "oneway": true, "reversed": "False", "length": 21.506, "maxspeed": "50", "bridge": null }, "geometry": { "type": "LineString", "coordinates": [ [ 133.4874874, 33.4647595 ], [ 133.4873581, 33.464722 ], [ 133.4872641, 33.4647332 ] ] } },
{ "type": "Feature", "properties": { "u": 770247566, "v": 1557769645, "key": 0, "osmid": [ 142326289, 142326995, 142326398, 1124576927 ], "lanes": null, "ref": null, "name": null, "highway": [ "unclassified", "path" ], "oneway": false, "reversed": [ false, true ], "length": 513.039, "maxspeed": null, "bridge": "yes" }, "geometry": { "type": "LineString", "coordinates": [ [ 133.4927304, 33.4699793 ], [ 133.4936683, 33.4703635 ], [ 133.4955056, 33.4709151 ], [ 133.4959805, 33.4710163 ], [ 133.496725, 33.471156 ], [ 133.497001, 33.471217 ], [ 133.497398, 33.471294 ], [ 133.497505, 33.471307 ], [ 133.497566, 33.471325 ], [ 133.4979674, 33.4714107 ] ] } },
{ "type": "Feature", "properties": { "u": 770247566, "v": 1557769535, "key": 0, "osmid": "142326995", "lanes": null, "ref": null, "name": null, "highway": "unclassified", "oneway": false, "reversed": "True", "length": 380.418, "maxspeed": null, "bridge": null }, "geometry": { "type": "LineString", "coordinates": [ [ 133.4927304, 33.4699793 ], [ 133.4925361, 33.4698612 ], [ 133.4920525, 33.469595 ], [ 133.491880400000014, 33.4695101 ], [ 133.4902476, 33.4688396 ], [ 133.489989900000012, 33.468697 ], [ 133.4894938, 33.4684829 ], [ 133.4891275, 33.4683624 ] ] } },
{ "type": "Feature", "properties": { "u": 770247566, "v": 770247616, "key": 0, "osmid": "1124576917", "lanes": "2", "ref": null, "name": null, "highway": "tertiary", "oneway": false, "reversed": "False", "length": 96.638, "maxspeed": null, "bridge": null }, "geometry": { "type": "LineString", "coordinates": [ [ 133.4927304, 33.4699793 ], [ 133.4924536, 33.4704796 ], [ 133.4922812, 33.4707633 ] ] } },
{ "type": "Feature", "properties": { "u": 770247584, "v": 1575534718, "key": 0, "osmid": "61821555", "lanes": "1", "ref": "37", "name": "高知春野線", "highway": "primary", "oneway": false, "reversed": "False", "length": 263.533, "maxspeed": null, "bridge": null }, "geometry": { "type": "LineString", "coordinates": [ [ 133.490913799999987, 33.4752905 ], [ 133.4889976, 33.4735406 ] ] } },
{ "type": "Feature", "properties": { "u": 770247584, "v": 10932913068, "key": 0, "osmid": "61821520", "lanes": "2", "ref": null, "name": null, "highway": "tertiary", "oneway": false, "reversed": "False", "length": 93.684, "maxspeed": null, "bridge": null }, "geometry": { "type": "LineString", "coordinates": [ [ 133.490913799999987, 33.4752905 ], [ 133.490789299999989, 33.4752868 ], [ 133.4904654, 33.475337 ], [ 133.490111500000012, 33.4754124 ], [ 133.4899397, 33.4754816 ] ] } },
{ "type": "Feature", "properties": { "u": 770247584, "v": 770247803, "key": 0, "osmid": "61821520", "lanes": "2", "ref": null, "name": null, "highway": "tertiary", "oneway": false, "reversed": "True", "length": 343.553, "maxspeed": null, "bridge": null }, "geometry": { "type": "LineString", "coordinates": [ [ 133.490913799999987, 33.4752905 ], [ 133.491037799999987, 33.4753119 ], [ 133.4912185, 33.4751994 ], [ 133.4913795, 33.4750534 ], [ 133.4915516, 33.474778 ], [ 133.4917419, 33.4744316 ], [ 133.491811399999989, 33.4741932 ], [ 133.4918375, 33.4740774 ], [ 133.4918577, 33.4738586 ], [ 133.491899, 33.4736859 ], [ 133.491965099999987, 33.473561 ], [ 133.492077099999989, 33.4734148 ], [ 133.492157600000013, 33.4733076 ], [ 133.492189200000013, 33.4732274 ], [ 133.4921975, 33.4731314 ], [ 133.4921894, 33.4730415 ], [ 133.4921574, 33.4729379 ], [ 133.492131, 33.4728037 ], [ 133.4921305, 33.4726068 ] ] } },
{ "type": "Feature", "properties": { "u": 770247616, "v": 11021394522, "key": 0, "osmid": "143975200", "lanes": null, "ref": null, "name": null, "highway": "unclassified", "oneway": false, "reversed": "True", "length": 4.473, "maxspeed": null, "bridge": null }, "geometry": { "type": "LineString", "coordinates": [ [ 133.4922812, 33.4707633 ], [ 133.4923293, 33.4707662 ] ] } },
{ "type": "Feature", "properties": { "u": 770247616, "v": 1575534504, "key": 0, "osmid": "143975199", "lanes": null, "ref": null, "name": null, "highway": "residential", "oneway": false, "reversed": "True", "length": 227.46, "maxspeed": null, "bridge": null }, "geometry": { "type": "LineString", "coordinates": [ [ 133.4922812, 33.4707633 ], [ 133.4922336, 33.4707507 ], [ 133.4921373, 33.4707435 ], [ 133.4920267, 33.4707136 ], [ 133.4919376, 33.4706824 ], [ 133.4918557, 33.4706417 ], [ 133.4916459, 33.4705529 ], [ 133.491564, 33.470529 ], [ 133.491492099999988, 33.4705218 ], [ 133.4913728, 33.4705062 ], [ 133.4913211, 33.4704942 ], [ 133.4912722, 33.4704726 ], [ 133.491153, 33.4704043 ], [ 133.4908886, 33.4702233 ], [ 133.4903842, 33.4698313 ], [ 133.4903252, 33.4697893 ], [ 133.4902203, 33.4697414 ] ] } },
{ "type": "Feature", "properties": { "u": 770247616, "v": 1557769686, "key": 0, "osmid": [ 1176760650, 1124576917, 1124576918 ], "lanes": "2", "ref": null, "name": null, "highway": "tertiary", "oneway": false, "reversed": "False", "length": 192.414, "maxspeed": null, "bridge": "yes" }, "geometry": { "type": "LineString", "coordinates": [ [ 133.4922812, 33.4707633 ], [ 133.4921498, 33.4713415 ], [ 133.4921479, 33.4713837 ], [ 133.4921448, 33.4714197 ], [ 133.4921424, 33.4724833 ] ] } },
{ "type": "Feature", "properties": { "u": 770247616, "v": 770247566, "key": 0, "osmid": "1124576917", "lanes": "2", "ref": null, "name": null, "highway": "tertiary", "oneway": false, "reversed": "True", "length": 96.638, "maxspeed": null, "bridge": null }, "geometry": { "type": "LineString", "coordinates": [ [ 133.4922812, 33.4707633 ], [ 133.4924536, 33.4704796 ], [ 133.4927304, 33.4699793 ] ] } },
{ "type": "Feature", "properties": { "u": 770247658, "v": 10931858401, "key": 0, "osmid": "61821520", "lanes": "2", "ref": null, "name": null, "highway": "tertiary", "oneway": false, "reversed": "False", "length": 211.085, "maxspeed": null, "bridge": null }, "geometry": { "type": "LineString", "coordinates": [ [ 133.489170300000012, 33.4758325 ], [ 133.4886956, 33.476028 ], [ 133.488360699999987, 33.4762416 ], [ 133.4880579, 33.4764535 ], [ 133.4878387, 33.4766888 ], [ 133.4876418, 33.4769043 ], [ 133.487508, 33.477078 ] ] } },
{ "type": "Feature", "properties": { "u": 770247658, "v": 10932913068, "key": 0, "osmid": "61821520", "lanes": "2", "ref": null, "name": null, "highway": "tertiary", "oneway": false, "reversed": "True", "length": 81.385, "maxspeed": null, "bridge": null }, "geometry": { "type": "LineString", "coordinates": [ [ 133.489170300000012, 33.4758325 ], [ 133.4896747, 33.4755883 ], [ 133.4899397, 33.4754816 ] ] } },
{ "type": "Feature", "properties": { "u": 770247658, "v": 1575534751, "key": 0, "osmid": "143975191", "lanes": null, "ref": null, "name": null, "highway": "track", "oneway": false, "reversed": "False", "length": 109.64, "maxspeed": null, "bridge": null }, "geometry": { "type": "LineString", "coordinates": [ [ 133.489170300000012, 33.4758325 ], [ 133.4886605, 33.475035 ], [ 133.488626, 33.4750086 ], [ 133.4885772, 33.4749942 ] ] } },
{ "type": "Feature", "properties": { "u": 770247716, "v": 3955403557, "key": 0, "osmid": "61821525", "lanes": "1", "ref": "37", "name": "高知春野線", "highway": "primary", "oneway": false, "reversed": "False", "length": 72.365, "maxspeed": null, "bridge": null }, "geometry": { "type": "LineString", "coordinates": [ [ 133.485342300000013, 33.4667607 ], [ 133.485288200000014, 33.4664925 ], [ 133.4852645, 33.4661142 ] ] } },
{ "type": "Feature", "properties": { "u": 770247716, "v": 1431444168, "key": 0, "osmid": "142325047", "lanes": null, "ref": "14", "name": "春野赤岡線", "highway": "primary", "oneway": false, "reversed": "True", "length": 243.579, "maxspeed": null, "bridge": null }, "geometry": { "type": "LineString", "coordinates": [ [ 133.485342300000013, 33.4667607 ], [ 133.48466830000001, 33.4666653 ], [ 133.484561500000012, 33.4666579 ], [ 133.484464, 33.4666858 ], [ 133.4841934, 33.4668195 ], [ 133.483875899999987, 33.4669677 ], [ 133.483656599999989, 33.4670497 ], [ 133.4834185, 33.4671286 ], [ 133.482944300000014, 33.4672167 ], [ 133.4828738, 33.4672074 ] ] } },
{ "type": "Feature", "properties": { "u": 770247716, "v": 1431444151, "key": 0, "osmid": "1219457536", "lanes": "1", "ref": "14;37", "name": "春野赤岡線", "highway": "primary", "oneway": false, "reversed": "True", "length": 20.442, "maxspeed": null, "bridge": null }, "geometry": { "type": "LineString", "coordinates": [ [ 133.485342300000013, 33.4667607 ], [ 133.4854679, 33.4667957 ], [ 133.485555799999986, 33.4667984 ] ] } },
{ "type": "Feature", "properties": { "u": 770247775, "v": 3955403557, "key": 0, "osmid": "61821525", "lanes": "1", "ref": "37", "name": "高知春野線", "highway": "primary", "oneway": false, "reversed": "True", "length": 86.391, "maxspeed": null, "bridge": null }, "geometry": { "type": "LineString", "coordinates": [ [ 133.4851926, 33.465341 ], [ 133.48521310000001, 33.4653994 ], [ 133.4852645, 33.4661142 ] ] } },
{ "type": "Feature", "properties": { "u": 770247775, "v": 4930123130, "key": 0, "osmid": "129809927", "lanes": "2", "ref": "14", "name": "春野赤岡線", "highway": "primary", "oneway": false, "reversed": "False", "length": 138.779, "maxspeed": "50", "bridge": null }, "geometry": { "type": "LineString", "coordinates": [ [ 133.4851926, 33.465341 ], [ 133.485693700000013, 33.4651525 ], [ 133.486007, 33.4650403 ], [ 133.4861344, 33.4649989 ], [ 133.48623520000001, 33.4649687 ], [ 133.486583700000011, 33.4648882 ] ] } },
{ "type": "Feature", "properties": { "u": 770247775, "v": 1431444149, "key": 0, "osmid": "129809927", "lanes": "2", "ref": "14", "name": "春野赤岡線", "highway": "primary", "oneway": false, "reversed": "True", "length": 295.665, "maxspeed": "50", "bridge": null }, "geometry": { "type": "LineString", "coordinates": [ [ 133.4851926, 33.465341 ], [ 133.484575, 33.4655968 ], [ 133.4838224, 33.4659707 ], [ 133.483163499999989, 33.4663374 ], [ 133.4824898, 33.4667416 ] ] } },
{ "type": "Feature", "properties": { "u": 770247803, "v": 770247584, "key": 0, "osmid": "61821520", "lanes": "2", "ref": null, "name": null, "highway": "tertiary", "oneway": false, "reversed": "False", "length": 343.553, "maxspeed": null, "bridge": null }, "geometry": { "type": "LineString", "coordinates": [ [ 133.4921305, 33.4726068 ], [ 133.492131, 33.4728037 ], [ 133.4921574, 33.4729379 ], [ 133.4921894, 33.4730415 ], [ 133.4921975, 33.4731314 ], [ 133.492189200000013, 33.4732274 ], [ 133.492157600000013, 33.4733076 ], [ 133.492077099999989, 33.4734148 ], [ 133.491965099999987, 33.473561 ], [ 133.491899, 33.4736859 ], [ 133.4918577, 33.4738586 ], [ 133.4918375, 33.4740774 ], [ 133.491811399999989, 33.4741932 ], [ 133.4917419, 33.4744316 ], [ 133.4915516, 33.474778 ], [ 133.4913795, 33.4750534 ], [ 133.4912185, 33.4751994 ], [ 133.491037799999987, 33.4753119 ], [ 133.490913799999987, 33.4752905 ] ] } },
{ "type": "Feature", "properties": { "u": 770247803, "v": 1557769686, "key": 0, "osmid": [ 61821520, 1176760650, 1176760651 ], "lanes": "2", "ref": null, "name": null, "highway": "tertiary", "oneway": false, "reversed": "True", "length": 13.778, "maxspeed": null, "bridge": "yes" }, "geometry": { "type": "LineString", "coordinates": [ [ 133.4921305, 33.4726068 ], [ 133.4921338, 33.4725706 ], [ 133.4921401, 33.4725026 ], [ 133.4921424, 33.4724833 ] ] } },
{ "type": "Feature", "properties": { "u": 770247803, "v": 1575534653, "key": 0, "osmid": "143975203", "lanes": null, "ref": null, "name": null, "highway": "unclassified", "oneway": false, "reversed": "False", "length": 160.438, "maxspeed": null, "bridge": null }, "geometry": { "type": "LineString", "coordinates": [ [ 133.4921305, 33.4726068 ], [ 133.492345, 33.472549 ], [ 133.4925665, 33.472503 ], [ 133.4928114, 33.4724746 ], [ 133.492977, 33.4724471 ], [ 133.4932494, 33.4724607 ], [ 133.4934831, 33.4724607 ], [ 133.493594800000011, 33.4724641 ], [ 133.4938326, 33.4724997 ] ] } },
{ "type": "Feature", "properties": { "u": 1431444149, "v": 770247775, "key": 0, "osmid": "129809927", "lanes": "2", "ref": "14", "name": "春野赤岡線", "highway": "primary", "oneway": false, "reversed": "False", "length": 295.665, "maxspeed": "50", "bridge": null }, "geometry": { "type": "LineString", "coordinates": [ [ 133.4824898, 33.4667416 ], [ 133.483163499999989, 33.4663374 ], [ 133.4838224, 33.4659707 ], [ 133.484575, 33.4655968 ], [ 133.4851926, 33.465341 ] ] } },
{ "type": "Feature", "properties": { "u": 1431444149, "v": 1431444168, "key": 0, "osmid": "142325047", "lanes": null, "ref": "14", "name": "春野赤岡線", "highway": "primary", "oneway": false, "reversed": "False", "length": 63.344, "maxspeed": null, "bridge": null }, "geometry": { "type": "LineString", "coordinates": [ [ 133.4824898, 33.4667416 ], [ 133.482559, 33.4668046 ], [ 133.4828185, 33.4671705 ], [ 133.4828738, 33.4672074 ] ] } },
{ "type": "Feature", "properties": { "u": 1431444151, "v": 1431444173, "key": 0, "osmid": "61821555", "lanes": "1", "ref": "37", "name": "高知春野線", "highway": "primary", "oneway": false, "reversed": "True", "length": 166.414, "maxspeed": null, "bridge": null }, "geometry": { "type": "LineString", "coordinates": [ [ 133.485555799999986, 33.4667984 ], [ 133.4855899, 33.4668359 ], [ 133.485762200000011, 33.4669709 ], [ 133.486247600000013, 33.4674082 ], [ 133.4864177, 33.4676013 ], [ 133.4865187, 33.4677484 ], [ 133.4866065, 33.4679845 ] ] } },
{ "type": "Feature", "properties": { "u": 1431444151, "v": 1557769532, "key": 0, "osmid": "129809745", "lanes": null, "ref": "14", "name": "春野赤岡線", "highway": "primary", "oneway": false, "reversed": "False", "length": 352.544, "maxspeed": null, "bridge": null }, "geometry": { "type": "LineString", "coordinates": [ [ 133.485555799999986, 33.4667984 ], [ 133.485917699999987, 33.4667642 ], [ 133.4860075, 33.466784 ], [ 133.4862344, 33.4669242 ], [ 133.4879004, 33.4677116 ], [ 133.4888832, 33.4682039 ] ] } },
{ "type": "Feature", "properties": { "u": 1431444151, "v": 770247716, "key": 0, "osmid": "1219457536", "lanes": "1", "ref": "14;37", "name": "春野赤岡線", "highway": "primary", "oneway": false, "reversed": "False", "length": 20.442, "maxspeed": null, "bridge": null }, "geometry": { "type": "LineString", "coordinates": [ [ 133.485555799999986, 33.4667984 ], [ 133.4854679, 33.4667957 ], [ 133.485342300000013, 33.4667607 ] ] } },
{ "type": "Feature", "properties": { "u": 1431444168, "v": 770247716, "key": 0, "osmid": "142325047", "lanes": null, "ref": "14", "name": "春野赤岡線", "highway": "primary", "oneway": false, "reversed": "False", "length": 243.579, "maxspeed": null, "bridge": null }, "geometry": { "type": "LineString", "coordinates": [ [ 133.4828738, 33.4672074 ], [ 133.482944300000014, 33.4672167 ], [ 133.4834185, 33.4671286 ], [ 133.483656599999989, 33.4670497 ], [ 133.483875899999987, 33.4669677 ], [ 133.4841934, 33.4668195 ], [ 133.484464, 33.4666858 ], [ 133.484561500000012, 33.4666579 ], [ 133.48466830000001, 33.4666653 ], [ 133.485342300000013, 33.4667607 ] ] } },
{ "type": "Feature", "properties": { "u": 1431444168, "v": 1431444149, "key": 0, "osmid": "142325047", "lanes": null, "ref": "14", "name": "春野赤岡線", "highway": "primary", "oneway": false, "reversed": "True", "length": 63.344, "maxspeed": null, "bridge": null }, "geometry": { "type": "LineString", "coordinates": [ [ 133.4828738, 33.4672074 ], [ 133.4828185, 33.4671705 ], [ 133.482559, 33.4668046 ], [ 133.4824898, 33.4667416 ] ] } },
{ "type": "Feature", "properties": { "u": 1431444168, "v": 1575494565, "key": 0, "osmid": "143973083", "lanes": null, "ref": null, "name": null, "highway": "residential", "oneway": false, "reversed": "True", "length": 77.028, "maxspeed": null, "bridge": null }, "geometry": { "type": "LineString", "coordinates": [ [ 133.4828738, 33.4672074 ], [ 133.4828221, 33.4672391 ], [ 133.482600100000013, 33.4672785 ], [ 133.4823908, 33.4672853 ], [ 133.4820616, 33.4672684 ] ] } },
{ "type": "Feature", "properties": { "u": 1431444173, "v": 4938274308, "key": 0, "osmid": "61821555", "lanes": "1", "ref": "37", "name": "高知春野線", "highway": "primary", "oneway": false, "reversed": "True", "length": 29.248, "maxspeed": null, "bridge": null }, "geometry": { "type": "LineString", "coordinates": [ [ 133.4866065, 33.4679845 ], [ 133.4866893, 33.4682383 ] ] } },
{ "type": "Feature", "properties": { "u": 1431444173, "v": 1431444151, "key": 0, "osmid": "61821555", "lanes": "1", "ref": "37", "name": "高知春野線", "highway": "primary", "oneway": false, "reversed": "False", "length": 166.414, "maxspeed": null, "bridge": null }, "geometry": { "type": "LineString", "coordinates": [ [ 133.4866065, 33.4679845 ], [ 133.4865187, 33.4677484 ], [ 133.4864177, 33.4676013 ], [ 133.486247600000013, 33.4674082 ], [ 133.485762200000011, 33.4669709 ], [ 133.4855899, 33.4668359 ], [ 133.485555799999986, 33.4667984 ] ] } },
{ "type": "Feature", "properties": { "u": 1431444173, "v": 1575534471, "key": 0, "osmid": "143975197", "lanes": null, "ref": null, "name": null, "highway": "residential", "oneway": false, "reversed": "False", "length": 198.99, "maxspeed": null, "bridge": null }, "geometry": { "type": "LineString", "coordinates": [ [ 133.4866065, 33.4679845 ], [ 133.4865055, 33.4680641 ], [ 133.486367300000012, 33.4681285 ], [ 133.4862128, 33.468176 ], [ 133.4860543, 33.4682014 ], [ 133.4858978, 33.4682166 ], [ 133.485658, 33.4682099 ], [ 133.4855584, 33.4682099 ], [ 133.4854914, 33.4682251 ], [ 133.485438499999987, 33.4682522 ], [ 133.4853491, 33.4683031 ], [ 133.4852597, 33.4683234 ], [ 133.4852028, 33.4683557 ], [ 133.4851012, 33.4684218 ], [ 133.4850016, 33.4684998 ], [ 133.484904, 33.4685913 ], [ 133.4848614, 33.4686388 ], [ 133.484784100000013, 33.4686591 ], [ 133.4847293, 33.4686778 ] ] } },
{ "type": "Feature", "properties": { "u": 1557769477, "v": 1557769480, "key": 0, "osmid": "142326365", "lanes": null, "ref": null, "name": null, "highway": "unclassified", "oneway": false, "reversed": "True", "length": 54.088, "maxspeed": null, "bridge": null }, "geometry": { "type": "LineString", "coordinates": [ [ 133.4944662, 33.4665878 ], [ 133.4944439, 33.4666413 ], [ 133.4941449, 33.4669913 ] ] } },
{ "type": "Feature", "properties": { "u": 1557769477, "v": 411229004, "key": 0, "osmid": "162214010", "lanes": "2", "ref": "14", "name": "春野赤岡線", "highway": "primary", "oneway": false, "reversed": "False", "length": 679.69, "maxspeed": "50", "bridge": null }, "geometry": { "type": "LineString", "coordinates": [ [ 133.4944662, 33.4665878 ], [ 133.495534099999986, 33.4668075 ], [ 133.496123, 33.4668863 ], [ 133.4984646, 33.4671031 ], [ 133.4988347, 33.4671615 ], [ 133.499356400000011, 33.4672815 ], [ 133.5015962, 33.4678947 ] ] } },
{ "type": "Feature", "properties": { "u": 1557769477, "v": 411229010, "key": 0, "osmid": [ 129809921, 162214010, 162214007 ], "lanes": "2", "ref": "14", "name": "春野赤岡線", "highway": "primary", "oneway": false, "reversed": "True", "length": 616.007, "maxspeed": "50", "bridge": "yes" }, "geometry": { "type": "LineString", "coordinates": [ [ 133.4944662, 33.4665878 ], [ 133.492808, 33.466244 ], [ 133.4926429, 33.4662086 ], [ 133.4919796, 33.4660723 ], [ 133.490756299999987, 33.465808 ], [ 133.4900265, 33.4656218 ], [ 133.489024199999989, 33.4653168 ], [ 133.488094499999988, 33.4650457 ] ] } },
{ "type": "Feature", "properties": { "u": 1557769480, "v": 1557769531, "key": 0, "osmid": "142325024", "lanes": "1", "ref": "14", "name": "春野赤岡線", "highway": "primary", "oneway": false, "reversed": "False", "length": 613.529, "maxspeed": null, "bridge": null }, "geometry": { "type": "LineString", "coordinates": [ [ 133.4941449, 33.4669913 ], [ 133.4942417, 33.4669852 ], [ 133.4944017, 33.4670096 ], [ 133.4948453, 33.467184 ], [ 133.4951862, 33.4672871 ], [ 133.4957843, 33.4674364 ], [ 133.4959835, 33.4674636 ], [ 133.496336500000012, 33.4674649 ], [ 133.4971008, 33.467553 ], [ 133.497398, 33.467618 ], [ 133.497714800000011, 33.4677041 ], [ 133.49801690000001, 33.4677402 ], [ 133.4982666, 33.4677797 ], [ 133.4985122, 33.4678339 ], [ 133.4987308, 33.4678899 ], [ 133.498942199999988, 33.4679268 ], [ 133.4992519, 33.4679649 ], [ 133.499578, 33.4680183 ], [ 133.5002642, 33.4681257 ], [ 133.5004389, 33.468141 ], [ 133.500571900000011, 33.4681455 ] ] } },
{ "type": "Feature", "properties": { "u": 1557769480, "v": 1575534436, "key": 0, "osmid": "142325024", "lanes": "1", "ref": "14", "name": "春野赤岡線", "highway": "primary", "oneway": false, "reversed": "True", "length": 359.824, "maxspeed": null, "bridge": null }, "geometry": { "type": "LineString", "coordinates": [ [ 133.4941449, 33.4669913 ], [ 133.4940134, 33.4670621 ], [ 133.4938085, 33.4671604 ], [ 133.493322799999987, 33.4674045 ], [ 133.4926237, 33.4676792 ], [ 133.4922498, 33.46783 ], [ 133.4921075, 33.4678606 ], [ 133.4919673, 33.4678758 ], [ 133.4918027, 33.4678673 ], [ 133.4915933, 33.4678351 ], [ 133.4912804, 33.4677775 ], [ 133.4910832, 33.4677487 ], [ 133.490910500000012, 33.4677317 ], [ 133.4905406, 33.4677487 ] ] } },
{ "type": "Feature", "properties": { "u": 1557769480, "v": 1557769477, "key": 0, "osmid": "142326365", "lanes": null, "ref": null, "name": null, "highway": "unclassified", "oneway": false, "reversed": "False", "length": 54.088, "maxspeed": null, "bridge": null }, "geometry": { "type": "LineString", "coordinates": [ [ 133.4941449, 33.4669913 ], [ 133.4944439, 33.4666413 ], [ 133.4944662, 33.4665878 ] ] } },
{ "type": "Feature", "properties": { "u": 1557769531, "v": 411229004, "key": 0, "osmid": "142325024", "lanes": "1", "ref": "14", "name": "春野赤岡線", "highway": "primary", "oneway": false, "reversed": "False", "length": 109.852, "maxspeed": null, "bridge": null }, "geometry": { "type": "LineString", "coordinates": [ [ 133.500571900000011, 33.4681455 ], [ 133.5007822, 33.468144 ], [ 133.5010943, 33.4681233 ], [ 133.501462, 33.4680981 ], [ 133.5015146, 33.4680756 ], [ 133.5015385, 33.468044 ], [ 133.5015962, 33.4678947 ] ] } },
{ "type": "Feature", "properties": { "u": 1557769531, "v": 1557769480, "key": 0, "osmid": "142325024", "lanes": "1", "ref": "14", "name": "春野赤岡線", "highway": "primary", "oneway": false, "reversed": "True", "length": 613.529, "maxspeed": null, "bridge": null }, "geometry": { "type": "LineString", "coordinates": [ [ 133.500571900000011, 33.4681455 ], [ 133.5004389, 33.468141 ], [ 133.5002642, 33.4681257 ], [ 133.499578, 33.4680183 ], [ 133.4992519, 33.4679649 ], [ 133.498942199999988, 33.4679268 ], [ 133.4987308, 33.4678899 ], [ 133.4985122, 33.4678339 ], [ 133.4982666, 33.4677797 ], [ 133.49801690000001, 33.4677402 ], [ 133.497714800000011, 33.4677041 ], [ 133.497398, 33.467618 ], [ 133.4971008, 33.467553 ], [ 133.496336500000012, 33.4674649 ], [ 133.4959835, 33.4674636 ], [ 133.4957843, 33.4674364 ], [ 133.4951862, 33.4672871 ], [ 133.4948453, 33.467184 ], [ 133.4944017, 33.4670096 ], [ 133.4942417, 33.4669852 ], [ 133.4941449, 33.4669913 ] ] } },
{ "type": "Feature", "properties": { "u": 1557769531, "v": 1557769645, "key": 0, "osmid": "142325236", "lanes": null, "ref": null, "name": null, "highway": "unclassified", "oneway": false, "reversed": "True", "length": 441.904, "maxspeed": null, "bridge": null }, "geometry": { "type": "LineString", "coordinates": [ [ 133.500571900000011, 33.4681455 ], [ 133.5005387, 33.468212 ], [ 133.500253, 33.468586 ], [ 133.49987, 33.468981 ], [ 133.499675, 33.469171 ], [ 133.49948, 33.469278 ], [ 133.499386, 33.469346 ], [ 133.499278, 33.469526 ], [ 133.498909, 33.470299 ], [ 133.498735, 33.470496 ], [ 133.498586, 33.470744 ], [ 133.498425, 33.47097 ], [ 133.49819, 33.471217 ], [ 133.4979674, 33.4714107 ] ] } },
{ "type": "Feature", "properties": { "u": 1557769532, "v": 1557769535, "key": 0, "osmid": "142326995", "lanes": null, "ref": null, "name": null, "highway": "unclassified", "oneway": false, "reversed": "False", "length": 28.708, "maxspeed": null, "bridge": null }, "geometry": { "type": "LineString", "coordinates": [ [ 133.4888832, 33.4682039 ], [ 133.4891275, 33.4683624 ] ] } },
{ "type": "Feature", "properties": { "u": 1557769532, "v": 1431444151, "key": 0, "osmid": "129809745", "lanes": null, "ref": "14", "name": "春野赤岡線", "highway": "primary", "oneway": false, "reversed": "True", "length": 352.544, "maxspeed": null, "bridge": null }, "geometry": { "type": "LineString", "coordinates": [ [ 133.4888832, 33.4682039 ], [ 133.4879004, 33.4677116 ], [ 133.4862344, 33.4669242 ], [ 133.4860075, 33.466784 ], [ 133.485917699999987, 33.4667642 ], [ 133.485555799999986, 33.4667984 ] ] } },
{ "type": "Feature", "properties": { "u": 1557769532, "v": 1575534436, "key": 0, "osmid": "142325024", "lanes": "1", "ref": "14", "name": "春野赤岡線", "highway": "primary", "oneway": false, "reversed": "False", "length": 164.134, "maxspeed": null, "bridge": null }, "geometry": { "type": "LineString", "coordinates": [ [ 133.4888832, 33.4682039 ], [ 133.4889574, 33.4681623 ], [ 133.4890103, 33.4681352 ], [ 133.48912, 33.4680725 ], [ 133.489235900000011, 33.4680081 ], [ 133.4893639, 33.4679623 ], [ 133.489524499999987, 33.4679216 ], [ 133.4903109, 33.4677673 ], [ 133.4905406, 33.4677487 ] ] } },
{ "type": "Feature", "properties": { "u": 1557769535, "v": 1557769532, "key": 0, "osmid": "142326995", "lanes": null, "ref": null, "name": null, "highway": "unclassified", "oneway": false, "reversed": "True", "length": 28.708, "maxspeed": null, "bridge": null }, "geometry": { "type": "LineString", "coordinates": [ [ 133.4891275, 33.4683624 ], [ 133.4888832, 33.4682039 ] ] } },
{ "type": "Feature", "properties": { "u": 1557769535, "v": 770247566, "key": 0, "osmid": "142326995", "lanes": null, "ref": null, "name": null, "highway": "unclassified", "oneway": false, "reversed": "False", "length": 380.418, "maxspeed": null, "bridge": null }, "geometry": { "type": "LineString", "coordinates": [ [ 133.4891275, 33.4683624 ], [ 133.4894938, 33.4684829 ], [ 133.489989900000012, 33.468697 ], [ 133.4902476, 33.4688396 ], [ 133.491880400000014, 33.4695101 ], [ 133.4920525, 33.469595 ], [ 133.4925361, 33.4698612 ], [ 133.4927304, 33.4699793 ] ] } },
{ "type": "Feature", "properties": { "u": 1557769535, "v": 1575534473, "key": 0, "osmid": "143975210", "lanes": null, "ref": null, "name": null, "highway": "residential", "oneway": false, "reversed": "False", "length": 66.145, "maxspeed": null, "bridge": null }, "geometry": { "type": "LineString", "coordinates": [ [ 133.4891275, 33.4683624 ], [ 133.4890871, 33.4684265 ], [ 133.4889641, 33.4685757 ], [ 133.4888269, 33.4687003 ], [ 133.4886745, 33.4688164 ] ] } },
{ "type": "Feature", "properties": { "u": 1557769604, "v": 1575534530, "key": 0, "osmid": "61821555", "lanes": "1", "ref": "37", "name": "高知春野線", "highway": "primary", "oneway": false, "reversed": "False", "length": 18.642, "maxspeed": null, "bridge": null }, "geometry": { "type": "LineString", "coordinates": [ [ 133.487388399999986, 33.470541 ], [ 133.4873404, 33.4703782 ] ] } },
{ "type": "Feature", "properties": { "u": 1557769604, "v": 1575534527, "key": 0, "osmid": "503542517", "lanes": null, "ref": null, "name": null, "highway": "residential", "oneway": false, "reversed": "False", "length": 60.001, "maxspeed": null, "bridge": null }, "geometry": { "type": "LineString", "coordinates": [ [ 133.487388399999986, 33.470541 ], [ 133.4879382, 33.4702567 ] ] } },
{ "type": "Feature", "properties": { "u": 1557769604, "v": 4938275723, "key": 0, "osmid": "61821555", "lanes": "1", "ref": "37", "name": "高知春野線", "highway": "primary", "oneway": false, "reversed": "True", "length": 69.565, "maxspeed": null, "bridge": null }, "geometry": { "type": "LineString", "coordinates": [ [ 133.487388399999986, 33.470541 ], [ 133.487543100000011, 33.4710714 ], [ 133.487567500000011, 33.4711485 ] ] } },
{ "type": "Feature", "properties": { "u": 1557769645, "v": 1557769531, "key": 0, "osmid": "142325236", "lanes": null, "ref": null, "name": null, "highway": "unclassified", "oneway": false, "reversed": "False", "length": 441.904, "maxspeed": null, "bridge": null }, "geometry": { "type": "LineString", "coordinates": [ [ 133.4979674, 33.4714107 ], [ 133.49819, 33.471217 ], [ 133.498425, 33.47097 ], [ 133.498586, 33.470744 ], [ 133.498735, 33.470496 ], [ 133.498909, 33.470299 ], [ 133.499278, 33.469526 ], [ 133.499386, 33.469346 ], [ 133.49948, 33.469278 ], [ 133.499675, 33.469171 ], [ 133.49987, 33.468981 ], [ 133.500253, 33.468586 ], [ 133.5005387, 33.468212 ], [ 133.500571900000011, 33.4681455 ] ] } },
{ "type": "Feature", "properties": { "u": 1557769645, "v": 1557769653, "key": 0, "osmid": [ 142325878, 142326031 ], "lanes": null, "ref": null, "name": null, "highway": "unclassified", "oneway": false, "reversed": "True", "length": 53.901, "maxspeed": null, "bridge": null }, "geometry": { "type": "LineString", "coordinates": [ [ 133.4979674, 33.4714107 ], [ 133.497833, 33.471527 ], [ 133.49763, 33.471641 ], [ 133.497512, 33.471708 ] ] } },
{ "type": "Feature", "properties": { "u": 1557769645, "v": 770247566, "key": 0, "osmid": [ 142326289, 142326995, 142326398, 1124576927 ], "lanes": null, "ref": null, "name": null, "highway": [ "unclassified", "path" ], "oneway": false, "reversed": [ false, true ], "length": 513.039, "maxspeed": null, "bridge": "yes" }, "geometry": { "type": "LineString", "coordinates": [ [ 133.4979674, 33.4714107 ], [ 133.497566, 33.471325 ], [ 133.497505, 33.471307 ], [ 133.497398, 33.471294 ], [ 133.497001, 33.471217 ], [ 133.496725, 33.471156 ], [ 133.4959805, 33.4710163 ], [ 133.4955056, 33.4709151 ], [ 133.4936683, 33.4703635 ], [ 133.4927304, 33.4699793 ] ] } },
{ "type": "Feature", "properties": { "u": 1557769653, "v": 1557769645, "key": 0, "osmid": [ 142325878, 142326031 ], "lanes": null, "ref": null, "name": null, "highway": "unclassified", "oneway": false, "reversed": "False", "length": 53.901, "maxspeed": null, "bridge": null }, "geometry": { "type": "LineString", "coordinates": [ [ 133.497512, 33.471708 ], [ 133.49763, 33.471641 ], [ 133.497833, 33.471527 ], [ 133.4979674, 33.4714107 ] ] } },
{ "type": "Feature", "properties": { "u": 1557769653, "v": 1575534620, "key": 0, "osmid": [ 1124576928, 142326031 ], "lanes": null, "ref": null, "name": null, "highway": "unclassified", "oneway": false, "reversed": "True", "length": 130.35, "maxspeed": null, "bridge": null }, "geometry": { "type": "LineString", "coordinates": [ [ 133.497512, 33.471708 ], [ 133.497398, 33.47173 ], [ 133.4973119, 33.471747 ], [ 133.4972062, 33.4717656 ], [ 133.497129, 33.4717928 ], [ 133.497033499999986, 33.4718623 ], [ 133.4969542, 33.4719165 ], [ 133.4968445, 33.4719521 ], [ 133.4966372, 33.4720199 ], [ 133.4964157, 33.4721182 ], [ 133.4962449, 33.4721827 ] ] } },
{ "type": "Feature", "properties": { "u": 1557769653, "v": 1575534620, "key": 1, "osmid": [ 143975202, 143975205 ], "lanes": null, "ref": null, "name": null, "highway": [ "residential", "path" ], "oneway": false, "reversed": "False", "length": 335.941, "maxspeed": null, "bridge": null }, "geometry": { "type": "LineString", "coordinates": [ [ 133.497512, 33.471708 ], [ 133.497549, 33.4719441 ], [ 133.4975388, 33.4720001 ], [ 133.4974372, 33.4723341 ], [ 133.4974169, 33.4723883 ], [ 133.497355, 33.4724686 ], [ 133.49727870000001, 33.4725646 ], [ 133.4972218, 33.4726629 ], [ 133.497160799999989, 33.4727019 ], [ 133.4971266, 33.4727295 ], [ 133.497095, 33.4728038 ], [ 133.4970562, 33.4728649 ], [ 133.4969571, 33.4729285 ], [ 133.496827700000011, 33.472992 ], [ 133.496646700000014, 33.4730423 ], [ 133.4965475, 33.4730507 ], [ 133.4964685, 33.4730459 ], [ 133.4963736, 33.4730292 ], [ 133.4963147, 33.473028 ], [ 133.4962414, 33.4730375 ], [ 133.4961581, 33.4730615 ], [ 133.4961336, 33.4730567 ], [ 133.4961121, 33.4730387 ], [ 133.4961006, 33.4729704 ], [ 133.4960963, 33.4728793 ], [ 133.496102, 33.472811 ], [ 133.4961279, 33.472751 ], [ 133.4961667, 33.4726875 ], [ 133.4962299, 33.472594 ], [ 133.4963003, 33.472431 ], [ 133.496309, 33.4723459 ], [ 133.4962989, 33.4722752 ], [ 133.4962449, 33.4721827 ] ] } },
{ "type": "Feature", "properties": { "u": 1557769686, "v": 1575534594, "key": 0, "osmid": [ 143975194, 1124576915, 1124576916 ], "lanes": null, "ref": null, "name": null, "highway": "residential", "oneway": false, "reversed": "True", "length": 372.757, "maxspeed": null, "bridge": "yes" }, "geometry": { "type": "LineString", "coordinates": [ [ 133.4921424, 33.4724833 ], [ 133.4919698, 33.4724639 ], [ 133.4916905, 33.4724186 ], [ 133.49153290000001, 33.4723865 ], [ 133.491415100000012, 33.4723745 ], [ 133.4909451, 33.4723673 ], [ 133.490778400000011, 33.4723529 ], [ 133.490683600000011, 33.4723289 ], [ 133.490580099999988, 33.4722882 ], [ 133.4903502, 33.4721863 ], [ 133.4901907, 33.4721228 ], [ 133.4900858, 33.4720928 ], [ 133.4900292, 33.4720862 ], [ 133.4899574, 33.4721124 ], [ 133.4896644, 33.4719924 ], [ 133.4895804, 33.4719665 ], [ 133.4893227, 33.4718871 ], [ 133.488336299999986, 33.4715777 ] ] } },
{ "type": "Feature", "properties": { "u": 1557769686, "v": 770247803, "key": 0, "osmid": [ 61821520, 1176760650, 1176760651 ], "lanes": "2", "ref": null, "name": null, "highway": "tertiary", "oneway": false, "reversed": "False", "length": 13.778, "maxspeed": null, "bridge": "yes" }, "geometry": { "type": "LineString", "coordinates": [ [ 133.4921424, 33.4724833 ], [ 133.4921401, 33.4725026 ], [ 133.4921338, 33.4725706 ], [ 133.4921305, 33.4726068 ] ] } },
{ "type": "Feature", "properties": { "u": 1557769686, "v": 770247616, "key": 0, "osmid": [ 1176760650, 1124576917, 1124576918 ], "lanes": "2", "ref": null, "name": null, "highway": "tertiary", "oneway": false, "reversed": "True", "length": 192.414, "maxspeed": null, "bridge": "yes" }, "geometry": { "type": "LineString", "coordinates": [ [ 133.4921424, 33.4724833 ], [ 133.4921448, 33.4714197 ], [ 133.4921479, 33.4713837 ], [ 133.4921498, 33.4713415 ], [ 133.4922812, 33.4707633 ] ] } },
{ "type": "Feature", "properties": { "u": 1557769686, "v": 11021394522, "key": 0, "osmid": "1186662323", "lanes": null, "ref": null, "name": null, "highway": "footway", "oneway": false, "reversed": "True", "length": 196.002, "maxspeed": null, "bridge": null }, "geometry": { "type": "LineString", "coordinates": [ [ 133.4921424, 33.4724833 ], [ 133.492178599999988, 33.4724884 ], [ 133.4921971, 33.4713849 ], [ 133.4923293, 33.4707662 ] ] } },
{ "type": "Feature", "properties": { "u": 1575494565, "v": 1431444168, "key": 0, "osmid": "143973083", "lanes": null, "ref": null, "name": null, "highway": "residential", "oneway": false, "reversed": "False", "length": 77.028, "maxspeed": null, "bridge": null }, "geometry": { "type": "LineString", "coordinates": [ [ 133.4820616, 33.4672684 ], [ 133.4823908, 33.4672853 ], [ 133.482600100000013, 33.4672785 ], [ 133.4828221, 33.4672391 ], [ 133.4828738, 33.4672074 ] ] } },
{ "type": "Feature", "properties": { "u": 1575534436, "v": 1557769480, "key": 0, "osmid": "142325024", "lanes": "1", "ref": "14", "name": "春野赤岡線", "highway": "primary", "oneway": false, "reversed": "False", "length": 359.824, "maxspeed": null, "bridge": null }, "geometry": { "type": "LineString", "coordinates": [ [ 133.4905406, 33.4677487 ], [ 133.490910500000012, 33.4677317 ], [ 133.4910832, 33.4677487 ], [ 133.4912804, 33.4677775 ], [ 133.4915933, 33.4678351 ], [ 133.4918027, 33.4678673 ], [ 133.4919673, 33.4678758 ], [ 133.4921075, 33.4678606 ], [ 133.4922498, 33.46783 ], [ 133.4926237, 33.4676792 ], [ 133.493322799999987, 33.4674045 ], [ 133.4938085, 33.4671604 ], [ 133.4940134, 33.4670621 ], [ 133.4941449, 33.4669913 ] ] } },
{ "type": "Feature", "properties": { "u": 1575534436, "v": 1557769532, "key": 0, "osmid": "142325024", "lanes": "1", "ref": "14", "name": "春野赤岡線", "highway": "primary", "oneway": false, "reversed": "True", "length": 164.134, "maxspeed": null, "bridge": null }, "geometry": { "type": "LineString", "coordinates": [ [ 133.4905406, 33.4677487 ], [ 133.4903109, 33.4677673 ], [ 133.489524499999987, 33.4679216 ], [ 133.4893639, 33.4679623 ], [ 133.489235900000011, 33.4680081 ], [ 133.48912, 33.4680725 ], [ 133.4890103, 33.4681352 ], [ 133.4889574, 33.4681623 ], [ 133.4888832, 33.4682039 ] ] } },
{ "type": "Feature", "properties": { "u": 1575534436, "v": 3955403557, "key": 0, "osmid": "392304683", "lanes": null, "ref": null, "name": null, "highway": "track", "oneway": false, "reversed": "True", "length": 658.93, "maxspeed": null, "bridge": null }, "geometry": { "type": "LineString", "coordinates": [ [ 133.4905406, 33.4677487 ], [ 133.49055, 33.4677097 ], [ 133.4906222, 33.4676957 ], [ 133.4906872, 33.4676636 ], [ 133.49068, 33.4676033 ], [ 133.490576299999987, 33.4664701 ], [ 133.49058260000001, 33.4663822 ], [ 133.490118, 33.4663339 ], [ 133.4897283, 33.4663027 ], [ 133.4893353, 33.4662573 ], [ 133.4886376, 33.4661778 ], [ 133.4882036, 33.4661224 ], [ 133.4879075, 33.4660926 ], [ 133.4872847, 33.4660117 ], [ 133.4872115, 33.4660131 ], [ 133.486988599999989, 33.4660798 ], [ 133.486918800000012, 33.4660898 ], [ 133.486165, 33.4660983 ], [ 133.486005, 33.4661125 ], [ 133.4858757, 33.4661267 ], [ 133.4856034, 33.4661239 ], [ 133.4852645, 33.4661142 ] ] } },
{ "type": "Feature", "properties": { "u": 1575534471, "v": 1431444173, "key": 0, "osmid": "143975197", "lanes": null, "ref": null, "name": null, "highway": "residential", "oneway": false, "reversed": "True", "length": 198.99, "maxspeed": null, "bridge": null }, "geometry": { "type": "LineString", "coordinates": [ [ 133.4847293, 33.4686778 ], [ 133.484784100000013, 33.4686591 ], [ 133.4848614, 33.4686388 ], [ 133.484904, 33.4685913 ], [ 133.4850016, 33.4684998 ], [ 133.4851012, 33.4684218 ], [ 133.4852028, 33.4683557 ], [ 133.4852597, 33.4683234 ], [ 133.4853491, 33.4683031 ], [ 133.485438499999987, 33.4682522 ], [ 133.4854914, 33.4682251 ], [ 133.4855584, 33.4682099 ], [ 133.485658, 33.4682099 ], [ 133.4858978, 33.4682166 ], [ 133.4860543, 33.4682014 ], [ 133.4862128, 33.468176 ], [ 133.486367300000012, 33.4681285 ], [ 133.4865055, 33.4680641 ], [ 133.4866065, 33.4679845 ] ] } },
{ "type": "Feature", "properties": { "u": 1575534473, "v": 1575534504, "key": 0, "osmid": "143975199", "lanes": null, "ref": null, "name": null, "highway": "residential", "oneway": false, "reversed": "False", "length": 176.601, "maxspeed": null, "bridge": null }, "geometry": { "type": "LineString", "coordinates": [ [ 133.4886745, 33.4688164 ], [ 133.4895593, 33.4693722 ], [ 133.489800699999989, 33.4695244 ], [ 133.4901097, 33.4696827 ], [ 133.4902203, 33.4697414 ] ] } },
{ "type": "Feature", "properties": { "u": 1575534473, "v": 1575534499, "key": 0, "osmid": "143975210", "lanes": null, "ref": null, "name": null, "highway": "residential", "oneway": false, "reversed": "False", "length": 155.303, "maxspeed": null, "bridge": null }, "geometry": { "type": "LineString", "coordinates": [ [ 133.4886745, 33.4688164 ], [ 133.48854750000001, 33.4688783 ], [ 133.488048600000013, 33.4691317 ], [ 133.4872513, 33.4695519 ] ] } },
{ "type": "Feature", "properties": { "u": 1575534473, "v": 1557769535, "key": 0, "osmid": "143975210", "lanes": null, "ref": null, "name": null, "highway": "residential", "oneway": false, "reversed": "True", "length": 66.145, "maxspeed": null, "bridge": null }, "geometry": { "type": "LineString", "coordinates": [ [ 133.4886745, 33.4688164 ], [ 133.4888269, 33.4687003 ], [ 133.4889641, 33.4685757 ], [ 133.4890871, 33.4684265 ], [ 133.4891275, 33.4683624 ] ] } },
{ "type": "Feature", "properties": { "u": 1575534474, "v": 4938274304, "key": 0, "osmid": "143975196", "lanes": null, "ref": null, "name": null, "highway": "residential", "oneway": false, "reversed": "False", "length": 7.397, "maxspeed": null, "bridge": null }, "geometry": { "type": "LineString", "coordinates": [ [ 133.4868763, 33.4688179 ], [ 133.4868026, 33.4688433 ] ] } },
{ "type": "Feature", "properties": { "u": 1575534474, "v": 4938274308, "key": 0, "osmid": "61821555", "lanes": "1", "ref": "37", "name": "高知春野線", "highway": "primary", "oneway": false, "reversed": "False", "length": 66.744, "maxspeed": null, "bridge": null }, "geometry": { "type": "LineString", "coordinates": [ [ 133.4868763, 33.4688179 ], [ 133.486852, 33.468737 ], [ 133.4866893, 33.4682383 ] ] } },
{ "type": "Feature", "properties": { "u": 1575534474, "v": 1575534501, "key": 0, "osmid": "61821555", "lanes": "1", "ref": "37", "name": "高知春野線", "highway": "primary", "oneway": false, "reversed": "True", "length": 94.147, "maxspeed": null, "bridge": null }, "geometry": { "type": "LineString", "coordinates": [ [ 133.4868763, 33.4688179 ], [ 133.487088699999987, 33.4695249 ], [ 133.4871225, 33.4696393 ] ] } },
{ "type": "Feature", "properties": { "u": 1575534479, "v": 4938274312, "key": 0, "osmid": "143975196", "lanes": null, "ref": null, "name": null, "highway": "residential", "oneway": false, "reversed": "False", "length": 63.967, "maxspeed": null, "bridge": null }, "geometry": { "type": "LineString", "coordinates": [ [ 133.4862535, 33.4689456 ], [ 133.4860137, 33.4689863 ], [ 133.485869400000013, 33.4689999 ], [ 133.4857881, 33.4690134 ], [ 133.485678299999989, 33.4690236 ], [ 133.4855747, 33.4690435 ] ] } },
{ "type": "Feature", "properties": { "u": 1575534479, "v": 4938274304, "key": 0, "osmid": "143975196", "lanes": null, "ref": null, "name": null, "highway": "residential", "oneway": false, "reversed": "True", "length": 52.588, "maxspeed": null, "bridge": null }, "geometry": { "type": "LineString", "coordinates": [ [ 133.4862535, 33.4689456 ], [ 133.4864283, 33.468927 ], [ 133.486533900000012, 33.4689202 ], [ 133.486647799999986, 33.4688965 ], [ 133.4868026, 33.4688433 ] ] } },
{ "type": "Feature", "properties": { "u": 1575534479, "v": 4938274310, "key": 0, "osmid": "503542508", "lanes": null, "ref": null, "name": null, "highway": "residential", "oneway": false, "reversed": "False", "length": 66.671, "maxspeed": null, "bridge": null }, "geometry": { "type": "LineString", "coordinates": [ [ 133.4862535, 33.4689456 ], [ 133.4861692, 33.4687102 ], [ 133.4861219, 33.4683585 ] ] } },
{ "type": "Feature", "properties": { "u": 1575534486, "v": 4938274318, "key": 0, "osmid": "143975195", "lanes": null, "ref": null, "name": null, "highway": "residential", "oneway": false, "reversed": "True", "length": 65.617, "maxspeed": null, "bridge": null }, "geometry": { "type": "LineString", "coordinates": [ [ 133.4853765, 33.4691111 ], [ 133.4853841, 33.4691592 ], [ 133.4854044, 33.469222 ], [ 133.4854207, 33.4692669 ], [ 133.4855985, 33.4695203 ], [ 133.485685, 33.4696356 ] ] } },
{ "type": "Feature", "properties": { "u": 1575534486, "v": 1575534496, "key": 0, "osmid": "143975196", "lanes": null, "ref": null, "name": null, "highway": "residential", "oneway": false, "reversed": "False", "length": 73.556, "maxspeed": null, "bridge": null }, "geometry": { "type": "LineString", "coordinates": [ [ 133.4853765, 33.4691111 ], [ 133.485339, 33.469127 ], [ 133.4850849, 33.4692474 ], [ 133.484932500000014, 33.4693169 ], [ 133.484857299999987, 33.4693762 ], [ 133.4847069, 33.469461 ] ] } },
{ "type": "Feature", "properties": { "u": 1575534486, "v": 4938274312, "key": 0, "osmid": "143975196", "lanes": null, "ref": null, "name": null, "highway": "residential", "oneway": false, "reversed": "True", "length": 19.932, "maxspeed": null, "bridge": null }, "geometry": { "type": "LineString", "coordinates": [ [ 133.4853765, 33.4691111 ], [ 133.485462899999987, 33.4690745 ], [ 133.485546199999987, 33.469049 ], [ 133.4855747, 33.4690435 ] ] } },
{ "type": "Feature", "properties": { "u": 1575534496, "v": 1575534486, "key": 0, "osmid": "143975196", "lanes": null, "ref": null, "name": null, "highway": "residential", "oneway": false, "reversed": "True", "length": 73.556, "maxspeed": null, "bridge": null }, "geometry": { "type": "LineString", "coordinates": [ [ 133.4847069, 33.469461 ], [ 133.484857299999987, 33.4693762 ], [ 133.484932500000014, 33.4693169 ], [ 133.4850849, 33.4692474 ], [ 133.485339, 33.469127 ], [ 133.4853765, 33.4691111 ] ] } },
{ "type": "Feature", "properties": { "u": 1575534499, "v": 1575534501, "key": 0, "osmid": "143975210", "lanes": null, "ref": null, "name": null, "highway": "residential", "oneway": false, "reversed": "False", "length": 15.401, "maxspeed": null, "bridge": null }, "geometry": { "type": "LineString", "coordinates": [ [ 133.4872513, 33.4695519 ], [ 133.4871225, 33.4696393 ] ] } },
{ "type": "Feature", "properties": { "u": 1575534499, "v": 1575534527, "key": 0, "osmid": "143975208", "lanes": null, "ref": null, "name": null, "highway": "residential", "oneway": false, "reversed": "False", "length": 101.086, "maxspeed": null, "bridge": null }, "geometry": { "type": "LineString", "coordinates": [ [ 133.4872513, 33.4695519 ], [ 133.487498499999987, 33.4697784 ], [ 133.487607700000012, 33.4698983 ], [ 133.4878146, 33.4701189 ], [ 133.4879382, 33.4702567 ] ] } },
{ "type": "Feature", "properties": { "u": 1575534499, "v": 1575534473, "key": 0, "osmid": "143975210", "lanes": null, "ref": null, "name": null, "highway": "residential", "oneway": false, "reversed": "True", "length": 155.303, "maxspeed": null, "bridge": null }, "geometry": { "type": "LineString", "coordinates": [ [ 133.4872513, 33.4695519 ], [ 133.488048600000013, 33.4691317 ], [ 133.48854750000001, 33.4688783 ], [ 133.4886745, 33.4688164 ] ] } },
{ "type": "Feature", "properties": { "u": 1575534501, "v": 1575534530, "key": 0, "osmid": "61821555", "lanes": "1", "ref": "37", "name": "高知春野線", "highway": "primary", "oneway": false, "reversed": "True", "length": 84.612, "maxspeed": null, "bridge": null }, "geometry": { "type": "LineString", "coordinates": [ [ 133.4871225, 33.4696393 ], [ 133.4873404, 33.4703782 ] ] } },
{ "type": "Feature", "properties": { "u": 1575534501, "v": 1575534499, "key": 0, "osmid": "143975210", "lanes": null, "ref": null, "name": null, "highway": "residential", "oneway": false, "reversed": "True", "length": 15.401, "maxspeed": null, "bridge": null }, "geometry": { "type": "LineString", "coordinates": [ [ 133.4871225, 33.4696393 ], [ 133.4872513, 33.4695519 ] ] } },
{ "type": "Feature", "properties": { "u": 1575534501, "v": 1575534474, "key": 0, "osmid": "61821555", "lanes": "1", "ref": "37", "name": "高知春野線", "highway": "primary", "oneway": false, "reversed": "False", "length": 94.147, "maxspeed": null, "bridge": null }, "geometry": { "type": "LineString", "coordinates": [ [ 133.4871225, 33.4696393 ], [ 133.487088699999987, 33.4695249 ], [ 133.4868763, 33.4688179 ] ] } },
{ "type": "Feature", "properties": { "u": 1575534504, "v": 770247616, "key": 0, "osmid": "143975199", "lanes": null, "ref": null, "name": null, "highway": "residential", "oneway": false, "reversed": "False", "length": 227.46, "maxspeed": null, "bridge": null }, "geometry": { "type": "LineString", "coordinates": [ [ 133.4902203, 33.4697414 ], [ 133.4903252, 33.4697893 ], [ 133.4903842, 33.4698313 ], [ 133.4908886, 33.4702233 ], [ 133.491153, 33.4704043 ], [ 133.4912722, 33.4704726 ], [ 133.4913211, 33.4704942 ], [ 133.4913728, 33.4705062 ], [ 133.491492099999988, 33.4705218 ], [ 133.491564, 33.470529 ], [ 133.4916459, 33.4705529 ], [ 133.4918557, 33.4706417 ], [ 133.4919376, 33.4706824 ], [ 133.4920267, 33.4707136 ], [ 133.4921373, 33.4707435 ], [ 133.4922336, 33.4707507 ], [ 133.4922812, 33.4707633 ] ] } },
{ "type": "Feature", "properties": { "u": 1575534504, "v": 1575534473, "key": 0, "osmid": "143975199", "lanes": null, "ref": null, "name": null, "highway": "residential", "oneway": false, "reversed": "True", "length": 176.601, "maxspeed": null, "bridge": null }, "geometry": { "type": "LineString", "coordinates": [ [ 133.4902203, 33.4697414 ], [ 133.4901097, 33.4696827 ], [ 133.489800699999989, 33.4695244 ], [ 133.4895593, 33.4693722 ], [ 133.4886745, 33.4688164 ] ] } },
{ "type": "Feature", "properties": { "u": 1575534504, "v": 1575534543, "key": 0, "osmid": "143975209", "lanes": null, "ref": null, "name": null, "highway": "residential", "oneway": false, "reversed": "True", "length": 202.112, "maxspeed": null, "bridge": null }, "geometry": { "type": "LineString", "coordinates": [ [ 133.4902203, 33.4697414 ], [ 133.490145500000011, 33.469791 ], [ 133.490069299999988, 33.4698269 ], [ 133.4899055, 33.4699097 ], [ 133.489631, 33.4700223 ], [ 133.489418300000011, 33.4701206 ], [ 133.489207099999987, 33.4702189 ], [ 133.4889858, 33.4703316 ], [ 133.4883118, 33.4706139 ] ] } },
{ "type": "Feature", "properties": { "u": 1575534527, "v": 1557769604, "key": 0, "osmid": "503542517", "lanes": null, "ref": null, "name": null, "highway": "residential", "oneway": false, "reversed": "True", "length": 60.001, "maxspeed": null, "bridge": null }, "geometry": { "type": "LineString", "coordinates": [ [ 133.4879382, 33.4702567 ], [ 133.487388399999986, 33.470541 ] ] } },
{ "type": "Feature", "properties": { "u": 1575534527, "v": 1575534543, "key": 0, "osmid": "143975208", "lanes": null, "ref": null, "name": null, "highway": "residential", "oneway": false, "reversed": "False", "length": 52.737, "maxspeed": null, "bridge": null }, "geometry": { "type": "LineString", "coordinates": [ [ 133.4879382, 33.4702567 ], [ 133.4881566, 33.4704653 ], [ 133.4882615, 33.4705588 ], [ 133.4883118, 33.4706139 ] ] } },
{ "type": "Feature", "properties": { "u": 1575534527, "v": 1575534499, "key": 0, "osmid": "143975208", "lanes": null, "ref": null, "name": null, "highway": "residential", "oneway": false, "reversed": "True", "length": 101.086, "maxspeed": null, "bridge": null }, "geometry": { "type": "LineString", "coordinates": [ [ 133.4879382, 33.4702567 ], [ 133.4878146, 33.4701189 ], [ 133.487607700000012, 33.4698983 ], [ 133.487498499999987, 33.4697784 ], [ 133.4872513, 33.4695519 ] ] } },
{ "type": "Feature", "properties": { "u": 1575534530, "v": 1575534501, "key": 0, "osmid": "61821555", "lanes": "1", "ref": "37", "name": "高知春野線", "highway": "primary", "oneway": false, "reversed": "False", "length": 84.612, "maxspeed": null, "bridge": null }, "geometry": { "type": "LineString", "coordinates": [ [ 133.4873404, 33.4703782 ], [ 133.4871225, 33.4696393 ] ] } },
{ "type": "Feature", "properties": { "u": 1575534530, "v": 1557769604, "key": 0, "osmid": "61821555", "lanes": "1", "ref": "37", "name": "高知春野線", "highway": "primary", "oneway": false, "reversed": "True", "length": 18.642, "maxspeed": null, "bridge": null }, "geometry": { "type": "LineString", "coordinates": [ [ 133.4873404, 33.4703782 ], [ 133.487388399999986, 33.470541 ] ] } },
{ "type": "Feature", "properties": { "u": 1575534530, "v": 1575534550, "key": 0, "osmid": "143975193", "lanes": null, "ref": null, "name": null, "highway": "residential", "oneway": false, "reversed": "False", "length": 112.852, "maxspeed": null, "bridge": null }, "geometry": { "type": "LineString", "coordinates": [ [ 133.4873404, 33.4703782 ], [ 133.4870583, 33.4704527 ], [ 133.4865868, 33.4705646 ], [ 133.4864059, 33.4706138 ], [ 133.486316499999987, 33.4706494 ], [ 133.4862474, 33.4706841 ], [ 133.486197, 33.4707121 ] ] } },
{ "type": "Feature", "properties": { "u": 1575534543, "v": 1575534582, "key": 0, "osmid": "143975201", "lanes": null, "ref": null, "name": null, "highway": "residential", "oneway": false, "reversed": "True", "length": 68.392, "maxspeed": null, "bridge": null }, "geometry": { "type": "LineString", "coordinates": [ [ 133.4883118, 33.4706139 ], [ 133.4883276, 33.4706427 ], [ 133.488343500000013, 33.470711 ], [ 133.488399500000014, 33.4709712 ], [ 133.488419599999986, 33.4710815 ], [ 133.488418200000012, 33.4711258 ], [ 133.488413900000012, 33.4712193 ] ] } },
{ "type": "Feature", "properties": { "u": 1575534543, "v": 1575534527, "key": 0, "osmid": "143975208", "lanes": null, "ref": null, "name": null, "highway": "residential", "oneway": false, "reversed": "True", "length": 52.737, "maxspeed": null, "bridge": null }, "geometry": { "type": "LineString", "coordinates": [ [ 133.4883118, 33.4706139 ], [ 133.4882615, 33.4705588 ], [ 133.4881566, 33.4704653 ], [ 133.4879382, 33.4702567 ] ] } },
{ "type": "Feature", "properties": { "u": 1575534543, "v": 1575534504, "key": 0, "osmid": "143975209", "lanes": null, "ref": null, "name": null, "highway": "residential", "oneway": false, "reversed": "False", "length": 202.112, "maxspeed": null, "bridge": null }, "geometry": { "type": "LineString", "coordinates": [ [ 133.4883118, 33.4706139 ], [ 133.4889858, 33.4703316 ], [ 133.489207099999987, 33.4702189 ], [ 133.489418300000011, 33.4701206 ], [ 133.489631, 33.4700223 ], [ 133.4899055, 33.4699097 ], [ 133.490069299999988, 33.4698269 ], [ 133.490145500000011, 33.469791 ], [ 133.4902203, 33.4697414 ] ] } },
{ "type": "Feature", "properties": { "u": 1575534550, "v": 1575534581, "key": 0, "osmid": "143975193", "lanes": null, "ref": null, "name": null, "highway": "residential", "oneway": false, "reversed": "False", "length": 165.289, "maxspeed": null, "bridge": null }, "geometry": { "type": "LineString", "coordinates": [ [ 133.486197, 33.4707121 ], [ 133.4861702, 33.4707426 ], [ 133.486135600000011, 33.470824 ], [ 133.4861275, 33.4709376 ], [ 133.4861194, 33.4710122 ], [ 133.4859121, 33.4710444 ], [ 133.485710899999987, 33.4710664 ], [ 133.4855584, 33.47108 ], [ 133.4850788, 33.4711648 ], [ 133.4847354, 33.471219 ] ] } },
{ "type": "Feature", "properties": { "u": 1575534550, "v": 1575534530, "key": 0, "osmid": "143975193", "lanes": null, "ref": null, "name": null, "highway": "residential", "oneway": false, "reversed": "True", "length": 112.852, "maxspeed": null, "bridge": null }, "geometry": { "type": "LineString", "coordinates": [ [ 133.486197, 33.4707121 ], [ 133.4862474, 33.4706841 ], [ 133.486316499999987, 33.4706494 ], [ 133.4864059, 33.4706138 ], [ 133.4865868, 33.4705646 ], [ 133.4870583, 33.4704527 ], [ 133.4873404, 33.4703782 ] ] } },
{ "type": "Feature", "properties": { "u": 1575534550, "v": 4938274318, "key": 0, "osmid": "143975195", "lanes": null, "ref": null, "name": null, "highway": "residential", "oneway": false, "reversed": "False", "length": 132.179, "maxspeed": null, "bridge": null }, "geometry": { "type": "LineString", "coordinates": [ [ 133.486197, 33.4707121 ], [ 133.48590440000001, 33.4702569 ], [ 133.48588, 33.4702069 ], [ 133.4858729, 33.4701595 ], [ 133.4858739, 33.4701111 ], [ 133.4858922, 33.4700671 ], [ 133.4859013, 33.4700332 ], [ 133.485896200000013, 33.4700035 ], [ 133.4858749, 33.469962 ], [ 133.4857743, 33.4698272 ], [ 133.485758, 33.469789 ], [ 133.4857174, 33.4696788 ], [ 133.485685, 33.4696356 ] ] } },
{ "type": "Feature", "properties": { "u": 1575534581, "v": 1575534550, "key": 0, "osmid": "143975193", "lanes": null, "ref": null, "name": null, "highway": "residential", "oneway": false, "reversed": "True", "length": 165.289, "maxspeed": null, "bridge": null }, "geometry": { "type": "LineString", "coordinates": [ [ 133.4847354, 33.471219 ], [ 133.4850788, 33.4711648 ], [ 133.4855584, 33.47108 ], [ 133.485710899999987, 33.4710664 ], [ 133.4859121, 33.4710444 ], [ 133.4861194, 33.4710122 ], [ 133.4861275, 33.4709376 ], [ 133.486135600000011, 33.470824 ], [ 133.4861702, 33.4707426 ], [ 133.486197, 33.4707121 ] ] } },
{ "type": "Feature", "properties": { "u": 1575534582, "v": 4938275721, "key": 0, "osmid": "503542513", "lanes": null, "ref": null, "name": null, "highway": "residential", "oneway": false, "reversed": "True", "length": 75.6, "maxspeed": null, "bridge": null }, "geometry": { "type": "LineString", "coordinates": [ [ 133.488413900000012, 33.4712193 ], [ 133.4875997, 33.4712504 ] ] } },
{ "type": "Feature", "properties": { "u": 1575534582, "v": 1575534543, "key": 0, "osmid": "143975201", "lanes": null, "ref": null, "name": null, "highway": "residential", "oneway": false, "reversed": "False", "length": 68.392, "maxspeed": null, "bridge": null }, "geometry": { "type": "LineString", "coordinates": [ [ 133.488413900000012, 33.4712193 ], [ 133.488418200000012, 33.4711258 ], [ 133.488419599999986, 33.4710815 ], [ 133.488399500000014, 33.4709712 ], [ 133.488343500000013, 33.470711 ], [ 133.4883276, 33.4706427 ], [ 133.4883118, 33.4706139 ] ] } },
{ "type": "Feature", "properties": { "u": 1575534582, "v": 1575534594, "key": 0, "osmid": "143975201", "lanes": null, "ref": null, "name": null, "highway": "residential", "oneway": false, "reversed": "True", "length": 40.509, "maxspeed": null, "bridge": null }, "geometry": { "type": "LineString", "coordinates": [ [ 133.488413900000012, 33.4712193 ], [ 133.488403799999986, 33.4712852 ], [ 133.488336299999986, 33.4715777 ] ] } },
{ "type": "Feature", "properties": { "u": 1575534594, "v": 1575534582, "key": 0, "osmid": "143975201", "lanes": null, "ref": null, "name": null, "highway": "residential", "oneway": false, "reversed": "False", "length": 40.509, "maxspeed": null, "bridge": null }, "geometry": { "type": "LineString", "coordinates": [ [ 133.488336299999986, 33.4715777 ], [ 133.488403799999986, 33.4712852 ], [ 133.488413900000012, 33.4712193 ] ] } },
{ "type": "Feature", "properties": { "u": 1575534594, "v": 1575534718, "key": 0, "osmid": "143975201", "lanes": null, "ref": null, "name": null, "highway": "residential", "oneway": false, "reversed": "True", "length": 245.993, "maxspeed": null, "bridge": null }, "geometry": { "type": "LineString", "coordinates": [ [ 133.488336299999986, 33.4715777 ], [ 133.48825, 33.4719038 ], [ 133.4882414, 33.4719673 ], [ 133.4882457, 33.4720428 ], [ 133.4882601, 33.4721279 ], [ 133.488344899999987, 33.4724648 ], [ 133.488352099999986, 33.4725559 ], [ 133.4884915, 33.4727381 ], [ 133.4886424, 33.4729071 ], [ 133.4886898, 33.4729359 ], [ 133.4887631, 33.4729539 ], [ 133.4888435, 33.4729838 ], [ 133.4888996, 33.4730222 ], [ 133.4889585, 33.4730881 ], [ 133.4889887, 33.4731648 ], [ 133.4890102, 33.4732559 ], [ 133.489026, 33.4733386 ], [ 133.4890246, 33.4734321 ], [ 133.4889976, 33.4735406 ] ] } },
{ "type": "Feature", "properties": { "u": 1575534594, "v": 1557769686, "key": 0, "osmid": [ 143975194, 1124576915, 1124576916 ], "lanes": null, "ref": null, "name": null, "highway": "residential", "oneway": false, "reversed": "False", "length": 372.757, "maxspeed": null, "bridge": "yes" }, "geometry": { "type": "LineString", "coordinates": [ [ 133.488336299999986, 33.4715777 ], [ 133.4893227, 33.4718871 ], [ 133.4895804, 33.4719665 ], [ 133.4896644, 33.4719924 ], [ 133.4899574, 33.4721124 ], [ 133.4900292, 33.4720862 ], [ 133.4900858, 33.4720928 ], [ 133.4901907, 33.4721228 ], [ 133.4903502, 33.4721863 ], [ 133.490580099999988, 33.4722882 ], [ 133.490683600000011, 33.4723289 ], [ 133.490778400000011, 33.4723529 ], [ 133.4909451, 33.4723673 ], [ 133.491415100000012, 33.4723745 ], [ 133.49153290000001, 33.4723865 ], [ 133.4916905, 33.4724186 ], [ 133.4919698, 33.4724639 ], [ 133.4921424, 33.4724833 ] ] } },
{ "type": "Feature", "properties": { "u": 1575534620, "v": 1557769653, "key": 0, "osmid": [ 143975202, 143975205 ], "lanes": null, "ref": null, "name": null, "highway": [ "residential", "path" ], "oneway": false, "reversed": "True", "length": 335.941, "maxspeed": null, "bridge": null }, "geometry": { "type": "LineString", "coordinates": [ [ 133.4962449, 33.4721827 ], [ 133.4962989, 33.4722752 ], [ 133.496309, 33.4723459 ], [ 133.4963003, 33.472431 ], [ 133.4962299, 33.472594 ], [ 133.4961667, 33.4726875 ], [ 133.4961279, 33.472751 ], [ 133.496102, 33.472811 ], [ 133.4960963, 33.4728793 ], [ 133.4961006, 33.4729704 ], [ 133.4961121, 33.4730387 ], [ 133.4961336, 33.4730567 ], [ 133.4961581, 33.4730615 ], [ 133.4962414, 33.4730375 ], [ 133.4963147, 33.473028 ], [ 133.4963736, 33.4730292 ], [ 133.4964685, 33.4730459 ], [ 133.4965475, 33.4730507 ], [ 133.496646700000014, 33.4730423 ], [ 133.496827700000011, 33.472992 ], [ 133.4969571, 33.4729285 ], [ 133.4970562, 33.4728649 ], [ 133.497095, 33.4728038 ], [ 133.4971266, 33.4727295 ], [ 133.497160799999989, 33.4727019 ], [ 133.4972218, 33.4726629 ], [ 133.49727870000001, 33.4725646 ], [ 133.497355, 33.4724686 ], [ 133.4974169, 33.4723883 ], [ 133.4974372, 33.4723341 ], [ 133.4975388, 33.4720001 ], [ 133.497549, 33.4719441 ], [ 133.497512, 33.471708 ] ] } },
{ "type": "Feature", "properties": { "u": 1575534620, "v": 1557769653, "key": 1, "osmid": [ 1124576928, 142326031 ], "lanes": null, "ref": null, "name": null, "highway": "unclassified", "oneway": false, "reversed": "False", "length": 130.35, "maxspeed": null, "bridge": null }, "geometry": { "type": "LineString", "coordinates": [ [ 133.4962449, 33.4721827 ], [ 133.4964157, 33.4721182 ], [ 133.4966372, 33.4720199 ], [ 133.4968445, 33.4719521 ], [ 133.4969542, 33.4719165 ], [ 133.497033499999986, 33.4718623 ], [ 133.497129, 33.4717928 ], [ 133.4972062, 33.4717656 ], [ 133.4973119, 33.471747 ], [ 133.497398, 33.47173 ], [ 133.497512, 33.471708 ] ] } },
{ "type": "Feature", "properties": { "u": 1575534620, "v": 1575534661, "key": 0, "osmid": [ 1124576928, 1124576929, 143975203 ], "lanes": null, "ref": null, "name": null, "highway": "unclassified", "oneway": false, "reversed": "True", "length": 163.879, "maxspeed": null, "bridge": "yes" }, "geometry": { "type": "LineString", "coordinates": [ [ 133.4962449, 33.4721827 ], [ 133.4960946, 33.4722115 ], [ 133.495938, 33.4722215 ], [ 133.495792099999989, 33.4722293 ], [ 133.495275600000014, 33.4722471 ], [ 133.494978800000013, 33.4722589 ], [ 133.494926, 33.4722793 ], [ 133.494895500000013, 33.4723149 ], [ 133.4948671, 33.472381 ], [ 133.4948325, 33.4724759 ], [ 133.4948, 33.4725251 ], [ 133.4947492, 33.4725522 ], [ 133.494696299999987, 33.4725607 ] ] } },
{ "type": "Feature", "properties": { "u": 1575534653, "v": 1575534654, "key": 0, "osmid": "143975203", "lanes": null, "ref": null, "name": null, "highway": "unclassified", "oneway": false, "reversed": "False", "length": 34.886, "maxspeed": null, "bridge": null }, "geometry": { "type": "LineString", "coordinates": [ [ 133.4938326, 33.4724997 ], [ 133.4942084, 33.4725125 ] ] } },
{ "type": "Feature", "properties": { "u": 1575534653, "v": 1575534744, "key": 0, "osmid": "143975192", "lanes": null, "ref": null, "name": null, "highway": "residential", "oneway": false, "reversed": "False", "length": 225.702, "maxspeed": null, "bridge": null }, "geometry": { "type": "LineString", "coordinates": [ [ 133.4938326, 33.4724997 ], [ 133.493814500000013, 33.4725932 ], [ 133.493808699999988, 33.4726699 ], [ 133.493811599999987, 33.4727587 ], [ 133.493821700000012, 33.4729073 ], [ 133.493837500000012, 33.4730056 ], [ 133.493884900000012, 33.4731123 ], [ 133.49398260000001, 33.4732825 ], [ 133.4940875, 33.4734731 ], [ 133.4942973, 33.4738243 ], [ 133.4941867, 33.4738675 ], [ 133.4942556, 33.4741216 ], [ 133.4942887, 33.4742031 ], [ 133.4943304, 33.474281 ], [ 133.4943806, 33.4743527 ] ] } },
{ "type": "Feature", "properties": { "u": 1575534653, "v": 770247803, "key": 0, "osmid": "143975203", "lanes": null, "ref": null, "name": null, "highway": "unclassified", "oneway": false, "reversed": "True", "length": 160.438, "maxspeed": null, "bridge": null }, "geometry": { "type": "LineString", "coordinates": [ [ 133.4938326, 33.4724997 ], [ 133.493594800000011, 33.4724641 ], [ 133.4934831, 33.4724607 ], [ 133.4932494, 33.4724607 ], [ 133.492977, 33.4724471 ], [ 133.4928114, 33.4724746 ], [ 133.4925665, 33.472503 ], [ 133.492345, 33.472549 ], [ 133.4921305, 33.4726068 ] ] } },
{ "type": "Feature", "properties": { "u": 1575534654, "v": 1575534653, "key": 0, "osmid": "143975203", "lanes": null, "ref": null, "name": null, "highway": "unclassified", "oneway": false, "reversed": "True", "length": 34.886, "maxspeed": null, "bridge": null }, "geometry": { "type": "LineString", "coordinates": [ [ 133.4942084, 33.4725125 ], [ 133.4938326, 33.4724997 ] ] } },
{ "type": "Feature", "properties": { "u": 1575534654, "v": 1575534661, "key": 0, "osmid": "143975203", "lanes": null, "ref": null, "name": null, "highway": "unclassified", "oneway": false, "reversed": "False", "length": 45.573, "maxspeed": null, "bridge": null }, "geometry": { "type": "LineString", "coordinates": [ [ 133.4942084, 33.4725125 ], [ 133.4943448, 33.4725268 ], [ 133.4945744, 33.4725471 ], [ 133.494696299999987, 33.4725607 ] ] } },
{ "type": "Feature", "properties": { "u": 1575534654, "v": 11021394522, "key": 0, "osmid": [ 143975200, 1124576924, 143975206 ], "lanes": null, "ref": null, "name": null, "highway": [ "unclassified", "residential" ], "oneway": false, "reversed": "False", "length": 334.265, "maxspeed": null, "bridge": "yes" }, "geometry": { "type": "LineString", "coordinates": [ [ 133.4942084, 33.4725125 ], [ 133.4942843, 33.4722812 ], [ 133.494303, 33.4722021 ], [ 133.494303, 33.4721505 ], [ 133.4942596, 33.4718746 ], [ 133.4942615, 33.4718024 ], [ 133.4942929, 33.4715895 ], [ 133.4943087, 33.471514 ], [ 133.4943231, 33.4714217 ], [ 133.4943231, 33.4713869 ], [ 133.4943173, 33.4713534 ], [ 133.4942972, 33.4713162 ], [ 133.4942757, 33.4712874 ], [ 133.4942441, 33.4712742 ], [ 133.4941866, 33.4712647 ], [ 133.49408170000001, 33.4712563 ], [ 133.493916399999989, 33.4712251 ], [ 133.4937066, 33.4711843 ], [ 133.493301300000013, 33.471116 ], [ 133.493123200000014, 33.4710836 ], [ 133.493058499999989, 33.4710681 ], [ 133.4929996, 33.4710513 ], [ 133.4929665, 33.4710237 ], [ 133.4929464, 33.4709841 ], [ 133.4929263, 33.4709518 ], [ 133.4928932, 33.4709122 ], [ 133.4928228, 33.4708775 ], [ 133.4927452, 33.4708511 ], [ 133.4926619, 33.4708295 ], [ 133.4925239, 33.4707924 ], [ 133.492424699999987, 33.470772 ], [ 133.4923293, 33.4707662 ] ] } },
{ "type": "Feature", "properties": { "u": 1575534661, "v": 10284066467, "key": 0, "osmid": "143975198", "lanes": null, "ref": null, "name": null, "highway": "residential", "oneway": false, "reversed": "False", "length": 79.815, "maxspeed": null, "bridge": null }, "geometry": { "type": "LineString", "coordinates": [ [ 133.494696299999987, 33.4725607 ], [ 133.4948793, 33.4727191 ], [ 133.4949325, 33.472773 ], [ 133.4949699, 33.472833 ], [ 133.4949814, 33.4729013 ], [ 133.4949857, 33.4730032 ], [ 133.494967, 33.4730787 ], [ 133.4949339, 33.4731518 ], [ 133.4949149, 33.4731821 ] ] } },
{ "type": "Feature", "properties": { "u": 1575534661, "v": 1575534620, "key": 0, "osmid": [ 1124576928, 1124576929, 143975203 ], "lanes": null, "ref": null, "name": null, "highway": "unclassified", "oneway": false, "reversed": "False", "length": 163.879, "maxspeed": null, "bridge": "yes" }, "geometry": { "type": "LineString", "coordinates": [ [ 133.494696299999987, 33.4725607 ], [ 133.4947492, 33.4725522 ], [ 133.4948, 33.4725251 ], [ 133.4948325, 33.4724759 ], [ 133.4948671, 33.472381 ], [ 133.494895500000013, 33.4723149 ], [ 133.494926, 33.4722793 ], [ 133.494978800000013, 33.4722589 ], [ 133.495275600000014, 33.4722471 ], [ 133.495792099999989, 33.4722293 ], [ 133.495938, 33.4722215 ], [ 133.4960946, 33.4722115 ], [ 133.4962449, 33.4721827 ] ] } },
{ "type": "Feature", "properties": { "u": 1575534661, "v": 1575534654, "key": 0, "osmid": "143975203", "lanes": null, "ref": null, "name": null, "highway": "unclassified", "oneway": false, "reversed": "True", "length": 45.573, "maxspeed": null, "bridge": null }, "geometry": { "type": "LineString", "coordinates": [ [ 133.494696299999987, 33.4725607 ], [ 133.4945744, 33.4725471 ], [ 133.4943448, 33.4725268 ], [ 133.4942084, 33.4725125 ] ] } },
{ "type": "Feature", "properties": { "u": 1575534718, "v": 770247584, "key": 0, "osmid": "61821555", "lanes": "1", "ref": "37", "name": "高知春野線", "highway": "primary", "oneway": false, "reversed": "True", "length": 263.533, "maxspeed": null, "bridge": null }, "geometry": { "type": "LineString", "coordinates": [ [ 133.4889976, 33.4735406 ], [ 133.490913799999987, 33.4752905 ] ] } },
{ "type": "Feature", "properties": { "u": 1575534718, "v": 4938275721, "key": 0, "osmid": "61821555", "lanes": "1", "ref": "37", "name": "高知春野線", "highway": "primary", "oneway": false, "reversed": "False", "length": 288.991, "maxspeed": null, "bridge": null }, "geometry": { "type": "LineString", "coordinates": [ [ 133.4889976, 33.4735406 ], [ 133.488968199999988, 33.4734845 ], [ 133.4889288, 33.4734492 ], [ 133.488612, 33.4731124 ], [ 133.4879549, 33.4721811 ], [ 133.4878792, 33.4720723 ], [ 133.4878124, 33.4719235 ], [ 133.4875997, 33.4712504 ] ] } },
{ "type": "Feature", "properties": { "u": 1575534718, "v": 1575534751, "key": 0, "osmid": [ 143975204, 143975190, 143975207 ], "lanes": null, "ref": null, "name": null, "highway": [ "track", "residential" ], "oneway": false, "reversed": "True", "length": 180.958, "maxspeed": null, "bridge": null }, "geometry": { "type": "LineString", "coordinates": [ [ 133.4889976, 33.4735406 ], [ 133.4889771, 33.47358 ], [ 133.4889296, 33.4736244 ], [ 133.4888104, 33.4736927 ], [ 133.4887486, 33.4737274 ], [ 133.488719800000013, 33.473767 ], [ 133.488696800000014, 33.4738173 ], [ 133.488688200000013, 33.4738797 ], [ 133.488688200000013, 33.4739288 ], [ 133.488704, 33.4740235 ], [ 133.4887215, 33.4741244 ], [ 133.4887306, 33.4741736 ], [ 133.488725499999987, 33.4742287 ], [ 133.488700099999988, 33.474277 ], [ 133.488558899999987, 33.4744677 ], [ 133.488488100000012, 33.4745795 ], [ 133.488519700000012, 33.4746538 ], [ 133.488528300000013, 33.4747066 ], [ 133.488528300000013, 33.4748096 ], [ 133.4885772, 33.4749942 ] ] } },
{ "type": "Feature", "properties": { "u": 1575534718, "v": 1575534594, "key": 0, "osmid": "143975201", "lanes": null, "ref": null, "name": null, "highway": "residential", "oneway": false, "reversed": "False", "length": 245.993, "maxspeed": null, "bridge": null }, "geometry": { "type": "LineString", "coordinates": [ [ 133.4889976, 33.4735406 ], [ 133.4890246, 33.4734321 ], [ 133.489026, 33.4733386 ], [ 133.4890102, 33.4732559 ], [ 133.4889887, 33.4731648 ], [ 133.4889585, 33.4730881 ], [ 133.4888996, 33.4730222 ], [ 133.4888435, 33.4729838 ], [ 133.4887631, 33.4729539 ], [ 133.4886898, 33.4729359 ], [ 133.4886424, 33.4729071 ], [ 133.4884915, 33.4727381 ], [ 133.488352099999986, 33.4725559 ], [ 133.488344899999987, 33.4724648 ], [ 133.4882601, 33.4721279 ], [ 133.4882457, 33.4720428 ], [ 133.4882414, 33.4719673 ], [ 133.48825, 33.4719038 ], [ 133.488336299999986, 33.4715777 ] ] } },
{ "type": "Feature", "properties": { "u": 1575534744, "v": 1575534745, "key": 0, "osmid": "143975198", "lanes": null, "ref": null, "name": null, "highway": "residential", "oneway": false, "reversed": "False", "length": 6.858, "maxspeed": null, "bridge": null }, "geometry": { "type": "LineString", "coordinates": [ [ 133.4943806, 33.4743527 ], [ 133.4943146, 33.4743805 ] ] } },
{ "type": "Feature", "properties": { "u": 1575534744, "v": 1575534653, "key": 0, "osmid": "143975192", "lanes": null, "ref": null, "name": null, "highway": "residential", "oneway": false, "reversed": "True", "length": 225.702, "maxspeed": null, "bridge": null }, "geometry": { "type": "LineString", "coordinates": [ [ 133.4943806, 33.4743527 ], [ 133.4943304, 33.474281 ], [ 133.4942887, 33.4742031 ], [ 133.4942556, 33.4741216 ], [ 133.4941867, 33.4738675 ], [ 133.4942973, 33.4738243 ], [ 133.4940875, 33.4734731 ], [ 133.49398260000001, 33.4732825 ], [ 133.493884900000012, 33.4731123 ], [ 133.493837500000012, 33.4730056 ], [ 133.493821700000012, 33.4729073 ], [ 133.493811599999987, 33.4727587 ], [ 133.493808699999988, 33.4726699 ], [ 133.493814500000013, 33.4725932 ], [ 133.4938326, 33.4724997 ] ] } },
{ "type": "Feature", "properties": { "u": 1575534744, "v": 11055030515, "key": 0, "osmid": "143975198", "lanes": null, "ref": null, "name": null, "highway": "residential", "oneway": false, "reversed": "True", "length": 56.527, "maxspeed": null, "bridge": null }, "geometry": { "type": "LineString", "coordinates": [ [ 133.4943806, 33.4743527 ], [ 133.494613500000014, 33.4742546 ], [ 133.494712600000014, 33.4742115 ], [ 133.494771500000013, 33.4741743 ], [ 133.4948046, 33.47413 ], [ 133.4948006, 33.4740714 ], [ 133.494803100000013, 33.4740465 ] ] } },
{ "type": "Feature", "properties": { "u": 1575534745, "v": 1575534744, "key": 0, "osmid": "143975198", "lanes": null, "ref": null, "name": null, "highway": "residential", "oneway": false, "reversed": "True", "length": 6.858, "maxspeed": null, "bridge": null }, "geometry": { "type": "LineString", "coordinates": [ [ 133.4943146, 33.4743805 ], [ 133.4943806, 33.4743527 ] ] } },
{ "type": "Feature", "properties": { "u": 1575534751, "v": 1575534757, "key": 0, "osmid": "143975191", "lanes": null, "ref": null, "name": null, "highway": "track", "oneway": false, "reversed": "False", "length": 169.703, "maxspeed": null, "bridge": null }, "geometry": { "type": "LineString", "coordinates": [ [ 133.4885772, 33.4749942 ], [ 133.488485200000014, 33.4750014 ], [ 133.488358799999986, 33.4750206 ], [ 133.4882323, 33.4750614 ], [ 133.4881116, 33.4751453 ], [ 133.4879363, 33.475234 ], [ 133.48776380000001, 33.4752723 ], [ 133.4876, 33.4753131 ], [ 133.4874448, 33.4753011 ], [ 133.4872465, 33.475246 ], [ 133.486875700000013, 33.4751285 ] ] } },
{ "type": "Feature", "properties": { "u": 1575534751, "v": 770247658, "key": 0, "osmid": "143975191", "lanes": null, "ref": null, "name": null, "highway": "track", "oneway": false, "reversed": "True", "length": 109.64, "maxspeed": null, "bridge": null }, "geometry": { "type": "LineString", "coordinates": [ [ 133.4885772, 33.4749942 ], [ 133.488626, 33.4750086 ], [ 133.4886605, 33.475035 ], [ 133.489170300000012, 33.4758325 ] ] } },
{ "type": "Feature", "properties": { "u": 1575534751, "v": 1575534718, "key": 0, "osmid": [ 143975204, 143975190, 143975207 ], "lanes": null, "ref": null, "name": null, "highway": [ "track", "residential" ], "oneway": false, "reversed": "False", "length": 180.958, "maxspeed": null, "bridge": null }, "geometry": { "type": "LineString", "coordinates": [ [ 133.4885772, 33.4749942 ], [ 133.488528300000013, 33.4748096 ], [ 133.488528300000013, 33.4747066 ], [ 133.488519700000012, 33.4746538 ], [ 133.488488100000012, 33.4745795 ], [ 133.488558899999987, 33.4744677 ], [ 133.488700099999988, 33.474277 ], [ 133.488725499999987, 33.4742287 ], [ 133.4887306, 33.4741736 ], [ 133.4887215, 33.4741244 ], [ 133.488704, 33.4740235 ], [ 133.488688200000013, 33.4739288 ], [ 133.488688200000013, 33.4738797 ], [ 133.488696800000014, 33.4738173 ], [ 133.488719800000013, 33.473767 ], [ 133.4887486, 33.4737274 ], [ 133.4888104, 33.4736927 ], [ 133.4889296, 33.4736244 ], [ 133.4889771, 33.47358 ], [ 133.4889976, 33.4735406 ] ] } },
{ "type": "Feature", "properties": { "u": 1575534757, "v": 1575534751, "key": 0, "osmid": "143975191", "lanes": null, "ref": null, "name": null, "highway": "track", "oneway": false, "reversed": "True", "length": 169.703, "maxspeed": null, "bridge": null }, "geometry": { "type": "LineString", "coordinates": [ [ 133.486875700000013, 33.4751285 ], [ 133.4872465, 33.475246 ], [ 133.4874448, 33.4753011 ], [ 133.4876, 33.4753131 ], [ 133.48776380000001, 33.4752723 ], [ 133.4879363, 33.475234 ], [ 133.4881116, 33.4751453 ], [ 133.4882323, 33.4750614 ], [ 133.488358799999986, 33.4750206 ], [ 133.488485200000014, 33.4750014 ], [ 133.4885772, 33.4749942 ] ] } },
{ "type": "Feature", "properties": { "u": 3955403557, "v": 770247775, "key": 0, "osmid": "61821525", "lanes": "1", "ref": "37", "name": "高知春野線", "highway": "primary", "oneway": false, "reversed": "False", "length": 86.391, "maxspeed": null, "bridge": null }, "geometry": { "type": "LineString", "coordinates": [ [ 133.4852645, 33.4661142 ], [ 133.48521310000001, 33.4653994 ], [ 133.4851926, 33.465341 ] ] } },
{ "type": "Feature", "properties": { "u": 3955403557, "v": 770247716, "key": 0, "osmid": "61821525", "lanes": "1", "ref": "37", "name": "高知春野線", "highway": "primary", "oneway": false, "reversed": "True", "length": 72.365, "maxspeed": null, "bridge": null }, "geometry": { "type": "LineString", "coordinates": [ [ 133.4852645, 33.4661142 ], [ 133.485288200000014, 33.4664925 ], [ 133.485342300000013, 33.4667607 ] ] } },
{ "type": "Feature", "properties": { "u": 3955403557, "v": 1575534436, "key": 0, "osmid": "392304683", "lanes": null, "ref": null, "name": null, "highway": "track", "oneway": false, "reversed": "False", "length": 658.93, "maxspeed": null, "bridge": null }, "geometry": { "type": "LineString", "coordinates": [ [ 133.4852645, 33.4661142 ], [ 133.4856034, 33.4661239 ], [ 133.4858757, 33.4661267 ], [ 133.486005, 33.4661125 ], [ 133.486165, 33.4660983 ], [ 133.486918800000012, 33.4660898 ], [ 133.486988599999989, 33.4660798 ], [ 133.4872115, 33.4660131 ], [ 133.4872847, 33.4660117 ], [ 133.4879075, 33.4660926 ], [ 133.4882036, 33.4661224 ], [ 133.4886376, 33.4661778 ], [ 133.4893353, 33.4662573 ], [ 133.4897283, 33.4663027 ], [ 133.490118, 33.4663339 ], [ 133.49058260000001, 33.4663822 ], [ 133.490576299999987, 33.4664701 ], [ 133.49068, 33.4676033 ], [ 133.4906872, 33.4676636 ], [ 133.4906222, 33.4676957 ], [ 133.49055, 33.4677097 ], [ 133.4905406, 33.4677487 ] ] } },
{ "type": "Feature", "properties": { "u": 4930119018, "v": 411229012, "key": 0, "osmid": "111706146", "lanes": "2", "ref": "23", "name": "須崎仁ノ線", "highway": "primary", "oneway": false, "reversed": "False", "length": 27.003, "maxspeed": null, "bridge": null }, "geometry": { "type": "LineString", "coordinates": [ [ 133.4872369, 33.4646358 ], [ 133.4874874, 33.4647595 ] ] } },
{ "type": "Feature", "properties": { "u": 4930119018, "v": 4930123136, "key": 0, "osmid": "111706146", "lanes": "2", "ref": "23", "name": "須崎仁ノ線", "highway": "primary", "oneway": false, "reversed": "True", "length": 29.142, "maxspeed": null, "bridge": null }, "geometry": { "type": "LineString", "coordinates": [ [ 133.4872369, 33.4646358 ], [ 133.4869699, 33.4644977 ] ] } },
{ "type": "Feature", "properties": { "u": 4930119020, "v": 4930123131, "key": 0, "osmid": "502582353", "lanes": "2", "ref": "14", "name": "春野赤岡線", "highway": "primary", "oneway": true, "reversed": "False", "length": 25.155, "maxspeed": "50", "bridge": null }, "geometry": { "type": "LineString", "coordinates": [ [ 133.4872641, 33.4647332 ], [ 133.4870013, 33.464789 ] ] } },
{ "type": "Feature", "properties": { "u": 4930119020, "v": 4930119018, "key": 0, "osmid": "502582354", "lanes": null, "ref": null, "name": null, "highway": "primary_link", "oneway": true, "reversed": "False", "length": 11.585, "maxspeed": null, "bridge": null }, "geometry": { "type": "LineString", "coordinates": [ [ 133.4872641, 33.4647332 ], [ 133.4872623, 33.4646656 ], [ 133.4872369, 33.4646358 ] ] } },
{ "type": "Feature", "properties": { "u": 4930123128, "v": 4930119020, "key": 0, "osmid": "502582354", "lanes": null, "ref": null, "name": null, "highway": "primary_link", "oneway": true, "reversed": "False", "length": 32.886, "maxspeed": null, "bridge": null }, "geometry": { "type": "LineString", "coordinates": [ [ 133.4869807, 33.4648646 ], [ 133.4871295, 33.4648435 ], [ 133.487184500000012, 33.4648289 ], [ 133.4872274, 33.4648009 ], [ 133.4872556, 33.4647696 ], [ 133.4872641, 33.4647332 ] ] } },
{ "type": "Feature", "properties": { "u": 4930123128, "v": 411229010, "key": 0, "osmid": "502582357", "lanes": null, "ref": null, "name": null, "highway": "primary_link", "oneway": true, "reversed": "False", "length": 105.529, "maxspeed": null, "bridge": null }, "geometry": { "type": "LineString", "coordinates": [ [ 133.4869807, 33.4648646 ], [ 133.48737890000001, 33.4649005 ], [ 133.487619, 33.4649441 ], [ 133.4879315, 33.4650202 ], [ 133.488094499999988, 33.4650457 ] ] } },
{ "type": "Feature", "properties": { "u": 4930123130, "v": 4930123131, "key": 0, "osmid": "129809927", "lanes": "2", "ref": "14", "name": "春野赤岡線", "highway": "primary", "oneway": false, "reversed": "False", "length": 40.285, "maxspeed": "50", "bridge": null }, "geometry": { "type": "LineString", "coordinates": [ [ 133.486583700000011, 33.4648882 ], [ 133.486834499999986, 33.4648322 ], [ 133.4870013, 33.464789 ] ] } },
{ "type": "Feature", "properties": { "u": 4930123130, "v": 770247775, "key": 0, "osmid": "129809927", "lanes": "2", "ref": "14", "name": "春野赤岡線", "highway": "primary", "oneway": false, "reversed": "True", "length": 138.779, "maxspeed": "50", "bridge": null }, "geometry": { "type": "LineString", "coordinates": [ [ 133.486583700000011, 33.4648882 ], [ 133.48623520000001, 33.4649687 ], [ 133.4861344, 33.4649989 ], [ 133.486007, 33.4650403 ], [ 133.485693700000013, 33.4651525 ], [ 133.4851926, 33.465341 ] ] } },
{ "type": "Feature", "properties": { "u": 4930123130, "v": 4930123128, "key": 0, "osmid": "502582354", "lanes": null, "ref": null, "name": null, "highway": "primary_link", "oneway": true, "reversed": "False", "length": 36.923, "maxspeed": null, "bridge": null }, "geometry": { "type": "LineString", "coordinates": [ [ 133.486583700000011, 33.4648882 ], [ 133.4868291, 33.4648713 ], [ 133.4869807, 33.4648646 ] ] } },
{ "type": "Feature", "properties": { "u": 4930123131, "v": 4930123130, "key": 0, "osmid": "129809927", "lanes": "2", "ref": "14", "name": "春野赤岡線", "highway": "primary", "oneway": false, "reversed": "True", "length": 40.285, "maxspeed": "50", "bridge": null }, "geometry": { "type": "LineString", "coordinates": [ [ 133.4870013, 33.464789 ], [ 133.486834499999986, 33.4648322 ], [ 133.486583700000011, 33.4648882 ] ] } },
{ "type": "Feature", "properties": { "u": 4930123136, "v": 4930119018, "key": 0, "osmid": "111706146", "lanes": "2", "ref": "23", "name": "須崎仁ノ線", "highway": "primary", "oneway": false, "reversed": "False", "length": 29.142, "maxspeed": null, "bridge": null }, "geometry": { "type": "LineString", "coordinates": [ [ 133.4869699, 33.4644977 ], [ 133.4872369, 33.4646358 ] ] } },
{ "type": "Feature", "properties": { "u": 4930123136, "v": 411229011, "key": 0, "osmid": "111706146", "lanes": "2", "ref": "23", "name": "須崎仁ノ線", "highway": "primary", "oneway": false, "reversed": "True", "length": 17.875, "maxspeed": null, "bridge": null }, "geometry": { "type": "LineString", "coordinates": [ [ 133.4869699, 33.4644977 ], [ 133.4868088, 33.4644095 ] ] } },
{ "type": "Feature", "properties": { "u": 4930123136, "v": 4930123131, "key": 0, "osmid": "502582359", "lanes": null, "ref": null, "name": null, "highway": "primary_link", "oneway": true, "reversed": "False", "length": 38.54, "maxspeed": null, "bridge": null }, "geometry": { "type": "LineString", "coordinates": [ [ 133.4869699, 33.4644977 ], [ 133.4870195, 33.4645425 ], [ 133.4870598, 33.4645861 ], [ 133.487082500000014, 33.4646308 ], [ 133.4870866, 33.464689 ], [ 133.4870692, 33.4647215 ], [ 133.4870013, 33.464789 ] ] } },
{ "type": "Feature", "properties": { "u": 4938274304, "v": 1575534474, "key": 0, "osmid": "143975196", "lanes": null, "ref": null, "name": null, "highway": "residential", "oneway": false, "reversed": "True", "length": 7.397, "maxspeed": null, "bridge": null }, "geometry": { "type": "LineString", "coordinates": [ [ 133.4868026, 33.4688433 ], [ 133.4868763, 33.4688179 ] ] } },
{ "type": "Feature", "properties": { "u": 4938274304, "v": 1575534479, "key": 0, "osmid": "143975196", "lanes": null, "ref": null, "name": null, "highway": "residential", "oneway": false, "reversed": "False", "length": 52.588, "maxspeed": null, "bridge": null }, "geometry": { "type": "LineString", "coordinates": [ [ 133.4868026, 33.4688433 ], [ 133.486647799999986, 33.4688965 ], [ 133.486533900000012, 33.4689202 ], [ 133.4864283, 33.468927 ], [ 133.4862535, 33.4689456 ] ] } },
{ "type": "Feature", "properties": { "u": 4938274304, "v": 4938274307, "key": 0, "osmid": "503542506", "lanes": null, "ref": null, "name": null, "highway": "residential", "oneway": false, "reversed": "False", "length": 73.576, "maxspeed": null, "bridge": null }, "geometry": { "type": "LineString", "coordinates": [ [ 133.4868026, 33.4688433 ], [ 133.486604, 33.468502 ], [ 133.4865624, 33.4683995 ], [ 133.4864093, 33.4682812 ] ] } },
{ "type": "Feature", "properties": { "u": 4938274307, "v": 4938274308, "key": 0, "osmid": "503542506", "lanes": null, "ref": null, "name": null, "highway": "residential", "oneway": false, "reversed": "False", "length": 26.407, "maxspeed": null, "bridge": null }, "geometry": { "type": "LineString", "coordinates": [ [ 133.4864093, 33.4682812 ], [ 133.4866893, 33.4682383 ] ] } },
{ "type": "Feature", "properties": { "u": 4938274307, "v": 4938274304, "key": 0, "osmid": "503542506", "lanes": null, "ref": null, "name": null, "highway": "residential", "oneway": false, "reversed": "True", "length": 73.576, "maxspeed": null, "bridge": null }, "geometry": { "type": "LineString", "coordinates": [ [ 133.4864093, 33.4682812 ], [ 133.4865624, 33.4683995 ], [ 133.486604, 33.468502 ], [ 133.4868026, 33.4688433 ] ] } },
{ "type": "Feature", "properties": { "u": 4938274307, "v": 4938274310, "key": 0, "osmid": "503542508", "lanes": null, "ref": null, "name": null, "highway": "residential", "oneway": false, "reversed": "True", "length": 28.331, "maxspeed": null, "bridge": null }, "geometry": { "type": "LineString", "coordinates": [ [ 133.4864093, 33.4682812 ], [ 133.4862202, 33.4683127 ], [ 133.4861219, 33.4683585 ] ] } },
{ "type": "Feature", "properties": { "u": 4938274308, "v": 1431444173, "key": 0, "osmid": "61821555", "lanes": "1", "ref": "37", "name": "高知春野線", "highway": "primary", "oneway": false, "reversed": "False", "length": 29.248, "maxspeed": null, "bridge": null }, "geometry": { "type": "LineString", "coordinates": [ [ 133.4866893, 33.4682383 ], [ 133.4866065, 33.4679845 ] ] } },
{ "type": "Feature", "properties": { "u": 4938274308, "v": 4938274307, "key": 0, "osmid": "503542506", "lanes": null, "ref": null, "name": null, "highway": "residential", "oneway": false, "reversed": "True", "length": 26.407, "maxspeed": null, "bridge": null }, "geometry": { "type": "LineString", "coordinates": [ [ 133.4866893, 33.4682383 ], [ 133.4864093, 33.4682812 ] ] } },
{ "type": "Feature", "properties": { "u": 4938274308, "v": 1575534474, "key": 0, "osmid": "61821555", "lanes": "1", "ref": "37", "name": "高知春野線", "highway": "primary", "oneway": false, "reversed": "True", "length": 66.744, "maxspeed": null, "bridge": null }, "geometry": { "type": "LineString", "coordinates": [ [ 133.4866893, 33.4682383 ], [ 133.486852, 33.468737 ], [ 133.4868763, 33.4688179 ] ] } },
{ "type": "Feature", "properties": { "u": 4938274310, "v": 4938274307, "key": 0, "osmid": "503542508", "lanes": null, "ref": null, "name": null, "highway": "residential", "oneway": false, "reversed": "False", "length": 28.331, "maxspeed": null, "bridge": null }, "geometry": { "type": "LineString", "coordinates": [ [ 133.4861219, 33.4683585 ], [ 133.4862202, 33.4683127 ], [ 133.4864093, 33.4682812 ] ] } },
{ "type": "Feature", "properties": { "u": 4938274310, "v": 1575534479, "key": 0, "osmid": "503542508", "lanes": null, "ref": null, "name": null, "highway": "residential", "oneway": false, "reversed": "True", "length": 66.671, "maxspeed": null, "bridge": null }, "geometry": { "type": "LineString", "coordinates": [ [ 133.4861219, 33.4683585 ], [ 133.4861692, 33.4687102 ], [ 133.4862535, 33.4689456 ] ] } },
{ "type": "Feature", "properties": { "u": 4938274310, "v": 4938274312, "key": 0, "osmid": "503542509", "lanes": null, "ref": null, "name": null, "highway": "residential", "oneway": false, "reversed": "True", "length": 129.304, "maxspeed": null, "bridge": null }, "geometry": { "type": "LineString", "coordinates": [ [ 133.4861219, 33.4683585 ], [ 133.4859064, 33.4683679 ], [ 133.485706, 33.4683695 ], [ 133.4854943, 33.4684294 ], [ 133.4854621, 33.4685193 ], [ 133.4854659, 33.4686786 ], [ 133.4855747, 33.4690435 ] ] } },
{ "type": "Feature", "properties": { "u": 4938274312, "v": 1575534486, "key": 0, "osmid": "143975196", "lanes": null, "ref": null, "name": null, "highway": "residential", "oneway": false, "reversed": "False", "length": 19.932, "maxspeed": null, "bridge": null }, "geometry": { "type": "LineString", "coordinates": [ [ 133.4855747, 33.4690435 ], [ 133.485546199999987, 33.469049 ], [ 133.485462899999987, 33.4690745 ], [ 133.4853765, 33.4691111 ] ] } },
{ "type": "Feature", "properties": { "u": 4938274312, "v": 1575534479, "key": 0, "osmid": "143975196", "lanes": null, "ref": null, "name": null, "highway": "residential", "oneway": false, "reversed": "True", "length": 63.967, "maxspeed": null, "bridge": null }, "geometry": { "type": "LineString", "coordinates": [ [ 133.4855747, 33.4690435 ], [ 133.485678299999989, 33.4690236 ], [ 133.4857881, 33.4690134 ], [ 133.485869400000013, 33.4689999 ], [ 133.4860137, 33.4689863 ], [ 133.4862535, 33.4689456 ] ] } },
{ "type": "Feature", "properties": { "u": 4938274312, "v": 4938274310, "key": 0, "osmid": "503542509", "lanes": null, "ref": null, "name": null, "highway": "residential", "oneway": false, "reversed": "False", "length": 129.304, "maxspeed": null, "bridge": null }, "geometry": { "type": "LineString", "coordinates": [ [ 133.4855747, 33.4690435 ], [ 133.4854659, 33.4686786 ], [ 133.4854621, 33.4685193 ], [ 133.4854943, 33.4684294 ], [ 133.485706, 33.4683695 ], [ 133.4859064, 33.4683679 ], [ 133.4861219, 33.4683585 ] ] } },
{ "type": "Feature", "properties": { "u": 4938274318, "v": 1575534486, "key": 0, "osmid": "143975195", "lanes": null, "ref": null, "name": null, "highway": "residential", "oneway": false, "reversed": "False", "length": 65.617, "maxspeed": null, "bridge": null }, "geometry": { "type": "LineString", "coordinates": [ [ 133.485685, 33.4696356 ], [ 133.4855985, 33.4695203 ], [ 133.4854207, 33.4692669 ], [ 133.4854044, 33.469222 ], [ 133.4853841, 33.4691592 ], [ 133.4853765, 33.4691111 ] ] } },
{ "type": "Feature", "properties": { "u": 4938274318, "v": 1575534550, "key": 0, "osmid": "143975195", "lanes": null, "ref": null, "name": null, "highway": "residential", "oneway": false, "reversed": "True", "length": 132.179, "maxspeed": null, "bridge": null }, "geometry": { "type": "LineString", "coordinates": [ [ 133.485685, 33.4696356 ], [ 133.4857174, 33.4696788 ], [ 133.485758, 33.469789 ], [ 133.4857743, 33.4698272 ], [ 133.4858749, 33.469962 ], [ 133.485896200000013, 33.4700035 ], [ 133.4859013, 33.4700332 ], [ 133.4858922, 33.4700671 ], [ 133.4858739, 33.4701111 ], [ 133.4858729, 33.4701595 ], [ 133.48588, 33.4702069 ], [ 133.48590440000001, 33.4702569 ], [ 133.486197, 33.4707121 ] ] } },
{ "type": "Feature", "properties": { "u": 4938274318, "v": 4938274320, "key": 0, "osmid": "503542511", "lanes": null, "ref": null, "name": null, "highway": "residential", "oneway": false, "reversed": "False", "length": 73.034, "maxspeed": null, "bridge": null }, "geometry": { "type": "LineString", "coordinates": [ [ 133.485685, 33.4696356 ], [ 133.485264199999989, 33.4697084 ], [ 133.4849274, 33.4698087 ] ] } },
{ "type": "Feature", "properties": { "u": 4938274320, "v": 4938274318, "key": 0, "osmid": "503542511", "lanes": null, "ref": null, "name": null, "highway": "residential", "oneway": false, "reversed": "True", "length": 73.034, "maxspeed": null, "bridge": null }, "geometry": { "type": "LineString", "coordinates": [ [ 133.4849274, 33.4698087 ], [ 133.485264199999989, 33.4697084 ], [ 133.485685, 33.4696356 ] ] } },
{ "type": "Feature", "properties": { "u": 4938275721, "v": 4938275723, "key": 0, "osmid": "61821555", "lanes": "1", "ref": "37", "name": "高知春野線", "highway": "primary", "oneway": false, "reversed": "False", "length": 11.718, "maxspeed": null, "bridge": null }, "geometry": { "type": "LineString", "coordinates": [ [ 133.4875997, 33.4712504 ], [ 133.487567500000011, 33.4711485 ] ] } },
{ "type": "Feature", "properties": { "u": 4938275721, "v": 1575534582, "key": 0, "osmid": "503542513", "lanes": null, "ref": null, "name": null, "highway": "residential", "oneway": false, "reversed": "False", "length": 75.6, "maxspeed": null, "bridge": null }, "geometry": { "type": "LineString", "coordinates": [ [ 133.4875997, 33.4712504 ], [ 133.488413900000012, 33.4712193 ] ] } },
{ "type": "Feature", "properties": { "u": 4938275721, "v": 1575534718, "key": 0, "osmid": "61821555", "lanes": "1", "ref": "37", "name": "高知春野線", "highway": "primary", "oneway": false, "reversed": "True", "length": 288.991, "maxspeed": null, "bridge": null }, "geometry": { "type": "LineString", "coordinates": [ [ 133.4875997, 33.4712504 ], [ 133.4878124, 33.4719235 ], [ 133.4878792, 33.4720723 ], [ 133.4879549, 33.4721811 ], [ 133.488612, 33.4731124 ], [ 133.4889288, 33.4734492 ], [ 133.488968199999988, 33.4734845 ], [ 133.4889976, 33.4735406 ] ] } },
{ "type": "Feature", "properties": { "u": 4938275722, "v": 4938275723, "key": 0, "osmid": "503542514", "lanes": null, "ref": null, "name": null, "highway": "residential", "oneway": false, "reversed": "False", "length": 88.298, "maxspeed": null, "bridge": null }, "geometry": { "type": "LineString", "coordinates": [ [ 133.4866625, 33.4713948 ], [ 133.487567500000011, 33.4711485 ] ] } },
{ "type": "Feature", "properties": { "u": 4938275723, "v": 4938275721, "key": 0, "osmid": "61821555", "lanes": "1", "ref": "37", "name": "高知春野線", "highway": "primary", "oneway": false, "reversed": "True", "length": 11.718, "maxspeed": null, "bridge": null }, "geometry": { "type": "LineString", "coordinates": [ [ 133.487567500000011, 33.4711485 ], [ 133.4875997, 33.4712504 ] ] } },
{ "type": "Feature", "properties": { "u": 4938275723, "v": 4938275722, "key": 0, "osmid": "503542514", "lanes": null, "ref": null, "name": null, "highway": "residential", "oneway": false, "reversed": "True", "length": 88.298, "maxspeed": null, "bridge": null }, "geometry": { "type": "LineString", "coordinates": [ [ 133.487567500000011, 33.4711485 ], [ 133.4866625, 33.4713948 ] ] } },
{ "type": "Feature", "properties": { "u": 4938275723, "v": 1557769604, "key": 0, "osmid": "61821555", "lanes": "1", "ref": "37", "name": "高知春野線", "highway": "primary", "oneway": false, "reversed": "False", "length": 69.565, "maxspeed": null, "bridge": null }, "geometry": { "type": "LineString", "coordinates": [ [ 133.487567500000011, 33.4711485 ], [ 133.487543100000011, 33.4710714 ], [ 133.487388399999986, 33.470541 ] ] } },
{ "type": "Feature", "properties": { "u": 10284066467, "v": 11055030515, "key": 0, "osmid": "143975198", "lanes": null, "ref": null, "name": null, "highway": "residential", "oneway": false, "reversed": "False", "length": 98.854, "maxspeed": null, "bridge": null }, "geometry": { "type": "LineString", "coordinates": [ [ 133.4949149, 33.4731821 ], [ 133.4948362, 33.4733077 ], [ 133.494821800000011, 33.473352 ], [ 133.4947865, 33.473416 ], [ 133.4947989, 33.4738077 ], [ 133.4948078, 33.4739995 ], [ 133.494803100000013, 33.4740465 ] ] } },
{ "type": "Feature", "properties": { "u": 10284066467, "v": 1575534661, "key": 0, "osmid": "143975198", "lanes": null, "ref": null, "name": null, "highway": "residential", "oneway": false, "reversed": "True", "length": 79.815, "maxspeed": null, "bridge": null }, "geometry": { "type": "LineString", "coordinates": [ [ 133.4949149, 33.4731821 ], [ 133.4949339, 33.4731518 ], [ 133.494967, 33.4730787 ], [ 133.4949857, 33.4730032 ], [ 133.4949814, 33.4729013 ], [ 133.4949699, 33.472833 ], [ 133.4949325, 33.472773 ], [ 133.4948793, 33.4727191 ], [ 133.494696299999987, 33.4725607 ] ] } },
{ "type": "Feature", "properties": { "u": 10284066467, "v": 10284066471, "key": 0, "osmid": [ 1124576930, 1124576931, 1124576925 ], "lanes": null, "ref": null, "name": null, "highway": "unclassified", "oneway": false, "reversed": "False", "length": 104.024, "maxspeed": null, "bridge": "yes" }, "geometry": { "type": "LineString", "coordinates": [ [ 133.4949149, 33.4731821 ], [ 133.49529290000001, 33.4732228 ], [ 133.4955038, 33.4732089 ], [ 133.4956449, 33.4731637 ], [ 133.495695399999988, 33.4731736 ], [ 133.4959983, 33.4732737 ] ] } },
{ "type": "Feature", "properties": { "u": 10284066471, "v": 10284066467, "key": 0, "osmid": [ 1124576930, 1124576931, 1124576925 ], "lanes": null, "ref": null, "name": null, "highway": "unclassified", "oneway": false, "reversed": "True", "length": 104.024, "maxspeed": null, "bridge": "yes" }, "geometry": { "type": "LineString", "coordinates": [ [ 133.4959983, 33.4732737 ], [ 133.495695399999988, 33.4731736 ], [ 133.4956449, 33.4731637 ], [ 133.4955038, 33.4732089 ], [ 133.49529290000001, 33.4732228 ], [ 133.4949149, 33.4731821 ] ] } },
{ "type": "Feature", "properties": { "u": 10661713452, "v": 10931858401, "key": 0, "osmid": "61821520", "lanes": "2", "ref": null, "name": null, "highway": "tertiary", "oneway": false, "reversed": "True", "length": 146.572, "maxspeed": null, "bridge": null }, "geometry": { "type": "LineString", "coordinates": [ [ 133.487459199999989, 33.4783674 ], [ 133.4873476, 33.4775985 ], [ 133.4873842, 33.4773246 ], [ 133.4874398, 33.477189 ], [ 133.487508, 33.477078 ] ] } },
{ "type": "Feature", "properties": { "u": 10661713452, "v": 10661713456, "key": 0, "osmid": "1145694183", "lanes": null, "ref": null, "name": null, "highway": "unclassified", "oneway": false, "reversed": "False", "length": 143.804, "maxspeed": null, "bridge": null }, "geometry": { "type": "LineString", "coordinates": [ [ 133.487459199999989, 33.4783674 ], [ 133.4873656, 33.4783601 ], [ 133.487286, 33.4782908 ], [ 133.4870364, 33.4774996 ], [ 133.4869583, 33.477206 ] ] } },
{ "type": "Feature", "properties": { "u": 10661713456, "v": 10661713452, "key": 0, "osmid": "1145694183", "lanes": null, "ref": null, "name": null, "highway": "unclassified", "oneway": false, "reversed": "True", "length": 143.804, "maxspeed": null, "bridge": null }, "geometry": { "type": "LineString", "coordinates": [ [ 133.4869583, 33.477206 ], [ 133.4870364, 33.4774996 ], [ 133.487286, 33.4782908 ], [ 133.4873656, 33.4783601 ], [ 133.487459199999989, 33.4783674 ] ] } },
{ "type": "Feature", "properties": { "u": 10661713456, "v": 10931858396, "key": 0, "osmid": "1186663060", "lanes": null, "ref": null, "name": null, "highway": "unclassified", "oneway": false, "reversed": "True", "length": 179.735, "maxspeed": null, "bridge": null }, "geometry": { "type": "LineString", "coordinates": [ [ 133.4869583, 33.477206 ], [ 133.4869002, 33.4769837 ], [ 133.4867044, 33.4767309 ], [ 133.4865408, 33.4763953 ], [ 133.4861278, 33.4760374 ], [ 133.4860481, 33.4758184 ] ] } },
{ "type": "Feature", "properties": { "u": 10931858394, "v": 10931858396, "key": 0, "osmid": "1176622012", "lanes": null, "ref": null, "name": null, "highway": "unclassified", "oneway": false, "reversed": "False", "length": 24.043, "maxspeed": null, "bridge": null }, "geometry": { "type": "LineString", "coordinates": [ [ 133.4858355, 33.4756951 ], [ 133.4859562, 33.4757711 ], [ 133.4860481, 33.4758184 ] ] } },
{ "type": "Feature", "properties": { "u": 10931858394, "v": 11021401519, "key": 0, "osmid": "1176622012", "lanes": null, "ref": null, "name": null, "highway": "unclassified", "oneway": false, "reversed": "True", "length": 246.665, "maxspeed": null, "bridge": null }, "geometry": { "type": "LineString", "coordinates": [ [ 133.4858355, 33.4756951 ], [ 133.4855428, 33.4756925 ], [ 133.485154599999987, 33.4758159 ], [ 133.4848834, 33.4758184 ], [ 133.484689300000014, 33.4757773 ], [ 133.4844644, 33.475803 ], [ 133.4842487, 33.4758364 ], [ 133.483980699999989, 33.4758313 ], [ 133.4838208, 33.475728 ], [ 133.4834662, 33.4756874 ], [ 133.48330150000001, 33.4755853 ] ] } },
{ "type": "Feature", "properties": { "u": 10931858394, "v": 11021401518, "key": 0, "osmid": "1186663061", "lanes": null, "ref": null, "name": null, "highway": "unclassified", "oneway": false, "reversed": "False", "length": 105.72, "maxspeed": null, "bridge": null }, "geometry": { "type": "LineString", "coordinates": [ [ 133.4858355, 33.4756951 ], [ 133.4857935, 33.4756311 ], [ 133.4857873, 33.4755026 ], [ 133.4855316, 33.4751582 ], [ 133.4854915, 33.4750168 ], [ 133.4853837, 33.4748395 ] ] } },
{ "type": "Feature", "properties": { "u": 10931858396, "v": 10931858401, "key": 0, "osmid": "1176622012", "lanes": null, "ref": null, "name": null, "highway": "unclassified", "oneway": false, "reversed": "False", "length": 195.925, "maxspeed": null, "bridge": null }, "geometry": { "type": "LineString", "coordinates": [ [ 133.4860481, 33.4758184 ], [ 133.486131300000011, 33.475875 ], [ 133.4863377, 33.4760549 ], [ 133.4864385, 33.4761683 ], [ 133.4865657, 33.4762219 ], [ 133.486815299999989, 33.4764841 ], [ 133.487508, 33.477078 ] ] } },
{ "type": "Feature", "properties": { "u": 10931858396, "v": 10931858394, "key": 0, "osmid": "1176622012", "lanes": null, "ref": null, "name": null, "highway": "unclassified", "oneway": false, "reversed": "True", "length": 24.043, "maxspeed": null, "bridge": null }, "geometry": { "type": "LineString", "coordinates": [ [ 133.4860481, 33.4758184 ], [ 133.4859562, 33.4757711 ], [ 133.4858355, 33.4756951 ] ] } },
{ "type": "Feature", "properties": { "u": 10931858396, "v": 10661713456, "key": 0, "osmid": "1186663060", "lanes": null, "ref": null, "name": null, "highway": "unclassified", "oneway": false, "reversed": "False", "length": 179.735, "maxspeed": null, "bridge": null }, "geometry": { "type": "LineString", "coordinates": [ [ 133.4860481, 33.4758184 ], [ 133.4861278, 33.4760374 ], [ 133.4865408, 33.4763953 ], [ 133.4867044, 33.4767309 ], [ 133.4869002, 33.4769837 ], [ 133.4869583, 33.477206 ] ] } },
{ "type": "Feature", "properties": { "u": 10931858401, "v": 10661713452, "key": 0, "osmid": "61821520", "lanes": "2", "ref": null, "name": null, "highway": "tertiary", "oneway": false, "reversed": "False", "length": 146.572, "maxspeed": null, "bridge": null }, "geometry": { "type": "LineString", "coordinates": [ [ 133.487508, 33.477078 ], [ 133.4874398, 33.477189 ], [ 133.4873842, 33.4773246 ], [ 133.4873476, 33.4775985 ], [ 133.487459199999989, 33.4783674 ] ] } },
{ "type": "Feature", "properties": { "u": 10931858401, "v": 770247658, "key": 0, "osmid": "61821520", "lanes": "2", "ref": null, "name": null, "highway": "tertiary", "oneway": false, "reversed": "True", "length": 211.085, "maxspeed": null, "bridge": null }, "geometry": { "type": "LineString", "coordinates": [ [ 133.487508, 33.477078 ], [ 133.4876418, 33.4769043 ], [ 133.4878387, 33.4766888 ], [ 133.4880579, 33.4764535 ], [ 133.488360699999987, 33.4762416 ], [ 133.4886956, 33.476028 ], [ 133.489170300000012, 33.4758325 ] ] } },
{ "type": "Feature", "properties": { "u": 10931858401, "v": 10931858396, "key": 0, "osmid": "1176622012", "lanes": null, "ref": null, "name": null, "highway": "unclassified", "oneway": false, "reversed": "True", "length": 195.925, "maxspeed": null, "bridge": null }, "geometry": { "type": "LineString", "coordinates": [ [ 133.487508, 33.477078 ], [ 133.486815299999989, 33.4764841 ], [ 133.4865657, 33.4762219 ], [ 133.4864385, 33.4761683 ], [ 133.4863377, 33.4760549 ], [ 133.486131300000011, 33.475875 ], [ 133.4860481, 33.4758184 ] ] } },
{ "type": "Feature", "properties": { "u": 10932913068, "v": 10932913069, "key": 0, "osmid": "1176760648", "lanes": null, "ref": null, "name": null, "highway": "path", "oneway": false, "reversed": "False", "length": 76.081, "maxspeed": null, "bridge": null }, "geometry": { "type": "LineString", "coordinates": [ [ 133.4899397, 33.4754816 ], [ 133.489664299999987, 33.4748371 ] ] } },
{ "type": "Feature", "properties": { "u": 10932913068, "v": 770247658, "key": 0, "osmid": "61821520", "lanes": "2", "ref": null, "name": null, "highway": "tertiary", "oneway": false, "reversed": "False", "length": 81.385, "maxspeed": null, "bridge": null }, "geometry": { "type": "LineString", "coordinates": [ [ 133.4899397, 33.4754816 ], [ 133.4896747, 33.4755883 ], [ 133.489170300000012, 33.4758325 ] ] } },
{ "type": "Feature", "properties": { "u": 10932913068, "v": 770247584, "key": 0, "osmid": "61821520", "lanes": "2", "ref": null, "name": null, "highway": "tertiary", "oneway": false, "reversed": "True", "length": 93.684, "maxspeed": null, "bridge": null }, "geometry": { "type": "LineString", "coordinates": [ [ 133.4899397, 33.4754816 ], [ 133.490111500000012, 33.4754124 ], [ 133.4904654, 33.475337 ], [ 133.490789299999989, 33.4752868 ], [ 133.490913799999987, 33.4752905 ] ] } },
{ "type": "Feature", "properties": { "u": 10932913069, "v": 10932913068, "key": 0, "osmid": "1176760648", "lanes": null, "ref": null, "name": null, "highway": "path", "oneway": false, "reversed": "True", "length": 76.081, "maxspeed": null, "bridge": null }, "geometry": { "type": "LineString", "coordinates": [ [ 133.489664299999987, 33.4748371 ], [ 133.4899397, 33.4754816 ] ] } },
{ "type": "Feature", "properties": { "u": 11021394521, "v": 11021394522, "key": 0, "osmid": "1186662323", "lanes": null, "ref": null, "name": null, "highway": "footway", "oneway": false, "reversed": "False", "length": 89.464, "maxspeed": null, "bridge": null }, "geometry": { "type": "LineString", "coordinates": [ [ 133.4927356, 33.4700365 ], [ 133.4923293, 33.4707662 ] ] } },
{ "type": "Feature", "properties": { "u": 11021394522, "v": 770247616, "key": 0, "osmid": "143975200", "lanes": null, "ref": null, "name": null, "highway": "unclassified", "oneway": false, "reversed": "False", "length": 4.473, "maxspeed": null, "bridge": null }, "geometry": { "type": "LineString", "coordinates": [ [ 133.4923293, 33.4707662 ], [ 133.4922812, 33.4707633 ] ] } },
{ "type": "Feature", "properties": { "u": 11021394522, "v": 11021394521, "key": 0, "osmid": "1186662323", "lanes": null, "ref": null, "name": null, "highway": "footway", "oneway": false, "reversed": "True", "length": 89.464, "maxspeed": null, "bridge": null }, "geometry": { "type": "LineString", "coordinates": [ [ 133.4923293, 33.4707662 ], [ 133.4927356, 33.4700365 ] ] } },
{ "type": "Feature", "properties": { "u": 11021394522, "v": 1575534654, "key": 0, "osmid": [ 143975200, 1124576924, 143975206 ], "lanes": null, "ref": null, "name": null, "highway": [ "unclassified", "residential" ], "oneway": false, "reversed": "True", "length": 334.265, "maxspeed": null, "bridge": "yes" }, "geometry": { "type": "LineString", "coordinates": [ [ 133.4923293, 33.4707662 ], [ 133.492424699999987, 33.470772 ], [ 133.4925239, 33.4707924 ], [ 133.4926619, 33.4708295 ], [ 133.4927452, 33.4708511 ], [ 133.4928228, 33.4708775 ], [ 133.4928932, 33.4709122 ], [ 133.4929263, 33.4709518 ], [ 133.4929464, 33.4709841 ], [ 133.4929665, 33.4710237 ], [ 133.4929996, 33.4710513 ], [ 133.493058499999989, 33.4710681 ], [ 133.493123200000014, 33.4710836 ], [ 133.493301300000013, 33.471116 ], [ 133.4937066, 33.4711843 ], [ 133.493916399999989, 33.4712251 ], [ 133.49408170000001, 33.4712563 ], [ 133.4941866, 33.4712647 ], [ 133.4942441, 33.4712742 ], [ 133.4942757, 33.4712874 ], [ 133.4942972, 33.4713162 ], [ 133.4943173, 33.4713534 ], [ 133.4943231, 33.4713869 ], [ 133.4943231, 33.4714217 ], [ 133.4943087, 33.471514 ], [ 133.4942929, 33.4715895 ], [ 133.4942615, 33.4718024 ], [ 133.4942596, 33.4718746 ], [ 133.494303, 33.4721505 ], [ 133.494303, 33.4722021 ], [ 133.4942843, 33.4722812 ], [ 133.4942084, 33.4725125 ] ] } },
{ "type": "Feature", "properties": { "u": 11021394522, "v": 1557769686, "key": 0, "osmid": "1186662323", "lanes": null, "ref": null, "name": null, "highway": "footway", "oneway": false, "reversed": "False", "length": 196.002, "maxspeed": null, "bridge": null }, "geometry": { "type": "LineString", "coordinates": [ [ 133.4923293, 33.4707662 ], [ 133.4921971, 33.4713849 ], [ 133.492178599999988, 33.4724884 ], [ 133.4921424, 33.4724833 ] ] } },
{ "type": "Feature", "properties": { "u": 11021401518, "v": 10931858394, "key": 0, "osmid": "1186663061", "lanes": null, "ref": null, "name": null, "highway": "unclassified", "oneway": false, "reversed": "True", "length": 105.72, "maxspeed": null, "bridge": null }, "geometry": { "type": "LineString", "coordinates": [ [ 133.4853837, 33.4748395 ], [ 133.4854915, 33.4750168 ], [ 133.4855316, 33.4751582 ], [ 133.4857873, 33.4755026 ], [ 133.4857935, 33.4756311 ], [ 133.4858355, 33.4756951 ] ] } },
{ "type": "Feature", "properties": { "u": 11021401519, "v": 11021401520, "key": 0, "osmid": "1186663062", "lanes": null, "ref": null, "name": null, "highway": "unclassified", "oneway": false, "reversed": "False", "length": 38.257, "maxspeed": null, "bridge": null }, "geometry": { "type": "LineString", "coordinates": [ [ 133.48330150000001, 33.4755853 ], [ 133.483039600000012, 33.4758511 ] ] } },
{ "type": "Feature", "properties": { "u": 11021401519, "v": 10931858394, "key": 0, "osmid": "1176622012", "lanes": null, "ref": null, "name": null, "highway": "unclassified", "oneway": false, "reversed": "False", "length": 246.665, "maxspeed": null, "bridge": null }, "geometry": { "type": "LineString", "coordinates": [ [ 133.48330150000001, 33.4755853 ], [ 133.4834662, 33.4756874 ], [ 133.4838208, 33.475728 ], [ 133.483980699999989, 33.4758313 ], [ 133.4842487, 33.4758364 ], [ 133.4844644, 33.475803 ], [ 133.484689300000014, 33.4757773 ], [ 133.4848834, 33.4758184 ], [ 133.485154599999987, 33.4758159 ], [ 133.4855428, 33.4756925 ], [ 133.4858355, 33.4756951 ] ] } },
{ "type": "Feature", "properties": { "u": 11021401520, "v": 11021401519, "key": 0, "osmid": "1186663062", "lanes": null, "ref": null, "name": null, "highway": "unclassified", "oneway": false, "reversed": "True", "length": 38.257, "maxspeed": null, "bridge": null }, "geometry": { "type": "LineString", "coordinates": [ [ 133.483039600000012, 33.4758511 ], [ 133.48330150000001, 33.4755853 ] ] } },
{ "type": "Feature", "properties": { "u": 11021401520, "v": 11021401531, "key": 0, "osmid": "1186663062", "lanes": null, "ref": null, "name": null, "highway": "unclassified", "oneway": false, "reversed": "False", "length": 267.647, "maxspeed": null, "bridge": null }, "geometry": { "type": "LineString", "coordinates": [ [ 133.483039600000012, 33.4758511 ], [ 133.4829263, 33.4758422 ], [ 133.482706900000011, 33.475668 ], [ 133.4825511, 33.4757832 ], [ 133.482066300000014, 33.4758363 ], [ 133.481995500000011, 33.4758275 ], [ 133.4820344, 33.4754998 ], [ 133.481868100000014, 33.4753463 ], [ 133.481669900000014, 33.475361 ], [ 133.4815, 33.4754614 ], [ 133.481507099999988, 33.4758865 ], [ 133.481599100000011, 33.4759751 ] ] } },
{ "type": "Feature", "properties": { "u": 11021401531, "v": 11021401520, "key": 0, "osmid": "1186663062", "lanes": null, "ref": null, "name": null, "highway": "unclassified", "oneway": false, "reversed": "True", "length": 267.647, "maxspeed": null, "bridge": null }, "geometry": { "type": "LineString", "coordinates": [ [ 133.481599100000011, 33.4759751 ], [ 133.481507099999988, 33.4758865 ], [ 133.4815, 33.4754614 ], [ 133.481669900000014, 33.475361 ], [ 133.481868100000014, 33.4753463 ], [ 133.4820344, 33.4754998 ], [ 133.481995500000011, 33.4758275 ], [ 133.482066300000014, 33.4758363 ], [ 133.4825511, 33.4757832 ], [ 133.482706900000011, 33.475668 ], [ 133.4829263, 33.4758422 ], [ 133.483039600000012, 33.4758511 ] ] } },
{ "type": "Feature", "properties": { "u": 11055030515, "v": 1575534744, "key": 0, "osmid": "143975198", "lanes": null, "ref": null, "name": null, "highway": "residential", "oneway": false, "reversed": "False", "length": 56.527, "maxspeed": null, "bridge": null }, "geometry": { "type": "LineString", "coordinates": [ [ 133.494803100000013, 33.4740465 ], [ 133.4948006, 33.4740714 ], [ 133.4948046, 33.47413 ], [ 133.494771500000013, 33.4741743 ], [ 133.494712600000014, 33.4742115 ], [ 133.494613500000014, 33.4742546 ], [ 133.4943806, 33.4743527 ] ] } },
{ "type": "Feature", "properties": { "u": 11055030515, "v": 10284066467, "key": 0, "osmid": "143975198", "lanes": null, "ref": null, "name": null, "highway": "residential", "oneway": false, "reversed": "True", "length": 98.854, "maxspeed": null, "bridge": null }, "geometry": { "type": "LineString", "coordinates": [ [ 133.494803100000013, 33.4740465 ], [ 133.4948078, 33.4739995 ], [ 133.4947989, 33.4738077 ], [ 133.4947865, 33.473416 ], [ 133.494821800000011, 33.473352 ], [ 133.4948362, 33.4733077 ], [ 133.4949149, 33.4731821 ] ] } },
{ "type": "Feature", "properties": { "u": 11055030515, "v": 11055030521, "key": 0, "osmid": "1190622379", "lanes": null, "ref": null, "name": null, "highway": "track", "oneway": false, "reversed": "False", "length": 125.677, "maxspeed": null, "bridge": null }, "geometry": { "type": "LineString", "coordinates": [ [ 133.494803100000013, 33.4740465 ], [ 133.494942900000012, 33.4743418 ], [ 133.4949804, 33.4745589 ], [ 133.494942900000012, 33.4747043 ], [ 133.4948383, 33.4748766 ], [ 133.4947417, 33.4750444 ], [ 133.494731, 33.4751092 ] ] } },
{ "type": "Feature", "properties": { "u": 11055030521, "v": 11055030515, "key": 0, "osmid": "1190622379", "lanes": null, "ref": null, "name": null, "highway": "track", "oneway": false, "reversed": "True", "length": 125.677, "maxspeed": null, "bridge": null }, "geometry": { "type": "LineString", "coordinates": [ [ 133.494731, 33.4751092 ], [ 133.4947417, 33.4750444 ], [ 133.4948383, 33.4748766 ], [ 133.494942900000012, 33.4747043 ], [ 133.4949804, 33.4745589 ], [ 133.494942900000012, 33.4743418 ], [ 133.494803100000013, 33.4740465 ] ] } }
]
}
