{
"type": "FeatureCollection",
"name": "Gedges",
"crs": { "type": "name", "properties": { "name": "urn:ogc:def:crs:OGC:1.3:CRS84" } },
"features": [
{ "type": "Feature", "properties": { "u": 411228999, "v": 1557769647, "key": 0, "osmid": "35062133", "lanes": "2", "ref": "14", "name": "春野赤岡線", "highway": "primary", "maxspeed": "50", "oneway": false, "reversed": "False", "length": 116.414, "bridge": null, "tunnel": null, "service": null }, "geometry": { "type": "LineString", "coordinates": [ [ 133.505582800000013, 33.4707002 ], [ 133.505946099999989, 33.4709384 ], [ 133.5065327, 33.4713835 ] ] } },
{ "type": "Feature", "properties": { "u": 411228999, "v": 1272063300, "key": 0, "osmid": "35062133", "lanes": "2", "ref": "14", "name": "春野赤岡線", "highway": "primary", "maxspeed": "50", "oneway": false, "reversed": "True", "length": 220.027, "bridge": null, "tunnel": null, "service": null }, "geometry": { "type": "LineString", "coordinates": [ [ 133.505582800000013, 33.4707002 ], [ 133.5046207, 33.4702555 ], [ 133.50399, 33.4699604 ], [ 133.5037887, 33.4698151 ], [ 133.50361860000001, 33.4696266 ] ] } },
{ "type": "Feature", "properties": { "u": 411228999, "v": 1272063300, "key": 1, "osmid": "142325138", "lanes": null, "ref": null, "name": null, "highway": "unclassified", "maxspeed": null, "oneway": false, "reversed": "False", "length": 255.036, "bridge": null, "tunnel": null, "service": null }, "geometry": { "type": "LineString", "coordinates": [ [ 133.505582800000013, 33.4707002 ], [ 133.5054021, 33.470806 ], [ 133.505281200000013, 33.4708624 ], [ 133.5052318, 33.4708595 ], [ 133.505053800000013, 33.4708453 ], [ 133.5048788, 33.4707648 ], [ 133.5046849, 33.4706431 ], [ 133.504428100000013, 33.4704551 ], [ 133.5041683, 33.4703065 ], [ 133.5038075, 33.4700892 ], [ 133.503595600000011, 33.4697591 ], [ 133.5035875, 33.4696641 ], [ 133.50361860000001, 33.4696266 ] ] } },
{ "type": "Feature", "properties": { "u": 769146641, "v": 769146839, "key": 0, "osmid": "142325056", "lanes": "1", "ref": "279", "name": "甲殿弘岡上線", "highway": "secondary", "maxspeed": null, "oneway": false, "reversed": "True", "length": 20.816, "bridge": null, "tunnel": null, "service": null }, "geometry": { "type": "LineString", "coordinates": [ [ 133.5141461, 33.4836303 ], [ 133.514083199999988, 33.48381 ] ] } },
{ "type": "Feature", "properties": { "u": 769146641, "v": 769146927, "key": 0, "osmid": "61725440", "lanes": null, "ref": null, "name": null, "highway": "unclassified", "maxspeed": null, "oneway": false, "reversed": "True", "length": 260.458, "bridge": null, "tunnel": null, "service": null }, "geometry": { "type": "LineString", "coordinates": [ [ 133.5141461, 33.4836303 ], [ 133.5143684, 33.4834528 ], [ 133.5159394, 33.4818301 ] ] } },
{ "type": "Feature", "properties": { "u": 769146641, "v": 769146694, "key": 0, "osmid": [ 142325056, 1220453618 ], "lanes": "1", "ref": "279", "name": "甲殿弘岡上線", "highway": "secondary", "maxspeed": null, "oneway": false, "reversed": "False", "length": 318.453, "bridge": null, "tunnel": null, "service": null }, "geometry": { "type": "LineString", "coordinates": [ [ 133.5141461, 33.4836303 ], [ 133.5141164, 33.4835939 ], [ 133.5141683, 33.4833575 ], [ 133.5141822, 33.4832746 ], [ 133.514182299999987, 33.4831892 ], [ 133.514076, 33.4827838 ], [ 133.514099, 33.4826765 ], [ 133.5140979, 33.4825757 ], [ 133.514072, 33.48241 ], [ 133.5139287, 33.4823191 ], [ 133.5139251, 33.4821287 ], [ 133.5138944, 33.4818785 ], [ 133.513905599999987, 33.481569 ], [ 133.5139345, 33.4813893 ], [ 133.5145761, 33.4814094 ] ] } },
{ "type": "Feature", "properties": { "u": 769146694, "v": 769146927, "key": 0, "osmid": "61821551", "lanes": null, "ref": null, "name": null, "highway": "tertiary", "maxspeed": null, "oneway": false, "reversed": "True", "length": 139.534, "bridge": null, "tunnel": null, "service": null }, "geometry": { "type": "LineString", "coordinates": [ [ 133.5145761, 33.4814094 ], [ 133.514808, 33.4814147 ], [ 133.5151086, 33.4814319 ], [ 133.515294, 33.4814703 ], [ 133.5155962, 33.4816086 ], [ 133.5158141, 33.4817303 ], [ 133.5159394, 33.4818301 ] ] } },
{ "type": "Feature", "properties": { "u": 769146694, "v": 1557769878, "key": 0, "osmid": "142325051", "lanes": null, "ref": "279", "name": "甲殿弘岡上線", "highway": "secondary", "maxspeed": null, "oneway": false, "reversed": "False", "length": 394.139, "bridge": null, "tunnel": null, "service": null }, "geometry": { "type": "LineString", "coordinates": [ [ 133.5145761, 33.4814094 ], [ 133.5146217, 33.4809867 ], [ 133.514638, 33.4807569 ], [ 133.5146487, 33.4803495 ], [ 133.514715200000012, 33.4802258 ], [ 133.514921, 33.4799512 ], [ 133.5149865, 33.4798125 ], [ 133.5149932, 33.4796635 ], [ 133.5149567, 33.4795571 ], [ 133.5148194, 33.4792936 ], [ 133.514621299999988, 33.4789338 ], [ 133.5144353, 33.4786852 ], [ 133.5141357, 33.4783973 ], [ 133.514018, 33.478209 ], [ 133.514008100000012, 33.4781654 ] ] } },
{ "type": "Feature", "properties": { "u": 769146694, "v": 769146641, "key": 0, "osmid": [ 142325056, 1220453618 ], "lanes": "1", "ref": "279", "name": "甲殿弘岡上線", "highway": "secondary", "maxspeed": null, "oneway": false, "reversed": "True", "length": 318.453, "bridge": null, "tunnel": null, "service": null }, "geometry": { "type": "LineString", "coordinates": [ [ 133.5145761, 33.4814094 ], [ 133.5139345, 33.4813893 ], [ 133.513905599999987, 33.481569 ], [ 133.5138944, 33.4818785 ], [ 133.5139251, 33.4821287 ], [ 133.5139287, 33.4823191 ], [ 133.514072, 33.48241 ], [ 133.5140979, 33.4825757 ], [ 133.514099, 33.4826765 ], [ 133.514076, 33.4827838 ], [ 133.514182299999987, 33.4831892 ], [ 133.5141822, 33.4832746 ], [ 133.5141683, 33.4833575 ], [ 133.5141164, 33.4835939 ], [ 133.5141461, 33.4836303 ] ] } },
{ "type": "Feature", "properties": { "u": 769146785, "v": 1557770078, "key": 0, "osmid": "61821551", "lanes": null, "ref": null, "name": null, "highway": "tertiary", "maxspeed": null, "oneway": false, "reversed": "False", "length": 106.878, "bridge": null, "tunnel": null, "service": null }, "geometry": { "type": "LineString", "coordinates": [ [ 133.5177262, 33.4834009 ], [ 133.517475100000013, 33.4832929 ], [ 133.5173342, 33.4832056 ], [ 133.5171607, 33.4830402 ], [ 133.5168809, 33.4827669 ] ] } },
{ "type": "Feature", "properties": { "u": 769146785, "v": 7077380949, "key": 0, "osmid": [ 61725450, 61821526, 61821551 ], "lanes": null, "ref": null, "name": null, "highway": "tertiary", "maxspeed": null, "oneway": false, "reversed": "True", "length": 150.538, "bridge": "yes", "tunnel": null, "service": null }, "geometry": { "type": "LineString", "coordinates": [ [ 133.5177262, 33.4834009 ], [ 133.5182998, 33.4835936 ], [ 133.519168400000012, 33.4839016 ], [ 133.5192241, 33.4839223 ] ] } },
{ "type": "Feature", "properties": { "u": 769146785, "v": 1557770257, "key": 0, "osmid": [ 142326330, 727117603 ], "lanes": null, "ref": null, "name": null, "highway": [ "track", "path" ], "maxspeed": null, "oneway": false, "reversed": "False", "length": 400.661, "bridge": null, "tunnel": null, "service": null }, "geometry": { "type": "LineString", "coordinates": [ [ 133.5177262, 33.4834009 ], [ 133.5177013, 33.4834434 ], [ 133.5176921, 33.4834906 ], [ 133.5178879, 33.4837388 ], [ 133.517875299999986, 33.4837877 ], [ 133.5175793, 33.4839204 ], [ 133.517019, 33.4841386 ], [ 133.5164858, 33.484329 ], [ 133.516068, 33.4844468 ], [ 133.5156413, 33.4845496 ], [ 133.514791, 33.4847141 ], [ 133.514559100000014, 33.4847499 ], [ 133.514298200000013, 33.4847665 ] ] } },
{ "type": "Feature", "properties": { "u": 769146785, "v": 1557769919, "key": 0, "osmid": "727117603", "lanes": null, "ref": null, "name": null, "highway": "track", "maxspeed": null, "oneway": false, "reversed": "True", "length": 505.411, "bridge": null, "tunnel": null, "service": null }, "geometry": { "type": "LineString", "coordinates": [ [ 133.5177262, 33.4834009 ], [ 133.517787199999987, 33.4833808 ], [ 133.5180728, 33.4834468 ], [ 133.5182136, 33.4834859 ], [ 133.5182838, 33.4834442 ], [ 133.518500100000011, 33.483301 ], [ 133.5188126, 33.4829478 ], [ 133.519259, 33.4824554 ], [ 133.519568099999987, 33.4820731 ], [ 133.5196827, 33.4818649 ], [ 133.519789, 33.4815377 ], [ 133.5198189, 33.4813808 ], [ 133.5198694, 33.4813244 ], [ 133.5198699, 33.481241 ], [ 133.5198197, 33.4812183 ], [ 133.519749499999989, 33.4809536 ], [ 133.5196831, 33.4806829 ], [ 133.5194694, 33.4803073 ], [ 133.519397700000013, 33.4801683 ], [ 133.5191759, 33.4799897 ] ] } },
{ "type": "Feature", "properties": { "u": 769146839, "v": 769146641, "key": 0, "osmid": "142325056", "lanes": "1", "ref": "279", "name": "甲殿弘岡上線", "highway": "secondary", "maxspeed": null, "oneway": false, "reversed": "False", "length": 20.816, "bridge": null, "tunnel": null, "service": null }, "geometry": { "type": "LineString", "coordinates": [ [ 133.514083199999988, 33.48381 ], [ 133.5141461, 33.4836303 ] ] } },
{ "type": "Feature", "properties": { "u": 769146839, "v": 6814317099, "key": 0, "osmid": "142325246", "lanes": null, "ref": null, "name": null, "highway": "path", "maxspeed": null, "oneway": false, "reversed": "False", "length": 24.184, "bridge": null, "tunnel": null, "service": null }, "geometry": { "type": "LineString", "coordinates": [ [ 133.514083199999988, 33.48381 ], [ 133.514254200000011, 33.4839742 ] ] } },
{ "type": "Feature", "properties": { "u": 769146839, "v": 1557770186, "key": 0, "osmid": "142325056", "lanes": "1", "ref": "279", "name": "甲殿弘岡上線", "highway": "secondary", "maxspeed": null, "oneway": false, "reversed": "True", "length": 52.286, "bridge": null, "tunnel": null, "service": null }, "geometry": { "type": "LineString", "coordinates": [ [ 133.514083199999988, 33.48381 ], [ 133.51402010000001, 33.4839228 ], [ 133.5139251, 33.4840337 ], [ 133.5137392, 33.4841745 ] ] } },
{ "type": "Feature", "properties": { "u": 769146927, "v": 1557770078, "key": 0, "osmid": "61821551", "lanes": null, "ref": null, "name": null, "highway": "tertiary", "maxspeed": null, "oneway": false, "reversed": "True", "length": 135.924, "bridge": null, "tunnel": null, "service": null }, "geometry": { "type": "LineString", "coordinates": [ [ 133.5159394, 33.4818301 ], [ 133.5168809, 33.4827669 ] ] } },
{ "type": "Feature", "properties": { "u": 769146927, "v": 769146641, "key": 0, "osmid": "61725440", "lanes": null, "ref": null, "name": null, "highway": "unclassified", "maxspeed": null, "oneway": false, "reversed": "False", "length": 260.458, "bridge": null, "tunnel": null, "service": null }, "geometry": { "type": "LineString", "coordinates": [ [ 133.5159394, 33.4818301 ], [ 133.5143684, 33.4834528 ], [ 133.5141461, 33.4836303 ] ] } },
{ "type": "Feature", "properties": { "u": 769146927, "v": 769146694, "key": 0, "osmid": "61821551", "lanes": null, "ref": null, "name": null, "highway": "tertiary", "maxspeed": null, "oneway": false, "reversed": "False", "length": 139.534, "bridge": null, "tunnel": null, "service": null }, "geometry": { "type": "LineString", "coordinates": [ [ 133.5159394, 33.4818301 ], [ 133.5158141, 33.4817303 ], [ 133.5155962, 33.4816086 ], [ 133.515294, 33.4814703 ], [ 133.5151086, 33.4814319 ], [ 133.514808, 33.4814147 ], [ 133.5145761, 33.4814094 ] ] } },
{ "type": "Feature", "properties": { "u": 769146927, "v": 1557769914, "key": 0, "osmid": [ 142326208, 142326790 ], "lanes": null, "ref": null, "name": null, "highway": "track", "maxspeed": null, "oneway": false, "reversed": "True", "length": 295.776, "bridge": null, "tunnel": null, "service": null }, "geometry": { "type": "LineString", "coordinates": [ [ 133.5159394, 33.4818301 ], [ 133.51604660000001, 33.4816735 ], [ 133.516387, 33.4813237 ], [ 133.516574100000014, 33.4811609 ], [ 133.516890600000011, 33.4807071 ], [ 133.517090599999989, 33.4803848 ], [ 133.5172224, 33.4801127 ], [ 133.5174269, 33.4795143 ] ] } },
{ "type": "Feature", "properties": { "u": 769147471, "v": 7077380953, "key": 0, "osmid": "61725458", "lanes": null, "ref": null, "name": null, "highway": "tertiary", "maxspeed": "50", "oneway": false, "reversed": "False", "length": 9.489, "bridge": null, "tunnel": null, "service": null }, "geometry": { "type": "LineString", "coordinates": [ [ 133.522540600000013, 33.4793285 ], [ 133.5225063, 33.4794089 ] ] } },
{ "type": "Feature", "properties": { "u": 769147471, "v": 1557769931, "key": 0, "osmid": "35062133", "lanes": "2", "ref": "14", "name": "春野赤岡線", "highway": "primary", "maxspeed": "50", "oneway": false, "reversed": "False", "length": 176.188, "bridge": null, "tunnel": null, "service": null }, "geometry": { "type": "LineString", "coordinates": [ [ 133.522540600000013, 33.4793285 ], [ 133.5227055, 33.4794012 ], [ 133.5233943, 33.4797488 ], [ 133.5242149, 33.4800732 ] ] } },
{ "type": "Feature", "properties": { "u": 769147471, "v": 1557769842, "key": 0, "osmid": "35062133", "lanes": "2", "ref": "14", "name": "春野赤岡線", "highway": "primary", "maxspeed": "50", "oneway": false, "reversed": "True", "length": 455.869, "bridge": null, "tunnel": null, "service": null }, "geometry": { "type": "LineString", "coordinates": [ [ 133.522540600000013, 33.4793285 ], [ 133.520311099999986, 33.4784378 ], [ 133.5181034, 33.477565 ] ] } },
{ "type": "Feature", "properties": { "u": 1272063300, "v": 411228999, "key": 0, "osmid": "35062133", "lanes": "2", "ref": "14", "name": "春野赤岡線", "highway": "primary", "maxspeed": "50", "oneway": false, "reversed": "False", "length": 220.027, "bridge": null, "tunnel": null, "service": null }, "geometry": { "type": "LineString", "coordinates": [ [ 133.50361860000001, 33.4696266 ], [ 133.5037887, 33.4698151 ], [ 133.50399, 33.4699604 ], [ 133.5046207, 33.4702555 ], [ 133.505582800000013, 33.4707002 ] ] } },
{ "type": "Feature", "properties": { "u": 1272063300, "v": 411228999, "key": 1, "osmid": "142325138", "lanes": null, "ref": null, "name": null, "highway": "unclassified", "maxspeed": null, "oneway": false, "reversed": "True", "length": 255.036, "bridge": null, "tunnel": null, "service": null }, "geometry": { "type": "LineString", "coordinates": [ [ 133.50361860000001, 33.4696266 ], [ 133.5035875, 33.4696641 ], [ 133.503595600000011, 33.4697591 ], [ 133.5038075, 33.4700892 ], [ 133.5041683, 33.4703065 ], [ 133.504428100000013, 33.4704551 ], [ 133.5046849, 33.4706431 ], [ 133.5048788, 33.4707648 ], [ 133.505053800000013, 33.4708453 ], [ 133.5052318, 33.4708595 ], [ 133.505281200000013, 33.4708624 ], [ 133.5054021, 33.470806 ], [ 133.505582800000013, 33.4707002 ] ] } },
{ "type": "Feature", "properties": { "u": 1431444663, "v": 10948459349, "key": 0, "osmid": "61821529", "lanes": null, "ref": null, "name": null, "highway": "tertiary", "maxspeed": "50", "oneway": false, "reversed": "True", "length": 45.196, "bridge": null, "tunnel": null, "service": null }, "geometry": { "type": "LineString", "coordinates": [ [ 133.518648399999989, 33.4887344 ], [ 133.518662799999987, 33.4886719 ], [ 133.5186816, 33.488606 ], [ 133.5187879, 33.4883456 ] ] } },
{ "type": "Feature", "properties": { "u": 1431444663, "v": 1431444678, "key": 0, "osmid": "129809950", "lanes": "1", "ref": "278", "name": "弘岡下種崎線", "highway": "secondary", "maxspeed": "30", "oneway": false, "reversed": "False", "length": 161.651, "bridge": null, "tunnel": null, "service": null }, "geometry": { "type": "LineString", "coordinates": [ [ 133.518648399999989, 33.4887344 ], [ 133.518732, 33.488729 ], [ 133.5189594, 33.4887191 ], [ 133.5190763, 33.4887257 ], [ 133.519197600000012, 33.4887471 ], [ 133.519681100000014, 33.4888471 ], [ 133.51993010000001, 33.4888877 ], [ 133.520366200000012, 33.4889264 ] ] } },
{ "type": "Feature", "properties": { "u": 1431444663, "v": 10948459355, "key": 0, "osmid": "129809950", "lanes": "1", "ref": "278", "name": "弘岡下種崎線", "highway": "secondary", "maxspeed": "30", "oneway": false, "reversed": "True", "length": 26.481, "bridge": null, "tunnel": null, "service": null }, "geometry": { "type": "LineString", "coordinates": [ [ 133.518648399999989, 33.4887344 ], [ 133.5185511, 33.4887439 ], [ 133.5183648, 33.4887622 ] ] } },
{ "type": "Feature", "properties": { "u": 1431444663, "v": 1557771030, "key": 0, "osmid": "1022932206", "lanes": null, "ref": null, "name": "春野広域農道", "highway": "tertiary", "maxspeed": "50", "oneway": false, "reversed": "False", "length": 140.487, "bridge": null, "tunnel": null, "service": null }, "geometry": { "type": "LineString", "coordinates": [ [ 133.518648399999989, 33.4887344 ], [ 133.5186366, 33.4887991 ], [ 133.5185689, 33.4891448 ], [ 133.5184636, 33.4898419 ], [ 133.518447900000012, 33.4899864 ] ] } },
{ "type": "Feature", "properties": { "u": 1431444670, "v": 1557770791, "key": 0, "osmid": "129809950", "lanes": "1", "ref": "278", "name": "弘岡下種崎線", "highway": "secondary", "maxspeed": "30", "oneway": false, "reversed": "False", "length": 3.184, "bridge": null, "tunnel": null, "service": null }, "geometry": { "type": "LineString", "coordinates": [ [ 133.5173704, 33.4888277 ], [ 133.5174021, 33.4888167 ] ] } },
{ "type": "Feature", "properties": { "u": 1431444670, "v": 10948459358, "key": 0, "osmid": "1178513254", "lanes": null, "ref": null, "name": null, "highway": "path", "maxspeed": null, "oneway": false, "reversed": "False", "length": 64.173, "bridge": null, "tunnel": null, "service": null }, "geometry": { "type": "LineString", "coordinates": [ [ 133.5173704, 33.4888277 ], [ 133.5173998, 33.4894043 ] ] } },
{ "type": "Feature", "properties": { "u": 1431444670, "v": 1557770854, "key": 0, "osmid": "129809950", "lanes": "1", "ref": "278", "name": "弘岡下種崎線", "highway": "secondary", "maxspeed": "30", "oneway": false, "reversed": "True", "length": 82.462, "bridge": null, "tunnel": null, "service": null }, "geometry": { "type": "LineString", "coordinates": [ [ 133.5173704, 33.4888277 ], [ 133.5172383, 33.4888652 ], [ 133.517136099999988, 33.4889007 ], [ 133.5170579, 33.4889386 ], [ 133.516765, 33.4891025 ], [ 133.516593199999988, 33.4891808 ] ] } },
{ "type": "Feature", "properties": { "u": 1431444678, "v": 1557770822, "key": 0, "osmid": "129809950", "lanes": "1", "ref": "278", "name": "弘岡下種崎線", "highway": "secondary", "maxspeed": "30", "oneway": false, "reversed": "False", "length": 48.352, "bridge": null, "tunnel": null, "service": null }, "geometry": { "type": "LineString", "coordinates": [ [ 133.520366200000012, 33.4889264 ], [ 133.5206988, 33.4889478 ], [ 133.5208222, 33.4889601 ], [ 133.5208839, 33.4889727 ] ] } },
{ "type": "Feature", "properties": { "u": 1431444678, "v": 1431444663, "key": 0, "osmid": "129809950", "lanes": "1", "ref": "278", "name": "弘岡下種崎線", "highway": "secondary", "maxspeed": "30", "oneway": false, "reversed": "True", "length": 161.651, "bridge": null, "tunnel": null, "service": null }, "geometry": { "type": "LineString", "coordinates": [ [ 133.520366200000012, 33.4889264 ], [ 133.51993010000001, 33.4888877 ], [ 133.519681100000014, 33.4888471 ], [ 133.519197600000012, 33.4887471 ], [ 133.5190763, 33.4887257 ], [ 133.5189594, 33.4887191 ], [ 133.518732, 33.488729 ], [ 133.518648399999989, 33.4887344 ] ] } },
{ "type": "Feature", "properties": { "u": 1431444678, "v": 1557771003, "key": 0, "osmid": "142326817", "lanes": null, "ref": null, "name": null, "highway": "unclassified", "maxspeed": null, "oneway": false, "reversed": "False", "length": 111.397, "bridge": null, "tunnel": null, "service": null }, "geometry": { "type": "LineString", "coordinates": [ [ 133.520366200000012, 33.4889264 ], [ 133.520424, 33.489123 ], [ 133.520431, 33.48923 ], [ 133.520511, 33.489641 ], [ 133.520511, 33.489692 ], [ 133.520556699999986, 33.4899136 ] ] } },
{ "type": "Feature", "properties": { "u": 1431444710, "v": 1431444724, "key": 0, "osmid": "129809950", "lanes": "1", "ref": "278", "name": "弘岡下種崎線", "highway": "secondary", "maxspeed": "30", "oneway": false, "reversed": "False", "length": 73.863, "bridge": null, "tunnel": null, "service": null }, "geometry": { "type": "LineString", "coordinates": [ [ 133.5242326, 33.4892221 ], [ 133.5244222, 33.4893351 ], [ 133.524550299999987, 33.4894403 ], [ 133.524652300000014, 33.489575 ], [ 133.5247133, 33.4897274 ] ] } },
{ "type": "Feature", "properties": { "u": 1431444710, "v": 1557770827, "key": 0, "osmid": "129809950", "lanes": "1", "ref": "278", "name": "弘岡下種崎線", "highway": "secondary", "maxspeed": "30", "oneway": false, "reversed": "True", "length": 45.414, "bridge": null, "tunnel": null, "service": null }, "geometry": { "type": "LineString", "coordinates": [ [ 133.5242326, 33.4892221 ], [ 133.524075399999987, 33.4891317 ], [ 133.523937600000011, 33.4890694 ], [ 133.523803500000014, 33.4890304 ] ] } },
{ "type": "Feature", "properties": { "u": 1431444710, "v": 4933375133, "key": 0, "osmid": "502980805", "lanes": null, "ref": null, "name": null, "highway": "residential", "maxspeed": null, "oneway": false, "reversed": "True", "length": 51.655, "bridge": null, "tunnel": null, "service": null }, "geometry": { "type": "LineString", "coordinates": [ [ 133.5242326, 33.4892221 ], [ 133.5242647, 33.4892138 ], [ 133.5243438, 33.4892507 ], [ 133.5245691, 33.489405 ], [ 133.524632200000013, 33.4894431 ], [ 133.5246938, 33.4894554 ] ] } },
{ "type": "Feature", "properties": { "u": 1431444724, "v": 1557771133, "key": 0, "osmid": "129809950", "lanes": "1", "ref": "278", "name": "弘岡下種崎線", "highway": "secondary", "maxspeed": "30", "oneway": false, "reversed": "False", "length": 138.371, "bridge": null, "tunnel": null, "service": null }, "geometry": { "type": "LineString", "coordinates": [ [ 133.5247133, 33.4897274 ], [ 133.5247374, 33.4898281 ], [ 133.524787800000013, 33.4899672 ], [ 133.5248033, 33.4900253 ], [ 133.5248296, 33.4900756 ], [ 133.5248699, 33.4901337 ], [ 133.5249224, 33.4901838 ], [ 133.5254457, 33.4904617 ], [ 133.525549399999989, 33.4905134 ], [ 133.5256904, 33.4905693 ] ] } },
{ "type": "Feature", "properties": { "u": 1431444724, "v": 1431444710, "key": 0, "osmid": "129809950", "lanes": "1", "ref": "278", "name": "弘岡下種崎線", "highway": "secondary", "maxspeed": "30", "oneway": false, "reversed": "True", "length": 73.863, "bridge": null, "tunnel": null, "service": null }, "geometry": { "type": "LineString", "coordinates": [ [ 133.5247133, 33.4897274 ], [ 133.524652300000014, 33.489575 ], [ 133.524550299999987, 33.4894403 ], [ 133.5244222, 33.4893351 ], [ 133.5242326, 33.4892221 ] ] } },
{ "type": "Feature", "properties": { "u": 1431444724, "v": 4933375133, "key": 0, "osmid": "142325518", "lanes": null, "ref": null, "name": null, "highway": "residential", "maxspeed": null, "oneway": false, "reversed": "True", "length": 32.647, "bridge": null, "tunnel": null, "service": null }, "geometry": { "type": "LineString", "coordinates": [ [ 133.5247133, 33.4897274 ], [ 133.524739399999987, 33.4897025 ], [ 133.5247153, 33.4895985 ], [ 133.5246697, 33.4894967 ], [ 133.5246938, 33.4894554 ] ] } },
{ "type": "Feature", "properties": { "u": 1431984524, "v": 5487612033, "key": 0, "osmid": "142326062", "lanes": null, "ref": null, "name": null, "highway": "residential", "maxspeed": null, "oneway": false, "reversed": "False", "length": 4.767, "bridge": null, "tunnel": null, "service": null }, "geometry": { "type": "LineString", "coordinates": [ [ 133.533100499999989, 33.4832907 ], [ 133.533089100000012, 33.4833325 ] ] } },
{ "type": "Feature", "properties": { "u": 1431984524, "v": 1431984526, "key": 0, "osmid": "35062133", "lanes": "2", "ref": "14", "name": "春野赤岡線", "highway": "primary", "maxspeed": "50", "oneway": false, "reversed": "False", "length": 192.463, "bridge": null, "tunnel": null, "service": null }, "geometry": { "type": "LineString", "coordinates": [ [ 133.533100499999989, 33.4832907 ], [ 133.5338088, 33.4835184 ], [ 133.5348974, 33.4839209 ], [ 133.535013600000013, 33.4839602 ] ] } },
{ "type": "Feature", "properties": { "u": 1431984524, "v": 11682084479, "key": 0, "osmid": "35062133", "lanes": "2", "ref": "14", "name": "春野赤岡線", "highway": "primary", "maxspeed": "50", "oneway": false, "reversed": "True", "length": 70.464, "bridge": null, "tunnel": null, "service": null }, "geometry": { "type": "LineString", "coordinates": [ [ 133.533100499999989, 33.4832907 ], [ 133.5324003, 33.4830936 ], [ 133.53238060000001, 33.4830881 ] ] } },
{ "type": "Feature", "properties": { "u": 1431984526, "v": 10261046440, "key": 0, "osmid": "142325035", "lanes": null, "ref": "14", "name": "春野赤岡線", "highway": "primary", "maxspeed": null, "oneway": false, "reversed": "True", "length": 8.198, "bridge": null, "tunnel": null, "service": null }, "geometry": { "type": "LineString", "coordinates": [ [ 133.535013600000013, 33.4839602 ], [ 133.534951299999989, 33.4840125 ] ] } },
{ "type": "Feature", "properties": { "u": 1431984526, "v": 1431984524, "key": 0, "osmid": "35062133", "lanes": "2", "ref": "14", "name": "春野赤岡線", "highway": "primary", "maxspeed": "50", "oneway": false, "reversed": "True", "length": 192.463, "bridge": null, "tunnel": null, "service": null }, "geometry": { "type": "LineString", "coordinates": [ [ 133.535013600000013, 33.4839602 ], [ 133.5348974, 33.4839209 ], [ 133.5338088, 33.4835184 ], [ 133.533100499999989, 33.4832907 ] ] } },
{ "type": "Feature", "properties": { "u": 1431984587, "v": 1557771281, "key": 0, "osmid": "142326116", "lanes": null, "ref": null, "name": null, "highway": "residential", "maxspeed": null, "oneway": false, "reversed": "False", "length": 50.985, "bridge": null, "tunnel": null, "service": null }, "geometry": { "type": "LineString", "coordinates": [ [ 133.5190083, 33.4917042 ], [ 133.5195024, 33.4915031 ] ] } },
{ "type": "Feature", "properties": { "u": 1431984587, "v": 1557771513, "key": 0, "osmid": "1022932206", "lanes": null, "ref": null, "name": "春野広域農道", "highway": "tertiary", "maxspeed": "50", "oneway": false, "reversed": "False", "length": 129.994, "bridge": null, "tunnel": null, "service": null }, "geometry": { "type": "LineString", "coordinates": [ [ 133.5190083, 33.4917042 ], [ 133.5196434, 33.4927464 ] ] } },
{ "type": "Feature", "properties": { "u": 1431984587, "v": 1557771449, "key": 0, "osmid": "142326480", "lanes": null, "ref": null, "name": null, "highway": "residential", "maxspeed": null, "oneway": false, "reversed": "True", "length": 184.136, "bridge": null, "tunnel": null, "service": null }, "geometry": { "type": "LineString", "coordinates": [ [ 133.5190083, 33.4917042 ], [ 133.5188595, 33.4917714 ], [ 133.5172279, 33.4924372 ] ] } },
{ "type": "Feature", "properties": { "u": 1431984587, "v": 1557771078, "key": 0, "osmid": "1022932206", "lanes": null, "ref": null, "name": "春野広域農道", "highway": "tertiary", "maxspeed": "50", "oneway": false, "reversed": "True", "length": 175.215, "bridge": null, "tunnel": null, "service": null }, "geometry": { "type": "LineString", "coordinates": [ [ 133.5190083, 33.4917042 ], [ 133.518842, 33.4914294 ], [ 133.518697300000014, 33.4911728 ], [ 133.518559900000014, 33.4908564 ], [ 133.5184696, 33.4904659 ], [ 133.5184476, 33.4902164 ] ] } },
{ "type": "Feature", "properties": { "u": 1557769647, "v": 1557769720, "key": 0, "osmid": "35062133", "lanes": "2", "ref": "14", "name": "春野赤岡線", "highway": "primary", "maxspeed": "50", "oneway": false, "reversed": "False", "length": 216.058, "bridge": null, "tunnel": null, "service": null }, "geometry": { "type": "LineString", "coordinates": [ [ 133.5065327, 33.4713835 ], [ 133.5073668, 33.4719944 ], [ 133.5082935, 33.4726555 ] ] } },
{ "type": "Feature", "properties": { "u": 1557769647, "v": 411228999, "key": 0, "osmid": "35062133", "lanes": "2", "ref": "14", "name": "春野赤岡線", "highway": "primary", "maxspeed": "50", "oneway": false, "reversed": "True", "length": 116.414, "bridge": null, "tunnel": null, "service": null }, "geometry": { "type": "LineString", "coordinates": [ [ 133.5065327, 33.4713835 ], [ 133.505946099999989, 33.4709384 ], [ 133.505582800000013, 33.4707002 ] ] } },
{ "type": "Feature", "properties": { "u": 1557769647, "v": 1557769750, "key": 0, "osmid": "142325022", "lanes": null, "ref": "14", "name": "春野赤岡線", "highway": "primary", "maxspeed": null, "oneway": false, "reversed": "True", "length": 286.195, "bridge": null, "tunnel": null, "service": null }, "geometry": { "type": "LineString", "coordinates": [ [ 133.5065327, 33.4713835 ], [ 133.506510600000013, 33.4715112 ], [ 133.5065856, 33.4719547 ], [ 133.506632, 33.4720755 ], [ 133.5066994, 33.4721736 ], [ 133.507116, 33.4726029 ], [ 133.507212, 33.4727712 ], [ 133.507399, 33.472992 ], [ 133.507533, 33.47319 ], [ 133.5076652, 33.473362 ], [ 133.5079122, 33.4736019 ] ] } },
{ "type": "Feature", "properties": { "u": 1557769647, "v": 5487624475, "key": 0, "osmid": "142325306", "lanes": null, "ref": null, "name": null, "highway": "tertiary", "maxspeed": null, "oneway": false, "reversed": "True", "length": 267.342, "bridge": null, "tunnel": null, "service": null }, "geometry": { "type": "LineString", "coordinates": [ [ 133.5065327, 33.4713835 ], [ 133.506611, 33.4712274 ], [ 133.506603899999988, 33.4711274 ], [ 133.5065413, 33.4710478 ], [ 133.506066299999986, 33.4707005 ], [ 133.5057635, 33.4705295 ], [ 133.505264399999987, 33.4703601 ], [ 133.504997, 33.4702649 ], [ 133.5044983, 33.4700292 ], [ 133.5044646, 33.4700042 ] ] } },
{ "type": "Feature", "properties": { "u": 1557769720, "v": 4930119001, "key": 0, "osmid": "142326560", "lanes": null, "ref": null, "name": null, "highway": "residential", "maxspeed": null, "oneway": false, "reversed": "True", "length": 6.491, "bridge": null, "tunnel": null, "service": null }, "geometry": { "type": "LineString", "coordinates": [ [ 133.5082935, 33.4726555 ], [ 133.508288099999987, 33.4727137 ] ] } },
{ "type": "Feature", "properties": { "u": 1557769720, "v": 1557769813, "key": 0, "osmid": "35062133", "lanes": "2", "ref": "14", "name": "春野赤岡線", "highway": "primary", "maxspeed": "50", "oneway": false, "reversed": "False", "length": 808.925, "bridge": null, "tunnel": null, "service": null }, "geometry": { "type": "LineString", "coordinates": [ [ 133.5082935, 33.4726555 ], [ 133.5085885, 33.4728614 ], [ 133.5095541, 33.4736825 ], [ 133.509872, 33.4739319 ], [ 133.51015240000001, 33.4740812 ], [ 133.511339099999987, 33.4746188 ], [ 133.5121948, 33.4750103 ], [ 133.514055500000012, 33.4759222 ], [ 133.5156274, 33.4764717 ] ] } },
{ "type": "Feature", "properties": { "u": 1557769720, "v": 1557769647, "key": 0, "osmid": "35062133", "lanes": "2", "ref": "14", "name": "春野赤岡線", "highway": "primary", "maxspeed": "50", "oneway": false, "reversed": "True", "length": 216.058, "bridge": null, "tunnel": null, "service": null }, "geometry": { "type": "LineString", "coordinates": [ [ 133.5082935, 33.4726555 ], [ 133.5073668, 33.4719944 ], [ 133.5065327, 33.4713835 ] ] } },
{ "type": "Feature", "properties": { "u": 1557769750, "v": 1557769647, "key": 0, "osmid": "142325022", "lanes": null, "ref": "14", "name": "春野赤岡線", "highway": "primary", "maxspeed": null, "oneway": false, "reversed": "False", "length": 286.195, "bridge": null, "tunnel": null, "service": null }, "geometry": { "type": "LineString", "coordinates": [ [ 133.5079122, 33.4736019 ], [ 133.5076652, 33.473362 ], [ 133.507533, 33.47319 ], [ 133.507399, 33.472992 ], [ 133.507212, 33.4727712 ], [ 133.507116, 33.4726029 ], [ 133.5066994, 33.4721736 ], [ 133.506632, 33.4720755 ], [ 133.5065856, 33.4719547 ], [ 133.506510600000013, 33.4715112 ], [ 133.5065327, 33.4713835 ] ] } },
{ "type": "Feature", "properties": { "u": 1557769750, "v": 1557769833, "key": 0, "osmid": "142325022", "lanes": null, "ref": "14", "name": "春野赤岡線", "highway": "primary", "maxspeed": null, "oneway": false, "reversed": "True", "length": 580.987, "bridge": null, "tunnel": null, "service": null }, "geometry": { "type": "LineString", "coordinates": [ [ 133.5079122, 33.4736019 ], [ 133.508172, 33.473895 ], [ 133.5084759, 33.474121 ], [ 133.5087282, 33.4743583 ], [ 133.508909, 33.4744287 ], [ 133.509032, 33.474521 ], [ 133.5090947, 33.4746382 ], [ 133.5092067, 33.4747925 ], [ 133.5093678, 33.4749336 ], [ 133.5097003, 33.4751244 ], [ 133.510050299999989, 33.4752855 ], [ 133.5103254, 33.4754325 ], [ 133.510434, 33.4754992 ], [ 133.5106853, 33.4756222 ], [ 133.510799100000014, 33.475689 ], [ 133.510957, 33.4758787 ], [ 133.510997300000014, 33.4760282 ], [ 133.5109606, 33.4762598 ], [ 133.510969, 33.476413 ], [ 133.5110266, 33.4766294 ], [ 133.5110793, 33.4767702 ], [ 133.511173500000012, 33.4769107 ], [ 133.511468400000012, 33.4771911 ], [ 133.5115848, 33.4772698 ], [ 133.5117696, 33.4773668 ] ] } },
{ "type": "Feature", "properties": { "u": 1557769750, "v": 11055030522, "key": 0, "osmid": "142326560", "lanes": null, "ref": null, "name": null, "highway": "residential", "maxspeed": null, "oneway": false, "reversed": "False", "length": 54.491, "bridge": null, "tunnel": null, "service": null }, "geometry": { "type": "LineString", "coordinates": [ [ 133.5079122, 33.4736019 ], [ 133.5079893, 33.4735572 ], [ 133.5082573, 33.4733301 ], [ 133.5083141, 33.47325 ] ] } },
{ "type": "Feature", "properties": { "u": 1557769813, "v": 5487612050, "key": 0, "osmid": "142325029", "lanes": null, "ref": null, "name": null, "highway": "unclassified", "maxspeed": null, "oneway": false, "reversed": "False", "length": 4.562, "bridge": null, "tunnel": null, "service": null }, "geometry": { "type": "LineString", "coordinates": [ [ 133.5156274, 33.4764717 ], [ 133.515613699999989, 33.4765111 ] ] } },
{ "type": "Feature", "properties": { "u": 1557769813, "v": 1557769842, "key": 0, "osmid": "35062133", "lanes": "2", "ref": "14", "name": "春野赤岡線", "highway": "primary", "maxspeed": "50", "oneway": false, "reversed": "False", "length": 260.178, "bridge": null, "tunnel": null, "service": null }, "geometry": { "type": "LineString", "coordinates": [ [ 133.5156274, 33.4764717 ], [ 133.5160357, 33.4766294 ], [ 133.5164313, 33.476827 ], [ 133.517031800000012, 33.4771354 ], [ 133.5181034, 33.477565 ] ] } },
{ "type": "Feature", "properties": { "u": 1557769813, "v": 1557769720, "key": 0, "osmid": "35062133", "lanes": "2", "ref": "14", "name": "春野赤岡線", "highway": "primary", "maxspeed": "50", "oneway": false, "reversed": "True", "length": 808.925, "bridge": null, "tunnel": null, "service": null }, "geometry": { "type": "LineString", "coordinates": [ [ 133.5156274, 33.4764717 ], [ 133.514055500000012, 33.4759222 ], [ 133.5121948, 33.4750103 ], [ 133.511339099999987, 33.4746188 ], [ 133.51015240000001, 33.4740812 ], [ 133.509872, 33.4739319 ], [ 133.5095541, 33.4736825 ], [ 133.5085885, 33.4728614 ], [ 133.5082935, 33.4726555 ] ] } },
{ "type": "Feature", "properties": { "u": 1557769822, "v": 5487612050, "key": 0, "osmid": "142325029", "lanes": null, "ref": null, "name": null, "highway": "unclassified", "maxspeed": null, "oneway": false, "reversed": "True", "length": 68.8, "bridge": null, "tunnel": null, "service": null }, "geometry": { "type": "LineString", "coordinates": [ [ 133.515380599999986, 33.4770973 ], [ 133.51538930000001, 33.4770647 ], [ 133.515432800000013, 33.4769841 ], [ 133.515497, 33.476848 ], [ 133.515613699999989, 33.4765111 ] ] } },
{ "type": "Feature", "properties": { "u": 1557769822, "v": 1557769862, "key": 0, "osmid": [ 142325027, 142325030, 142325022 ], "lanes": null, "ref": "14", "name": "春野赤岡線", "highway": "primary", "maxspeed": null, "oneway": false, "reversed": [ false, true ], "length": 127.821, "bridge": "yes", "tunnel": null, "service": null }, "geometry": { "type": "LineString", "coordinates": [ [ 133.515380599999986, 33.4770973 ], [ 133.5153416, 33.477114 ], [ 133.5152034, 33.477391 ], [ 133.514859800000011, 33.4781173 ], [ 133.5148405, 33.4781451 ] ] } },
{ "type": "Feature", "properties": { "u": 1557769822, "v": 1557769859, "key": 0, "osmid": "1219457537", "lanes": null, "ref": "14", "name": "春野赤岡線", "highway": "primary", "maxspeed": null, "oneway": false, "reversed": "False", "length": 244.131, "bridge": null, "tunnel": null, "service": null }, "geometry": { "type": "LineString", "coordinates": [ [ 133.515380599999986, 33.4770973 ], [ 133.5154268, 33.4770988 ], [ 133.515715199999988, 33.47711 ], [ 133.515937900000011, 33.4771449 ], [ 133.5166049, 33.4773086 ], [ 133.5167199, 33.4773522 ], [ 133.5173599, 33.4776588 ], [ 133.5178166, 33.47785 ] ] } },
{ "type": "Feature", "properties": { "u": 1557769833, "v": 1557769750, "key": 0, "osmid": "142325022", "lanes": null, "ref": "14", "name": "春野赤岡線", "highway": "primary", "maxspeed": null, "oneway": false, "reversed": "False", "length": 580.987, "bridge": null, "tunnel": null, "service": null }, "geometry": { "type": "LineString", "coordinates": [ [ 133.5117696, 33.4773668 ], [ 133.5115848, 33.4772698 ], [ 133.511468400000012, 33.4771911 ], [ 133.511173500000012, 33.4769107 ], [ 133.5110793, 33.4767702 ], [ 133.5110266, 33.4766294 ], [ 133.510969, 33.476413 ], [ 133.5109606, 33.4762598 ], [ 133.510997300000014, 33.4760282 ], [ 133.510957, 33.4758787 ], [ 133.510799100000014, 33.475689 ], [ 133.5106853, 33.4756222 ], [ 133.510434, 33.4754992 ], [ 133.5103254, 33.4754325 ], [ 133.510050299999989, 33.4752855 ], [ 133.5097003, 33.4751244 ], [ 133.5093678, 33.4749336 ], [ 133.5092067, 33.4747925 ], [ 133.5090947, 33.4746382 ], [ 133.509032, 33.474521 ], [ 133.508909, 33.4744287 ], [ 133.5087282, 33.4743583 ], [ 133.5084759, 33.474121 ], [ 133.508172, 33.473895 ], [ 133.5079122, 33.4736019 ] ] } },
{ "type": "Feature", "properties": { "u": 1557769833, "v": 1557769878, "key": 0, "osmid": "142325022", "lanes": null, "ref": "14", "name": "春野赤岡線", "highway": "primary", "maxspeed": null, "oneway": false, "reversed": "True", "length": 229.507, "bridge": null, "tunnel": null, "service": null }, "geometry": { "type": "LineString", "coordinates": [ [ 133.5117696, 33.4773668 ], [ 133.5119446, 33.4774446 ], [ 133.5121885, 33.4775512 ], [ 133.5124154, 33.4776188 ], [ 133.5127233, 33.4776622 ], [ 133.512868, 33.477688 ], [ 133.5136525, 33.4779152 ], [ 133.5137312, 33.4779489 ], [ 133.5139308, 33.4781201 ], [ 133.514008100000012, 33.4781654 ] ] } },
{ "type": "Feature", "properties": { "u": 1557769842, "v": 5487612046, "key": 0, "osmid": "142325710", "lanes": null, "ref": null, "name": null, "highway": "unclassified", "maxspeed": null, "oneway": false, "reversed": "False", "length": 4.06, "bridge": null, "tunnel": null, "service": null }, "geometry": { "type": "LineString", "coordinates": [ [ 133.5181034, 33.477565 ], [ 133.5180753, 33.477593 ] ] } },
{ "type": "Feature", "properties": { "u": 1557769842, "v": 769147471, "key": 0, "osmid": "35062133", "lanes": "2", "ref": "14", "name": "春野赤岡線", "highway": "primary", "maxspeed": "50", "oneway": false, "reversed": "False", "length": 455.869, "bridge": null, "tunnel": null, "service": null }, "geometry": { "type": "LineString", "coordinates": [ [ 133.5181034, 33.477565 ], [ 133.520311099999986, 33.4784378 ], [ 133.522540600000013, 33.4793285 ] ] } },
{ "type": "Feature", "properties": { "u": 1557769842, "v": 1557769813, "key": 0, "osmid": "35062133", "lanes": "2", "ref": "14", "name": "春野赤岡線", "highway": "primary", "maxspeed": "50", "oneway": false, "reversed": "True", "length": 260.178, "bridge": null, "tunnel": null, "service": null }, "geometry": { "type": "LineString", "coordinates": [ [ 133.5181034, 33.477565 ], [ 133.517031800000012, 33.4771354 ], [ 133.5164313, 33.476827 ], [ 133.5160357, 33.4766294 ], [ 133.5156274, 33.4764717 ] ] } },
{ "type": "Feature", "properties": { "u": 1557769859, "v": 5487612046, "key": 0, "osmid": "142325710", "lanes": null, "ref": null, "name": null, "highway": "unclassified", "maxspeed": null, "oneway": false, "reversed": "True", "length": 37.314, "bridge": null, "tunnel": null, "service": null }, "geometry": { "type": "LineString", "coordinates": [ [ 133.5178166, 33.47785 ], [ 133.5180753, 33.477593 ] ] } },
{ "type": "Feature", "properties": { "u": 1557769859, "v": 7077380967, "key": 0, "osmid": "1219457537", "lanes": null, "ref": "14", "name": "春野赤岡線", "highway": "primary", "maxspeed": null, "oneway": false, "reversed": "False", "length": 487.583, "bridge": null, "tunnel": null, "service": null }, "geometry": { "type": "LineString", "coordinates": [ [ 133.5178166, 33.47785 ], [ 133.5182472, 33.4780223 ], [ 133.5192116, 33.4784278 ], [ 133.519959199999988, 33.4787365 ], [ 133.5204306, 33.4789401 ], [ 133.5207772, 33.4790741 ], [ 133.5208656, 33.4791567 ], [ 133.5210113, 33.4794524 ], [ 133.5211085, 33.4795311 ], [ 133.5212458, 33.4796201 ], [ 133.522017, 33.4801616 ], [ 133.522112, 33.4802214 ] ] } },
{ "type": "Feature", "properties": { "u": 1557769859, "v": 1557769822, "key": 0, "osmid": "1219457537", "lanes": null, "ref": "14", "name": "春野赤岡線", "highway": "primary", "maxspeed": null, "oneway": false, "reversed": "True", "length": 244.131, "bridge": null, "tunnel": null, "service": null }, "geometry": { "type": "LineString", "coordinates": [ [ 133.5178166, 33.47785 ], [ 133.5173599, 33.4776588 ], [ 133.5167199, 33.4773522 ], [ 133.5166049, 33.4773086 ], [ 133.515937900000011, 33.4771449 ], [ 133.515715199999988, 33.47711 ], [ 133.5154268, 33.4770988 ], [ 133.515380599999986, 33.4770973 ] ] } },
{ "type": "Feature", "properties": { "u": 1557769862, "v": 1557769878, "key": 0, "osmid": "142325022", "lanes": null, "ref": "14", "name": "春野赤岡線", "highway": "primary", "maxspeed": null, "oneway": false, "reversed": "False", "length": 89.766, "bridge": null, "tunnel": null, "service": null }, "geometry": { "type": "LineString", "coordinates": [ [ 133.5148405, 33.4781451 ], [ 133.5147572, 33.4782188 ], [ 133.514609799999988, 33.4783194 ], [ 133.5145148, 33.4783481 ], [ 133.5144268, 33.4783339 ], [ 133.5141304, 33.478223 ], [ 133.514008100000012, 33.4781654 ] ] } },
{ "type": "Feature", "properties": { "u": 1557769862, "v": 1557769822, "key": 0, "osmid": [ 142325030, 142325027, 142325022 ], "lanes": null, "ref": "14", "name": "春野赤岡線", "highway": "primary", "maxspeed": null, "oneway": false, "reversed": [ false, true ], "length": 127.821, "bridge": "yes", "tunnel": null, "service": null }, "geometry": { "type": "LineString", "coordinates": [ [ 133.5148405, 33.4781451 ], [ 133.514859800000011, 33.4781173 ], [ 133.5152034, 33.477391 ], [ 133.5153416, 33.477114 ], [ 133.515380599999986, 33.4770973 ] ] } },
{ "type": "Feature", "properties": { "u": 1557769862, "v": 1557769908, "key": 0, "osmid": "142327625", "lanes": null, "ref": null, "name": null, "highway": "track", "maxspeed": null, "oneway": false, "reversed": "False", "length": 21.4, "bridge": null, "tunnel": null, "service": null }, "geometry": { "type": "LineString", "coordinates": [ [ 133.5148405, 33.4781451 ], [ 133.5149179, 33.4781878 ], [ 133.5150558, 33.4781852 ] ] } },
{ "type": "Feature", "properties": { "u": 1557769878, "v": 1557769833, "key": 0, "osmid": "142325022", "lanes": null, "ref": "14", "name": "春野赤岡線", "highway": "primary", "maxspeed": null, "oneway": false, "reversed": "False", "length": 229.507, "bridge": null, "tunnel": null, "service": null }, "geometry": { "type": "LineString", "coordinates": [ [ 133.514008100000012, 33.4781654 ], [ 133.5139308, 33.4781201 ], [ 133.5137312, 33.4779489 ], [ 133.5136525, 33.4779152 ], [ 133.512868, 33.477688 ], [ 133.5127233, 33.4776622 ], [ 133.5124154, 33.4776188 ], [ 133.5121885, 33.4775512 ], [ 133.5119446, 33.4774446 ], [ 133.5117696, 33.4773668 ] ] } },
{ "type": "Feature", "properties": { "u": 1557769878, "v": 1557769862, "key": 0, "osmid": "142325022", "lanes": null, "ref": "14", "name": "春野赤岡線", "highway": "primary", "maxspeed": null, "oneway": false, "reversed": "True", "length": 89.766, "bridge": null, "tunnel": null, "service": null }, "geometry": { "type": "LineString", "coordinates": [ [ 133.514008100000012, 33.4781654 ], [ 133.5141304, 33.478223 ], [ 133.5144268, 33.4783339 ], [ 133.5145148, 33.4783481 ], [ 133.514609799999988, 33.4783194 ], [ 133.5147572, 33.4782188 ], [ 133.5148405, 33.4781451 ] ] } },
{ "type": "Feature", "properties": { "u": 1557769878, "v": 769146694, "key": 0, "osmid": "142325051", "lanes": null, "ref": "279", "name": "甲殿弘岡上線", "highway": "secondary", "maxspeed": null, "oneway": false, "reversed": "True", "length": 394.139, "bridge": null, "tunnel": null, "service": null }, "geometry": { "type": "LineString", "coordinates": [ [ 133.514008100000012, 33.4781654 ], [ 133.514018, 33.478209 ], [ 133.5141357, 33.4783973 ], [ 133.5144353, 33.4786852 ], [ 133.514621299999988, 33.4789338 ], [ 133.5148194, 33.4792936 ], [ 133.5149567, 33.4795571 ], [ 133.5149932, 33.4796635 ], [ 133.5149865, 33.4798125 ], [ 133.514921, 33.4799512 ], [ 133.514715200000012, 33.4802258 ], [ 133.5146487, 33.4803495 ], [ 133.514638, 33.4807569 ], [ 133.5146217, 33.4809867 ], [ 133.5145761, 33.4814094 ] ] } },
{ "type": "Feature", "properties": { "u": 1557769894, "v": 1557769919, "key": 0, "osmid": "142326158", "lanes": null, "ref": null, "name": null, "highway": "track", "maxspeed": null, "oneway": false, "reversed": "False", "length": 181.963, "bridge": null, "tunnel": null, "service": null }, "geometry": { "type": "LineString", "coordinates": [ [ 133.5176261, 33.4790183 ], [ 133.517930799999988, 33.4792279 ], [ 133.5179923, 33.4792614 ], [ 133.518534100000011, 33.4795503 ], [ 133.51893530000001, 33.4797659 ], [ 133.5190317, 33.4798271 ], [ 133.51906120000001, 33.4799076 ], [ 133.5191759, 33.4799897 ] ] } },
{ "type": "Feature", "properties": { "u": 1557769894, "v": 1557769914, "key": 0, "osmid": "142326269", "lanes": null, "ref": null, "name": null, "highway": "track", "maxspeed": null, "oneway": false, "reversed": "False", "length": 58.175, "bridge": null, "tunnel": null, "service": null }, "geometry": { "type": "LineString", "coordinates": [ [ 133.5176261, 33.4790183 ], [ 133.517493800000011, 33.4793616 ], [ 133.5174269, 33.4795143 ] ] } },
{ "type": "Feature", "properties": { "u": 1557769894, "v": 1557769908, "key": 0, "osmid": "142327625", "lanes": null, "ref": null, "name": null, "highway": "track", "maxspeed": null, "oneway": false, "reversed": "True", "length": 268.312, "bridge": null, "tunnel": null, "service": null }, "geometry": { "type": "LineString", "coordinates": [ [ 133.5176261, 33.4790183 ], [ 133.517311, 33.4787098 ], [ 133.5170963, 33.4785445 ], [ 133.5168669, 33.478425 ], [ 133.51660720000001, 33.4783421 ], [ 133.516276800000014, 33.4782891 ], [ 133.515917699999989, 33.4782587 ], [ 133.5152957, 33.4781808 ], [ 133.5150558, 33.4781852 ] ] } },
{ "type": "Feature", "properties": { "u": 1557769908, "v": 1557769914, "key": 0, "osmid": "142326612", "lanes": null, "ref": null, "name": null, "highway": "track", "maxspeed": null, "oneway": false, "reversed": "False", "length": 288.223, "bridge": null, "tunnel": null, "service": null }, "geometry": { "type": "LineString", "coordinates": [ [ 133.5150558, 33.4781852 ], [ 133.5154033, 33.4787251 ], [ 133.5154662, 33.4788716 ], [ 133.515532400000012, 33.4789112 ], [ 133.515948, 33.4788484 ], [ 133.5160937, 33.478892 ], [ 133.5174269, 33.4795143 ] ] } },
{ "type": "Feature", "properties": { "u": 1557769908, "v": 1557769894, "key": 0, "osmid": "142327625", "lanes": null, "ref": null, "name": null, "highway": "track", "maxspeed": null, "oneway": false, "reversed": "False", "length": 268.312, "bridge": null, "tunnel": null, "service": null }, "geometry": { "type": "LineString", "coordinates": [ [ 133.5150558, 33.4781852 ], [ 133.5152957, 33.4781808 ], [ 133.515917699999989, 33.4782587 ], [ 133.516276800000014, 33.4782891 ], [ 133.51660720000001, 33.4783421 ], [ 133.5168669, 33.478425 ], [ 133.5170963, 33.4785445 ], [ 133.517311, 33.4787098 ], [ 133.5176261, 33.4790183 ] ] } },
{ "type": "Feature", "properties": { "u": 1557769908, "v": 1557769862, "key": 0, "osmid": "142327625", "lanes": null, "ref": null, "name": null, "highway": "track", "maxspeed": null, "oneway": false, "reversed": "True", "length": 21.4, "bridge": null, "tunnel": null, "service": null }, "geometry": { "type": "LineString", "coordinates": [ [ 133.5150558, 33.4781852 ], [ 133.5149179, 33.4781878 ], [ 133.5148405, 33.4781451 ] ] } },
{ "type": "Feature", "properties": { "u": 1557769914, "v": 769146927, "key": 0, "osmid": [ 142326208, 142326790 ], "lanes": null, "ref": null, "name": null, "highway": "track", "maxspeed": null, "oneway": false, "reversed": "False", "length": 295.776, "bridge": null, "tunnel": null, "service": null }, "geometry": { "type": "LineString", "coordinates": [ [ 133.5174269, 33.4795143 ], [ 133.5172224, 33.4801127 ], [ 133.517090599999989, 33.4803848 ], [ 133.516890600000011, 33.4807071 ], [ 133.516574100000014, 33.4811609 ], [ 133.516387, 33.4813237 ], [ 133.51604660000001, 33.4816735 ], [ 133.5159394, 33.4818301 ] ] } },
{ "type": "Feature", "properties": { "u": 1557769914, "v": 1557769894, "key": 0, "osmid": "142326269", "lanes": null, "ref": null, "name": null, "highway": "track", "maxspeed": null, "oneway": false, "reversed": "True", "length": 58.175, "bridge": null, "tunnel": null, "service": null }, "geometry": { "type": "LineString", "coordinates": [ [ 133.5174269, 33.4795143 ], [ 133.517493800000011, 33.4793616 ], [ 133.5176261, 33.4790183 ] ] } },
{ "type": "Feature", "properties": { "u": 1557769914, "v": 1557769908, "key": 0, "osmid": "142326612", "lanes": null, "ref": null, "name": null, "highway": "track", "maxspeed": null, "oneway": false, "reversed": "True", "length": 288.223, "bridge": null, "tunnel": null, "service": null }, "geometry": { "type": "LineString", "coordinates": [ [ 133.5174269, 33.4795143 ], [ 133.5160937, 33.478892 ], [ 133.515948, 33.4788484 ], [ 133.515532400000012, 33.4789112 ], [ 133.5154662, 33.4788716 ], [ 133.5154033, 33.4787251 ], [ 133.5150558, 33.4781852 ] ] } },
{ "type": "Feature", "properties": { "u": 1557769919, "v": 1557770078, "key": 0, "osmid": "142325081", "lanes": null, "ref": null, "name": null, "highway": "path", "maxspeed": null, "oneway": false, "reversed": "True", "length": 389.782, "bridge": null, "tunnel": null, "service": null }, "geometry": { "type": "LineString", "coordinates": [ [ 133.5191759, 33.4799897 ], [ 133.519163099999986, 33.480034 ], [ 133.5188544, 33.4807992 ], [ 133.5186857, 33.4810575 ], [ 133.5183611, 33.4813931 ], [ 133.5181532, 33.4816636 ], [ 133.5178994, 33.4818936 ], [ 133.5178156, 33.4819182 ], [ 133.5177694, 33.4819599 ], [ 133.517267299999986, 33.482642 ], [ 133.5171641, 33.4827157 ], [ 133.5169929, 33.4827756 ], [ 133.5168809, 33.4827669 ] ] } },
{ "type": "Feature", "properties": { "u": 1557769919, "v": 1557769894, "key": 0, "osmid": "142326158", "lanes": null, "ref": null, "name": null, "highway": "track", "maxspeed": null, "oneway": false, "reversed": "True", "length": 181.963, "bridge": null, "tunnel": null, "service": null }, "geometry": { "type": "LineString", "coordinates": [ [ 133.5191759, 33.4799897 ], [ 133.51906120000001, 33.4799076 ], [ 133.5190317, 33.4798271 ], [ 133.51893530000001, 33.4797659 ], [ 133.518534100000011, 33.4795503 ], [ 133.5179923, 33.4792614 ], [ 133.517930799999988, 33.4792279 ], [ 133.5176261, 33.4790183 ] ] } },
{ "type": "Feature", "properties": { "u": 1557769919, "v": 769146785, "key": 0, "osmid": "727117603", "lanes": null, "ref": null, "name": null, "highway": "track", "maxspeed": null, "oneway": false, "reversed": "False", "length": 505.411, "bridge": null, "tunnel": null, "service": null }, "geometry": { "type": "LineString", "coordinates": [ [ 133.5191759, 33.4799897 ], [ 133.519397700000013, 33.4801683 ], [ 133.5194694, 33.4803073 ], [ 133.5196831, 33.4806829 ], [ 133.519749499999989, 33.4809536 ], [ 133.5198197, 33.4812183 ], [ 133.5198699, 33.481241 ], [ 133.5198694, 33.4813244 ], [ 133.5198189, 33.4813808 ], [ 133.519789, 33.4815377 ], [ 133.5196827, 33.4818649 ], [ 133.519568099999987, 33.4820731 ], [ 133.519259, 33.4824554 ], [ 133.5188126, 33.4829478 ], [ 133.518500100000011, 33.483301 ], [ 133.5182838, 33.4834442 ], [ 133.5182136, 33.4834859 ], [ 133.5180728, 33.4834468 ], [ 133.517787199999987, 33.4833808 ], [ 133.5177262, 33.4834009 ] ] } },
{ "type": "Feature", "properties": { "u": 1557769925, "v": 7077380971, "key": 0, "osmid": "142325957", "lanes": null, "ref": null, "name": null, "highway": "residential", "maxspeed": null, "oneway": false, "reversed": "True", "length": 211.992, "bridge": null, "tunnel": null, "service": null }, "geometry": { "type": "LineString", "coordinates": [ [ 133.520397, 33.479807 ], [ 133.5208026, 33.4808308 ], [ 133.5217131, 33.4811155 ], [ 133.5217331, 33.4811197 ] ] } },
{ "type": "Feature", "properties": { "u": 1557769931, "v": 5487612039, "key": 0, "osmid": "142326535", "lanes": null, "ref": null, "name": null, "highway": "path", "maxspeed": null, "oneway": false, "reversed": "False", "length": 4.529, "bridge": null, "tunnel": null, "service": null }, "geometry": { "type": "LineString", "coordinates": [ [ 133.5242149, 33.4800732 ], [ 133.524200799999988, 33.4801122 ] ] } },
{ "type": "Feature", "properties": { "u": 1557769931, "v": 1557769962, "key": 0, "osmid": "35062133", "lanes": "2", "ref": "14", "name": "春野赤岡線", "highway": "primary", "maxspeed": "50", "oneway": false, "reversed": "False", "length": 280.414, "bridge": null, "tunnel": null, "service": null }, "geometry": { "type": "LineString", "coordinates": [ [ 133.5242149, 33.4800732 ], [ 133.5253648, 33.4805032 ], [ 133.526122, 33.4807922 ], [ 133.5269729, 33.4811065 ] ] } },
{ "type": "Feature", "properties": { "u": 1557769931, "v": 769147471, "key": 0, "osmid": "35062133", "lanes": "2", "ref": "14", "name": "春野赤岡線", "highway": "primary", "maxspeed": "50", "oneway": false, "reversed": "True", "length": 176.188, "bridge": null, "tunnel": null, "service": null }, "geometry": { "type": "LineString", "coordinates": [ [ 133.5242149, 33.4800732 ], [ 133.5233943, 33.4797488 ], [ 133.5227055, 33.4794012 ], [ 133.522540600000013, 33.4793285 ] ] } },
{ "type": "Feature", "properties": { "u": 1557769933, "v": 7077380953, "key": 0, "osmid": "61725458", "lanes": null, "ref": null, "name": null, "highway": "tertiary", "maxspeed": "50", "oneway": false, "reversed": "True", "length": 98.699, "bridge": null, "tunnel": null, "service": null }, "geometry": { "type": "LineString", "coordinates": [ [ 133.5221497, 33.4802452 ], [ 133.5225063, 33.4794089 ] ] } },
{ "type": "Feature", "properties": { "u": 1557769933, "v": 7077380967, "key": 0, "osmid": "1219457537", "lanes": null, "ref": "14", "name": "春野赤岡線", "highway": "primary", "maxspeed": null, "oneway": false, "reversed": "True", "length": 4.385, "bridge": null, "tunnel": null, "service": null }, "geometry": { "type": "LineString", "coordinates": [ [ 133.5221497, 33.4802452 ], [ 133.522112, 33.4802214 ] ] } },
{ "type": "Feature", "properties": { "u": 1557769933, "v": 1557769964, "key": 0, "osmid": "61725458", "lanes": null, "ref": null, "name": null, "highway": "tertiary", "maxspeed": "50", "oneway": false, "reversed": "False", "length": 104.142, "bridge": null, "tunnel": null, "service": null }, "geometry": { "type": "LineString", "coordinates": [ [ 133.5221497, 33.4802452 ], [ 133.522126, 33.480305 ], [ 133.5217819, 33.4811301 ] ] } },
{ "type": "Feature", "properties": { "u": 1557769933, "v": 1557769982, "key": 0, "osmid": "1219457537", "lanes": null, "ref": "14", "name": "春野赤岡線", "highway": "primary", "maxspeed": null, "oneway": false, "reversed": "False", "length": 179.457, "bridge": null, "tunnel": null, "service": null }, "geometry": { "type": "LineString", "coordinates": [ [ 133.5221497, 33.4802452 ], [ 133.5222544, 33.4802969 ], [ 133.522595599999988, 33.4804048 ], [ 133.522917, 33.48057 ], [ 133.523095, 33.4806787 ], [ 133.5232306, 33.4808362 ], [ 133.5234403, 33.4811829 ], [ 133.523475499999989, 33.4813064 ] ] } },
{ "type": "Feature", "properties": { "u": 1557769962, "v": 5487612038, "key": 0, "osmid": "142325336", "lanes": null, "ref": null, "name": null, "highway": "path", "maxspeed": null, "oneway": false, "reversed": "False", "length": 4.324, "bridge": null, "tunnel": null, "service": null }, "geometry": { "type": "LineString", "coordinates": [ [ 133.5269729, 33.4811065 ], [ 133.5269597, 33.4811438 ] ] } },
{ "type": "Feature", "properties": { "u": 1557769962, "v": 1557769999, "key": 0, "osmid": "35062133", "lanes": "2", "ref": "14", "name": "春野赤岡線", "highway": "primary", "maxspeed": "50", "oneway": false, "reversed": "False", "length": 170.717, "bridge": null, "tunnel": null, "service": null }, "geometry": { "type": "LineString", "coordinates": [ [ 133.5269729, 33.4811065 ], [ 133.528603800000013, 33.481712 ], [ 133.5286542, 33.4817315 ] ] } },
{ "type": "Feature", "properties": { "u": 1557769962, "v": 1557769931, "key": 0, "osmid": "35062133", "lanes": "2", "ref": "14", "name": "春野赤岡線", "highway": "primary", "maxspeed": "50", "oneway": false, "reversed": "True", "length": 280.414, "bridge": null, "tunnel": null, "service": null }, "geometry": { "type": "LineString", "coordinates": [ [ 133.5269729, 33.4811065 ], [ 133.526122, 33.4807922 ], [ 133.5253648, 33.4805032 ], [ 133.5242149, 33.4800732 ] ] } },
{ "type": "Feature", "properties": { "u": 1557769964, "v": 1557769992, "key": 0, "osmid": "61725458", "lanes": null, "ref": null, "name": null, "highway": "tertiary", "maxspeed": "50", "oneway": false, "reversed": "False", "length": 53.749, "bridge": null, "tunnel": null, "service": null }, "geometry": { "type": "LineString", "coordinates": [ [ 133.5217819, 33.4811301 ], [ 133.521591699999988, 33.4815867 ] ] } },
{ "type": "Feature", "properties": { "u": 1557769964, "v": 7077380971, "key": 0, "osmid": "142325957", "lanes": null, "ref": null, "name": null, "highway": "residential", "maxspeed": null, "oneway": false, "reversed": "False", "length": 4.671, "bridge": null, "tunnel": null, "service": null }, "geometry": { "type": "LineString", "coordinates": [ [ 133.5217819, 33.4811301 ], [ 133.5217331, 33.4811197 ] ] } },
{ "type": "Feature", "properties": { "u": 1557769964, "v": 1557769933, "key": 0, "osmid": "61725458", "lanes": null, "ref": null, "name": null, "highway": "tertiary", "maxspeed": "50", "oneway": false, "reversed": "True", "length": 104.142, "bridge": null, "tunnel": null, "service": null }, "geometry": { "type": "LineString", "coordinates": [ [ 133.5217819, 33.4811301 ], [ 133.522126, 33.480305 ], [ 133.5221497, 33.4802452 ] ] } },
{ "type": "Feature", "properties": { "u": 1557769978, "v": 10948459374, "key": 0, "osmid": "142325035", "lanes": null, "ref": "14", "name": "春野赤岡線", "highway": "primary", "maxspeed": null, "oneway": false, "reversed": "False", "length": 47.985, "bridge": null, "tunnel": null, "service": null }, "geometry": { "type": "LineString", "coordinates": [ [ 133.5238889, 33.4813287 ], [ 133.5242417, 33.4814058 ], [ 133.5243798, 33.4814601 ] ] } },
{ "type": "Feature", "properties": { "u": 1557769978, "v": 1557769982, "key": 0, "osmid": "142325035", "lanes": null, "ref": "14", "name": "春野赤岡線", "highway": "primary", "maxspeed": null, "oneway": false, "reversed": "True", "length": 38.424, "bridge": null, "tunnel": null, "service": null }, "geometry": { "type": "LineString", "coordinates": [ [ 133.5238889, 33.4813287 ], [ 133.5236548, 33.4813185 ], [ 133.523475499999989, 33.4813064 ] ] } },
{ "type": "Feature", "properties": { "u": 1557769978, "v": 5487612039, "key": 0, "osmid": "142326535", "lanes": null, "ref": null, "name": null, "highway": "path", "maxspeed": null, "oneway": false, "reversed": "True", "length": 138.857, "bridge": null, "tunnel": null, "service": null }, "geometry": { "type": "LineString", "coordinates": [ [ 133.5238889, 33.4813287 ], [ 133.523911, 33.4811219 ], [ 133.5239755, 33.4807349 ], [ 133.524200799999988, 33.4801122 ] ] } },
{ "type": "Feature", "properties": { "u": 1557769982, "v": 1557769978, "key": 0, "osmid": "142325035", "lanes": null, "ref": "14", "name": "春野赤岡線", "highway": "primary", "maxspeed": null, "oneway": false, "reversed": "False", "length": 38.424, "bridge": null, "tunnel": null, "service": null }, "geometry": { "type": "LineString", "coordinates": [ [ 133.523475499999989, 33.4813064 ], [ 133.5236548, 33.4813185 ], [ 133.5238889, 33.4813287 ] ] } },
{ "type": "Feature", "properties": { "u": 1557769982, "v": 1557770008, "key": 0, "osmid": "142326515", "lanes": null, "ref": null, "name": null, "highway": "residential", "maxspeed": null, "oneway": false, "reversed": "False", "length": 88.001, "bridge": null, "tunnel": null, "service": null }, "geometry": { "type": "LineString", "coordinates": [ [ 133.523475499999989, 33.4813064 ], [ 133.5234274, 33.4816606 ], [ 133.5233326, 33.4820883 ] ] } },
{ "type": "Feature", "properties": { "u": 1557769982, "v": 1557769933, "key": 0, "osmid": "1219457537", "lanes": null, "ref": "14", "name": "春野赤岡線", "highway": "primary", "maxspeed": null, "oneway": false, "reversed": "True", "length": 179.457, "bridge": null, "tunnel": null, "service": null }, "geometry": { "type": "LineString", "coordinates": [ [ 133.523475499999989, 33.4813064 ], [ 133.5234403, 33.4811829 ], [ 133.5232306, 33.4808362 ], [ 133.523095, 33.4806787 ], [ 133.522917, 33.48057 ], [ 133.522595599999988, 33.4804048 ], [ 133.5222544, 33.4802969 ], [ 133.5221497, 33.4802452 ] ] } },
{ "type": "Feature", "properties": { "u": 1557769992, "v": 1557769964, "key": 0, "osmid": "61725458", "lanes": null, "ref": null, "name": null, "highway": "tertiary", "maxspeed": "50", "oneway": false, "reversed": "True", "length": 53.749, "bridge": null, "tunnel": null, "service": null }, "geometry": { "type": "LineString", "coordinates": [ [ 133.521591699999988, 33.4815867 ], [ 133.5217819, 33.4811301 ] ] } },
{ "type": "Feature", "properties": { "u": 1557769992, "v": 1557770047, "key": 0, "osmid": "61725458", "lanes": null, "ref": null, "name": null, "highway": "tertiary", "maxspeed": "50", "oneway": false, "reversed": "False", "length": 60.098, "bridge": null, "tunnel": null, "service": null }, "geometry": { "type": "LineString", "coordinates": [ [ 133.521591699999988, 33.4815867 ], [ 133.5215642, 33.4816528 ], [ 133.521381, 33.4820978 ] ] } },
{ "type": "Feature", "properties": { "u": 1557769992, "v": 1557770008, "key": 0, "osmid": "142326228", "lanes": null, "ref": null, "name": null, "highway": "residential", "maxspeed": null, "oneway": false, "reversed": "True", "length": 170.828, "bridge": null, "tunnel": null, "service": null }, "geometry": { "type": "LineString", "coordinates": [ [ 133.521591699999988, 33.4815867 ], [ 133.522763, 33.481932 ], [ 133.5233326, 33.4820883 ] ] } },
{ "type": "Feature", "properties": { "u": 1557769999, "v": 1557770033, "key": 0, "osmid": "35062133", "lanes": "2", "ref": "14", "name": "春野赤岡線", "highway": "primary", "maxspeed": "50", "oneway": false, "reversed": "False", "length": 151.231, "bridge": null, "tunnel": null, "service": null }, "geometry": { "type": "LineString", "coordinates": [ [ 133.5286542, 33.4817315 ], [ 133.530141500000013, 33.4822891 ] ] } },
{ "type": "Feature", "properties": { "u": 1557769999, "v": 5487612037, "key": 0, "osmid": "142325982", "lanes": null, "ref": null, "name": null, "highway": "path", "maxspeed": null, "oneway": false, "reversed": "True", "length": 4.124, "bridge": null, "tunnel": null, "service": null }, "geometry": { "type": "LineString", "coordinates": [ [ 133.5286542, 33.4817315 ], [ 133.528637, 33.4817657 ] ] } },
{ "type": "Feature", "properties": { "u": 1557769999, "v": 1557769962, "key": 0, "osmid": "35062133", "lanes": "2", "ref": "14", "name": "春野赤岡線", "highway": "primary", "maxspeed": "50", "oneway": false, "reversed": "True", "length": 170.717, "bridge": null, "tunnel": null, "service": null }, "geometry": { "type": "LineString", "coordinates": [ [ 133.5286542, 33.4817315 ], [ 133.528603800000013, 33.481712 ], [ 133.5269729, 33.4811065 ] ] } },
{ "type": "Feature", "properties": { "u": 1557770008, "v": 4653551748, "key": 0, "osmid": "142327623", "lanes": null, "ref": null, "name": null, "highway": "residential", "maxspeed": null, "oneway": false, "reversed": "True", "length": 8.762, "bridge": null, "tunnel": null, "service": null }, "geometry": { "type": "LineString", "coordinates": [ [ 133.5233326, 33.4820883 ], [ 133.5234222, 33.4821133 ] ] } },
{ "type": "Feature", "properties": { "u": 1557770008, "v": 1557769992, "key": 0, "osmid": "142326228", "lanes": null, "ref": null, "name": null, "highway": "residential", "maxspeed": null, "oneway": false, "reversed": "False", "length": 170.828, "bridge": null, "tunnel": null, "service": null }, "geometry": { "type": "LineString", "coordinates": [ [ 133.5233326, 33.4820883 ], [ 133.522763, 33.481932 ], [ 133.521591699999988, 33.4815867 ] ] } },
{ "type": "Feature", "properties": { "u": 1557770008, "v": 1557769982, "key": 0, "osmid": "142326515", "lanes": null, "ref": null, "name": null, "highway": "residential", "maxspeed": null, "oneway": false, "reversed": "True", "length": 88.001, "bridge": null, "tunnel": null, "service": null }, "geometry": { "type": "LineString", "coordinates": [ [ 133.5233326, 33.4820883 ], [ 133.5234274, 33.4816606 ], [ 133.523475499999989, 33.4813064 ] ] } },
{ "type": "Feature", "properties": { "u": 1557770017, "v": 10948459372, "key": 0, "osmid": "142325035", "lanes": null, "ref": "14", "name": "春野赤岡線", "highway": "primary", "maxspeed": null, "oneway": false, "reversed": "True", "length": 59.448, "bridge": null, "tunnel": null, "service": null }, "geometry": { "type": "LineString", "coordinates": [ [ 133.5265463, 33.4823163 ], [ 133.5259539, 33.4821121 ] ] } },
{ "type": "Feature", "properties": { "u": 1557770017, "v": 5487612038, "key": 0, "osmid": "142325336", "lanes": null, "ref": null, "name": null, "highway": "path", "maxspeed": null, "oneway": false, "reversed": "True", "length": 135.897, "bridge": null, "tunnel": null, "service": null }, "geometry": { "type": "LineString", "coordinates": [ [ 133.5265463, 33.4823163 ], [ 133.5269597, 33.4811438 ] ] } },
{ "type": "Feature", "properties": { "u": 1557770017, "v": 1557770075, "key": 0, "osmid": "142325035", "lanes": null, "ref": "14", "name": "春野赤岡線", "highway": "primary", "maxspeed": null, "oneway": false, "reversed": "False", "length": 159.79, "bridge": null, "tunnel": null, "service": null }, "geometry": { "type": "LineString", "coordinates": [ [ 133.5265463, 33.4823163 ], [ 133.5271672, 33.4825155 ], [ 133.52752910000001, 33.4826413 ], [ 133.5281454, 33.482851 ] ] } },
{ "type": "Feature", "properties": { "u": 1557770017, "v": 10948459391, "key": 0, "osmid": "142326635", "lanes": null, "ref": null, "name": null, "highway": "path", "maxspeed": null, "oneway": false, "reversed": "False", "length": 87.038, "bridge": null, "tunnel": null, "service": null }, "geometry": { "type": "LineString", "coordinates": [ [ 133.5265463, 33.4823163 ], [ 133.5264561, 33.4826034 ], [ 133.52629, 33.483003 ], [ 133.5262964, 33.4830658 ] ] } },
{ "type": "Feature", "properties": { "u": 1557770033, "v": 1557769999, "key": 0, "osmid": "35062133", "lanes": "2", "ref": "14", "name": "春野赤岡線", "highway": "primary", "maxspeed": "50", "oneway": false, "reversed": "True", "length": 151.231, "bridge": null, "tunnel": null, "service": null }, "geometry": { "type": "LineString", "coordinates": [ [ 133.530141500000013, 33.4822891 ], [ 133.5286542, 33.4817315 ] ] } },
{ "type": "Feature", "properties": { "u": 1557770033, "v": 5487612036, "key": 0, "osmid": "142326213", "lanes": null, "ref": null, "name": null, "highway": "path", "maxspeed": null, "oneway": false, "reversed": "False", "length": 4.184, "bridge": null, "tunnel": null, "service": null }, "geometry": { "type": "LineString", "coordinates": [ [ 133.530141500000013, 33.4822891 ], [ 133.5301212, 33.4823227 ] ] } },
{ "type": "Feature", "properties": { "u": 1557770033, "v": 1557770076, "key": 0, "osmid": "35062133", "lanes": "2", "ref": "14", "name": "春野赤岡線", "highway": "primary", "maxspeed": "50", "oneway": false, "reversed": "False", "length": 135.322, "bridge": null, "tunnel": null, "service": null }, "geometry": { "type": "LineString", "coordinates": [ [ 133.530141500000013, 33.4822891 ], [ 133.5309043, 33.4825729 ], [ 133.531472900000011, 33.482787 ] ] } },
{ "type": "Feature", "properties": { "u": 1557770047, "v": 7077380923, "key": 0, "osmid": [ 61821529, 61725458, 61821562 ], "lanes": null, "ref": null, "name": null, "highway": "tertiary", "maxspeed": "50", "oneway": false, "reversed": "False", "length": 45.829, "bridge": "yes", "tunnel": null, "service": null }, "geometry": { "type": "LineString", "coordinates": [ [ 133.521381, 33.4820978 ], [ 133.521356700000013, 33.4821451 ], [ 133.521224499999988, 33.4824554 ], [ 133.521212, 33.482485 ] ] } },
{ "type": "Feature", "properties": { "u": 1557770047, "v": 1557769992, "key": 0, "osmid": "61725458", "lanes": null, "ref": null, "name": null, "highway": "tertiary", "maxspeed": "50", "oneway": false, "reversed": "True", "length": 60.098, "bridge": null, "tunnel": null, "service": null }, "geometry": { "type": "LineString", "coordinates": [ [ 133.521381, 33.4820978 ], [ 133.5215642, 33.4816528 ], [ 133.521591699999988, 33.4815867 ] ] } },
{ "type": "Feature", "properties": { "u": 1557770047, "v": 1557770098, "key": 0, "osmid": "142325263", "lanes": null, "ref": null, "name": null, "highway": "residential", "maxspeed": null, "oneway": false, "reversed": "False", "length": 740.504, "bridge": null, "tunnel": null, "service": null }, "geometry": { "type": "LineString", "coordinates": [ [ 133.521381, 33.4820978 ], [ 133.522724899999986, 33.4838168 ], [ 133.522876700000012, 33.4839555 ], [ 133.5231307, 33.4840806 ], [ 133.5243074, 33.484418 ], [ 133.5251538, 33.4846656 ], [ 133.5253148, 33.4846996 ], [ 133.5254888, 33.4846996 ], [ 133.5255568, 33.4846776 ], [ 133.5257147, 33.4845683 ], [ 133.52614890000001, 33.4842225 ], [ 133.5272567, 33.4833237 ], [ 133.5273272, 33.4832661 ] ] } },
{ "type": "Feature", "properties": { "u": 1557770048, "v": 1557770055, "key": 0, "osmid": "502980819", "lanes": null, "ref": null, "name": null, "highway": "path", "maxspeed": null, "oneway": false, "reversed": "True", "length": 20.831, "bridge": null, "tunnel": null, "service": null }, "geometry": { "type": "LineString", "coordinates": [ [ 133.5248437, 33.4826064 ], [ 133.5250566, 33.4826661 ] ] } },
{ "type": "Feature", "properties": { "u": 1557770048, "v": 1557770084, "key": 0, "osmid": "142325874", "lanes": null, "ref": null, "name": null, "highway": "path", "maxspeed": null, "oneway": false, "reversed": "False", "length": 43.57, "bridge": null, "tunnel": null, "service": null }, "geometry": { "type": "LineString", "coordinates": [ [ 133.5248437, 33.4826064 ], [ 133.524787, 33.4828615 ], [ 133.524746, 33.4829894 ] ] } },
{ "type": "Feature", "properties": { "u": 1557770048, "v": 10948459383, "key": 0, "osmid": "142327284", "lanes": null, "ref": null, "name": null, "highway": "path", "maxspeed": null, "oneway": false, "reversed": "False", "length": 96.5, "bridge": null, "tunnel": null, "service": null }, "geometry": { "type": "LineString", "coordinates": [ [ 133.5248437, 33.4826064 ], [ 133.5246993, 33.4824833 ], [ 133.524575700000014, 33.4823845 ], [ 133.5243925, 33.4823167 ], [ 133.524157699999989, 33.482247 ], [ 133.5239637, 33.4821733 ] ] } },
{ "type": "Feature", "properties": { "u": 1557770055, "v": 1557770048, "key": 0, "osmid": "502980819", "lanes": null, "ref": null, "name": null, "highway": "path", "maxspeed": null, "oneway": false, "reversed": "False", "length": 20.831, "bridge": null, "tunnel": null, "service": null }, "geometry": { "type": "LineString", "coordinates": [ [ 133.5250566, 33.4826661 ], [ 133.5248437, 33.4826064 ] ] } },
{ "type": "Feature", "properties": { "u": 1557770055, "v": 1557770062, "key": 0, "osmid": "502980819", "lanes": null, "ref": null, "name": null, "highway": "path", "maxspeed": null, "oneway": false, "reversed": "True", "length": 87.897, "bridge": null, "tunnel": null, "service": null }, "geometry": { "type": "LineString", "coordinates": [ [ 133.5250566, 33.4826661 ], [ 133.525406, 33.4819313 ] ] } },
{ "type": "Feature", "properties": { "u": 1557770055, "v": 10948459391, "key": 0, "osmid": "1178513264", "lanes": null, "ref": null, "name": null, "highway": "path", "maxspeed": null, "oneway": false, "reversed": "False", "length": 124.958, "bridge": null, "tunnel": null, "service": null }, "geometry": { "type": "LineString", "coordinates": [ [ 133.5250566, 33.4826661 ], [ 133.5253475, 33.4827818 ], [ 133.5256398, 33.4828131 ], [ 133.525854399999986, 33.4828534 ], [ 133.52613070000001, 33.4829943 ], [ 133.5262964, 33.4830658 ] ] } },
{ "type": "Feature", "properties": { "u": 1557770062, "v": 10550597230, "key": 0, "osmid": "142325035", "lanes": null, "ref": "14", "name": "春野赤岡線", "highway": "primary", "maxspeed": null, "oneway": false, "reversed": "False", "length": 13.188, "bridge": null, "tunnel": null, "service": null }, "geometry": { "type": "LineString", "coordinates": [ [ 133.525406, 33.4819313 ], [ 133.52554, 33.481971 ] ] } },
{ "type": "Feature", "properties": { "u": 1557770062, "v": 1557770055, "key": 0, "osmid": "502980819", "lanes": null, "ref": null, "name": null, "highway": "path", "maxspeed": null, "oneway": false, "reversed": "False", "length": 87.897, "bridge": null, "tunnel": null, "service": null }, "geometry": { "type": "LineString", "coordinates": [ [ 133.525406, 33.4819313 ], [ 133.5250566, 33.4826661 ] ] } },
{ "type": "Feature", "properties": { "u": 1557770062, "v": 10948459378, "key": 0, "osmid": "142325035", "lanes": null, "ref": "14", "name": "春野赤岡線", "highway": "primary", "maxspeed": null, "oneway": false, "reversed": "True", "length": 56.392, "bridge": null, "tunnel": null, "service": null }, "geometry": { "type": "LineString", "coordinates": [ [ 133.525406, 33.4819313 ], [ 133.5252324, 33.481868 ], [ 133.5248707, 33.4816923 ] ] } },
{ "type": "Feature", "properties": { "u": 1557770075, "v": 1557770099, "key": 0, "osmid": "142325497", "lanes": null, "ref": null, "name": null, "highway": "tertiary", "maxspeed": null, "oneway": false, "reversed": "False", "length": 65.382, "bridge": null, "tunnel": null, "service": null }, "geometry": { "type": "LineString", "coordinates": [ [ 133.5281454, 33.482851 ], [ 133.5277577, 33.4833421 ] ] } },
{ "type": "Feature", "properties": { "u": 1557770075, "v": 10948459369, "key": 0, "osmid": "142325035", "lanes": null, "ref": "14", "name": "春野赤岡線", "highway": "primary", "maxspeed": null, "oneway": false, "reversed": "False", "length": 95.97, "bridge": null, "tunnel": null, "service": null }, "geometry": { "type": "LineString", "coordinates": [ [ 133.5281454, 33.482851 ], [ 133.5284302, 33.4829455 ], [ 133.5291083, 33.4831671 ] ] } },
{ "type": "Feature", "properties": { "u": 1557770075, "v": 1557770017, "key": 0, "osmid": "142325035", "lanes": null, "ref": "14", "name": "春野赤岡線", "highway": "primary", "maxspeed": null, "oneway": false, "reversed": "True", "length": 159.79, "bridge": null, "tunnel": null, "service": null }, "geometry": { "type": "LineString", "coordinates": [ [ 133.5281454, 33.482851 ], [ 133.52752910000001, 33.4826413 ], [ 133.5271672, 33.4825155 ], [ 133.5265463, 33.4823163 ] ] } },
{ "type": "Feature", "properties": { "u": 1557770075, "v": 5487612037, "key": 0, "osmid": "142325982", "lanes": null, "ref": null, "name": null, "highway": "path", "maxspeed": null, "oneway": false, "reversed": "False", "length": 129.057, "bridge": null, "tunnel": null, "service": null }, "geometry": { "type": "LineString", "coordinates": [ [ 133.5281454, 33.482851 ], [ 133.528434, 33.482169 ], [ 133.528637, 33.4817657 ] ] } },
{ "type": "Feature", "properties": { "u": 1557770076, "v": 5487612035, "key": 0, "osmid": "142325617", "lanes": null, "ref": null, "name": null, "highway": "path", "maxspeed": null, "oneway": false, "reversed": "True", "length": 4.304, "bridge": null, "tunnel": null, "service": null }, "geometry": { "type": "LineString", "coordinates": [ [ 133.531472900000011, 33.482787 ], [ 133.531458500000014, 33.4828238 ] ] } },
{ "type": "Feature", "properties": { "u": 1557770076, "v": 11682084479, "key": 0, "osmid": "35062133", "lanes": "2", "ref": "14", "name": "春野赤岡線", "highway": "primary", "maxspeed": "50", "oneway": false, "reversed": "False", "length": 90.62, "bridge": null, "tunnel": null, "service": null }, "geometry": { "type": "LineString", "coordinates": [ [ 133.531472900000011, 33.482787 ], [ 133.5317037, 33.4828688 ], [ 133.5322506, 33.4830515 ], [ 133.53238060000001, 33.4830881 ] ] } },
{ "type": "Feature", "properties": { "u": 1557770076, "v": 1557770033, "key": 0, "osmid": "35062133", "lanes": "2", "ref": "14", "name": "春野赤岡線", "highway": "primary", "maxspeed": "50", "oneway": false, "reversed": "True", "length": 135.322, "bridge": null, "tunnel": null, "service": null }, "geometry": { "type": "LineString", "coordinates": [ [ 133.531472900000011, 33.482787 ], [ 133.5309043, 33.4825729 ], [ 133.530141500000013, 33.4822891 ] ] } },
{ "type": "Feature", "properties": { "u": 1557770078, "v": 769146927, "key": 0, "osmid": "61821551", "lanes": null, "ref": null, "name": null, "highway": "tertiary", "maxspeed": null, "oneway": false, "reversed": "False", "length": 135.924, "bridge": null, "tunnel": null, "service": null }, "geometry": { "type": "LineString", "coordinates": [ [ 133.5168809, 33.4827669 ], [ 133.5159394, 33.4818301 ] ] } },
{ "type": "Feature", "properties": { "u": 1557770078, "v": 769146785, "key": 0, "osmid": "61821551", "lanes": null, "ref": null, "name": null, "highway": "tertiary", "maxspeed": null, "oneway": false, "reversed": "True", "length": 106.878, "bridge": null, "tunnel": null, "service": null }, "geometry": { "type": "LineString", "coordinates": [ [ 133.5168809, 33.4827669 ], [ 133.5171607, 33.4830402 ], [ 133.5173342, 33.4832056 ], [ 133.517475100000013, 33.4832929 ], [ 133.5177262, 33.4834009 ] ] } },
{ "type": "Feature", "properties": { "u": 1557770078, "v": 1557769919, "key": 0, "osmid": "142325081", "lanes": null, "ref": null, "name": null, "highway": "path", "maxspeed": null, "oneway": false, "reversed": "False", "length": 389.782, "bridge": null, "tunnel": null, "service": null }, "geometry": { "type": "LineString", "coordinates": [ [ 133.5168809, 33.4827669 ], [ 133.5169929, 33.4827756 ], [ 133.5171641, 33.4827157 ], [ 133.517267299999986, 33.482642 ], [ 133.5177694, 33.4819599 ], [ 133.5178156, 33.4819182 ], [ 133.5178994, 33.4818936 ], [ 133.5181532, 33.4816636 ], [ 133.5183611, 33.4813931 ], [ 133.5186857, 33.4810575 ], [ 133.5188544, 33.4807992 ], [ 133.519163099999986, 33.480034 ], [ 133.5191759, 33.4799897 ] ] } },
{ "type": "Feature", "properties": { "u": 1557770078, "v": 1557770166, "key": 0, "osmid": "727117604", "lanes": null, "ref": null, "name": null, "highway": "path", "maxspeed": null, "oneway": false, "reversed": "True", "length": 190.452, "bridge": null, "tunnel": null, "service": null }, "geometry": { "type": "LineString", "coordinates": [ [ 133.5168809, 33.4827669 ], [ 133.516792400000014, 33.4829136 ], [ 133.516681299999988, 33.4830271 ], [ 133.5164792, 33.4831627 ], [ 133.5159801, 33.4834207 ], [ 133.515758799999986, 33.4835705 ], [ 133.5153899, 33.4838476 ], [ 133.515352900000011, 33.4838792 ] ] } },
{ "type": "Feature", "properties": { "u": 1557770084, "v": 1557770112, "key": 0, "osmid": "142325104", "lanes": null, "ref": null, "name": null, "highway": "residential", "maxspeed": null, "oneway": false, "reversed": "True", "length": 165.335, "bridge": null, "tunnel": null, "service": null }, "geometry": { "type": "LineString", "coordinates": [ [ 133.524746, 33.4829894 ], [ 133.525314, 33.4831213 ], [ 133.525667199999987, 33.4832349 ], [ 133.52591240000001, 33.4832888 ], [ 133.5263328, 33.4833419 ], [ 133.526400200000012, 33.4833278 ], [ 133.5264319, 33.4832792 ] ] } },
{ "type": "Feature", "properties": { "u": 1557770084, "v": 1557770048, "key": 0, "osmid": "142325874", "lanes": null, "ref": null, "name": null, "highway": "path", "maxspeed": null, "oneway": false, "reversed": "True", "length": 43.57, "bridge": null, "tunnel": null, "service": null }, "geometry": { "type": "LineString", "coordinates": [ [ 133.524746, 33.4829894 ], [ 133.524787, 33.4828615 ], [ 133.5248437, 33.4826064 ] ] } },
{ "type": "Feature", "properties": { "u": 1557770084, "v": 4653551748, "key": 0, "osmid": "142327623", "lanes": null, "ref": null, "name": null, "highway": "residential", "maxspeed": null, "oneway": false, "reversed": "False", "length": 162.226, "bridge": null, "tunnel": null, "service": null }, "geometry": { "type": "LineString", "coordinates": [ [ 133.524746, 33.4829894 ], [ 133.5246372, 33.4829609 ], [ 133.524147, 33.482698 ], [ 133.523824, 33.482541 ], [ 133.5235382, 33.4823496 ], [ 133.523460199999988, 33.4822563 ], [ 133.5234222, 33.4821133 ] ] } },
{ "type": "Feature", "properties": { "u": 1557770094, "v": 4931831910, "key": 0, "osmid": "61821529", "lanes": null, "ref": null, "name": null, "highway": "tertiary", "maxspeed": "50", "oneway": false, "reversed": "False", "length": 140.288, "bridge": null, "tunnel": null, "service": null }, "geometry": { "type": "LineString", "coordinates": [ [ 133.5209374, 33.4831349 ], [ 133.5204598, 33.484332 ] ] } },
{ "type": "Feature", "properties": { "u": 1557770094, "v": 5471852312, "key": 0, "osmid": "61821529", "lanes": null, "ref": null, "name": null, "highway": "tertiary", "maxspeed": "50", "oneway": false, "reversed": "True", "length": 8.405, "bridge": null, "tunnel": null, "service": null }, "geometry": { "type": "LineString", "coordinates": [ [ 133.5209374, 33.4831349 ], [ 133.520967500000012, 33.4830636 ] ] } },
{ "type": "Feature", "properties": { "u": 1557770094, "v": 1557770126, "key": 0, "osmid": "142325465", "lanes": null, "ref": null, "name": null, "highway": "residential", "maxspeed": null, "oneway": false, "reversed": "True", "length": 101.536, "bridge": null, "tunnel": null, "service": null }, "geometry": { "type": "LineString", "coordinates": [ [ 133.5209374, 33.4831349 ], [ 133.5219672, 33.4834449 ] ] } },
{ "type": "Feature", "properties": { "u": 1557770097, "v": 1557770098, "key": 0, "osmid": "502980818", "lanes": null, "ref": null, "name": null, "highway": "residential", "maxspeed": null, "oneway": false, "reversed": "True", "length": 18.187, "bridge": null, "tunnel": null, "service": null }, "geometry": { "type": "LineString", "coordinates": [ [ 133.5271722, 33.4831659 ], [ 133.5273272, 33.4832661 ] ] } },
{ "type": "Feature", "properties": { "u": 1557770097, "v": 1557770112, "key": 0, "osmid": "142325104", "lanes": null, "ref": null, "name": null, "highway": "residential", "maxspeed": null, "oneway": false, "reversed": "False", "length": 70.291, "bridge": null, "tunnel": null, "service": null }, "geometry": { "type": "LineString", "coordinates": [ [ 133.5271722, 33.4831659 ], [ 133.5270258, 33.4831648 ], [ 133.526734, 33.4832 ], [ 133.5264319, 33.4832792 ] ] } },
{ "type": "Feature", "properties": { "u": 1557770097, "v": 1557770102, "key": 0, "osmid": "502980818", "lanes": null, "ref": null, "name": null, "highway": "residential", "maxspeed": null, "oneway": false, "reversed": "False", "length": 36.799, "bridge": null, "tunnel": null, "service": null }, "geometry": { "type": "LineString", "coordinates": [ [ 133.5271722, 33.4831659 ], [ 133.5274188, 33.4832137 ], [ 133.5275537, 33.4832548 ] ] } },
{ "type": "Feature", "properties": { "u": 1557770098, "v": 1557770102, "key": 0, "osmid": "142326429", "lanes": null, "ref": null, "name": null, "highway": "residential", "maxspeed": null, "oneway": false, "reversed": "True", "length": 21.044, "bridge": null, "tunnel": null, "service": null }, "geometry": { "type": "LineString", "coordinates": [ [ 133.5273272, 33.4832661 ], [ 133.5275537, 33.4832548 ] ] } },
{ "type": "Feature", "properties": { "u": 1557770098, "v": 1557770097, "key": 0, "osmid": "502980818", "lanes": null, "ref": null, "name": null, "highway": "residential", "maxspeed": null, "oneway": false, "reversed": "False", "length": 18.187, "bridge": null, "tunnel": null, "service": null }, "geometry": { "type": "LineString", "coordinates": [ [ 133.5273272, 33.4832661 ], [ 133.5271722, 33.4831659 ] ] } },
{ "type": "Feature", "properties": { "u": 1557770098, "v": 1557770047, "key": 0, "osmid": "142325263", "lanes": null, "ref": null, "name": null, "highway": "residential", "maxspeed": null, "oneway": false, "reversed": "True", "length": 740.504, "bridge": null, "tunnel": null, "service": null }, "geometry": { "type": "LineString", "coordinates": [ [ 133.5273272, 33.4832661 ], [ 133.5272567, 33.4833237 ], [ 133.52614890000001, 33.4842225 ], [ 133.5257147, 33.4845683 ], [ 133.5255568, 33.4846776 ], [ 133.5254888, 33.4846996 ], [ 133.5253148, 33.4846996 ], [ 133.5251538, 33.4846656 ], [ 133.5243074, 33.484418 ], [ 133.5231307, 33.4840806 ], [ 133.522876700000012, 33.4839555 ], [ 133.522724899999986, 33.4838168 ], [ 133.521381, 33.4820978 ] ] } },
{ "type": "Feature", "properties": { "u": 1557770099, "v": 1557770075, "key": 0, "osmid": "142325497", "lanes": null, "ref": null, "name": null, "highway": "tertiary", "maxspeed": null, "oneway": false, "reversed": "True", "length": 65.382, "bridge": null, "tunnel": null, "service": null }, "geometry": { "type": "LineString", "coordinates": [ [ 133.5277577, 33.4833421 ], [ 133.5281454, 33.482851 ] ] } },
{ "type": "Feature", "properties": { "u": 1557770099, "v": 1557770102, "key": 0, "osmid": "142326429", "lanes": null, "ref": null, "name": null, "highway": "residential", "maxspeed": null, "oneway": false, "reversed": "False", "length": 21.264, "bridge": null, "tunnel": null, "service": null }, "geometry": { "type": "LineString", "coordinates": [ [ 133.5277577, 33.4833421 ], [ 133.5275537, 33.4832548 ] ] } },
{ "type": "Feature", "properties": { "u": 1557770099, "v": 1557770136, "key": 0, "osmid": [ 142325497, 142325638 ], "lanes": null, "ref": null, "name": null, "highway": "tertiary", "maxspeed": null, "oneway": false, "reversed": "False", "length": 34.972, "bridge": "yes", "tunnel": null, "service": null }, "geometry": { "type": "LineString", "coordinates": [ [ 133.5277577, 33.4833421 ], [ 133.527728200000013, 33.4833737 ], [ 133.52754680000001, 33.4836027 ] ] } },
{ "type": "Feature", "properties": { "u": 1557770099, "v": 10948459362, "key": 0, "osmid": "142326429", "lanes": null, "ref": null, "name": null, "highway": "residential", "maxspeed": null, "oneway": false, "reversed": "True", "length": 218.848, "bridge": null, "tunnel": null, "service": null }, "geometry": { "type": "LineString", "coordinates": [ [ 133.5277577, 33.4833421 ], [ 133.5279664, 33.4834331 ], [ 133.52806480000001, 33.4834335 ], [ 133.528181600000011, 33.4834922 ], [ 133.5285916, 33.4836875 ], [ 133.5295025, 33.484023 ], [ 133.5298928, 33.4841559 ] ] } },
{ "type": "Feature", "properties": { "u": 1557770102, "v": 1557770098, "key": 0, "osmid": "142326429", "lanes": null, "ref": null, "name": null, "highway": "residential", "maxspeed": null, "oneway": false, "reversed": "False", "length": 21.044, "bridge": null, "tunnel": null, "service": null }, "geometry": { "type": "LineString", "coordinates": [ [ 133.5275537, 33.4832548 ], [ 133.5273272, 33.4832661 ] ] } },
{ "type": "Feature", "properties": { "u": 1557770102, "v": 1557770099, "key": 0, "osmid": "142326429", "lanes": null, "ref": null, "name": null, "highway": "residential", "maxspeed": null, "oneway": false, "reversed": "True", "length": 21.264, "bridge": null, "tunnel": null, "service": null }, "geometry": { "type": "LineString", "coordinates": [ [ 133.5275537, 33.4832548 ], [ 133.5277577, 33.4833421 ] ] } },
{ "type": "Feature", "properties": { "u": 1557770102, "v": 1557770097, "key": 0, "osmid": "502980818", "lanes": null, "ref": null, "name": null, "highway": "residential", "maxspeed": null, "oneway": false, "reversed": "True", "length": 36.799, "bridge": null, "tunnel": null, "service": null }, "geometry": { "type": "LineString", "coordinates": [ [ 133.5275537, 33.4832548 ], [ 133.5274188, 33.4832137 ], [ 133.5271722, 33.4831659 ] ] } },
{ "type": "Feature", "properties": { "u": 1557770110, "v": 10948459363, "key": 0, "osmid": "142325035", "lanes": null, "ref": "14", "name": "春野赤岡線", "highway": "primary", "maxspeed": null, "oneway": false, "reversed": "False", "length": 31.136, "bridge": null, "tunnel": null, "service": null }, "geometry": { "type": "LineString", "coordinates": [ [ 133.5297114, 33.4833642 ], [ 133.530022, 33.4834705 ] ] } },
{ "type": "Feature", "properties": { "u": 1557770110, "v": 10948459369, "key": 0, "osmid": "142325035", "lanes": null, "ref": "14", "name": "春野赤岡線", "highway": "primary", "maxspeed": null, "oneway": false, "reversed": "True", "length": 60.073, "bridge": null, "tunnel": null, "service": null }, "geometry": { "type": "LineString", "coordinates": [ [ 133.5297114, 33.4833642 ], [ 133.5291083, 33.4831671 ] ] } },
{ "type": "Feature", "properties": { "u": 1557770110, "v": 10948459365, "key": 0, "osmid": "142326213", "lanes": null, "ref": null, "name": null, "highway": "path", "maxspeed": null, "oneway": false, "reversed": "True", "length": 104.524, "bridge": null, "tunnel": null, "service": null }, "geometry": { "type": "LineString", "coordinates": [ [ 133.5297114, 33.4833642 ], [ 133.529914, 33.482693 ], [ 133.5300397, 33.4824684 ] ] } },
{ "type": "Feature", "properties": { "u": 1557770112, "v": 1557770084, "key": 0, "osmid": "142325104", "lanes": null, "ref": null, "name": null, "highway": "residential", "maxspeed": null, "oneway": false, "reversed": "False", "length": 165.335, "bridge": null, "tunnel": null, "service": null }, "geometry": { "type": "LineString", "coordinates": [ [ 133.5264319, 33.4832792 ], [ 133.526400200000012, 33.4833278 ], [ 133.5263328, 33.4833419 ], [ 133.52591240000001, 33.4832888 ], [ 133.525667199999987, 33.4832349 ], [ 133.525314, 33.4831213 ], [ 133.524746, 33.4829894 ] ] } },
{ "type": "Feature", "properties": { "u": 1557770112, "v": 1557770097, "key": 0, "osmid": "142325104", "lanes": null, "ref": null, "name": null, "highway": "residential", "maxspeed": null, "oneway": false, "reversed": "True", "length": 70.291, "bridge": null, "tunnel": null, "service": null }, "geometry": { "type": "LineString", "coordinates": [ [ 133.5264319, 33.4832792 ], [ 133.526734, 33.4832 ], [ 133.5270258, 33.4831648 ], [ 133.5271722, 33.4831659 ] ] } },
{ "type": "Feature", "properties": { "u": 1557770112, "v": 10948459391, "key": 0, "osmid": "142326635", "lanes": null, "ref": null, "name": null, "highway": "path", "maxspeed": null, "oneway": false, "reversed": "True", "length": 27.666, "bridge": null, "tunnel": null, "service": null }, "geometry": { "type": "LineString", "coordinates": [ [ 133.5264319, 33.4832792 ], [ 133.526346100000012, 33.4831951 ], [ 133.526302500000014, 33.4831249 ], [ 133.5262964, 33.4830658 ] ] } },
{ "type": "Feature", "properties": { "u": 1557770123, "v": 10948459366, "key": 0, "osmid": "142325035", "lanes": null, "ref": "14", "name": "春野赤岡線", "highway": "primary", "maxspeed": null, "oneway": false, "reversed": "False", "length": 31.187, "bridge": null, "tunnel": null, "service": null }, "geometry": { "type": "LineString", "coordinates": [ [ 133.530170199999986, 33.4835212 ], [ 133.53048720000001, 33.4836148 ] ] } },
{ "type": "Feature", "properties": { "u": 1557770123, "v": 10948459363, "key": 0, "osmid": "142325035", "lanes": null, "ref": "14", "name": "春野赤岡線", "highway": "primary", "maxspeed": null, "oneway": false, "reversed": "True", "length": 14.856, "bridge": null, "tunnel": null, "service": null }, "geometry": { "type": "LineString", "coordinates": [ [ 133.530170199999986, 33.4835212 ], [ 133.530022, 33.4834705 ] ] } },
{ "type": "Feature", "properties": { "u": 1557770123, "v": 10948459362, "key": 0, "osmid": "1178513256", "lanes": null, "ref": null, "name": null, "highway": "path", "maxspeed": null, "oneway": false, "reversed": "True", "length": 75.118, "bridge": null, "tunnel": null, "service": null }, "geometry": { "type": "LineString", "coordinates": [ [ 133.530170199999986, 33.4835212 ], [ 133.5298928, 33.4841559 ] ] } },
{ "type": "Feature", "properties": { "u": 1557770126, "v": 1557770094, "key": 0, "osmid": "142325465", "lanes": null, "ref": null, "name": null, "highway": "residential", "maxspeed": null, "oneway": false, "reversed": "False", "length": 101.536, "bridge": null, "tunnel": null, "service": null }, "geometry": { "type": "LineString", "coordinates": [ [ 133.5219672, 33.4834449 ], [ 133.5209374, 33.4831349 ] ] } },
{ "type": "Feature", "properties": { "u": 1557770129, "v": 1557770142, "key": 0, "osmid": "142325035", "lanes": null, "ref": "14", "name": "春野赤岡線", "highway": "primary", "maxspeed": null, "oneway": false, "reversed": "False", "length": 55.572, "bridge": null, "tunnel": null, "service": null }, "geometry": { "type": "LineString", "coordinates": [ [ 133.530517300000014, 33.4836237 ], [ 133.5311035, 33.4837273 ] ] } },
{ "type": "Feature", "properties": { "u": 1557770129, "v": 10948459366, "key": 0, "osmid": "142325035", "lanes": null, "ref": "14", "name": "春野赤岡線", "highway": "primary", "maxspeed": null, "oneway": false, "reversed": "True", "length": 2.962, "bridge": null, "tunnel": null, "service": null }, "geometry": { "type": "LineString", "coordinates": [ [ 133.530517300000014, 33.4836237 ], [ 133.53048720000001, 33.4836148 ] ] } },
{ "type": "Feature", "properties": { "u": 1557770129, "v": 10948459361, "key": 0, "osmid": "1178513255", "lanes": null, "ref": null, "name": null, "highway": "path", "maxspeed": null, "oneway": false, "reversed": "False", "length": 76.914, "bridge": null, "tunnel": null, "service": null }, "geometry": { "type": "LineString", "coordinates": [ [ 133.530517300000014, 33.4836237 ], [ 133.5302638, 33.4842823 ] ] } },
{ "type": "Feature", "properties": { "u": 1557770136, "v": 4933375196, "key": 0, "osmid": "142326086", "lanes": null, "ref": null, "name": null, "highway": "tertiary", "maxspeed": null, "oneway": false, "reversed": "False", "length": 84.595, "bridge": null, "tunnel": null, "service": null }, "geometry": { "type": "LineString", "coordinates": [ [ 133.52754680000001, 33.4836027 ], [ 133.5268284, 33.4840715 ] ] } },
{ "type": "Feature", "properties": { "u": 1557770136, "v": 1557770099, "key": 0, "osmid": [ 142325497, 142325638 ], "lanes": null, "ref": null, "name": null, "highway": "tertiary", "maxspeed": null, "oneway": false, "reversed": "True", "length": 34.972, "bridge": "yes", "tunnel": null, "service": null }, "geometry": { "type": "LineString", "coordinates": [ [ 133.52754680000001, 33.4836027 ], [ 133.527728200000013, 33.4833737 ], [ 133.5277577, 33.4833421 ] ] } },
{ "type": "Feature", "properties": { "u": 1557770136, "v": 4933375101, "key": 0, "osmid": "568801527", "lanes": null, "ref": null, "name": null, "highway": "path", "maxspeed": null, "oneway": false, "reversed": "True", "length": 307.095, "bridge": null, "tunnel": null, "service": null }, "geometry": { "type": "LineString", "coordinates": [ [ 133.52754680000001, 33.4836027 ], [ 133.5279538, 33.4837018 ], [ 133.530073499999986, 33.4846089 ], [ 133.5301337, 33.4847276 ], [ 133.530129, 33.4848351 ], [ 133.5301012, 33.4850183 ] ] } },
{ "type": "Feature", "properties": { "u": 1557770142, "v": 1557770129, "key": 0, "osmid": "142325035", "lanes": null, "ref": "14", "name": "春野赤岡線", "highway": "primary", "maxspeed": null, "oneway": false, "reversed": "True", "length": 55.572, "bridge": null, "tunnel": null, "service": null }, "geometry": { "type": "LineString", "coordinates": [ [ 133.5311035, 33.4837273 ], [ 133.530517300000014, 33.4836237 ] ] } },
{ "type": "Feature", "properties": { "u": 1557770142, "v": 5487612035, "key": 0, "osmid": "142325617", "lanes": null, "ref": null, "name": null, "highway": "path", "maxspeed": null, "oneway": false, "reversed": "False", "length": 105.722, "bridge": null, "tunnel": null, "service": null }, "geometry": { "type": "LineString", "coordinates": [ [ 133.5311035, 33.4837273 ], [ 133.531458500000014, 33.4828238 ] ] } },
{ "type": "Feature", "properties": { "u": 1557770142, "v": 10550597227, "key": 0, "osmid": "142325035", "lanes": null, "ref": "14", "name": "春野赤岡線", "highway": "primary", "maxspeed": null, "oneway": false, "reversed": "False", "length": 94.726, "bridge": null, "tunnel": null, "service": null }, "geometry": { "type": "LineString", "coordinates": [ [ 133.5311035, 33.4837273 ], [ 133.531508300000013, 33.4838096 ], [ 133.531905, 33.4838785 ], [ 133.53210390000001, 33.4838917 ] ] } },
{ "type": "Feature", "properties": { "u": 1557770142, "v": 1557770216, "key": 0, "osmid": "502980797", "lanes": null, "ref": null, "name": null, "highway": "path", "maxspeed": null, "oneway": false, "reversed": "True", "length": 83.735, "bridge": null, "tunnel": null, "service": null }, "geometry": { "type": "LineString", "coordinates": [ [ 133.5311035, 33.4837273 ], [ 133.530956, 33.484153 ], [ 133.530902, 33.48426 ], [ 133.5308315, 33.4844447 ] ] } },
{ "type": "Feature", "properties": { "u": 1557770149, "v": 5487612033, "key": 0, "osmid": "142326062", "lanes": null, "ref": null, "name": null, "highway": "residential", "maxspeed": null, "oneway": false, "reversed": "True", "length": 49.626, "bridge": null, "tunnel": null, "service": null }, "geometry": { "type": "LineString", "coordinates": [ [ 133.5329705, 33.4837677 ], [ 133.533089100000012, 33.4833325 ] ] } },
{ "type": "Feature", "properties": { "u": 1557770149, "v": 10261046440, "key": 0, "osmid": "142325035", "lanes": null, "ref": "14", "name": "春野赤岡線", "highway": "primary", "maxspeed": null, "oneway": false, "reversed": "False", "length": 188.272, "bridge": null, "tunnel": null, "service": null }, "geometry": { "type": "LineString", "coordinates": [ [ 133.5329705, 33.4837677 ], [ 133.53315090000001, 33.4837947 ], [ 133.5341086, 33.4839677 ], [ 133.534683199999989, 33.4840441 ], [ 133.5349109, 33.4840464 ], [ 133.534951299999989, 33.4840125 ] ] } },
{ "type": "Feature", "properties": { "u": 1557770149, "v": 1557770158, "key": 0, "osmid": "142325035", "lanes": null, "ref": "14", "name": "春野赤岡線", "highway": "primary", "maxspeed": null, "oneway": false, "reversed": "True", "length": 56.385, "bridge": null, "tunnel": null, "service": null }, "geometry": { "type": "LineString", "coordinates": [ [ 133.5329705, 33.4837677 ], [ 133.5327744, 33.4838028 ], [ 133.532379600000013, 33.4838867 ] ] } },
{ "type": "Feature", "properties": { "u": 1557770149, "v": 1557770233, "key": 0, "osmid": "142327752", "lanes": null, "ref": null, "name": null, "highway": "residential", "maxspeed": null, "oneway": false, "reversed": "False", "length": 97.213, "bridge": null, "tunnel": null, "service": null }, "geometry": { "type": "LineString", "coordinates": [ [ 133.5329705, 33.4837677 ], [ 133.532932499999987, 33.4840582 ], [ 133.53289620000001, 33.4841553 ], [ 133.532891400000011, 33.4846356 ] ] } },
{ "type": "Feature", "properties": { "u": 1557770158, "v": 1557770149, "key": 0, "osmid": "142325035", "lanes": null, "ref": "14", "name": "春野赤岡線", "highway": "primary", "maxspeed": null, "oneway": false, "reversed": "False", "length": 56.385, "bridge": null, "tunnel": null, "service": null }, "geometry": { "type": "LineString", "coordinates": [ [ 133.532379600000013, 33.4838867 ], [ 133.5327744, 33.4838028 ], [ 133.5329705, 33.4837677 ] ] } },
{ "type": "Feature", "properties": { "u": 1557770158, "v": 10550597227, "key": 0, "osmid": "142325035", "lanes": null, "ref": "14", "name": "春野赤岡線", "highway": "primary", "maxspeed": null, "oneway": false, "reversed": "True", "length": 25.653, "bridge": null, "tunnel": null, "service": null }, "geometry": { "type": "LineString", "coordinates": [ [ 133.532379600000013, 33.4838867 ], [ 133.532205800000014, 33.4838985 ], [ 133.53210390000001, 33.4838917 ] ] } },
{ "type": "Feature", "properties": { "u": 1557770158, "v": 4933375093, "key": 0, "osmid": "142327039", "lanes": null, "ref": null, "name": null, "highway": "path", "maxspeed": null, "oneway": false, "reversed": "True", "length": 89.691, "bridge": null, "tunnel": null, "service": null }, "geometry": { "type": "LineString", "coordinates": [ [ 133.532379600000013, 33.4838867 ], [ 133.532307, 33.484418 ], [ 133.532307, 33.484485 ], [ 133.532281899999987, 33.4846888 ] ] } },
{ "type": "Feature", "properties": { "u": 1557770166, "v": 1557770078, "key": 0, "osmid": "727117604", "lanes": null, "ref": null, "name": null, "highway": "path", "maxspeed": null, "oneway": false, "reversed": "False", "length": 190.452, "bridge": null, "tunnel": null, "service": null }, "geometry": { "type": "LineString", "coordinates": [ [ 133.515352900000011, 33.4838792 ], [ 133.5153899, 33.4838476 ], [ 133.515758799999986, 33.4835705 ], [ 133.5159801, 33.4834207 ], [ 133.5164792, 33.4831627 ], [ 133.516681299999988, 33.4830271 ], [ 133.516792400000014, 33.4829136 ], [ 133.5168809, 33.4827669 ] ] } },
{ "type": "Feature", "properties": { "u": 1557770186, "v": 769146839, "key": 0, "osmid": "142325056", "lanes": "1", "ref": "279", "name": "甲殿弘岡上線", "highway": "secondary", "maxspeed": null, "oneway": false, "reversed": "False", "length": 52.286, "bridge": null, "tunnel": null, "service": null }, "geometry": { "type": "LineString", "coordinates": [ [ 133.5137392, 33.4841745 ], [ 133.5139251, 33.4840337 ], [ 133.51402010000001, 33.4839228 ], [ 133.514083199999988, 33.48381 ] ] } },
{ "type": "Feature", "properties": { "u": 1557770186, "v": 1557770257, "key": 0, "osmid": "142326475", "lanes": null, "ref": null, "name": null, "highway": "residential", "maxspeed": null, "oneway": false, "reversed": "True", "length": 83.94, "bridge": null, "tunnel": null, "service": null }, "geometry": { "type": "LineString", "coordinates": [ [ 133.5137392, 33.4841745 ], [ 133.513817, 33.484242 ], [ 133.514038, 33.484456 ], [ 133.514298200000013, 33.4847665 ] ] } },
{ "type": "Feature", "properties": { "u": 1557770216, "v": 4933375197, "key": 0, "osmid": "142325102", "lanes": null, "ref": null, "name": null, "highway": "path", "maxspeed": null, "oneway": false, "reversed": "True", "length": 3.198, "bridge": null, "tunnel": null, "service": null }, "geometry": { "type": "LineString", "coordinates": [ [ 133.5308315, 33.4844447 ], [ 133.5308214, 33.4844722 ] ] } },
{ "type": "Feature", "properties": { "u": 1557770216, "v": 1557770142, "key": 0, "osmid": "502980797", "lanes": null, "ref": null, "name": null, "highway": "path", "maxspeed": null, "oneway": false, "reversed": "False", "length": 83.735, "bridge": null, "tunnel": null, "service": null }, "geometry": { "type": "LineString", "coordinates": [ [ 133.5308315, 33.4844447 ], [ 133.530902, 33.48426 ], [ 133.530956, 33.484153 ], [ 133.5311035, 33.4837273 ] ] } },
{ "type": "Feature", "properties": { "u": 1557770216, "v": 4933375093, "key": 0, "osmid": "502980797", "lanes": null, "ref": null, "name": null, "highway": "path", "maxspeed": null, "oneway": false, "reversed": "True", "length": 141.28, "bridge": null, "tunnel": null, "service": null }, "geometry": { "type": "LineString", "coordinates": [ [ 133.5308315, 33.4844447 ], [ 133.531227699999988, 33.4845955 ], [ 133.531673, 33.4847286 ], [ 133.531766800000014, 33.4847387 ], [ 133.531943899999987, 33.484723 ], [ 133.5320538, 33.4846984 ], [ 133.532281899999987, 33.4846888 ] ] } },
{ "type": "Feature", "properties": { "u": 1557770233, "v": 1557770325, "key": 0, "osmid": "142327752", "lanes": null, "ref": null, "name": null, "highway": "residential", "maxspeed": null, "oneway": false, "reversed": "False", "length": 91.739, "bridge": null, "tunnel": null, "service": null }, "geometry": { "type": "LineString", "coordinates": [ [ 133.532891400000011, 33.4846356 ], [ 133.5328987, 33.4847297 ], [ 133.533008700000011, 33.4848561 ], [ 133.5330262, 33.4850293 ], [ 133.5329918, 33.4851901 ], [ 133.5330006, 33.4852899 ], [ 133.5330731, 33.4854132 ] ] } },
{ "type": "Feature", "properties": { "u": 1557770233, "v": 1557770149, "key": 0, "osmid": "142327752", "lanes": null, "ref": null, "name": null, "highway": "residential", "maxspeed": null, "oneway": false, "reversed": "True", "length": 97.213, "bridge": null, "tunnel": null, "service": null }, "geometry": { "type": "LineString", "coordinates": [ [ 133.532891400000011, 33.4846356 ], [ 133.53289620000001, 33.4841553 ], [ 133.532932499999987, 33.4840582 ], [ 133.5329705, 33.4837677 ] ] } },
{ "type": "Feature", "properties": { "u": 1557770233, "v": 4933375093, "key": 0, "osmid": "502980797", "lanes": null, "ref": null, "name": null, "highway": "path", "maxspeed": null, "oneway": false, "reversed": "False", "length": 57.212, "bridge": null, "tunnel": null, "service": null }, "geometry": { "type": "LineString", "coordinates": [ [ 133.532891400000011, 33.4846356 ], [ 133.532712299999986, 33.484657 ], [ 133.532342199999988, 33.4846671 ], [ 133.532281899999987, 33.4846888 ] ] } },
{ "type": "Feature", "properties": { "u": 1557770257, "v": 769146785, "key": 0, "osmid": [ 142326330, 727117603 ], "lanes": null, "ref": null, "name": null, "highway": [ "track", "path" ], "maxspeed": null, "oneway": false, "reversed": "True", "length": 400.661, "bridge": null, "tunnel": null, "service": null }, "geometry": { "type": "LineString", "coordinates": [ [ 133.514298200000013, 33.4847665 ], [ 133.514559100000014, 33.4847499 ], [ 133.514791, 33.4847141 ], [ 133.5156413, 33.4845496 ], [ 133.516068, 33.4844468 ], [ 133.5164858, 33.484329 ], [ 133.517019, 33.4841386 ], [ 133.5175793, 33.4839204 ], [ 133.517875299999986, 33.4837877 ], [ 133.5178879, 33.4837388 ], [ 133.5176921, 33.4834906 ], [ 133.5177013, 33.4834434 ], [ 133.5177262, 33.4834009 ] ] } },
{ "type": "Feature", "properties": { "u": 1557770257, "v": 1557770186, "key": 0, "osmid": "142326475", "lanes": null, "ref": null, "name": null, "highway": "residential", "maxspeed": null, "oneway": false, "reversed": "False", "length": 83.94, "bridge": null, "tunnel": null, "service": null }, "geometry": { "type": "LineString", "coordinates": [ [ 133.514298200000013, 33.4847665 ], [ 133.514038, 33.484456 ], [ 133.513817, 33.484242 ], [ 133.5137392, 33.4841745 ] ] } },
{ "type": "Feature", "properties": { "u": 1557770257, "v": 1557770296, "key": 0, "osmid": [ 142325337, 142326475, 142325764 ], "lanes": null, "ref": null, "name": null, "highway": "residential", "maxspeed": null, "oneway": false, "reversed": "True", "length": 85.317, "bridge": "yes", "tunnel": null, "service": null }, "geometry": { "type": "LineString", "coordinates": [ [ 133.514298200000013, 33.4847665 ], [ 133.51431980000001, 33.4848277 ], [ 133.51449, 33.4854522 ], [ 133.5144979, 33.4855149 ] ] } },
{ "type": "Feature", "properties": { "u": 1557770282, "v": 1557770508, "key": 0, "osmid": "142325068", "lanes": null, "ref": null, "name": null, "highway": "residential", "maxspeed": null, "oneway": false, "reversed": "True", "length": 285.722, "bridge": null, "tunnel": null, "service": null }, "geometry": { "type": "LineString", "coordinates": [ [ 133.5177004, 33.4849627 ], [ 133.517574700000011, 33.4852135 ], [ 133.517443899999989, 33.485554 ], [ 133.5173505, 33.4860485 ], [ 133.5172858, 33.4862179 ], [ 133.5171747, 33.4863157 ], [ 133.5169038, 33.4864057 ], [ 133.5165934, 33.4865122 ], [ 133.5159237, 33.4867419 ] ] } },
{ "type": "Feature", "properties": { "u": 1557770282, "v": 4933375179, "key": 0, "osmid": [ 142325665, 142325530, 142325459 ], "lanes": null, "ref": null, "name": null, "highway": "unclassified", "maxspeed": null, "oneway": false, "reversed": [ false, true ], "length": 48.261, "bridge": "yes", "tunnel": null, "service": null }, "geometry": { "type": "LineString", "coordinates": [ [ 133.5177004, 33.4849627 ], [ 133.5177452, 33.4849993 ], [ 133.518060600000013, 33.4852161 ], [ 133.51810230000001, 33.4852375 ] ] } },
{ "type": "Feature", "properties": { "u": 1557770282, "v": 1557770330, "key": 0, "osmid": "142327104", "lanes": null, "ref": null, "name": null, "highway": "unclassified", "maxspeed": null, "oneway": false, "reversed": "False", "length": 267.968, "bridge": null, "tunnel": null, "service": null }, "geometry": { "type": "LineString", "coordinates": [ [ 133.5177004, 33.4849627 ], [ 133.517558, 33.4848741 ], [ 133.5174661, 33.484855 ], [ 133.517373, 33.484879 ], [ 133.516653, 33.485099 ], [ 133.516095, 33.485245 ], [ 133.5149633, 33.4854861 ] ] } },
{ "type": "Feature", "properties": { "u": 1557770283, "v": 1557770306, "key": 0, "osmid": "142325480", "lanes": null, "ref": null, "name": null, "highway": "residential", "maxspeed": null, "oneway": false, "reversed": "False", "length": 135.561, "bridge": null, "tunnel": null, "service": null }, "geometry": { "type": "LineString", "coordinates": [ [ 133.5307154, 33.485154 ], [ 133.5321586, 33.4853475 ] ] } },
{ "type": "Feature", "properties": { "u": 1557770283, "v": 1557770451, "key": 0, "osmid": "142326016", "lanes": null, "ref": null, "name": null, "highway": "residential", "maxspeed": null, "oneway": false, "reversed": "True", "length": 123.611, "bridge": null, "tunnel": null, "service": null }, "geometry": { "type": "LineString", "coordinates": [ [ 133.5307154, 33.485154 ], [ 133.5305339, 33.4862553 ] ] } },
{ "type": "Feature", "properties": { "u": 1557770283, "v": 4933375109, "key": 0, "osmid": "502980799", "lanes": null, "ref": null, "name": null, "highway": "path", "maxspeed": null, "oneway": false, "reversed": "False", "length": 39.578, "bridge": null, "tunnel": null, "service": null }, "geometry": { "type": "LineString", "coordinates": [ [ 133.5307154, 33.485154 ], [ 133.5302983, 33.4850787 ] ] } },
{ "type": "Feature", "properties": { "u": 1557770294, "v": 1557770493, "key": 0, "osmid": "142325409", "lanes": null, "ref": null, "name": null, "highway": "residential", "maxspeed": null, "oneway": false, "reversed": "True", "length": 386.722, "bridge": null, "tunnel": null, "service": null }, "geometry": { "type": "LineString", "coordinates": [ [ 133.525593, 33.485186 ], [ 133.5293555, 33.4866855 ] ] } },
{ "type": "Feature", "properties": { "u": 1557770294, "v": 1557770379, "key": 0, "osmid": "142325668", "lanes": null, "ref": null, "name": null, "highway": "tertiary", "maxspeed": null, "oneway": false, "reversed": "False", "length": 79.456, "bridge": null, "tunnel": null, "service": null }, "geometry": { "type": "LineString", "coordinates": [ [ 133.525593, 33.485186 ], [ 133.5249972, 33.4856995 ] ] } },
{ "type": "Feature", "properties": { "u": 1557770294, "v": 4933375196, "key": 0, "osmid": "142326093", "lanes": null, "ref": null, "name": null, "highway": "tertiary", "maxspeed": null, "oneway": false, "reversed": "True", "length": 169.46, "bridge": null, "tunnel": null, "service": null }, "geometry": { "type": "LineString", "coordinates": [ [ 133.525593, 33.485186 ], [ 133.525912, 33.4848054 ], [ 133.5268284, 33.4840715 ] ] } },
{ "type": "Feature", "properties": { "u": 1557770296, "v": 1557770310, "key": 0, "osmid": "142325983", "lanes": null, "ref": null, "name": null, "highway": "residential", "maxspeed": null, "oneway": false, "reversed": "True", "length": 3.664, "bridge": null, "tunnel": null, "service": null }, "geometry": { "type": "LineString", "coordinates": [ [ 133.5144979, 33.4855149 ], [ 133.5145095, 33.4855464 ] ] } },
{ "type": "Feature", "properties": { "u": 1557770296, "v": 1557770257, "key": 0, "osmid": [ 142325337, 142326475, 142325764 ], "lanes": null, "ref": null, "name": null, "highway": "residential", "maxspeed": null, "oneway": false, "reversed": "False", "length": 85.317, "bridge": "yes", "tunnel": null, "service": null }, "geometry": { "type": "LineString", "coordinates": [ [ 133.5144979, 33.4855149 ], [ 133.51449, 33.4854522 ], [ 133.51431980000001, 33.4848277 ], [ 133.514298200000013, 33.4847665 ] ] } },
{ "type": "Feature", "properties": { "u": 1557770296, "v": 1557770768, "key": 0, "osmid": "142325809", "lanes": null, "ref": null, "name": null, "highway": "path", "maxspeed": null, "oneway": false, "reversed": "False", "length": 630.407, "bridge": null, "tunnel": null, "service": null }, "geometry": { "type": "LineString", "coordinates": [ [ 133.5144979, 33.4855149 ], [ 133.5144254, 33.485512 ], [ 133.514224500000012, 33.4855336 ], [ 133.513961, 33.4856107 ], [ 133.513532, 33.4857748 ], [ 133.5126727, 33.4861595 ], [ 133.5118775, 33.4865197 ], [ 133.511141900000013, 33.4868623 ], [ 133.5106916, 33.4871034 ], [ 133.51024670000001, 33.4874524 ], [ 133.5100028, 33.4876792 ], [ 133.509696, 33.4880202 ], [ 133.509240299999988, 33.4885561 ], [ 133.5091196, 33.4887277 ] ] } },
{ "type": "Feature", "properties": { "u": 1557770306, "v": 1557770283, "key": 0, "osmid": "142325480", "lanes": null, "ref": null, "name": null, "highway": "residential", "maxspeed": null, "oneway": false, "reversed": "True", "length": 135.561, "bridge": null, "tunnel": null, "service": null }, "geometry": { "type": "LineString", "coordinates": [ [ 133.5321586, 33.4853475 ], [ 133.5307154, 33.485154 ] ] } },
{ "type": "Feature", "properties": { "u": 1557770306, "v": 1557770444, "key": 0, "osmid": "142326371", "lanes": null, "ref": null, "name": null, "highway": "residential", "maxspeed": null, "oneway": false, "reversed": "True", "length": 124.547, "bridge": null, "tunnel": null, "service": null }, "geometry": { "type": "LineString", "coordinates": [ [ 133.5321586, 33.4853475 ], [ 133.532037800000012, 33.4859727 ], [ 133.531951, 33.4864541 ] ] } },
{ "type": "Feature", "properties": { "u": 1557770306, "v": 4933375093, "key": 0, "osmid": "142327039", "lanes": null, "ref": null, "name": null, "highway": "path", "maxspeed": null, "oneway": false, "reversed": "False", "length": 74.277, "bridge": null, "tunnel": null, "service": null }, "geometry": { "type": "LineString", "coordinates": [ [ 133.5321586, 33.4853475 ], [ 133.532232, 33.485004 ], [ 133.532232, 33.484942 ], [ 133.532266, 33.484818 ], [ 133.532281899999987, 33.4846888 ] ] } },
{ "type": "Feature", "properties": { "u": 1557770306, "v": 1557770325, "key": 0, "osmid": [ 1166128619, 1166128620, 142325708 ], "lanes": null, "ref": null, "name": null, "highway": "residential", "maxspeed": null, "oneway": false, "reversed": "False", "length": 85.615, "bridge": "yes", "tunnel": null, "service": null }, "geometry": { "type": "LineString", "coordinates": [ [ 133.5321586, 33.4853475 ], [ 133.532176099999987, 33.4853493 ], [ 133.5322088, 33.4853526 ], [ 133.53298860000001, 33.485431 ], [ 133.5330731, 33.4854132 ] ] } },
{ "type": "Feature", "properties": { "u": 1557770308, "v": 4933375196, "key": 0, "osmid": "142325683", "lanes": null, "ref": null, "name": null, "highway": "residential", "maxspeed": null, "oneway": false, "reversed": "False", "length": 321.514, "bridge": null, "tunnel": null, "service": null }, "geometry": { "type": "LineString", "coordinates": [ [ 133.529956700000014, 33.4853177 ], [ 133.5268284, 33.4840715 ] ] } },
{ "type": "Feature", "properties": { "u": 1557770308, "v": 1557770493, "key": 0, "osmid": "142326541", "lanes": null, "ref": null, "name": null, "highway": "path", "maxspeed": null, "oneway": false, "reversed": "False", "length": 162.35, "bridge": null, "tunnel": null, "service": null }, "geometry": { "type": "LineString", "coordinates": [ [ 133.529956700000014, 33.4853177 ], [ 133.5298572, 33.4856434 ], [ 133.5296965, 33.4859896 ], [ 133.529433, 33.4865654 ], [ 133.5293555, 33.4866855 ] ] } },
{ "type": "Feature", "properties": { "u": 1557770308, "v": 4933375101, "key": 0, "osmid": "502980800", "lanes": null, "ref": null, "name": null, "highway": "path", "maxspeed": null, "oneway": false, "reversed": "True", "length": 35.898, "bridge": null, "tunnel": null, "service": null }, "geometry": { "type": "LineString", "coordinates": [ [ 133.529956700000014, 33.4853177 ], [ 133.5300341, 33.4851469 ], [ 133.5301012, 33.4850183 ] ] } },
{ "type": "Feature", "properties": { "u": 1557770310, "v": 1557770296, "key": 0, "osmid": "142325983", "lanes": null, "ref": null, "name": null, "highway": "residential", "maxspeed": null, "oneway": false, "reversed": "False", "length": 3.664, "bridge": null, "tunnel": null, "service": null }, "geometry": { "type": "LineString", "coordinates": [ [ 133.5145095, 33.4855464 ], [ 133.5144979, 33.4855149 ] ] } },
{ "type": "Feature", "properties": { "u": 1557770310, "v": 1557770330, "key": 0, "osmid": "142326401", "lanes": null, "ref": null, "name": null, "highway": "unclassified", "maxspeed": null, "oneway": false, "reversed": "True", "length": 42.616, "bridge": null, "tunnel": null, "service": null }, "geometry": { "type": "LineString", "coordinates": [ [ 133.5145095, 33.4855464 ], [ 133.5149633, 33.4854861 ] ] } },
{ "type": "Feature", "properties": { "u": 1557770310, "v": 1557770470, "key": 0, "osmid": "142326401", "lanes": null, "ref": null, "name": null, "highway": "unclassified", "maxspeed": null, "oneway": false, "reversed": "False", "length": 205.778, "bridge": null, "tunnel": null, "service": null }, "geometry": { "type": "LineString", "coordinates": [ [ 133.5145095, 33.4855464 ], [ 133.514100500000012, 33.4856491 ], [ 133.5136793, 33.4857947 ], [ 133.5131479, 33.4860294 ], [ 133.5125065, 33.4863279 ] ] } },
{ "type": "Feature", "properties": { "u": 1557770325, "v": 1557770306, "key": 0, "osmid": [ 1166128620, 1166128619, 142325708 ], "lanes": null, "ref": null, "name": null, "highway": "residential", "maxspeed": null, "oneway": false, "reversed": "True", "length": 85.615, "bridge": "yes", "tunnel": null, "service": null }, "geometry": { "type": "LineString", "coordinates": [ [ 133.5330731, 33.4854132 ], [ 133.53298860000001, 33.485431 ], [ 133.5322088, 33.4853526 ], [ 133.532176099999987, 33.4853493 ], [ 133.5321586, 33.4853475 ] ] } },
{ "type": "Feature", "properties": { "u": 1557770325, "v": 1557770486, "key": 0, "osmid": "142326526", "lanes": null, "ref": null, "name": null, "highway": "residential", "maxspeed": null, "oneway": false, "reversed": "False", "length": 167.265, "bridge": null, "tunnel": null, "service": null }, "geometry": { "type": "LineString", "coordinates": [ [ 133.5330731, 33.4854132 ], [ 133.5332472, 33.4855614 ], [ 133.533437600000013, 33.4858333 ], [ 133.5335641, 33.4861345 ], [ 133.533967499999989, 33.4867055 ] ] } },
{ "type": "Feature", "properties": { "u": 1557770325, "v": 1557770233, "key": 0, "osmid": "142327752", "lanes": null, "ref": null, "name": null, "highway": "residential", "maxspeed": null, "oneway": false, "reversed": "True", "length": 91.739, "bridge": null, "tunnel": null, "service": null }, "geometry": { "type": "LineString", "coordinates": [ [ 133.5330731, 33.4854132 ], [ 133.5330006, 33.4852899 ], [ 133.5329918, 33.4851901 ], [ 133.5330262, 33.4850293 ], [ 133.533008700000011, 33.4848561 ], [ 133.5328987, 33.4847297 ], [ 133.532891400000011, 33.4846356 ] ] } },
{ "type": "Feature", "properties": { "u": 1557770330, "v": 1557770406, "key": 0, "osmid": "142325445", "lanes": null, "ref": null, "name": null, "highway": "residential", "maxspeed": null, "oneway": false, "reversed": "True", "length": 51.906, "bridge": null, "tunnel": null, "service": null }, "geometry": { "type": "LineString", "coordinates": [ [ 133.5149633, 33.4854861 ], [ 133.515248, 33.485888 ] ] } },
{ "type": "Feature", "properties": { "u": 1557770330, "v": 1557770310, "key": 0, "osmid": "142326401", "lanes": null, "ref": null, "name": null, "highway": "unclassified", "maxspeed": null, "oneway": false, "reversed": "False", "length": 42.616, "bridge": null, "tunnel": null, "service": null }, "geometry": { "type": "LineString", "coordinates": [ [ 133.5149633, 33.4854861 ], [ 133.5145095, 33.4855464 ] ] } },
{ "type": "Feature", "properties": { "u": 1557770330, "v": 1557770282, "key": 0, "osmid": "142327104", "lanes": null, "ref": null, "name": null, "highway": "unclassified", "maxspeed": null, "oneway": false, "reversed": "True", "length": 267.968, "bridge": null, "tunnel": null, "service": null }, "geometry": { "type": "LineString", "coordinates": [ [ 133.5149633, 33.4854861 ], [ 133.516095, 33.485245 ], [ 133.516653, 33.485099 ], [ 133.517373, 33.484879 ], [ 133.5174661, 33.484855 ], [ 133.517558, 33.4848741 ], [ 133.5177004, 33.4849627 ] ] } },
{ "type": "Feature", "properties": { "u": 1557770379, "v": 1557770294, "key": 0, "osmid": "142325668", "lanes": null, "ref": null, "name": null, "highway": "tertiary", "maxspeed": null, "oneway": false, "reversed": "True", "length": 79.456, "bridge": null, "tunnel": null, "service": null }, "geometry": { "type": "LineString", "coordinates": [ [ 133.5249972, 33.4856995 ], [ 133.525593, 33.485186 ] ] } },
{ "type": "Feature", "properties": { "u": 1557770379, "v": 1557770461, "key": 0, "osmid": "142325965", "lanes": null, "ref": null, "name": null, "highway": "tertiary", "maxspeed": null, "oneway": false, "reversed": "False", "length": 91.945, "bridge": null, "tunnel": null, "service": null }, "geometry": { "type": "LineString", "coordinates": [ [ 133.5249972, 33.4856995 ], [ 133.524299899999988, 33.4862873 ] ] } },
{ "type": "Feature", "properties": { "u": 1557770379, "v": 4931831910, "key": 0, "osmid": "142326315", "lanes": null, "ref": null, "name": null, "highway": "residential", "maxspeed": null, "oneway": false, "reversed": "True", "length": 447.43, "bridge": null, "tunnel": null, "service": null }, "geometry": { "type": "LineString", "coordinates": [ [ 133.5249972, 33.4856995 ], [ 133.5204598, 33.484332 ] ] } },
{ "type": "Feature", "properties": { "u": 1557770388, "v": 1557770506, "key": 0, "osmid": "61821529", "lanes": null, "ref": null, "name": null, "highway": "tertiary", "maxspeed": "50", "oneway": false, "reversed": "False", "length": 129.067, "bridge": null, "tunnel": null, "service": null }, "geometry": { "type": "LineString", "coordinates": [ [ 133.5198634, 33.4857402 ], [ 133.5194107, 33.4868378 ] ] } },
{ "type": "Feature", "properties": { "u": 1557770388, "v": 4931831910, "key": 0, "osmid": "61821529", "lanes": null, "ref": null, "name": null, "highway": "tertiary", "maxspeed": "50", "oneway": false, "reversed": "True", "length": 166.066, "bridge": null, "tunnel": null, "service": null }, "geometry": { "type": "LineString", "coordinates": [ [ 133.5198634, 33.4857402 ], [ 133.5204598, 33.484332 ] ] } },
{ "type": "Feature", "properties": { "u": 1557770388, "v": 1557770505, "key": 0, "osmid": "142326047", "lanes": null, "ref": null, "name": null, "highway": "unclassified", "maxspeed": null, "oneway": false, "reversed": "True", "length": 367.872, "bridge": null, "tunnel": null, "service": null }, "geometry": { "type": "LineString", "coordinates": [ [ 133.5198634, 33.4857402 ], [ 133.5236118, 33.4868227 ] ] } },
{ "type": "Feature", "properties": { "u": 1557770388, "v": 4933375179, "key": 0, "osmid": "142325530", "lanes": null, "ref": null, "name": null, "highway": "unclassified", "maxspeed": null, "oneway": false, "reversed": "False", "length": 172.738, "bridge": null, "tunnel": null, "service": null }, "geometry": { "type": "LineString", "coordinates": [ [ 133.5198634, 33.4857402 ], [ 133.5182311, 33.4852901 ], [ 133.51810230000001, 33.4852375 ] ] } },
{ "type": "Feature", "properties": { "u": 1557770406, "v": 1557770330, "key": 0, "osmid": "142325445", "lanes": null, "ref": null, "name": null, "highway": "residential", "maxspeed": null, "oneway": false, "reversed": "False", "length": 51.906, "bridge": null, "tunnel": null, "service": null }, "geometry": { "type": "LineString", "coordinates": [ [ 133.515248, 33.485888 ], [ 133.5149633, 33.4854861 ] ] } },
{ "type": "Feature", "properties": { "u": 1557770406, "v": 1557770508, "key": 0, "osmid": [ 142325608, 1150182332, 1150182333 ], "lanes": null, "ref": null, "name": null, "highway": "residential", "maxspeed": null, "oneway": false, "reversed": "True", "length": 113.763, "bridge": "yes", "tunnel": null, "service": null }, "geometry": { "type": "LineString", "coordinates": [ [ 133.515248, 33.485888 ], [ 133.51568180000001, 33.4864362 ], [ 133.5157274, 33.4864939 ], [ 133.5159237, 33.4867419 ] ] } },
{ "type": "Feature", "properties": { "u": 1557770406, "v": 1557770537, "key": 0, "osmid": "142326168", "lanes": null, "ref": null, "name": null, "highway": "residential", "maxspeed": null, "oneway": false, "reversed": "False", "length": 245.091, "bridge": null, "tunnel": null, "service": null }, "geometry": { "type": "LineString", "coordinates": [ [ 133.515248, 33.485888 ], [ 133.513844, 33.486632 ], [ 133.5130217, 33.4870757 ] ] } },
{ "type": "Feature", "properties": { "u": 1557770444, "v": 1557770451, "key": 0, "osmid": "142325416", "lanes": null, "ref": null, "name": null, "highway": "residential", "maxspeed": null, "oneway": false, "reversed": "False", "length": 133.266, "bridge": null, "tunnel": null, "service": null }, "geometry": { "type": "LineString", "coordinates": [ [ 133.531951, 33.4864541 ], [ 133.5305339, 33.4862553 ] ] } },
{ "type": "Feature", "properties": { "u": 1557770444, "v": 1557770572, "key": 0, "osmid": "142326590", "lanes": null, "ref": null, "name": null, "highway": "residential", "maxspeed": null, "oneway": false, "reversed": "True", "length": 125.581, "bridge": null, "tunnel": null, "service": null }, "geometry": { "type": "LineString", "coordinates": [ [ 133.531951, 33.4864541 ], [ 133.5317511, 33.4875711 ] ] } },
{ "type": "Feature", "properties": { "u": 1557770444, "v": 1557770306, "key": 0, "osmid": "142326371", "lanes": null, "ref": null, "name": null, "highway": "residential", "maxspeed": null, "oneway": false, "reversed": "False", "length": 124.547, "bridge": null, "tunnel": null, "service": null }, "geometry": { "type": "LineString", "coordinates": [ [ 133.531951, 33.4864541 ], [ 133.532037800000012, 33.4859727 ], [ 133.5321586, 33.4853475 ] ] } },
{ "type": "Feature", "properties": { "u": 1557770444, "v": 1557770486, "key": 0, "osmid": [ 1166128617, 1166128618, 142325766 ], "lanes": null, "ref": null, "name": null, "highway": "residential", "maxspeed": null, "oneway": false, "reversed": "True", "length": 189.085, "bridge": "yes", "tunnel": null, "service": null }, "geometry": { "type": "LineString", "coordinates": [ [ 133.531951, 33.4864541 ], [ 133.5319647, 33.4864558 ], [ 133.532016199999987, 33.4864622 ], [ 133.533967499999989, 33.4867055 ] ] } },
{ "type": "Feature", "properties": { "u": 1557770448, "v": 1557770451, "key": 0, "osmid": "142325548", "lanes": null, "ref": null, "name": null, "highway": "residential", "maxspeed": null, "oneway": false, "reversed": "False", "length": 61.298, "bridge": null, "tunnel": null, "service": null }, "geometry": { "type": "LineString", "coordinates": [ [ 133.52988160000001, 33.4861663 ], [ 133.5305339, 33.4862553 ] ] } },
{ "type": "Feature", "properties": { "u": 1557770448, "v": 4933375109, "key": 0, "osmid": "568801525", "lanes": null, "ref": null, "name": null, "highway": "path", "maxspeed": null, "oneway": false, "reversed": "False", "length": 127.09, "bridge": null, "tunnel": null, "service": null }, "geometry": { "type": "LineString", "coordinates": [ [ 133.52988160000001, 33.4861663 ], [ 133.530196100000012, 33.4852788 ], [ 133.5302983, 33.4850787 ] ] } },
{ "type": "Feature", "properties": { "u": 1557770448, "v": 5471852305, "key": 0, "osmid": "568801525", "lanes": null, "ref": null, "name": null, "highway": "path", "maxspeed": null, "oneway": false, "reversed": "True", "length": 76.286, "bridge": null, "tunnel": null, "service": null }, "geometry": { "type": "LineString", "coordinates": [ [ 133.52988160000001, 33.4861663 ], [ 133.529737, 33.4865996 ], [ 133.5296156, 33.4868131 ] ] } },
{ "type": "Feature", "properties": { "u": 1557770451, "v": 1557770444, "key": 0, "osmid": "142325416", "lanes": null, "ref": null, "name": null, "highway": "residential", "maxspeed": null, "oneway": false, "reversed": "True", "length": 133.266, "bridge": null, "tunnel": null, "service": null }, "geometry": { "type": "LineString", "coordinates": [ [ 133.5305339, 33.4862553 ], [ 133.531951, 33.4864541 ] ] } },
{ "type": "Feature", "properties": { "u": 1557770451, "v": 1557770575, "key": 0, "osmid": "142325437", "lanes": null, "ref": null, "name": null, "highway": "residential", "maxspeed": null, "oneway": false, "reversed": "False", "length": 122.182, "bridge": null, "tunnel": null, "service": null }, "geometry": { "type": "LineString", "coordinates": [ [ 133.5305339, 33.4862553 ], [ 133.530331, 33.487341 ] ] } },
{ "type": "Feature", "properties": { "u": 1557770451, "v": 1557770448, "key": 0, "osmid": "142325548", "lanes": null, "ref": null, "name": null, "highway": "residential", "maxspeed": null, "oneway": false, "reversed": "True", "length": 61.298, "bridge": null, "tunnel": null, "service": null }, "geometry": { "type": "LineString", "coordinates": [ [ 133.5305339, 33.4862553 ], [ 133.52988160000001, 33.4861663 ] ] } },
{ "type": "Feature", "properties": { "u": 1557770451, "v": 1557770283, "key": 0, "osmid": "142326016", "lanes": null, "ref": null, "name": null, "highway": "residential", "maxspeed": null, "oneway": false, "reversed": "False", "length": 123.611, "bridge": null, "tunnel": null, "service": null }, "geometry": { "type": "LineString", "coordinates": [ [ 133.5305339, 33.4862553 ], [ 133.5307154, 33.485154 ] ] } },
{ "type": "Feature", "properties": { "u": 1557770461, "v": 1557770505, "key": 0, "osmid": "142325389", "lanes": null, "ref": null, "name": null, "highway": "tertiary", "maxspeed": null, "oneway": false, "reversed": "False", "length": 87.272, "bridge": null, "tunnel": null, "service": null }, "geometry": { "type": "LineString", "coordinates": [ [ 133.524299899999988, 33.4862873 ], [ 133.5236118, 33.4868227 ] ] } },
{ "type": "Feature", "properties": { "u": 1557770461, "v": 1557770570, "key": 0, "osmid": "142325542", "lanes": null, "ref": null, "name": null, "highway": "residential", "maxspeed": null, "oneway": false, "reversed": "False", "length": 255.386, "bridge": null, "tunnel": null, "service": null }, "geometry": { "type": "LineString", "coordinates": [ [ 133.524299899999988, 33.4862873 ], [ 133.526784600000013, 33.4872776 ] ] } },
{ "type": "Feature", "properties": { "u": 1557770461, "v": 1557770379, "key": 0, "osmid": "142325965", "lanes": null, "ref": null, "name": null, "highway": "tertiary", "maxspeed": null, "oneway": false, "reversed": "True", "length": 91.945, "bridge": null, "tunnel": null, "service": null }, "geometry": { "type": "LineString", "coordinates": [ [ 133.524299899999988, 33.4862873 ], [ 133.5249972, 33.4856995 ] ] } },
{ "type": "Feature", "properties": { "u": 1557770470, "v": 1557770537, "key": 0, "osmid": "142326090", "lanes": null, "ref": null, "name": null, "highway": "unclassified", "maxspeed": null, "oneway": false, "reversed": "True", "length": 95.901, "bridge": null, "tunnel": null, "service": null }, "geometry": { "type": "LineString", "coordinates": [ [ 133.5125065, 33.4863279 ], [ 133.5130217, 33.4870757 ] ] } },
{ "type": "Feature", "properties": { "u": 1557770470, "v": 1557770310, "key": 0, "osmid": "142326401", "lanes": null, "ref": null, "name": null, "highway": "unclassified", "maxspeed": null, "oneway": false, "reversed": "True", "length": 205.778, "bridge": null, "tunnel": null, "service": null }, "geometry": { "type": "LineString", "coordinates": [ [ 133.5125065, 33.4863279 ], [ 133.5131479, 33.4860294 ], [ 133.5136793, 33.4857947 ], [ 133.514100500000012, 33.4856491 ], [ 133.5145095, 33.4855464 ] ] } },
{ "type": "Feature", "properties": { "u": 1557770470, "v": 1557770784, "key": 0, "osmid": "142327656", "lanes": null, "ref": null, "name": null, "highway": "unclassified", "maxspeed": null, "oneway": false, "reversed": "False", "length": 419.101, "bridge": null, "tunnel": null, "service": null }, "geometry": { "type": "LineString", "coordinates": [ [ 133.5125065, 33.4863279 ], [ 133.511427200000014, 33.4868119 ], [ 133.5109636, 33.4870399 ], [ 133.51066130000001, 33.487235 ], [ 133.510439100000013, 33.4873945 ], [ 133.5102283, 33.4875761 ], [ 133.509927299999987, 33.4878809 ], [ 133.5095796, 33.4882921 ], [ 133.5093281, 33.4886591 ], [ 133.5092095, 33.4887866 ] ] } },
{ "type": "Feature", "properties": { "u": 1557770486, "v": 10846207816, "key": 0, "osmid": "142326650", "lanes": null, "ref": null, "name": null, "highway": "residential", "maxspeed": null, "oneway": false, "reversed": "True", "length": 20.705, "bridge": null, "tunnel": null, "service": null }, "geometry": { "type": "LineString", "coordinates": [ [ 133.533967499999989, 33.4867055 ], [ 133.5340831, 33.4868648 ] ] } },
{ "type": "Feature", "properties": { "u": 1557770486, "v": 1557770444, "key": 0, "osmid": [ 1166128617, 1166128618, 142325766 ], "lanes": null, "ref": null, "name": null, "highway": "residential", "maxspeed": null, "oneway": false, "reversed": "False", "length": 189.085, "bridge": "yes", "tunnel": null, "service": null }, "geometry": { "type": "LineString", "coordinates": [ [ 133.533967499999989, 33.4867055 ], [ 133.532016199999987, 33.4864622 ], [ 133.5319647, 33.4864558 ], [ 133.531951, 33.4864541 ] ] } },
{ "type": "Feature", "properties": { "u": 1557770486, "v": 1557770325, "key": 0, "osmid": "142326526", "lanes": null, "ref": null, "name": null, "highway": "residential", "maxspeed": null, "oneway": false, "reversed": "True", "length": 167.265, "bridge": null, "tunnel": null, "service": null }, "geometry": { "type": "LineString", "coordinates": [ [ 133.533967499999989, 33.4867055 ], [ 133.5335641, 33.4861345 ], [ 133.533437600000013, 33.4858333 ], [ 133.5332472, 33.4855614 ], [ 133.5330731, 33.4854132 ] ] } },
{ "type": "Feature", "properties": { "u": 1557770493, "v": 1557770294, "key": 0, "osmid": "142325409", "lanes": null, "ref": null, "name": null, "highway": "residential", "maxspeed": null, "oneway": false, "reversed": "False", "length": 386.722, "bridge": null, "tunnel": null, "service": null }, "geometry": { "type": "LineString", "coordinates": [ [ 133.5293555, 33.4866855 ], [ 133.525593, 33.485186 ] ] } },
{ "type": "Feature", "properties": { "u": 1557770493, "v": 5471852305, "key": 0, "osmid": "568801526", "lanes": null, "ref": null, "name": null, "highway": "unclassified", "maxspeed": null, "oneway": false, "reversed": "False", "length": 27.985, "bridge": "yes", "tunnel": null, "service": null }, "geometry": { "type": "LineString", "coordinates": [ [ 133.5293555, 33.4866855 ], [ 133.5296156, 33.4868131 ] ] } },
{ "type": "Feature", "properties": { "u": 1557770493, "v": 1557770530, "key": 0, "osmid": "142325450", "lanes": null, "ref": null, "name": null, "highway": "path", "maxspeed": null, "oneway": false, "reversed": "False", "length": 54.559, "bridge": null, "tunnel": null, "service": null }, "geometry": { "type": "LineString", "coordinates": [ [ 133.5293555, 33.4866855 ], [ 133.5293019, 33.48678 ], [ 133.529031800000013, 33.4870936 ] ] } },
{ "type": "Feature", "properties": { "u": 1557770493, "v": 1557770308, "key": 0, "osmid": "142326541", "lanes": null, "ref": null, "name": null, "highway": "path", "maxspeed": null, "oneway": false, "reversed": "True", "length": 162.35, "bridge": null, "tunnel": null, "service": null }, "geometry": { "type": "LineString", "coordinates": [ [ 133.5293555, 33.4866855 ], [ 133.529433, 33.4865654 ], [ 133.5296965, 33.4859896 ], [ 133.5298572, 33.4856434 ], [ 133.529956700000014, 33.4853177 ] ] } },
{ "type": "Feature", "properties": { "u": 1557770499, "v": 1557770551, "key": 0, "osmid": "142325738", "lanes": null, "ref": null, "name": null, "highway": "residential", "maxspeed": null, "oneway": false, "reversed": "True", "length": 128.669, "bridge": null, "tunnel": null, "service": null }, "geometry": { "type": "LineString", "coordinates": [ [ 133.5179828, 33.4867271 ], [ 133.519293800000014, 33.4871059 ] ] } },
{ "type": "Feature", "properties": { "u": 1557770499, "v": 1557770552, "key": 0, "osmid": "142325871", "lanes": null, "ref": null, "name": null, "highway": "residential", "maxspeed": null, "oneway": false, "reversed": "True", "length": 57.704, "bridge": null, "tunnel": null, "service": null }, "geometry": { "type": "LineString", "coordinates": [ [ 133.5179828, 33.4867271 ], [ 133.5178596, 33.4868616 ], [ 133.5178022, 33.4869819 ], [ 133.5177462, 33.4871971 ] ] } },
{ "type": "Feature", "properties": { "u": 1557770499, "v": 4933375188, "key": 0, "osmid": "502980813", "lanes": null, "ref": null, "name": null, "highway": "residential", "maxspeed": null, "oneway": false, "reversed": "False", "length": 47.758, "bridge": null, "tunnel": null, "service": null }, "geometry": { "type": "LineString", "coordinates": [ [ 133.5179828, 33.4867271 ], [ 133.5175561, 33.4866045 ], [ 133.5175069, 33.4865708 ] ] } },
{ "type": "Feature", "properties": { "u": 1557770505, "v": 1557770461, "key": 0, "osmid": "142325389", "lanes": null, "ref": null, "name": null, "highway": "tertiary", "maxspeed": null, "oneway": false, "reversed": "True", "length": 87.272, "bridge": null, "tunnel": null, "service": null }, "geometry": { "type": "LineString", "coordinates": [ [ 133.5236118, 33.4868227 ], [ 133.524299899999988, 33.4862873 ] ] } },
{ "type": "Feature", "properties": { "u": 1557770505, "v": 1557770594, "key": 0, "osmid": "142325476", "lanes": null, "ref": null, "name": null, "highway": "tertiary", "maxspeed": null, "oneway": false, "reversed": "False", "length": 105.264, "bridge": null, "tunnel": null, "service": null }, "geometry": { "type": "LineString", "coordinates": [ [ 133.5236118, 33.4868227 ], [ 133.5227615, 33.4874498 ] ] } },
{ "type": "Feature", "properties": { "u": 1557770505, "v": 1557770388, "key": 0, "osmid": "142326047", "lanes": null, "ref": null, "name": null, "highway": "unclassified", "maxspeed": null, "oneway": false, "reversed": "False", "length": 367.872, "bridge": null, "tunnel": null, "service": null }, "geometry": { "type": "LineString", "coordinates": [ [ 133.5236118, 33.4868227 ], [ 133.5198634, 33.4857402 ] ] } },
{ "type": "Feature", "properties": { "u": 1557770505, "v": 1557770671, "key": 0, "osmid": "142326499", "lanes": null, "ref": null, "name": null, "highway": "residential", "maxspeed": null, "oneway": false, "reversed": "True", "length": 174.918, "bridge": null, "tunnel": null, "service": null }, "geometry": { "type": "LineString", "coordinates": [ [ 133.5236118, 33.4868227 ], [ 133.5237008, 33.4868927 ], [ 133.5248805, 33.4879863 ] ] } },
{ "type": "Feature", "properties": { "u": 1557770506, "v": 1557770551, "key": 0, "osmid": "61821529", "lanes": null, "ref": null, "name": null, "highway": "tertiary", "maxspeed": "50", "oneway": false, "reversed": "False", "length": 31.721, "bridge": null, "tunnel": null, "service": null }, "geometry": { "type": "LineString", "coordinates": [ [ 133.5194107, 33.4868378 ], [ 133.519293800000014, 33.4871059 ] ] } },
{ "type": "Feature", "properties": { "u": 1557770506, "v": 1557770388, "key": 0, "osmid": "61821529", "lanes": null, "ref": null, "name": null, "highway": "tertiary", "maxspeed": "50", "oneway": false, "reversed": "True", "length": 129.067, "bridge": null, "tunnel": null, "service": null }, "geometry": { "type": "LineString", "coordinates": [ [ 133.5194107, 33.4868378 ], [ 133.5198634, 33.4857402 ] ] } },
{ "type": "Feature", "properties": { "u": 1557770506, "v": 1557770639, "key": 0, "osmid": "142325085", "lanes": null, "ref": null, "name": null, "highway": "residential", "maxspeed": null, "oneway": false, "reversed": "True", "length": 300.625, "bridge": null, "tunnel": null, "service": null }, "geometry": { "type": "LineString", "coordinates": [ [ 133.5194107, 33.4868378 ], [ 133.5198471, 33.4869119 ], [ 133.520473, 33.4871371 ], [ 133.5206358, 33.4872559 ], [ 133.5207993, 33.4872978 ], [ 133.521197, 33.487444 ], [ 133.5215581, 33.4874904 ], [ 133.5218347, 33.4874852 ], [ 133.5220257, 33.4874886 ], [ 133.5221656, 33.4875532 ], [ 133.522365900000011, 33.4877391 ] ] } },
{ "type": "Feature", "properties": { "u": 1557770508, "v": 1557770282, "key": 0, "osmid": "142325068", "lanes": null, "ref": null, "name": null, "highway": "residential", "maxspeed": null, "oneway": false, "reversed": "False", "length": 285.722, "bridge": null, "tunnel": null, "service": null }, "geometry": { "type": "LineString", "coordinates": [ [ 133.5159237, 33.4867419 ], [ 133.5165934, 33.4865122 ], [ 133.5169038, 33.4864057 ], [ 133.5171747, 33.4863157 ], [ 133.5172858, 33.4862179 ], [ 133.5173505, 33.4860485 ], [ 133.517443899999989, 33.485554 ], [ 133.517574700000011, 33.4852135 ], [ 133.5177004, 33.4849627 ] ] } },
{ "type": "Feature", "properties": { "u": 1557770508, "v": 1557770731, "key": 0, "osmid": "142325201", "lanes": null, "ref": null, "name": null, "highway": "residential", "maxspeed": null, "oneway": false, "reversed": "False", "length": 258.445, "bridge": null, "tunnel": null, "service": null }, "geometry": { "type": "LineString", "coordinates": [ [ 133.5159237, 33.4867419 ], [ 133.5154583, 33.4869215 ], [ 133.515151300000014, 33.4871012 ], [ 133.514915300000013, 33.4873191 ], [ 133.5146957, 33.487619 ], [ 133.5145804, 33.4878944 ], [ 133.5145401, 33.4880047 ], [ 133.514457, 33.4880489 ], [ 133.5140154, 33.4883066 ] ] } },
{ "type": "Feature", "properties": { "u": 1557770508, "v": 1557770406, "key": 0, "osmid": [ 142325608, 1150182332, 1150182333 ], "lanes": null, "ref": null, "name": null, "highway": "residential", "maxspeed": null, "oneway": false, "reversed": "False", "length": 113.763, "bridge": "yes", "tunnel": null, "service": null }, "geometry": { "type": "LineString", "coordinates": [ [ 133.5159237, 33.4867419 ], [ 133.5157274, 33.4864939 ], [ 133.51568180000001, 33.4864362 ], [ 133.515248, 33.485888 ] ] } },
{ "type": "Feature", "properties": { "u": 1557770530, "v": 1557770493, "key": 0, "osmid": "142325450", "lanes": null, "ref": null, "name": null, "highway": "path", "maxspeed": null, "oneway": false, "reversed": "True", "length": 54.559, "bridge": null, "tunnel": null, "service": null }, "geometry": { "type": "LineString", "coordinates": [ [ 133.529031800000013, 33.4870936 ], [ 133.5293019, 33.48678 ], [ 133.5293555, 33.4866855 ] ] } },
{ "type": "Feature", "properties": { "u": 1557770530, "v": 1557770557, "key": 0, "osmid": [ 142325642, 142325695 ], "lanes": null, "ref": null, "name": null, "highway": "residential", "maxspeed": null, "oneway": false, "reversed": "True", "length": 21.892, "bridge": "yes", "tunnel": null, "service": null }, "geometry": { "type": "LineString", "coordinates": [ [ 133.529031800000013, 33.4870936 ], [ 133.5290637, 33.4871136 ], [ 133.5292279, 33.4872031 ] ] } },
{ "type": "Feature", "properties": { "u": 1557770530, "v": 1557770659, "key": 0, "osmid": "142325859", "lanes": null, "ref": null, "name": null, "highway": "path", "maxspeed": null, "oneway": false, "reversed": "False", "length": 108.069, "bridge": null, "tunnel": null, "service": null }, "geometry": { "type": "LineString", "coordinates": [ [ 133.529031800000013, 33.4870936 ], [ 133.5289277, 33.4872352 ], [ 133.5286549, 33.4876425 ], [ 133.528471700000011, 33.4879454 ] ] } },
{ "type": "Feature", "properties": { "u": 1557770537, "v": 1557770470, "key": 0, "osmid": "142326090", "lanes": null, "ref": null, "name": null, "highway": "unclassified", "maxspeed": null, "oneway": false, "reversed": "False", "length": 95.901, "bridge": null, "tunnel": null, "service": null }, "geometry": { "type": "LineString", "coordinates": [ [ 133.5130217, 33.4870757 ], [ 133.5125065, 33.4863279 ] ] } },
{ "type": "Feature", "properties": { "u": 1557770537, "v": 1557770625, "key": 0, "osmid": [ 142325651, 1150182334, 1150182335 ], "lanes": null, "ref": null, "name": null, "highway": "unclassified", "maxspeed": null, "oneway": false, "reversed": "True", "length": 82.128, "bridge": "yes", "tunnel": null, "service": null }, "geometry": { "type": "LineString", "coordinates": [ [ 133.5130217, 33.4870757 ], [ 133.513416, 33.4876256 ], [ 133.513457, 33.4876827 ], [ 133.513476200000014, 33.4877096 ] ] } },
{ "type": "Feature", "properties": { "u": 1557770537, "v": 1557770406, "key": 0, "osmid": "142326168", "lanes": null, "ref": null, "name": null, "highway": "residential", "maxspeed": null, "oneway": false, "reversed": "True", "length": 245.091, "bridge": null, "tunnel": null, "service": null }, "geometry": { "type": "LineString", "coordinates": [ [ 133.5130217, 33.4870757 ], [ 133.513844, 33.486632 ], [ 133.515248, 33.485888 ] ] } },
{ "type": "Feature", "properties": { "u": 1557770537, "v": 5487625094, "key": 0, "osmid": "142326583", "lanes": null, "ref": null, "name": null, "highway": "residential", "maxspeed": null, "oneway": false, "reversed": "False", "length": 303.705, "bridge": null, "tunnel": null, "service": null }, "geometry": { "type": "LineString", "coordinates": [ [ 133.5130217, 33.4870757 ], [ 133.510536699999989, 33.4884059 ], [ 133.5106883, 33.4886429 ] ] } },
{ "type": "Feature", "properties": { "u": 1557770551, "v": 10699694983, "key": 0, "osmid": "61821529", "lanes": null, "ref": null, "name": null, "highway": "tertiary", "maxspeed": "50", "oneway": false, "reversed": "False", "length": 42.895, "bridge": null, "tunnel": null, "service": null }, "geometry": { "type": "LineString", "coordinates": [ [ 133.519293800000014, 33.4871059 ], [ 133.5191448, 33.4874711 ] ] } },
{ "type": "Feature", "properties": { "u": 1557770551, "v": 1557770506, "key": 0, "osmid": "61821529", "lanes": null, "ref": null, "name": null, "highway": "tertiary", "maxspeed": "50", "oneway": false, "reversed": "True", "length": 31.721, "bridge": null, "tunnel": null, "service": null }, "geometry": { "type": "LineString", "coordinates": [ [ 133.519293800000014, 33.4871059 ], [ 133.5194107, 33.4868378 ] ] } },
{ "type": "Feature", "properties": { "u": 1557770551, "v": 1557770499, "key": 0, "osmid": "142325738", "lanes": null, "ref": null, "name": null, "highway": "residential", "maxspeed": null, "oneway": false, "reversed": "False", "length": 128.669, "bridge": null, "tunnel": null, "service": null }, "geometry": { "type": "LineString", "coordinates": [ [ 133.519293800000014, 33.4871059 ], [ 133.5179828, 33.4867271 ] ] } },
{ "type": "Feature", "properties": { "u": 1557770552, "v": 1557770870, "key": 0, "osmid": "142325295", "lanes": null, "ref": null, "name": null, "highway": "residential", "maxspeed": null, "oneway": false, "reversed": "False", "length": 420.23, "bridge": null, "tunnel": null, "service": null }, "geometry": { "type": "LineString", "coordinates": [ [ 133.5177462, 33.4871971 ], [ 133.5176232, 33.4871902 ], [ 133.517214, 33.487213 ], [ 133.5168907, 33.4872498 ], [ 133.5165802, 33.4873022 ], [ 133.51642480000001, 33.4873497 ], [ 133.5161904, 33.4874845 ], [ 133.5157972, 33.4877561 ], [ 133.5154192, 33.4880442 ], [ 133.515079500000013, 33.4882675 ], [ 133.5150367, 33.4883118 ], [ 133.5150353, 33.4884257 ], [ 133.5149973, 33.4886334 ], [ 133.5149034, 33.4889238 ], [ 133.514805700000011, 33.489048 ], [ 133.514661, 33.4891478 ], [ 133.5146154, 33.4891914 ], [ 133.514602700000012, 33.4892993 ], [ 133.5145657, 33.4893458 ] ] } },
{ "type": "Feature", "properties": { "u": 1557770552, "v": 1557770499, "key": 0, "osmid": "142325871", "lanes": null, "ref": null, "name": null, "highway": "residential", "maxspeed": null, "oneway": false, "reversed": "False", "length": 57.704, "bridge": null, "tunnel": null, "service": null }, "geometry": { "type": "LineString", "coordinates": [ [ 133.5177462, 33.4871971 ], [ 133.5178022, 33.4869819 ], [ 133.5178596, 33.4868616 ], [ 133.5179828, 33.4867271 ] ] } },
{ "type": "Feature", "properties": { "u": 1557770552, "v": 10948459344, "key": 0, "osmid": "142326605", "lanes": null, "ref": null, "name": null, "highway": "residential", "maxspeed": null, "oneway": false, "reversed": "False", "length": 82.622, "bridge": null, "tunnel": null, "service": null }, "geometry": { "type": "LineString", "coordinates": [ [ 133.5177462, 33.4871971 ], [ 133.5177155, 33.4874939 ], [ 133.517715, 33.487714 ], [ 133.5176918, 33.4879382 ] ] } },
{ "type": "Feature", "properties": { "u": 1557770557, "v": 1557770575, "key": 0, "osmid": "142325471", "lanes": null, "ref": null, "name": null, "highway": "residential", "maxspeed": null, "oneway": false, "reversed": "False", "length": 104.043, "bridge": null, "tunnel": null, "service": null }, "geometry": { "type": "LineString", "coordinates": [ [ 133.5292279, 33.4872031 ], [ 133.5293394, 33.4872486 ], [ 133.530331, 33.487341 ] ] } },
{ "type": "Feature", "properties": { "u": 1557770557, "v": 1557770530, "key": 0, "osmid": [ 142325642, 142325695 ], "lanes": null, "ref": null, "name": null, "highway": "residential", "maxspeed": null, "oneway": false, "reversed": "False", "length": 21.892, "bridge": "yes", "tunnel": null, "service": null }, "geometry": { "type": "LineString", "coordinates": [ [ 133.5292279, 33.4872031 ], [ 133.5290637, 33.4871136 ], [ 133.529031800000013, 33.4870936 ] ] } },
{ "type": "Feature", "properties": { "u": 1557770557, "v": 5471852305, "key": 0, "osmid": "568801525", "lanes": null, "ref": null, "name": null, "highway": "path", "maxspeed": null, "oneway": false, "reversed": "False", "length": 56.479, "bridge": null, "tunnel": null, "service": null }, "geometry": { "type": "LineString", "coordinates": [ [ 133.5292279, 33.4872031 ], [ 133.529595300000011, 33.4868488 ], [ 133.5296156, 33.4868131 ] ] } },
{ "type": "Feature", "properties": { "u": 1557770557, "v": 1557770708, "key": 0, "osmid": "568801525", "lanes": null, "ref": null, "name": null, "highway": "path", "maxspeed": null, "oneway": false, "reversed": "True", "length": 140.813, "bridge": null, "tunnel": null, "service": null }, "geometry": { "type": "LineString", "coordinates": [ [ 133.5292279, 33.4872031 ], [ 133.529176299999989, 33.4873088 ], [ 133.5285131, 33.4883196 ] ] } },
{ "type": "Feature", "properties": { "u": 1557770570, "v": 1557770659, "key": 0, "osmid": "142325375", "lanes": null, "ref": null, "name": null, "highway": "residential", "maxspeed": null, "oneway": false, "reversed": "True", "length": 173.184, "bridge": null, "tunnel": null, "service": null }, "geometry": { "type": "LineString", "coordinates": [ [ 133.526784600000013, 33.4872776 ], [ 133.528471700000011, 33.4879454 ] ] } },
{ "type": "Feature", "properties": { "u": 1557770570, "v": 1557770704, "key": 0, "osmid": "142325455", "lanes": null, "ref": null, "name": null, "highway": "residential", "maxspeed": null, "oneway": false, "reversed": "False", "length": 140.817, "bridge": null, "tunnel": null, "service": null }, "geometry": { "type": "LineString", "coordinates": [ [ 133.526784600000013, 33.4872776 ], [ 133.5261288, 33.4884198 ] ] } },
{ "type": "Feature", "properties": { "u": 1557770570, "v": 1557770461, "key": 0, "osmid": "142325542", "lanes": null, "ref": null, "name": null, "highway": "residential", "maxspeed": null, "oneway": false, "reversed": "True", "length": 255.386, "bridge": null, "tunnel": null, "service": null }, "geometry": { "type": "LineString", "coordinates": [ [ 133.526784600000013, 33.4872776 ], [ 133.524299899999988, 33.4862873 ] ] } },
{ "type": "Feature", "properties": { "u": 1557770572, "v": 1557770575, "key": 0, "osmid": "142325631", "lanes": null, "ref": null, "name": null, "highway": "residential", "maxspeed": null, "oneway": false, "reversed": "True", "length": 134.159, "bridge": null, "tunnel": null, "service": null }, "geometry": { "type": "LineString", "coordinates": [ [ 133.5317511, 33.4875711 ], [ 133.530331, 33.487341 ] ] } },
{ "type": "Feature", "properties": { "u": 1557770572, "v": 1557770444, "key": 0, "osmid": "142326590", "lanes": null, "ref": null, "name": null, "highway": "residential", "maxspeed": null, "oneway": false, "reversed": "False", "length": 125.581, "bridge": null, "tunnel": null, "service": null }, "geometry": { "type": "LineString", "coordinates": [ [ 133.5317511, 33.4875711 ], [ 133.531951, 33.4864541 ] ] } },
{ "type": "Feature", "properties": { "u": 1557770572, "v": 1557770760, "key": 0, "osmid": "142326119", "lanes": null, "ref": null, "name": null, "highway": "residential", "maxspeed": null, "oneway": false, "reversed": "False", "length": 125.599, "bridge": null, "tunnel": null, "service": null }, "geometry": { "type": "LineString", "coordinates": [ [ 133.5317511, 33.4875711 ], [ 133.531652799999989, 33.4880652 ], [ 133.5315338, 33.488686 ] ] } },
{ "type": "Feature", "properties": { "u": 1557770572, "v": 1557770644, "key": 0, "osmid": [ 142325397, 1166128621, 1166128622 ], "lanes": null, "ref": null, "name": null, "highway": "residential", "maxspeed": null, "oneway": false, "reversed": "False", "length": 221.772, "bridge": "yes", "tunnel": null, "service": null }, "geometry": { "type": "LineString", "coordinates": [ [ 133.5317511, 33.4875711 ], [ 133.531776, 33.4875739 ], [ 133.5318221, 33.4875791 ], [ 133.534121, 33.487838 ] ] } },
{ "type": "Feature", "properties": { "u": 1557770575, "v": 1557770451, "key": 0, "osmid": "142325437", "lanes": null, "ref": null, "name": null, "highway": "residential", "maxspeed": null, "oneway": false, "reversed": "True", "length": 122.182, "bridge": null, "tunnel": null, "service": null }, "geometry": { "type": "LineString", "coordinates": [ [ 133.530331, 33.487341 ], [ 133.5305339, 33.4862553 ] ] } },
{ "type": "Feature", "properties": { "u": 1557770575, "v": 1557770572, "key": 0, "osmid": "142325631", "lanes": null, "ref": null, "name": null, "highway": "residential", "maxspeed": null, "oneway": false, "reversed": "False", "length": 134.159, "bridge": null, "tunnel": null, "service": null }, "geometry": { "type": "LineString", "coordinates": [ [ 133.530331, 33.487341 ], [ 133.5317511, 33.4875711 ] ] } },
{ "type": "Feature", "properties": { "u": 1557770575, "v": 1557770740, "key": 0, "osmid": "142325680", "lanes": null, "ref": null, "name": null, "highway": "residential", "maxspeed": null, "oneway": false, "reversed": "True", "length": 129.962, "bridge": null, "tunnel": null, "service": null }, "geometry": { "type": "LineString", "coordinates": [ [ 133.530331, 33.487341 ], [ 133.5301236, 33.4884969 ] ] } },
{ "type": "Feature", "properties": { "u": 1557770575, "v": 1557770557, "key": 0, "osmid": "142325471", "lanes": null, "ref": null, "name": null, "highway": "residential", "maxspeed": null, "oneway": false, "reversed": "True", "length": 104.043, "bridge": null, "tunnel": null, "service": null }, "geometry": { "type": "LineString", "coordinates": [ [ 133.530331, 33.487341 ], [ 133.5293394, 33.4872486 ], [ 133.5292279, 33.4872031 ] ] } },
{ "type": "Feature", "properties": { "u": 1557770594, "v": 1557770505, "key": 0, "osmid": "142325476", "lanes": null, "ref": null, "name": null, "highway": "tertiary", "maxspeed": null, "oneway": false, "reversed": "True", "length": 105.264, "bridge": null, "tunnel": null, "service": null }, "geometry": { "type": "LineString", "coordinates": [ [ 133.5227615, 33.4874498 ], [ 133.5236118, 33.4868227 ] ] } },
{ "type": "Feature", "properties": { "u": 1557770594, "v": 1557770639, "key": 0, "osmid": "142325556", "lanes": null, "ref": null, "name": null, "highway": "tertiary", "maxspeed": null, "oneway": false, "reversed": "False", "length": 48.793, "bridge": null, "tunnel": null, "service": null }, "geometry": { "type": "LineString", "coordinates": [ [ 133.5227615, 33.4874498 ], [ 133.522365900000011, 33.4877391 ] ] } },
{ "type": "Feature", "properties": { "u": 1557770594, "v": 1557770764, "key": 0, "osmid": "142325855", "lanes": null, "ref": null, "name": null, "highway": "residential", "maxspeed": null, "oneway": false, "reversed": "True", "length": 176.425, "bridge": null, "tunnel": null, "service": null }, "geometry": { "type": "LineString", "coordinates": [ [ 133.5227615, 33.4874498 ], [ 133.5240354, 33.4886282 ] ] } },
{ "type": "Feature", "properties": { "u": 1557770625, "v": 10948459337, "key": 0, "osmid": "142325330", "lanes": null, "ref": null, "name": null, "highway": "unclassified", "maxspeed": null, "oneway": false, "reversed": "True", "length": 84.303, "bridge": null, "tunnel": null, "service": null }, "geometry": { "type": "LineString", "coordinates": [ [ 133.513476200000014, 33.4877096 ], [ 133.5136264, 33.4877947 ], [ 133.5139677, 33.4883305 ] ] } },
{ "type": "Feature", "properties": { "u": 1557770625, "v": 1557770810, "key": 0, "osmid": "142326468", "lanes": null, "ref": null, "name": null, "highway": "residential", "maxspeed": null, "oneway": false, "reversed": "True", "length": 242.568, "bridge": null, "tunnel": null, "service": null }, "geometry": { "type": "LineString", "coordinates": [ [ 133.513476200000014, 33.4877096 ], [ 133.513377100000014, 33.487719 ], [ 133.5125305, 33.4881722 ], [ 133.5120985, 33.4884538 ], [ 133.511737900000014, 33.4887039 ], [ 133.5113893, 33.4889942 ] ] } },
{ "type": "Feature", "properties": { "u": 1557770625, "v": 1557770537, "key": 0, "osmid": [ 142325651, 1150182334, 1150182335 ], "lanes": null, "ref": null, "name": null, "highway": "unclassified", "maxspeed": null, "oneway": false, "reversed": "False", "length": 82.128, "bridge": "yes", "tunnel": null, "service": null }, "geometry": { "type": "LineString", "coordinates": [ [ 133.513476200000014, 33.4877096 ], [ 133.513457, 33.4876827 ], [ 133.513416, 33.4876256 ], [ 133.5130217, 33.4870757 ] ] } },
{ "type": "Feature", "properties": { "u": 1557770639, "v": 1557770669, "key": 0, "osmid": "142325354", "lanes": null, "ref": null, "name": null, "highway": "tertiary", "maxspeed": null, "oneway": false, "reversed": "False", "length": 54.459, "bridge": null, "tunnel": null, "service": null }, "geometry": { "type": "LineString", "coordinates": [ [ 133.522365900000011, 33.4877391 ], [ 133.5219373, 33.4880739 ] ] } },
{ "type": "Feature", "properties": { "u": 1557770639, "v": 1557770594, "key": 0, "osmid": "142325556", "lanes": null, "ref": null, "name": null, "highway": "tertiary", "maxspeed": null, "oneway": false, "reversed": "True", "length": 48.793, "bridge": null, "tunnel": null, "service": null }, "geometry": { "type": "LineString", "coordinates": [ [ 133.522365900000011, 33.4877391 ], [ 133.5227615, 33.4874498 ] ] } },
{ "type": "Feature", "properties": { "u": 1557770639, "v": 1557770506, "key": 0, "osmid": "142325085", "lanes": null, "ref": null, "name": null, "highway": "residential", "maxspeed": null, "oneway": false, "reversed": "False", "length": 300.625, "bridge": null, "tunnel": null, "service": null }, "geometry": { "type": "LineString", "coordinates": [ [ 133.522365900000011, 33.4877391 ], [ 133.5221656, 33.4875532 ], [ 133.5220257, 33.4874886 ], [ 133.5218347, 33.4874852 ], [ 133.5215581, 33.4874904 ], [ 133.521197, 33.487444 ], [ 133.5207993, 33.4872978 ], [ 133.5206358, 33.4872559 ], [ 133.520473, 33.4871371 ], [ 133.5198471, 33.4869119 ], [ 133.5194107, 33.4868378 ] ] } },
{ "type": "Feature", "properties": { "u": 1557770644, "v": 1557770572, "key": 0, "osmid": [ 1166128621, 142325397, 1166128622 ], "lanes": null, "ref": null, "name": null, "highway": "residential", "maxspeed": null, "oneway": false, "reversed": "True", "length": 221.772, "bridge": "yes", "tunnel": null, "service": null }, "geometry": { "type": "LineString", "coordinates": [ [ 133.534121, 33.487838 ], [ 133.5318221, 33.4875791 ], [ 133.531776, 33.4875739 ], [ 133.5317511, 33.4875711 ] ] } },
{ "type": "Feature", "properties": { "u": 1557770644, "v": 1557770804, "key": 0, "osmid": "142326166", "lanes": null, "ref": null, "name": null, "highway": "path", "maxspeed": null, "oneway": false, "reversed": "False", "length": 123.904, "bridge": null, "tunnel": null, "service": null }, "geometry": { "type": "LineString", "coordinates": [ [ 133.534121, 33.487838 ], [ 133.534101, 33.48795 ], [ 133.534074, 33.488722 ], [ 133.5340493, 33.4889498 ] ] } },
{ "type": "Feature", "properties": { "u": 1557770644, "v": 10846207809, "key": 0, "osmid": "142326650", "lanes": null, "ref": null, "name": null, "highway": "residential", "maxspeed": null, "oneway": false, "reversed": "False", "length": 31.113, "bridge": null, "tunnel": null, "service": null }, "geometry": { "type": "LineString", "coordinates": [ [ 133.534121, 33.487838 ], [ 133.534183500000012, 33.4876098 ], [ 133.5342154, 33.4875726 ] ] } },
{ "type": "Feature", "properties": { "u": 1557770659, "v": 1557770570, "key": 0, "osmid": "142325375", "lanes": null, "ref": null, "name": null, "highway": "residential", "maxspeed": null, "oneway": false, "reversed": "False", "length": 173.184, "bridge": null, "tunnel": null, "service": null }, "geometry": { "type": "LineString", "coordinates": [ [ 133.528471700000011, 33.4879454 ], [ 133.526784600000013, 33.4872776 ] ] } },
{ "type": "Feature", "properties": { "u": 1557770659, "v": 1557770530, "key": 0, "osmid": "142325859", "lanes": null, "ref": null, "name": null, "highway": "path", "maxspeed": null, "oneway": false, "reversed": "True", "length": 108.069, "bridge": null, "tunnel": null, "service": null }, "geometry": { "type": "LineString", "coordinates": [ [ 133.528471700000011, 33.4879454 ], [ 133.5286549, 33.4876425 ], [ 133.5289277, 33.4872352 ], [ 133.529031800000013, 33.4870936 ] ] } },
{ "type": "Feature", "properties": { "u": 1557770659, "v": 1557770806, "key": 0, "osmid": "142326502", "lanes": null, "ref": null, "name": null, "highway": "path", "maxspeed": null, "oneway": false, "reversed": "False", "length": 130.423, "bridge": null, "tunnel": null, "service": null }, "geometry": { "type": "LineString", "coordinates": [ [ 133.528471700000011, 33.4879454 ], [ 133.528329, 33.4882015 ], [ 133.5281679, 33.4884781 ], [ 133.527946500000013, 33.4890311 ] ] } },
{ "type": "Feature", "properties": { "u": 1557770669, "v": 1557770639, "key": 0, "osmid": "142325354", "lanes": null, "ref": null, "name": null, "highway": "tertiary", "maxspeed": null, "oneway": false, "reversed": "True", "length": 54.459, "bridge": null, "tunnel": null, "service": null }, "geometry": { "type": "LineString", "coordinates": [ [ 133.5219373, 33.4880739 ], [ 133.522365900000011, 33.4877391 ] ] } },
{ "type": "Feature", "properties": { "u": 1557770669, "v": 1557770813, "key": 0, "osmid": "142326163", "lanes": null, "ref": null, "name": null, "highway": "residential", "maxspeed": null, "oneway": false, "reversed": "True", "length": 134.652, "bridge": null, "tunnel": null, "service": null }, "geometry": { "type": "LineString", "coordinates": [ [ 133.5219373, 33.4880739 ], [ 133.52289540000001, 33.4889838 ] ] } },
{ "type": "Feature", "properties": { "u": 1557770669, "v": 1557770822, "key": 0, "osmid": "142325747", "lanes": null, "ref": null, "name": null, "highway": "tertiary", "maxspeed": null, "oneway": false, "reversed": "False", "length": 140.383, "bridge": null, "tunnel": null, "service": null }, "geometry": { "type": "LineString", "coordinates": [ [ 133.5219373, 33.4880739 ], [ 133.5213317, 33.4885248 ], [ 133.520958900000011, 33.4888648 ], [ 133.5208839, 33.4889727 ] ] } },
{ "type": "Feature", "properties": { "u": 1557770671, "v": 1557770778, "key": 0, "osmid": "142326499", "lanes": null, "ref": null, "name": null, "highway": "residential", "maxspeed": null, "oneway": false, "reversed": "True", "length": 106.627, "bridge": null, "tunnel": null, "service": null }, "geometry": { "type": "LineString", "coordinates": [ [ 133.5248805, 33.4879863 ], [ 133.525652799999989, 33.4886967 ] ] } },
{ "type": "Feature", "properties": { "u": 1557770671, "v": 1557770764, "key": 0, "osmid": "502980804", "lanes": null, "ref": null, "name": null, "highway": "residential", "maxspeed": null, "oneway": false, "reversed": "True", "length": 106.003, "bridge": null, "tunnel": null, "service": null }, "geometry": { "type": "LineString", "coordinates": [ [ 133.5248805, 33.4879863 ], [ 133.5240354, 33.4886282 ] ] } },
{ "type": "Feature", "properties": { "u": 1557770671, "v": 1557770505, "key": 0, "osmid": "142326499", "lanes": null, "ref": null, "name": null, "highway": "residential", "maxspeed": null, "oneway": false, "reversed": "False", "length": 174.918, "bridge": null, "tunnel": null, "service": null }, "geometry": { "type": "LineString", "coordinates": [ [ 133.5248805, 33.4879863 ], [ 133.5237008, 33.4868927 ], [ 133.5236118, 33.4868227 ] ] } },
{ "type": "Feature", "properties": { "u": 1557770704, "v": 1557770570, "key": 0, "osmid": "142325455", "lanes": null, "ref": null, "name": null, "highway": "residential", "maxspeed": null, "oneway": false, "reversed": "True", "length": 140.817, "bridge": null, "tunnel": null, "service": null }, "geometry": { "type": "LineString", "coordinates": [ [ 133.5261288, 33.4884198 ], [ 133.526784600000013, 33.4872776 ] ] } },
{ "type": "Feature", "properties": { "u": 1557770704, "v": 1557770778, "key": 0, "osmid": "142325901", "lanes": null, "ref": null, "name": null, "highway": "residential", "maxspeed": null, "oneway": false, "reversed": "False", "length": 54.345, "bridge": null, "tunnel": null, "service": null }, "geometry": { "type": "LineString", "coordinates": [ [ 133.5261288, 33.4884198 ], [ 133.526065499999987, 33.4884311 ], [ 133.525652799999989, 33.4886967 ] ] } },
{ "type": "Feature", "properties": { "u": 1557770704, "v": 1557770771, "key": 0, "osmid": "502980803", "lanes": null, "ref": null, "name": null, "highway": "residential", "maxspeed": null, "oneway": false, "reversed": "True", "length": 91.504, "bridge": null, "tunnel": null, "service": null }, "geometry": { "type": "LineString", "coordinates": [ [ 133.5261288, 33.4884198 ], [ 133.526183800000013, 33.4884789 ], [ 133.5269475, 33.4888713 ] ] } },
{ "type": "Feature", "properties": { "u": 1557770708, "v": 1557770740, "key": 0, "osmid": "142325346", "lanes": null, "ref": null, "name": null, "highway": "residential", "maxspeed": null, "oneway": false, "reversed": "False", "length": 150.648, "bridge": null, "tunnel": null, "service": null }, "geometry": { "type": "LineString", "coordinates": [ [ 133.5285131, 33.4883196 ], [ 133.5301236, 33.4884969 ] ] } },
{ "type": "Feature", "properties": { "u": 1557770708, "v": 1557770557, "key": 0, "osmid": "568801525", "lanes": null, "ref": null, "name": null, "highway": "path", "maxspeed": null, "oneway": false, "reversed": "False", "length": 140.813, "bridge": null, "tunnel": null, "service": null }, "geometry": { "type": "LineString", "coordinates": [ [ 133.5285131, 33.4883196 ], [ 133.529176299999989, 33.4873088 ], [ 133.5292279, 33.4872031 ] ] } },
{ "type": "Feature", "properties": { "u": 1557770708, "v": 1557770897, "key": 0, "osmid": "568801525", "lanes": null, "ref": null, "name": null, "highway": "path", "maxspeed": null, "oneway": false, "reversed": "True", "length": 136.314, "bridge": null, "tunnel": null, "service": null }, "geometry": { "type": "LineString", "coordinates": [ [ 133.5285131, 33.4883196 ], [ 133.528313700000012, 33.4886542 ], [ 133.528029800000013, 33.4894729 ] ] } },
{ "type": "Feature", "properties": { "u": 1557770731, "v": 10948459337, "key": 0, "osmid": "142326317", "lanes": null, "ref": null, "name": null, "highway": "residential", "maxspeed": null, "oneway": false, "reversed": "False", "length": 5.16, "bridge": null, "tunnel": null, "service": null }, "geometry": { "type": "LineString", "coordinates": [ [ 133.5140154, 33.4883066 ], [ 133.5139677, 33.4883305 ] ] } },
{ "type": "Feature", "properties": { "u": 1557770731, "v": 1557770508, "key": 0, "osmid": "142325201", "lanes": null, "ref": null, "name": null, "highway": "residential", "maxspeed": null, "oneway": false, "reversed": "True", "length": 258.445, "bridge": null, "tunnel": null, "service": null }, "geometry": { "type": "LineString", "coordinates": [ [ 133.5140154, 33.4883066 ], [ 133.514457, 33.4880489 ], [ 133.5145401, 33.4880047 ], [ 133.5145804, 33.4878944 ], [ 133.5146957, 33.487619 ], [ 133.514915300000013, 33.4873191 ], [ 133.515151300000014, 33.4871012 ], [ 133.5154583, 33.4869215 ], [ 133.5159237, 33.4867419 ] ] } },
{ "type": "Feature", "properties": { "u": 1557770731, "v": 1557770870, "key": 0, "osmid": [ 142325938, 142325978, 142326101 ], "lanes": null, "ref": null, "name": null, "highway": [ "unclassified", "residential" ], "maxspeed": null, "oneway": false, "reversed": [ false, true ], "length": 126.458, "bridge": "yes", "tunnel": null, "service": null }, "geometry": { "type": "LineString", "coordinates": [ [ 133.5140154, 33.4883066 ], [ 133.5142064, 33.4886883 ], [ 133.5143118, 33.4889036 ], [ 133.5144709, 33.4892103 ], [ 133.5145128, 33.4892743 ], [ 133.5145657, 33.4893458 ] ] } },
{ "type": "Feature", "properties": { "u": 1557770740, "v": 1557770708, "key": 0, "osmid": "142325346", "lanes": null, "ref": null, "name": null, "highway": "residential", "maxspeed": null, "oneway": false, "reversed": "True", "length": 150.648, "bridge": null, "tunnel": null, "service": null }, "geometry": { "type": "LineString", "coordinates": [ [ 133.5301236, 33.4884969 ], [ 133.5285131, 33.4883196 ] ] } },
{ "type": "Feature", "properties": { "u": 1557770740, "v": 1557770760, "key": 0, "osmid": "142325502", "lanes": null, "ref": null, "name": null, "highway": "residential", "maxspeed": null, "oneway": false, "reversed": "True", "length": 132.456, "bridge": null, "tunnel": null, "service": null }, "geometry": { "type": "LineString", "coordinates": [ [ 133.5301236, 33.4884969 ], [ 133.5315338, 33.488686 ] ] } },
{ "type": "Feature", "properties": { "u": 1557770740, "v": 1557770575, "key": 0, "osmid": "142325680", "lanes": null, "ref": null, "name": null, "highway": "residential", "maxspeed": null, "oneway": false, "reversed": "False", "length": 129.962, "bridge": null, "tunnel": null, "service": null }, "geometry": { "type": "LineString", "coordinates": [ [ 133.5301236, 33.4884969 ], [ 133.530331, 33.487341 ] ] } },
{ "type": "Feature", "properties": { "u": 1557770740, "v": 1557770947, "key": 0, "osmid": "142325960", "lanes": null, "ref": null, "name": null, "highway": "residential", "maxspeed": null, "oneway": false, "reversed": "True", "length": 141.254, "bridge": null, "tunnel": null, "service": null }, "geometry": { "type": "LineString", "coordinates": [ [ 133.5301236, 33.4884969 ], [ 133.529941, 33.489473 ], [ 133.529866, 33.4897484 ] ] } },
{ "type": "Feature", "properties": { "u": 1557770760, "v": 1557770740, "key": 0, "osmid": "142325502", "lanes": null, "ref": null, "name": null, "highway": "residential", "maxspeed": null, "oneway": false, "reversed": "False", "length": 132.456, "bridge": null, "tunnel": null, "service": null }, "geometry": { "type": "LineString", "coordinates": [ [ 133.5315338, 33.488686 ], [ 133.5301236, 33.4884969 ] ] } },
{ "type": "Feature", "properties": { "u": 1557770760, "v": 1557770572, "key": 0, "osmid": "142326119", "lanes": null, "ref": null, "name": null, "highway": "residential", "maxspeed": null, "oneway": false, "reversed": "True", "length": 125.599, "bridge": null, "tunnel": null, "service": null }, "geometry": { "type": "LineString", "coordinates": [ [ 133.5315338, 33.488686 ], [ 133.531652799999989, 33.4880652 ], [ 133.5317511, 33.4875711 ] ] } },
{ "type": "Feature", "properties": { "u": 1557770760, "v": 1557770986, "key": 0, "osmid": "142326509", "lanes": null, "ref": null, "name": null, "highway": "residential", "maxspeed": null, "oneway": false, "reversed": "False", "length": 139.262, "bridge": null, "tunnel": null, "service": null }, "geometry": { "type": "LineString", "coordinates": [ [ 133.5315338, 33.488686 ], [ 133.53146, 33.489197 ], [ 133.5313213, 33.4899256 ] ] } },
{ "type": "Feature", "properties": { "u": 1557770760, "v": 1557770804, "key": 0, "osmid": [ 1166128624, 142325584, 1166128623 ], "lanes": null, "ref": null, "name": null, "highway": "residential", "maxspeed": null, "oneway": false, "reversed": "True", "length": 235.114, "bridge": "yes", "tunnel": null, "service": null }, "geometry": { "type": "LineString", "coordinates": [ [ 133.5315338, 33.488686 ], [ 133.5315521, 33.4886879 ], [ 133.5316092, 33.4886939 ], [ 133.5340493, 33.4889498 ] ] } },
{ "type": "Feature", "properties": { "u": 1557770764, "v": 1557770594, "key": 0, "osmid": "142325855", "lanes": null, "ref": null, "name": null, "highway": "residential", "maxspeed": null, "oneway": false, "reversed": "False", "length": 176.425, "bridge": null, "tunnel": null, "service": null }, "geometry": { "type": "LineString", "coordinates": [ [ 133.5240354, 33.4886282 ], [ 133.5227615, 33.4874498 ] ] } },
{ "type": "Feature", "properties": { "u": 1557770764, "v": 1557770671, "key": 0, "osmid": "502980804", "lanes": null, "ref": null, "name": null, "highway": "residential", "maxspeed": null, "oneway": false, "reversed": "False", "length": 106.003, "bridge": null, "tunnel": null, "service": null }, "geometry": { "type": "LineString", "coordinates": [ [ 133.5240354, 33.4886282 ], [ 133.5248805, 33.4879863 ] ] } },
{ "type": "Feature", "properties": { "u": 1557770764, "v": 1557770827, "key": 0, "osmid": "142326324", "lanes": null, "ref": null, "name": null, "highway": "residential", "maxspeed": null, "oneway": false, "reversed": "True", "length": 53.329, "bridge": null, "tunnel": null, "service": null }, "geometry": { "type": "LineString", "coordinates": [ [ 133.5240354, 33.4886282 ], [ 133.5238966, 33.4887435 ], [ 133.5238123, 33.4888199 ], [ 133.523791, 33.488943 ], [ 133.523803500000014, 33.4890304 ] ] } },
{ "type": "Feature", "properties": { "u": 1557770768, "v": 1557770784, "key": 0, "osmid": "142325935", "lanes": null, "ref": null, "name": null, "highway": "unclassified", "maxspeed": null, "oneway": false, "reversed": "True", "length": 10.602, "bridge": null, "tunnel": null, "service": null }, "geometry": { "type": "LineString", "coordinates": [ [ 133.5091196, 33.4887277 ], [ 133.5092095, 33.4887866 ] ] } },
{ "type": "Feature", "properties": { "u": 1557770768, "v": 1557770296, "key": 0, "osmid": "142325809", "lanes": null, "ref": null, "name": null, "highway": "path", "maxspeed": null, "oneway": false, "reversed": "True", "length": 630.407, "bridge": null, "tunnel": null, "service": null }, "geometry": { "type": "LineString", "coordinates": [ [ 133.5091196, 33.4887277 ], [ 133.509240299999988, 33.4885561 ], [ 133.509696, 33.4880202 ], [ 133.5100028, 33.4876792 ], [ 133.51024670000001, 33.4874524 ], [ 133.5106916, 33.4871034 ], [ 133.511141900000013, 33.4868623 ], [ 133.5118775, 33.4865197 ], [ 133.5126727, 33.4861595 ], [ 133.513532, 33.4857748 ], [ 133.513961, 33.4856107 ], [ 133.514224500000012, 33.4855336 ], [ 133.5144254, 33.485512 ], [ 133.5144979, 33.4855149 ] ] } },
{ "type": "Feature", "properties": { "u": 1557770771, "v": 1557770863, "key": 0, "osmid": "142326172", "lanes": null, "ref": null, "name": null, "highway": "residential", "maxspeed": null, "oneway": false, "reversed": "True", "length": 50.286, "bridge": null, "tunnel": null, "service": null }, "geometry": { "type": "LineString", "coordinates": [ [ 133.5269475, 33.4888713 ], [ 133.5269513, 33.4889055 ], [ 133.526673, 33.489253 ] ] } },
{ "type": "Feature", "properties": { "u": 1557770771, "v": 1557770704, "key": 0, "osmid": "502980803", "lanes": null, "ref": null, "name": null, "highway": "residential", "maxspeed": null, "oneway": false, "reversed": "False", "length": 91.504, "bridge": null, "tunnel": null, "service": null }, "geometry": { "type": "LineString", "coordinates": [ [ 133.5269475, 33.4888713 ], [ 133.526183800000013, 33.4884789 ], [ 133.5261288, 33.4884198 ] ] } },
{ "type": "Feature", "properties": { "u": 1557770771, "v": 1557770806, "key": 0, "osmid": "502980803", "lanes": null, "ref": null, "name": null, "highway": "residential", "maxspeed": null, "oneway": false, "reversed": "True", "length": 105.763, "bridge": null, "tunnel": null, "service": null }, "geometry": { "type": "LineString", "coordinates": [ [ 133.5269475, 33.4888713 ], [ 133.5269898, 33.488838 ], [ 133.527028699999988, 33.4887731 ], [ 133.5270931, 33.488744 ], [ 133.5271655, 33.488763 ], [ 133.527386799999988, 33.4888603 ], [ 133.527946500000013, 33.4890311 ] ] } },
{ "type": "Feature", "properties": { "u": 1557770778, "v": 1557770671, "key": 0, "osmid": "142326499", "lanes": null, "ref": null, "name": null, "highway": "residential", "maxspeed": null, "oneway": false, "reversed": "False", "length": 106.627, "bridge": null, "tunnel": null, "service": null }, "geometry": { "type": "LineString", "coordinates": [ [ 133.525652799999989, 33.4886967 ], [ 133.5248805, 33.4879863 ] ] } },
{ "type": "Feature", "properties": { "u": 1557770778, "v": 1557770704, "key": 0, "osmid": "142325901", "lanes": null, "ref": null, "name": null, "highway": "residential", "maxspeed": null, "oneway": false, "reversed": "True", "length": 54.345, "bridge": null, "tunnel": null, "service": null }, "geometry": { "type": "LineString", "coordinates": [ [ 133.525652799999989, 33.4886967 ], [ 133.526065499999987, 33.4884311 ], [ 133.5261288, 33.4884198 ] ] } },
{ "type": "Feature", "properties": { "u": 1557770778, "v": 1557770894, "key": 0, "osmid": "142326017", "lanes": null, "ref": null, "name": null, "highway": "residential", "maxspeed": null, "oneway": false, "reversed": "False", "length": 105.822, "bridge": null, "tunnel": null, "service": null }, "geometry": { "type": "LineString", "coordinates": [ [ 133.525652799999989, 33.4886967 ], [ 133.525296, 33.4889688 ], [ 133.5251903, 33.4890897 ], [ 133.5249835, 33.4892988 ], [ 133.5248646, 33.4893794 ] ] } },
{ "type": "Feature", "properties": { "u": 1557770778, "v": 1557770863, "key": 0, "osmid": "142326050", "lanes": null, "ref": null, "name": null, "highway": "residential", "maxspeed": null, "oneway": false, "reversed": "True", "length": 113.04, "bridge": null, "tunnel": null, "service": null }, "geometry": { "type": "LineString", "coordinates": [ [ 133.525652799999989, 33.4886967 ], [ 133.526008, 33.488886 ], [ 133.526673, 33.489253 ] ] } },
{ "type": "Feature", "properties": { "u": 1557770784, "v": 1557770768, "key": 0, "osmid": "142325935", "lanes": null, "ref": null, "name": null, "highway": "unclassified", "maxspeed": null, "oneway": false, "reversed": "False", "length": 10.602, "bridge": null, "tunnel": null, "service": null }, "geometry": { "type": "LineString", "coordinates": [ [ 133.5092095, 33.4887866 ], [ 133.5091196, 33.4887277 ] ] } },
{ "type": "Feature", "properties": { "u": 1557770784, "v": 1557770811, "key": 0, "osmid": "142325935", "lanes": null, "ref": null, "name": null, "highway": "unclassified", "maxspeed": null, "oneway": false, "reversed": "True", "length": 32.95, "bridge": null, "tunnel": null, "service": null }, "geometry": { "type": "LineString", "coordinates": [ [ 133.5092095, 33.4887866 ], [ 133.5093832, 33.4890451 ] ] } },
{ "type": "Feature", "properties": { "u": 1557770784, "v": 1557770470, "key": 0, "osmid": "142327656", "lanes": null, "ref": null, "name": null, "highway": "unclassified", "maxspeed": null, "oneway": false, "reversed": "True", "length": 419.101, "bridge": null, "tunnel": null, "service": null }, "geometry": { "type": "LineString", "coordinates": [ [ 133.5092095, 33.4887866 ], [ 133.5093281, 33.4886591 ], [ 133.5095796, 33.4882921 ], [ 133.509927299999987, 33.4878809 ], [ 133.5102283, 33.4875761 ], [ 133.510439100000013, 33.4873945 ], [ 133.51066130000001, 33.487235 ], [ 133.5109636, 33.4870399 ], [ 133.511427200000014, 33.4868119 ], [ 133.5125065, 33.4863279 ] ] } },
{ "type": "Feature", "properties": { "u": 1557770791, "v": 1431444670, "key": 0, "osmid": "129809950", "lanes": "1", "ref": "278", "name": "弘岡下種崎線", "highway": "secondary", "maxspeed": "30", "oneway": false, "reversed": "True", "length": 3.184, "bridge": null, "tunnel": null, "service": null }, "geometry": { "type": "LineString", "coordinates": [ [ 133.5174021, 33.4888167 ], [ 133.5173704, 33.4888277 ] ] } },
{ "type": "Feature", "properties": { "u": 1557770791, "v": 10699694986, "key": 0, "osmid": "129809950", "lanes": "1", "ref": "278", "name": "弘岡下種崎線", "highway": "secondary", "maxspeed": "30", "oneway": false, "reversed": "False", "length": 24.037, "bridge": null, "tunnel": null, "service": null }, "geometry": { "type": "LineString", "coordinates": [ [ 133.5174021, 33.4888167 ], [ 133.5174551, 33.4888156 ], [ 133.5176611, 33.4888084 ] ] } },
{ "type": "Feature", "properties": { "u": 1557770791, "v": 10948459344, "key": 0, "osmid": [ 142326605, 1150182350 ], "lanes": null, "ref": null, "name": null, "highway": "residential", "maxspeed": null, "oneway": false, "reversed": "True", "length": 102.984, "bridge": "yes", "tunnel": null, "service": null }, "geometry": { "type": "LineString", "coordinates": [ [ 133.5174021, 33.4888167 ], [ 133.5174206, 33.4887688 ], [ 133.517473, 33.488633 ], [ 133.517648, 33.488362 ], [ 133.5176918, 33.4879382 ] ] } },
{ "type": "Feature", "properties": { "u": 1557770804, "v": 1557771053, "key": 0, "osmid": "142325073", "lanes": null, "ref": null, "name": null, "highway": "path", "maxspeed": null, "oneway": false, "reversed": "False", "length": 163.485, "bridge": null, "tunnel": null, "service": null }, "geometry": { "type": "LineString", "coordinates": [ [ 133.5340493, 33.4889498 ], [ 133.533987599999989, 33.4890883 ], [ 133.533884699999987, 33.4892453 ], [ 133.5337101, 33.4893782 ], [ 133.533536, 33.489439 ], [ 133.533348, 33.489631 ], [ 133.533328, 33.489687 ], [ 133.533314, 33.489698 ], [ 133.533335, 33.489828 ], [ 133.533335, 33.489907 ], [ 133.5333429, 33.4901634 ] ] } },
{ "type": "Feature", "properties": { "u": 1557770804, "v": 1557770760, "key": 0, "osmid": [ 142325584, 1166128624, 1166128623 ], "lanes": null, "ref": null, "name": null, "highway": "residential", "maxspeed": null, "oneway": false, "reversed": "False", "length": 235.114, "bridge": "yes", "tunnel": null, "service": null }, "geometry": { "type": "LineString", "coordinates": [ [ 133.5340493, 33.4889498 ], [ 133.5316092, 33.4886939 ], [ 133.5315521, 33.4886879 ], [ 133.5315338, 33.488686 ] ] } },
{ "type": "Feature", "properties": { "u": 1557770804, "v": 1557770644, "key": 0, "osmid": "142326166", "lanes": null, "ref": null, "name": null, "highway": "path", "maxspeed": null, "oneway": false, "reversed": "True", "length": 123.904, "bridge": null, "tunnel": null, "service": null }, "geometry": { "type": "LineString", "coordinates": [ [ 133.5340493, 33.4889498 ], [ 133.534074, 33.488722 ], [ 133.534101, 33.48795 ], [ 133.534121, 33.487838 ] ] } },
{ "type": "Feature", "properties": { "u": 1557770806, "v": 1557770979, "key": 0, "osmid": "142326502", "lanes": null, "ref": null, "name": null, "highway": "path", "maxspeed": null, "oneway": false, "reversed": "False", "length": 86.682, "bridge": null, "tunnel": null, "service": null }, "geometry": { "type": "LineString", "coordinates": [ [ 133.527946500000013, 33.4890311 ], [ 133.5277096, 33.4897852 ] ] } },
{ "type": "Feature", "properties": { "u": 1557770806, "v": 1557770659, "key": 0, "osmid": "142326502", "lanes": null, "ref": null, "name": null, "highway": "path", "maxspeed": null, "oneway": false, "reversed": "True", "length": 130.423, "bridge": null, "tunnel": null, "service": null }, "geometry": { "type": "LineString", "coordinates": [ [ 133.527946500000013, 33.4890311 ], [ 133.5281679, 33.4884781 ], [ 133.528329, 33.4882015 ], [ 133.528471700000011, 33.4879454 ] ] } },
{ "type": "Feature", "properties": { "u": 1557770806, "v": 1557770771, "key": 0, "osmid": "502980803", "lanes": null, "ref": null, "name": null, "highway": "residential", "maxspeed": null, "oneway": false, "reversed": "False", "length": 105.763, "bridge": null, "tunnel": null, "service": null }, "geometry": { "type": "LineString", "coordinates": [ [ 133.527946500000013, 33.4890311 ], [ 133.527386799999988, 33.4888603 ], [ 133.5271655, 33.488763 ], [ 133.5270931, 33.488744 ], [ 133.527028699999988, 33.4887731 ], [ 133.5269898, 33.488838 ], [ 133.5269475, 33.4888713 ] ] } },
{ "type": "Feature", "properties": { "u": 1557770810, "v": 1557770847, "key": 0, "osmid": "142325624", "lanes": null, "ref": null, "name": null, "highway": "residential", "maxspeed": null, "oneway": false, "reversed": "True", "length": 32.437, "bridge": null, "tunnel": null, "service": null }, "geometry": { "type": "LineString", "coordinates": [ [ 133.5113893, 33.4889942 ], [ 133.511099300000012, 33.4891573 ] ] } },
{ "type": "Feature", "properties": { "u": 1557770810, "v": 1557770850, "key": 0, "osmid": "142325902", "lanes": null, "ref": null, "name": null, "highway": "residential", "maxspeed": null, "oneway": false, "reversed": "True", "length": 146.98, "bridge": null, "tunnel": null, "service": null }, "geometry": { "type": "LineString", "coordinates": [ [ 133.5113893, 33.4889942 ], [ 133.511654, 33.489344 ], [ 133.5126194, 33.4889238 ] ] } },
{ "type": "Feature", "properties": { "u": 1557770810, "v": 1557770625, "key": 0, "osmid": "142326468", "lanes": null, "ref": null, "name": null, "highway": "residential", "maxspeed": null, "oneway": false, "reversed": "False", "length": 242.568, "bridge": null, "tunnel": null, "service": null }, "geometry": { "type": "LineString", "coordinates": [ [ 133.5113893, 33.4889942 ], [ 133.511737900000014, 33.4887039 ], [ 133.5120985, 33.4884538 ], [ 133.5125305, 33.4881722 ], [ 133.513377100000014, 33.487719 ], [ 133.513476200000014, 33.4877096 ] ] } },
{ "type": "Feature", "properties": { "u": 1557770811, "v": 1557770784, "key": 0, "osmid": "142325935", "lanes": null, "ref": null, "name": null, "highway": "unclassified", "maxspeed": null, "oneway": false, "reversed": "False", "length": 32.95, "bridge": null, "tunnel": null, "service": null }, "geometry": { "type": "LineString", "coordinates": [ [ 133.5093832, 33.4890451 ], [ 133.5092095, 33.4887866 ] ] } },
{ "type": "Feature", "properties": { "u": 1557770811, "v": 1557770848, "key": 0, "osmid": "142325935", "lanes": null, "ref": null, "name": null, "highway": "unclassified", "maxspeed": null, "oneway": false, "reversed": "True", "length": 23.122, "bridge": null, "tunnel": null, "service": null }, "geometry": { "type": "LineString", "coordinates": [ [ 133.5093832, 33.4890451 ], [ 133.509521, 33.4892184 ] ] } },
{ "type": "Feature", "properties": { "u": 1557770811, "v": 5381937718, "key": 0, "osmid": "142325082", "lanes": null, "ref": null, "name": null, "highway": "residential", "maxspeed": null, "oneway": false, "reversed": "True", "length": 220.057, "bridge": null, "tunnel": null, "service": null }, "geometry": { "type": "LineString", "coordinates": [ [ 133.5093832, 33.4890451 ], [ 133.509078100000011, 33.4892322 ], [ 133.5089558, 33.4893406 ], [ 133.508735699999988, 33.4895656 ], [ 133.5085724, 33.4897594 ], [ 133.5085221, 33.4898208 ], [ 133.5081676, 33.4900974 ], [ 133.507905599999987, 33.490292 ], [ 133.5077114, 33.4903888 ], [ 133.507683500000013, 33.4904017 ] ] } },
{ "type": "Feature", "properties": { "u": 1557770813, "v": 1557770669, "key": 0, "osmid": "142326163", "lanes": null, "ref": null, "name": null, "highway": "residential", "maxspeed": null, "oneway": false, "reversed": "False", "length": 134.652, "bridge": null, "tunnel": null, "service": null }, "geometry": { "type": "LineString", "coordinates": [ [ 133.52289540000001, 33.4889838 ], [ 133.5219373, 33.4880739 ] ] } },
{ "type": "Feature", "properties": { "u": 1557770822, "v": 1557770906, "key": 0, "osmid": "129809950", "lanes": "1", "ref": "278", "name": "弘岡下種崎線", "highway": "secondary", "maxspeed": "30", "oneway": false, "reversed": "False", "length": 109.096, "bridge": null, "tunnel": null, "service": null }, "geometry": { "type": "LineString", "coordinates": [ [ 133.5208839, 33.4889727 ], [ 133.5209549, 33.4890083 ], [ 133.52108960000001, 33.4890958 ], [ 133.521227900000014, 33.4891921 ], [ 133.5214734, 33.4893093 ], [ 133.5218979, 33.4894566 ] ] } },
{ "type": "Feature", "properties": { "u": 1557770822, "v": 1431444678, "key": 0, "osmid": "129809950", "lanes": "1", "ref": "278", "name": "弘岡下種崎線", "highway": "secondary", "maxspeed": "30", "oneway": false, "reversed": "True", "length": 48.352, "bridge": null, "tunnel": null, "service": null }, "geometry": { "type": "LineString", "coordinates": [ [ 133.5208839, 33.4889727 ], [ 133.5208222, 33.4889601 ], [ 133.5206988, 33.4889478 ], [ 133.520366200000012, 33.4889264 ] ] } },
{ "type": "Feature", "properties": { "u": 1557770822, "v": 1557770669, "key": 0, "osmid": "142325747", "lanes": null, "ref": null, "name": null, "highway": "tertiary", "maxspeed": null, "oneway": false, "reversed": "True", "length": 140.383, "bridge": null, "tunnel": null, "service": null }, "geometry": { "type": "LineString", "coordinates": [ [ 133.5208839, 33.4889727 ], [ 133.520958900000011, 33.4888648 ], [ 133.5213317, 33.4885248 ], [ 133.5219373, 33.4880739 ] ] } },
{ "type": "Feature", "properties": { "u": 1557770827, "v": 1431444710, "key": 0, "osmid": "129809950", "lanes": "1", "ref": "278", "name": "弘岡下種崎線", "highway": "secondary", "maxspeed": "30", "oneway": false, "reversed": "False", "length": 45.414, "bridge": null, "tunnel": null, "service": null }, "geometry": { "type": "LineString", "coordinates": [ [ 133.523803500000014, 33.4890304 ], [ 133.523937600000011, 33.4890694 ], [ 133.524075399999987, 33.4891317 ], [ 133.5242326, 33.4892221 ] ] } },
{ "type": "Feature", "properties": { "u": 1557770827, "v": 1557770906, "key": 0, "osmid": "129809950", "lanes": "1", "ref": "278", "name": "弘岡下種崎線", "highway": "secondary", "maxspeed": "30", "oneway": false, "reversed": "True", "length": 192.062, "bridge": null, "tunnel": null, "service": null }, "geometry": { "type": "LineString", "coordinates": [ [ 133.523803500000014, 33.4890304 ], [ 133.5237166, 33.4890147 ], [ 133.523565100000013, 33.4890005 ], [ 133.5234501, 33.4890033 ], [ 133.52333680000001, 33.4890257 ], [ 133.5230769, 33.4891141 ], [ 133.5229795, 33.4891529 ], [ 133.5228043, 33.4892795 ], [ 133.522704800000014, 33.4893395 ], [ 133.5225131, 33.4894296 ], [ 133.522381, 33.4894737 ], [ 133.5222407, 33.4894984 ], [ 133.5220889, 33.4894984 ], [ 133.5218979, 33.4894566 ] ] } },
{ "type": "Feature", "properties": { "u": 1557770827, "v": 1557770764, "key": 0, "osmid": "142326324", "lanes": null, "ref": null, "name": null, "highway": "residential", "maxspeed": null, "oneway": false, "reversed": "False", "length": 53.329, "bridge": null, "tunnel": null, "service": null }, "geometry": { "type": "LineString", "coordinates": [ [ 133.523803500000014, 33.4890304 ], [ 133.523791, 33.488943 ], [ 133.5238123, 33.4888199 ], [ 133.5238966, 33.4887435 ], [ 133.5240354, 33.4886282 ] ] } },
{ "type": "Feature", "properties": { "u": 1557770847, "v": 1557770810, "key": 0, "osmid": "142325624", "lanes": null, "ref": null, "name": null, "highway": "residential", "maxspeed": null, "oneway": false, "reversed": "False", "length": 32.437, "bridge": null, "tunnel": null, "service": null }, "geometry": { "type": "LineString", "coordinates": [ [ 133.511099300000012, 33.4891573 ], [ 133.5113893, 33.4889942 ] ] } },
{ "type": "Feature", "properties": { "u": 1557770847, "v": 5487625094, "key": 0, "osmid": "142326583", "lanes": null, "ref": null, "name": null, "highway": "residential", "maxspeed": null, "oneway": false, "reversed": "True", "length": 68.734, "bridge": null, "tunnel": null, "service": null }, "geometry": { "type": "LineString", "coordinates": [ [ 133.511099300000012, 33.4891573 ], [ 133.5106883, 33.4886429 ] ] } },
{ "type": "Feature", "properties": { "u": 1557770847, "v": 1557771018, "key": 0, "osmid": "142326945", "lanes": null, "ref": null, "name": null, "highway": "residential", "maxspeed": null, "oneway": false, "reversed": "False", "length": 193.176, "bridge": null, "tunnel": null, "service": null }, "geometry": { "type": "LineString", "coordinates": [ [ 133.511099300000012, 33.4891573 ], [ 133.510859, 33.489292 ], [ 133.51040230000001, 33.4895351 ], [ 133.510005, 33.48968 ], [ 133.5094044, 33.4899409 ], [ 133.509278, 33.4899929 ] ] } },
{ "type": "Feature", "properties": { "u": 1557770848, "v": 1557770811, "key": 0, "osmid": "142325935", "lanes": null, "ref": null, "name": null, "highway": "unclassified", "maxspeed": null, "oneway": false, "reversed": "False", "length": 23.122, "bridge": null, "tunnel": null, "service": null }, "geometry": { "type": "LineString", "coordinates": [ [ 133.509521, 33.4892184 ], [ 133.5093832, 33.4890451 ] ] } },
{ "type": "Feature", "properties": { "u": 1557770848, "v": 1557771018, "key": 0, "osmid": "142325935", "lanes": null, "ref": null, "name": null, "highway": "unclassified", "maxspeed": null, "oneway": false, "reversed": "True", "length": 94.187, "bridge": null, "tunnel": null, "service": null }, "geometry": { "type": "LineString", "coordinates": [ [ 133.509521, 33.4892184 ], [ 133.509333, 33.489539 ], [ 133.509238, 33.4896983 ], [ 133.509196, 33.4898025 ], [ 133.509278, 33.4899929 ] ] } },
{ "type": "Feature", "properties": { "u": 1557770848, "v": 5487625094, "key": 0, "osmid": "570813373", "lanes": null, "ref": null, "name": null, "highway": "residential", "maxspeed": null, "oneway": false, "reversed": "False", "length": 125.89, "bridge": null, "tunnel": null, "service": null }, "geometry": { "type": "LineString", "coordinates": [ [ 133.509521, 33.4892184 ], [ 133.51008250000001, 33.4889724 ], [ 133.5106883, 33.4886429 ] ] } },
{ "type": "Feature", "properties": { "u": 1557770850, "v": 1557771114, "key": 0, "osmid": "142325124", "lanes": null, "ref": null, "name": null, "highway": "residential", "maxspeed": null, "oneway": false, "reversed": "True", "length": 344.839, "bridge": null, "tunnel": null, "service": null }, "geometry": { "type": "LineString", "coordinates": [ [ 133.5126194, 33.4889238 ], [ 133.5128975, 33.4892965 ], [ 133.5126869, 33.4895113 ], [ 133.5126033, 33.4896968 ], [ 133.5125826, 33.4898628 ], [ 133.512506800000011, 33.4899815 ], [ 133.5118713, 33.4901417 ], [ 133.510343799999987, 33.4905292 ] ] } },
{ "type": "Feature", "properties": { "u": 1557770850, "v": 1557770810, "key": 0, "osmid": "142325902", "lanes": null, "ref": null, "name": null, "highway": "residential", "maxspeed": null, "oneway": false, "reversed": "False", "length": 146.98, "bridge": null, "tunnel": null, "service": null }, "geometry": { "type": "LineString", "coordinates": [ [ 133.5126194, 33.4889238 ], [ 133.511654, 33.489344 ], [ 133.5113893, 33.4889942 ] ] } },
{ "type": "Feature", "properties": { "u": 1557770850, "v": 10948459337, "key": 0, "osmid": "142326317", "lanes": null, "ref": null, "name": null, "highway": "residential", "maxspeed": null, "oneway": false, "reversed": "True", "length": 141.454, "bridge": null, "tunnel": null, "service": null }, "geometry": { "type": "LineString", "coordinates": [ [ 133.5126194, 33.4889238 ], [ 133.513317, 33.4886404 ], [ 133.513837, 33.488396 ], [ 133.5139677, 33.4883305 ] ] } },
{ "type": "Feature", "properties": { "u": 1557770854, "v": 1431444670, "key": 0, "osmid": "129809950", "lanes": "1", "ref": "278", "name": "弘岡下種崎線", "highway": "secondary", "maxspeed": "30", "oneway": false, "reversed": "False", "length": 82.462, "bridge": null, "tunnel": null, "service": null }, "geometry": { "type": "LineString", "coordinates": [ [ 133.516593199999988, 33.4891808 ], [ 133.516765, 33.4891025 ], [ 133.5170579, 33.4889386 ], [ 133.517136099999988, 33.4889007 ], [ 133.5172383, 33.4888652 ], [ 133.5173704, 33.4888277 ] ] } },
{ "type": "Feature", "properties": { "u": 1557770854, "v": 1557770953, "key": 0, "osmid": "129809950", "lanes": "1", "ref": "278", "name": "弘岡下種崎線", "highway": "secondary", "maxspeed": "30", "oneway": false, "reversed": "True", "length": 107.655, "bridge": null, "tunnel": null, "service": null }, "geometry": { "type": "LineString", "coordinates": [ [ 133.516593199999988, 33.4891808 ], [ 133.515814799999987, 33.4895426 ], [ 133.5155949, 33.4896729 ] ] } },
{ "type": "Feature", "properties": { "u": 1557770854, "v": 1557771117, "key": 0, "osmid": "142326707", "lanes": null, "ref": null, "name": null, "highway": "residential", "maxspeed": null, "oneway": false, "reversed": "False", "length": 142.08, "bridge": null, "tunnel": null, "service": null }, "geometry": { "type": "LineString", "coordinates": [ [ 133.516593199999988, 33.4891808 ], [ 133.5167143, 33.4895057 ], [ 133.51686140000001, 33.4897268 ], [ 133.516969, 33.489822 ], [ 133.517063, 33.490019 ], [ 133.517164, 33.490272 ], [ 133.517175900000012, 33.4903465 ] ] } },
{ "type": "Feature", "properties": { "u": 1557770863, "v": 1557770979, "key": 0, "osmid": "142325422", "lanes": null, "ref": null, "name": null, "highway": "residential", "maxspeed": null, "oneway": false, "reversed": "True", "length": 112.884, "bridge": null, "tunnel": null, "service": null }, "geometry": { "type": "LineString", "coordinates": [ [ 133.526673, 33.489253 ], [ 133.5277096, 33.4897852 ] ] } },
{ "type": "Feature", "properties": { "u": 1557770863, "v": 1557771041, "key": 0, "osmid": "142325541", "lanes": null, "ref": null, "name": null, "highway": "residential", "maxspeed": null, "oneway": false, "reversed": "False", "length": 101.769, "bridge": null, "tunnel": null, "service": null }, "geometry": { "type": "LineString", "coordinates": [ [ 133.526673, 33.489253 ], [ 133.526095, 33.490031 ] ] } },
{ "type": "Feature", "properties": { "u": 1557770863, "v": 1557770778, "key": 0, "osmid": "142326050", "lanes": null, "ref": null, "name": null, "highway": "residential", "maxspeed": null, "oneway": false, "reversed": "False", "length": 113.04, "bridge": null, "tunnel": null, "service": null }, "geometry": { "type": "LineString", "coordinates": [ [ 133.526673, 33.489253 ], [ 133.526008, 33.488886 ], [ 133.525652799999989, 33.4886967 ] ] } },
{ "type": "Feature", "properties": { "u": 1557770863, "v": 1557770771, "key": 0, "osmid": "142326172", "lanes": null, "ref": null, "name": null, "highway": "residential", "maxspeed": null, "oneway": false, "reversed": "False", "length": 50.286, "bridge": null, "tunnel": null, "service": null }, "geometry": { "type": "LineString", "coordinates": [ [ 133.526673, 33.489253 ], [ 133.5269513, 33.4889055 ], [ 133.5269475, 33.4888713 ] ] } },
{ "type": "Feature", "properties": { "u": 1557770870, "v": 1557770903, "key": 0, "osmid": "142326210", "lanes": null, "ref": null, "name": null, "highway": "residential", "maxspeed": null, "oneway": false, "reversed": "False", "length": 28.367, "bridge": null, "tunnel": null, "service": null }, "geometry": { "type": "LineString", "coordinates": [ [ 133.5145657, 33.4893458 ], [ 133.5147418, 33.4895544 ] ] } },
{ "type": "Feature", "properties": { "u": 1557770870, "v": 1557770552, "key": 0, "osmid": "142325295", "lanes": null, "ref": null, "name": null, "highway": "residential", "maxspeed": null, "oneway": false, "reversed": "True", "length": 420.23, "bridge": null, "tunnel": null, "service": null }, "geometry": { "type": "LineString", "coordinates": [ [ 133.5145657, 33.4893458 ], [ 133.514602700000012, 33.4892993 ], [ 133.5146154, 33.4891914 ], [ 133.514661, 33.4891478 ], [ 133.514805700000011, 33.489048 ], [ 133.5149034, 33.4889238 ], [ 133.5149973, 33.4886334 ], [ 133.5150353, 33.4884257 ], [ 133.5150367, 33.4883118 ], [ 133.515079500000013, 33.4882675 ], [ 133.5154192, 33.4880442 ], [ 133.5157972, 33.4877561 ], [ 133.5161904, 33.4874845 ], [ 133.51642480000001, 33.4873497 ], [ 133.5165802, 33.4873022 ], [ 133.5168907, 33.4872498 ], [ 133.517214, 33.487213 ], [ 133.5176232, 33.4871902 ], [ 133.5177462, 33.4871971 ] ] } },
{ "type": "Feature", "properties": { "u": 1557770870, "v": 1557770731, "key": 0, "osmid": [ 142325978, 142325938, 142326101 ], "lanes": null, "ref": null, "name": null, "highway": [ "unclassified", "residential" ], "maxspeed": null, "oneway": false, "reversed": [ false, true ], "length": 126.458, "bridge": "yes", "tunnel": null, "service": null }, "geometry": { "type": "LineString", "coordinates": [ [ 133.5145657, 33.4893458 ], [ 133.5145128, 33.4892743 ], [ 133.5144709, 33.4892103 ], [ 133.5143118, 33.4889036 ], [ 133.5142064, 33.4886883 ], [ 133.5140154, 33.4883066 ] ] } },
{ "type": "Feature", "properties": { "u": 1557770894, "v": 1557771041, "key": 0, "osmid": "142325728", "lanes": null, "ref": null, "name": null, "highway": "residential", "maxspeed": null, "oneway": false, "reversed": "False", "length": 135.162, "bridge": null, "tunnel": null, "service": null }, "geometry": { "type": "LineString", "coordinates": [ [ 133.5248646, 33.4893794 ], [ 133.526095, 33.490031 ] ] } },
{ "type": "Feature", "properties": { "u": 1557770894, "v": 4933375133, "key": 0, "osmid": "502980805", "lanes": null, "ref": null, "name": null, "highway": "residential", "maxspeed": null, "oneway": false, "reversed": "False", "length": 17.953, "bridge": null, "tunnel": null, "service": null }, "geometry": { "type": "LineString", "coordinates": [ [ 133.5248646, 33.4893794 ], [ 133.5246938, 33.4894554 ] ] } },
{ "type": "Feature", "properties": { "u": 1557770894, "v": 1557770778, "key": 0, "osmid": "142326017", "lanes": null, "ref": null, "name": null, "highway": "residential", "maxspeed": null, "oneway": false, "reversed": "True", "length": 105.822, "bridge": null, "tunnel": null, "service": null }, "geometry": { "type": "LineString", "coordinates": [ [ 133.5248646, 33.4893794 ], [ 133.5249835, 33.4892988 ], [ 133.5251903, 33.4890897 ], [ 133.525296, 33.4889688 ], [ 133.525652799999989, 33.4886967 ] ] } },
{ "type": "Feature", "properties": { "u": 1557770897, "v": 1557770947, "key": 0, "osmid": "142325540", "lanes": null, "ref": null, "name": null, "highway": "residential", "maxspeed": null, "oneway": false, "reversed": "True", "length": 173.014, "bridge": null, "tunnel": null, "service": null }, "geometry": { "type": "LineString", "coordinates": [ [ 133.528029800000013, 33.4894729 ], [ 133.529866, 33.4897484 ] ] } },
{ "type": "Feature", "properties": { "u": 1557770897, "v": 1557770708, "key": 0, "osmid": "568801525", "lanes": null, "ref": null, "name": null, "highway": "path", "maxspeed": null, "oneway": false, "reversed": "False", "length": 136.314, "bridge": null, "tunnel": null, "service": null }, "geometry": { "type": "LineString", "coordinates": [ [ 133.528029800000013, 33.4894729 ], [ 133.528313700000012, 33.4886542 ], [ 133.5285131, 33.4883196 ] ] } },
{ "type": "Feature", "properties": { "u": 1557770897, "v": 1557771157, "key": 0, "osmid": [ 1166128632, 568801525, 1166128631 ], "lanes": null, "ref": null, "name": null, "highway": "path", "maxspeed": null, "oneway": false, "reversed": "True", "length": 141.499, "bridge": "yes", "tunnel": null, "service": null }, "geometry": { "type": "LineString", "coordinates": [ [ 133.528029800000013, 33.4894729 ], [ 133.527920599999987, 33.4898655 ], [ 133.5278499, 33.4901001 ], [ 133.5278334, 33.4901548 ], [ 133.527734400000014, 33.4904828 ], [ 133.527774099999988, 33.4907134 ] ] } },
{ "type": "Feature", "properties": { "u": 1557770903, "v": 1557770870, "key": 0, "osmid": "142326210", "lanes": null, "ref": null, "name": null, "highway": "residential", "maxspeed": null, "oneway": false, "reversed": "True", "length": 28.367, "bridge": null, "tunnel": null, "service": null }, "geometry": { "type": "LineString", "coordinates": [ [ 133.5147418, 33.4895544 ], [ 133.5145657, 33.4893458 ] ] } },
{ "type": "Feature", "properties": { "u": 1557770903, "v": 1557771021, "key": 0, "osmid": [ 142326210, 502980811, 502980812 ], "lanes": null, "ref": null, "name": null, "highway": "residential", "maxspeed": null, "oneway": false, "reversed": "False", "length": 54.796, "bridge": "yes", "tunnel": null, "service": null }, "geometry": { "type": "LineString", "coordinates": [ [ 133.5147418, 33.4895544 ], [ 133.515063, 33.4898562 ], [ 133.5150976, 33.4898927 ], [ 133.515129699999989, 33.489926 ] ] } },
{ "type": "Feature", "properties": { "u": 1557770903, "v": 4933375143, "key": 0, "osmid": [ 502980808, 502980806, 502980807 ], "lanes": null, "ref": null, "name": null, "highway": "residential", "maxspeed": null, "oneway": false, "reversed": "False", "length": 259.929, "bridge": "yes", "tunnel": null, "service": null }, "geometry": { "type": "LineString", "coordinates": [ [ 133.5147418, 33.4895544 ], [ 133.514517500000011, 33.4896612 ], [ 133.514391499999988, 33.4896142 ], [ 133.5130517, 33.4904128 ], [ 133.513034299999987, 33.4906342 ], [ 133.5132824, 33.4909004 ], [ 133.5133132, 33.4909345 ], [ 133.513336900000013, 33.4909596 ] ] } },
{ "type": "Feature", "properties": { "u": 1557770906, "v": 1557770827, "key": 0, "osmid": "129809950", "lanes": "1", "ref": "278", "name": "弘岡下種崎線", "highway": "secondary", "maxspeed": "30", "oneway": false, "reversed": "False", "length": 192.062, "bridge": null, "tunnel": null, "service": null }, "geometry": { "type": "LineString", "coordinates": [ [ 133.5218979, 33.4894566 ], [ 133.5220889, 33.4894984 ], [ 133.5222407, 33.4894984 ], [ 133.522381, 33.4894737 ], [ 133.5225131, 33.4894296 ], [ 133.522704800000014, 33.4893395 ], [ 133.5228043, 33.4892795 ], [ 133.5229795, 33.4891529 ], [ 133.5230769, 33.4891141 ], [ 133.52333680000001, 33.4890257 ], [ 133.5234501, 33.4890033 ], [ 133.523565100000013, 33.4890005 ], [ 133.5237166, 33.4890147 ], [ 133.523803500000014, 33.4890304 ] ] } },
{ "type": "Feature", "properties": { "u": 1557770906, "v": 1557770822, "key": 0, "osmid": "129809950", "lanes": "1", "ref": "278", "name": "弘岡下種崎線", "highway": "secondary", "maxspeed": "30", "oneway": false, "reversed": "True", "length": 109.096, "bridge": null, "tunnel": null, "service": null }, "geometry": { "type": "LineString", "coordinates": [ [ 133.5218979, 33.4894566 ], [ 133.5214734, 33.4893093 ], [ 133.521227900000014, 33.4891921 ], [ 133.52108960000001, 33.4890958 ], [ 133.5209549, 33.4890083 ], [ 133.5208839, 33.4889727 ] ] } },
{ "type": "Feature", "properties": { "u": 1557770906, "v": 1557770991, "key": 0, "osmid": [ 142325118, 502980814, 502980815 ], "lanes": null, "ref": null, "name": null, "highway": "residential", "maxspeed": null, "oneway": false, "reversed": "True", "length": 144.435, "bridge": "yes", "tunnel": null, "service": null }, "geometry": { "type": "LineString", "coordinates": [ [ 133.5218979, 33.4894566 ], [ 133.5218865, 33.4894823 ], [ 133.5218762, 33.4895169 ], [ 133.521848, 33.489602 ], [ 133.521828, 33.489636 ], [ 133.521801, 33.489658 ], [ 133.521654, 33.489692 ], [ 133.521486, 33.489737 ], [ 133.5213949, 33.4897814 ], [ 133.521140300000013, 33.4898806 ], [ 133.5205743, 33.4899756 ] ] } },
{ "type": "Feature", "properties": { "u": 1557770947, "v": 1557770897, "key": 0, "osmid": "142325540", "lanes": null, "ref": null, "name": null, "highway": "residential", "maxspeed": null, "oneway": false, "reversed": "False", "length": 173.014, "bridge": null, "tunnel": null, "service": null }, "geometry": { "type": "LineString", "coordinates": [ [ 133.529866, 33.4897484 ], [ 133.528029800000013, 33.4894729 ] ] } },
{ "type": "Feature", "properties": { "u": 1557770947, "v": 1557770986, "key": 0, "osmid": "142325658", "lanes": null, "ref": null, "name": null, "highway": "residential", "maxspeed": null, "oneway": false, "reversed": "True", "length": 136.388, "bridge": null, "tunnel": null, "service": null }, "geometry": { "type": "LineString", "coordinates": [ [ 133.529866, 33.4897484 ], [ 133.5313213, 33.4899256 ] ] } },
{ "type": "Feature", "properties": { "u": 1557770947, "v": 1557771187, "key": 0, "osmid": [ 142325851, 1166128629, 1166128630 ], "lanes": null, "ref": null, "name": null, "highway": "residential", "maxspeed": null, "oneway": false, "reversed": "True", "length": 134.38, "bridge": "yes", "tunnel": null, "service": null }, "geometry": { "type": "LineString", "coordinates": [ [ 133.529866, 33.4897484 ], [ 133.529766, 33.4903591 ], [ 133.5297582, 33.4904069 ], [ 133.52967, 33.4909458 ] ] } },
{ "type": "Feature", "properties": { "u": 1557770947, "v": 1557770740, "key": 0, "osmid": "142325960", "lanes": null, "ref": null, "name": null, "highway": "residential", "maxspeed": null, "oneway": false, "reversed": "False", "length": 141.254, "bridge": null, "tunnel": null, "service": null }, "geometry": { "type": "LineString", "coordinates": [ [ 133.529866, 33.4897484 ], [ 133.529941, 33.489473 ], [ 133.5301236, 33.4884969 ] ] } },
{ "type": "Feature", "properties": { "u": 1557770953, "v": 1557770854, "key": 0, "osmid": "129809950", "lanes": "1", "ref": "278", "name": "弘岡下種崎線", "highway": "secondary", "maxspeed": "30", "oneway": false, "reversed": "False", "length": 107.655, "bridge": null, "tunnel": null, "service": null }, "geometry": { "type": "LineString", "coordinates": [ [ 133.5155949, 33.4896729 ], [ 133.515814799999987, 33.4895426 ], [ 133.516593199999988, 33.4891808 ] ] } },
{ "type": "Feature", "properties": { "u": 1557770953, "v": 1557771021, "key": 0, "osmid": [ 129809950, 129809951 ], "lanes": [ "2", "1" ], "ref": "278", "name": "弘岡下種崎線", "highway": "secondary", "maxspeed": [ "30", "40" ], "oneway": false, "reversed": "True", "length": 51.661, "bridge": null, "tunnel": null, "service": null }, "geometry": { "type": "LineString", "coordinates": [ [ 133.5155949, 33.4896729 ], [ 133.5153928, 33.4897981 ], [ 133.515162299999986, 33.4899168 ], [ 133.515129699999989, 33.489926 ] ] } },
{ "type": "Feature", "properties": { "u": 1557770953, "v": 1557771185, "key": 0, "osmid": "142326061", "lanes": null, "ref": null, "name": null, "highway": "unclassified", "maxspeed": null, "oneway": false, "reversed": "False", "length": 120.609, "bridge": null, "tunnel": null, "service": null }, "geometry": { "type": "LineString", "coordinates": [ [ 133.5155949, 33.4896729 ], [ 133.5156461, 33.4897394 ], [ 133.5161099, 33.4905386 ], [ 133.5161726, 33.4906441 ] ] } },
{ "type": "Feature", "properties": { "u": 1557770979, "v": 1557770863, "key": 0, "osmid": "142325422", "lanes": null, "ref": null, "name": null, "highway": "residential", "maxspeed": null, "oneway": false, "reversed": "False", "length": 112.884, "bridge": null, "tunnel": null, "service": null }, "geometry": { "type": "LineString", "coordinates": [ [ 133.5277096, 33.4897852 ], [ 133.526673, 33.489253 ] ] } },
{ "type": "Feature", "properties": { "u": 1557770979, "v": 1557770806, "key": 0, "osmid": "142326502", "lanes": null, "ref": null, "name": null, "highway": "path", "maxspeed": null, "oneway": false, "reversed": "True", "length": 86.682, "bridge": null, "tunnel": null, "service": null }, "geometry": { "type": "LineString", "coordinates": [ [ 133.5277096, 33.4897852 ], [ 133.527946500000013, 33.4890311 ] ] } },
{ "type": "Feature", "properties": { "u": 1557770979, "v": 1557771164, "key": 0, "osmid": "142327090", "lanes": null, "ref": null, "name": null, "highway": "path", "maxspeed": null, "oneway": false, "reversed": "False", "length": 111.05, "bridge": null, "tunnel": null, "service": null }, "geometry": { "type": "LineString", "coordinates": [ [ 133.5277096, 33.4897852 ], [ 133.527618100000012, 33.4900789 ], [ 133.5275628, 33.4902879 ], [ 133.527525, 33.4905283 ], [ 133.527481599999987, 33.4907643 ] ] } },
{ "type": "Feature", "properties": { "u": 1557770986, "v": 1557770947, "key": 0, "osmid": "142325658", "lanes": null, "ref": null, "name": null, "highway": "residential", "maxspeed": null, "oneway": false, "reversed": "False", "length": 136.388, "bridge": null, "tunnel": null, "service": null }, "geometry": { "type": "LineString", "coordinates": [ [ 133.5313213, 33.4899256 ], [ 133.529866, 33.4897484 ] ] } },
{ "type": "Feature", "properties": { "u": 1557770986, "v": 1557771196, "key": 0, "osmid": [ 1166128627, 1166128628, 142326495 ], "lanes": null, "ref": null, "name": null, "highway": "residential", "maxspeed": null, "oneway": false, "reversed": "True", "length": 117.317, "bridge": "yes", "tunnel": null, "service": null }, "geometry": { "type": "LineString", "coordinates": [ [ 133.5313213, 33.4899256 ], [ 133.531251, 33.490279 ], [ 133.5312088, 33.4905384 ], [ 133.5311998, 33.4905937 ], [ 133.5311386, 33.4909695 ] ] } },
{ "type": "Feature", "properties": { "u": 1557770986, "v": 1557770760, "key": 0, "osmid": "142326509", "lanes": null, "ref": null, "name": null, "highway": "residential", "maxspeed": null, "oneway": false, "reversed": "True", "length": 139.262, "bridge": null, "tunnel": null, "service": null }, "geometry": { "type": "LineString", "coordinates": [ [ 133.5313213, 33.4899256 ], [ 133.53146, 33.489197 ], [ 133.5315338, 33.488686 ] ] } },
{ "type": "Feature", "properties": { "u": 1557770986, "v": 1557771053, "key": 0, "osmid": [ 1166128625, 1166128626, 142326070 ], "lanes": null, "ref": null, "name": null, "highway": "residential", "maxspeed": null, "oneway": false, "reversed": "False", "length": 189.334, "bridge": "yes", "tunnel": null, "service": null }, "geometry": { "type": "LineString", "coordinates": [ [ 133.5313213, 33.4899256 ], [ 133.5313405, 33.4899279 ], [ 133.5313861, 33.4899333 ], [ 133.533272, 33.4901574 ], [ 133.5333429, 33.4901634 ] ] } },
{ "type": "Feature", "properties": { "u": 1557770991, "v": 1557771003, "key": 0, "osmid": "142325870", "lanes": null, "ref": null, "name": null, "highway": "unclassified", "maxspeed": null, "oneway": false, "reversed": "True", "length": 7.085, "bridge": null, "tunnel": null, "service": null }, "geometry": { "type": "LineString", "coordinates": [ [ 133.5205743, 33.4899756 ], [ 133.520556699999986, 33.4899136 ] ] } },
{ "type": "Feature", "properties": { "u": 1557770991, "v": 1557770906, "key": 0, "osmid": [ 502980814, 142325118, 502980815 ], "lanes": null, "ref": null, "name": null, "highway": "residential", "maxspeed": null, "oneway": false, "reversed": "False", "length": 144.435, "bridge": "yes", "tunnel": null, "service": null }, "geometry": { "type": "LineString", "coordinates": [ [ 133.5205743, 33.4899756 ], [ 133.521140300000013, 33.4898806 ], [ 133.5213949, 33.4897814 ], [ 133.521486, 33.489737 ], [ 133.521654, 33.489692 ], [ 133.521801, 33.489658 ], [ 133.521828, 33.489636 ], [ 133.521848, 33.489602 ], [ 133.5218762, 33.4895169 ], [ 133.5218865, 33.4894823 ], [ 133.5218979, 33.4894566 ] ] } },
{ "type": "Feature", "properties": { "u": 1557770991, "v": 6814317096, "key": 0, "osmid": "142325870", "lanes": null, "ref": null, "name": null, "highway": "unclassified", "maxspeed": null, "oneway": false, "reversed": "False", "length": 62.993, "bridge": null, "tunnel": null, "service": null }, "geometry": { "type": "LineString", "coordinates": [ [ 133.5205743, 33.4899756 ], [ 133.520662499999986, 33.4903479 ], [ 133.5205431, 33.4904239 ], [ 133.520479, 33.4904548 ] ] } },
{ "type": "Feature", "properties": { "u": 1557771003, "v": 1557770991, "key": 0, "osmid": "142325870", "lanes": null, "ref": null, "name": null, "highway": "unclassified", "maxspeed": null, "oneway": false, "reversed": "False", "length": 7.085, "bridge": null, "tunnel": null, "service": null }, "geometry": { "type": "LineString", "coordinates": [ [ 133.520556699999986, 33.4899136 ], [ 133.5205743, 33.4899756 ] ] } },
{ "type": "Feature", "properties": { "u": 1557771003, "v": 1431444678, "key": 0, "osmid": "142326817", "lanes": null, "ref": null, "name": null, "highway": "unclassified", "maxspeed": null, "oneway": false, "reversed": "True", "length": 111.397, "bridge": null, "tunnel": null, "service": null }, "geometry": { "type": "LineString", "coordinates": [ [ 133.520556699999986, 33.4899136 ], [ 133.520511, 33.489692 ], [ 133.520511, 33.489641 ], [ 133.520431, 33.48923 ], [ 133.520424, 33.489123 ], [ 133.520366200000012, 33.4889264 ] ] } },
{ "type": "Feature", "properties": { "u": 1557771003, "v": 1557771047, "key": 0, "osmid": "142327572", "lanes": null, "ref": null, "name": null, "highway": "residential", "maxspeed": null, "oneway": false, "reversed": "True", "length": 136.372, "bridge": null, "tunnel": null, "service": null }, "geometry": { "type": "LineString", "coordinates": [ [ 133.520556699999986, 33.4899136 ], [ 133.520393, 33.4899377 ], [ 133.5200667, 33.4899657 ], [ 133.5197235, 33.48997 ], [ 133.5195098, 33.4899889 ], [ 133.5192585, 33.4900503 ], [ 133.519105, 33.4900749 ] ] } },
{ "type": "Feature", "properties": { "u": 1557771018, "v": 1557770848, "key": 0, "osmid": "142325935", "lanes": null, "ref": null, "name": null, "highway": "unclassified", "maxspeed": null, "oneway": false, "reversed": "False", "length": 94.187, "bridge": null, "tunnel": null, "service": null }, "geometry": { "type": "LineString", "coordinates": [ [ 133.509278, 33.4899929 ], [ 133.509196, 33.4898025 ], [ 133.509238, 33.4896983 ], [ 133.509333, 33.489539 ], [ 133.509521, 33.4892184 ] ] } },
{ "type": "Feature", "properties": { "u": 1557771018, "v": 1557771128, "key": 0, "osmid": "142325935", "lanes": null, "ref": null, "name": null, "highway": "unclassified", "maxspeed": null, "oneway": false, "reversed": "True", "length": 70.881, "bridge": null, "tunnel": null, "service": null }, "geometry": { "type": "LineString", "coordinates": [ [ 133.509278, 33.4899929 ], [ 133.509367, 33.490108 ], [ 133.509577799999988, 33.4905766 ] ] } },
{ "type": "Feature", "properties": { "u": 1557771018, "v": 1557770847, "key": 0, "osmid": "142326945", "lanes": null, "ref": null, "name": null, "highway": "residential", "maxspeed": null, "oneway": false, "reversed": "True", "length": 193.176, "bridge": null, "tunnel": null, "service": null }, "geometry": { "type": "LineString", "coordinates": [ [ 133.509278, 33.4899929 ], [ 133.5094044, 33.4899409 ], [ 133.510005, 33.48968 ], [ 133.51040230000001, 33.4895351 ], [ 133.510859, 33.489292 ], [ 133.511099300000012, 33.4891573 ] ] } },
{ "type": "Feature", "properties": { "u": 1557771021, "v": 1557770953, "key": 0, "osmid": [ 129809950, 129809951 ], "lanes": [ "2", "1" ], "ref": "278", "name": "弘岡下種崎線", "highway": "secondary", "maxspeed": [ "30", "40" ], "oneway": false, "reversed": "False", "length": 51.661, "bridge": null, "tunnel": null, "service": null }, "geometry": { "type": "LineString", "coordinates": [ [ 133.515129699999989, 33.489926 ], [ 133.515162299999986, 33.4899168 ], [ 133.5153928, 33.4897981 ], [ 133.5155949, 33.4896729 ] ] } },
{ "type": "Feature", "properties": { "u": 1557771021, "v": 4933375143, "key": 0, "osmid": "129809951", "lanes": "2", "ref": "278", "name": "弘岡下種崎線", "highway": "secondary", "maxspeed": "40", "oneway": false, "reversed": "True", "length": 202.187, "bridge": null, "tunnel": null, "service": null }, "geometry": { "type": "LineString", "coordinates": [ [ 133.515129699999989, 33.489926 ], [ 133.5139543, 33.4905749 ], [ 133.513336900000013, 33.4909596 ] ] } },
{ "type": "Feature", "properties": { "u": 1557771021, "v": 1557770903, "key": 0, "osmid": [ 142326210, 502980811, 502980812 ], "lanes": null, "ref": null, "name": null, "highway": "residential", "maxspeed": null, "oneway": false, "reversed": "True", "length": 54.796, "bridge": "yes", "tunnel": null, "service": null }, "geometry": { "type": "LineString", "coordinates": [ [ 133.515129699999989, 33.489926 ], [ 133.5150976, 33.4898927 ], [ 133.515063, 33.4898562 ], [ 133.5147418, 33.4895544 ] ] } },
{ "type": "Feature", "properties": { "u": 1557771030, "v": 1557771047, "key": 0, "osmid": "142326327", "lanes": null, "ref": null, "name": null, "highway": "residential", "maxspeed": null, "oneway": false, "reversed": "False", "length": 64.017, "bridge": null, "tunnel": null, "service": null }, "geometry": { "type": "LineString", "coordinates": [ [ 133.518447900000012, 33.4899864 ], [ 133.5186046, 33.4899822 ], [ 133.518693399999989, 33.49005 ], [ 133.5188894, 33.49007 ], [ 133.519105, 33.4900749 ] ] } },
{ "type": "Feature", "properties": { "u": 1557771030, "v": 1557771078, "key": 0, "osmid": "1022932206", "lanes": null, "ref": null, "name": "春野広域農道", "highway": "tertiary", "maxspeed": "50", "oneway": false, "reversed": "False", "length": 25.584, "bridge": null, "tunnel": null, "service": null }, "geometry": { "type": "LineString", "coordinates": [ [ 133.518447900000012, 33.4899864 ], [ 133.5184457, 33.4900085 ], [ 133.5184476, 33.4902164 ] ] } },
{ "type": "Feature", "properties": { "u": 1557771030, "v": 1431444663, "key": 0, "osmid": "1022932206", "lanes": null, "ref": null, "name": "春野広域農道", "highway": "tertiary", "maxspeed": "50", "oneway": false, "reversed": "True", "length": 140.487, "bridge": null, "tunnel": null, "service": null }, "geometry": { "type": "LineString", "coordinates": [ [ 133.518447900000012, 33.4899864 ], [ 133.5184636, 33.4898419 ], [ 133.5185689, 33.4891448 ], [ 133.5186366, 33.4887991 ], [ 133.518648399999989, 33.4887344 ] ] } },
{ "type": "Feature", "properties": { "u": 1557771041, "v": 1557770863, "key": 0, "osmid": "142325541", "lanes": null, "ref": null, "name": null, "highway": "residential", "maxspeed": null, "oneway": false, "reversed": "True", "length": 101.769, "bridge": null, "tunnel": null, "service": null }, "geometry": { "type": "LineString", "coordinates": [ [ 133.526095, 33.490031 ], [ 133.526673, 33.489253 ] ] } },
{ "type": "Feature", "properties": { "u": 1557771041, "v": 1557771164, "key": 0, "osmid": "142325621", "lanes": null, "ref": null, "name": null, "highway": "residential", "maxspeed": null, "oneway": false, "reversed": "False", "length": 152.259, "bridge": null, "tunnel": null, "service": null }, "geometry": { "type": "LineString", "coordinates": [ [ 133.526095, 33.490031 ], [ 133.527481599999987, 33.4907643 ] ] } },
{ "type": "Feature", "properties": { "u": 1557771041, "v": 1557770894, "key": 0, "osmid": "142325728", "lanes": null, "ref": null, "name": null, "highway": "residential", "maxspeed": null, "oneway": false, "reversed": "True", "length": 135.162, "bridge": null, "tunnel": null, "service": null }, "geometry": { "type": "LineString", "coordinates": [ [ 133.526095, 33.490031 ], [ 133.5248646, 33.4893794 ] ] } },
{ "type": "Feature", "properties": { "u": 1557771041, "v": 1557771133, "key": 0, "osmid": "142325897", "lanes": null, "ref": null, "name": null, "highway": "residential", "maxspeed": null, "oneway": false, "reversed": "False", "length": 70.649, "bridge": null, "tunnel": null, "service": null }, "geometry": { "type": "LineString", "coordinates": [ [ 133.526095, 33.490031 ], [ 133.525773, 33.490465 ], [ 133.5256904, 33.4905693 ] ] } },
{ "type": "Feature", "properties": { "u": 1557771047, "v": 1557771030, "key": 0, "osmid": "142326327", "lanes": null, "ref": null, "name": null, "highway": "residential", "maxspeed": null, "oneway": false, "reversed": "True", "length": 64.017, "bridge": null, "tunnel": null, "service": null }, "geometry": { "type": "LineString", "coordinates": [ [ 133.519105, 33.4900749 ], [ 133.5188894, 33.49007 ], [ 133.518693399999989, 33.49005 ], [ 133.5186046, 33.4899822 ], [ 133.518447900000012, 33.4899864 ] ] } },
{ "type": "Feature", "properties": { "u": 1557771047, "v": 6814317089, "key": 0, "osmid": "142326501", "lanes": null, "ref": null, "name": null, "highway": "residential", "maxspeed": null, "oneway": false, "reversed": "True", "length": 128.527, "bridge": null, "tunnel": null, "service": null }, "geometry": { "type": "LineString", "coordinates": [ [ 133.519105, 33.4900749 ], [ 133.5191072, 33.4902109 ], [ 133.519187, 33.4907506 ], [ 133.5192312, 33.4909975 ], [ 133.519285200000013, 33.4911342 ], [ 133.5193385, 33.4912037 ] ] } },
{ "type": "Feature", "properties": { "u": 1557771047, "v": 1557771003, "key": 0, "osmid": "142327572", "lanes": null, "ref": null, "name": null, "highway": "residential", "maxspeed": null, "oneway": false, "reversed": "False", "length": 136.372, "bridge": null, "tunnel": null, "service": null }, "geometry": { "type": "LineString", "coordinates": [ [ 133.519105, 33.4900749 ], [ 133.5192585, 33.4900503 ], [ 133.5195098, 33.4899889 ], [ 133.5197235, 33.48997 ], [ 133.5200667, 33.4899657 ], [ 133.520393, 33.4899377 ], [ 133.520556699999986, 33.4899136 ] ] } },
{ "type": "Feature", "properties": { "u": 1557771053, "v": 1557770804, "key": 0, "osmid": "142325073", "lanes": null, "ref": null, "name": null, "highway": "path", "maxspeed": null, "oneway": false, "reversed": "True", "length": 163.485, "bridge": null, "tunnel": null, "service": null }, "geometry": { "type": "LineString", "coordinates": [ [ 133.5333429, 33.4901634 ], [ 133.533335, 33.489907 ], [ 133.533335, 33.489828 ], [ 133.533314, 33.489698 ], [ 133.533328, 33.489687 ], [ 133.533348, 33.489631 ], [ 133.533536, 33.489439 ], [ 133.5337101, 33.4893782 ], [ 133.533884699999987, 33.4892453 ], [ 133.533987599999989, 33.4890883 ], [ 133.5340493, 33.4889498 ] ] } },
{ "type": "Feature", "properties": { "u": 1557771053, "v": 1557770986, "key": 0, "osmid": [ 1166128625, 1166128626, 142326070 ], "lanes": null, "ref": null, "name": null, "highway": "residential", "maxspeed": null, "oneway": false, "reversed": "True", "length": 189.334, "bridge": "yes", "tunnel": null, "service": null }, "geometry": { "type": "LineString", "coordinates": [ [ 133.5333429, 33.4901634 ], [ 133.533272, 33.4901574 ], [ 133.5313861, 33.4899333 ], [ 133.5313405, 33.4899279 ], [ 133.5313213, 33.4899256 ] ] } },
{ "type": "Feature", "properties": { "u": 1557771053, "v": 1557771244, "key": 0, "osmid": "142326972", "lanes": null, "ref": null, "name": null, "highway": "path", "maxspeed": null, "oneway": false, "reversed": "False", "length": 170.328, "bridge": null, "tunnel": null, "service": null }, "geometry": { "type": "LineString", "coordinates": [ [ 133.5333429, 33.4901634 ], [ 133.5333161, 33.4902838 ], [ 133.533214, 33.490346 ], [ 133.5328273, 33.4908181 ], [ 133.5325397, 33.4910447 ], [ 133.532251699999989, 33.4912188 ], [ 133.532132600000011, 33.4912545 ] ] } },
{ "type": "Feature", "properties": { "u": 1557771078, "v": 1557771117, "key": 0, "osmid": "142326420", "lanes": null, "ref": null, "name": null, "highway": "residential", "maxspeed": null, "oneway": false, "reversed": "True", "length": 119.992, "bridge": null, "tunnel": null, "service": null }, "geometry": { "type": "LineString", "coordinates": [ [ 133.5184476, 33.4902164 ], [ 133.5178479, 33.4903379 ], [ 133.5176074, 33.4903721 ], [ 133.5173579, 33.4903514 ], [ 133.517175900000012, 33.4903465 ] ] } },
{ "type": "Feature", "properties": { "u": 1557771078, "v": 1431984587, "key": 0, "osmid": "1022932206", "lanes": null, "ref": null, "name": "春野広域農道", "highway": "tertiary", "maxspeed": "50", "oneway": false, "reversed": "False", "length": 175.215, "bridge": null, "tunnel": null, "service": null }, "geometry": { "type": "LineString", "coordinates": [ [ 133.5184476, 33.4902164 ], [ 133.5184696, 33.4904659 ], [ 133.518559900000014, 33.4908564 ], [ 133.518697300000014, 33.4911728 ], [ 133.518842, 33.4914294 ], [ 133.5190083, 33.4917042 ] ] } },
{ "type": "Feature", "properties": { "u": 1557771078, "v": 1557771030, "key": 0, "osmid": "1022932206", "lanes": null, "ref": null, "name": "春野広域農道", "highway": "tertiary", "maxspeed": "50", "oneway": false, "reversed": "True", "length": 25.584, "bridge": null, "tunnel": null, "service": null }, "geometry": { "type": "LineString", "coordinates": [ [ 133.5184476, 33.4902164 ], [ 133.5184457, 33.4900085 ], [ 133.518447900000012, 33.4899864 ] ] } },
{ "type": "Feature", "properties": { "u": 1557771114, "v": 1557771149, "key": 0, "osmid": "142325124", "lanes": null, "ref": null, "name": null, "highway": "residential", "maxspeed": null, "oneway": false, "reversed": "True", "length": 68.567, "bridge": null, "tunnel": null, "service": null }, "geometry": { "type": "LineString", "coordinates": [ [ 133.510343799999987, 33.4905292 ], [ 133.5096308, 33.4906925 ] ] } },
{ "type": "Feature", "properties": { "u": 1557771114, "v": 1557770850, "key": 0, "osmid": "142325124", "lanes": null, "ref": null, "name": null, "highway": "residential", "maxspeed": null, "oneway": false, "reversed": "False", "length": 344.839, "bridge": null, "tunnel": null, "service": null }, "geometry": { "type": "LineString", "coordinates": [ [ 133.510343799999987, 33.4905292 ], [ 133.5118713, 33.4901417 ], [ 133.512506800000011, 33.4899815 ], [ 133.5125826, 33.4898628 ], [ 133.5126033, 33.4896968 ], [ 133.5126869, 33.4895113 ], [ 133.5128975, 33.4892965 ], [ 133.5126194, 33.4889238 ] ] } },
{ "type": "Feature", "properties": { "u": 1557771114, "v": 10948459335, "key": 0, "osmid": "503965824", "lanes": null, "ref": null, "name": null, "highway": "residential", "maxspeed": null, "oneway": false, "reversed": "True", "length": 112.884, "bridge": null, "tunnel": null, "service": null }, "geometry": { "type": "LineString", "coordinates": [ [ 133.510343799999987, 33.4905292 ], [ 133.5106793, 33.4914149 ], [ 133.5106739, 33.4914775 ], [ 133.5106527, 33.4914931 ] ] } },
{ "type": "Feature", "properties": { "u": 1557771117, "v": 1557771185, "key": 0, "osmid": "142326396", "lanes": null, "ref": null, "name": null, "highway": "residential", "maxspeed": null, "oneway": false, "reversed": "True", "length": 99.353, "bridge": null, "tunnel": null, "service": null }, "geometry": { "type": "LineString", "coordinates": [ [ 133.517175900000012, 33.4903465 ], [ 133.516943, 33.4904051 ], [ 133.5164624, 33.4905901 ], [ 133.5163028, 33.4906339 ], [ 133.5161726, 33.4906441 ] ] } },
{ "type": "Feature", "properties": { "u": 1557771117, "v": 1557771078, "key": 0, "osmid": "142326420", "lanes": null, "ref": null, "name": null, "highway": "residential", "maxspeed": null, "oneway": false, "reversed": "False", "length": 119.992, "bridge": null, "tunnel": null, "service": null }, "geometry": { "type": "LineString", "coordinates": [ [ 133.517175900000012, 33.4903465 ], [ 133.5173579, 33.4903514 ], [ 133.5176074, 33.4903721 ], [ 133.5178479, 33.4903379 ], [ 133.5184476, 33.4902164 ] ] } },
{ "type": "Feature", "properties": { "u": 1557771117, "v": 1557770854, "key": 0, "osmid": "142326707", "lanes": null, "ref": null, "name": null, "highway": "residential", "maxspeed": null, "oneway": false, "reversed": "True", "length": 142.08, "bridge": null, "tunnel": null, "service": null }, "geometry": { "type": "LineString", "coordinates": [ [ 133.517175900000012, 33.4903465 ], [ 133.517164, 33.490272 ], [ 133.517063, 33.490019 ], [ 133.516969, 33.489822 ], [ 133.51686140000001, 33.4897268 ], [ 133.5167143, 33.4895057 ], [ 133.516593199999988, 33.4891808 ] ] } },
{ "type": "Feature", "properties": { "u": 1557771124, "v": 6814317096, "key": 0, "osmid": "142325870", "lanes": null, "ref": null, "name": null, "highway": "unclassified", "maxspeed": null, "oneway": false, "reversed": "True", "length": 68.972, "bridge": null, "tunnel": null, "service": null }, "geometry": { "type": "LineString", "coordinates": [ [ 133.5198105, 33.4907267 ], [ 133.520479, 33.4904548 ] ] } },
{ "type": "Feature", "properties": { "u": 1557771128, "v": 1557771149, "key": 0, "osmid": "142325935", "lanes": null, "ref": null, "name": null, "highway": "unclassified", "maxspeed": null, "oneway": false, "reversed": "True", "length": 13.793, "bridge": null, "tunnel": null, "service": null }, "geometry": { "type": "LineString", "coordinates": [ [ 133.509577799999988, 33.4905766 ], [ 133.5096308, 33.4906925 ] ] } },
{ "type": "Feature", "properties": { "u": 1557771128, "v": 1557771018, "key": 0, "osmid": "142325935", "lanes": null, "ref": null, "name": null, "highway": "unclassified", "maxspeed": null, "oneway": false, "reversed": "False", "length": 70.881, "bridge": null, "tunnel": null, "service": null }, "geometry": { "type": "LineString", "coordinates": [ [ 133.509577799999988, 33.4905766 ], [ 133.509367, 33.490108 ], [ 133.509278, 33.4899929 ] ] } },
{ "type": "Feature", "properties": { "u": 1557771128, "v": 1557771243, "key": 0, "osmid": "142326626", "lanes": null, "ref": null, "name": null, "highway": "residential", "maxspeed": null, "oneway": false, "reversed": "False", "length": 200.271, "bridge": null, "tunnel": null, "service": null }, "geometry": { "type": "LineString", "coordinates": [ [ 133.509577799999988, 33.4905766 ], [ 133.5093333, 33.4906323 ], [ 133.5091746, 33.4906555 ], [ 133.5086756, 33.490761 ], [ 133.5084784, 33.4908458 ], [ 133.508378, 33.490898 ], [ 133.5076259, 33.491295 ] ] } },
{ "type": "Feature", "properties": { "u": 1557771133, "v": 1557771239, "key": 0, "osmid": "129809950", "lanes": "1", "ref": "278", "name": "弘岡下種崎線", "highway": "secondary", "maxspeed": "30", "oneway": false, "reversed": "False", "length": 112.295, "bridge": null, "tunnel": null, "service": null }, "geometry": { "type": "LineString", "coordinates": [ [ 133.5256904, 33.4905693 ], [ 133.525839, 33.490627 ], [ 133.525986100000011, 33.4906968 ], [ 133.526048, 33.4907316 ], [ 133.526096, 33.4907652 ], [ 133.5261486, 33.4908181 ], [ 133.5262415, 33.4909189 ], [ 133.5263205, 33.4910084 ], [ 133.5263809, 33.4910562 ], [ 133.526501700000011, 33.4911362 ], [ 133.526548100000014, 33.4911698 ], [ 133.5265824, 33.4912039 ], [ 133.526598299999989, 33.491214 ] ] } },
{ "type": "Feature", "properties": { "u": 1557771133, "v": 1431444724, "key": 0, "osmid": "129809950", "lanes": "1", "ref": "278", "name": "弘岡下種崎線", "highway": "secondary", "maxspeed": "30", "oneway": false, "reversed": "True", "length": 138.371, "bridge": null, "tunnel": null, "service": null }, "geometry": { "type": "LineString", "coordinates": [ [ 133.5256904, 33.4905693 ], [ 133.525549399999989, 33.4905134 ], [ 133.5254457, 33.4904617 ], [ 133.5249224, 33.4901838 ], [ 133.5248699, 33.4901337 ], [ 133.5248296, 33.4900756 ], [ 133.5248033, 33.4900253 ], [ 133.524787800000013, 33.4899672 ], [ 133.5247374, 33.4898281 ], [ 133.5247133, 33.4897274 ] ] } },
{ "type": "Feature", "properties": { "u": 1557771133, "v": 1557771041, "key": 0, "osmid": "142325897", "lanes": null, "ref": null, "name": null, "highway": "residential", "maxspeed": null, "oneway": false, "reversed": "True", "length": 70.649, "bridge": null, "tunnel": null, "service": null }, "geometry": { "type": "LineString", "coordinates": [ [ 133.5256904, 33.4905693 ], [ 133.525773, 33.490465 ], [ 133.526095, 33.490031 ] ] } },
{ "type": "Feature", "properties": { "u": 1557771143, "v": 5381937718, "key": 0, "osmid": "142325082", "lanes": null, "ref": null, "name": null, "highway": "residential", "maxspeed": null, "oneway": false, "reversed": "False", "length": 57.158, "bridge": null, "tunnel": null, "service": null }, "geometry": { "type": "LineString", "coordinates": [ [ 133.5072458, 33.4907522 ], [ 133.5074083, 33.4905716 ], [ 133.507526399999989, 33.4904743 ], [ 133.507683500000013, 33.4904017 ] ] } },
{ "type": "Feature", "properties": { "u": 1557771143, "v": 1557771243, "key": 0, "osmid": "142326205", "lanes": null, "ref": null, "name": null, "highway": "unclassified", "maxspeed": null, "oneway": false, "reversed": "False", "length": 70.45, "bridge": null, "tunnel": null, "service": null }, "geometry": { "type": "LineString", "coordinates": [ [ 133.5072458, 33.4907522 ], [ 133.5075736, 33.4912634 ], [ 133.5076259, 33.491295 ] ] } },
{ "type": "Feature", "properties": { "u": 1557771149, "v": 1557771114, "key": 0, "osmid": "142325124", "lanes": null, "ref": null, "name": null, "highway": "residential", "maxspeed": null, "oneway": false, "reversed": "False", "length": 68.567, "bridge": null, "tunnel": null, "service": null }, "geometry": { "type": "LineString", "coordinates": [ [ 133.5096308, 33.4906925 ], [ 133.510343799999987, 33.4905292 ] ] } },
{ "type": "Feature", "properties": { "u": 1557771149, "v": 1557771128, "key": 0, "osmid": "142325935", "lanes": null, "ref": null, "name": null, "highway": "unclassified", "maxspeed": null, "oneway": false, "reversed": "False", "length": 13.793, "bridge": null, "tunnel": null, "service": null }, "geometry": { "type": "LineString", "coordinates": [ [ 133.5096308, 33.4906925 ], [ 133.509577799999988, 33.4905766 ] ] } },
{ "type": "Feature", "properties": { "u": 1557771149, "v": 4941946999, "key": 0, "osmid": "142325935", "lanes": null, "ref": null, "name": null, "highway": "unclassified", "maxspeed": null, "oneway": false, "reversed": "True", "length": 113.198, "bridge": null, "tunnel": null, "service": null }, "geometry": { "type": "LineString", "coordinates": [ [ 133.5096308, 33.4906925 ], [ 133.509716, 33.490925 ], [ 133.5098055, 33.491268 ], [ 133.5098926, 33.4916856 ] ] } },
{ "type": "Feature", "properties": { "u": 1557771157, "v": 1557771187, "key": 0, "osmid": "142326521", "lanes": null, "ref": null, "name": null, "highway": "residential", "maxspeed": null, "oneway": false, "reversed": "False", "length": 177.737, "bridge": null, "tunnel": null, "service": null }, "geometry": { "type": "LineString", "coordinates": [ [ 133.527774099999988, 33.4907134 ], [ 133.5279191, 33.4907228 ], [ 133.52967, 33.4909458 ] ] } },
{ "type": "Feature", "properties": { "u": 1557771157, "v": 1557771273, "key": 0, "osmid": "142326521", "lanes": null, "ref": null, "name": null, "highway": "residential", "maxspeed": null, "oneway": false, "reversed": "True", "length": 97.344, "bridge": null, "tunnel": null, "service": null }, "geometry": { "type": "LineString", "coordinates": [ [ 133.527774099999988, 33.4907134 ], [ 133.5277824, 33.4907941 ], [ 133.5276912, 33.4910022 ], [ 133.5276778, 33.491161 ], [ 133.527639099999988, 33.4912396 ], [ 133.5274001, 33.491501 ] ] } },
{ "type": "Feature", "properties": { "u": 1557771157, "v": 1557770897, "key": 0, "osmid": [ 1166128632, 568801525, 1166128631 ], "lanes": null, "ref": null, "name": null, "highway": "path", "maxspeed": null, "oneway": false, "reversed": "False", "length": 141.499, "bridge": "yes", "tunnel": null, "service": null }, "geometry": { "type": "LineString", "coordinates": [ [ 133.527774099999988, 33.4907134 ], [ 133.527734400000014, 33.4904828 ], [ 133.5278334, 33.4901548 ], [ 133.5278499, 33.4901001 ], [ 133.527920599999987, 33.4898655 ], [ 133.528029800000013, 33.4894729 ] ] } },
{ "type": "Feature", "properties": { "u": 1557771164, "v": 1557771041, "key": 0, "osmid": "142325621", "lanes": null, "ref": null, "name": null, "highway": "residential", "maxspeed": null, "oneway": false, "reversed": "True", "length": 152.259, "bridge": null, "tunnel": null, "service": null }, "geometry": { "type": "LineString", "coordinates": [ [ 133.527481599999987, 33.4907643 ], [ 133.526095, 33.490031 ] ] } },
{ "type": "Feature", "properties": { "u": 1557771164, "v": 1557771258, "key": 0, "osmid": [ 142326209, 1150182351 ], "lanes": null, "ref": null, "name": null, "highway": "path", "maxspeed": null, "oneway": false, "reversed": "False", "length": 91.683, "bridge": "yes", "tunnel": null, "service": null }, "geometry": { "type": "LineString", "coordinates": [ [ 133.527481599999987, 33.4907643 ], [ 133.5273975, 33.4910055 ], [ 133.5272472, 33.4912394 ], [ 133.527087200000011, 33.4912092 ], [ 133.5270435, 33.4912471 ], [ 133.526987, 33.4913559 ] ] } },
{ "type": "Feature", "properties": { "u": 1557771164, "v": 1557770979, "key": 0, "osmid": "142327090", "lanes": null, "ref": null, "name": null, "highway": "path", "maxspeed": null, "oneway": false, "reversed": "True", "length": 111.05, "bridge": null, "tunnel": null, "service": null }, "geometry": { "type": "LineString", "coordinates": [ [ 133.527481599999987, 33.4907643 ], [ 133.527525, 33.4905283 ], [ 133.5275628, 33.4902879 ], [ 133.527618100000012, 33.4900789 ], [ 133.5277096, 33.4897852 ] ] } },
{ "type": "Feature", "properties": { "u": 1557771185, "v": 1557771192, "key": 0, "osmid": "142325558", "lanes": null, "ref": null, "name": null, "highway": "unclassified", "maxspeed": null, "oneway": false, "reversed": "False", "length": 34.181, "bridge": null, "tunnel": null, "service": null }, "geometry": { "type": "LineString", "coordinates": [ [ 133.5161726, 33.4906441 ], [ 133.5163334, 33.4909207 ] ] } },
{ "type": "Feature", "properties": { "u": 1557771185, "v": 1557770953, "key": 0, "osmid": "142326061", "lanes": null, "ref": null, "name": null, "highway": "unclassified", "maxspeed": null, "oneway": false, "reversed": "True", "length": 120.609, "bridge": null, "tunnel": null, "service": null }, "geometry": { "type": "LineString", "coordinates": [ [ 133.5161726, 33.4906441 ], [ 133.5161099, 33.4905386 ], [ 133.5156461, 33.4897394 ], [ 133.5155949, 33.4896729 ] ] } },
{ "type": "Feature", "properties": { "u": 1557771185, "v": 1557771117, "key": 0, "osmid": "142326396", "lanes": null, "ref": null, "name": null, "highway": "residential", "maxspeed": null, "oneway": false, "reversed": "False", "length": 99.353, "bridge": null, "tunnel": null, "service": null }, "geometry": { "type": "LineString", "coordinates": [ [ 133.5161726, 33.4906441 ], [ 133.5163028, 33.4906339 ], [ 133.5164624, 33.4905901 ], [ 133.516943, 33.4904051 ], [ 133.517175900000012, 33.4903465 ] ] } },
{ "type": "Feature", "properties": { "u": 1557771187, "v": 1557771196, "key": 0, "osmid": "142325926", "lanes": null, "ref": null, "name": null, "highway": "residential", "maxspeed": null, "oneway": false, "reversed": "True", "length": 136.582, "bridge": null, "tunnel": null, "service": null }, "geometry": { "type": "LineString", "coordinates": [ [ 133.52967, 33.4909458 ], [ 133.5301744, 33.4909968 ], [ 133.5311386, 33.4909695 ] ] } },
{ "type": "Feature", "properties": { "u": 1557771187, "v": 1557771157, "key": 0, "osmid": "142326521", "lanes": null, "ref": null, "name": null, "highway": "residential", "maxspeed": null, "oneway": false, "reversed": "True", "length": 177.737, "bridge": null, "tunnel": null, "service": null }, "geometry": { "type": "LineString", "coordinates": [ [ 133.52967, 33.4909458 ], [ 133.5279191, 33.4907228 ], [ 133.527774099999988, 33.4907134 ] ] } },
{ "type": "Feature", "properties": { "u": 1557771187, "v": 1557770947, "key": 0, "osmid": [ 142325851, 1166128629, 1166128630 ], "lanes": null, "ref": null, "name": null, "highway": "residential", "maxspeed": null, "oneway": false, "reversed": "False", "length": 134.38, "bridge": "yes", "tunnel": null, "service": null }, "geometry": { "type": "LineString", "coordinates": [ [ 133.52967, 33.4909458 ], [ 133.5297582, 33.4904069 ], [ 133.529766, 33.4903591 ], [ 133.529866, 33.4897484 ] ] } },
{ "type": "Feature", "properties": { "u": 1557771192, "v": 1557771185, "key": 0, "osmid": "142325558", "lanes": null, "ref": null, "name": null, "highway": "unclassified", "maxspeed": null, "oneway": false, "reversed": "True", "length": 34.181, "bridge": null, "tunnel": null, "service": null }, "geometry": { "type": "LineString", "coordinates": [ [ 133.5163334, 33.4909207 ], [ 133.5161726, 33.4906441 ] ] } },
{ "type": "Feature", "properties": { "u": 1557771192, "v": 1557771449, "key": 0, "osmid": "142325856", "lanes": null, "ref": null, "name": null, "highway": "unclassified", "maxspeed": null, "oneway": false, "reversed": "False", "length": 187.925, "bridge": null, "tunnel": null, "service": null }, "geometry": { "type": "LineString", "coordinates": [ [ 133.5163334, 33.4909207 ], [ 133.5172279, 33.4924372 ] ] } },
{ "type": "Feature", "properties": { "u": 1557771192, "v": 1557771324, "key": 0, "osmid": "142326491", "lanes": null, "ref": null, "name": null, "highway": "residential", "maxspeed": null, "oneway": false, "reversed": "False", "length": 211.724, "bridge": null, "tunnel": null, "service": null }, "geometry": { "type": "LineString", "coordinates": [ [ 133.5163334, 33.4909207 ], [ 133.516285399999987, 33.4909413 ], [ 133.514388, 33.491725 ], [ 133.514287, 33.491765 ] ] } },
{ "type": "Feature", "properties": { "u": 1557771196, "v": 1557771249, "key": 0, "osmid": "142325405", "lanes": null, "ref": null, "name": null, "highway": "residential", "maxspeed": null, "oneway": false, "reversed": "False", "length": 37.501, "bridge": null, "tunnel": null, "service": null }, "geometry": { "type": "LineString", "coordinates": [ [ 133.5311386, 33.4909695 ], [ 133.531088, 33.4913041 ] ] } },
{ "type": "Feature", "properties": { "u": 1557771196, "v": 1557771187, "key": 0, "osmid": "142325926", "lanes": null, "ref": null, "name": null, "highway": "residential", "maxspeed": null, "oneway": false, "reversed": "False", "length": 136.582, "bridge": null, "tunnel": null, "service": null }, "geometry": { "type": "LineString", "coordinates": [ [ 133.5311386, 33.4909695 ], [ 133.5301744, 33.4909968 ], [ 133.52967, 33.4909458 ] ] } },
{ "type": "Feature", "properties": { "u": 1557771196, "v": 1557770986, "key": 0, "osmid": [ 1166128627, 1166128628, 142326495 ], "lanes": null, "ref": null, "name": null, "highway": "residential", "maxspeed": null, "oneway": false, "reversed": "False", "length": 117.317, "bridge": "yes", "tunnel": null, "service": null }, "geometry": { "type": "LineString", "coordinates": [ [ 133.5311386, 33.4909695 ], [ 133.5311998, 33.4905937 ], [ 133.5312088, 33.4905384 ], [ 133.531251, 33.490279 ], [ 133.5313213, 33.4899256 ] ] } },
{ "type": "Feature", "properties": { "u": 1557771205, "v": 1557771214, "key": 0, "osmid": "129809951", "lanes": "2", "ref": "278", "name": "弘岡下種崎線", "highway": "secondary", "maxspeed": "40", "oneway": false, "reversed": "True", "length": 8.528, "bridge": null, "tunnel": null, "service": null }, "geometry": { "type": "LineString", "coordinates": [ [ 133.51326370000001, 33.4910077 ], [ 133.513191400000011, 33.4910551 ] ] } },
{ "type": "Feature", "properties": { "u": 1557771205, "v": 4933375143, "key": 0, "osmid": "129809951", "lanes": "2", "ref": "278", "name": "弘岡下種崎線", "highway": "secondary", "maxspeed": "40", "oneway": false, "reversed": "False", "length": 8.642, "bridge": null, "tunnel": null, "service": null }, "geometry": { "type": "LineString", "coordinates": [ [ 133.51326370000001, 33.4910077 ], [ 133.5133092, 33.4909778 ], [ 133.513336900000013, 33.4909596 ] ] } },
{ "type": "Feature", "properties": { "u": 1557771205, "v": 1557771324, "key": 0, "osmid": "142326244", "lanes": null, "ref": null, "name": null, "highway": "unclassified", "maxspeed": null, "oneway": false, "reversed": "False", "length": 127.571, "bridge": null, "tunnel": null, "service": null }, "geometry": { "type": "LineString", "coordinates": [ [ 133.51326370000001, 33.4910077 ], [ 133.5136178, 33.4913239 ], [ 133.5138277, 33.4914818 ], [ 133.5140562, 33.4916531 ], [ 133.514287, 33.491765 ] ] } },
{ "type": "Feature", "properties": { "u": 1557771214, "v": 1557771205, "key": 0, "osmid": "129809951", "lanes": "2", "ref": "278", "name": "弘岡下種崎線", "highway": "secondary", "maxspeed": "40", "oneway": false, "reversed": "False", "length": 8.528, "bridge": null, "tunnel": null, "service": null }, "geometry": { "type": "LineString", "coordinates": [ [ 133.513191400000011, 33.4910551 ], [ 133.51326370000001, 33.4910077 ] ] } },
{ "type": "Feature", "properties": { "u": 1557771214, "v": 1557771620, "key": 0, "osmid": [ 129809935, 129809937, 129809942, 129809944, 129809951 ], "lanes": [ "2", "1" ], "ref": "278", "name": "弘岡下種崎線", "highway": "secondary", "maxspeed": "40", "oneway": false, "reversed": "True", "length": 337.738, "bridge": "yes", "tunnel": null, "service": null }, "geometry": { "type": "LineString", "coordinates": [ [ 133.513191400000011, 33.4910551 ], [ 133.5129215, 33.4912503 ], [ 133.511786300000011, 33.4920712 ], [ 133.511453100000011, 33.492319 ], [ 133.5109612, 33.4926628 ], [ 133.5108686, 33.4927668 ], [ 133.5107787, 33.4929187 ], [ 133.5107176, 33.4930497 ], [ 133.510694, 33.4931527 ], [ 133.5107025, 33.4931864 ] ] } },
{ "type": "Feature", "properties": { "u": 1557771214, "v": 1557771551, "key": 0, "osmid": "142325906", "lanes": null, "ref": null, "name": null, "highway": "unclassified", "maxspeed": null, "oneway": false, "reversed": "True", "length": 204.066, "bridge": null, "tunnel": null, "service": null }, "geometry": { "type": "LineString", "coordinates": [ [ 133.513191400000011, 33.4910551 ], [ 133.513265, 33.49118 ], [ 133.5135334, 33.4928612 ] ] } },
{ "type": "Feature", "properties": { "u": 1557771239, "v": 1557771775, "key": 0, "osmid": [ 129809939, 129809947, 129809950 ], "lanes": [ "2", "1" ], "ref": "278", "name": "弘岡下種崎線", "highway": "secondary", "maxspeed": [ "30", "40" ], "oneway": false, "reversed": "False", "length": 321.576, "bridge": null, "tunnel": null, "service": null }, "geometry": { "type": "LineString", "coordinates": [ [ 133.526598299999989, 33.491214 ], [ 133.5266004, 33.4912591 ], [ 133.5266176, 33.4913405 ], [ 133.5267086, 33.4916013 ], [ 133.526776899999987, 33.4917992 ], [ 133.5267933, 33.4918751 ], [ 133.5267992, 33.4919348 ], [ 133.5268011, 33.4920252 ], [ 133.5267933, 33.4921043 ], [ 133.526777900000013, 33.492206 ], [ 133.5267643, 33.4923158 ], [ 133.5267643, 33.4924449 ], [ 133.526781699999987, 33.4925466 ], [ 133.526805, 33.4926402 ], [ 133.52726530000001, 33.4940276 ] ] } },
{ "type": "Feature", "properties": { "u": 1557771239, "v": 1557771133, "key": 0, "osmid": "129809950", "lanes": "1", "ref": "278", "name": "弘岡下種崎線", "highway": "secondary", "maxspeed": "30", "oneway": false, "reversed": "True", "length": 112.295, "bridge": null, "tunnel": null, "service": null }, "geometry": { "type": "LineString", "coordinates": [ [ 133.526598299999989, 33.491214 ], [ 133.5265824, 33.4912039 ], [ 133.526548100000014, 33.4911698 ], [ 133.526501700000011, 33.4911362 ], [ 133.5263809, 33.4910562 ], [ 133.5263205, 33.4910084 ], [ 133.5262415, 33.4909189 ], [ 133.5261486, 33.4908181 ], [ 133.526096, 33.4907652 ], [ 133.526048, 33.4907316 ], [ 133.525986100000011, 33.4906968 ], [ 133.525839, 33.490627 ], [ 133.5256904, 33.4905693 ] ] } },
{ "type": "Feature", "properties": { "u": 1557771239, "v": 1557771258, "key": 0, "osmid": "142326118", "lanes": null, "ref": null, "name": null, "highway": "path", "maxspeed": null, "oneway": false, "reversed": "True", "length": 39.387, "bridge": null, "tunnel": null, "service": null }, "geometry": { "type": "LineString", "coordinates": [ [ 133.526598299999989, 33.491214 ], [ 133.526749200000012, 33.4912607 ], [ 133.526987, 33.4913559 ] ] } },
{ "type": "Feature", "properties": { "u": 1557771243, "v": 1557771143, "key": 0, "osmid": "142326205", "lanes": null, "ref": null, "name": null, "highway": "unclassified", "maxspeed": null, "oneway": false, "reversed": "True", "length": 70.45, "bridge": null, "tunnel": null, "service": null }, "geometry": { "type": "LineString", "coordinates": [ [ 133.5076259, 33.491295 ], [ 133.5075736, 33.4912634 ], [ 133.5072458, 33.4907522 ] ] } },
{ "type": "Feature", "properties": { "u": 1557771243, "v": 1557771128, "key": 0, "osmid": "142326626", "lanes": null, "ref": null, "name": null, "highway": "residential", "maxspeed": null, "oneway": false, "reversed": "True", "length": 200.271, "bridge": null, "tunnel": null, "service": null }, "geometry": { "type": "LineString", "coordinates": [ [ 133.5076259, 33.491295 ], [ 133.508378, 33.490898 ], [ 133.5084784, 33.4908458 ], [ 133.5086756, 33.490761 ], [ 133.5091746, 33.4906555 ], [ 133.5093333, 33.4906323 ], [ 133.509577799999988, 33.4905766 ] ] } },
{ "type": "Feature", "properties": { "u": 1557771243, "v": 1557771423, "key": 0, "osmid": "142326660", "lanes": null, "ref": null, "name": null, "highway": "residential", "maxspeed": null, "oneway": false, "reversed": "False", "length": 124.312, "bridge": null, "tunnel": null, "service": null }, "geometry": { "type": "LineString", "coordinates": [ [ 133.5076259, 33.491295 ], [ 133.507651, 33.4913286 ], [ 133.5077076, 33.4915077 ], [ 133.5077767, 33.4919144 ], [ 133.507643, 33.4919607 ], [ 133.5075434, 33.4920574 ], [ 133.507511599999987, 33.4921531 ], [ 133.507532, 33.4922869 ] ] } },
{ "type": "Feature", "properties": { "u": 1557771244, "v": 1557771307, "key": 0, "osmid": "142326080", "lanes": null, "ref": null, "name": null, "highway": "residential", "maxspeed": null, "oneway": false, "reversed": "False", "length": 60.442, "bridge": null, "tunnel": null, "service": null }, "geometry": { "type": "LineString", "coordinates": [ [ 133.532132600000011, 33.4912545 ], [ 133.53223460000001, 33.4913996 ], [ 133.532427, 33.491558 ], [ 133.532528, 33.491682 ] ] } },
{ "type": "Feature", "properties": { "u": 1557771244, "v": 1557771249, "key": 0, "osmid": "142326504", "lanes": null, "ref": null, "name": null, "highway": "residential", "maxspeed": null, "oneway": false, "reversed": "True", "length": 97.289, "bridge": null, "tunnel": null, "service": null }, "geometry": { "type": "LineString", "coordinates": [ [ 133.532132600000011, 33.4912545 ], [ 133.53207230000001, 33.4912448 ], [ 133.5319445, 33.4912421 ], [ 133.53163570000001, 33.491271 ], [ 133.531088, 33.4913041 ] ] } },
{ "type": "Feature", "properties": { "u": 1557771244, "v": 1557771053, "key": 0, "osmid": "142326972", "lanes": null, "ref": null, "name": null, "highway": "path", "maxspeed": null, "oneway": false, "reversed": "True", "length": 170.328, "bridge": null, "tunnel": null, "service": null }, "geometry": { "type": "LineString", "coordinates": [ [ 133.532132600000011, 33.4912545 ], [ 133.532251699999989, 33.4912188 ], [ 133.5325397, 33.4910447 ], [ 133.5328273, 33.4908181 ], [ 133.533214, 33.490346 ], [ 133.5333161, 33.4902838 ], [ 133.5333429, 33.4901634 ] ] } },
{ "type": "Feature", "properties": { "u": 1557771249, "v": 1557771196, "key": 0, "osmid": "142325405", "lanes": null, "ref": null, "name": null, "highway": "residential", "maxspeed": null, "oneway": false, "reversed": "True", "length": 37.501, "bridge": null, "tunnel": null, "service": null }, "geometry": { "type": "LineString", "coordinates": [ [ 133.531088, 33.4913041 ], [ 133.5311386, 33.4909695 ] ] } },
{ "type": "Feature", "properties": { "u": 1557771249, "v": 1557771251, "key": 0, "osmid": "142325423", "lanes": null, "ref": null, "name": null, "highway": "residential", "maxspeed": null, "oneway": false, "reversed": "True", "length": 10.842, "bridge": null, "tunnel": null, "service": null }, "geometry": { "type": "LineString", "coordinates": [ [ 133.531088, 33.4913041 ], [ 133.530999900000012, 33.4913682 ] ] } },
{ "type": "Feature", "properties": { "u": 1557771249, "v": 1557771244, "key": 0, "osmid": "142326504", "lanes": null, "ref": null, "name": null, "highway": "residential", "maxspeed": null, "oneway": false, "reversed": "False", "length": 97.289, "bridge": null, "tunnel": null, "service": null }, "geometry": { "type": "LineString", "coordinates": [ [ 133.531088, 33.4913041 ], [ 133.53163570000001, 33.491271 ], [ 133.5319445, 33.4912421 ], [ 133.53207230000001, 33.4912448 ], [ 133.532132600000011, 33.4912545 ] ] } },
{ "type": "Feature", "properties": { "u": 1557771251, "v": 1557771249, "key": 0, "osmid": "142325423", "lanes": null, "ref": null, "name": null, "highway": "residential", "maxspeed": null, "oneway": false, "reversed": "False", "length": 10.842, "bridge": null, "tunnel": null, "service": null }, "geometry": { "type": "LineString", "coordinates": [ [ 133.530999900000012, 33.4913682 ], [ 133.531088, 33.4913041 ] ] } },
{ "type": "Feature", "properties": { "u": 1557771251, "v": 1557771278, "key": 0, "osmid": "142325206", "lanes": null, "ref": null, "name": null, "highway": "residential", "maxspeed": null, "oneway": false, "reversed": "False", "length": 309.161, "bridge": null, "tunnel": null, "service": null }, "geometry": { "type": "LineString", "coordinates": [ [ 133.530999900000012, 33.4913682 ], [ 133.5300593, 33.4914322 ], [ 133.5295547, 33.4914687 ], [ 133.5288223, 33.4915236 ], [ 133.5279772, 33.4915802 ], [ 133.527677, 33.4915695 ] ] } },
{ "type": "Feature", "properties": { "u": 1557771251, "v": 1557771396, "key": 0, "osmid": "142326356", "lanes": null, "ref": null, "name": null, "highway": "residential", "maxspeed": null, "oneway": false, "reversed": "True", "length": 103.671, "bridge": null, "tunnel": null, "service": null }, "geometry": { "type": "LineString", "coordinates": [ [ 133.530999900000012, 33.4913682 ], [ 133.5313256, 33.4916643 ], [ 133.5313715, 33.4917583 ], [ 133.5313568, 33.4919885 ], [ 133.5313438, 33.4921867 ] ] } },
{ "type": "Feature", "properties": { "u": 1557771258, "v": 1557771273, "key": 0, "osmid": [ 142325736, 502980802, 142325466 ], "lanes": null, "ref": null, "name": null, "highway": "residential", "maxspeed": null, "oneway": false, "reversed": "False", "length": 41.66, "bridge": "yes", "tunnel": null, "service": null }, "geometry": { "type": "LineString", "coordinates": [ [ 133.526987, 33.4913559 ], [ 133.527198, 33.4914413 ], [ 133.5273271, 33.4914843 ], [ 133.5274001, 33.491501 ] ] } },
{ "type": "Feature", "properties": { "u": 1557771258, "v": 1557771239, "key": 0, "osmid": "142326118", "lanes": null, "ref": null, "name": null, "highway": "path", "maxspeed": null, "oneway": false, "reversed": "False", "length": 39.387, "bridge": null, "tunnel": null, "service": null }, "geometry": { "type": "LineString", "coordinates": [ [ 133.526987, 33.4913559 ], [ 133.526749200000012, 33.4912607 ], [ 133.526598299999989, 33.491214 ] ] } },
{ "type": "Feature", "properties": { "u": 1557771258, "v": 1557771164, "key": 0, "osmid": [ 142326209, 1150182351 ], "lanes": null, "ref": null, "name": null, "highway": "path", "maxspeed": null, "oneway": false, "reversed": "True", "length": 91.683, "bridge": "yes", "tunnel": null, "service": null }, "geometry": { "type": "LineString", "coordinates": [ [ 133.526987, 33.4913559 ], [ 133.5270435, 33.4912471 ], [ 133.527087200000011, 33.4912092 ], [ 133.5272472, 33.4912394 ], [ 133.5273975, 33.4910055 ], [ 133.527481599999987, 33.4907643 ] ] } },
{ "type": "Feature", "properties": { "u": 1557771273, "v": 1557771157, "key": 0, "osmid": "142326521", "lanes": null, "ref": null, "name": null, "highway": "residential", "maxspeed": null, "oneway": false, "reversed": "False", "length": 97.344, "bridge": null, "tunnel": null, "service": null }, "geometry": { "type": "LineString", "coordinates": [ [ 133.5274001, 33.491501 ], [ 133.527639099999988, 33.4912396 ], [ 133.5276778, 33.491161 ], [ 133.5276912, 33.4910022 ], [ 133.5277824, 33.4907941 ], [ 133.527774099999988, 33.4907134 ] ] } },
{ "type": "Feature", "properties": { "u": 1557771273, "v": 1557771258, "key": 0, "osmid": [ 142325736, 142325466, 502980802 ], "lanes": null, "ref": null, "name": null, "highway": "residential", "maxspeed": null, "oneway": false, "reversed": "True", "length": 41.66, "bridge": "yes", "tunnel": null, "service": null }, "geometry": { "type": "LineString", "coordinates": [ [ 133.5274001, 33.491501 ], [ 133.5273271, 33.4914843 ], [ 133.527198, 33.4914413 ], [ 133.526987, 33.4913559 ] ] } },
{ "type": "Feature", "properties": { "u": 1557771273, "v": 1557771278, "key": 0, "osmid": [ 1166128633, 1166128634, 142325529 ], "lanes": null, "ref": null, "name": null, "highway": "residential", "maxspeed": null, "oneway": false, "reversed": "True", "length": 26.784, "bridge": "yes", "tunnel": null, "service": null }, "geometry": { "type": "LineString", "coordinates": [ [ 133.5274001, 33.491501 ], [ 133.52750850000001, 33.4915278 ], [ 133.5275959, 33.4915495 ], [ 133.527677, 33.4915695 ] ] } },
{ "type": "Feature", "properties": { "u": 1557771278, "v": 1557771251, "key": 0, "osmid": "142325206", "lanes": null, "ref": null, "name": null, "highway": "residential", "maxspeed": null, "oneway": false, "reversed": "True", "length": 309.161, "bridge": null, "tunnel": null, "service": null }, "geometry": { "type": "LineString", "coordinates": [ [ 133.527677, 33.4915695 ], [ 133.5279772, 33.4915802 ], [ 133.5288223, 33.4915236 ], [ 133.5295547, 33.4914687 ], [ 133.5300593, 33.4914322 ], [ 133.530999900000012, 33.4913682 ] ] } },
{ "type": "Feature", "properties": { "u": 1557771278, "v": 1557771421, "key": 0, "osmid": "142326370", "lanes": null, "ref": null, "name": null, "highway": "residential", "maxspeed": null, "oneway": false, "reversed": "False", "length": 86.712, "bridge": null, "tunnel": null, "service": null }, "geometry": { "type": "LineString", "coordinates": [ [ 133.527677, 33.4915695 ], [ 133.5277695, 33.4918655 ], [ 133.527840700000013, 33.4923357 ] ] } },
{ "type": "Feature", "properties": { "u": 1557771278, "v": 1557771273, "key": 0, "osmid": [ 142325529, 1166128634, 1166128633 ], "lanes": null, "ref": null, "name": null, "highway": "residential", "maxspeed": null, "oneway": false, "reversed": "False", "length": 26.784, "bridge": "yes", "tunnel": null, "service": null }, "geometry": { "type": "LineString", "coordinates": [ [ 133.527677, 33.4915695 ], [ 133.5275959, 33.4915495 ], [ 133.52750850000001, 33.4915278 ], [ 133.5274001, 33.491501 ] ] } },
{ "type": "Feature", "properties": { "u": 1557771281, "v": 1431984587, "key": 0, "osmid": "142326116", "lanes": null, "ref": null, "name": null, "highway": "residential", "maxspeed": null, "oneway": false, "reversed": "True", "length": 50.985, "bridge": null, "tunnel": null, "service": null }, "geometry": { "type": "LineString", "coordinates": [ [ 133.5195024, 33.4915031 ], [ 133.5190083, 33.4917042 ] ] } },
{ "type": "Feature", "properties": { "u": 1557771281, "v": 6814317089, "key": 0, "osmid": "142326501", "lanes": null, "ref": null, "name": null, "highway": "residential", "maxspeed": null, "oneway": false, "reversed": "False", "length": 36.975, "bridge": null, "tunnel": null, "service": null }, "geometry": { "type": "LineString", "coordinates": [ [ 133.5195024, 33.4915031 ], [ 133.5194474, 33.4913455 ], [ 133.5193385, 33.4912037 ] ] } },
{ "type": "Feature", "properties": { "u": 1557771281, "v": 1557771940, "key": 0, "osmid": [ 142326218, 142327363, 142327471 ], "lanes": null, "ref": null, "name": null, "highway": "residential", "maxspeed": null, "oneway": false, "reversed": [ false, true ], "length": 424.92, "bridge": null, "tunnel": "yes", "service": null }, "geometry": { "type": "LineString", "coordinates": [ [ 133.5195024, 33.4915031 ], [ 133.5195328, 33.491594 ], [ 133.5195445, 33.4918003 ], [ 133.5195972, 33.4919825 ], [ 133.519710300000014, 33.4921497 ], [ 133.5199194, 33.4923727 ], [ 133.520039700000012, 33.4925852 ], [ 133.520095199999986, 33.4928196 ], [ 133.520166, 33.4930176 ], [ 133.520311099999986, 33.4931932 ], [ 133.52033560000001, 33.4932532 ], [ 133.5203253, 33.4933728 ], [ 133.5202856, 33.4934806 ], [ 133.5198632, 33.4938105 ], [ 133.519453700000014, 33.4940555 ], [ 133.5192001, 33.4942754 ], [ 133.5190502, 33.4944849 ], [ 133.518869599999988, 33.49464 ] ] } },
{ "type": "Feature", "properties": { "u": 1557771307, "v": 1557771244, "key": 0, "osmid": "142326080", "lanes": null, "ref": null, "name": null, "highway": "residential", "maxspeed": null, "oneway": false, "reversed": "True", "length": 60.442, "bridge": null, "tunnel": null, "service": null }, "geometry": { "type": "LineString", "coordinates": [ [ 133.532528, 33.491682 ], [ 133.532427, 33.491558 ], [ 133.53223460000001, 33.4913996 ], [ 133.532132600000011, 33.4912545 ] ] } },
{ "type": "Feature", "properties": { "u": 1557771321, "v": 4941946999, "key": 0, "osmid": "142325935", "lanes": null, "ref": null, "name": null, "highway": "unclassified", "maxspeed": null, "oneway": false, "reversed": "False", "length": 11.115, "bridge": null, "tunnel": null, "service": null }, "geometry": { "type": "LineString", "coordinates": [ [ 133.5098968, 33.4917855 ], [ 133.5098926, 33.4916856 ] ] } },
{ "type": "Feature", "properties": { "u": 1557771321, "v": 1557771365, "key": 0, "osmid": "142327170", "lanes": null, "ref": null, "name": null, "highway": "residential", "maxspeed": null, "oneway": false, "reversed": "True", "length": 69.626, "bridge": null, "tunnel": null, "service": null }, "geometry": { "type": "LineString", "coordinates": [ [ 133.5098968, 33.4917855 ], [ 133.5091669, 33.4919323 ] ] } },
{ "type": "Feature", "properties": { "u": 1557771321, "v": 10948459329, "key": 0, "osmid": "142325935", "lanes": null, "ref": null, "name": null, "highway": "unclassified", "maxspeed": null, "oneway": false, "reversed": "True", "length": 98.331, "bridge": null, "tunnel": null, "service": null }, "geometry": { "type": "LineString", "coordinates": [ [ 133.5098968, 33.4917855 ], [ 133.5100305, 33.492408 ], [ 133.510077, 33.4926569 ] ] } },
{ "type": "Feature", "properties": { "u": 1557771324, "v": 1557771511, "key": 0, "osmid": "142326206", "lanes": null, "ref": null, "name": null, "highway": "unclassified", "maxspeed": null, "oneway": false, "reversed": "False", "length": 117.567, "bridge": null, "tunnel": null, "service": null }, "geometry": { "type": "LineString", "coordinates": [ [ 133.514287, 33.491765 ], [ 133.5143665, 33.4918415 ], [ 133.5146168, 33.4921961 ], [ 133.5148452, 33.4927063 ] ] } },
{ "type": "Feature", "properties": { "u": 1557771324, "v": 1557771205, "key": 0, "osmid": "142326244", "lanes": null, "ref": null, "name": null, "highway": "unclassified", "maxspeed": null, "oneway": false, "reversed": "True", "length": 127.571, "bridge": null, "tunnel": null, "service": null }, "geometry": { "type": "LineString", "coordinates": [ [ 133.514287, 33.491765 ], [ 133.5140562, 33.4916531 ], [ 133.5138277, 33.4914818 ], [ 133.5136178, 33.4913239 ], [ 133.51326370000001, 33.4910077 ] ] } },
{ "type": "Feature", "properties": { "u": 1557771324, "v": 1557771192, "key": 0, "osmid": "142326491", "lanes": null, "ref": null, "name": null, "highway": "residential", "maxspeed": null, "oneway": false, "reversed": "True", "length": 211.724, "bridge": null, "tunnel": null, "service": null }, "geometry": { "type": "LineString", "coordinates": [ [ 133.514287, 33.491765 ], [ 133.514388, 33.491725 ], [ 133.516285399999987, 33.4909413 ], [ 133.5163334, 33.4909207 ] ] } },
{ "type": "Feature", "properties": { "u": 1557771365, "v": 1557771321, "key": 0, "osmid": "142327170", "lanes": null, "ref": null, "name": null, "highway": "residential", "maxspeed": null, "oneway": false, "reversed": "False", "length": 69.626, "bridge": null, "tunnel": null, "service": null }, "geometry": { "type": "LineString", "coordinates": [ [ 133.5091669, 33.4919323 ], [ 133.5098968, 33.4917855 ] ] } },
{ "type": "Feature", "properties": { "u": 1557771365, "v": 1557771423, "key": 0, "osmid": "142327170", "lanes": null, "ref": null, "name": null, "highway": "residential", "maxspeed": null, "oneway": false, "reversed": "True", "length": 156.652, "bridge": null, "tunnel": null, "service": null }, "geometry": { "type": "LineString", "coordinates": [ [ 133.5091669, 33.4919323 ], [ 133.507532, 33.4922869 ] ] } },
{ "type": "Feature", "properties": { "u": 1557771365, "v": 10895865685, "key": 0, "osmid": "1172694389", "lanes": null, "ref": null, "name": null, "highway": "track", "maxspeed": null, "oneway": false, "reversed": "True", "length": 86.237, "bridge": null, "tunnel": null, "service": null }, "geometry": { "type": "LineString", "coordinates": [ [ 133.5091669, 33.4919323 ], [ 133.5094077, 33.4926814 ] ] } },
{ "type": "Feature", "properties": { "u": 1557771365, "v": 10895865686, "key": 0, "osmid": "1172694390", "lanes": null, "ref": null, "name": null, "highway": "track", "maxspeed": null, "oneway": false, "reversed": "False", "length": 78.367, "bridge": null, "tunnel": null, "service": null }, "geometry": { "type": "LineString", "coordinates": [ [ 133.5091669, 33.4919323 ], [ 133.5089529, 33.4912505 ] ] } },
{ "type": "Feature", "properties": { "u": 1557771396, "v": 1557771411, "key": 0, "osmid": "142325472", "lanes": null, "ref": null, "name": null, "highway": "residential", "maxspeed": null, "oneway": false, "reversed": "False", "length": 221.669, "bridge": null, "tunnel": null, "service": null }, "geometry": { "type": "LineString", "coordinates": [ [ 133.5313438, 33.4921867 ], [ 133.528956599999987, 33.4922901 ] ] } },
{ "type": "Feature", "properties": { "u": 1557771396, "v": 1557771619, "key": 0, "osmid": "142326188", "lanes": null, "ref": null, "name": null, "highway": "residential", "maxspeed": null, "oneway": false, "reversed": "True", "length": 118.662, "bridge": null, "tunnel": null, "service": null }, "geometry": { "type": "LineString", "coordinates": [ [ 133.5313438, 33.4921867 ], [ 133.5313395, 33.4922397 ], [ 133.531318199999987, 33.4925003 ], [ 133.531268, 33.4928712 ], [ 133.531220600000012, 33.4932487 ] ] } },
{ "type": "Feature", "properties": { "u": 1557771396, "v": 1557771251, "key": 0, "osmid": "142326356", "lanes": null, "ref": null, "name": null, "highway": "residential", "maxspeed": null, "oneway": false, "reversed": "False", "length": 103.671, "bridge": null, "tunnel": null, "service": null }, "geometry": { "type": "LineString", "coordinates": [ [ 133.5313438, 33.4921867 ], [ 133.5313568, 33.4919885 ], [ 133.5313715, 33.4917583 ], [ 133.5313256, 33.4916643 ], [ 133.530999900000012, 33.4913682 ] ] } },
{ "type": "Feature", "properties": { "u": 1557771411, "v": 1557771396, "key": 0, "osmid": "142325472", "lanes": null, "ref": null, "name": null, "highway": "residential", "maxspeed": null, "oneway": false, "reversed": "True", "length": 221.669, "bridge": null, "tunnel": null, "service": null }, "geometry": { "type": "LineString", "coordinates": [ [ 133.528956599999987, 33.4922901 ], [ 133.5313438, 33.4921867 ] ] } },
{ "type": "Feature", "properties": { "u": 1557771411, "v": 1557771421, "key": 0, "osmid": "142325572", "lanes": null, "ref": null, "name": null, "highway": "residential", "maxspeed": null, "oneway": false, "reversed": "False", "length": 103.604, "bridge": null, "tunnel": null, "service": null }, "geometry": { "type": "LineString", "coordinates": [ [ 133.528956599999987, 33.4922901 ], [ 133.527840700000013, 33.4923357 ] ] } },
{ "type": "Feature", "properties": { "u": 1557771411, "v": 1557771647, "key": 0, "osmid": "142326052", "lanes": null, "ref": null, "name": null, "highway": "residential", "maxspeed": null, "oneway": false, "reversed": "True", "length": 115.927, "bridge": null, "tunnel": null, "service": null }, "geometry": { "type": "LineString", "coordinates": [ [ 133.528956599999987, 33.4922901 ], [ 133.5290009, 33.493332 ] ] } },
{ "type": "Feature", "properties": { "u": 1557771421, "v": 1557771411, "key": 0, "osmid": "142325572", "lanes": null, "ref": null, "name": null, "highway": "residential", "maxspeed": null, "oneway": false, "reversed": "True", "length": 103.604, "bridge": null, "tunnel": null, "service": null }, "geometry": { "type": "LineString", "coordinates": [ [ 133.527840700000013, 33.4923357 ], [ 133.528956599999987, 33.4922901 ] ] } },
{ "type": "Feature", "properties": { "u": 1557771421, "v": 1557771278, "key": 0, "osmid": "142326370", "lanes": null, "ref": null, "name": null, "highway": "residential", "maxspeed": null, "oneway": false, "reversed": "True", "length": 86.712, "bridge": null, "tunnel": null, "service": null }, "geometry": { "type": "LineString", "coordinates": [ [ 133.527840700000013, 33.4923357 ], [ 133.5277695, 33.4918655 ], [ 133.527677, 33.4915695 ] ] } },
{ "type": "Feature", "properties": { "u": 1557771421, "v": 1557771655, "key": 0, "osmid": "142326930", "lanes": null, "ref": null, "name": null, "highway": "residential", "maxspeed": null, "oneway": false, "reversed": "False", "length": 131.677, "bridge": null, "tunnel": null, "service": null }, "geometry": { "type": "LineString", "coordinates": [ [ 133.527840700000013, 33.4923357 ], [ 133.5278213, 33.4924528 ], [ 133.5278678, 33.4926675 ], [ 133.5278558, 33.4927699 ], [ 133.5278044, 33.492854 ], [ 133.5276527, 33.492868 ], [ 133.527694200000013, 33.4932173 ], [ 133.5277087, 33.4933891 ] ] } },
{ "type": "Feature", "properties": { "u": 1557771423, "v": 1557771365, "key": 0, "osmid": "142327170", "lanes": null, "ref": null, "name": null, "highway": "residential", "maxspeed": null, "oneway": false, "reversed": "False", "length": 156.652, "bridge": null, "tunnel": null, "service": null }, "geometry": { "type": "LineString", "coordinates": [ [ 133.507532, 33.4922869 ], [ 133.5091669, 33.4919323 ] ] } },
{ "type": "Feature", "properties": { "u": 1557771423, "v": 10862208461, "key": 0, "osmid": "142325235", "lanes": null, "ref": null, "name": null, "highway": "residential", "maxspeed": null, "oneway": false, "reversed": "True", "length": 80.291, "bridge": null, "tunnel": null, "service": null }, "geometry": { "type": "LineString", "coordinates": [ [ 133.507532, 33.4922869 ], [ 133.507538, 33.4923596 ], [ 133.5075814, 33.4925143 ], [ 133.5076216, 33.4925803 ], [ 133.5077217, 33.492611 ], [ 133.507939, 33.4927696 ], [ 133.508010899999988, 33.492832 ] ] } },
{ "type": "Feature", "properties": { "u": 1557771423, "v": 1557771243, "key": 0, "osmid": "142326660", "lanes": null, "ref": null, "name": null, "highway": "residential", "maxspeed": null, "oneway": false, "reversed": "True", "length": 124.312, "bridge": null, "tunnel": null, "service": null }, "geometry": { "type": "LineString", "coordinates": [ [ 133.507532, 33.4922869 ], [ 133.507511599999987, 33.4921531 ], [ 133.5075434, 33.4920574 ], [ 133.507643, 33.4919607 ], [ 133.5077767, 33.4919144 ], [ 133.5077076, 33.4915077 ], [ 133.507651, 33.4913286 ], [ 133.5076259, 33.491295 ] ] } },
{ "type": "Feature", "properties": { "u": 1557771449, "v": 1557771553, "key": 0, "osmid": "142325410", "lanes": null, "ref": null, "name": null, "highway": "unclassified", "maxspeed": null, "oneway": false, "reversed": "False", "length": 57.798, "bridge": null, "tunnel": null, "service": null }, "geometry": { "type": "LineString", "coordinates": [ [ 133.5172279, 33.4924372 ], [ 133.5175093, 33.492901 ] ] } },
{ "type": "Feature", "properties": { "u": 1557771449, "v": 1557771192, "key": 0, "osmid": "142325856", "lanes": null, "ref": null, "name": null, "highway": "unclassified", "maxspeed": null, "oneway": false, "reversed": "True", "length": 187.925, "bridge": null, "tunnel": null, "service": null }, "geometry": { "type": "LineString", "coordinates": [ [ 133.5172279, 33.4924372 ], [ 133.5163334, 33.4909207 ] ] } },
{ "type": "Feature", "properties": { "u": 1557771449, "v": 1431984587, "key": 0, "osmid": "142326480", "lanes": null, "ref": null, "name": null, "highway": "residential", "maxspeed": null, "oneway": false, "reversed": "False", "length": 184.136, "bridge": null, "tunnel": null, "service": null }, "geometry": { "type": "LineString", "coordinates": [ [ 133.5172279, 33.4924372 ], [ 133.5188595, 33.4917714 ], [ 133.5190083, 33.4917042 ] ] } },
{ "type": "Feature", "properties": { "u": 1557771511, "v": 1557771551, "key": 0, "osmid": "142325697", "lanes": null, "ref": null, "name": null, "highway": "residential", "maxspeed": null, "oneway": false, "reversed": "False", "length": 122.878, "bridge": null, "tunnel": null, "service": null }, "geometry": { "type": "LineString", "coordinates": [ [ 133.5148452, 33.4927063 ], [ 133.5147824, 33.492718 ], [ 133.5135334, 33.4928612 ] ] } },
{ "type": "Feature", "properties": { "u": 1557771511, "v": 1557771324, "key": 0, "osmid": "142326206", "lanes": null, "ref": null, "name": null, "highway": "unclassified", "maxspeed": null, "oneway": false, "reversed": "True", "length": 117.567, "bridge": null, "tunnel": null, "service": null }, "geometry": { "type": "LineString", "coordinates": [ [ 133.5148452, 33.4927063 ], [ 133.5146168, 33.4921961 ], [ 133.5143665, 33.4918415 ], [ 133.514287, 33.491765 ] ] } },
{ "type": "Feature", "properties": { "u": 1557771511, "v": 1557771698, "key": 0, "osmid": "142326263", "lanes": null, "ref": null, "name": null, "highway": "unclassified", "maxspeed": null, "oneway": false, "reversed": "False", "length": 140.583, "bridge": null, "tunnel": null, "service": null }, "geometry": { "type": "LineString", "coordinates": [ [ 133.5148452, 33.4927063 ], [ 133.5150394, 33.4930844 ], [ 133.5151414, 33.4931956 ], [ 133.5152678, 33.4932932 ], [ 133.5155344, 33.4934416 ], [ 133.515748300000013, 33.4935114 ], [ 133.5158801, 33.4935222 ] ] } },
{ "type": "Feature", "properties": { "u": 1557771513, "v": 1431984587, "key": 0, "osmid": "1022932206", "lanes": null, "ref": null, "name": "春野広域農道", "highway": "tertiary", "maxspeed": "50", "oneway": false, "reversed": "True", "length": 129.994, "bridge": null, "tunnel": null, "service": null }, "geometry": { "type": "LineString", "coordinates": [ [ 133.5196434, 33.4927464 ], [ 133.5190083, 33.4917042 ] ] } },
{ "type": "Feature", "properties": { "u": 1557771513, "v": 1557771685, "key": 0, "osmid": "142326506", "lanes": null, "ref": null, "name": null, "highway": "residential", "maxspeed": null, "oneway": false, "reversed": "False", "length": 187.287, "bridge": null, "tunnel": null, "service": null }, "geometry": { "type": "LineString", "coordinates": [ [ 133.5196434, 33.4927464 ], [ 133.5195172, 33.4927861 ], [ 133.5194086, 33.4928006 ], [ 133.518988, 33.4930176 ], [ 133.517845599999987, 33.4934995 ] ] } },
{ "type": "Feature", "properties": { "u": 1557771513, "v": 9434052618, "key": 0, "osmid": "1022932206", "lanes": null, "ref": null, "name": "春野広域農道", "highway": "tertiary", "maxspeed": "50", "oneway": false, "reversed": "False", "length": 133.032, "bridge": null, "tunnel": null, "service": null }, "geometry": { "type": "LineString", "coordinates": [ [ 133.5196434, 33.4927464 ], [ 133.519788299999988, 33.4929764 ], [ 133.519904200000013, 33.4930953 ], [ 133.5200611, 33.493202 ], [ 133.5202592, 33.493282 ], [ 133.520364699999988, 33.4933269 ], [ 133.520731399999988, 33.4934566 ] ] } },
{ "type": "Feature", "properties": { "u": 1557771530, "v": 10948459329, "key": 0, "osmid": "142325935", "lanes": null, "ref": null, "name": null, "highway": "unclassified", "maxspeed": null, "oneway": false, "reversed": "False", "length": 19.706, "bridge": null, "tunnel": null, "service": null }, "geometry": { "type": "LineString", "coordinates": [ [ 133.5100947, 33.4928335 ], [ 133.510077, 33.4926569 ] ] } },
{ "type": "Feature", "properties": { "u": 1557771530, "v": 10862208461, "key": 0, "osmid": "142325235", "lanes": null, "ref": null, "name": null, "highway": "residential", "maxspeed": null, "oneway": false, "reversed": "False", "length": 196.625, "bridge": null, "tunnel": null, "service": null }, "geometry": { "type": "LineString", "coordinates": [ [ 133.5100947, 33.4928335 ], [ 133.5099849, 33.492859 ], [ 133.5097624, 33.4928863 ], [ 133.5094919, 33.4928981 ], [ 133.509178600000013, 33.4929561 ], [ 133.5090456, 33.4929304 ], [ 133.5086327, 33.4928977 ], [ 133.508193799999987, 33.4928812 ], [ 133.5080422, 33.4928592 ], [ 133.508010899999988, 33.492832 ] ] } },
{ "type": "Feature", "properties": { "u": 1557771530, "v": 1557771620, "key": 0, "osmid": [ 1150182344, 1150182345, 142325935 ], "lanes": null, "ref": null, "name": null, "highway": "unclassified", "maxspeed": null, "oneway": false, "reversed": "True", "length": 71.691, "bridge": "yes", "tunnel": null, "service": null }, "geometry": { "type": "LineString", "coordinates": [ [ 133.5100947, 33.4928335 ], [ 133.5101221, 33.4929109 ], [ 133.510222700000014, 33.4929812 ], [ 133.510458, 33.493064 ], [ 133.5105599, 33.4931389 ], [ 133.5105868, 33.4931496 ], [ 133.51062730000001, 33.4931656 ], [ 133.5107025, 33.4931864 ] ] } },
{ "type": "Feature", "properties": { "u": 1557771551, "v": 1557771858, "key": 0, "osmid": "142325549", "lanes": null, "ref": null, "name": null, "highway": "unclassified", "maxspeed": null, "oneway": false, "reversed": "True", "length": 161.661, "bridge": null, "tunnel": null, "service": null }, "geometry": { "type": "LineString", "coordinates": [ [ 133.5135334, 33.4928612 ], [ 133.5137665, 33.494302 ] ] } },
{ "type": "Feature", "properties": { "u": 1557771551, "v": 1557771602, "key": 0, "osmid": "142325697", "lanes": null, "ref": null, "name": null, "highway": "residential", "maxspeed": null, "oneway": false, "reversed": "False", "length": 227.656, "bridge": null, "tunnel": null, "service": null }, "geometry": { "type": "LineString", "coordinates": [ [ 133.5135334, 33.4928612 ], [ 133.5111013, 33.4931402 ] ] } },
{ "type": "Feature", "properties": { "u": 1557771551, "v": 1557771511, "key": 0, "osmid": "142325697", "lanes": null, "ref": null, "name": null, "highway": "residential", "maxspeed": null, "oneway": false, "reversed": "True", "length": 122.878, "bridge": null, "tunnel": null, "service": null }, "geometry": { "type": "LineString", "coordinates": [ [ 133.5135334, 33.4928612 ], [ 133.5147824, 33.492718 ], [ 133.5148452, 33.4927063 ] ] } },
{ "type": "Feature", "properties": { "u": 1557771551, "v": 1557771214, "key": 0, "osmid": "142325906", "lanes": null, "ref": null, "name": null, "highway": "unclassified", "maxspeed": null, "oneway": false, "reversed": "False", "length": 204.066, "bridge": null, "tunnel": null, "service": null }, "geometry": { "type": "LineString", "coordinates": [ [ 133.5135334, 33.4928612 ], [ 133.513265, 33.49118 ], [ 133.513191400000011, 33.4910551 ] ] } },
{ "type": "Feature", "properties": { "u": 1557771553, "v": 1557771449, "key": 0, "osmid": "142325410", "lanes": null, "ref": null, "name": null, "highway": "unclassified", "maxspeed": null, "oneway": false, "reversed": "True", "length": 57.798, "bridge": null, "tunnel": null, "service": null }, "geometry": { "type": "LineString", "coordinates": [ [ 133.5175093, 33.492901 ], [ 133.5172279, 33.4924372 ] ] } },
{ "type": "Feature", "properties": { "u": 1557771553, "v": 1557771685, "key": 0, "osmid": "142325952", "lanes": null, "ref": null, "name": null, "highway": "unclassified", "maxspeed": null, "oneway": false, "reversed": "False", "length": 73.495, "bridge": null, "tunnel": null, "service": null }, "geometry": { "type": "LineString", "coordinates": [ [ 133.5175093, 33.492901 ], [ 133.517845599999987, 33.4934995 ] ] } },
{ "type": "Feature", "properties": { "u": 1557771553, "v": 1557771665, "key": 0, "osmid": "142327402", "lanes": null, "ref": null, "name": null, "highway": "residential", "maxspeed": null, "oneway": false, "reversed": "True", "length": 138.491, "bridge": null, "tunnel": null, "service": null }, "geometry": { "type": "LineString", "coordinates": [ [ 133.5175093, 33.492901 ], [ 133.5161674, 33.4934477 ] ] } },
{ "type": "Feature", "properties": { "u": 1557771602, "v": 1557771551, "key": 0, "osmid": "142325697", "lanes": null, "ref": null, "name": null, "highway": "residential", "maxspeed": null, "oneway": false, "reversed": "True", "length": 227.656, "bridge": null, "tunnel": null, "service": null }, "geometry": { "type": "LineString", "coordinates": [ [ 133.5111013, 33.4931402 ], [ 133.5135334, 33.4928612 ] ] } },
{ "type": "Feature", "properties": { "u": 1557771602, "v": 1557771620, "key": 0, "osmid": [ 142325697, 502980810, 502980809 ], "lanes": null, "ref": null, "name": null, "highway": "residential", "maxspeed": null, "oneway": false, "reversed": "False", "length": 37.337, "bridge": "yes", "tunnel": null, "service": null }, "geometry": { "type": "LineString", "coordinates": [ [ 133.5111013, 33.4931402 ], [ 133.5109737, 33.493154 ], [ 133.5108166, 33.4931733 ], [ 133.5107025, 33.4931864 ] ] } },
{ "type": "Feature", "properties": { "u": 1557771602, "v": 1557771910, "key": 0, "osmid": "142326788", "lanes": null, "ref": null, "name": null, "highway": "unclassified", "maxspeed": null, "oneway": false, "reversed": "True", "length": 166.819, "bridge": null, "tunnel": null, "service": null }, "geometry": { "type": "LineString", "coordinates": [ [ 133.5111013, 33.4931402 ], [ 133.511130799999989, 33.4933085 ], [ 133.5114702, 33.4938416 ], [ 133.5116784, 33.4941696 ], [ 133.511734100000012, 33.4943407 ], [ 133.511765700000012, 33.4945169 ] ] } },
{ "type": "Feature", "properties": { "u": 1557771619, "v": 1557771647, "key": 0, "osmid": "142325698", "lanes": null, "ref": null, "name": null, "highway": "residential", "maxspeed": null, "oneway": false, "reversed": "False", "length": 206.044, "bridge": null, "tunnel": null, "service": null }, "geometry": { "type": "LineString", "coordinates": [ [ 133.531220600000012, 33.4932487 ], [ 133.5290009, 33.493332 ] ] } },
{ "type": "Feature", "properties": { "u": 1557771619, "v": 1557771765, "key": 0, "osmid": "142325256", "lanes": null, "ref": null, "name": null, "highway": "residential", "maxspeed": null, "oneway": false, "reversed": "True", "length": 114.358, "bridge": null, "tunnel": null, "service": null }, "geometry": { "type": "LineString", "coordinates": [ [ 133.531220600000012, 33.4932487 ], [ 133.531165499999986, 33.4935713 ], [ 133.5311232, 33.4937199 ], [ 133.5310766, 33.493768 ], [ 133.5305419, 33.4939663 ] ] } },
{ "type": "Feature", "properties": { "u": 1557771619, "v": 1557771396, "key": 0, "osmid": "142326188", "lanes": null, "ref": null, "name": null, "highway": "residential", "maxspeed": null, "oneway": false, "reversed": "False", "length": 118.662, "bridge": null, "tunnel": null, "service": null }, "geometry": { "type": "LineString", "coordinates": [ [ 133.531220600000012, 33.4932487 ], [ 133.531268, 33.4928712 ], [ 133.531318199999987, 33.4925003 ], [ 133.5313395, 33.4922397 ], [ 133.5313438, 33.4921867 ] ] } },
{ "type": "Feature", "properties": { "u": 1557771620, "v": 1557771214, "key": 0, "osmid": [ 129809935, 129809937, 129809942, 129809944, 129809951 ], "lanes": [ "2", "1" ], "ref": "278", "name": "弘岡下種崎線", "highway": "secondary", "maxspeed": "40", "oneway": false, "reversed": "False", "length": 337.738, "bridge": "yes", "tunnel": null, "service": null }, "geometry": { "type": "LineString", "coordinates": [ [ 133.5107025, 33.4931864 ], [ 133.510694, 33.4931527 ], [ 133.5107176, 33.4930497 ], [ 133.5107787, 33.4929187 ], [ 133.5108686, 33.4927668 ], [ 133.5109612, 33.4926628 ], [ 133.511453100000011, 33.492319 ], [ 133.511786300000011, 33.4920712 ], [ 133.5129215, 33.4912503 ], [ 133.513191400000011, 33.4910551 ] ] } },
{ "type": "Feature", "properties": { "u": 1557771620, "v": 1557771602, "key": 0, "osmid": [ 502980809, 502980810, 142325697 ], "lanes": null, "ref": null, "name": null, "highway": "residential", "maxspeed": null, "oneway": false, "reversed": "True", "length": 37.337, "bridge": "yes", "tunnel": null, "service": null }, "geometry": { "type": "LineString", "coordinates": [ [ 133.5107025, 33.4931864 ], [ 133.5108166, 33.4931733 ], [ 133.5109737, 33.493154 ], [ 133.5111013, 33.4931402 ] ] } },
{ "type": "Feature", "properties": { "u": 1557771620, "v": 1557771530, "key": 0, "osmid": [ 1150182344, 1150182345, 142325935 ], "lanes": null, "ref": null, "name": null, "highway": "unclassified", "maxspeed": null, "oneway": false, "reversed": "False", "length": 71.691, "bridge": "yes", "tunnel": null, "service": null }, "geometry": { "type": "LineString", "coordinates": [ [ 133.5107025, 33.4931864 ], [ 133.51062730000001, 33.4931656 ], [ 133.5105868, 33.4931496 ], [ 133.5105599, 33.4931389 ], [ 133.510458, 33.493064 ], [ 133.510222700000014, 33.4929812 ], [ 133.5101221, 33.4929109 ], [ 133.5100947, 33.4928335 ] ] } },
{ "type": "Feature", "properties": { "u": 1557771647, "v": 1557771888, "key": 0, "osmid": "142325641", "lanes": null, "ref": null, "name": null, "highway": "residential", "maxspeed": null, "oneway": false, "reversed": "True", "length": 126.644, "bridge": null, "tunnel": null, "service": null }, "geometry": { "type": "LineString", "coordinates": [ [ 133.5290009, 33.493332 ], [ 133.529059100000012, 33.4944699 ] ] } },
{ "type": "Feature", "properties": { "u": 1557771647, "v": 1557771619, "key": 0, "osmid": "142325698", "lanes": null, "ref": null, "name": null, "highway": "residential", "maxspeed": null, "oneway": false, "reversed": "True", "length": 206.044, "bridge": null, "tunnel": null, "service": null }, "geometry": { "type": "LineString", "coordinates": [ [ 133.5290009, 33.493332 ], [ 133.531220600000012, 33.4932487 ] ] } },
{ "type": "Feature", "properties": { "u": 1557771647, "v": 1557771655, "key": 0, "osmid": "142325911", "lanes": null, "ref": null, "name": null, "highway": "residential", "maxspeed": null, "oneway": false, "reversed": "True", "length": 119.995, "bridge": null, "tunnel": null, "service": null }, "geometry": { "type": "LineString", "coordinates": [ [ 133.5290009, 33.493332 ], [ 133.5277087, 33.4933891 ] ] } },
{ "type": "Feature", "properties": { "u": 1557771647, "v": 1557771411, "key": 0, "osmid": "142326052", "lanes": null, "ref": null, "name": null, "highway": "residential", "maxspeed": null, "oneway": false, "reversed": "False", "length": 115.927, "bridge": null, "tunnel": null, "service": null }, "geometry": { "type": "LineString", "coordinates": [ [ 133.5290009, 33.493332 ], [ 133.528956599999987, 33.4922901 ] ] } },
{ "type": "Feature", "properties": { "u": 1557771655, "v": 1557771647, "key": 0, "osmid": "142325911", "lanes": null, "ref": null, "name": null, "highway": "residential", "maxspeed": null, "oneway": false, "reversed": "False", "length": 119.995, "bridge": null, "tunnel": null, "service": null }, "geometry": { "type": "LineString", "coordinates": [ [ 133.5277087, 33.4933891 ], [ 133.5290009, 33.493332 ] ] } },
{ "type": "Feature", "properties": { "u": 1557771655, "v": 1557771926, "key": 0, "osmid": "142326619", "lanes": null, "ref": null, "name": null, "highway": "residential", "maxspeed": null, "oneway": false, "reversed": "True", "length": 142.026, "bridge": null, "tunnel": null, "service": null }, "geometry": { "type": "LineString", "coordinates": [ [ 133.5277087, 33.4933891 ], [ 133.527726699999988, 33.4935141 ], [ 133.5277901, 33.493631 ], [ 133.5279702, 33.4938585 ], [ 133.5280076, 33.4939118 ], [ 133.5280424, 33.4945999 ] ] } },
{ "type": "Feature", "properties": { "u": 1557771655, "v": 1557771421, "key": 0, "osmid": "142326930", "lanes": null, "ref": null, "name": null, "highway": "residential", "maxspeed": null, "oneway": false, "reversed": "True", "length": 131.677, "bridge": null, "tunnel": null, "service": null }, "geometry": { "type": "LineString", "coordinates": [ [ 133.5277087, 33.4933891 ], [ 133.527694200000013, 33.4932173 ], [ 133.5276527, 33.492868 ], [ 133.5278044, 33.492854 ], [ 133.5278558, 33.4927699 ], [ 133.5278678, 33.4926675 ], [ 133.5278213, 33.4924528 ], [ 133.527840700000013, 33.4923357 ] ] } },
{ "type": "Feature", "properties": { "u": 1557771665, "v": 1557771553, "key": 0, "osmid": "142327402", "lanes": null, "ref": null, "name": null, "highway": "residential", "maxspeed": null, "oneway": false, "reversed": "False", "length": 138.491, "bridge": null, "tunnel": null, "service": null }, "geometry": { "type": "LineString", "coordinates": [ [ 133.5161674, 33.4934477 ], [ 133.5175093, 33.492901 ] ] } },
{ "type": "Feature", "properties": { "u": 1557771665, "v": 1557771945, "key": 0, "osmid": "142325368", "lanes": null, "ref": null, "name": null, "highway": "unclassified", "maxspeed": null, "oneway": false, "reversed": "False", "length": 286.653, "bridge": null, "tunnel": null, "service": null }, "geometry": { "type": "LineString", "coordinates": [ [ 133.5161674, 33.4934477 ], [ 133.516241, 33.4935023 ], [ 133.516482, 33.4938876 ], [ 133.516582199999988, 33.4940045 ], [ 133.516671699999989, 33.4940445 ], [ 133.5168306, 33.4941073 ], [ 133.517151500000011, 33.4943899 ], [ 133.517260099999987, 33.4945599 ], [ 133.5173293, 33.4946217 ], [ 133.517515800000012, 33.4947024 ], [ 133.5176823, 33.4947352 ], [ 133.5179549, 33.4947574 ], [ 133.5181586, 33.4947299 ], [ 133.518373200000013, 33.4946706 ], [ 133.5185084, 33.4946648 ] ] } },
{ "type": "Feature", "properties": { "u": 1557771665, "v": 1557771698, "key": 0, "osmid": "142326263", "lanes": null, "ref": null, "name": null, "highway": "unclassified", "maxspeed": null, "oneway": false, "reversed": "True", "length": 28.087, "bridge": null, "tunnel": null, "service": null }, "geometry": { "type": "LineString", "coordinates": [ [ 133.5161674, 33.4934477 ], [ 133.5160735, 33.49346 ], [ 133.5159501, 33.4935061 ], [ 133.5158801, 33.4935222 ] ] } },
{ "type": "Feature", "properties": { "u": 1557771685, "v": 1557771553, "key": 0, "osmid": "142325952", "lanes": null, "ref": null, "name": null, "highway": "unclassified", "maxspeed": null, "oneway": false, "reversed": "True", "length": 73.495, "bridge": null, "tunnel": null, "service": null }, "geometry": { "type": "LineString", "coordinates": [ [ 133.517845599999987, 33.4934995 ], [ 133.5175093, 33.492901 ] ] } },
{ "type": "Feature", "properties": { "u": 1557771685, "v": 1557771945, "key": 0, "osmid": "142326128", "lanes": null, "ref": null, "name": null, "highway": "unclassified", "maxspeed": null, "oneway": false, "reversed": "False", "length": 143.801, "bridge": null, "tunnel": null, "service": null }, "geometry": { "type": "LineString", "coordinates": [ [ 133.517845599999987, 33.4934995 ], [ 133.518504299999989, 33.4946161 ], [ 133.5185084, 33.4946648 ] ] } },
{ "type": "Feature", "properties": { "u": 1557771685, "v": 1557771513, "key": 0, "osmid": "142326506", "lanes": null, "ref": null, "name": null, "highway": "residential", "maxspeed": null, "oneway": false, "reversed": "True", "length": 187.287, "bridge": null, "tunnel": null, "service": null }, "geometry": { "type": "LineString", "coordinates": [ [ 133.517845599999987, 33.4934995 ], [ 133.518988, 33.4930176 ], [ 133.5194086, 33.4928006 ], [ 133.5195172, 33.4927861 ], [ 133.5196434, 33.4927464 ] ] } },
{ "type": "Feature", "properties": { "u": 1557771698, "v": 1557771798, "key": 0, "osmid": "142326026", "lanes": null, "ref": null, "name": null, "highway": "unclassified", "maxspeed": null, "oneway": false, "reversed": "False", "length": 62.756, "bridge": null, "tunnel": null, "service": null }, "geometry": { "type": "LineString", "coordinates": [ [ 133.5158801, 33.4935222 ], [ 133.515879500000011, 33.4936213 ], [ 133.5156893, 33.4940587 ] ] } },
{ "type": "Feature", "properties": { "u": 1557771698, "v": 1557771665, "key": 0, "osmid": "142326263", "lanes": null, "ref": null, "name": null, "highway": "unclassified", "maxspeed": null, "oneway": false, "reversed": "False", "length": 28.087, "bridge": null, "tunnel": null, "service": null }, "geometry": { "type": "LineString", "coordinates": [ [ 133.5158801, 33.4935222 ], [ 133.5159501, 33.4935061 ], [ 133.5160735, 33.49346 ], [ 133.5161674, 33.4934477 ] ] } },
{ "type": "Feature", "properties": { "u": 1557771698, "v": 1557771511, "key": 0, "osmid": "142326263", "lanes": null, "ref": null, "name": null, "highway": "unclassified", "maxspeed": null, "oneway": false, "reversed": "True", "length": 140.583, "bridge": null, "tunnel": null, "service": null }, "geometry": { "type": "LineString", "coordinates": [ [ 133.5158801, 33.4935222 ], [ 133.515748300000013, 33.4935114 ], [ 133.5155344, 33.4934416 ], [ 133.5152678, 33.4932932 ], [ 133.5151414, 33.4931956 ], [ 133.5150394, 33.4930844 ], [ 133.5148452, 33.4927063 ] ] } },
{ "type": "Feature", "properties": { "u": 1557771765, "v": 1557771619, "key": 0, "osmid": "142325256", "lanes": null, "ref": null, "name": null, "highway": "residential", "maxspeed": null, "oneway": false, "reversed": "False", "length": 114.358, "bridge": null, "tunnel": null, "service": null }, "geometry": { "type": "LineString", "coordinates": [ [ 133.5305419, 33.4939663 ], [ 133.5310766, 33.493768 ], [ 133.5311232, 33.4937199 ], [ 133.531165499999986, 33.4935713 ], [ 133.531220600000012, 33.4932487 ] ] } },
{ "type": "Feature", "properties": { "u": 1557771765, "v": 1557771888, "key": 0, "osmid": "142325256", "lanes": null, "ref": null, "name": null, "highway": "residential", "maxspeed": null, "oneway": false, "reversed": "True", "length": 152.827, "bridge": null, "tunnel": null, "service": null }, "geometry": { "type": "LineString", "coordinates": [ [ 133.5305419, 33.4939663 ], [ 133.530069700000013, 33.4940698 ], [ 133.5299071, 33.4941343 ], [ 133.5297137, 33.4942812 ], [ 133.529621, 33.494363 ], [ 133.5295046, 33.4944171 ], [ 133.529059100000012, 33.4944699 ] ] } },
{ "type": "Feature", "properties": { "u": 1557771765, "v": 10159292960, "key": 0, "osmid": [ 1110510374, 1110510375 ], "lanes": null, "ref": null, "name": null, "highway": [ "unclassified", "path" ], "maxspeed": null, "oneway": false, "reversed": "False", "length": 90.367, "bridge": null, "tunnel": null, "service": null }, "geometry": { "type": "LineString", "coordinates": [ [ 133.5305419, 33.4939663 ], [ 133.5306531, 33.494182 ], [ 133.5306639, 33.4942642 ], [ 133.530690099999987, 33.4943708 ], [ 133.5306855, 33.4944942 ], [ 133.530754800000011, 33.4945661 ], [ 133.5307918, 33.4945751 ], [ 133.5307918, 33.4945879 ], [ 133.530733199999986, 33.4946072 ], [ 133.530740900000012, 33.4946329 ], [ 133.530796400000014, 33.4946393 ] ] } },
{ "type": "Feature", "properties": { "u": 1557771775, "v": 1557771239, "key": 0, "osmid": [ 129809947, 129809939, 129809950 ], "lanes": [ "2", "1" ], "ref": "278", "name": "弘岡下種崎線", "highway": "secondary", "maxspeed": [ "30", "40" ], "oneway": false, "reversed": "True", "length": 321.576, "bridge": null, "tunnel": null, "service": null }, "geometry": { "type": "LineString", "coordinates": [ [ 133.52726530000001, 33.4940276 ], [ 133.526805, 33.4926402 ], [ 133.526781699999987, 33.4925466 ], [ 133.5267643, 33.4924449 ], [ 133.5267643, 33.4923158 ], [ 133.526777900000013, 33.492206 ], [ 133.5267933, 33.4921043 ], [ 133.5268011, 33.4920252 ], [ 133.5267992, 33.4919348 ], [ 133.5267933, 33.4918751 ], [ 133.526776899999987, 33.4917992 ], [ 133.5267086, 33.4916013 ], [ 133.5266176, 33.4913405 ], [ 133.5266004, 33.4912591 ], [ 133.526598299999989, 33.491214 ] ] } },
{ "type": "Feature", "properties": { "u": 1557771798, "v": 1557771858, "key": 0, "osmid": "142325947", "lanes": null, "ref": null, "name": null, "highway": "residential", "maxspeed": null, "oneway": false, "reversed": "True", "length": 180.36, "bridge": null, "tunnel": null, "service": null }, "geometry": { "type": "LineString", "coordinates": [ [ 133.5156893, 33.4940587 ], [ 133.515551, 33.494082 ], [ 133.5137665, 33.494302 ] ] } },
{ "type": "Feature", "properties": { "u": 1557771798, "v": 1557771698, "key": 0, "osmid": "142326026", "lanes": null, "ref": null, "name": null, "highway": "unclassified", "maxspeed": null, "oneway": false, "reversed": "True", "length": 62.756, "bridge": null, "tunnel": null, "service": null }, "geometry": { "type": "LineString", "coordinates": [ [ 133.5156893, 33.4940587 ], [ 133.515879500000011, 33.4936213 ], [ 133.5158801, 33.4935222 ] ] } },
{ "type": "Feature", "properties": { "u": 1557771798, "v": 1557772015, "key": 0, "osmid": "142327191", "lanes": null, "ref": null, "name": null, "highway": "unclassified", "maxspeed": null, "oneway": false, "reversed": "False", "length": 158.695, "bridge": null, "tunnel": null, "service": null }, "geometry": { "type": "LineString", "coordinates": [ [ 133.5156893, 33.4940587 ], [ 133.5156183, 33.4942854 ], [ 133.5155469, 33.4944775 ], [ 133.5154383, 33.4945932 ], [ 133.5150913, 33.4948138 ], [ 133.514945399999988, 33.4948771 ], [ 133.5145737, 33.4950258 ] ] } },
{ "type": "Feature", "properties": { "u": 1557771858, "v": 1557771887, "key": 0, "osmid": "142325326", "lanes": null, "ref": null, "name": null, "highway": "residential", "maxspeed": null, "oneway": false, "reversed": "True", "length": 95.649, "bridge": null, "tunnel": null, "service": null }, "geometry": { "type": "LineString", "coordinates": [ [ 133.5137665, 33.494302 ], [ 133.512745599999988, 33.4944249 ] ] } },
{ "type": "Feature", "properties": { "u": 1557771858, "v": 1557771551, "key": 0, "osmid": "142325549", "lanes": null, "ref": null, "name": null, "highway": "unclassified", "maxspeed": null, "oneway": false, "reversed": "False", "length": 161.661, "bridge": null, "tunnel": null, "service": null }, "geometry": { "type": "LineString", "coordinates": [ [ 133.5137665, 33.494302 ], [ 133.5135334, 33.4928612 ] ] } },
{ "type": "Feature", "properties": { "u": 1557771858, "v": 1557771798, "key": 0, "osmid": "142325947", "lanes": null, "ref": null, "name": null, "highway": "residential", "maxspeed": null, "oneway": false, "reversed": "False", "length": 180.36, "bridge": null, "tunnel": null, "service": null }, "geometry": { "type": "LineString", "coordinates": [ [ 133.5137665, 33.494302 ], [ 133.515551, 33.494082 ], [ 133.5156893, 33.4940587 ] ] } },
{ "type": "Feature", "properties": { "u": 1557771887, "v": 1557771858, "key": 0, "osmid": "142325326", "lanes": null, "ref": null, "name": null, "highway": "residential", "maxspeed": null, "oneway": false, "reversed": "False", "length": 95.649, "bridge": null, "tunnel": null, "service": null }, "geometry": { "type": "LineString", "coordinates": [ [ 133.512745599999988, 33.4944249 ], [ 133.5137665, 33.494302 ] ] } },
{ "type": "Feature", "properties": { "u": 1557771887, "v": 1557771910, "key": 0, "osmid": "142326235", "lanes": null, "ref": null, "name": null, "highway": "residential", "maxspeed": null, "oneway": false, "reversed": "False", "length": 91.492, "bridge": null, "tunnel": null, "service": null }, "geometry": { "type": "LineString", "coordinates": [ [ 133.512745599999988, 33.4944249 ], [ 133.5118809, 33.4945151 ], [ 133.511765700000012, 33.4945169 ] ] } },
{ "type": "Feature", "properties": { "u": 1557771888, "v": 1557771647, "key": 0, "osmid": "142325641", "lanes": null, "ref": null, "name": null, "highway": "residential", "maxspeed": null, "oneway": false, "reversed": "False", "length": 126.644, "bridge": null, "tunnel": null, "service": null }, "geometry": { "type": "LineString", "coordinates": [ [ 133.529059100000012, 33.4944699 ], [ 133.5290009, 33.493332 ] ] } },
{ "type": "Feature", "properties": { "u": 1557771888, "v": 1557771926, "key": 0, "osmid": "142326224", "lanes": null, "ref": null, "name": null, "highway": "residential", "maxspeed": null, "oneway": false, "reversed": "True", "length": 95.38, "bridge": null, "tunnel": null, "service": null }, "geometry": { "type": "LineString", "coordinates": [ [ 133.529059100000012, 33.4944699 ], [ 133.5280424, 33.4945999 ] ] } },
{ "type": "Feature", "properties": { "u": 1557771888, "v": 1557771765, "key": 0, "osmid": "142325256", "lanes": null, "ref": null, "name": null, "highway": "residential", "maxspeed": null, "oneway": false, "reversed": "False", "length": 152.827, "bridge": null, "tunnel": null, "service": null }, "geometry": { "type": "LineString", "coordinates": [ [ 133.529059100000012, 33.4944699 ], [ 133.5295046, 33.4944171 ], [ 133.529621, 33.494363 ], [ 133.5297137, 33.4942812 ], [ 133.5299071, 33.4941343 ], [ 133.530069700000013, 33.4940698 ], [ 133.5305419, 33.4939663 ] ] } },
{ "type": "Feature", "properties": { "u": 1557771910, "v": 1557771887, "key": 0, "osmid": "142326235", "lanes": null, "ref": null, "name": null, "highway": "residential", "maxspeed": null, "oneway": false, "reversed": "True", "length": 91.492, "bridge": null, "tunnel": null, "service": null }, "geometry": { "type": "LineString", "coordinates": [ [ 133.511765700000012, 33.4945169 ], [ 133.5118809, 33.4945151 ], [ 133.512745599999988, 33.4944249 ] ] } },
{ "type": "Feature", "properties": { "u": 1557771910, "v": 1557771602, "key": 0, "osmid": "142326788", "lanes": null, "ref": null, "name": null, "highway": "unclassified", "maxspeed": null, "oneway": false, "reversed": "False", "length": 166.819, "bridge": null, "tunnel": null, "service": null }, "geometry": { "type": "LineString", "coordinates": [ [ 133.511765700000012, 33.4945169 ], [ 133.511734100000012, 33.4943407 ], [ 133.5116784, 33.4941696 ], [ 133.5114702, 33.4938416 ], [ 133.511130799999989, 33.4933085 ], [ 133.5111013, 33.4931402 ] ] } },
{ "type": "Feature", "properties": { "u": 1557771926, "v": 1557771888, "key": 0, "osmid": "142326224", "lanes": null, "ref": null, "name": null, "highway": "residential", "maxspeed": null, "oneway": false, "reversed": "False", "length": 95.38, "bridge": null, "tunnel": null, "service": null }, "geometry": { "type": "LineString", "coordinates": [ [ 133.5280424, 33.4945999 ], [ 133.529059100000012, 33.4944699 ] ] } },
{ "type": "Feature", "properties": { "u": 1557771926, "v": 1557771655, "key": 0, "osmid": "142326619", "lanes": null, "ref": null, "name": null, "highway": "residential", "maxspeed": null, "oneway": false, "reversed": "False", "length": 142.026, "bridge": null, "tunnel": null, "service": null }, "geometry": { "type": "LineString", "coordinates": [ [ 133.5280424, 33.4945999 ], [ 133.5280076, 33.4939118 ], [ 133.5279702, 33.4938585 ], [ 133.5277901, 33.493631 ], [ 133.527726699999988, 33.4935141 ], [ 133.5277087, 33.4933891 ] ] } },
{ "type": "Feature", "properties": { "u": 1557771940, "v": 1557771945, "key": 0, "osmid": "142325368", "lanes": null, "ref": null, "name": null, "highway": "unclassified", "maxspeed": null, "oneway": false, "reversed": "True", "length": 33.607, "bridge": null, "tunnel": null, "service": null }, "geometry": { "type": "LineString", "coordinates": [ [ 133.518869599999988, 33.49464 ], [ 133.5185084, 33.4946648 ] ] } },
{ "type": "Feature", "properties": { "u": 1557771940, "v": 1557771281, "key": 0, "osmid": [ 142326218, 142327363, 142327471 ], "lanes": null, "ref": null, "name": null, "highway": "residential", "maxspeed": null, "oneway": false, "reversed": [ false, true ], "length": 424.92, "bridge": null, "tunnel": "yes", "service": null }, "geometry": { "type": "LineString", "coordinates": [ [ 133.518869599999988, 33.49464 ], [ 133.5190502, 33.4944849 ], [ 133.5192001, 33.4942754 ], [ 133.519453700000014, 33.4940555 ], [ 133.5198632, 33.4938105 ], [ 133.5202856, 33.4934806 ], [ 133.5203253, 33.4933728 ], [ 133.52033560000001, 33.4932532 ], [ 133.520311099999986, 33.4931932 ], [ 133.520166, 33.4930176 ], [ 133.520095199999986, 33.4928196 ], [ 133.520039700000012, 33.4925852 ], [ 133.5199194, 33.4923727 ], [ 133.519710300000014, 33.4921497 ], [ 133.5195972, 33.4919825 ], [ 133.5195445, 33.4918003 ], [ 133.5195328, 33.491594 ], [ 133.5195024, 33.4915031 ] ] } },
{ "type": "Feature", "properties": { "u": 1557771940, "v": 9434052618, "key": 0, "osmid": "1022932204", "lanes": null, "ref": null, "name": null, "highway": "service", "maxspeed": null, "oneway": false, "reversed": "True", "length": 221.388, "bridge": null, "tunnel": null, "service": "alley" }, "geometry": { "type": "LineString", "coordinates": [ [ 133.518869599999988, 33.49464 ], [ 133.519088, 33.4945979 ], [ 133.519257, 33.494504 ], [ 133.519485, 33.4943429 ], [ 133.519648600000011, 33.4941998 ], [ 133.5199785, 33.4940432 ], [ 133.520249400000012, 33.493909 ], [ 133.5205659, 33.4936584 ], [ 133.520731399999988, 33.4934566 ] ] } },
{ "type": "Feature", "properties": { "u": 1557771945, "v": 1557771940, "key": 0, "osmid": "142325368", "lanes": null, "ref": null, "name": null, "highway": "unclassified", "maxspeed": null, "oneway": false, "reversed": "False", "length": 33.607, "bridge": null, "tunnel": null, "service": null }, "geometry": { "type": "LineString", "coordinates": [ [ 133.5185084, 33.4946648 ], [ 133.518869599999988, 33.49464 ] ] } },
{ "type": "Feature", "properties": { "u": 1557771945, "v": 1557771665, "key": 0, "osmid": "142325368", "lanes": null, "ref": null, "name": null, "highway": "unclassified", "maxspeed": null, "oneway": false, "reversed": "True", "length": 286.653, "bridge": null, "tunnel": null, "service": null }, "geometry": { "type": "LineString", "coordinates": [ [ 133.5185084, 33.4946648 ], [ 133.518373200000013, 33.4946706 ], [ 133.5181586, 33.4947299 ], [ 133.5179549, 33.4947574 ], [ 133.5176823, 33.4947352 ], [ 133.517515800000012, 33.4947024 ], [ 133.5173293, 33.4946217 ], [ 133.517260099999987, 33.4945599 ], [ 133.517151500000011, 33.4943899 ], [ 133.5168306, 33.4941073 ], [ 133.516671699999989, 33.4940445 ], [ 133.516582199999988, 33.4940045 ], [ 133.516482, 33.4938876 ], [ 133.516241, 33.4935023 ], [ 133.5161674, 33.4934477 ] ] } },
{ "type": "Feature", "properties": { "u": 1557771945, "v": 1557771685, "key": 0, "osmid": "142326128", "lanes": null, "ref": null, "name": null, "highway": "unclassified", "maxspeed": null, "oneway": false, "reversed": "True", "length": 143.801, "bridge": null, "tunnel": null, "service": null }, "geometry": { "type": "LineString", "coordinates": [ [ 133.5185084, 33.4946648 ], [ 133.518504299999989, 33.4946161 ], [ 133.517845599999987, 33.4934995 ] ] } },
{ "type": "Feature", "properties": { "u": 1557772015, "v": 1557771798, "key": 0, "osmid": "142327191", "lanes": null, "ref": null, "name": null, "highway": "unclassified", "maxspeed": null, "oneway": false, "reversed": "True", "length": 158.695, "bridge": null, "tunnel": null, "service": null }, "geometry": { "type": "LineString", "coordinates": [ [ 133.5145737, 33.4950258 ], [ 133.514945399999988, 33.4948771 ], [ 133.5150913, 33.4948138 ], [ 133.5154383, 33.4945932 ], [ 133.5155469, 33.4944775 ], [ 133.5156183, 33.4942854 ], [ 133.5156893, 33.4940587 ] ] } },
{ "type": "Feature", "properties": { "u": 4653551748, "v": 1557770008, "key": 0, "osmid": "142327623", "lanes": null, "ref": null, "name": null, "highway": "residential", "maxspeed": null, "oneway": false, "reversed": "False", "length": 8.762, "bridge": null, "tunnel": null, "service": null }, "geometry": { "type": "LineString", "coordinates": [ [ 133.5234222, 33.4821133 ], [ 133.5233326, 33.4820883 ] ] } },
{ "type": "Feature", "properties": { "u": 4653551748, "v": 10948459383, "key": 0, "osmid": "142327284", "lanes": null, "ref": null, "name": null, "highway": "path", "maxspeed": null, "oneway": false, "reversed": "True", "length": 53.132, "bridge": null, "tunnel": null, "service": null }, "geometry": { "type": "LineString", "coordinates": [ [ 133.5234222, 33.4821133 ], [ 133.5236205, 33.4820678 ], [ 133.523765700000013, 33.4820981 ], [ 133.5239637, 33.4821733 ] ] } },
{ "type": "Feature", "properties": { "u": 4653551748, "v": 1557770084, "key": 0, "osmid": "142327623", "lanes": null, "ref": null, "name": null, "highway": "residential", "maxspeed": null, "oneway": false, "reversed": "True", "length": 162.226, "bridge": null, "tunnel": null, "service": null }, "geometry": { "type": "LineString", "coordinates": [ [ 133.5234222, 33.4821133 ], [ 133.523460199999988, 33.4822563 ], [ 133.5235382, 33.4823496 ], [ 133.523824, 33.482541 ], [ 133.524147, 33.482698 ], [ 133.5246372, 33.4829609 ], [ 133.524746, 33.4829894 ] ] } },
{ "type": "Feature", "properties": { "u": 4930119001, "v": 1557769720, "key": 0, "osmid": "142326560", "lanes": null, "ref": null, "name": null, "highway": "residential", "maxspeed": null, "oneway": false, "reversed": "False", "length": 6.491, "bridge": null, "tunnel": null, "service": null }, "geometry": { "type": "LineString", "coordinates": [ [ 133.508288099999987, 33.4727137 ], [ 133.5082935, 33.4726555 ] ] } },
{ "type": "Feature", "properties": { "u": 4930119001, "v": 11055030522, "key": 0, "osmid": "142326560", "lanes": null, "ref": null, "name": null, "highway": "residential", "maxspeed": null, "oneway": false, "reversed": "True", "length": 69.412, "bridge": null, "tunnel": null, "service": null }, "geometry": { "type": "LineString", "coordinates": [ [ 133.508288099999987, 33.4727137 ], [ 133.508441, 33.4728636 ], [ 133.508484900000013, 33.4729618 ], [ 133.5084228, 33.4730968 ], [ 133.5083141, 33.47325 ] ] } },
{ "type": "Feature", "properties": { "u": 4930119001, "v": 5487612050, "key": 0, "osmid": "757828176", "lanes": null, "ref": null, "name": null, "highway": "footway", "maxspeed": null, "oneway": false, "reversed": "True", "length": 806.785, "bridge": null, "tunnel": null, "service": null }, "geometry": { "type": "LineString", "coordinates": [ [ 133.508288099999987, 33.4727137 ], [ 133.508689800000013, 33.4730017 ], [ 133.509688, 33.4738396 ], [ 133.5099376, 33.474022 ], [ 133.5105599, 33.4743047 ], [ 133.512189799999987, 33.4750475 ], [ 133.514063099999987, 33.4759598 ], [ 133.5145345, 33.476132 ], [ 133.515613699999989, 33.4765111 ] ] } },
{ "type": "Feature", "properties": { "u": 4931831910, "v": 1557770388, "key": 0, "osmid": "61821529", "lanes": null, "ref": null, "name": null, "highway": "tertiary", "maxspeed": "50", "oneway": false, "reversed": "False", "length": 166.066, "bridge": null, "tunnel": null, "service": null }, "geometry": { "type": "LineString", "coordinates": [ [ 133.5204598, 33.484332 ], [ 133.5198634, 33.4857402 ] ] } },
{ "type": "Feature", "properties": { "u": 4931831910, "v": 1557770094, "key": 0, "osmid": "61821529", "lanes": null, "ref": null, "name": null, "highway": "tertiary", "maxspeed": "50", "oneway": false, "reversed": "True", "length": 140.288, "bridge": null, "tunnel": null, "service": null }, "geometry": { "type": "LineString", "coordinates": [ [ 133.5204598, 33.484332 ], [ 133.5209374, 33.4831349 ] ] } },
{ "type": "Feature", "properties": { "u": 4931831910, "v": 1557770379, "key": 0, "osmid": "142326315", "lanes": null, "ref": null, "name": null, "highway": "residential", "maxspeed": null, "oneway": false, "reversed": "False", "length": 447.43, "bridge": null, "tunnel": null, "service": null }, "geometry": { "type": "LineString", "coordinates": [ [ 133.5204598, 33.484332 ], [ 133.5249972, 33.4856995 ] ] } },
{ "type": "Feature", "properties": { "u": 4931831910, "v": 7077380949, "key": 0, "osmid": "61725450", "lanes": null, "ref": null, "name": null, "highway": "tertiary", "maxspeed": null, "oneway": false, "reversed": "False", "length": 123.396, "bridge": null, "tunnel": null, "service": null }, "geometry": { "type": "LineString", "coordinates": [ [ 133.5204598, 33.484332 ], [ 133.5197363, 33.4841125 ], [ 133.5192241, 33.4839223 ] ] } },
{ "type": "Feature", "properties": { "u": 4933375093, "v": 1557770158, "key": 0, "osmid": "142327039", "lanes": null, "ref": null, "name": null, "highway": "path", "maxspeed": null, "oneway": false, "reversed": "False", "length": 89.691, "bridge": null, "tunnel": null, "service": null }, "geometry": { "type": "LineString", "coordinates": [ [ 133.532281899999987, 33.4846888 ], [ 133.532307, 33.484485 ], [ 133.532307, 33.484418 ], [ 133.532379600000013, 33.4838867 ] ] } },
{ "type": "Feature", "properties": { "u": 4933375093, "v": 1557770306, "key": 0, "osmid": "142327039", "lanes": null, "ref": null, "name": null, "highway": "path", "maxspeed": null, "oneway": false, "reversed": "True", "length": 74.277, "bridge": null, "tunnel": null, "service": null }, "geometry": { "type": "LineString", "coordinates": [ [ 133.532281899999987, 33.4846888 ], [ 133.532266, 33.484818 ], [ 133.532232, 33.484942 ], [ 133.532232, 33.485004 ], [ 133.5321586, 33.4853475 ] ] } },
{ "type": "Feature", "properties": { "u": 4933375093, "v": 1557770216, "key": 0, "osmid": "502980797", "lanes": null, "ref": null, "name": null, "highway": "path", "maxspeed": null, "oneway": false, "reversed": "False", "length": 141.28, "bridge": null, "tunnel": null, "service": null }, "geometry": { "type": "LineString", "coordinates": [ [ 133.532281899999987, 33.4846888 ], [ 133.5320538, 33.4846984 ], [ 133.531943899999987, 33.484723 ], [ 133.531766800000014, 33.4847387 ], [ 133.531673, 33.4847286 ], [ 133.531227699999988, 33.4845955 ], [ 133.5308315, 33.4844447 ] ] } },
{ "type": "Feature", "properties": { "u": 4933375093, "v": 1557770233, "key": 0, "osmid": "502980797", "lanes": null, "ref": null, "name": null, "highway": "path", "maxspeed": null, "oneway": false, "reversed": "True", "length": 57.212, "bridge": null, "tunnel": null, "service": null }, "geometry": { "type": "LineString", "coordinates": [ [ 133.532281899999987, 33.4846888 ], [ 133.532342199999988, 33.4846671 ], [ 133.532712299999986, 33.484657 ], [ 133.532891400000011, 33.4846356 ] ] } },
{ "type": "Feature", "properties": { "u": 4933375101, "v": 1557770308, "key": 0, "osmid": "502980800", "lanes": null, "ref": null, "name": null, "highway": "path", "maxspeed": null, "oneway": false, "reversed": "False", "length": 35.898, "bridge": null, "tunnel": null, "service": null }, "geometry": { "type": "LineString", "coordinates": [ [ 133.5301012, 33.4850183 ], [ 133.5300341, 33.4851469 ], [ 133.529956700000014, 33.4853177 ] ] } },
{ "type": "Feature", "properties": { "u": 4933375101, "v": 4933375109, "key": 0, "osmid": [ 502980800, 502980798, 502980799 ], "lanes": null, "ref": null, "name": null, "highway": "path", "maxspeed": null, "oneway": false, "reversed": "True", "length": 19.572, "bridge": "yes", "tunnel": null, "service": null }, "geometry": { "type": "LineString", "coordinates": [ [ 133.5301012, 33.4850183 ], [ 133.530126700000011, 33.4850205 ], [ 133.5302635, 33.4850697 ], [ 133.5302983, 33.4850787 ] ] } },
{ "type": "Feature", "properties": { "u": 4933375101, "v": 1557770136, "key": 0, "osmid": "568801527", "lanes": null, "ref": null, "name": null, "highway": "path", "maxspeed": null, "oneway": false, "reversed": "False", "length": 307.095, "bridge": null, "tunnel": null, "service": null }, "geometry": { "type": "LineString", "coordinates": [ [ 133.5301012, 33.4850183 ], [ 133.530129, 33.4848351 ], [ 133.5301337, 33.4847276 ], [ 133.530073499999986, 33.4846089 ], [ 133.5279538, 33.4837018 ], [ 133.52754680000001, 33.4836027 ] ] } },
{ "type": "Feature", "properties": { "u": 4933375109, "v": 1557770283, "key": 0, "osmid": "502980799", "lanes": null, "ref": null, "name": null, "highway": "path", "maxspeed": null, "oneway": false, "reversed": "True", "length": 39.578, "bridge": null, "tunnel": null, "service": null }, "geometry": { "type": "LineString", "coordinates": [ [ 133.5302983, 33.4850787 ], [ 133.5307154, 33.485154 ] ] } },
{ "type": "Feature", "properties": { "u": 4933375109, "v": 4933375197, "key": 0, "osmid": "142325102", "lanes": null, "ref": null, "name": null, "highway": "path", "maxspeed": null, "oneway": false, "reversed": "False", "length": 84.999, "bridge": null, "tunnel": null, "service": null }, "geometry": { "type": "LineString", "coordinates": [ [ 133.5302983, 33.4850787 ], [ 133.5303377, 33.485019 ], [ 133.5305309, 33.4848708 ], [ 133.5306759, 33.4847547 ], [ 133.530782, 33.484595 ], [ 133.5308214, 33.4844722 ] ] } },
{ "type": "Feature", "properties": { "u": 4933375109, "v": 4933375101, "key": 0, "osmid": [ 502980800, 502980798, 502980799 ], "lanes": null, "ref": null, "name": null, "highway": "path", "maxspeed": null, "oneway": false, "reversed": "False", "length": 19.572, "bridge": "yes", "tunnel": null, "service": null }, "geometry": { "type": "LineString", "coordinates": [ [ 133.5302983, 33.4850787 ], [ 133.5302635, 33.4850697 ], [ 133.530126700000011, 33.4850205 ], [ 133.5301012, 33.4850183 ] ] } },
{ "type": "Feature", "properties": { "u": 4933375109, "v": 1557770448, "key": 0, "osmid": "568801525", "lanes": null, "ref": null, "name": null, "highway": "path", "maxspeed": null, "oneway": false, "reversed": "True", "length": 127.09, "bridge": null, "tunnel": null, "service": null }, "geometry": { "type": "LineString", "coordinates": [ [ 133.5302983, 33.4850787 ], [ 133.530196100000012, 33.4852788 ], [ 133.52988160000001, 33.4861663 ] ] } },
{ "type": "Feature", "properties": { "u": 4933375133, "v": 1557770894, "key": 0, "osmid": "502980805", "lanes": null, "ref": null, "name": null, "highway": "residential", "maxspeed": null, "oneway": false, "reversed": "True", "length": 17.953, "bridge": null, "tunnel": null, "service": null }, "geometry": { "type": "LineString", "coordinates": [ [ 133.5246938, 33.4894554 ], [ 133.5248646, 33.4893794 ] ] } },
{ "type": "Feature", "properties": { "u": 4933375133, "v": 1431444724, "key": 0, "osmid": "142325518", "lanes": null, "ref": null, "name": null, "highway": "residential", "maxspeed": null, "oneway": false, "reversed": "False", "length": 32.647, "bridge": null, "tunnel": null, "service": null }, "geometry": { "type": "LineString", "coordinates": [ [ 133.5246938, 33.4894554 ], [ 133.5246697, 33.4894967 ], [ 133.5247153, 33.4895985 ], [ 133.524739399999987, 33.4897025 ], [ 133.5247133, 33.4897274 ] ] } },
{ "type": "Feature", "properties": { "u": 4933375133, "v": 1431444710, "key": 0, "osmid": "502980805", "lanes": null, "ref": null, "name": null, "highway": "residential", "maxspeed": null, "oneway": false, "reversed": "False", "length": 51.655, "bridge": null, "tunnel": null, "service": null }, "geometry": { "type": "LineString", "coordinates": [ [ 133.5246938, 33.4894554 ], [ 133.524632200000013, 33.4894431 ], [ 133.5245691, 33.489405 ], [ 133.5243438, 33.4892507 ], [ 133.5242647, 33.4892138 ], [ 133.5242326, 33.4892221 ] ] } },
{ "type": "Feature", "properties": { "u": 4933375143, "v": 1557771021, "key": 0, "osmid": "129809951", "lanes": "2", "ref": "278", "name": "弘岡下種崎線", "highway": "secondary", "maxspeed": "40", "oneway": false, "reversed": "False", "length": 202.187, "bridge": null, "tunnel": null, "service": null }, "geometry": { "type": "LineString", "coordinates": [ [ 133.513336900000013, 33.4909596 ], [ 133.5139543, 33.4905749 ], [ 133.515129699999989, 33.489926 ] ] } },
{ "type": "Feature", "properties": { "u": 4933375143, "v": 1557771205, "key": 0, "osmid": "129809951", "lanes": "2", "ref": "278", "name": "弘岡下種崎線", "highway": "secondary", "maxspeed": "40", "oneway": false, "reversed": "True", "length": 8.642, "bridge": null, "tunnel": null, "service": null }, "geometry": { "type": "LineString", "coordinates": [ [ 133.513336900000013, 33.4909596 ], [ 133.5133092, 33.4909778 ], [ 133.51326370000001, 33.4910077 ] ] } },
{ "type": "Feature", "properties": { "u": 4933375143, "v": 1557770903, "key": 0, "osmid": [ 502980808, 502980806, 502980807 ], "lanes": null, "ref": null, "name": null, "highway": "residential", "maxspeed": null, "oneway": false, "reversed": "True", "length": 259.929, "bridge": "yes", "tunnel": null, "service": null }, "geometry": { "type": "LineString", "coordinates": [ [ 133.513336900000013, 33.4909596 ], [ 133.5133132, 33.4909345 ], [ 133.5132824, 33.4909004 ], [ 133.513034299999987, 33.4906342 ], [ 133.5130517, 33.4904128 ], [ 133.514391499999988, 33.4896142 ], [ 133.514517500000011, 33.4896612 ], [ 133.5147418, 33.4895544 ] ] } },
{ "type": "Feature", "properties": { "u": 4933375179, "v": 1557770282, "key": 0, "osmid": [ 142325665, 142325530, 142325459 ], "lanes": null, "ref": null, "name": null, "highway": "unclassified", "maxspeed": null, "oneway": false, "reversed": [ false, true ], "length": 48.261, "bridge": "yes", "tunnel": null, "service": null }, "geometry": { "type": "LineString", "coordinates": [ [ 133.51810230000001, 33.4852375 ], [ 133.518060600000013, 33.4852161 ], [ 133.5177452, 33.4849993 ], [ 133.5177004, 33.4849627 ] ] } },
{ "type": "Feature", "properties": { "u": 4933375179, "v": 1557770388, "key": 0, "osmid": "142325530", "lanes": null, "ref": null, "name": null, "highway": "unclassified", "maxspeed": null, "oneway": false, "reversed": "True", "length": 172.738, "bridge": null, "tunnel": null, "service": null }, "geometry": { "type": "LineString", "coordinates": [ [ 133.51810230000001, 33.4852375 ], [ 133.5182311, 33.4852901 ], [ 133.5198634, 33.4857402 ] ] } },
{ "type": "Feature", "properties": { "u": 4933375179, "v": 4933375188, "key": 0, "osmid": "502980813", "lanes": null, "ref": null, "name": null, "highway": "residential", "maxspeed": null, "oneway": false, "reversed": "True", "length": 162.17, "bridge": null, "tunnel": null, "service": null }, "geometry": { "type": "LineString", "coordinates": [ [ 133.51810230000001, 33.4852375 ], [ 133.517983, 33.4853662 ], [ 133.5178851, 33.485563 ], [ 133.517827399999987, 33.4858583 ], [ 133.517793899999987, 33.4860842 ], [ 133.517759, 33.486242 ], [ 133.517704, 33.4863639 ], [ 133.517603400000013, 33.4864869 ], [ 133.5175069, 33.4865708 ] ] } },
{ "type": "Feature", "properties": { "u": 4933375180, "v": 4933375188, "key": 0, "osmid": "142325579", "lanes": null, "ref": null, "name": null, "highway": "residential", "maxspeed": null, "oneway": false, "reversed": "True", "length": 214.653, "bridge": null, "tunnel": null, "service": null }, "geometry": { "type": "LineString", "coordinates": [ [ 133.515463, 33.4874555 ], [ 133.5155354, 33.4873962 ], [ 133.5156548, 33.4873224 ], [ 133.5158466, 33.4872273 ], [ 133.5161483, 33.4870954 ], [ 133.5162623, 33.487026 ], [ 133.5167411, 33.4868638 ], [ 133.5172427, 33.4866815 ], [ 133.5175069, 33.4865708 ] ] } },
{ "type": "Feature", "properties": { "u": 4933375188, "v": 4933375180, "key": 0, "osmid": "142325579", "lanes": null, "ref": null, "name": null, "highway": "residential", "maxspeed": null, "oneway": false, "reversed": "False", "length": 214.653, "bridge": null, "tunnel": null, "service": null }, "geometry": { "type": "LineString", "coordinates": [ [ 133.5175069, 33.4865708 ], [ 133.5172427, 33.4866815 ], [ 133.5167411, 33.4868638 ], [ 133.5162623, 33.487026 ], [ 133.5161483, 33.4870954 ], [ 133.5158466, 33.4872273 ], [ 133.5156548, 33.4873224 ], [ 133.5155354, 33.4873962 ], [ 133.515463, 33.4874555 ] ] } },
{ "type": "Feature", "properties": { "u": 4933375188, "v": 4933375179, "key": 0, "osmid": "502980813", "lanes": null, "ref": null, "name": null, "highway": "residential", "maxspeed": null, "oneway": false, "reversed": "False", "length": 162.17, "bridge": null, "tunnel": null, "service": null }, "geometry": { "type": "LineString", "coordinates": [ [ 133.5175069, 33.4865708 ], [ 133.517603400000013, 33.4864869 ], [ 133.517704, 33.4863639 ], [ 133.517759, 33.486242 ], [ 133.517793899999987, 33.4860842 ], [ 133.517827399999987, 33.4858583 ], [ 133.5178851, 33.485563 ], [ 133.517983, 33.4853662 ], [ 133.51810230000001, 33.4852375 ] ] } },
{ "type": "Feature", "properties": { "u": 4933375188, "v": 1557770499, "key": 0, "osmid": "502980813", "lanes": null, "ref": null, "name": null, "highway": "residential", "maxspeed": null, "oneway": false, "reversed": "True", "length": 47.758, "bridge": null, "tunnel": null, "service": null }, "geometry": { "type": "LineString", "coordinates": [ [ 133.5175069, 33.4865708 ], [ 133.5175561, 33.4866045 ], [ 133.5179828, 33.4867271 ] ] } },
{ "type": "Feature", "properties": { "u": 4933375196, "v": 1557770308, "key": 0, "osmid": "142325683", "lanes": null, "ref": null, "name": null, "highway": "residential", "maxspeed": null, "oneway": false, "reversed": "True", "length": 321.514, "bridge": null, "tunnel": null, "service": null }, "geometry": { "type": "LineString", "coordinates": [ [ 133.5268284, 33.4840715 ], [ 133.529956700000014, 33.4853177 ] ] } },
{ "type": "Feature", "properties": { "u": 4933375196, "v": 1557770136, "key": 0, "osmid": "142326086", "lanes": null, "ref": null, "name": null, "highway": "tertiary", "maxspeed": null, "oneway": false, "reversed": "True", "length": 84.595, "bridge": null, "tunnel": null, "service": null }, "geometry": { "type": "LineString", "coordinates": [ [ 133.5268284, 33.4840715 ], [ 133.52754680000001, 33.4836027 ] ] } },
{ "type": "Feature", "properties": { "u": 4933375196, "v": 1557770294, "key": 0, "osmid": "142326093", "lanes": null, "ref": null, "name": null, "highway": "tertiary", "maxspeed": null, "oneway": false, "reversed": "False", "length": 169.46, "bridge": null, "tunnel": null, "service": null }, "geometry": { "type": "LineString", "coordinates": [ [ 133.5268284, 33.4840715 ], [ 133.525912, 33.4848054 ], [ 133.525593, 33.485186 ] ] } },
{ "type": "Feature", "properties": { "u": 4933375197, "v": 1557770216, "key": 0, "osmid": "142325102", "lanes": null, "ref": null, "name": null, "highway": "path", "maxspeed": null, "oneway": false, "reversed": "False", "length": 3.198, "bridge": null, "tunnel": null, "service": null }, "geometry": { "type": "LineString", "coordinates": [ [ 133.5308214, 33.4844722 ], [ 133.5308315, 33.4844447 ] ] } },
{ "type": "Feature", "properties": { "u": 4933375197, "v": 10948459361, "key": 0, "osmid": "142326429", "lanes": null, "ref": null, "name": null, "highway": "residential", "maxspeed": null, "oneway": false, "reversed": "False", "length": 55.857, "bridge": null, "tunnel": null, "service": null }, "geometry": { "type": "LineString", "coordinates": [ [ 133.5308214, 33.4844722 ], [ 133.5302638, 33.4842823 ] ] } },
{ "type": "Feature", "properties": { "u": 4933375197, "v": 4933375109, "key": 0, "osmid": "142325102", "lanes": null, "ref": null, "name": null, "highway": "path", "maxspeed": null, "oneway": false, "reversed": "True", "length": 84.999, "bridge": null, "tunnel": null, "service": null }, "geometry": { "type": "LineString", "coordinates": [ [ 133.5308214, 33.4844722 ], [ 133.530782, 33.484595 ], [ 133.5306759, 33.4847547 ], [ 133.5305309, 33.4848708 ], [ 133.5303377, 33.485019 ], [ 133.5302983, 33.4850787 ] ] } },
{ "type": "Feature", "properties": { "u": 4941946999, "v": 1557771321, "key": 0, "osmid": "142325935", "lanes": null, "ref": null, "name": null, "highway": "unclassified", "maxspeed": null, "oneway": false, "reversed": "True", "length": 11.115, "bridge": null, "tunnel": null, "service": null }, "geometry": { "type": "LineString", "coordinates": [ [ 133.5098926, 33.4916856 ], [ 133.5098968, 33.4917855 ] ] } },
{ "type": "Feature", "properties": { "u": 4941946999, "v": 1557771149, "key": 0, "osmid": "142325935", "lanes": null, "ref": null, "name": null, "highway": "unclassified", "maxspeed": null, "oneway": false, "reversed": "False", "length": 113.198, "bridge": null, "tunnel": null, "service": null }, "geometry": { "type": "LineString", "coordinates": [ [ 133.5098926, 33.4916856 ], [ 133.5098055, 33.491268 ], [ 133.509716, 33.490925 ], [ 133.5096308, 33.4906925 ] ] } },
{ "type": "Feature", "properties": { "u": 4941946999, "v": 10948459335, "key": 0, "osmid": "503965824", "lanes": null, "ref": null, "name": null, "highway": "residential", "maxspeed": null, "oneway": false, "reversed": "False", "length": 74.262, "bridge": null, "tunnel": null, "service": null }, "geometry": { "type": "LineString", "coordinates": [ [ 133.5098926, 33.4916856 ], [ 133.510604199999989, 33.491529 ], [ 133.5106527, 33.4914931 ] ] } },
{ "type": "Feature", "properties": { "u": 5381937718, "v": 1557770811, "key": 0, "osmid": "142325082", "lanes": null, "ref": null, "name": null, "highway": "residential", "maxspeed": null, "oneway": false, "reversed": "False", "length": 220.057, "bridge": null, "tunnel": null, "service": null }, "geometry": { "type": "LineString", "coordinates": [ [ 133.507683500000013, 33.4904017 ], [ 133.5077114, 33.4903888 ], [ 133.507905599999987, 33.490292 ], [ 133.5081676, 33.4900974 ], [ 133.5085221, 33.4898208 ], [ 133.5085724, 33.4897594 ], [ 133.508735699999988, 33.4895656 ], [ 133.5089558, 33.4893406 ], [ 133.509078100000011, 33.4892322 ], [ 133.5093832, 33.4890451 ] ] } },
{ "type": "Feature", "properties": { "u": 5381937718, "v": 1557771143, "key": 0, "osmid": "142325082", "lanes": null, "ref": null, "name": null, "highway": "residential", "maxspeed": null, "oneway": false, "reversed": "True", "length": 57.158, "bridge": null, "tunnel": null, "service": null }, "geometry": { "type": "LineString", "coordinates": [ [ 133.507683500000013, 33.4904017 ], [ 133.507526399999989, 33.4904743 ], [ 133.5074083, 33.4905716 ], [ 133.5072458, 33.4907522 ] ] } },
{ "type": "Feature", "properties": { "u": 5471852305, "v": 1557770493, "key": 0, "osmid": "568801526", "lanes": null, "ref": null, "name": null, "highway": "unclassified", "maxspeed": null, "oneway": false, "reversed": "True", "length": 27.985, "bridge": "yes", "tunnel": null, "service": null }, "geometry": { "type": "LineString", "coordinates": [ [ 133.5296156, 33.4868131 ], [ 133.5293555, 33.4866855 ] ] } },
{ "type": "Feature", "properties": { "u": 5471852305, "v": 1557770448, "key": 0, "osmid": "568801525", "lanes": null, "ref": null, "name": null, "highway": "path", "maxspeed": null, "oneway": false, "reversed": "False", "length": 76.286, "bridge": null, "tunnel": null, "service": null }, "geometry": { "type": "LineString", "coordinates": [ [ 133.5296156, 33.4868131 ], [ 133.529737, 33.4865996 ], [ 133.52988160000001, 33.4861663 ] ] } },
{ "type": "Feature", "properties": { "u": 5471852305, "v": 1557770557, "key": 0, "osmid": "568801525", "lanes": null, "ref": null, "name": null, "highway": "path", "maxspeed": null, "oneway": false, "reversed": "True", "length": 56.479, "bridge": null, "tunnel": null, "service": null }, "geometry": { "type": "LineString", "coordinates": [ [ 133.5296156, 33.4868131 ], [ 133.529595300000011, 33.4868488 ], [ 133.5292279, 33.4872031 ] ] } },
{ "type": "Feature", "properties": { "u": 5471852311, "v": 5471852312, "key": 0, "osmid": "568801528", "lanes": null, "ref": null, "name": null, "highway": "path", "maxspeed": null, "oneway": false, "reversed": "False", "length": 73.218, "bridge": null, "tunnel": null, "service": null }, "geometry": { "type": "LineString", "coordinates": [ [ 133.5202203, 33.482851 ], [ 133.520967500000012, 33.4830636 ] ] } },
{ "type": "Feature", "properties": { "u": 5471852312, "v": 1557770094, "key": 0, "osmid": "61821529", "lanes": null, "ref": null, "name": null, "highway": "tertiary", "maxspeed": "50", "oneway": false, "reversed": "False", "length": 8.405, "bridge": null, "tunnel": null, "service": null }, "geometry": { "type": "LineString", "coordinates": [ [ 133.520967500000012, 33.4830636 ], [ 133.5209374, 33.4831349 ] ] } },
{ "type": "Feature", "properties": { "u": 5471852312, "v": 7077380923, "key": 0, "osmid": "61821529", "lanes": null, "ref": null, "name": null, "highway": "tertiary", "maxspeed": "50", "oneway": false, "reversed": "True", "length": 68.216, "bridge": null, "tunnel": null, "service": null }, "geometry": { "type": "LineString", "coordinates": [ [ 133.520967500000012, 33.4830636 ], [ 133.521212, 33.482485 ] ] } },
{ "type": "Feature", "properties": { "u": 5471852312, "v": 5471852311, "key": 0, "osmid": "568801528", "lanes": null, "ref": null, "name": null, "highway": "path", "maxspeed": null, "oneway": false, "reversed": "True", "length": 73.218, "bridge": null, "tunnel": null, "service": null }, "geometry": { "type": "LineString", "coordinates": [ [ 133.520967500000012, 33.4830636 ], [ 133.5202203, 33.482851 ] ] } },
{ "type": "Feature", "properties": { "u": 5487612033, "v": 1557770149, "key": 0, "osmid": "142326062", "lanes": null, "ref": null, "name": null, "highway": "residential", "maxspeed": null, "oneway": false, "reversed": "False", "length": 49.626, "bridge": null, "tunnel": null, "service": null }, "geometry": { "type": "LineString", "coordinates": [ [ 133.533089100000012, 33.4833325 ], [ 133.5329705, 33.4837677 ] ] } },
{ "type": "Feature", "properties": { "u": 5487612033, "v": 1431984524, "key": 0, "osmid": "142326062", "lanes": null, "ref": null, "name": null, "highway": "residential", "maxspeed": null, "oneway": false, "reversed": "True", "length": 4.767, "bridge": null, "tunnel": null, "service": null }, "geometry": { "type": "LineString", "coordinates": [ [ 133.533089100000012, 33.4833325 ], [ 133.533100499999989, 33.4832907 ] ] } },
{ "type": "Feature", "properties": { "u": 5487612033, "v": 10550597228, "key": 0, "osmid": "570811435", "lanes": null, "ref": null, "name": null, "highway": "footway", "maxspeed": null, "oneway": false, "reversed": "False", "length": 70.799, "bridge": null, "tunnel": null, "service": null }, "geometry": { "type": "LineString", "coordinates": [ [ 133.533089100000012, 33.4833325 ], [ 133.5323799, 33.4831374 ], [ 133.5323645, 33.4831322 ] ] } },
{ "type": "Feature", "properties": { "u": 5487612033, "v": 10261046440, "key": 0, "osmid": "570811435", "lanes": null, "ref": null, "name": null, "highway": "footway", "maxspeed": null, "oneway": false, "reversed": "True", "length": 189.344, "bridge": null, "tunnel": null, "service": null }, "geometry": { "type": "LineString", "coordinates": [ [ 133.533089100000012, 33.4833325 ], [ 133.5335939, 33.483492 ], [ 133.5349033, 33.4839725 ], [ 133.5349187, 33.4839982 ], [ 133.534951299999989, 33.4840125 ] ] } },
{ "type": "Feature", "properties": { "u": 5487612035, "v": 1557770076, "key": 0, "osmid": "142325617", "lanes": null, "ref": null, "name": null, "highway": "path", "maxspeed": null, "oneway": false, "reversed": "False", "length": 4.304, "bridge": null, "tunnel": null, "service": null }, "geometry": { "type": "LineString", "coordinates": [ [ 133.531458500000014, 33.4828238 ], [ 133.531472900000011, 33.482787 ] ] } },
{ "type": "Feature", "properties": { "u": 5487612035, "v": 1557770142, "key": 0, "osmid": "142325617", "lanes": null, "ref": null, "name": null, "highway": "path", "maxspeed": null, "oneway": false, "reversed": "True", "length": 105.722, "bridge": null, "tunnel": null, "service": null }, "geometry": { "type": "LineString", "coordinates": [ [ 133.531458500000014, 33.4828238 ], [ 133.5311035, 33.4837273 ] ] } },
{ "type": "Feature", "properties": { "u": 5487612035, "v": 5487612036, "key": 0, "osmid": "570811435", "lanes": null, "ref": null, "name": null, "highway": "footway", "maxspeed": null, "oneway": false, "reversed": "False", "length": 135.966, "bridge": null, "tunnel": null, "service": null }, "geometry": { "type": "LineString", "coordinates": [ [ 133.531458500000014, 33.4828238 ], [ 133.5301212, 33.4823227 ] ] } },
{ "type": "Feature", "properties": { "u": 5487612035, "v": 10550597228, "key": 0, "osmid": "570811435", "lanes": null, "ref": null, "name": null, "highway": "footway", "maxspeed": null, "oneway": false, "reversed": "True", "length": 90.753, "bridge": null, "tunnel": null, "service": null }, "geometry": { "type": "LineString", "coordinates": [ [ 133.531458500000014, 33.4828238 ], [ 133.5323645, 33.4831322 ] ] } },
{ "type": "Feature", "properties": { "u": 5487612036, "v": 10948459365, "key": 0, "osmid": "142326213", "lanes": null, "ref": null, "name": null, "highway": "path", "maxspeed": null, "oneway": false, "reversed": "False", "length": 17.878, "bridge": null, "tunnel": null, "service": null }, "geometry": { "type": "LineString", "coordinates": [ [ 133.5301212, 33.4823227 ], [ 133.5300397, 33.4824684 ] ] } },
{ "type": "Feature", "properties": { "u": 5487612036, "v": 1557770033, "key": 0, "osmid": "142326213", "lanes": null, "ref": null, "name": null, "highway": "path", "maxspeed": null, "oneway": false, "reversed": "True", "length": 4.184, "bridge": null, "tunnel": null, "service": null }, "geometry": { "type": "LineString", "coordinates": [ [ 133.5301212, 33.4823227 ], [ 133.530141500000013, 33.4822891 ] ] } },
{ "type": "Feature", "properties": { "u": 5487612036, "v": 10948459371, "key": 0, "osmid": "570811435", "lanes": null, "ref": null, "name": null, "highway": "footway", "maxspeed": null, "oneway": false, "reversed": "False", "length": 68.445, "bridge": null, "tunnel": null, "service": null }, "geometry": { "type": "LineString", "coordinates": [ [ 133.5301212, 33.4823227 ], [ 133.5294482, 33.4820701 ] ] } },
{ "type": "Feature", "properties": { "u": 5487612036, "v": 5487612035, "key": 0, "osmid": "570811435", "lanes": null, "ref": null, "name": null, "highway": "footway", "maxspeed": null, "oneway": false, "reversed": "True", "length": 135.966, "bridge": null, "tunnel": null, "service": null }, "geometry": { "type": "LineString", "coordinates": [ [ 133.5301212, 33.4823227 ], [ 133.531458500000014, 33.4828238 ] ] } },
{ "type": "Feature", "properties": { "u": 5487612037, "v": 1557769999, "key": 0, "osmid": "142325982", "lanes": null, "ref": null, "name": null, "highway": "path", "maxspeed": null, "oneway": false, "reversed": "False", "length": 4.124, "bridge": null, "tunnel": null, "service": null }, "geometry": { "type": "LineString", "coordinates": [ [ 133.528637, 33.4817657 ], [ 133.5286542, 33.4817315 ] ] } },
{ "type": "Feature", "properties": { "u": 5487612037, "v": 5487612038, "key": 0, "osmid": "570811435", "lanes": null, "ref": null, "name": null, "highway": "footway", "maxspeed": null, "oneway": false, "reversed": "False", "length": 170.237, "bridge": null, "tunnel": null, "service": null }, "geometry": { "type": "LineString", "coordinates": [ [ 133.528637, 33.4817657 ], [ 133.5269597, 33.4811438 ] ] } },
{ "type": "Feature", "properties": { "u": 5487612037, "v": 10948459371, "key": 0, "osmid": "570811435", "lanes": null, "ref": null, "name": null, "highway": "footway", "maxspeed": null, "oneway": false, "reversed": "True", "length": 82.497, "bridge": null, "tunnel": null, "service": null }, "geometry": { "type": "LineString", "coordinates": [ [ 133.528637, 33.4817657 ], [ 133.5294482, 33.4820701 ] ] } },
{ "type": "Feature", "properties": { "u": 5487612037, "v": 1557770075, "key": 0, "osmid": "142325982", "lanes": null, "ref": null, "name": null, "highway": "path", "maxspeed": null, "oneway": false, "reversed": "True", "length": 129.057, "bridge": null, "tunnel": null, "service": null }, "geometry": { "type": "LineString", "coordinates": [ [ 133.528637, 33.4817657 ], [ 133.528434, 33.482169 ], [ 133.5281454, 33.482851 ] ] } },
{ "type": "Feature", "properties": { "u": 5487612038, "v": 1557770017, "key": 0, "osmid": "142325336", "lanes": null, "ref": null, "name": null, "highway": "path", "maxspeed": null, "oneway": false, "reversed": "False", "length": 135.897, "bridge": null, "tunnel": null, "service": null }, "geometry": { "type": "LineString", "coordinates": [ [ 133.5269597, 33.4811438 ], [ 133.5265463, 33.4823163 ] ] } },
{ "type": "Feature", "properties": { "u": 5487612038, "v": 1557769962, "key": 0, "osmid": "142325336", "lanes": null, "ref": null, "name": null, "highway": "path", "maxspeed": null, "oneway": false, "reversed": "True", "length": 4.324, "bridge": null, "tunnel": null, "service": null }, "geometry": { "type": "LineString", "coordinates": [ [ 133.5269597, 33.4811438 ], [ 133.5269729, 33.4811065 ] ] } },
{ "type": "Feature", "properties": { "u": 5487612038, "v": 10550597232, "key": 0, "osmid": "570811435", "lanes": null, "ref": null, "name": null, "highway": "footway", "maxspeed": null, "oneway": false, "reversed": "False", "length": 85.74, "bridge": null, "tunnel": null, "service": null }, "geometry": { "type": "LineString", "coordinates": [ [ 133.5269597, 33.4811438 ], [ 133.5261161, 33.4808284 ] ] } },
{ "type": "Feature", "properties": { "u": 5487612038, "v": 5487612037, "key": 0, "osmid": "570811435", "lanes": null, "ref": null, "name": null, "highway": "footway", "maxspeed": null, "oneway": false, "reversed": "True", "length": 170.237, "bridge": null, "tunnel": null, "service": null }, "geometry": { "type": "LineString", "coordinates": [ [ 133.5269597, 33.4811438 ], [ 133.528637, 33.4817657 ] ] } },
{ "type": "Feature", "properties": { "u": 5487612039, "v": 1557769931, "key": 0, "osmid": "142326535", "lanes": null, "ref": null, "name": null, "highway": "path", "maxspeed": null, "oneway": false, "reversed": "True", "length": 4.529, "bridge": null, "tunnel": null, "service": null }, "geometry": { "type": "LineString", "coordinates": [ [ 133.524200799999988, 33.4801122 ], [ 133.5242149, 33.4800732 ] ] } },
{ "type": "Feature", "properties": { "u": 5487612039, "v": 10948459377, "key": 0, "osmid": "570811435", "lanes": null, "ref": null, "name": null, "highway": "footway", "maxspeed": null, "oneway": false, "reversed": "True", "length": 82.106, "bridge": null, "tunnel": null, "service": null }, "geometry": { "type": "LineString", "coordinates": [ [ 133.524200799999988, 33.4801122 ], [ 133.5250086, 33.4804143 ] ] } },
{ "type": "Feature", "properties": { "u": 5487612039, "v": 1557769978, "key": 0, "osmid": "142326535", "lanes": null, "ref": null, "name": null, "highway": "path", "maxspeed": null, "oneway": false, "reversed": "False", "length": 138.857, "bridge": null, "tunnel": null, "service": null }, "geometry": { "type": "LineString", "coordinates": [ [ 133.524200799999988, 33.4801122 ], [ 133.5239755, 33.4807349 ], [ 133.523911, 33.4811219 ], [ 133.5238889, 33.4813287 ] ] } },
{ "type": "Feature", "properties": { "u": 5487612039, "v": 5487612042, "key": 0, "osmid": "570811435", "lanes": null, "ref": null, "name": null, "highway": "footway", "maxspeed": null, "oneway": false, "reversed": "False", "length": 168.2, "bridge": null, "tunnel": null, "service": null }, "geometry": { "type": "LineString", "coordinates": [ [ 133.524200799999988, 33.4801122 ], [ 133.5232508, 33.4797247 ], [ 133.5226594, 33.4794481 ], [ 133.522633899999988, 33.4794438 ], [ 133.522609100000011, 33.4794451 ], [ 133.522583, 33.4794513 ] ] } },
{ "type": "Feature", "properties": { "u": 5487612042, "v": 7077380956, "key": 0, "osmid": "570811435", "lanes": null, "ref": null, "name": null, "highway": "footway", "maxspeed": null, "oneway": false, "reversed": "False", "length": 7.578, "bridge": null, "tunnel": null, "service": null }, "geometry": { "type": "LineString", "coordinates": [ [ 133.522583, 33.4794513 ], [ 133.522574600000013, 33.4794537 ], [ 133.522550200000012, 33.4794626 ], [ 133.5225136, 33.4794861 ] ] } },
{ "type": "Feature", "properties": { "u": 5487612042, "v": 5487612039, "key": 0, "osmid": "570811435", "lanes": null, "ref": null, "name": null, "highway": "footway", "maxspeed": null, "oneway": false, "reversed": "True", "length": 168.2, "bridge": null, "tunnel": null, "service": null }, "geometry": { "type": "LineString", "coordinates": [ [ 133.522583, 33.4794513 ], [ 133.522609100000011, 33.4794451 ], [ 133.522633899999988, 33.4794438 ], [ 133.5226594, 33.4794481 ], [ 133.5232508, 33.4797247 ], [ 133.524200799999988, 33.4801122 ] ] } },
{ "type": "Feature", "properties": { "u": 5487612042, "v": 7077380953, "key": 0, "osmid": [ 757828174, 757828175 ], "lanes": null, "ref": null, "name": null, "highway": "footway", "maxspeed": null, "oneway": false, "reversed": "False", "length": 8.795, "bridge": null, "tunnel": null, "service": null }, "geometry": { "type": "LineString", "coordinates": [ [ 133.522583, 33.4794513 ], [ 133.522572, 33.4794357 ], [ 133.5225063, 33.4794089 ] ] } },
{ "type": "Feature", "properties": { "u": 5487612043, "v": 7077380953, "key": 0, "osmid": [ 757828173, 757828174 ], "lanes": null, "ref": null, "name": null, "highway": "footway", "maxspeed": null, "oneway": false, "reversed": "True", "length": 9.446, "bridge": null, "tunnel": null, "service": null }, "geometry": { "type": "LineString", "coordinates": [ [ 133.522414, 33.479373 ], [ 133.5224342, 33.4793802 ], [ 133.5225063, 33.4794089 ] ] } },
{ "type": "Feature", "properties": { "u": 5487612043, "v": 5487612046, "key": 0, "osmid": "757828176", "lanes": null, "ref": null, "name": null, "highway": "footway", "maxspeed": null, "oneway": false, "reversed": "False", "length": 449.606, "bridge": null, "tunnel": null, "service": null }, "geometry": { "type": "LineString", "coordinates": [ [ 133.522414, 33.479373 ], [ 133.5224002, 33.4793493 ], [ 133.5223766, 33.4793219 ], [ 133.522361, 33.4793111 ], [ 133.5223047, 33.4792833 ], [ 133.52034230000001, 33.478486 ], [ 133.5180753, 33.477593 ] ] } },
{ "type": "Feature", "properties": { "u": 5487612043, "v": 7077380967, "key": 0, "osmid": [ 757828176, 757828177 ], "lanes": null, "ref": null, "name": null, "highway": "footway", "maxspeed": null, "oneway": false, "reversed": [ false, true ], "length": 99.533, "bridge": null, "tunnel": null, "service": null }, "geometry": { "type": "LineString", "coordinates": [ [ 133.522414, 33.479373 ], [ 133.5224255, 33.479401 ], [ 133.5224326, 33.479435 ], [ 133.522429499999987, 33.4794545 ], [ 133.522134099999988, 33.4801702 ], [ 133.522112, 33.4802214 ] ] } },
{ "type": "Feature", "properties": { "u": 5487612046, "v": 1557769859, "key": 0, "osmid": "142325710", "lanes": null, "ref": null, "name": null, "highway": "unclassified", "maxspeed": null, "oneway": false, "reversed": "False", "length": 37.314, "bridge": null, "tunnel": null, "service": null }, "geometry": { "type": "LineString", "coordinates": [ [ 133.5180753, 33.477593 ], [ 133.5178166, 33.47785 ] ] } },
{ "type": "Feature", "properties": { "u": 5487612046, "v": 1557769842, "key": 0, "osmid": "142325710", "lanes": null, "ref": null, "name": null, "highway": "unclassified", "maxspeed": null, "oneway": false, "reversed": "True", "length": 4.06, "bridge": null, "tunnel": null, "service": null }, "geometry": { "type": "LineString", "coordinates": [ [ 133.5180753, 33.477593 ], [ 133.5181034, 33.477565 ] ] } },
{ "type": "Feature", "properties": { "u": 5487612046, "v": 5487612050, "key": 0, "osmid": "757828176", "lanes": null, "ref": null, "name": null, "highway": "footway", "maxspeed": null, "oneway": false, "reversed": "False", "length": 258.59, "bridge": null, "tunnel": null, "service": null }, "geometry": { "type": "LineString", "coordinates": [ [ 133.5180753, 33.477593 ], [ 133.5170517, 33.4771934 ], [ 133.5165341, 33.4769235 ], [ 133.515998, 33.4766485 ], [ 133.515613699999989, 33.4765111 ] ] } },
{ "type": "Feature", "properties": { "u": 5487612046, "v": 5487612043, "key": 0, "osmid": "757828176", "lanes": null, "ref": null, "name": null, "highway": "footway", "maxspeed": null, "oneway": false, "reversed": "True", "length": 449.606, "bridge": null, "tunnel": null, "service": null }, "geometry": { "type": "LineString", "coordinates": [ [ 133.5180753, 33.477593 ], [ 133.52034230000001, 33.478486 ], [ 133.5223047, 33.4792833 ], [ 133.522361, 33.4793111 ], [ 133.5223766, 33.4793219 ], [ 133.5224002, 33.4793493 ], [ 133.522414, 33.479373 ] ] } },
{ "type": "Feature", "properties": { "u": 5487612050, "v": 1557769813, "key": 0, "osmid": "142325029", "lanes": null, "ref": null, "name": null, "highway": "unclassified", "maxspeed": null, "oneway": false, "reversed": "True", "length": 4.562, "bridge": null, "tunnel": null, "service": null }, "geometry": { "type": "LineString", "coordinates": [ [ 133.515613699999989, 33.4765111 ], [ 133.5156274, 33.4764717 ] ] } },
{ "type": "Feature", "properties": { "u": 5487612050, "v": 1557769822, "key": 0, "osmid": "142325029", "lanes": null, "ref": null, "name": null, "highway": "unclassified", "maxspeed": null, "oneway": false, "reversed": "False", "length": 68.8, "bridge": null, "tunnel": null, "service": null }, "geometry": { "type": "LineString", "coordinates": [ [ 133.515613699999989, 33.4765111 ], [ 133.515497, 33.476848 ], [ 133.515432800000013, 33.4769841 ], [ 133.51538930000001, 33.4770647 ], [ 133.515380599999986, 33.4770973 ] ] } },
{ "type": "Feature", "properties": { "u": 5487612050, "v": 4930119001, "key": 0, "osmid": "757828176", "lanes": null, "ref": null, "name": null, "highway": "footway", "maxspeed": null, "oneway": false, "reversed": "False", "length": 806.785, "bridge": null, "tunnel": null, "service": null }, "geometry": { "type": "LineString", "coordinates": [ [ 133.515613699999989, 33.4765111 ], [ 133.5145345, 33.476132 ], [ 133.514063099999987, 33.4759598 ], [ 133.512189799999987, 33.4750475 ], [ 133.5105599, 33.4743047 ], [ 133.5099376, 33.474022 ], [ 133.509688, 33.4738396 ], [ 133.508689800000013, 33.4730017 ], [ 133.508288099999987, 33.4727137 ] ] } },
{ "type": "Feature", "properties": { "u": 5487612050, "v": 5487612046, "key": 0, "osmid": "757828176", "lanes": null, "ref": null, "name": null, "highway": "footway", "maxspeed": null, "oneway": false, "reversed": "True", "length": 258.59, "bridge": null, "tunnel": null, "service": null }, "geometry": { "type": "LineString", "coordinates": [ [ 133.515613699999989, 33.4765111 ], [ 133.515998, 33.4766485 ], [ 133.5165341, 33.4769235 ], [ 133.5170517, 33.4771934 ], [ 133.5180753, 33.477593 ] ] } },
{ "type": "Feature", "properties": { "u": 5487624475, "v": 5487624481, "key": 0, "osmid": "570813357", "lanes": null, "ref": null, "name": null, "highway": "unclassified", "maxspeed": null, "oneway": false, "reversed": "False", "length": 61.732, "bridge": null, "tunnel": null, "service": null }, "geometry": { "type": "LineString", "coordinates": [ [ 133.5044646, 33.4700042 ], [ 133.5047683, 33.4695102 ] ] } },
{ "type": "Feature", "properties": { "u": 5487624475, "v": 1557769647, "key": 0, "osmid": "142325306", "lanes": null, "ref": null, "name": null, "highway": "tertiary", "maxspeed": null, "oneway": false, "reversed": "False", "length": 267.342, "bridge": null, "tunnel": null, "service": null }, "geometry": { "type": "LineString", "coordinates": [ [ 133.5044646, 33.4700042 ], [ 133.5044983, 33.4700292 ], [ 133.504997, 33.4702649 ], [ 133.505264399999987, 33.4703601 ], [ 133.5057635, 33.4705295 ], [ 133.506066299999986, 33.4707005 ], [ 133.5065413, 33.4710478 ], [ 133.506603899999988, 33.4711274 ], [ 133.506611, 33.4712274 ], [ 133.5065327, 33.4713835 ] ] } },
{ "type": "Feature", "properties": { "u": 5487624475, "v": 5487624477, "key": 0, "osmid": "142325306", "lanes": null, "ref": null, "name": null, "highway": "tertiary", "maxspeed": null, "oneway": false, "reversed": "True", "length": 105.612, "bridge": null, "tunnel": null, "service": null }, "geometry": { "type": "LineString", "coordinates": [ [ 133.5044646, 33.4700042 ], [ 133.504123600000014, 33.4697505 ], [ 133.5040134, 33.4696502 ], [ 133.5037644, 33.4693629 ], [ 133.5037237, 33.4692926 ] ] } },
{ "type": "Feature", "properties": { "u": 5487624476, "v": 5487624481, "key": 0, "osmid": "570813357", "lanes": null, "ref": null, "name": null, "highway": "unclassified", "maxspeed": null, "oneway": false, "reversed": "True", "length": 27.414, "bridge": null, "tunnel": null, "service": null }, "geometry": { "type": "LineString", "coordinates": [ [ 133.5049038, 33.4692911 ], [ 133.5047683, 33.4695102 ] ] } },
{ "type": "Feature", "properties": { "u": 5487624476, "v": 5487625049, "key": 0, "osmid": "570813365", "lanes": null, "ref": null, "name": null, "highway": "path", "maxspeed": null, "oneway": false, "reversed": "False", "length": 151.852, "bridge": null, "tunnel": null, "service": null }, "geometry": { "type": "LineString", "coordinates": [ [ 133.5049038, 33.4692911 ], [ 133.5055607, 33.4695837 ], [ 133.5059268, 33.4689843 ], [ 133.50595340000001, 33.4689161 ] ] } },
{ "type": "Feature", "properties": { "u": 5487624476, "v": 5487625047, "key": 0, "osmid": "570813366", "lanes": null, "ref": null, "name": null, "highway": "path", "maxspeed": null, "oneway": false, "reversed": "False", "length": 239.62, "bridge": null, "tunnel": null, "service": null }, "geometry": { "type": "LineString", "coordinates": [ [ 133.5049038, 33.4692911 ], [ 133.5040242, 33.4688922 ], [ 133.5044259, 33.4682358 ], [ 133.5050446, 33.4685065 ] ] } },
{ "type": "Feature", "properties": { "u": 5487624477, "v": 5487624480, "key": 0, "osmid": "570813358", "lanes": null, "ref": null, "name": null, "highway": "unclassified", "maxspeed": null, "oneway": false, "reversed": "False", "length": 24.866, "bridge": null, "tunnel": null, "service": null }, "geometry": { "type": "LineString", "coordinates": [ [ 133.5037237, 33.4692926 ], [ 133.503836400000012, 33.4690897 ] ] } },
{ "type": "Feature", "properties": { "u": 5487624477, "v": 5487624475, "key": 0, "osmid": "142325306", "lanes": null, "ref": null, "name": null, "highway": "tertiary", "maxspeed": null, "oneway": false, "reversed": "False", "length": 105.612, "bridge": null, "tunnel": null, "service": null }, "geometry": { "type": "LineString", "coordinates": [ [ 133.5037237, 33.4692926 ], [ 133.5037644, 33.4693629 ], [ 133.5040134, 33.4696502 ], [ 133.504123600000014, 33.4697505 ], [ 133.5044646, 33.4700042 ] ] } },
{ "type": "Feature", "properties": { "u": 5487624477, "v": 5487624479, "key": 0, "osmid": "142325306", "lanes": null, "ref": null, "name": null, "highway": "tertiary", "maxspeed": null, "oneway": false, "reversed": "True", "length": 63.666, "bridge": null, "tunnel": null, "service": null }, "geometry": { "type": "LineString", "coordinates": [ [ 133.5037237, 33.4692926 ], [ 133.5036819, 33.4692202 ], [ 133.503564899999986, 33.4689623 ], [ 133.50355110000001, 33.4687911 ], [ 133.503566400000011, 33.4687481 ] ] } },
{ "type": "Feature", "properties": { "u": 5487624479, "v": 5487624477, "key": 0, "osmid": "142325306", "lanes": null, "ref": null, "name": null, "highway": "tertiary", "maxspeed": null, "oneway": false, "reversed": "False", "length": 63.666, "bridge": null, "tunnel": null, "service": null }, "geometry": { "type": "LineString", "coordinates": [ [ 133.503566400000011, 33.4687481 ], [ 133.50355110000001, 33.4687911 ], [ 133.503564899999986, 33.4689623 ], [ 133.5036819, 33.4692202 ], [ 133.5037237, 33.4692926 ] ] } },
{ "type": "Feature", "properties": { "u": 5487624479, "v": 5487624480, "key": 0, "osmid": "570813358", "lanes": null, "ref": null, "name": null, "highway": "unclassified", "maxspeed": null, "oneway": false, "reversed": "True", "length": 59.499, "bridge": null, "tunnel": null, "service": null }, "geometry": { "type": "LineString", "coordinates": [ [ 133.503566400000011, 33.4687481 ], [ 133.5039301, 33.4689211 ], [ 133.503836400000012, 33.4690897 ] ] } },
{ "type": "Feature", "properties": { "u": 5487624480, "v": 5487624477, "key": 0, "osmid": "570813358", "lanes": null, "ref": null, "name": null, "highway": "unclassified", "maxspeed": null, "oneway": false, "reversed": "True", "length": 24.866, "bridge": null, "tunnel": null, "service": null }, "geometry": { "type": "LineString", "coordinates": [ [ 133.503836400000012, 33.4690897 ], [ 133.5037237, 33.4692926 ] ] } },
{ "type": "Feature", "properties": { "u": 5487624480, "v": 5487624481, "key": 0, "osmid": "570813359", "lanes": null, "ref": null, "name": null, "highway": "unclassified", "maxspeed": null, "oneway": false, "reversed": "False", "length": 98.276, "bridge": null, "tunnel": null, "service": null }, "geometry": { "type": "LineString", "coordinates": [ [ 133.503836400000012, 33.4690897 ], [ 133.5047683, 33.4695102 ] ] } },
{ "type": "Feature", "properties": { "u": 5487624480, "v": 5487624479, "key": 0, "osmid": "570813358", "lanes": null, "ref": null, "name": null, "highway": "unclassified", "maxspeed": null, "oneway": false, "reversed": "False", "length": 59.499, "bridge": null, "tunnel": null, "service": null }, "geometry": { "type": "LineString", "coordinates": [ [ 133.503836400000012, 33.4690897 ], [ 133.5039301, 33.4689211 ], [ 133.503566400000011, 33.4687481 ] ] } },
{ "type": "Feature", "properties": { "u": 5487624481, "v": 5487624476, "key": 0, "osmid": "570813357", "lanes": null, "ref": null, "name": null, "highway": "unclassified", "maxspeed": null, "oneway": false, "reversed": "False", "length": 27.414, "bridge": null, "tunnel": null, "service": null }, "geometry": { "type": "LineString", "coordinates": [ [ 133.5047683, 33.4695102 ], [ 133.5049038, 33.4692911 ] ] } },
{ "type": "Feature", "properties": { "u": 5487624481, "v": 5487624475, "key": 0, "osmid": "570813357", "lanes": null, "ref": null, "name": null, "highway": "unclassified", "maxspeed": null, "oneway": false, "reversed": "True", "length": 61.732, "bridge": null, "tunnel": null, "service": null }, "geometry": { "type": "LineString", "coordinates": [ [ 133.5047683, 33.4695102 ], [ 133.5044646, 33.4700042 ] ] } },
{ "type": "Feature", "properties": { "u": 5487624481, "v": 5487624482, "key": 0, "osmid": "570813359", "lanes": null, "ref": null, "name": null, "highway": "unclassified", "maxspeed": null, "oneway": false, "reversed": "False", "length": 65.255, "bridge": null, "tunnel": null, "service": null }, "geometry": { "type": "LineString", "coordinates": [ [ 133.5047683, 33.4695102 ], [ 133.505391800000012, 33.469782 ] ] } },
{ "type": "Feature", "properties": { "u": 5487624481, "v": 5487624480, "key": 0, "osmid": "570813359", "lanes": null, "ref": null, "name": null, "highway": "unclassified", "maxspeed": null, "oneway": false, "reversed": "True", "length": 98.276, "bridge": null, "tunnel": null, "service": null }, "geometry": { "type": "LineString", "coordinates": [ [ 133.5047683, 33.4695102 ], [ 133.503836400000012, 33.4690897 ] ] } },
{ "type": "Feature", "properties": { "u": 5487624482, "v": 5487624481, "key": 0, "osmid": "570813359", "lanes": null, "ref": null, "name": null, "highway": "unclassified", "maxspeed": null, "oneway": false, "reversed": "True", "length": 65.255, "bridge": null, "tunnel": null, "service": null }, "geometry": { "type": "LineString", "coordinates": [ [ 133.505391800000012, 33.469782 ], [ 133.5047683, 33.4695102 ] ] } },
{ "type": "Feature", "properties": { "u": 5487625044, "v": 5487625049, "key": 0, "osmid": "570813365", "lanes": null, "ref": null, "name": null, "highway": "path", "maxspeed": null, "oneway": false, "reversed": "True", "length": 17.0, "bridge": null, "tunnel": null, "service": null }, "geometry": { "type": "LineString", "coordinates": [ [ 133.5060527, 33.4687876 ], [ 133.50595340000001, 33.4689161 ] ] } },
{ "type": "Feature", "properties": { "u": 5487625047, "v": 5487624476, "key": 0, "osmid": "570813366", "lanes": null, "ref": null, "name": null, "highway": "path", "maxspeed": null, "oneway": false, "reversed": "True", "length": 239.62, "bridge": null, "tunnel": null, "service": null }, "geometry": { "type": "LineString", "coordinates": [ [ 133.5050446, 33.4685065 ], [ 133.5044259, 33.4682358 ], [ 133.5040242, 33.4688922 ], [ 133.5049038, 33.4692911 ] ] } },
{ "type": "Feature", "properties": { "u": 5487625048, "v": 5487625049, "key": 0, "osmid": "570813367", "lanes": null, "ref": null, "name": null, "highway": "path", "maxspeed": null, "oneway": false, "reversed": "False", "length": 50.452, "bridge": null, "tunnel": null, "service": null }, "geometry": { "type": "LineString", "coordinates": [ [ 133.5054743, 33.4687013 ], [ 133.505911200000014, 33.4688972 ], [ 133.50595340000001, 33.4689161 ] ] } },
{ "type": "Feature", "properties": { "u": 5487625049, "v": 5487625044, "key": 0, "osmid": "570813365", "lanes": null, "ref": null, "name": null, "highway": "path", "maxspeed": null, "oneway": false, "reversed": "False", "length": 17.0, "bridge": null, "tunnel": null, "service": null }, "geometry": { "type": "LineString", "coordinates": [ [ 133.50595340000001, 33.4689161 ], [ 133.5060527, 33.4687876 ] ] } },
{ "type": "Feature", "properties": { "u": 5487625049, "v": 5487624476, "key": 0, "osmid": "570813365", "lanes": null, "ref": null, "name": null, "highway": "path", "maxspeed": null, "oneway": false, "reversed": "True", "length": 151.852, "bridge": null, "tunnel": null, "service": null }, "geometry": { "type": "LineString", "coordinates": [ [ 133.50595340000001, 33.4689161 ], [ 133.5059268, 33.4689843 ], [ 133.5055607, 33.4695837 ], [ 133.5049038, 33.4692911 ] ] } },
{ "type": "Feature", "properties": { "u": 5487625049, "v": 5487625048, "key": 0, "osmid": "570813367", "lanes": null, "ref": null, "name": null, "highway": "path", "maxspeed": null, "oneway": false, "reversed": "True", "length": 50.452, "bridge": null, "tunnel": null, "service": null }, "geometry": { "type": "LineString", "coordinates": [ [ 133.50595340000001, 33.4689161 ], [ 133.505911200000014, 33.4688972 ], [ 133.5054743, 33.4687013 ] ] } },
{ "type": "Feature", "properties": { "u": 5487625094, "v": 1557770847, "key": 0, "osmid": "142326583", "lanes": null, "ref": null, "name": null, "highway": "residential", "maxspeed": null, "oneway": false, "reversed": "False", "length": 68.734, "bridge": null, "tunnel": null, "service": null }, "geometry": { "type": "LineString", "coordinates": [ [ 133.5106883, 33.4886429 ], [ 133.511099300000012, 33.4891573 ] ] } },
{ "type": "Feature", "properties": { "u": 5487625094, "v": 1557770537, "key": 0, "osmid": "142326583", "lanes": null, "ref": null, "name": null, "highway": "residential", "maxspeed": null, "oneway": false, "reversed": "True", "length": 303.705, "bridge": null, "tunnel": null, "service": null }, "geometry": { "type": "LineString", "coordinates": [ [ 133.5106883, 33.4886429 ], [ 133.510536699999989, 33.4884059 ], [ 133.5130217, 33.4870757 ] ] } },
{ "type": "Feature", "properties": { "u": 5487625094, "v": 1557770848, "key": 0, "osmid": "570813373", "lanes": null, "ref": null, "name": null, "highway": "residential", "maxspeed": null, "oneway": false, "reversed": "True", "length": 125.89, "bridge": null, "tunnel": null, "service": null }, "geometry": { "type": "LineString", "coordinates": [ [ 133.5106883, 33.4886429 ], [ 133.51008250000001, 33.4889724 ], [ 133.509521, 33.4892184 ] ] } },
{ "type": "Feature", "properties": { "u": 6814317089, "v": 1557771047, "key": 0, "osmid": "142326501", "lanes": null, "ref": null, "name": null, "highway": "residential", "maxspeed": null, "oneway": false, "reversed": "False", "length": 128.527, "bridge": null, "tunnel": null, "service": null }, "geometry": { "type": "LineString", "coordinates": [ [ 133.5193385, 33.4912037 ], [ 133.519285200000013, 33.4911342 ], [ 133.5192312, 33.4909975 ], [ 133.519187, 33.4907506 ], [ 133.5191072, 33.4902109 ], [ 133.519105, 33.4900749 ] ] } },
{ "type": "Feature", "properties": { "u": 6814317089, "v": 1557771281, "key": 0, "osmid": "142326501", "lanes": null, "ref": null, "name": null, "highway": "residential", "maxspeed": null, "oneway": false, "reversed": "True", "length": 36.975, "bridge": null, "tunnel": null, "service": null }, "geometry": { "type": "LineString", "coordinates": [ [ 133.5193385, 33.4912037 ], [ 133.5194474, 33.4913455 ], [ 133.5195024, 33.4915031 ] ] } },
{ "type": "Feature", "properties": { "u": 6814317089, "v": 6814317096, "key": 0, "osmid": "727117602", "lanes": null, "ref": null, "name": null, "highway": "residential", "maxspeed": null, "oneway": false, "reversed": "False", "length": 149.715, "bridge": null, "tunnel": null, "service": null }, "geometry": { "type": "LineString", "coordinates": [ [ 133.5193385, 33.4912037 ], [ 133.5198255, 33.4909991 ], [ 133.5202189, 33.4908511 ], [ 133.520371899999986, 33.4907635 ], [ 133.5204828, 33.4906944 ], [ 133.52052710000001, 33.4906223 ], [ 133.520542299999988, 33.4905707 ], [ 133.520479, 33.4904548 ] ] } },
{ "type": "Feature", "properties": { "u": 6814317096, "v": 1557771124, "key": 0, "osmid": "142325870", "lanes": null, "ref": null, "name": null, "highway": "unclassified", "maxspeed": null, "oneway": false, "reversed": "False", "length": 68.972, "bridge": null, "tunnel": null, "service": null }, "geometry": { "type": "LineString", "coordinates": [ [ 133.520479, 33.4904548 ], [ 133.5198105, 33.4907267 ] ] } },
{ "type": "Feature", "properties": { "u": 6814317096, "v": 1557770991, "key": 0, "osmid": "142325870", "lanes": null, "ref": null, "name": null, "highway": "unclassified", "maxspeed": null, "oneway": false, "reversed": "True", "length": 62.993, "bridge": null, "tunnel": null, "service": null }, "geometry": { "type": "LineString", "coordinates": [ [ 133.520479, 33.4904548 ], [ 133.5205431, 33.4904239 ], [ 133.520662499999986, 33.4903479 ], [ 133.5205743, 33.4899756 ] ] } },
{ "type": "Feature", "properties": { "u": 6814317096, "v": 6814317089, "key": 0, "osmid": "727117602", "lanes": null, "ref": null, "name": null, "highway": "residential", "maxspeed": null, "oneway": false, "reversed": "True", "length": 149.715, "bridge": null, "tunnel": null, "service": null }, "geometry": { "type": "LineString", "coordinates": [ [ 133.520479, 33.4904548 ], [ 133.520542299999988, 33.4905707 ], [ 133.52052710000001, 33.4906223 ], [ 133.5204828, 33.4906944 ], [ 133.520371899999986, 33.4907635 ], [ 133.5202189, 33.4908511 ], [ 133.5198255, 33.4909991 ], [ 133.5193385, 33.4912037 ] ] } },
{ "type": "Feature", "properties": { "u": 6814317099, "v": 769146839, "key": 0, "osmid": "142325246", "lanes": null, "ref": null, "name": null, "highway": "path", "maxspeed": null, "oneway": false, "reversed": "True", "length": 24.184, "bridge": null, "tunnel": null, "service": null }, "geometry": { "type": "LineString", "coordinates": [ [ 133.514254200000011, 33.4839742 ], [ 133.514083199999988, 33.48381 ] ] } },
{ "type": "Feature", "properties": { "u": 7077380923, "v": 5471852312, "key": 0, "osmid": "61821529", "lanes": null, "ref": null, "name": null, "highway": "tertiary", "maxspeed": "50", "oneway": false, "reversed": "False", "length": 68.216, "bridge": null, "tunnel": null, "service": null }, "geometry": { "type": "LineString", "coordinates": [ [ 133.521212, 33.482485 ], [ 133.520967500000012, 33.4830636 ] ] } },
{ "type": "Feature", "properties": { "u": 7077380923, "v": 7077380978, "key": 0, "osmid": "757828168", "lanes": null, "ref": null, "name": null, "highway": "service", "maxspeed": null, "oneway": false, "reversed": "False", "length": 4.397, "bridge": null, "tunnel": null, "service": null }, "geometry": { "type": "LineString", "coordinates": [ [ 133.521212, 33.482485 ], [ 133.521176700000012, 33.4824586 ] ] } },
{ "type": "Feature", "properties": { "u": 7077380923, "v": 1557770047, "key": 0, "osmid": [ 61821529, 61821562, 61725458 ], "lanes": null, "ref": null, "name": null, "highway": "tertiary", "maxspeed": "50", "oneway": false, "reversed": "True", "length": 45.829, "bridge": "yes", "tunnel": null, "service": null }, "geometry": { "type": "LineString", "coordinates": [ [ 133.521212, 33.482485 ], [ 133.521224499999988, 33.4824554 ], [ 133.521356700000013, 33.4821451 ], [ 133.521381, 33.4820978 ] ] } },
{ "type": "Feature", "properties": { "u": 7077380949, "v": 769146785, "key": 0, "osmid": [ 61725450, 61821526, 61821551 ], "lanes": null, "ref": null, "name": null, "highway": "tertiary", "maxspeed": null, "oneway": false, "reversed": "False", "length": 150.538, "bridge": "yes", "tunnel": null, "service": null }, "geometry": { "type": "LineString", "coordinates": [ [ 133.5192241, 33.4839223 ], [ 133.519168400000012, 33.4839016 ], [ 133.5182998, 33.4835936 ], [ 133.5177262, 33.4834009 ] ] } },
{ "type": "Feature", "properties": { "u": 7077380949, "v": 4931831910, "key": 0, "osmid": "61725450", "lanes": null, "ref": null, "name": null, "highway": "tertiary", "maxspeed": null, "oneway": false, "reversed": "True", "length": 123.396, "bridge": null, "tunnel": null, "service": null }, "geometry": { "type": "LineString", "coordinates": [ [ 133.5192241, 33.4839223 ], [ 133.5197363, 33.4841125 ], [ 133.5204598, 33.484332 ] ] } },
{ "type": "Feature", "properties": { "u": 7077380949, "v": 7077380978, "key": 0, "osmid": [ 757828168, 757828171, 757828172 ], "lanes": null, "ref": null, "name": null, "highway": [ "track", "service" ], "maxspeed": null, "oneway": false, "reversed": "True", "length": 304.184, "bridge": null, "tunnel": null, "service": "parking_aisle" }, "geometry": { "type": "LineString", "coordinates": [ [ 133.5192241, 33.4839223 ], [ 133.519249300000013, 33.4838906 ], [ 133.5193865, 33.4836922 ], [ 133.519447500000012, 33.483599 ], [ 133.5195704, 33.4834566 ], [ 133.5200949, 33.4828471 ], [ 133.5203348, 33.4825614 ], [ 133.5204598, 33.4823741 ], [ 133.5205746, 33.482163 ], [ 133.520603099999988, 33.4821438 ], [ 133.5206254, 33.4821342 ], [ 133.5206651, 33.4821265 ], [ 133.520701699999989, 33.4821248 ], [ 133.5207413, 33.4821384 ], [ 133.5209223, 33.4822414 ], [ 133.5209448, 33.4822683 ], [ 133.5209623, 33.4823014 ], [ 133.520999, 33.4823313 ], [ 133.5211668, 33.4824519 ], [ 133.521176700000012, 33.4824586 ] ] } },
{ "type": "Feature", "properties": { "u": 7077380953, "v": 1557769933, "key": 0, "osmid": "61725458", "lanes": null, "ref": null, "name": null, "highway": "tertiary", "maxspeed": "50", "oneway": false, "reversed": "False", "length": 98.699, "bridge": null, "tunnel": null, "service": null }, "geometry": { "type": "LineString", "coordinates": [ [ 133.5225063, 33.4794089 ], [ 133.5221497, 33.4802452 ] ] } },
{ "type": "Feature", "properties": { "u": 7077380953, "v": 769147471, "key": 0, "osmid": "61725458", "lanes": null, "ref": null, "name": null, "highway": "tertiary", "maxspeed": "50", "oneway": false, "reversed": "True", "length": 9.489, "bridge": null, "tunnel": null, "service": null }, "geometry": { "type": "LineString", "coordinates": [ [ 133.5225063, 33.4794089 ], [ 133.522540600000013, 33.4793285 ] ] } },
{ "type": "Feature", "properties": { "u": 7077380953, "v": 5487612043, "key": 0, "osmid": [ 757828173, 757828174 ], "lanes": null, "ref": null, "name": null, "highway": "footway", "maxspeed": null, "oneway": false, "reversed": "False", "length": 9.446, "bridge": null, "tunnel": null, "service": null }, "geometry": { "type": "LineString", "coordinates": [ [ 133.5225063, 33.4794089 ], [ 133.5224342, 33.4793802 ], [ 133.522414, 33.479373 ] ] } },
{ "type": "Feature", "properties": { "u": 7077380953, "v": 5487612042, "key": 0, "osmid": [ 757828174, 757828175 ], "lanes": null, "ref": null, "name": null, "highway": "footway", "maxspeed": null, "oneway": false, "reversed": "True", "length": 8.795, "bridge": null, "tunnel": null, "service": null }, "geometry": { "type": "LineString", "coordinates": [ [ 133.5225063, 33.4794089 ], [ 133.522572, 33.4794357 ], [ 133.522583, 33.4794513 ] ] } },
{ "type": "Feature", "properties": { "u": 7077380956, "v": 5487612042, "key": 0, "osmid": "570811435", "lanes": null, "ref": null, "name": null, "highway": "footway", "maxspeed": null, "oneway": false, "reversed": "True", "length": 7.578, "bridge": null, "tunnel": null, "service": null }, "geometry": { "type": "LineString", "coordinates": [ [ 133.5225136, 33.4794861 ], [ 133.522550200000012, 33.4794626 ], [ 133.522574600000013, 33.4794537 ], [ 133.522583, 33.4794513 ] ] } },
{ "type": "Feature", "properties": { "u": 7077380967, "v": 1557769933, "key": 0, "osmid": "1219457537", "lanes": null, "ref": "14", "name": "春野赤岡線", "highway": "primary", "maxspeed": null, "oneway": false, "reversed": "False", "length": 4.385, "bridge": null, "tunnel": null, "service": null }, "geometry": { "type": "LineString", "coordinates": [ [ 133.522112, 33.4802214 ], [ 133.5221497, 33.4802452 ] ] } },
{ "type": "Feature", "properties": { "u": 7077380967, "v": 7077380971, "key": 0, "osmid": [ 757828177, 757828178, 757828179 ], "lanes": null, "ref": null, "name": null, "highway": "footway", "maxspeed": null, "oneway": false, "reversed": "False", "length": 105.894, "bridge": null, "tunnel": null, "service": null }, "geometry": { "type": "LineString", "coordinates": [ [ 133.522112, 33.4802214 ], [ 133.5220804, 33.4802949 ], [ 133.521739, 33.481101 ], [ 133.5217331, 33.4811197 ] ] } },
{ "type": "Feature", "properties": { "u": 7077380967, "v": 5487612043, "key": 0, "osmid": [ 757828176, 757828177 ], "lanes": null, "ref": null, "name": null, "highway": "footway", "maxspeed": null, "oneway": false, "reversed": [ false, true ], "length": 99.533, "bridge": null, "tunnel": null, "service": null }, "geometry": { "type": "LineString", "coordinates": [ [ 133.522112, 33.4802214 ], [ 133.522134099999988, 33.4801702 ], [ 133.522429499999987, 33.4794545 ], [ 133.5224326, 33.479435 ], [ 133.5224255, 33.479401 ], [ 133.522414, 33.479373 ] ] } },
{ "type": "Feature", "properties": { "u": 7077380967, "v": 1557769859, "key": 0, "osmid": "1219457537", "lanes": null, "ref": "14", "name": "春野赤岡線", "highway": "primary", "maxspeed": null, "oneway": false, "reversed": "True", "length": 487.583, "bridge": null, "tunnel": null, "service": null }, "geometry": { "type": "LineString", "coordinates": [ [ 133.522112, 33.4802214 ], [ 133.522017, 33.4801616 ], [ 133.5212458, 33.4796201 ], [ 133.5211085, 33.4795311 ], [ 133.5210113, 33.4794524 ], [ 133.5208656, 33.4791567 ], [ 133.5207772, 33.4790741 ], [ 133.5204306, 33.4789401 ], [ 133.519959199999988, 33.4787365 ], [ 133.5192116, 33.4784278 ], [ 133.5182472, 33.4780223 ], [ 133.5178166, 33.47785 ] ] } },
{ "type": "Feature", "properties": { "u": 7077380971, "v": 1557769964, "key": 0, "osmid": "142325957", "lanes": null, "ref": null, "name": null, "highway": "residential", "maxspeed": null, "oneway": false, "reversed": "True", "length": 4.671, "bridge": null, "tunnel": null, "service": null }, "geometry": { "type": "LineString", "coordinates": [ [ 133.5217331, 33.4811197 ], [ 133.5217819, 33.4811301 ] ] } },
{ "type": "Feature", "properties": { "u": 7077380971, "v": 1557769925, "key": 0, "osmid": "142325957", "lanes": null, "ref": null, "name": null, "highway": "residential", "maxspeed": null, "oneway": false, "reversed": "False", "length": 211.992, "bridge": null, "tunnel": null, "service": null }, "geometry": { "type": "LineString", "coordinates": [ [ 133.5217331, 33.4811197 ], [ 133.5217131, 33.4811155 ], [ 133.5208026, 33.4808308 ], [ 133.520397, 33.479807 ] ] } },
{ "type": "Feature", "properties": { "u": 7077380971, "v": 7077380978, "key": 0, "osmid": [ 757828179, 757828180, 757828181, 757828182, 757828183, 757828184, 757828185 ], "lanes": null, "ref": null, "name": null, "highway": "footway", "maxspeed": null, "oneway": false, "reversed": "False", "length": 157.594, "bridge": "yes", "tunnel": null, "service": null }, "geometry": { "type": "LineString", "coordinates": [ [ 133.5217331, 33.4811197 ], [ 133.5217247, 33.4811464 ], [ 133.5213693, 33.4819938 ], [ 133.5213331, 33.4820893 ], [ 133.521322, 33.4821185 ], [ 133.5211995, 33.4824116 ], [ 133.5211913, 33.4824262 ], [ 133.521176700000012, 33.4824586 ] ] } },
{ "type": "Feature", "properties": { "u": 7077380971, "v": 7077380967, "key": 0, "osmid": [ 757828177, 757828178, 757828179 ], "lanes": null, "ref": null, "name": null, "highway": "footway", "maxspeed": null, "oneway": false, "reversed": "True", "length": 105.894, "bridge": null, "tunnel": null, "service": null }, "geometry": { "type": "LineString", "coordinates": [ [ 133.5217331, 33.4811197 ], [ 133.521739, 33.481101 ], [ 133.5220804, 33.4802949 ], [ 133.522112, 33.4802214 ] ] } },
{ "type": "Feature", "properties": { "u": 7077380977, "v": 7077380978, "key": 0, "osmid": "757828185", "lanes": null, "ref": null, "name": null, "highway": "footway", "maxspeed": null, "oneway": false, "reversed": "True", "length": 3.725, "bridge": null, "tunnel": null, "service": null }, "geometry": { "type": "LineString", "coordinates": [ [ 133.5211627, 33.48249 ], [ 133.521176700000012, 33.4824586 ] ] } },
{ "type": "Feature", "properties": { "u": 7077380978, "v": 7077380923, "key": 0, "osmid": "757828168", "lanes": null, "ref": null, "name": null, "highway": "service", "maxspeed": null, "oneway": false, "reversed": "True", "length": 4.397, "bridge": null, "tunnel": null, "service": null }, "geometry": { "type": "LineString", "coordinates": [ [ 133.521176700000012, 33.4824586 ], [ 133.521212, 33.482485 ] ] } },
{ "type": "Feature", "properties": { "u": 7077380978, "v": 7077380977, "key": 0, "osmid": "757828185", "lanes": null, "ref": null, "name": null, "highway": "footway", "maxspeed": null, "oneway": false, "reversed": "False", "length": 3.725, "bridge": null, "tunnel": null, "service": null }, "geometry": { "type": "LineString", "coordinates": [ [ 133.521176700000012, 33.4824586 ], [ 133.5211627, 33.48249 ] ] } },
{ "type": "Feature", "properties": { "u": 7077380978, "v": 7077380949, "key": 0, "osmid": [ 757828168, 757828171, 757828172 ], "lanes": null, "ref": null, "name": null, "highway": [ "track", "service" ], "maxspeed": null, "oneway": false, "reversed": "False", "length": 304.184, "bridge": null, "tunnel": null, "service": "parking_aisle" }, "geometry": { "type": "LineString", "coordinates": [ [ 133.521176700000012, 33.4824586 ], [ 133.5211668, 33.4824519 ], [ 133.520999, 33.4823313 ], [ 133.5209623, 33.4823014 ], [ 133.5209448, 33.4822683 ], [ 133.5209223, 33.4822414 ], [ 133.5207413, 33.4821384 ], [ 133.520701699999989, 33.4821248 ], [ 133.5206651, 33.4821265 ], [ 133.5206254, 33.4821342 ], [ 133.520603099999988, 33.4821438 ], [ 133.5205746, 33.482163 ], [ 133.5204598, 33.4823741 ], [ 133.5203348, 33.4825614 ], [ 133.5200949, 33.4828471 ], [ 133.5195704, 33.4834566 ], [ 133.519447500000012, 33.483599 ], [ 133.5193865, 33.4836922 ], [ 133.519249300000013, 33.4838906 ], [ 133.5192241, 33.4839223 ] ] } },
{ "type": "Feature", "properties": { "u": 7077380978, "v": 7077380971, "key": 0, "osmid": [ 757828179, 757828180, 757828181, 757828182, 757828183, 757828184, 757828185 ], "lanes": null, "ref": null, "name": null, "highway": "footway", "maxspeed": null, "oneway": false, "reversed": "True", "length": 157.594, "bridge": "yes", "tunnel": null, "service": null }, "geometry": { "type": "LineString", "coordinates": [ [ 133.521176700000012, 33.4824586 ], [ 133.5211913, 33.4824262 ], [ 133.5211995, 33.4824116 ], [ 133.521322, 33.4821185 ], [ 133.5213331, 33.4820893 ], [ 133.5213693, 33.4819938 ], [ 133.5217247, 33.4811464 ], [ 133.5217331, 33.4811197 ] ] } },
{ "type": "Feature", "properties": { "u": 9434052618, "v": 1557771940, "key": 0, "osmid": "1022932204", "lanes": null, "ref": null, "name": null, "highway": "service", "maxspeed": null, "oneway": false, "reversed": "False", "length": 221.388, "bridge": null, "tunnel": null, "service": "alley" }, "geometry": { "type": "LineString", "coordinates": [ [ 133.520731399999988, 33.4934566 ], [ 133.5205659, 33.4936584 ], [ 133.520249400000012, 33.493909 ], [ 133.5199785, 33.4940432 ], [ 133.519648600000011, 33.4941998 ], [ 133.519485, 33.4943429 ], [ 133.519257, 33.494504 ], [ 133.519088, 33.4945979 ], [ 133.518869599999988, 33.49464 ] ] } },
{ "type": "Feature", "properties": { "u": 9434052618, "v": 1557771513, "key": 0, "osmid": "1022932206", "lanes": null, "ref": null, "name": "春野広域農道", "highway": "tertiary", "maxspeed": "50", "oneway": false, "reversed": "True", "length": 133.032, "bridge": null, "tunnel": null, "service": null }, "geometry": { "type": "LineString", "coordinates": [ [ 133.520731399999988, 33.4934566 ], [ 133.520364699999988, 33.4933269 ], [ 133.5202592, 33.493282 ], [ 133.5200611, 33.493202 ], [ 133.519904200000013, 33.4930953 ], [ 133.519788299999988, 33.4929764 ], [ 133.5196434, 33.4927464 ] ] } },
{ "type": "Feature", "properties": { "u": 10159292960, "v": 1557771765, "key": 0, "osmid": [ 1110510374, 1110510375 ], "lanes": null, "ref": null, "name": null, "highway": [ "unclassified", "path" ], "maxspeed": null, "oneway": false, "reversed": "True", "length": 90.367, "bridge": null, "tunnel": null, "service": null }, "geometry": { "type": "LineString", "coordinates": [ [ 133.530796400000014, 33.4946393 ], [ 133.530740900000012, 33.4946329 ], [ 133.530733199999986, 33.4946072 ], [ 133.5307918, 33.4945879 ], [ 133.5307918, 33.4945751 ], [ 133.530754800000011, 33.4945661 ], [ 133.5306855, 33.4944942 ], [ 133.530690099999987, 33.4943708 ], [ 133.5306639, 33.4942642 ], [ 133.5306531, 33.494182 ], [ 133.5305419, 33.4939663 ] ] } },
{ "type": "Feature", "properties": { "u": 10261046440, "v": 1431984526, "key": 0, "osmid": "142325035", "lanes": null, "ref": "14", "name": "春野赤岡線", "highway": "primary", "maxspeed": null, "oneway": false, "reversed": "False", "length": 8.198, "bridge": null, "tunnel": null, "service": null }, "geometry": { "type": "LineString", "coordinates": [ [ 133.534951299999989, 33.4840125 ], [ 133.535013600000013, 33.4839602 ] ] } },
{ "type": "Feature", "properties": { "u": 10261046440, "v": 1557770149, "key": 0, "osmid": "142325035", "lanes": null, "ref": "14", "name": "春野赤岡線", "highway": "primary", "maxspeed": null, "oneway": false, "reversed": "True", "length": 188.272, "bridge": null, "tunnel": null, "service": null }, "geometry": { "type": "LineString", "coordinates": [ [ 133.534951299999989, 33.4840125 ], [ 133.5349109, 33.4840464 ], [ 133.534683199999989, 33.4840441 ], [ 133.5341086, 33.4839677 ], [ 133.53315090000001, 33.4837947 ], [ 133.5329705, 33.4837677 ] ] } },
{ "type": "Feature", "properties": { "u": 10261046440, "v": 5487612033, "key": 0, "osmid": "570811435", "lanes": null, "ref": null, "name": null, "highway": "footway", "maxspeed": null, "oneway": false, "reversed": "False", "length": 189.344, "bridge": null, "tunnel": null, "service": null }, "geometry": { "type": "LineString", "coordinates": [ [ 133.534951299999989, 33.4840125 ], [ 133.5349187, 33.4839982 ], [ 133.5349033, 33.4839725 ], [ 133.5335939, 33.483492 ], [ 133.533089100000012, 33.4833325 ] ] } },
{ "type": "Feature", "properties": { "u": 10550597227, "v": 10550597228, "key": 0, "osmid": "1131691595", "lanes": null, "ref": null, "name": null, "highway": "unclassified", "maxspeed": null, "oneway": false, "reversed": "False", "length": 87.843, "bridge": null, "tunnel": null, "service": null }, "geometry": { "type": "LineString", "coordinates": [ [ 133.53210390000001, 33.4838917 ], [ 133.5323645, 33.4831322 ] ] } },
{ "type": "Feature", "properties": { "u": 10550597227, "v": 1557770158, "key": 0, "osmid": "142325035", "lanes": null, "ref": "14", "name": "春野赤岡線", "highway": "primary", "maxspeed": null, "oneway": false, "reversed": "False", "length": 25.653, "bridge": null, "tunnel": null, "service": null }, "geometry": { "type": "LineString", "coordinates": [ [ 133.53210390000001, 33.4838917 ], [ 133.532205800000014, 33.4838985 ], [ 133.532379600000013, 33.4838867 ] ] } },
{ "type": "Feature", "properties": { "u": 10550597227, "v": 1557770142, "key": 0, "osmid": "142325035", "lanes": null, "ref": "14", "name": "春野赤岡線", "highway": "primary", "maxspeed": null, "oneway": false, "reversed": "True", "length": 94.726, "bridge": null, "tunnel": null, "service": null }, "geometry": { "type": "LineString", "coordinates": [ [ 133.53210390000001, 33.4838917 ], [ 133.531905, 33.4838785 ], [ 133.531508300000013, 33.4838096 ], [ 133.5311035, 33.4837273 ] ] } },
{ "type": "Feature", "properties": { "u": 10550597228, "v": 5487612035, "key": 0, "osmid": "570811435", "lanes": null, "ref": null, "name": null, "highway": "footway", "maxspeed": null, "oneway": false, "reversed": "False", "length": 90.753, "bridge": null, "tunnel": null, "service": null }, "geometry": { "type": "LineString", "coordinates": [ [ 133.5323645, 33.4831322 ], [ 133.531458500000014, 33.4828238 ] ] } },
{ "type": "Feature", "properties": { "u": 10550597228, "v": 11682084479, "key": 0, "osmid": "1131691595", "lanes": null, "ref": null, "name": null, "highway": "unclassified", "maxspeed": null, "oneway": false, "reversed": "False", "length": 5.126, "bridge": null, "tunnel": null, "service": null }, "geometry": { "type": "LineString", "coordinates": [ [ 133.5323645, 33.4831322 ], [ 133.53238060000001, 33.4830881 ] ] } },
{ "type": "Feature", "properties": { "u": 10550597228, "v": 10550597227, "key": 0, "osmid": "1131691595", "lanes": null, "ref": null, "name": null, "highway": "unclassified", "maxspeed": null, "oneway": false, "reversed": "True", "length": 87.843, "bridge": null, "tunnel": null, "service": null }, "geometry": { "type": "LineString", "coordinates": [ [ 133.5323645, 33.4831322 ], [ 133.53210390000001, 33.4838917 ] ] } },
{ "type": "Feature", "properties": { "u": 10550597228, "v": 5487612033, "key": 0, "osmid": "570811435", "lanes": null, "ref": null, "name": null, "highway": "footway", "maxspeed": null, "oneway": false, "reversed": "True", "length": 70.799, "bridge": null, "tunnel": null, "service": null }, "geometry": { "type": "LineString", "coordinates": [ [ 133.5323645, 33.4831322 ], [ 133.5323799, 33.4831374 ], [ 133.533089100000012, 33.4833325 ] ] } },
{ "type": "Feature", "properties": { "u": 10550597230, "v": 1557770062, "key": 0, "osmid": "142325035", "lanes": null, "ref": "14", "name": "春野赤岡線", "highway": "primary", "maxspeed": null, "oneway": false, "reversed": "True", "length": 13.188, "bridge": null, "tunnel": null, "service": null }, "geometry": { "type": "LineString", "coordinates": [ [ 133.52554, 33.481971 ], [ 133.525406, 33.4819313 ] ] } },
{ "type": "Feature", "properties": { "u": 10550597230, "v": 10948459372, "key": 0, "osmid": "142325035", "lanes": null, "ref": "14", "name": "春野赤岡線", "highway": "primary", "maxspeed": null, "oneway": false, "reversed": "False", "length": 41.473, "bridge": null, "tunnel": null, "service": null }, "geometry": { "type": "LineString", "coordinates": [ [ 133.52554, 33.481971 ], [ 133.5255723, 33.4819806 ], [ 133.5259539, 33.4821121 ] ] } },
{ "type": "Feature", "properties": { "u": 10550597230, "v": 10550597232, "key": 0, "osmid": "1131691596", "lanes": null, "ref": null, "name": null, "highway": "path", "maxspeed": null, "oneway": false, "reversed": "False", "length": 138.264, "bridge": null, "tunnel": null, "service": null }, "geometry": { "type": "LineString", "coordinates": [ [ 133.52554, 33.481971 ], [ 133.5258098, 33.4815591 ], [ 133.5261161, 33.4808284 ] ] } },
{ "type": "Feature", "properties": { "u": 10550597232, "v": 10948459382, "key": 0, "osmid": "570811435", "lanes": null, "ref": null, "name": null, "highway": "footway", "maxspeed": null, "oneway": false, "reversed": "False", "length": 50.902, "bridge": null, "tunnel": null, "service": null }, "geometry": { "type": "LineString", "coordinates": [ [ 133.5261161, 33.4808284 ], [ 133.5256153, 33.4806411 ] ] } },
{ "type": "Feature", "properties": { "u": 10550597232, "v": 5487612038, "key": 0, "osmid": "570811435", "lanes": null, "ref": null, "name": null, "highway": "footway", "maxspeed": null, "oneway": false, "reversed": "True", "length": 85.74, "bridge": null, "tunnel": null, "service": null }, "geometry": { "type": "LineString", "coordinates": [ [ 133.5261161, 33.4808284 ], [ 133.5269597, 33.4811438 ] ] } },
{ "type": "Feature", "properties": { "u": 10550597232, "v": 10550597230, "key": 0, "osmid": "1131691596", "lanes": null, "ref": null, "name": null, "highway": "path", "maxspeed": null, "oneway": false, "reversed": "True", "length": 138.264, "bridge": null, "tunnel": null, "service": null }, "geometry": { "type": "LineString", "coordinates": [ [ 133.5261161, 33.4808284 ], [ 133.5258098, 33.4815591 ], [ 133.52554, 33.481971 ] ] } },
{ "type": "Feature", "properties": { "u": 10699694981, "v": 10948459349, "key": 0, "osmid": "61821529", "lanes": null, "ref": null, "name": null, "highway": "tertiary", "maxspeed": "50", "oneway": false, "reversed": "False", "length": 40.641, "bridge": null, "tunnel": null, "service": null }, "geometry": { "type": "LineString", "coordinates": [ [ 133.5189291, 33.4879996 ], [ 133.5187879, 33.4883456 ] ] } },
{ "type": "Feature", "properties": { "u": 10699694981, "v": 10699694983, "key": 0, "osmid": "61821529", "lanes": null, "ref": null, "name": null, "highway": "tertiary", "maxspeed": "50", "oneway": false, "reversed": "True", "length": 62.078, "bridge": null, "tunnel": null, "service": null }, "geometry": { "type": "LineString", "coordinates": [ [ 133.5189291, 33.4879996 ], [ 133.5191448, 33.4874711 ] ] } },
{ "type": "Feature", "properties": { "u": 10699694981, "v": 10699694982, "key": 0, "osmid": "1150182340", "lanes": null, "ref": null, "name": null, "highway": "track", "maxspeed": null, "oneway": false, "reversed": "False", "length": 144.182, "bridge": null, "tunnel": null, "service": null }, "geometry": { "type": "LineString", "coordinates": [ [ 133.5189291, 33.4879996 ], [ 133.5204086, 33.4883981 ] ] } },
{ "type": "Feature", "properties": { "u": 10699694982, "v": 10699694981, "key": 0, "osmid": "1150182340", "lanes": null, "ref": null, "name": null, "highway": "track", "maxspeed": null, "oneway": false, "reversed": "True", "length": 144.182, "bridge": null, "tunnel": null, "service": null }, "geometry": { "type": "LineString", "coordinates": [ [ 133.5204086, 33.4883981 ], [ 133.5189291, 33.4879996 ] ] } },
{ "type": "Feature", "properties": { "u": 10699694983, "v": 10699694981, "key": 0, "osmid": "61821529", "lanes": null, "ref": null, "name": null, "highway": "tertiary", "maxspeed": "50", "oneway": false, "reversed": "False", "length": 62.078, "bridge": null, "tunnel": null, "service": null }, "geometry": { "type": "LineString", "coordinates": [ [ 133.5191448, 33.4874711 ], [ 133.5189291, 33.4879996 ] ] } },
{ "type": "Feature", "properties": { "u": 10699694983, "v": 1557770551, "key": 0, "osmid": "61821529", "lanes": null, "ref": null, "name": null, "highway": "tertiary", "maxspeed": "50", "oneway": false, "reversed": "True", "length": 42.895, "bridge": null, "tunnel": null, "service": null }, "geometry": { "type": "LineString", "coordinates": [ [ 133.5191448, 33.4874711 ], [ 133.519293800000014, 33.4871059 ] ] } },
{ "type": "Feature", "properties": { "u": 10699694983, "v": 10699694984, "key": 0, "osmid": "1150182341", "lanes": null, "ref": null, "name": null, "highway": "track", "maxspeed": null, "oneway": false, "reversed": "False", "length": 121.335, "bridge": null, "tunnel": null, "service": null }, "geometry": { "type": "LineString", "coordinates": [ [ 133.5191448, 33.4874711 ], [ 133.520376700000014, 33.4878387 ] ] } },
{ "type": "Feature", "properties": { "u": 10699694984, "v": 10699694983, "key": 0, "osmid": "1150182341", "lanes": null, "ref": null, "name": null, "highway": "track", "maxspeed": null, "oneway": false, "reversed": "True", "length": 121.335, "bridge": null, "tunnel": null, "service": null }, "geometry": { "type": "LineString", "coordinates": [ [ 133.520376700000014, 33.4878387 ], [ 133.5191448, 33.4874711 ] ] } },
{ "type": "Feature", "properties": { "u": 10699694985, "v": 10699694986, "key": 0, "osmid": "1150182342", "lanes": null, "ref": null, "name": null, "highway": "unclassified", "maxspeed": null, "oneway": false, "reversed": "False", "length": 58.273, "bridge": null, "tunnel": null, "service": null }, "geometry": { "type": "LineString", "coordinates": [ [ 133.5176708, 33.4893324 ], [ 133.5176611, 33.4888084 ] ] } },
{ "type": "Feature", "properties": { "u": 10699694986, "v": 10699694985, "key": 0, "osmid": "1150182342", "lanes": null, "ref": null, "name": null, "highway": "unclassified", "maxspeed": null, "oneway": false, "reversed": "True", "length": 58.273, "bridge": null, "tunnel": null, "service": null }, "geometry": { "type": "LineString", "coordinates": [ [ 133.5176611, 33.4888084 ], [ 133.5176708, 33.4893324 ] ] } },
{ "type": "Feature", "properties": { "u": 10699694986, "v": 10948459350, "key": 0, "osmid": "129809950", "lanes": "1", "ref": "278", "name": "弘岡下種崎線", "highway": "secondary", "maxspeed": "30", "oneway": false, "reversed": "False", "length": 55.984, "bridge": null, "tunnel": null, "service": null }, "geometry": { "type": "LineString", "coordinates": [ [ 133.5176611, 33.4888084 ], [ 133.517833, 33.4888023 ], [ 133.518120900000014, 33.4887862 ], [ 133.518263, 33.4887722 ] ] } },
{ "type": "Feature", "properties": { "u": 10699694986, "v": 1557770791, "key": 0, "osmid": "129809950", "lanes": "1", "ref": "278", "name": "弘岡下種崎線", "highway": "secondary", "maxspeed": "30", "oneway": false, "reversed": "True", "length": 24.037, "bridge": null, "tunnel": null, "service": null }, "geometry": { "type": "LineString", "coordinates": [ [ 133.5176611, 33.4888084 ], [ 133.5174551, 33.4888156 ], [ 133.5174021, 33.4888167 ] ] } },
{ "type": "Feature", "properties": { "u": 10846207809, "v": 10846207820, "key": 0, "osmid": "1166128614", "lanes": null, "ref": null, "name": null, "highway": "unclassified", "maxspeed": null, "oneway": false, "reversed": "False", "length": 22.799, "bridge": null, "tunnel": null, "service": null }, "geometry": { "type": "LineString", "coordinates": [ [ 133.5342154, 33.4875726 ], [ 133.534454, 33.487622 ] ] } },
{ "type": "Feature", "properties": { "u": 10846207809, "v": 10846207816, "key": 0, "osmid": "142326650", "lanes": null, "ref": null, "name": null, "highway": "residential", "maxspeed": null, "oneway": false, "reversed": "False", "length": 88.653, "bridge": null, "tunnel": null, "service": null }, "geometry": { "type": "LineString", "coordinates": [ [ 133.5342154, 33.4875726 ], [ 133.5343361, 33.4874323 ], [ 133.534347, 33.4872894 ], [ 133.5343071, 33.4871735 ], [ 133.5340831, 33.4868648 ] ] } },
{ "type": "Feature", "properties": { "u": 10846207809, "v": 1557770644, "key": 0, "osmid": "142326650", "lanes": null, "ref": null, "name": null, "highway": "residential", "maxspeed": null, "oneway": false, "reversed": "True", "length": 31.113, "bridge": null, "tunnel": null, "service": null }, "geometry": { "type": "LineString", "coordinates": [ [ 133.5342154, 33.4875726 ], [ 133.534183500000012, 33.4876098 ], [ 133.534121, 33.487838 ] ] } },
{ "type": "Feature", "properties": { "u": 10846207815, "v": 10846207820, "key": 0, "osmid": "1166128614", "lanes": null, "ref": null, "name": null, "highway": "unclassified", "maxspeed": null, "oneway": false, "reversed": "True", "length": 60.314, "bridge": null, "tunnel": null, "service": null }, "geometry": { "type": "LineString", "coordinates": [ [ 133.5348784, 33.4879324 ], [ 133.5347255, 33.4879257 ], [ 133.5346504, 33.4878742 ], [ 133.5345699, 33.4877915 ], [ 133.5345672, 33.4876796 ], [ 133.5345163, 33.4876349 ], [ 133.534454, 33.487622 ] ] } },
{ "type": "Feature", "properties": { "u": 10846207816, "v": 1557770486, "key": 0, "osmid": "142326650", "lanes": null, "ref": null, "name": null, "highway": "residential", "maxspeed": null, "oneway": false, "reversed": "False", "length": 20.705, "bridge": null, "tunnel": null, "service": null }, "geometry": { "type": "LineString", "coordinates": [ [ 133.5340831, 33.4868648 ], [ 133.533967499999989, 33.4867055 ] ] } },
{ "type": "Feature", "properties": { "u": 10846207816, "v": 10846207817, "key": 0, "osmid": "1166128615", "lanes": null, "ref": null, "name": null, "highway": "path", "maxspeed": null, "oneway": false, "reversed": "False", "length": 17.514, "bridge": null, "tunnel": null, "service": null }, "geometry": { "type": "LineString", "coordinates": [ [ 133.5340831, 33.4868648 ], [ 133.534237499999989, 33.4867741 ] ] } },
{ "type": "Feature", "properties": { "u": 10846207816, "v": 10846207809, "key": 0, "osmid": "142326650", "lanes": null, "ref": null, "name": null, "highway": "residential", "maxspeed": null, "oneway": false, "reversed": "True", "length": 88.653, "bridge": null, "tunnel": null, "service": null }, "geometry": { "type": "LineString", "coordinates": [ [ 133.5340831, 33.4868648 ], [ 133.5343071, 33.4871735 ], [ 133.534347, 33.4872894 ], [ 133.5343361, 33.4874323 ], [ 133.5342154, 33.4875726 ] ] } },
{ "type": "Feature", "properties": { "u": 10846207817, "v": 10846207816, "key": 0, "osmid": "1166128615", "lanes": null, "ref": null, "name": null, "highway": "path", "maxspeed": null, "oneway": false, "reversed": "True", "length": 17.514, "bridge": null, "tunnel": null, "service": null }, "geometry": { "type": "LineString", "coordinates": [ [ 133.534237499999989, 33.4867741 ], [ 133.5340831, 33.4868648 ] ] } },
{ "type": "Feature", "properties": { "u": 10846207817, "v": 10846207820, "key": 0, "osmid": "1166128615", "lanes": null, "ref": null, "name": null, "highway": "path", "maxspeed": null, "oneway": false, "reversed": "False", "length": 102.558, "bridge": null, "tunnel": null, "service": null }, "geometry": { "type": "LineString", "coordinates": [ [ 133.534237499999989, 33.4867741 ], [ 133.5344977, 33.4870742 ], [ 133.534516, 33.4871657 ], [ 133.534454, 33.487622 ] ] } },
{ "type": "Feature", "properties": { "u": 10846207817, "v": 10846207821, "key": 0, "osmid": "1166128616", "lanes": null, "ref": null, "name": null, "highway": "path", "maxspeed": null, "oneway": false, "reversed": "False", "length": 159.699, "bridge": null, "tunnel": null, "service": null }, "geometry": { "type": "LineString", "coordinates": [ [ 133.534237499999989, 33.4867741 ], [ 133.5339243, 33.4863145 ], [ 133.5336558, 33.4858412 ], [ 133.53372730000001, 33.4854619 ] ] } },
{ "type": "Feature", "properties": { "u": 10846207820, "v": 10846207809, "key": 0, "osmid": "1166128614", "lanes": null, "ref": null, "name": null, "highway": "unclassified", "maxspeed": null, "oneway": false, "reversed": "True", "length": 22.799, "bridge": null, "tunnel": null, "service": null }, "geometry": { "type": "LineString", "coordinates": [ [ 133.534454, 33.487622 ], [ 133.5342154, 33.4875726 ] ] } },
{ "type": "Feature", "properties": { "u": 10846207820, "v": 10846207815, "key": 0, "osmid": "1166128614", "lanes": null, "ref": null, "name": null, "highway": "unclassified", "maxspeed": null, "oneway": false, "reversed": "False", "length": 60.314, "bridge": null, "tunnel": null, "service": null }, "geometry": { "type": "LineString", "coordinates": [ [ 133.534454, 33.487622 ], [ 133.5345163, 33.4876349 ], [ 133.5345672, 33.4876796 ], [ 133.5345699, 33.4877915 ], [ 133.5346504, 33.4878742 ], [ 133.5347255, 33.4879257 ], [ 133.5348784, 33.4879324 ] ] } },
{ "type": "Feature", "properties": { "u": 10846207820, "v": 10846207817, "key": 0, "osmid": "1166128615", "lanes": null, "ref": null, "name": null, "highway": "path", "maxspeed": null, "oneway": false, "reversed": "True", "length": 102.558, "bridge": null, "tunnel": null, "service": null }, "geometry": { "type": "LineString", "coordinates": [ [ 133.534454, 33.487622 ], [ 133.534516, 33.4871657 ], [ 133.5344977, 33.4870742 ], [ 133.534237499999989, 33.4867741 ] ] } },
{ "type": "Feature", "properties": { "u": 10846207821, "v": 10846207817, "key": 0, "osmid": "1166128616", "lanes": null, "ref": null, "name": null, "highway": "path", "maxspeed": null, "oneway": false, "reversed": "True", "length": 159.699, "bridge": null, "tunnel": null, "service": null }, "geometry": { "type": "LineString", "coordinates": [ [ 133.53372730000001, 33.4854619 ], [ 133.5336558, 33.4858412 ], [ 133.5339243, 33.4863145 ], [ 133.534237499999989, 33.4867741 ] ] } },
{ "type": "Feature", "properties": { "u": 10862208461, "v": 1557771423, "key": 0, "osmid": "142325235", "lanes": null, "ref": null, "name": null, "highway": "residential", "maxspeed": null, "oneway": false, "reversed": "False", "length": 80.291, "bridge": null, "tunnel": null, "service": null }, "geometry": { "type": "LineString", "coordinates": [ [ 133.508010899999988, 33.492832 ], [ 133.507939, 33.4927696 ], [ 133.5077217, 33.492611 ], [ 133.5076216, 33.4925803 ], [ 133.5075814, 33.4925143 ], [ 133.507538, 33.4923596 ], [ 133.507532, 33.4922869 ] ] } },
{ "type": "Feature", "properties": { "u": 10862208461, "v": 1557771530, "key": 0, "osmid": "142325235", "lanes": null, "ref": null, "name": null, "highway": "residential", "maxspeed": null, "oneway": false, "reversed": "True", "length": 196.625, "bridge": null, "tunnel": null, "service": null }, "geometry": { "type": "LineString", "coordinates": [ [ 133.508010899999988, 33.492832 ], [ 133.5080422, 33.4928592 ], [ 133.508193799999987, 33.4928812 ], [ 133.5086327, 33.4928977 ], [ 133.5090456, 33.4929304 ], [ 133.509178600000013, 33.4929561 ], [ 133.5094919, 33.4928981 ], [ 133.5097624, 33.4928863 ], [ 133.5099849, 33.492859 ], [ 133.5100947, 33.4928335 ] ] } },
{ "type": "Feature", "properties": { "u": 10862208461, "v": 10862208463, "key": 0, "osmid": "1167943986", "lanes": null, "ref": null, "name": null, "highway": "path", "maxspeed": null, "oneway": false, "reversed": "False", "length": 43.763, "bridge": null, "tunnel": null, "service": null }, "geometry": { "type": "LineString", "coordinates": [ [ 133.508010899999988, 33.492832 ], [ 133.5079213, 33.4929253 ], [ 133.5080537, 33.4931761 ] ] } },
{ "type": "Feature", "properties": { "u": 10862208463, "v": 10862208461, "key": 0, "osmid": "1167943986", "lanes": null, "ref": null, "name": null, "highway": "path", "maxspeed": null, "oneway": false, "reversed": "True", "length": 43.763, "bridge": null, "tunnel": null, "service": null }, "geometry": { "type": "LineString", "coordinates": [ [ 133.5080537, 33.4931761 ], [ 133.5079213, 33.4929253 ], [ 133.508010899999988, 33.492832 ] ] } },
{ "type": "Feature", "properties": { "u": 10895865685, "v": 1557771365, "key": 0, "osmid": "1172694389", "lanes": null, "ref": null, "name": null, "highway": "track", "maxspeed": null, "oneway": false, "reversed": "False", "length": 86.237, "bridge": null, "tunnel": null, "service": null }, "geometry": { "type": "LineString", "coordinates": [ [ 133.5094077, 33.4926814 ], [ 133.5091669, 33.4919323 ] ] } },
{ "type": "Feature", "properties": { "u": 10895865686, "v": 1557771365, "key": 0, "osmid": "1172694390", "lanes": null, "ref": null, "name": null, "highway": "track", "maxspeed": null, "oneway": false, "reversed": "True", "length": 78.367, "bridge": null, "tunnel": null, "service": null }, "geometry": { "type": "LineString", "coordinates": [ [ 133.5089529, 33.4912505 ], [ 133.5091669, 33.4919323 ] ] } },
{ "type": "Feature", "properties": { "u": 10948459329, "v": 1557771530, "key": 0, "osmid": "142325935", "lanes": null, "ref": null, "name": null, "highway": "unclassified", "maxspeed": null, "oneway": false, "reversed": "True", "length": 19.706, "bridge": null, "tunnel": null, "service": null }, "geometry": { "type": "LineString", "coordinates": [ [ 133.510077, 33.4926569 ], [ 133.5100947, 33.4928335 ] ] } },
{ "type": "Feature", "properties": { "u": 10948459329, "v": 1557771321, "key": 0, "osmid": "142325935", "lanes": null, "ref": null, "name": null, "highway": "unclassified", "maxspeed": null, "oneway": false, "reversed": "False", "length": 98.331, "bridge": null, "tunnel": null, "service": null }, "geometry": { "type": "LineString", "coordinates": [ [ 133.510077, 33.4926569 ], [ 133.5100305, 33.492408 ], [ 133.5098968, 33.4917855 ] ] } },
{ "type": "Feature", "properties": { "u": 10948459329, "v": 10948459335, "key": 0, "osmid": "1178513246", "lanes": null, "ref": null, "name": null, "highway": "track", "maxspeed": null, "oneway": false, "reversed": "False", "length": 145.738, "bridge": null, "tunnel": null, "service": null }, "geometry": { "type": "LineString", "coordinates": [ [ 133.510077, 33.4926569 ], [ 133.510211700000013, 33.4925876 ], [ 133.5102914, 33.4924991 ], [ 133.5102737, 33.492294 ], [ 133.5103728, 33.4920269 ], [ 133.510503699999987, 33.4917937 ], [ 133.5106527, 33.4914931 ] ] } },
{ "type": "Feature", "properties": { "u": 10948459335, "v": 1557771114, "key": 0, "osmid": "503965824", "lanes": null, "ref": null, "name": null, "highway": "residential", "maxspeed": null, "oneway": false, "reversed": "False", "length": 112.884, "bridge": null, "tunnel": null, "service": null }, "geometry": { "type": "LineString", "coordinates": [ [ 133.5106527, 33.4914931 ], [ 133.5106739, 33.4914775 ], [ 133.5106793, 33.4914149 ], [ 133.510343799999987, 33.4905292 ] ] } },
{ "type": "Feature", "properties": { "u": 10948459335, "v": 4941946999, "key": 0, "osmid": "503965824", "lanes": null, "ref": null, "name": null, "highway": "residential", "maxspeed": null, "oneway": false, "reversed": "True", "length": 74.262, "bridge": null, "tunnel": null, "service": null }, "geometry": { "type": "LineString", "coordinates": [ [ 133.5106527, 33.4914931 ], [ 133.510604199999989, 33.491529 ], [ 133.5098926, 33.4916856 ] ] } },
{ "type": "Feature", "properties": { "u": 10948459335, "v": 10948459329, "key": 0, "osmid": "1178513246", "lanes": null, "ref": null, "name": null, "highway": "track", "maxspeed": null, "oneway": false, "reversed": "True", "length": 145.738, "bridge": null, "tunnel": null, "service": null }, "geometry": { "type": "LineString", "coordinates": [ [ 133.5106527, 33.4914931 ], [ 133.510503699999987, 33.4917937 ], [ 133.5103728, 33.4920269 ], [ 133.5102737, 33.492294 ], [ 133.5102914, 33.4924991 ], [ 133.510211700000013, 33.4925876 ], [ 133.510077, 33.4926569 ] ] } },
{ "type": "Feature", "properties": { "u": 10948459337, "v": 1557770731, "key": 0, "osmid": "142326317", "lanes": null, "ref": null, "name": null, "highway": "residential", "maxspeed": null, "oneway": false, "reversed": "True", "length": 5.16, "bridge": null, "tunnel": null, "service": null }, "geometry": { "type": "LineString", "coordinates": [ [ 133.5139677, 33.4883305 ], [ 133.5140154, 33.4883066 ] ] } },
{ "type": "Feature", "properties": { "u": 10948459337, "v": 1557770625, "key": 0, "osmid": "142325330", "lanes": null, "ref": null, "name": null, "highway": "unclassified", "maxspeed": null, "oneway": false, "reversed": "False", "length": 84.303, "bridge": null, "tunnel": null, "service": null }, "geometry": { "type": "LineString", "coordinates": [ [ 133.5139677, 33.4883305 ], [ 133.5136264, 33.4877947 ], [ 133.513476200000014, 33.4877096 ] ] } },
{ "type": "Feature", "properties": { "u": 10948459337, "v": 1557770850, "key": 0, "osmid": "142326317", "lanes": null, "ref": null, "name": null, "highway": "residential", "maxspeed": null, "oneway": false, "reversed": "False", "length": 141.454, "bridge": null, "tunnel": null, "service": null }, "geometry": { "type": "LineString", "coordinates": [ [ 133.5139677, 33.4883305 ], [ 133.513837, 33.488396 ], [ 133.513317, 33.4886404 ], [ 133.5126194, 33.4889238 ] ] } },
{ "type": "Feature", "properties": { "u": 10948459344, "v": 1557770791, "key": 0, "osmid": [ 142326605, 1150182350 ], "lanes": null, "ref": null, "name": null, "highway": "residential", "maxspeed": null, "oneway": false, "reversed": "False", "length": 102.984, "bridge": "yes", "tunnel": null, "service": null }, "geometry": { "type": "LineString", "coordinates": [ [ 133.5176918, 33.4879382 ], [ 133.517648, 33.488362 ], [ 133.517473, 33.488633 ], [ 133.5174206, 33.4887688 ], [ 133.5174021, 33.4888167 ] ] } },
{ "type": "Feature", "properties": { "u": 10948459344, "v": 1557770552, "key": 0, "osmid": "142326605", "lanes": null, "ref": null, "name": null, "highway": "residential", "maxspeed": null, "oneway": false, "reversed": "True", "length": 82.622, "bridge": null, "tunnel": null, "service": null }, "geometry": { "type": "LineString", "coordinates": [ [ 133.5176918, 33.4879382 ], [ 133.517715, 33.487714 ], [ 133.5177155, 33.4874939 ], [ 133.5177462, 33.4871971 ] ] } },
{ "type": "Feature", "properties": { "u": 10948459344, "v": 10948459346, "key": 0, "osmid": "1178513248", "lanes": null, "ref": null, "name": null, "highway": "track", "maxspeed": null, "oneway": false, "reversed": "False", "length": 67.614, "bridge": null, "tunnel": null, "service": null }, "geometry": { "type": "LineString", "coordinates": [ [ 133.5176918, 33.4879382 ], [ 133.518166400000013, 33.4879553 ], [ 133.5181292, 33.4881649 ] ] } },
{ "type": "Feature", "properties": { "u": 10948459346, "v": 10948459349, "key": 0, "osmid": [ 1178513248, 1178513249, 1178513250 ], "lanes": null, "ref": null, "name": null, "highway": "track", "maxspeed": null, "oneway": false, "reversed": "False", "length": 64.352, "bridge": "yes", "tunnel": null, "service": null }, "geometry": { "type": "LineString", "coordinates": [ [ 133.5181292, 33.4881649 ], [ 133.5186831, 33.488314 ], [ 133.518755700000014, 33.4883317 ], [ 133.5187879, 33.4883456 ] ] } },
{ "type": "Feature", "properties": { "u": 10948459346, "v": 10948459344, "key": 0, "osmid": "1178513248", "lanes": null, "ref": null, "name": null, "highway": "track", "maxspeed": null, "oneway": false, "reversed": "True", "length": 67.614, "bridge": null, "tunnel": null, "service": null }, "geometry": { "type": "LineString", "coordinates": [ [ 133.5181292, 33.4881649 ], [ 133.518166400000013, 33.4879553 ], [ 133.5176918, 33.4879382 ] ] } },
{ "type": "Feature", "properties": { "u": 10948459346, "v": 10948459350, "key": 0, "osmid": [ 1178513251, 1178513252 ], "lanes": null, "ref": null, "name": null, "highway": "path", "maxspeed": null, "oneway": false, "reversed": "True", "length": 77.74, "bridge": "yes", "tunnel": null, "service": null }, "geometry": { "type": "LineString", "coordinates": [ [ 133.5181292, 33.4881649 ], [ 133.518081099999989, 33.4881874 ], [ 133.518081099999989, 33.4883015 ], [ 133.5182072, 33.488353 ], [ 133.5182581, 33.488693 ], [ 133.518263, 33.4887722 ] ] } },
{ "type": "Feature", "properties": { "u": 10948459349, "v": 10699694981, "key": 0, "osmid": "61821529", "lanes": null, "ref": null, "name": null, "highway": "tertiary", "maxspeed": "50", "oneway": false, "reversed": "True", "length": 40.641, "bridge": null, "tunnel": null, "service": null }, "geometry": { "type": "LineString", "coordinates": [ [ 133.5187879, 33.4883456 ], [ 133.5189291, 33.4879996 ] ] } },
{ "type": "Feature", "properties": { "u": 10948459349, "v": 1431444663, "key": 0, "osmid": "61821529", "lanes": null, "ref": null, "name": null, "highway": "tertiary", "maxspeed": "50", "oneway": false, "reversed": "False", "length": 45.196, "bridge": null, "tunnel": null, "service": null }, "geometry": { "type": "LineString", "coordinates": [ [ 133.5187879, 33.4883456 ], [ 133.5186816, 33.488606 ], [ 133.518662799999987, 33.4886719 ], [ 133.518648399999989, 33.4887344 ] ] } },
{ "type": "Feature", "properties": { "u": 10948459349, "v": 10948459346, "key": 0, "osmid": [ 1178513248, 1178513249, 1178513250 ], "lanes": null, "ref": null, "name": null, "highway": "track", "maxspeed": null, "oneway": false, "reversed": "True", "length": 64.352, "bridge": "yes", "tunnel": null, "service": null }, "geometry": { "type": "LineString", "coordinates": [ [ 133.5187879, 33.4883456 ], [ 133.518755700000014, 33.4883317 ], [ 133.5186831, 33.488314 ], [ 133.5181292, 33.4881649 ] ] } },
{ "type": "Feature", "properties": { "u": 10948459350, "v": 10948459355, "key": 0, "osmid": "129809950", "lanes": "1", "ref": "278", "name": "弘岡下種崎線", "highway": "secondary", "maxspeed": "30", "oneway": false, "reversed": "False", "length": 9.506, "bridge": null, "tunnel": null, "service": null }, "geometry": { "type": "LineString", "coordinates": [ [ 133.518263, 33.4887722 ], [ 133.5183648, 33.4887622 ] ] } },
{ "type": "Feature", "properties": { "u": 10948459350, "v": 10699694986, "key": 0, "osmid": "129809950", "lanes": "1", "ref": "278", "name": "弘岡下種崎線", "highway": "secondary", "maxspeed": "30", "oneway": false, "reversed": "True", "length": 55.984, "bridge": null, "tunnel": null, "service": null }, "geometry": { "type": "LineString", "coordinates": [ [ 133.518263, 33.4887722 ], [ 133.518120900000014, 33.4887862 ], [ 133.517833, 33.4888023 ], [ 133.5176611, 33.4888084 ] ] } },
{ "type": "Feature", "properties": { "u": 10948459350, "v": 10948459346, "key": 0, "osmid": [ 1178513251, 1178513252 ], "lanes": null, "ref": null, "name": null, "highway": "path", "maxspeed": null, "oneway": false, "reversed": "False", "length": 77.74, "bridge": "yes", "tunnel": null, "service": null }, "geometry": { "type": "LineString", "coordinates": [ [ 133.518263, 33.4887722 ], [ 133.5182581, 33.488693 ], [ 133.5182072, 33.488353 ], [ 133.518081099999989, 33.4883015 ], [ 133.518081099999989, 33.4881874 ], [ 133.5181292, 33.4881649 ] ] } },
{ "type": "Feature", "properties": { "u": 10948459355, "v": 10948459350, "key": 0, "osmid": "129809950", "lanes": "1", "ref": "278", "name": "弘岡下種崎線", "highway": "secondary", "maxspeed": "30", "oneway": false, "reversed": "True", "length": 9.506, "bridge": null, "tunnel": null, "service": null }, "geometry": { "type": "LineString", "coordinates": [ [ 133.5183648, 33.4887622 ], [ 133.518263, 33.4887722 ] ] } },
{ "type": "Feature", "properties": { "u": 10948459355, "v": 1431444663, "key": 0, "osmid": "129809950", "lanes": "1", "ref": "278", "name": "弘岡下種崎線", "highway": "secondary", "maxspeed": "30", "oneway": false, "reversed": "False", "length": 26.481, "bridge": null, "tunnel": null, "service": null }, "geometry": { "type": "LineString", "coordinates": [ [ 133.5183648, 33.4887622 ], [ 133.5185511, 33.4887439 ], [ 133.518648399999989, 33.4887344 ] ] } },
{ "type": "Feature", "properties": { "u": 10948459355, "v": 10948459357, "key": 0, "osmid": "1178513253", "lanes": null, "ref": null, "name": null, "highway": "path", "maxspeed": null, "oneway": false, "reversed": "False", "length": 43.676, "bridge": null, "tunnel": null, "service": null }, "geometry": { "type": "LineString", "coordinates": [ [ 133.5183648, 33.4887622 ], [ 133.5182876, 33.4889256 ], [ 133.5182045, 33.4891314 ] ] } },
{ "type": "Feature", "properties": { "u": 10948459357, "v": 10948459355, "key": 0, "osmid": "1178513253", "lanes": null, "ref": null, "name": null, "highway": "path", "maxspeed": null, "oneway": false, "reversed": "True", "length": 43.676, "bridge": null, "tunnel": null, "service": null }, "geometry": { "type": "LineString", "coordinates": [ [ 133.5182045, 33.4891314 ], [ 133.5182876, 33.4889256 ], [ 133.5183648, 33.4887622 ] ] } },
{ "type": "Feature", "properties": { "u": 10948459358, "v": 1431444670, "key": 0, "osmid": "1178513254", "lanes": null, "ref": null, "name": null, "highway": "path", "maxspeed": null, "oneway": false, "reversed": "True", "length": 64.173, "bridge": null, "tunnel": null, "service": null }, "geometry": { "type": "LineString", "coordinates": [ [ 133.5173998, 33.4894043 ], [ 133.5173704, 33.4888277 ] ] } },
{ "type": "Feature", "properties": { "u": 10948459361, "v": 10948459362, "key": 0, "osmid": "142326429", "lanes": null, "ref": null, "name": null, "highway": "residential", "maxspeed": null, "oneway": false, "reversed": "False", "length": 37.167, "bridge": null, "tunnel": null, "service": null }, "geometry": { "type": "LineString", "coordinates": [ [ 133.5302638, 33.4842823 ], [ 133.5298928, 33.4841559 ] ] } },
{ "type": "Feature", "properties": { "u": 10948459361, "v": 4933375197, "key": 0, "osmid": "142326429", "lanes": null, "ref": null, "name": null, "highway": "residential", "maxspeed": null, "oneway": false, "reversed": "True", "length": 55.857, "bridge": null, "tunnel": null, "service": null }, "geometry": { "type": "LineString", "coordinates": [ [ 133.5302638, 33.4842823 ], [ 133.5308214, 33.4844722 ] ] } },
{ "type": "Feature", "properties": { "u": 10948459361, "v": 1557770129, "key": 0, "osmid": "1178513255", "lanes": null, "ref": null, "name": null, "highway": "path", "maxspeed": null, "oneway": false, "reversed": "True", "length": 76.914, "bridge": null, "tunnel": null, "service": null }, "geometry": { "type": "LineString", "coordinates": [ [ 133.5302638, 33.4842823 ], [ 133.530517300000014, 33.4836237 ] ] } },
{ "type": "Feature", "properties": { "u": 10948459362, "v": 10948459361, "key": 0, "osmid": "142326429", "lanes": null, "ref": null, "name": null, "highway": "residential", "maxspeed": null, "oneway": false, "reversed": "True", "length": 37.167, "bridge": null, "tunnel": null, "service": null }, "geometry": { "type": "LineString", "coordinates": [ [ 133.5298928, 33.4841559 ], [ 133.5302638, 33.4842823 ] ] } },
{ "type": "Feature", "properties": { "u": 10948459362, "v": 1557770123, "key": 0, "osmid": "1178513256", "lanes": null, "ref": null, "name": null, "highway": "path", "maxspeed": null, "oneway": false, "reversed": "False", "length": 75.118, "bridge": null, "tunnel": null, "service": null }, "geometry": { "type": "LineString", "coordinates": [ [ 133.5298928, 33.4841559 ], [ 133.530170199999986, 33.4835212 ] ] } },
{ "type": "Feature", "properties": { "u": 10948459362, "v": 1557770099, "key": 0, "osmid": "142326429", "lanes": null, "ref": null, "name": null, "highway": "residential", "maxspeed": null, "oneway": false, "reversed": "False", "length": 218.848, "bridge": null, "tunnel": null, "service": null }, "geometry": { "type": "LineString", "coordinates": [ [ 133.5298928, 33.4841559 ], [ 133.5295025, 33.484023 ], [ 133.5285916, 33.4836875 ], [ 133.528181600000011, 33.4834922 ], [ 133.52806480000001, 33.4834335 ], [ 133.5279664, 33.4834331 ], [ 133.5277577, 33.4833421 ] ] } },
{ "type": "Feature", "properties": { "u": 10948459363, "v": 1557770123, "key": 0, "osmid": "142325035", "lanes": null, "ref": "14", "name": "春野赤岡線", "highway": "primary", "maxspeed": null, "oneway": false, "reversed": "False", "length": 14.856, "bridge": null, "tunnel": null, "service": null }, "geometry": { "type": "LineString", "coordinates": [ [ 133.530022, 33.4834705 ], [ 133.530170199999986, 33.4835212 ] ] } },
{ "type": "Feature", "properties": { "u": 10948459363, "v": 1557770110, "key": 0, "osmid": "142325035", "lanes": null, "ref": "14", "name": "春野赤岡線", "highway": "primary", "maxspeed": null, "oneway": false, "reversed": "True", "length": 31.136, "bridge": null, "tunnel": null, "service": null }, "geometry": { "type": "LineString", "coordinates": [ [ 133.530022, 33.4834705 ], [ 133.5297114, 33.4833642 ] ] } },
{ "type": "Feature", "properties": { "u": 10948459363, "v": 10948459364, "key": 0, "osmid": "1178513257", "lanes": null, "ref": null, "name": null, "highway": "path", "maxspeed": null, "oneway": false, "reversed": "False", "length": 112.967, "bridge": null, "tunnel": null, "service": null }, "geometry": { "type": "LineString", "coordinates": [ [ 133.530022, 33.4834705 ], [ 133.5303868, 33.4825012 ] ] } },
{ "type": "Feature", "properties": { "u": 10948459364, "v": 10948459365, "key": 0, "osmid": "1178513257", "lanes": null, "ref": null, "name": null, "highway": "path", "maxspeed": null, "oneway": false, "reversed": "False", "length": 32.397, "bridge": null, "tunnel": null, "service": null }, "geometry": { "type": "LineString", "coordinates": [ [ 133.5303868, 33.4825012 ], [ 133.5300397, 33.4824684 ] ] } },
{ "type": "Feature", "properties": { "u": 10948459364, "v": 10948459363, "key": 0, "osmid": "1178513257", "lanes": null, "ref": null, "name": null, "highway": "path", "maxspeed": null, "oneway": false, "reversed": "True", "length": 112.967, "bridge": null, "tunnel": null, "service": null }, "geometry": { "type": "LineString", "coordinates": [ [ 133.5303868, 33.4825012 ], [ 133.530022, 33.4834705 ] ] } },
{ "type": "Feature", "properties": { "u": 10948459364, "v": 10948459366, "key": 0, "osmid": "1178513258", "lanes": null, "ref": null, "name": null, "highway": "path", "maxspeed": null, "oneway": false, "reversed": "True", "length": 156.418, "bridge": null, "tunnel": null, "service": null }, "geometry": { "type": "LineString", "coordinates": [ [ 133.5303868, 33.4825012 ], [ 133.5304475, 33.4825031 ], [ 133.5308281, 33.4826492 ], [ 133.53048720000001, 33.4836148 ] ] } },
{ "type": "Feature", "properties": { "u": 10948459365, "v": 5487612036, "key": 0, "osmid": "142326213", "lanes": null, "ref": null, "name": null, "highway": "path", "maxspeed": null, "oneway": false, "reversed": "True", "length": 17.878, "bridge": null, "tunnel": null, "service": null }, "geometry": { "type": "LineString", "coordinates": [ [ 133.5300397, 33.4824684 ], [ 133.5301212, 33.4823227 ] ] } },
{ "type": "Feature", "properties": { "u": 10948459365, "v": 10948459364, "key": 0, "osmid": "1178513257", "lanes": null, "ref": null, "name": null, "highway": "path", "maxspeed": null, "oneway": false, "reversed": "True", "length": 32.397, "bridge": null, "tunnel": null, "service": null }, "geometry": { "type": "LineString", "coordinates": [ [ 133.5300397, 33.4824684 ], [ 133.5303868, 33.4825012 ] ] } },
{ "type": "Feature", "properties": { "u": 10948459365, "v": 1557770110, "key": 0, "osmid": "142326213", "lanes": null, "ref": null, "name": null, "highway": "path", "maxspeed": null, "oneway": false, "reversed": "False", "length": 104.524, "bridge": null, "tunnel": null, "service": null }, "geometry": { "type": "LineString", "coordinates": [ [ 133.5300397, 33.4824684 ], [ 133.529914, 33.482693 ], [ 133.5297114, 33.4833642 ] ] } },
{ "type": "Feature", "properties": { "u": 10948459366, "v": 1557770129, "key": 0, "osmid": "142325035", "lanes": null, "ref": "14", "name": "春野赤岡線", "highway": "primary", "maxspeed": null, "oneway": false, "reversed": "False", "length": 2.962, "bridge": null, "tunnel": null, "service": null }, "geometry": { "type": "LineString", "coordinates": [ [ 133.53048720000001, 33.4836148 ], [ 133.530517300000014, 33.4836237 ] ] } },
{ "type": "Feature", "properties": { "u": 10948459366, "v": 1557770123, "key": 0, "osmid": "142325035", "lanes": null, "ref": "14", "name": "春野赤岡線", "highway": "primary", "maxspeed": null, "oneway": false, "reversed": "True", "length": 31.187, "bridge": null, "tunnel": null, "service": null }, "geometry": { "type": "LineString", "coordinates": [ [ 133.53048720000001, 33.4836148 ], [ 133.530170199999986, 33.4835212 ] ] } },
{ "type": "Feature", "properties": { "u": 10948459366, "v": 10948459364, "key": 0, "osmid": "1178513258", "lanes": null, "ref": null, "name": null, "highway": "path", "maxspeed": null, "oneway": false, "reversed": "False", "length": 156.418, "bridge": null, "tunnel": null, "service": null }, "geometry": { "type": "LineString", "coordinates": [ [ 133.53048720000001, 33.4836148 ], [ 133.5308281, 33.4826492 ], [ 133.5304475, 33.4825031 ], [ 133.5303868, 33.4825012 ] ] } },
{ "type": "Feature", "properties": { "u": 10948459369, "v": 1557770110, "key": 0, "osmid": "142325035", "lanes": null, "ref": "14", "name": "春野赤岡線", "highway": "primary", "maxspeed": null, "oneway": false, "reversed": "False", "length": 60.073, "bridge": null, "tunnel": null, "service": null }, "geometry": { "type": "LineString", "coordinates": [ [ 133.5291083, 33.4831671 ], [ 133.5297114, 33.4833642 ] ] } },
{ "type": "Feature", "properties": { "u": 10948459369, "v": 1557770075, "key": 0, "osmid": "142325035", "lanes": null, "ref": "14", "name": "春野赤岡線", "highway": "primary", "maxspeed": null, "oneway": false, "reversed": "True", "length": 95.97, "bridge": null, "tunnel": null, "service": null }, "geometry": { "type": "LineString", "coordinates": [ [ 133.5291083, 33.4831671 ], [ 133.5284302, 33.4829455 ], [ 133.5281454, 33.482851 ] ] } },
{ "type": "Feature", "properties": { "u": 10948459369, "v": 10948459371, "key": 0, "osmid": "1178513259", "lanes": null, "ref": null, "name": null, "highway": "path", "maxspeed": null, "oneway": false, "reversed": "False", "length": 127.321, "bridge": null, "tunnel": null, "service": null }, "geometry": { "type": "LineString", "coordinates": [ [ 133.5291083, 33.4831671 ], [ 133.5294691, 33.4822285 ], [ 133.5294482, 33.4820701 ] ] } },
{ "type": "Feature", "properties": { "u": 10948459371, "v": 5487612037, "key": 0, "osmid": "570811435", "lanes": null, "ref": null, "name": null, "highway": "footway", "maxspeed": null, "oneway": false, "reversed": "False", "length": 82.497, "bridge": null, "tunnel": null, "service": null }, "geometry": { "type": "LineString", "coordinates": [ [ 133.5294482, 33.4820701 ], [ 133.528637, 33.4817657 ] ] } },
{ "type": "Feature", "properties": { "u": 10948459371, "v": 5487612036, "key": 0, "osmid": "570811435", "lanes": null, "ref": null, "name": null, "highway": "footway", "maxspeed": null, "oneway": false, "reversed": "True", "length": 68.445, "bridge": null, "tunnel": null, "service": null }, "geometry": { "type": "LineString", "coordinates": [ [ 133.5294482, 33.4820701 ], [ 133.5301212, 33.4823227 ] ] } },
{ "type": "Feature", "properties": { "u": 10948459371, "v": 10948459369, "key": 0, "osmid": "1178513259", "lanes": null, "ref": null, "name": null, "highway": "path", "maxspeed": null, "oneway": false, "reversed": "True", "length": 127.321, "bridge": null, "tunnel": null, "service": null }, "geometry": { "type": "LineString", "coordinates": [ [ 133.5294482, 33.4820701 ], [ 133.5294691, 33.4822285 ], [ 133.5291083, 33.4831671 ] ] } },
{ "type": "Feature", "properties": { "u": 10948459372, "v": 1557770017, "key": 0, "osmid": "142325035", "lanes": null, "ref": "14", "name": "春野赤岡線", "highway": "primary", "maxspeed": null, "oneway": false, "reversed": "False", "length": 59.448, "bridge": null, "tunnel": null, "service": null }, "geometry": { "type": "LineString", "coordinates": [ [ 133.5259539, 33.4821121 ], [ 133.5265463, 33.4823163 ] ] } },
{ "type": "Feature", "properties": { "u": 10948459372, "v": 10948459373, "key": 0, "osmid": "1178513260", "lanes": null, "ref": null, "name": null, "highway": "path", "maxspeed": null, "oneway": false, "reversed": "False", "length": 84.183, "bridge": null, "tunnel": null, "service": null }, "geometry": { "type": "LineString", "coordinates": [ [ 133.5259539, 33.4821121 ], [ 133.5263731, 33.4814406 ] ] } },
{ "type": "Feature", "properties": { "u": 10948459372, "v": 10550597230, "key": 0, "osmid": "142325035", "lanes": null, "ref": "14", "name": "春野赤岡線", "highway": "primary", "maxspeed": null, "oneway": false, "reversed": "True", "length": 41.473, "bridge": null, "tunnel": null, "service": null }, "geometry": { "type": "LineString", "coordinates": [ [ 133.5259539, 33.4821121 ], [ 133.5255723, 33.4819806 ], [ 133.52554, 33.481971 ] ] } },
{ "type": "Feature", "properties": { "u": 10948459373, "v": 10948459372, "key": 0, "osmid": "1178513260", "lanes": null, "ref": null, "name": null, "highway": "path", "maxspeed": null, "oneway": false, "reversed": "True", "length": 84.183, "bridge": null, "tunnel": null, "service": null }, "geometry": { "type": "LineString", "coordinates": [ [ 133.5263731, 33.4814406 ], [ 133.5259539, 33.4821121 ] ] } },
{ "type": "Feature", "properties": { "u": 10948459374, "v": 10948459378, "key": 0, "osmid": "142325035", "lanes": null, "ref": "14", "name": "春野赤岡線", "highway": "primary", "maxspeed": null, "oneway": false, "reversed": "False", "length": 52.362, "bridge": null, "tunnel": null, "service": null }, "geometry": { "type": "LineString", "coordinates": [ [ 133.5243798, 33.4814601 ], [ 133.524448400000011, 33.4814871 ], [ 133.5248707, 33.4816923 ] ] } },
{ "type": "Feature", "properties": { "u": 10948459374, "v": 1557769978, "key": 0, "osmid": "142325035", "lanes": null, "ref": "14", "name": "春野赤岡線", "highway": "primary", "maxspeed": null, "oneway": false, "reversed": "True", "length": 47.985, "bridge": null, "tunnel": null, "service": null }, "geometry": { "type": "LineString", "coordinates": [ [ 133.5243798, 33.4814601 ], [ 133.5242417, 33.4814058 ], [ 133.5238889, 33.4813287 ] ] } },
{ "type": "Feature", "properties": { "u": 10948459374, "v": 10948459377, "key": 0, "osmid": "1178513261", "lanes": null, "ref": null, "name": null, "highway": "path", "maxspeed": null, "oneway": false, "reversed": "False", "length": 131.209, "bridge": null, "tunnel": null, "service": null }, "geometry": { "type": "LineString", "coordinates": [ [ 133.5243798, 33.4814601 ], [ 133.5246209, 33.4809104 ], [ 133.524948200000011, 33.4805323 ], [ 133.5250086, 33.4804143 ] ] } },
{ "type": "Feature", "properties": { "u": 10948459377, "v": 5487612039, "key": 0, "osmid": "570811435", "lanes": null, "ref": null, "name": null, "highway": "footway", "maxspeed": null, "oneway": false, "reversed": "False", "length": 82.106, "bridge": null, "tunnel": null, "service": null }, "geometry": { "type": "LineString", "coordinates": [ [ 133.5250086, 33.4804143 ], [ 133.524200799999988, 33.4801122 ] ] } },
{ "type": "Feature", "properties": { "u": 10948459377, "v": 10948459382, "key": 0, "osmid": "570811435", "lanes": null, "ref": null, "name": null, "highway": "footway", "maxspeed": null, "oneway": false, "reversed": "True", "length": 61.661, "bridge": null, "tunnel": null, "service": null }, "geometry": { "type": "LineString", "coordinates": [ [ 133.5250086, 33.4804143 ], [ 133.5256153, 33.4806411 ] ] } },
{ "type": "Feature", "properties": { "u": 10948459377, "v": 10948459374, "key": 0, "osmid": "1178513261", "lanes": null, "ref": null, "name": null, "highway": "path", "maxspeed": null, "oneway": false, "reversed": "True", "length": 131.209, "bridge": null, "tunnel": null, "service": null }, "geometry": { "type": "LineString", "coordinates": [ [ 133.5250086, 33.4804143 ], [ 133.524948200000011, 33.4805323 ], [ 133.5246209, 33.4809104 ], [ 133.5243798, 33.4814601 ] ] } },
{ "type": "Feature", "properties": { "u": 10948459378, "v": 1557770062, "key": 0, "osmid": "142325035", "lanes": null, "ref": "14", "name": "春野赤岡線", "highway": "primary", "maxspeed": null, "oneway": false, "reversed": "False", "length": 56.392, "bridge": null, "tunnel": null, "service": null }, "geometry": { "type": "LineString", "coordinates": [ [ 133.5248707, 33.4816923 ], [ 133.5252324, 33.481868 ], [ 133.525406, 33.4819313 ] ] } },
{ "type": "Feature", "properties": { "u": 10948459378, "v": 10948459374, "key": 0, "osmid": "142325035", "lanes": null, "ref": "14", "name": "春野赤岡線", "highway": "primary", "maxspeed": null, "oneway": false, "reversed": "True", "length": 52.362, "bridge": null, "tunnel": null, "service": null }, "geometry": { "type": "LineString", "coordinates": [ [ 133.5248707, 33.4816923 ], [ 133.524448400000011, 33.4814871 ], [ 133.5243798, 33.4814601 ] ] } },
{ "type": "Feature", "properties": { "u": 10948459378, "v": 10948459382, "key": 0, "osmid": "1178513262", "lanes": null, "ref": null, "name": null, "highway": "path", "maxspeed": null, "oneway": false, "reversed": "False", "length": 145.957, "bridge": null, "tunnel": null, "service": null }, "geometry": { "type": "LineString", "coordinates": [ [ 133.5248707, 33.4816923 ], [ 133.525301899999988, 33.4809765 ], [ 133.525452300000012, 33.4806493 ], [ 133.525584, 33.4806802 ], [ 133.5256153, 33.4806411 ] ] } },
{ "type": "Feature", "properties": { "u": 10948459382, "v": 10948459377, "key": 0, "osmid": "570811435", "lanes": null, "ref": null, "name": null, "highway": "footway", "maxspeed": null, "oneway": false, "reversed": "False", "length": 61.661, "bridge": null, "tunnel": null, "service": null }, "geometry": { "type": "LineString", "coordinates": [ [ 133.5256153, 33.4806411 ], [ 133.5250086, 33.4804143 ] ] } },
{ "type": "Feature", "properties": { "u": 10948459382, "v": 10550597232, "key": 0, "osmid": "570811435", "lanes": null, "ref": null, "name": null, "highway": "footway", "maxspeed": null, "oneway": false, "reversed": "True", "length": 50.902, "bridge": null, "tunnel": null, "service": null }, "geometry": { "type": "LineString", "coordinates": [ [ 133.5256153, 33.4806411 ], [ 133.5261161, 33.4808284 ] ] } },
{ "type": "Feature", "properties": { "u": 10948459382, "v": 10948459378, "key": 0, "osmid": "1178513262", "lanes": null, "ref": null, "name": null, "highway": "path", "maxspeed": null, "oneway": false, "reversed": "True", "length": 145.957, "bridge": null, "tunnel": null, "service": null }, "geometry": { "type": "LineString", "coordinates": [ [ 133.5256153, 33.4806411 ], [ 133.525584, 33.4806802 ], [ 133.525452300000012, 33.4806493 ], [ 133.525301899999988, 33.4809765 ], [ 133.5248707, 33.4816923 ] ] } },
{ "type": "Feature", "properties": { "u": 10948459383, "v": 4653551748, "key": 0, "osmid": "142327284", "lanes": null, "ref": null, "name": null, "highway": "path", "maxspeed": null, "oneway": false, "reversed": "False", "length": 53.132, "bridge": null, "tunnel": null, "service": null }, "geometry": { "type": "LineString", "coordinates": [ [ 133.5239637, 33.4821733 ], [ 133.523765700000013, 33.4820981 ], [ 133.5236205, 33.4820678 ], [ 133.5234222, 33.4821133 ] ] } },
{ "type": "Feature", "properties": { "u": 10948459383, "v": 1557770048, "key": 0, "osmid": "142327284", "lanes": null, "ref": null, "name": null, "highway": "path", "maxspeed": null, "oneway": false, "reversed": "True", "length": 96.5, "bridge": null, "tunnel": null, "service": null }, "geometry": { "type": "LineString", "coordinates": [ [ 133.5239637, 33.4821733 ], [ 133.524157699999989, 33.482247 ], [ 133.5243925, 33.4823167 ], [ 133.524575700000014, 33.4823845 ], [ 133.5246993, 33.4824833 ], [ 133.5248437, 33.4826064 ] ] } },
{ "type": "Feature", "properties": { "u": 10948459383, "v": 10948459386, "key": 0, "osmid": "1178513263", "lanes": null, "ref": null, "name": null, "highway": "path", "maxspeed": null, "oneway": false, "reversed": "False", "length": 53.639, "bridge": null, "tunnel": null, "service": null }, "geometry": { "type": "LineString", "coordinates": [ [ 133.5239637, 33.4821733 ], [ 133.52405730000001, 33.482019 ], [ 133.524227700000012, 33.481765 ], [ 133.524237, 33.4817483 ] ] } },
{ "type": "Feature", "properties": { "u": 10948459386, "v": 10948459383, "key": 0, "osmid": "1178513263", "lanes": null, "ref": null, "name": null, "highway": "path", "maxspeed": null, "oneway": false, "reversed": "True", "length": 53.639, "bridge": null, "tunnel": null, "service": null }, "geometry": { "type": "LineString", "coordinates": [ [ 133.524237, 33.4817483 ], [ 133.524227700000012, 33.481765 ], [ 133.52405730000001, 33.482019 ], [ 133.5239637, 33.4821733 ] ] } },
{ "type": "Feature", "properties": { "u": 10948459391, "v": 1557770112, "key": 0, "osmid": "142326635", "lanes": null, "ref": null, "name": null, "highway": "path", "maxspeed": null, "oneway": false, "reversed": "False", "length": 27.666, "bridge": null, "tunnel": null, "service": null }, "geometry": { "type": "LineString", "coordinates": [ [ 133.5262964, 33.4830658 ], [ 133.526302500000014, 33.4831249 ], [ 133.526346100000012, 33.4831951 ], [ 133.5264319, 33.4832792 ] ] } },
{ "type": "Feature", "properties": { "u": 10948459391, "v": 1557770017, "key": 0, "osmid": "142326635", "lanes": null, "ref": null, "name": null, "highway": "path", "maxspeed": null, "oneway": false, "reversed": "True", "length": 87.038, "bridge": null, "tunnel": null, "service": null }, "geometry": { "type": "LineString", "coordinates": [ [ 133.5262964, 33.4830658 ], [ 133.52629, 33.483003 ], [ 133.5264561, 33.4826034 ], [ 133.5265463, 33.4823163 ] ] } },
{ "type": "Feature", "properties": { "u": 10948459391, "v": 1557770055, "key": 0, "osmid": "1178513264", "lanes": null, "ref": null, "name": null, "highway": "path", "maxspeed": null, "oneway": false, "reversed": "True", "length": 124.958, "bridge": null, "tunnel": null, "service": null }, "geometry": { "type": "LineString", "coordinates": [ [ 133.5262964, 33.4830658 ], [ 133.52613070000001, 33.4829943 ], [ 133.525854399999986, 33.4828534 ], [ 133.5256398, 33.4828131 ], [ 133.5253475, 33.4827818 ], [ 133.5250566, 33.4826661 ] ] } },
{ "type": "Feature", "properties": { "u": 11055030522, "v": 4930119001, "key": 0, "osmid": "142326560", "lanes": null, "ref": null, "name": null, "highway": "residential", "maxspeed": null, "oneway": false, "reversed": "False", "length": 69.412, "bridge": null, "tunnel": null, "service": null }, "geometry": { "type": "LineString", "coordinates": [ [ 133.5083141, 33.47325 ], [ 133.5084228, 33.4730968 ], [ 133.508484900000013, 33.4729618 ], [ 133.508441, 33.4728636 ], [ 133.508288099999987, 33.4727137 ] ] } },
{ "type": "Feature", "properties": { "u": 11055030522, "v": 1557769750, "key": 0, "osmid": "142326560", "lanes": null, "ref": null, "name": null, "highway": "residential", "maxspeed": null, "oneway": false, "reversed": "True", "length": 54.491, "bridge": null, "tunnel": null, "service": null }, "geometry": { "type": "LineString", "coordinates": [ [ 133.5083141, 33.47325 ], [ 133.5082573, 33.4733301 ], [ 133.5079893, 33.4735572 ], [ 133.5079122, 33.4736019 ] ] } },
{ "type": "Feature", "properties": { "u": 11055030522, "v": 11055030526, "key": 0, "osmid": "1190622380", "lanes": null, "ref": null, "name": null, "highway": "unclassified", "maxspeed": null, "oneway": false, "reversed": "False", "length": 137.664, "bridge": null, "tunnel": null, "service": null }, "geometry": { "type": "LineString", "coordinates": [ [ 133.5083141, 33.47325 ], [ 133.5077315, 33.4728639 ], [ 133.507869199999988, 33.4727237 ], [ 133.5076019, 33.4725143 ], [ 133.5074804, 33.4725961 ] ] } },
{ "type": "Feature", "properties": { "u": 11055030526, "v": 11055030522, "key": 0, "osmid": "1190622380", "lanes": null, "ref": null, "name": null, "highway": "unclassified", "maxspeed": null, "oneway": false, "reversed": "True", "length": 137.664, "bridge": null, "tunnel": null, "service": null }, "geometry": { "type": "LineString", "coordinates": [ [ 133.5074804, 33.4725961 ], [ 133.5076019, 33.4725143 ], [ 133.507869199999988, 33.4727237 ], [ 133.5077315, 33.4728639 ], [ 133.5083141, 33.47325 ] ] } },
{ "type": "Feature", "properties": { "u": 11682084479, "v": 10550597228, "key": 0, "osmid": "1131691595", "lanes": null, "ref": null, "name": null, "highway": "unclassified", "maxspeed": null, "oneway": false, "reversed": "True", "length": 5.126, "bridge": null, "tunnel": null, "service": null }, "geometry": { "type": "LineString", "coordinates": [ [ 133.53238060000001, 33.4830881 ], [ 133.5323645, 33.4831322 ] ] } },
{ "type": "Feature", "properties": { "u": 11682084479, "v": 1431984524, "key": 0, "osmid": "35062133", "lanes": "2", "ref": "14", "name": "春野赤岡線", "highway": "primary", "maxspeed": "50", "oneway": false, "reversed": "False", "length": 70.464, "bridge": null, "tunnel": null, "service": null }, "geometry": { "type": "LineString", "coordinates": [ [ 133.53238060000001, 33.4830881 ], [ 133.5324003, 33.4830936 ], [ 133.533100499999989, 33.4832907 ] ] } },
{ "type": "Feature", "properties": { "u": 11682084479, "v": 1557770076, "key": 0, "osmid": "35062133", "lanes": "2", "ref": "14", "name": "春野赤岡線", "highway": "primary", "maxspeed": "50", "oneway": false, "reversed": "True", "length": 90.62, "bridge": null, "tunnel": null, "service": null }, "geometry": { "type": "LineString", "coordinates": [ [ 133.53238060000001, 33.4830881 ], [ 133.5322506, 33.4830515 ], [ 133.5317037, 33.4828688 ], [ 133.531472900000011, 33.482787 ] ] } }
]
}
