,0,1
0,253212041,"{'y': np.float64(3710936.7827186654), 'x': np.float64(368559.9587042449), 'highway': 'crossing', 'street_count': np.int64(4), 'lon': np.float64(133.584491), 'lat': np.float64(33.5299506)}"
1,305548214,"{'y': np.float64(3710950.008912227), 'x': np.float64(368553.79541422974), 'highway': 'traffic_signals', 'street_count': np.int64(4), 'lon': np.float64(133.5844227), 'lat': np.float64(33.5300691)}"
2,294071744,"{'y': np.float64(3710940.9340809863), 'x': np.float64(368570.2602265647), 'highway': 'crossing', 'street_count': np.int64(4), 'lon': np.float64(133.5846013), 'lat': np.float64(33.5299893)}"
3,1924070917,"{'y': np.float64(3710933.7043219), 'x': np.float64(368552.30037512374), 'street_count': np.int64(3), 'lon': np.float64(133.584409), 'lat': np.float64(33.5299219)}"
4,253768909,"{'y': np.float64(3710415.2937107566), 'x': np.float64(370540.60757127474), 'highway': 'traffic_signals', 'street_count': np.int64(3), 'lon': np.float64(133.605891), 'lat': np.float64(33.5254903)}"
5,304690631,"{'y': np.float64(3710419.156576521), 'x': np.float64(370553.5520263403), 'highway': 'crossing', 'street_count': np.int64(4), 'lon': np.float64(133.6060298), 'lat': np.float64(33.5255267)}"
6,1085590195,"{'y': np.float64(3710424.5639170837), 'x': np.float64(370538.2242630267), 'highway': 'crossing', 'street_count': np.int64(4), 'lon': np.float64(133.605864), 'lat': np.float64(33.5255736)}"
7,307976707,"{'y': np.float64(3710391.726971235), 'x': np.float64(370500.1826448863), 'highway': 'traffic_signals', 'street_count': np.int64(3), 'lon': np.float64(133.6054592), 'lat': np.float64(33.5252729)}"
8,253768914,"{'y': np.float64(3710824.719469532), 'x': np.float64(372631.74915185414), 'highway': 'traffic_signals', 'street_count': np.int64(3), 'lon': np.float64(133.6283459), 'lat': np.float64(33.5294335)}"
9,1556516840,"{'y': np.float64(3710773.054400311), 'x': np.float64(372436.2289776887), 'street_count': np.int64(4), 'lon': np.float64(133.6262482), 'lat': np.float64(33.5289443)}"
10,1556516975,"{'y': np.float64(3710891.045557885), 'x': np.float64(372636.24871444766), 'street_count': np.int64(3), 'lon': np.float64(133.6283849), 'lat': np.float64(33.5300321)}"
11,394709191,"{'y': np.float64(3710881.5333125857), 'x': np.float64(372869.3353348897), 'street_count': np.int64(4), 'lon': np.float64(133.6308958), 'lat': np.float64(33.5299741)}"
12,262314795,"{'y': np.float64(3708368.2868078165), 'x': np.float64(367233.5976444917), 'street_count': np.int64(4), 'lon': np.float64(133.570592), 'lat': np.float64(33.5066269)}"
13,564443386,"{'y': np.float64(3708380.509870229), 'x': np.float64(367243.9579345372), 'street_count': np.int64(3), 'lon': np.float64(133.5707017), 'lat': np.float64(33.5067384)}"
14,6286517222,"{'y': np.float64(3708364.6455418104), 'x': np.float64(367237.886258836), 'street_count': np.int64(3), 'lon': np.float64(133.5706387), 'lat': np.float64(33.5065946)}"
15,6286517221,"{'y': np.float64(3708372.4240213004), 'x': np.float64(367228.73054946493), 'street_count': np.int64(3), 'lon': np.float64(133.570539), 'lat': np.float64(33.5066636)}"
16,5521726739,"{'y': np.float64(3708314.983472723), 'x': np.float64(367204.83310818975), 'street_count': np.int64(3), 'lon': np.float64(133.5702903), 'lat': np.float64(33.5061427)}"
17,262314797,"{'y': np.float64(3708451.6660473137), 'x': np.float64(367375.2393466387), 'street_count': np.int64(3), 'lon': np.float64(133.5721042), 'lat': np.float64(33.5073963)}"
18,6286519489,"{'y': np.float64(3708453.818707136), 'x': np.float64(367371.9336289367), 'street_count': np.int64(4), 'lon': np.float64(133.5720683), 'lat': np.float64(33.5074153)}"
19,1085590625,"{'y': np.float64(3708464.080999528), 'x': np.float64(367397.45684784), 'street_count': np.int64(3), 'lon': np.float64(133.5723415), 'lat': np.float64(33.507511)}"
20,411228968,"{'y': np.float64(3708411.8425181457), 'x': np.float64(367279.22029402026), 'highway': 'crossing', 'street_count': np.int64(4), 'lon': np.float64(133.5710766), 'lat': np.float64(33.5070253)}"
21,262314806,"{'y': np.float64(3709356.939797722), 'x': np.float64(368638.1796251816), 'street_count': np.int64(3), 'lon': np.float64(133.5855651), 'lat': np.float64(33.515715)}"
22,1442211085,"{'y': np.float64(3709468.913276655), 'x': np.float64(368593.8528508565), 'street_count': np.int64(4), 'lon': np.float64(133.5850715), 'lat': np.float64(33.5167192)}"
23,1556711536,"{'y': np.float64(3709426.449175514), 'x': np.float64(368847.74443673884), 'street_count': np.int64(3), 'lon': np.float64(133.5878108), 'lat': np.float64(33.5163675)}"
24,1556711468,"{'y': np.float64(3709271.7748004803), 'x': np.float64(368450.5817971175), 'street_count': np.int64(3), 'lon': np.float64(133.5835582), 'lat': np.float64(33.514924)}"
25,262314810,"{'y': np.float64(3709782.72609592), 'x': np.float64(369751.7846537745), 'street_count': np.int64(3), 'lon': np.float64(133.5974907), 'lat': np.float64(33.5196906)}"
26,1078632373,"{'y': np.float64(3709855.673498549), 'x': np.float64(369741.44745049765), 'street_count': np.int64(4), 'lon': np.float64(133.5973688), 'lat': np.float64(33.5203471)}"
27,305552408,"{'y': np.float64(3709822.8379223202), 'x': np.float64(369879.93249508436), 'highway': 'crossing', 'street_count': np.int64(4), 'lon': np.float64(133.5988644), 'lat': np.float64(33.5200679)}"
28,1442211106,"{'y': np.float64(3709637.6046163193), 'x': np.float64(369328.76298865816), 'street_count': np.int64(3), 'lon': np.float64(133.592958), 'lat': np.float64(33.5183304)}"
29,262317512,"{'y': np.float64(3709189.08032889), 'x': np.float64(367532.15909012407), 'highway': 'crossing', 'street_count': np.int64(4), 'lon': np.float64(133.5736841), 'lat': np.float64(33.5140649)}"
30,1556711485,"{'y': np.float64(3709335.641535912), 'x': np.float64(367528.7952405027), 'street_count': np.int64(3), 'lon': np.float64(133.5736262), 'lat': np.float64(33.515386)}"
31,1442211001,"{'y': np.float64(3709173.44928226), 'x': np.float64(367532.5015937856), 'street_count': np.int64(3), 'lon': np.float64(133.5736901), 'lat': np.float64(33.513924)}"
32,1085590735,"{'y': np.float64(3709142.818092595), 'x': np.float64(367522.79051860166), 'street_count': np.int64(3), 'lon': np.float64(133.5735901), 'lat': np.float64(33.5136466)}"
33,1442211002,"{'y': np.float64(3709184.0264286636), 'x': np.float64(367544.8261003011), 'street_count': np.int64(3), 'lon': np.float64(133.5738212), 'lat': np.float64(33.5140209)}"
34,262317515,"{'y': np.float64(3709510.2004070347), 'x': np.float64(367556.4908931157), 'highway': 'traffic_signals', 'street_count': np.int64(3), 'lon': np.float64(133.5738985), 'lat': np.float64(33.5169634)}"
35,1556711526,"{'y': np.float64(3709430.9039675784), 'x': np.float64(367537.1465908934), 'street_count': np.int64(3), 'lon': np.float64(133.573702), 'lat': np.float64(33.516246)}"
36,4211508769,"{'y': np.float64(3709511.205409432), 'x': np.float64(367525.3380603149), 'street_count': np.int64(3), 'lon': np.float64(133.573563), 'lat': np.float64(33.5169686)}"
37,1556711625,"{'y': np.float64(3709564.798284345), 'x': np.float64(367565.3698092388), 'street_count': np.int64(3), 'lon': np.float64(133.573986), 'lat': np.float64(33.5174568)}"
38,262317520,"{'y': np.float64(3710801.846778304), 'x': np.float64(366951.1569366738), 'highway': 'traffic_signals', 'street_count': np.int64(3), 'lon': np.float64(133.5671902), 'lat': np.float64(33.5285347)}"
39,1556713372,"{'y': np.float64(3710670.7434491976), 'x': np.float64(366969.86403714493), 'street_count': np.int64(3), 'lon': np.float64(133.5674111), 'lat': np.float64(33.5273549)}"
40,1556713719,"{'y': np.float64(3710871.1848816746), 'x': np.float64(366921.40766007046), 'street_count': np.int64(3), 'lon': np.float64(133.5668596), 'lat': np.float64(33.5291562)}"
41,1556713544,"{'y': np.float64(3710760.845487486), 'x': np.float64(367090.10281489894), 'street_count': np.int64(3), 'lon': np.float64(133.5686922), 'lat': np.float64(33.5281823)}"
42,262329963,"{'y': np.float64(3708799.57655623), 'x': np.float64(367704.03542793746), 'highway': 'traffic_signals', 'street_count': np.int64(3), 'lon': np.float64(133.5755918), 'lat': np.float64(33.5105741)}"
43,769147664,"{'y': np.float64(3708792.319179291), 'x': np.float64(367692.2300252331), 'street_count': np.int64(4), 'lon': np.float64(133.5754658), 'lat': np.float64(33.5105072)}"
44,1085590177,"{'y': np.float64(3708812.3858495303), 'x': np.float64(367697.57801937003), 'street_count': np.int64(4), 'lon': np.float64(133.5755204), 'lat': np.float64(33.5106888)}"
45,1085589078,"{'y': np.float64(3708806.112831684), 'x': np.float64(367715.05053018266), 'highway': 'crossing', 'street_count': np.int64(4), 'lon': np.float64(133.5757094), 'lat': np.float64(33.5106344)}"
46,279939067,"{'y': np.float64(3711254.0921177645), 'x': np.float64(371024.98269364715), 'highway': 'crossing', 'street_count': np.int64(4), 'lon': np.float64(133.6109848), 'lat': np.float64(33.5331123)}"
47,279939068,"{'y': np.float64(3711253.852921054), 'x': np.float64(371042.01319977985), 'highway': 'traffic_signals', 'street_count': np.int64(3), 'lon': np.float64(133.6111682), 'lat': np.float64(33.5331122)}"
48,1924071181,"{'y': np.float64(3711262.460363865), 'x': np.float64(371024.5189461657), 'street_count': np.int64(3), 'lon': np.float64(133.6109786), 'lat': np.float64(33.5331877)}"
49,1924071144,"{'y': np.float64(3711245.8125777445), 'x': np.float64(371025.44763054955), 'street_count': np.int64(3), 'lon': np.float64(133.610991), 'lat': np.float64(33.5330377)}"
50,807636815,"{'y': np.float64(3711225.097920428), 'x': np.float64(370959.91431008425), 'street_count': np.int64(3), 'lon': np.float64(133.6102884), 'lat': np.float64(33.532843)}"
51,1924071188,"{'y': np.float64(3711269.5522733256), 'x': np.float64(371043.17081090156), 'highway': 'crossing', 'street_count': np.int64(4), 'lon': np.float64(133.6111784), 'lat': np.float64(33.5332539)}"
52,1924071152,"{'y': np.float64(3711252.258999458), 'x': np.float64(371059.1741672469), 'highway': 'crossing', 'street_count': np.int64(4), 'lon': np.float64(133.6113532), 'lat': np.float64(33.5330999)}"
53,280046980,"{'y': np.float64(3711475.464057334), 'x': np.float64(371061.42954240827), 'highway': 'traffic_signals', 'street_count': np.int64(4), 'lon': np.float64(133.6113453), 'lat': np.float64(33.5351128)}"
54,1038120175,"{'y': np.float64(3711480.589433024), 'x': np.float64(371016.5930302155), 'street_count': np.int64(4), 'lon': np.float64(133.6108618), 'lat': np.float64(33.5351536)}"
55,10586149273,"{'y': np.float64(3711473.9484515227), 'x': np.float64(371071.0868446048), 'highway': 'crossing', 'street_count': np.int64(4), 'lon': np.float64(133.6114495), 'lat': np.float64(33.5351003)}"
56,293676333,"{'y': np.float64(3711333.1699464275), 'x': np.float64(370119.59161157423), 'highway': 'crossing', 'street_count': np.int64(4), 'lon': np.float64(133.6012251), 'lat': np.float64(33.5337156)}"
57,769147519,"{'y': np.float64(3711107.4777843715), 'x': np.float64(370263.11073514837), 'street_count': np.int64(4), 'lon': np.float64(133.6028031), 'lat': np.float64(33.531698)}"
58,1556713965,"{'y': np.float64(3711206.404796931), 'x': np.float64(369916.9114005673), 'street_count': np.int64(4), 'lon': np.float64(133.5990613), 'lat': np.float64(33.5325479)}"
59,293676401,"{'y': np.float64(3710293.592112147), 'x': np.float64(370131.7922586177), 'highway': 'crossing', 'street_count': np.int64(4), 'lon': np.float64(133.6015074), 'lat': np.float64(33.5243433)}"
60,293676403,"{'y': np.float64(3710278.3843957265), 'x': np.float64(370135.30270123394), 'highway': 'traffic_signals', 'street_count': np.int64(3), 'lon': np.float64(133.6015474), 'lat': np.float64(33.5242066)}"
61,1430659311,"{'y': np.float64(3710391.449723566), 'x': np.float64(370092.5297292813), 'street_count': np.int64(3), 'lon': np.float64(133.6010705), 'lat': np.float64(33.5252209)}"
62,1924070774,"{'y': np.float64(3710282.480816222), 'x': np.float64(370113.6130302336), 'street_count': np.int64(3), 'lon': np.float64(133.6013133), 'lat': np.float64(33.5242409)}"
63,1924070778,"{'y': np.float64(3710289.2867757375), 'x': np.float64(370150.06084599247), 'street_count': np.int64(3), 'lon': np.float64(133.6017047), 'lat': np.float64(33.5243067)}"
64,1085591012,"{'y': np.float64(3710281.657454102), 'x': np.float64(370151.6485406625), 'highway': 'crossing', 'street_count': np.int64(4), 'lon': np.float64(133.6017229), 'lat': np.float64(33.5242381)}"
65,305552418,"{'y': np.float64(3710274.542645008), 'x': np.float64(370115.0757795463), 'highway': 'crossing', 'street_count': np.int64(4), 'lon': np.float64(133.6013302), 'lat': np.float64(33.5241695)}"
66,293676417,"{'y': np.float64(3711052.924784972), 'x': np.float64(370587.0086714193), 'highway': 'crossing', 'street_count': np.int64(4), 'lon': np.float64(133.6062983), 'lat': np.float64(33.5312454)}"
67,1556517026,"{'y': np.float64(3711052.2327211727), 'x': np.float64(370597.2439859675), 'street_count': np.int64(3), 'lon': np.float64(133.6064086), 'lat': np.float64(33.5312404)}"
68,1924071030,"{'y': np.float64(3711058.120180755), 'x': np.float64(370587.4500126399), 'street_count': np.int64(3), 'lon': np.float64(133.6063023), 'lat': np.float64(33.5312923)}"
69,725217306,"{'y': np.float64(3711040.0587528306), 'x': np.float64(370465.8599320379), 'street_count': np.int64(3), 'lon': np.float64(133.6049958), 'lat': np.float64(33.5311147)}"
70,1924071016,"{'y': np.float64(3711045.5460030073), 'x': np.float64(370586.4636826791), 'street_count': np.int64(3), 'lon': np.float64(133.6062935), 'lat': np.float64(33.5311788)}"
71,294071540,"{'y': np.float64(3711233.4409005516), 'x': np.float64(371528.621884402), 'street_count': np.int64(3), 'lon': np.float64(133.6164104), 'lat': np.float64(33.5329868)}"
72,1078633639,"{'y': np.float64(3711233.036483134), 'x': np.float64(371495.7657843879), 'street_count': np.int64(3), 'lon': np.float64(133.6160567), 'lat': np.float64(33.5329792)}"
73,1556517392,"{'y': np.float64(3711262.2708034143), 'x': np.float64(371642.892309056), 'street_count': np.int64(3), 'lon': np.float64(133.6176366), 'lat': np.float64(33.5332605)}"
74,294071556,"{'y': np.float64(3711036.9426847785), 'x': np.float64(371823.371211829), 'street_count': np.int64(3), 'lon': np.float64(133.6196121), 'lat': np.float64(33.5312504)}"
75,1556517530,"{'y': np.float64(3711293.3123847055), 'x': np.float64(371976.08284703817), 'street_count': np.int64(3), 'lon': np.float64(133.6212196), 'lat': np.float64(33.5335804)}"
76,294071559,"{'y': np.float64(3711000.7043636953), 'x': np.float64(371853.03748858697), 'street_count': np.int64(3), 'lon': np.float64(133.6199367), 'lat': np.float64(33.5309272)}"
77,1078632496,"{'y': np.float64(3711031.664963662), 'x': np.float64(371932.4709926857), 'street_count': np.int64(3), 'lon': np.float64(133.6207875), 'lat': np.float64(33.5312159)}"
78,6247275224,"{'y': np.float64(3710881.1864199457), 'x': np.float64(371910.4818392726), 'street_count': np.int64(3), 'lon': np.float64(133.6205723), 'lat': np.float64(33.5298564)}"
79,294071598,"{'y': np.float64(3710671.5779080885), 'x': np.float64(371884.9469287128), 'highway': 'traffic_signals', 'street_count': np.int64(4), 'lon': np.float64(133.6203274), 'lat': np.float64(33.5279633)}"
80,1556516794,"{'y': np.float64(3710737.9127637567), 'x': np.float64(371900.4489907593), 'street_count': np.int64(3), 'lon': np.float64(133.6204848), 'lat': np.float64(33.5285633)}"
81,1556516734,"{'y': np.float64(3710668.7252365863), 'x': np.float64(371749.3189924806), 'street_count': np.int64(3), 'lon': np.float64(133.6188676), 'lat': np.float64(33.5279213)}"
82,1556516641,"{'y': np.float64(3710598.450327966), 'x': np.float64(371885.7017529551), 'street_count': np.int64(4), 'lon': np.float64(133.620346), 'lat': np.float64(33.527304)}"
83,294071623,"{'y': np.float64(3710309.8084768145), 'x': np.float64(370333.2875592919), 'street_count': np.int64(3), 'lon': np.float64(133.6036743), 'lat': np.float64(33.524514)}"
84,1924070792,"{'y': np.float64(3710314.248938121), 'x': np.float64(370332.1398098001), 'street_count': np.int64(4), 'lon': np.float64(133.6036613), 'lat': np.float64(33.5245539)}"
85,1085588627,"{'y': np.float64(3710384.2358712745), 'x': np.float64(370489.84588136285), 'highway': 'crossing', 'street_count': np.int64(4), 'lon': np.float64(133.605349), 'lat': np.float64(33.5252041)}"
86,294071631,"{'y': np.float64(3710171.2998789996), 'x': np.float64(369949.3083433412), 'highway': 'traffic_signals', 'street_count': np.int64(4), 'lon': np.float64(133.5995606), 'lat': np.float64(33.5232184)}"
87,1085589675,"{'y': np.float64(3710180.7014769493), 'x': np.float64(369953.6338316002), 'highway': 'crossing', 'street_count': np.int64(4), 'lon': np.float64(133.5996058), 'lat': np.float64(33.5233037)}"
88,1085591553,"{'y': np.float64(3710162.647769367), 'x': np.float64(369945.32736521075), 'highway': 'crossing', 'street_count': np.int64(4), 'lon': np.float64(133.599519), 'lat': np.float64(33.5231399)}"
89,1924070748,"{'y': np.float64(3710175.6989042656), 'x': np.float64(369943.8408794394), 'highway': 'crossing', 'street_count': np.int64(4), 'lon': np.float64(133.5995011), 'lat': np.float64(33.5232574)}"
90,1924070744,"{'y': np.float64(3710166.166901239), 'x': np.float64(369954.92381345795), 'highway': 'crossing', 'street_count': np.int64(4), 'lon': np.float64(133.5996218), 'lat': np.float64(33.5231728)}"
91,294071665,"{'y': np.float64(3710203.90382403), 'x': np.float64(369778.67646434193), 'street_count': np.int64(3), 'lon': np.float64(133.5977189), 'lat': np.float64(33.5234916)}"
92,1078632795,"{'y': np.float64(3710186.472276551), 'x': np.float64(369741.59198585537), 'street_count': np.int64(3), 'lon': np.float64(133.5973222), 'lat': np.float64(33.5233299)}"
93,1556712320,"{'y': np.float64(3710193.9917083303), 'x': np.float64(369833.45800165413), 'street_count': np.int64(4), 'lon': np.float64(133.5983101), 'lat': np.float64(33.5234089)}"
94,5355914578,"{'y': np.float64(3710145.1795871733), 'x': np.float64(369791.0727539537), 'street_count': np.int64(3), 'lon': np.float64(133.5978609), 'lat': np.float64(33.5229636)}"
95,294071685,"{'y': np.float64(3710142.6976888943), 'x': np.float64(369590.873074472), 'street_count': np.int64(4), 'lon': np.float64(133.595706), 'lat': np.float64(33.5229168)}"
96,294071711,"{'y': np.float64(3710083.6579190823), 'x': np.float64(369395.69318402105), 'street_count': np.int64(3), 'lon': np.float64(133.5936134), 'lat': np.float64(33.5223606)}"
97,9958294795,"{'y': np.float64(3709921.0844012727), 'x': np.float64(369579.9399177078), 'street_count': np.int64(3), 'lon': np.float64(133.5956206), 'lat': np.float64(33.5209172)}"
98,307962814,"{'y': np.float64(3710267.0018158015), 'x': np.float64(369610.22324455925), 'street_count': np.int64(3), 'lon': np.float64(133.5958962), 'lat': np.float64(33.52404)}"
99,294071707,"{'y': np.float64(3710075.024282228), 'x': np.float64(369390.36501487053), 'street_count': np.int64(3), 'lon': np.float64(133.5935573), 'lat': np.float64(33.5222821)}"
100,9958294542,"{'y': np.float64(3710064.1274788985), 'x': np.float64(369396.54305569525), 'street_count': np.int64(3), 'lon': np.float64(133.5936254), 'lat': np.float64(33.5221846)}"
101,295337076,"{'y': np.float64(3709997.4445049916), 'x': np.float64(369334.9907987445), 'street_count': np.int64(3), 'lon': np.float64(133.5929725), 'lat': np.float64(33.5215758)}"
102,1296876906,"{'y': np.float64(3710098.4534762665), 'x': np.float64(369385.79671188066), 'street_count': np.int64(3), 'lon': np.float64(133.5935047), 'lat': np.float64(33.5224928)}"
103,294071726,"{'y': np.float64(3710309.3167614616), 'x': np.float64(369057.1870496888), 'street_count': np.int64(3), 'lon': np.float64(133.5899362), 'lat': np.float64(33.5243539)}"
104,5453780793,"{'y': np.float64(3710313.785035791), 'x': np.float64(369058.90119310294), 'street_count': np.int64(3), 'lon': np.float64(133.589954), 'lat': np.float64(33.5243944)}"
105,5463521619,"{'y': np.float64(3710327.1171877785), 'x': np.float64(369007.3998802106), 'street_count': np.int64(3), 'lon': np.float64(133.5893976), 'lat': np.float64(33.5245083)}"
106,5453780509,"{'y': np.float64(3710259.300640071), 'x': np.float64(369176.25833496684), 'street_count': np.int64(3), 'lon': np.float64(133.5912254), 'lat': np.float64(33.5239175)}"
107,294071731,"{'y': np.float64(3709541.452279371), 'x': np.float64(369126.0999059136), 'street_count': np.int64(4), 'lon': np.float64(133.5907904), 'lat': np.float64(33.5174386)}"
108,1556711660,"{'y': np.float64(3709576.3877675575), 'x': np.float64(369193.80228054733), 'street_count': np.int64(3), 'lon': np.float64(133.5915141), 'lat': np.float64(33.5177619)}"
109,4211509193,"{'y': np.float64(3709536.7810216947), 'x': np.float64(369116.46826812334), 'street_count': np.int64(4), 'lon': np.float64(133.5906874), 'lat': np.float64(33.5173953)}"
110,1556711552,"{'y': np.float64(3709441.0958343423), 'x': np.float64(369129.39075577783), 'street_count': np.int64(3), 'lon': np.float64(133.5908405), 'lat': np.float64(33.5165341)}"
111,1924070919,"{'y': np.float64(3710943.400990926), 'x': np.float64(368576.40551409667), 'street_count': np.int64(3), 'lon': np.float64(133.5846671), 'lat': np.float64(33.5300123)}"
112,1609828289,"{'y': np.float64(3710535.2182257073), 'x': np.float64(368733.5427978916), 'street_count': np.int64(3), 'lon': np.float64(133.5864188), 'lat': np.float64(33.5263511)}"
113,294071745,"{'y': np.float64(3710970.3719303864), 'x': np.float64(368558.5874112241), 'highway': 'crossing', 'street_count': np.int64(4), 'lon': np.float64(133.5844713), 'lat': np.float64(33.5302533)}"
114,305548228,"{'y': np.float64(3710954.677107597), 'x': np.float64(368564.4197775988), 'highway': 'traffic_signals', 'street_count': np.int64(4), 'lon': np.float64(133.5845364), 'lat': np.float64(33.5301125)}"
115,1924070933,"{'y': np.float64(3710973.248085069), 'x': np.float64(368564.81257480546), 'street_count': np.int64(3), 'lon': np.float64(133.5845379), 'lat': np.float64(33.53028)}"
116,1924070928,"{'y': np.float64(3710965.173659087), 'x': np.float64(368547.79792696505), 'highway': 'crossing', 'street_count': np.int64(4), 'lon': np.float64(133.5843559), 'lat': np.float64(33.5302051)}"
117,295336970,"{'y': np.float64(3711058.5802377677), 'x': np.float64(370305.13942388725), 'highway': 'crossing', 'street_count': np.int64(3), 'lon': np.float64(133.6032627), 'lat': np.float64(33.5312622)}"
118,307963075,"{'y': np.float64(3711101.0906956303), 'x': np.float64(370364.32807173755), 'street_count': np.int64(3), 'lon': np.float64(133.6038938), 'lat': np.float64(33.5316527)}"
119,295337029,"{'y': np.float64(3710924.2584952353), 'x': np.float64(370276.060460711), 'street_count': np.int64(4), 'lon': np.float64(133.6029691), 'lat': np.float64(33.5300475)}"
120,1038120084,"{'y': np.float64(3710920.7244917043), 'x': np.float64(370251.0835906479), 'street_count': np.int64(3), 'lon': np.float64(133.6027007), 'lat': np.float64(33.5300126)}"
121,1924070922,"{'y': np.float64(3710927.3019118956), 'x': np.float64(370328.41199599183), 'street_count': np.int64(4), 'lon': np.float64(133.6035323), 'lat': np.float64(33.5300813)}"
122,1924070908,"{'y': np.float64(3710812.53136726), 'x': np.float64(370348.814570673), 'street_count': np.int64(3), 'lon': np.float64(133.6037686), 'lat': np.float64(33.5290489)}"
123,295337060,"{'y': np.float64(3710810.1901079942), 'x': np.float64(370437.0766822598), 'street_count': np.int64(3), 'lon': np.float64(133.6047192), 'lat': np.float64(33.5290385)}"
124,1924070906,"{'y': np.float64(3710809.0559866843), 'x': np.float64(370430.6990075344), 'street_count': np.int64(4), 'lon': np.float64(133.6046507), 'lat': np.float64(33.5290275)}"
125,305378178,"{'y': np.float64(3711032.106872744), 'x': np.float64(370458.4526095097), 'highway': 'crossing', 'street_count': np.int64(4), 'lon': np.float64(133.6049172), 'lat': np.float64(33.5310421)}"
126,305941190,"{'y': np.float64(3709921.7481535887), 'x': np.float64(369216.0479505857), 'highway': 'crossing', 'street_count': np.int64(3), 'lon': np.float64(133.5917031), 'lat': np.float64(33.5208787)}"
127,9958294630,"{'y': np.float64(3709971.4052182003), 'x': np.float64(369358.6498269793), 'street_count': np.int64(3), 'lon': np.float64(133.593231), 'lat': np.float64(33.5213439)}"
128,295337110,"{'y': np.float64(3709848.6136405696), 'x': np.float64(369058.03975221206), 'street_count': np.int64(3), 'lon': np.float64(133.5900128), 'lat': np.float64(33.5201999)}"
129,4211509236,"{'y': np.float64(3709848.993336035), 'x': np.float64(369051.3195316419), 'street_count': np.int64(4), 'lon': np.float64(133.5899404), 'lat': np.float64(33.5202025)}"
130,295337156,"{'y': np.float64(3709779.458388035), 'x': np.float64(369064.2803657878), 'street_count': np.int64(3), 'lon': np.float64(133.5900901), 'lat': np.float64(33.5195771)}"
131,1924070658,"{'y': np.float64(3709773.246691511), 'x': np.float64(369044.7813560554), 'highway': 'crossing', 'street_count': np.int64(4), 'lon': np.float64(133.5898811), 'lat': np.float64(33.5195187)}"
132,1556711980,"{'y': np.float64(3709786.0967364777), 'x': np.float64(369121.7596371576), 'street_count': np.int64(3), 'lon': np.float64(133.5907079), 'lat': np.float64(33.519644)}"
133,304552325,"{'y': np.float64(3710453.2423828244), 'x': np.float64(370806.71384017763), 'highway': 'traffic_signals', 'street_count': np.int64(3), 'lon': np.float64(133.6087504), 'lat': np.float64(33.5258647)}"
134,9434052646,"{'y': np.float64(3710456.523953984), 'x': np.float64(370833.2579986764), 'street_count': np.int64(3), 'lon': np.float64(133.6090357), 'lat': np.float64(33.5258975)}"
135,9434052637,"{'y': np.float64(3710461.6125042248), 'x': np.float64(370806.93757819093), 'street_count': np.int64(3), 'lon': np.float64(133.6087516), 'lat': np.float64(33.5259402)}"
136,304552446,"{'y': np.float64(3711246.956704653), 'x': np.float64(371120.5601433842), 'street_count': np.int64(3), 'lon': np.float64(133.6120149), 'lat': np.float64(33.5330595)}"
137,10586149253,"{'y': np.float64(3711239.445963018), 'x': np.float64(371119.9302112452), 'highway': 'crossing', 'street_count': np.int64(4), 'lon': np.float64(133.6120092), 'lat': np.float64(33.5329917)}"
138,1078633692,"{'y': np.float64(3711240.3158931467), 'x': np.float64(371185.8662600052), 'street_count': np.int64(3), 'lon': np.float64(133.612719), 'lat': np.float64(33.5330075)}"
139,1924070829,"{'y': np.float64(3710412.8058262123), 'x': np.float64(370555.7330844546), 'street_count': np.int64(3), 'lon': np.float64(133.6060542), 'lat': np.float64(33.5254697)}"
140,1924070853,"{'y': np.float64(3710425.3664877354), 'x': np.float64(370548.64752964117), 'street_count': np.int64(3), 'lon': np.float64(133.6059761), 'lat': np.float64(33.5255821)}"
141,304690635,"{'y': np.float64(3710675.2419400085), 'x': np.float64(371463.4851719004), 'street_count': np.int64(3), 'lon': np.float64(133.6157893), 'lat': np.float64(33.5279457)}"
142,1556516745,"{'y': np.float64(3710677.7107291874), 'x': np.float64(371618.45565975114), 'street_count': np.int64(3), 'lon': np.float64(133.6174574), 'lat': np.float64(33.5279866)}"
143,5981296237,"{'y': np.float64(3710724.622317779), 'x': np.float64(371068.0660649104), 'street_count': np.int64(3), 'lon': np.float64(133.611525), 'lat': np.float64(33.5283433)}"
144,1924070980,"{'y': np.float64(3711027.979770623), 'x': np.float64(370462.6881388106), 'street_count': np.int64(3), 'lon': np.float64(133.6049634), 'lat': np.float64(33.5310054)}"
145,1924070999,"{'y': np.float64(3711036.6097585796), 'x': np.float64(370453.48838898295), 'street_count': np.int64(3), 'lon': np.float64(133.6048631), 'lat': np.float64(33.5310821)}"
146,305378179,"{'y': np.float64(3711051.0484354636), 'x': np.float64(370606.9711375853), 'highway': 'crossing', 'street_count': np.int64(4), 'lon': np.float64(133.6065135), 'lat': np.float64(33.5312309)}"
147,1924071027,"{'y': np.float64(3711056.6347904583), 'x': np.float64(370607.2040985942), 'street_count': np.int64(3), 'lon': np.float64(133.6065152), 'lat': np.float64(33.5312813)}"
148,1078633054,"{'y': np.float64(3711060.9542591344), 'x': np.float64(370776.1076400067), 'street_count': np.int64(3), 'lon': np.float64(133.6083331), 'lat': np.float64(33.5313407)}"
149,1924071014,"{'y': np.float64(3711043.455232675), 'x': np.float64(370606.7019218247), 'street_count': np.int64(3), 'lon': np.float64(133.6065117), 'lat': np.float64(33.5311624)}"
150,1924070920,"{'y': np.float64(3710945.1661722176), 'x': np.float64(368542.14695815323), 'highway': 'crossing', 'street_count': np.int64(4), 'lon': np.float64(133.584298), 'lat': np.float64(33.530024)}"
151,1924070926,"{'y': np.float64(3710959.749243971), 'x': np.float64(368575.51405096345), 'highway': 'crossing', 'street_count': np.int64(4), 'lon': np.float64(133.5846551), 'lat': np.float64(33.5301596)}"
152,1924070688,"{'y': np.float64(3709827.1077811825), 'x': np.float64(369875.81932874164), 'street_count': np.int64(3), 'lon': np.float64(133.5988195), 'lat': np.float64(33.5201059)}"
153,1924070685,"{'y': np.float64(3709817.8064399306), 'x': np.float64(369882.95783261786), 'street_count': np.int64(3), 'lon': np.float64(133.5988977), 'lat': np.float64(33.5200229)}"
154,305552409,"{'y': np.float64(3709842.844936847), 'x': np.float64(369899.6263678441), 'highway': 'traffic_signals', 'street_count': np.int64(4), 'lon': np.float64(133.5990735), 'lat': np.float64(33.5202507)}"
155,1924070693,"{'y': np.float64(3709843.994460372), 'x': np.float64(369909.767074971), 'highway': 'crossing', 'street_count': np.int64(4), 'lon': np.float64(133.5991825), 'lat': np.float64(33.5202623)}"
156,1924070692,"{'y': np.float64(3709841.7841535783), 'x': np.float64(369891.94848396664), 'highway': 'crossing', 'street_count': np.int64(4), 'lon': np.float64(133.598991), 'lat': np.float64(33.5202402)}"
157,1556712172,"{'y': np.float64(3710003.7644204553), 'x': np.float64(369923.46161857626), 'street_count': np.int64(4), 'lon': np.float64(133.5993067), 'lat': np.float64(33.5217046)}"
158,1924070770,"{'y': np.float64(3710267.606924537), 'x': np.float64(370116.2176547515), 'street_count': np.int64(3), 'lon': np.float64(133.6013435), 'lat': np.float64(33.5241071)}"
159,807637512,"{'y': np.float64(3709812.240377486), 'x': np.float64(369254.6070906274), 'street_count': np.int64(3), 'lon': np.float64(133.5921342), 'lat': np.float64(33.519896)}"
160,1556712984,"{'y': np.float64(3710460.1172850016), 'x': np.float64(369829.930124276), 'street_count': np.int64(3), 'lon': np.float64(133.5982334), 'lat': np.float64(33.5258081)}"
161,1556713106,"{'y': np.float64(3710515.955474561), 'x': np.float64(369202.17623250943), 'street_count': np.int64(3), 'lon': np.float64(133.5914669), 'lat': np.float64(33.5262349)}"
162,307962826,"{'y': np.float64(3710696.599014386), 'x': np.float64(369980.7180064139), 'street_count': np.int64(4), 'lon': np.float64(133.5998224), 'lat': np.float64(33.5279588)}"
163,1430659356,"{'y': np.float64(3710807.1479167), 'x': np.float64(369947.7883475487), 'street_count': np.int64(3), 'lon': np.float64(133.5994518), 'lat': np.float64(33.5289516)}"
164,1430659327,"{'y': np.float64(3710503.432462703), 'x': np.float64(370050.28195309284), 'street_count': np.int64(3), 'lon': np.float64(133.6005994), 'lat': np.float64(33.5262255)}"
165,1556516762,"{'y': np.float64(3710718.925083939), 'x': np.float64(370070.18718901154), 'street_count': np.int64(4), 'lon': np.float64(133.6007824), 'lat': np.float64(33.528171)}"
166,307963076,"{'y': np.float64(3711112.2112867297), 'x': np.float64(370393.38176205294), 'street_count': np.int64(3), 'lon': np.float64(133.604205), 'lat': np.float64(33.5317565)}"
167,1430659379,"{'y': np.float64(3711072.4875965435), 'x': np.float64(370431.16915882466), 'street_count': np.int64(4), 'lon': np.float64(133.6046176), 'lat': np.float64(33.5314029)}"
168,1038120289,"{'y': np.float64(3711137.726208879), 'x': np.float64(370433.21726988547), 'street_count': np.int64(3), 'lon': np.float64(133.6046302), 'lat': np.float64(33.5319914)}"
169,307963088,"{'y': np.float64(3711279.413102686), 'x': np.float64(370560.3690160848), 'street_count': np.int64(3), 'lon': np.float64(133.6059787), 'lat': np.float64(33.5332844)}"
170,1038120115,"{'y': np.float64(3711330.456652098), 'x': np.float64(370592.0853788725), 'street_count': np.int64(4), 'lon': np.float64(133.6063128), 'lat': np.float64(33.5337485)}"
171,1556517253,"{'y': np.float64(3711207.5595677374), 'x': np.float64(370505.9145846469), 'street_count': np.int64(3), 'lon': np.float64(133.6054028), 'lat': np.float64(33.5326299)}"
172,1430659394,"{'y': np.float64(3711292.6794736004), 'x': np.float64(370660.8733463712), 'street_count': np.int64(3), 'lon': np.float64(133.6070589), 'lat': np.float64(33.5334162)}"
173,307963110,"{'y': np.float64(3711471.181077406), 'x': np.float64(370797.68981775106), 'street_count': np.int64(3), 'lon': np.float64(133.6085062), 'lat': np.float64(33.5350423)}"
174,307963119,"{'y': np.float64(3711478.976457248), 'x': np.float64(370820.9110967497), 'street_count': np.int64(3), 'lon': np.float64(133.6087551), 'lat': np.float64(33.5351154)}"
175,1924071202,"{'y': np.float64(3711422.5752381175), 'x': np.float64(370714.87024752516), 'street_count': np.int64(3), 'lon': np.float64(133.6076215), 'lat': np.float64(33.534594)}"
176,1924071203,"{'y': np.float64(3711430.364962748), 'x': np.float64(370836.01060866256), 'street_count': np.int64(3), 'lon': np.float64(133.6089247), 'lat': np.float64(33.5346789)}"
177,307963122,"{'y': np.float64(3711487.7878290983), 'x': np.float64(370861.8201186496), 'street_count': np.int64(4), 'lon': np.float64(133.6091943), 'lat': np.float64(33.5351998)}"
178,1038120185,"{'y': np.float64(3711434.942317229), 'x': np.float64(370877.56888947997), 'street_count': np.int64(3), 'lon': np.float64(133.6093715), 'lat': np.float64(33.5347252)}"
179,307975547,"{'y': np.float64(3710719.9697779436), 'x': np.float64(367245.02765771805), 'street_count': np.int64(3), 'lon': np.float64(133.5703662), 'lat': np.float64(33.527833)}"
180,5555349914,"{'y': np.float64(3710724.697170147), 'x': np.float64(367248.0372658026), 'street_count': np.int64(4), 'lon': np.float64(133.5703979), 'lat': np.float64(33.527876)}"
181,1556713409,"{'y': np.float64(3710728.9933482506), 'x': np.float64(367222.7947315603), 'street_count': np.int64(3), 'lon': np.float64(133.5701255), 'lat': np.float64(33.5279116)}"
182,1556713309,"{'y': np.float64(3710619.6854738966), 'x': np.float64(367327.46522717655), 'street_count': np.int64(3), 'lon': np.float64(133.5712686), 'lat': np.float64(33.526939)}"
183,307975554,"{'y': np.float64(3710130.782164579), 'x': np.float64(367452.69046118483), 'street_count': np.int64(3), 'lon': np.float64(133.5726892), 'lat': np.float64(33.5225462)}"
184,1556712306,"{'y': np.float64(3710236.8858370776), 'x': np.float64(367417.9051572801), 'street_count': np.int64(4), 'lon': np.float64(133.572299), 'lat': np.float64(33.5234986)}"
185,5555349925,"{'y': np.float64(3710134.344169274), 'x': np.float64(367456.5758400806), 'street_count': np.int64(4), 'lon': np.float64(133.5727305), 'lat': np.float64(33.5225788)}"
186,1556712173,"{'y': np.float64(3710057.0401033717), 'x': np.float64(367474.60121825937), 'street_count': np.int64(4), 'lon': np.float64(133.572936), 'lat': np.float64(33.521884)}"
187,307975567,"{'y': np.float64(3709812.3809764786), 'x': np.float64(367487.8725069965), 'street_count': np.int64(3), 'lon': np.float64(133.5731151), 'lat': np.float64(33.5196796)}"
188,3233784726,"{'y': np.float64(3709666.9477793667), 'x': np.float64(367566.4674363282), 'street_count': np.int64(3), 'lon': np.float64(133.5739827), 'lat': np.float64(33.518378)}"
189,1556711892,"{'y': np.float64(3709769.547502421), 'x': np.float64(367540.4649335686), 'street_count': np.int64(3), 'lon': np.float64(133.5736876), 'lat': np.float64(33.5192999)}"
190,307976553,"{'y': np.float64(3709029.2189129656), 'x': np.float64(367582.53392044746), 'street_count': np.int64(4), 'lon': np.float64(133.57425), 'lat': np.float64(33.5126297)}"
191,1442210998,"{'y': np.float64(3709116.920100369), 'x': np.float64(367541.4882330737), 'street_count': np.int64(4), 'lon': np.float64(133.5737952), 'lat': np.float64(33.5134154)}"
192,1442210994,"{'y': np.float64(3708922.7594339745), 'x': np.float64(367636.8399080556), 'street_count': np.int64(3), 'lon': np.float64(133.5748503), 'lat': np.float64(33.5116765)}"
193,1556711444,"{'y': np.float64(3709159.808905051), 'x': np.float64(367766.5971753405), 'street_count': np.int64(3), 'lon': np.float64(133.576212), 'lat': np.float64(33.51383)}"
194,1556711376,"{'y': np.float64(3708748.9954141625), 'x': np.float64(367296.544559011), 'street_count': np.int64(3), 'lon': np.float64(133.5712131), 'lat': np.float64(33.5100675)}"
195,307976555,"{'y': np.float64(3709345.5526773226), 'x': np.float64(368039.8403151212), 'street_count': np.int64(3), 'lon': np.float64(133.5791259), 'lat': np.float64(33.5155386)}"
196,1556711518,"{'y': np.float64(3709398.01330727), 'x': np.float64(368119.7905846013), 'street_count': np.int64(3), 'lon': np.float64(133.5799788), 'lat': np.float64(33.5160215)}"
197,1556711484,"{'y': np.float64(3709327.041286819), 'x': np.float64(368009.9988938765), 'street_count': np.int64(3), 'lon': np.float64(133.5788074), 'lat': np.float64(33.515368)}"
198,1442211092,"{'y': np.float64(3709519.8272447623), 'x': np.float64(368072.1767979184), 'street_count': np.int64(3), 'lon': np.float64(133.5794483), 'lat': np.float64(33.517114)}"
199,307976561,"{'y': np.float64(3709581.8150021886), 'x': np.float64(368549.7906511681), 'street_count': np.int64(3), 'lon': np.float64(133.5845806), 'lat': np.float64(33.5177318)}"
200,5524184453,"{'y': np.float64(3709587.6090454147), 'x': np.float64(368565.68969151494), 'street_count': np.int64(3), 'lon': np.float64(133.5847509), 'lat': np.float64(33.517786)}"
201,1556711631,"{'y': np.float64(3709561.502901486), 'x': np.float64(368486.01043342066), 'street_count': np.int64(3), 'lon': np.float64(133.583897), 'lat': np.float64(33.5175408)}"
202,5505912851,"{'y': np.float64(3709559.6828940883), 'x': np.float64(368558.4251864018), 'street_count': np.int64(3), 'lon': np.float64(133.5846768), 'lat': np.float64(33.5175333)}"
203,307976566,"{'y': np.float64(3709756.5468892604), 'x': np.float64(368993.2310067413), 'street_count': np.int64(3), 'lon': np.float64(133.5893286), 'lat': np.float64(33.5193618)}"
204,1924070657,"{'y': np.float64(3709769.5444100727), 'x': np.float64(369033.22161263553), 'highway': 'traffic_signals', 'street_count': np.int64(4), 'lon': np.float64(133.5897572), 'lat': np.float64(33.5194839)}"
205,1556711889,"{'y': np.float64(3709746.940277628), 'x': np.float64(368967.31326097256), 'street_count': np.int64(3), 'lon': np.float64(133.589051), 'lat': np.float64(33.519272)}"
206,8234975524,"{'y': np.float64(3709764.836591466), 'x': np.float64(368990.39903391345), 'street_count': np.int64(3), 'lon': np.float64(133.5892969), 'lat': np.float64(33.5194362)}"
207,307976697,"{'y': np.float64(3710178.379355168), 'x': np.float64(370604.50692625844), 'street_count': np.int64(4), 'lon': np.float64(133.6066132), 'lat': np.float64(33.5233618)}"
208,1078632640,"{'y': np.float64(3710081.604777739), 'x': np.float64(370631.01784608146), 'street_count': np.int64(3), 'lon': np.float64(133.6069126), 'lat': np.float64(33.5224924)}"
209,1556516472,"{'y': np.float64(3710270.1981509435), 'x': np.float64(370569.63518212375), 'street_count': np.int64(4), 'lon': np.float64(133.6062245), 'lat': np.float64(33.5241855)}"
210,1556516442,"{'y': np.float64(3710200.4129510154), 'x': np.float64(370690.59403061005), 'street_count': np.int64(4), 'lon': np.float64(133.6075368), 'lat': np.float64(33.5235709)}"
211,1556516426,"{'y': np.float64(3710160.58368922), 'x': np.float64(370367.4772427664), 'street_count': np.int64(4), 'lon': np.float64(133.604064), 'lat': np.float64(33.5231726)}"
212,1924070813,"{'y': np.float64(3710381.609057104), 'x': np.float64(370507.05021528655), 'highway': 'crossing', 'street_count': np.int64(4), 'lon': np.float64(133.6055346), 'lat': np.float64(33.5251825)}"
213,308120893,"{'y': np.float64(3710603.6953956354), 'x': np.float64(368524.1938043493), 'street_count': np.int64(3), 'lon': np.float64(133.5841549), 'lat': np.float64(33.5269428)}"
214,308120900,"{'y': np.float64(3710700.086377375), 'x': np.float64(368476.7362470586), 'street_count': np.int64(4), 'lon': np.float64(133.5836298), 'lat': np.float64(33.5278061)}"
215,5463483284,"{'y': np.float64(3710426.107154525), 'x': np.float64(368741.18644939805), 'street_count': np.int64(3), 'lon': np.float64(133.5865171), 'lat': np.float64(33.5253682)}"
216,5463483866,"{'y': np.float64(3710447.8777261586), 'x': np.float64(368342.21038964414), 'street_count': np.int64(4), 'lon': np.float64(133.5822186), 'lat': np.float64(33.5255154)}"
217,5463483246,"{'y': np.float64(3710768.7492219103), 'x': np.float64(368488.7363960132), 'street_count': np.int64(3), 'lon': np.float64(133.5837489), 'lat': np.float64(33.5284267)}"
218,5463483276,"{'y': np.float64(3710542.636758237), 'x': np.float64(368671.7821473263), 'street_count': np.int64(3), 'lon': np.float64(133.5857528), 'lat': np.float64(33.5264104)}"
219,308120904,"{'y': np.float64(3710706.0494830105), 'x': np.float64(368356.0497588938), 'street_count': np.int64(4), 'lon': np.float64(133.5823296), 'lat': np.float64(33.527845)}"
220,5463483853,"{'y': np.float64(3710715.3009099807), 'x': np.float64(368274.7911877918), 'street_count': np.int64(3), 'lon': np.float64(133.5814534), 'lat': np.float64(33.5279184)}"
221,308121138,"{'y': np.float64(3710751.9227142083), 'x': np.float64(368031.66712504736), 'street_count': np.int64(3), 'lon': np.float64(133.5788305), 'lat': np.float64(33.5282186)}"
222,5463483855,"{'y': np.float64(3710727.7958845147), 'x': np.float64(368291.29109687475), 'street_count': np.int64(3), 'lon': np.float64(133.5816292), 'lat': np.float64(33.5280331)}"
223,6075494440,"{'y': np.float64(3710752.6803252874), 'x': np.float64(368027.3676946128), 'street_count': np.int64(4), 'lon': np.float64(133.5787841), 'lat': np.float64(33.5282249)}"
224,6075493844,"{'y': np.float64(3710885.4481225396), 'x': np.float64(367994.6440976651), 'street_count': np.int64(3), 'lon': np.float64(133.5784122), 'lat': np.float64(33.529418)}"
225,308121175,"{'y': np.float64(3710813.538163208), 'x': np.float64(367824.8428623552), 'street_count': np.int64(3), 'lon': np.float64(133.5765947), 'lat': np.float64(33.5287486)}"
226,6075494654,"{'y': np.float64(3710792.862181805), 'x': np.float64(367826.71398346894), 'street_count': np.int64(3), 'lon': np.float64(133.5766179), 'lat': np.float64(33.5285624)}"
227,6075494649,"{'y': np.float64(3710812.6230916474), 'x': np.float64(367806.67159280693), 'street_count': np.int64(3), 'lon': np.float64(133.5763992), 'lat': np.float64(33.5287381)}"
228,308121191,"{'y': np.float64(3710746.2004661346), 'x': np.float64(367843.201385163), 'street_count': np.int64(3), 'lon': np.float64(133.5768023), 'lat': np.float64(33.5281437)}"
229,4903596973,"{'y': np.float64(3710698.8090866385), 'x': np.float64(367842.5510438561), 'street_count': np.int64(3), 'lon': np.float64(133.5768023), 'lat': np.float64(33.5277163)}"
230,1556713537,"{'y': np.float64(3710753.8614516086), 'x': np.float64(367832.06755408633), 'street_count': np.int64(3), 'lon': np.float64(133.5766813), 'lat': np.float64(33.5282114)}"
231,4903596974,"{'y': np.float64(3710696.1662757583), 'x': np.float64(367918.78225092246), 'street_count': np.int64(3), 'lon': np.float64(133.5776234), 'lat': np.float64(33.5277019)}"
232,308121205,"{'y': np.float64(3710446.9180730097), 'x': np.float64(367819.5696871873), 'street_count': np.int64(4), 'lon': np.float64(133.5765921), 'lat': np.float64(33.5254422)}"
233,6075494703,"{'y': np.float64(3710480.2773937755), 'x': np.float64(367824.4582011977), 'street_count': np.int64(3), 'lon': np.float64(133.5766398), 'lat': np.float64(33.5257436)}"
234,4903628074,"{'y': np.float64(3710481.013259043), 'x': np.float64(367903.3940398075), 'street_count': np.int64(3), 'lon': np.float64(133.5774895), 'lat': np.float64(33.52576)}"
235,1556712780,"{'y': np.float64(3710420.2073615487), 'x': np.float64(367777.9240333941), 'street_count': np.int64(3), 'lon': np.float64(133.5761477), 'lat': np.float64(33.5251962)}"
236,4903596960,"{'y': np.float64(3710407.817440562), 'x': np.float64(367823.3151819901), 'street_count': np.int64(4), 'lon': np.float64(133.5766382), 'lat': np.float64(33.5250901)}"
237,308121211,"{'y': np.float64(3710365.6861168155), 'x': np.float64(367751.3341894246), 'street_count': np.int64(3), 'lon': np.float64(133.5758695), 'lat': np.float64(33.5247013)}"
238,1556712500,"{'y': np.float64(3710299.6296030744), 'x': np.float64(367770.0730974272), 'street_count': np.int64(3), 'lon': np.float64(133.576081), 'lat': np.float64(33.524108)}"
239,4903596956,"{'y': np.float64(3710358.7350524953), 'x': np.float64(367732.5682908512), 'street_count': np.int64(3), 'lon': np.float64(133.5756685), 'lat': np.float64(33.5246363)}"
240,1556712719,"{'y': np.float64(3710373.4106136304), 'x': np.float64(367766.2744158653), 'street_count': np.int64(3), 'lon': np.float64(133.5760292), 'lat': np.float64(33.5247728)}"
241,308121212,"{'y': np.float64(3710343.1168619166), 'x': np.float64(367678.68311989785), 'street_count': np.int64(3), 'lon': np.float64(133.5750907), 'lat': np.float64(33.5244888)}"
242,308121215,"{'y': np.float64(3710283.9148508324), 'x': np.float64(367703.8228785805), 'street_count': np.int64(4), 'lon': np.float64(133.5753701), 'lat': np.float64(33.5239581)}"
243,1556712620,"{'y': np.float64(3710357.2492463915), 'x': np.float64(367631.63448255695), 'street_count': np.int64(3), 'lon': np.float64(133.5745821), 'lat': np.float64(33.5246104)}"
244,1556712308,"{'y': np.float64(3710218.098989243), 'x': np.float64(367738.9506188228), 'street_count': np.int64(3), 'lon': np.float64(133.575758), 'lat': np.float64(33.523369)}"
245,1556712339,"{'y': np.float64(3710240.7998929187), 'x': np.float64(367575.9819997603), 'street_count': np.int64(4), 'lon': np.float64(133.5740002), 'lat': np.float64(33.5235535)}"
246,394708810,"{'y': np.float64(3710509.220720949), 'x': np.float64(371899.72919698193), 'street_count': np.int64(3), 'lon': np.float64(133.6205098), 'lat': np.float64(33.5265011)}"
247,1556516613,"{'y': np.float64(3710545.402309105), 'x': np.float64(372023.6157043439), 'street_count': np.int64(4), 'lon': np.float64(133.6218384), 'lat': np.float64(33.5268422)}"
248,1556516590,"{'y': np.float64(3710498.616925115), 'x': np.float64(371875.67048369837), 'street_count': np.int64(3), 'lon': np.float64(133.6202523), 'lat': np.float64(33.5264026)}"
249,394708821,"{'y': np.float64(3710747.910060204), 'x': np.float64(372754.1632774997), 'street_count': np.int64(3), 'lon': np.float64(133.6296748), 'lat': np.float64(33.5287555)}"
250,1556516817,"{'y': np.float64(3710745.084622092), 'x': np.float64(372746.4167943955), 'street_count': np.int64(3), 'lon': np.float64(133.6295918), 'lat': np.float64(33.5287291)}"
251,1556516846,"{'y': np.float64(3710779.07487096), 'x': np.float64(372884.20902482234), 'street_count': np.int64(3), 'lon': np.float64(133.6310705), 'lat': np.float64(33.529052)}"
252,394708838,"{'y': np.float64(3712006.5581472414), 'x': np.float64(372682.4777534833), 'street_count': np.int64(3), 'lon': np.float64(133.6287238), 'lat': np.float64(33.5400962)}"
253,394708893,"{'y': np.float64(3711927.870264924), 'x': np.float64(372710.3938776111), 'street_count': np.int64(4), 'lon': np.float64(133.6290356), 'lat': np.float64(33.53939)}"
254,394708879,"{'y': np.float64(3710221.309816228), 'x': np.float64(371144.7037524935), 'street_count': np.int64(3), 'lon': np.float64(133.6124226), 'lat': np.float64(33.5238142)}"
255,1556516427,"{'y': np.float64(3710156.4389353925), 'x': np.float64(370891.5894046406), 'street_count': np.int64(3), 'lon': np.float64(133.609707), 'lat': np.float64(33.5231987)}"
256,1078633343,"{'y': np.float64(3710221.5951607577), 'x': np.float64(371152.38934570114), 'street_count': np.int64(3), 'lon': np.float64(133.6125053), 'lat': np.float64(33.5238177)}"
257,1078632784,"{'y': np.float64(3710269.6754761795), 'x': np.float64(371032.74408196413), 'street_count': np.int64(3), 'lon': np.float64(133.6112103), 'lat': np.float64(33.5242368)}"
258,1922564967,"{'y': np.float64(3711927.1897377367), 'x': np.float64(372703.15030890546), 'street_count': np.int64(3), 'lon': np.float64(133.6289577), 'lat': np.float64(33.539383)}"
259,5981296278,"{'y': np.float64(3711744.944431883), 'x': np.float64(372704.0466419813), 'street_count': np.int64(3), 'lon': np.float64(133.6289933), 'lat': np.float64(33.5377398)}"
260,394709025,"{'y': np.float64(3711749.3898399738), 'x': np.float64(372393.39365124324), 'street_count': np.int64(3), 'lon': np.float64(133.6256477), 'lat': np.float64(33.5377428)}"
261,1556518891,"{'y': np.float64(3711795.4448899645), 'x': np.float64(372504.9018234865), 'street_count': np.int64(3), 'lon': np.float64(133.6268418), 'lat': np.float64(33.5381714)}"
262,807637225,"{'y': np.float64(3711686.463723811), 'x': np.float64(372284.70675281703), 'street_count': np.int64(3), 'lon': np.float64(133.6244864), 'lat': np.float64(33.5371624)}"
263,1556518300,"{'y': np.float64(3711548.1975974715), 'x': np.float64(372521.89250517485), 'street_count': np.int64(3), 'lon': np.float64(133.62706), 'lat': np.float64(33.535944)}"
264,1556516953,"{'y': np.float64(3710915.454323269), 'x': np.float64(372869.6159684347), 'street_count': np.int64(3), 'lon': np.float64(133.630894), 'lat': np.float64(33.53028)}"
265,1085590081,"{'y': np.float64(3708407.6399149406), 'x': np.float64(367271.92497501173), 'highway': 'traffic_signals', 'street_count': np.int64(4), 'lon': np.float64(133.5709987), 'lat': np.float64(33.5069865)}"
266,6286517215,"{'y': np.float64(3708408.0360111007), 'x': np.float64(367282.6240132281), 'street_count': np.int64(3), 'lon': np.float64(133.5711138), 'lat': np.float64(33.5069914)}"
267,5521726646,"{'y': np.float64(3708415.143914295), 'x': np.float64(367276.255574506), 'street_count': np.int64(3), 'lon': np.float64(133.5710442), 'lat': np.float64(33.5070547)}"
268,564443318,"{'y': np.float64(3707840.6897043744), 'x': np.float64(366575.34783769405), 'street_count': np.int64(3), 'lon': np.float64(133.5635856), 'lat': np.float64(33.5017877)}"
269,1442210973,"{'y': np.float64(3707883.433883377), 'x': np.float64(366599.260448374), 'street_count': np.int64(3), 'lon': np.float64(133.5638366), 'lat': np.float64(33.5021761)}"
270,1442210980,"{'y': np.float64(3707967.4757811246), 'x': np.float64(366502.41107515735), 'street_count': np.int64(3), 'lon': np.float64(133.5627817), 'lat': np.float64(33.5029218)}"
271,9950854059,"{'y': np.float64(3707787.9745081672), 'x': np.float64(366636.4427004851), 'street_count': np.int64(3), 'lon': np.float64(133.564251), 'lat': np.float64(33.50132)}"
272,564443342,"{'y': np.float64(3707842.5574563877), 'x': np.float64(366963.40469898994), 'street_count': np.int64(3), 'lon': np.float64(133.5677619), 'lat': np.float64(33.5018529)}"
273,1442210969,"{'y': np.float64(3707839.100575268), 'x': np.float64(366947.8963431315), 'street_count': np.int64(3), 'lon': np.float64(133.5675955), 'lat': np.float64(33.5018198)}"
274,6290704304,"{'y': np.float64(3708142.4044127925), 'x': np.float64(367143.79235255055), 'street_count': np.int64(3), 'lon': np.float64(133.5696589), 'lat': np.float64(33.504579)}"
275,5521726677,"{'y': np.float64(3707882.1021907283), 'x': np.float64(367112.4146738418), 'street_count': np.int64(3), 'lon': np.float64(133.5693598), 'lat': np.float64(33.502228)}"
276,564443359,"{'y': np.float64(3708114.73043646), 'x': np.float64(366538.72497906035), 'street_count': np.int64(3), 'lon': np.float64(133.5631506), 'lat': np.float64(33.5042541)}"
277,1556711148,"{'y': np.float64(3708077.2949629137), 'x': np.float64(366600.0014186606), 'street_count': np.int64(4), 'lon': np.float64(133.5638157), 'lat': np.float64(33.5039242)}"
278,1556711096,"{'y': np.float64(3707976.5937728025), 'x': np.float64(366500.6884107094), 'street_count': np.int64(3), 'lon': np.float64(133.5627618), 'lat': np.float64(33.5030038)}"
279,3968917095,"{'y': np.float64(3708129.283341899), 'x': np.float64(366524.9435208029), 'street_count': np.int64(1), 'lon': np.float64(133.5630001), 'lat': np.float64(33.5043836)}"
280,564443362,"{'y': np.float64(3708037.011145176), 'x': np.float64(366661.9729142099), 'street_count': np.int64(3), 'lon': np.float64(133.5644887), 'lat': np.float64(33.5035687)}"
281,1556711170,"{'y': np.float64(3708134.3908581696), 'x': np.float64(366729.7040467992), 'street_count': np.int64(3), 'lon': np.float64(133.5652032), 'lat': np.float64(33.5044552)}"
282,5379614970,"{'y': np.float64(3707947.11650473), 'x': np.float64(366619.98766579357), 'street_count': np.int64(3), 'lon': np.float64(133.5640502), 'lat': np.float64(33.5027529)}"
283,564443381,"{'y': np.float64(3708214.4974610247), 'x': np.float64(367179.59896996303), 'street_count': np.int64(3), 'lon': np.float64(133.5700336), 'lat': np.float64(33.5052335)}"
284,5521726732,"{'y': np.float64(3708215.389853811), 'x': np.float64(367186.467936623), 'street_count': np.int64(4), 'lon': np.float64(133.5701074), 'lat': np.float64(33.5052424)}"
285,564443389,"{'y': np.float64(3708273.39176649), 'x': np.float64(367210.67074168473), 'street_count': np.int64(3), 'lon': np.float64(133.5703593), 'lat': np.float64(33.5057684)}"
286,564443388,"{'y': np.float64(3708376.29321268), 'x': np.float64(367247.34671239776), 'street_count': np.int64(4), 'lon': np.float64(133.5707388), 'lat': np.float64(33.5067008)}"
287,6290686582,"{'y': np.float64(3708357.034122933), 'x': np.float64(367240.5500562793), 'street_count': np.int64(3), 'lon': np.float64(133.5706685), 'lat': np.float64(33.5065263)}"
288,1556711256,"{'y': np.float64(3708404.976999095), 'x': np.float64(367278.45682317216), 'street_count': np.int64(4), 'lon': np.float64(133.5710694), 'lat': np.float64(33.5069633)}"
289,6290687794,"{'y': np.float64(3708288.598972625), 'x': np.float64(367216.1388472588), 'street_count': np.int64(3), 'lon': np.float64(133.5704159), 'lat': np.float64(33.5059062)}"
290,1556711209,"{'y': np.float64(3708219.9873104487), 'x': np.float64(367215.0078169165), 'street_count': np.int64(5), 'lon': np.float64(133.5704139), 'lat': np.float64(33.5052874)}"
291,564443392,"{'y': np.float64(3708548.9273525537), 'x': np.float64(367048.5281576669), 'street_count': np.int64(4), 'lon': np.float64(133.5685732), 'lat': np.float64(33.5082327)}"
292,564443564,"{'y': np.float64(3708724.761877438), 'x': np.float64(367176.6714527734), 'street_count': np.int64(4), 'lon': np.float64(133.5699264), 'lat': np.float64(33.5098341)}"
293,1556711309,"{'y': np.float64(3708527.4780218005), 'x': np.float64(367078.3151844214), 'street_count': np.int64(3), 'lon': np.float64(133.568897), 'lat': np.float64(33.508043)}"
294,564443396,"{'y': np.float64(3708278.009203975), 'x': np.float64(366842.21362693736), 'street_count': np.int64(3), 'lon': np.float64(133.5663928), 'lat': np.float64(33.5057642)}"
295,1556711344,"{'y': np.float64(3708629.321155136), 'x': np.float64(366940.0744230648), 'street_count': np.int64(3), 'lon': np.float64(133.5673939), 'lat': np.float64(33.5089441)}"
296,1556711227,"{'y': np.float64(3708253.256724973), 'x': np.float64(366879.0537001345), 'street_count': np.int64(3), 'lon': np.float64(133.566793), 'lat': np.float64(33.5055456)}"
297,1556711174,"{'y': np.float64(3708144.128598312), 'x': np.float64(366737.6988464573), 'street_count': np.int64(3), 'lon': np.float64(133.5652878), 'lat': np.float64(33.504544)}"
298,564443563,"{'y': np.float64(3708805.122435728), 'x': np.float64(367241.8914705338), 'street_count': np.int64(3), 'lon': np.float64(133.5706165), 'lat': np.float64(33.5105668)}"
299,1556711387,"{'y': np.float64(3708772.1712123253), 'x': np.float64(367268.5839051806), 'street_count': np.int64(4), 'lon': np.float64(133.5709087), 'lat': np.float64(33.510273)}"
300,1556711357,"{'y': np.float64(3708698.7181803472), 'x': np.float64(367210.7242003388), 'street_count': np.int64(4), 'lon': np.float64(133.5702968), 'lat': np.float64(33.5096035)}"
301,1556711375,"{'y': np.float64(3708808.60074068), 'x': np.float64(367083.6882439903), 'street_count': np.int64(3), 'lon': np.float64(133.5689131), 'lat': np.float64(33.5105785)}"
302,564443603,"{'y': np.float64(3709147.2010937184), 'x': np.float64(367534.72335180384), 'highway': 'traffic_signals', 'street_count': np.int64(3), 'lon': np.float64(133.5737179), 'lat': np.float64(33.5136876)}"
303,5355872503,"{'y': np.float64(3711044.7846491444), 'x': np.float64(370460.8058329155), 'street_count': np.int64(4), 'lon': np.float64(133.6049407), 'lat': np.float64(33.5311567)}"
304,725217815,"{'y': np.float64(3710481.5803975123), 'x': np.float64(369142.2160084968), 'street_count': np.int64(3), 'lon': np.float64(133.5908264), 'lat': np.float64(33.5259176)}"
305,5453780730,"{'y': np.float64(3710427.0506153936), 'x': np.float64(369114.3708773149), 'street_count': np.int64(3), 'lon': np.float64(133.5905346), 'lat': np.float64(33.5254225)}"
306,1609828250,"{'y': np.float64(3710495.4569405387), 'x': np.float64(368814.30394098465), 'street_count': np.int64(3), 'lon': np.float64(133.5872941), 'lat': np.float64(33.5260025)}"
307,725217828,"{'y': np.float64(3710992.7330860724), 'x': np.float64(368720.15301898884), 'highway': 'traffic_signals', 'street_count': np.int64(4), 'lon': np.float64(133.5862075), 'lat': np.float64(33.5304748)}"
308,4003018491,"{'y': np.float64(3711060.5154485353), 'x': np.float64(368716.21944941743), 'street_count': np.int64(5), 'lon': np.float64(133.5861552), 'lat': np.float64(33.5310855)}"
309,1556713863,"{'y': np.float64(3711002.9895947026), 'x': np.float64(368852.15606527403), 'street_count': np.int64(3), 'lon': np.float64(133.5876272), 'lat': np.float64(33.5305835)}"
310,10611387330,"{'y': np.float64(3710853.5211732746), 'x': np.float64(368948.5758113507), 'street_count': np.int64(1), 'lon': np.float64(133.5886872), 'lat': np.float64(33.5292476)}"
311,725217838,"{'y': np.float64(3710907.1959770606), 'x': np.float64(368445.2726960677), 'street_count': np.int64(3), 'lon': np.float64(133.5832606), 'lat': np.float64(33.5296697)}"
312,5463377273,"{'y': np.float64(3710922.5337921893), 'x': np.float64(368485.0685368249), 'street_count': np.int64(3), 'lon': np.float64(133.5836868), 'lat': np.float64(33.5298129)}"
313,5463377242,"{'y': np.float64(3710850.3042854955), 'x': np.float64(368470.30760072096), 'street_count': np.int64(3), 'lon': np.float64(133.5835385), 'lat': np.float64(33.5291598)}"
314,5465981205,"{'y': np.float64(3710970.186727103), 'x': np.float64(368414.6092236774), 'street_count': np.int64(3), 'lon': np.float64(133.5829212), 'lat': np.float64(33.5302339)}"
315,726964111,"{'y': np.float64(3711466.397471997), 'x': np.float64(371171.2260142454), 'street_count': np.int64(3), 'lon': np.float64(133.6125288), 'lat': np.float64(33.5350443)}"
316,6665331241,"{'y': np.float64(3711419.507829003), 'x': np.float64(371204.3960672376), 'street_count': np.int64(3), 'lon': np.float64(133.6128927), 'lat': np.float64(33.5346255)}"
317,1556517995,"{'y': np.float64(3711471.708812948), 'x': np.float64(371105.0027547771), 'street_count': np.int64(3), 'lon': np.float64(133.611815), 'lat': np.float64(33.5350842)}"
318,769147176,"{'y': np.float64(3709063.0330418134), 'x': np.float64(368092.7888125371), 'street_count': np.int64(3), 'lon': np.float64(133.5797375), 'lat': np.float64(33.5129977)}"
319,1556711447,"{'y': np.float64(3709166.077292307), 'x': np.float64(368268.4223472497), 'street_count': np.int64(3), 'lon': np.float64(133.5816129), 'lat': np.float64(33.5139485)}"
320,1556711451,"{'y': np.float64(3709174.614091291), 'x': np.float64(368021.4369547619), 'street_count': np.int64(4), 'lon': np.float64(133.578953), 'lat': np.float64(33.513995)}"
321,1556711423,"{'y': np.float64(3708932.709034567), 'x': np.float64(367918.0037843693), 'street_count': np.int64(3), 'lon': np.float64(133.5778753), 'lat': np.float64(33.511801)}"
322,1038120277,"{'y': np.float64(3711082.86269868), 'x': np.float64(370231.44156073045), 'street_count': np.int64(3), 'lon': np.float64(133.6024657), 'lat': np.float64(33.5314722)}"
323,6286519521,"{'y': np.float64(3708786.91024004), 'x': np.float64(367696.03910975263), 'street_count': np.int64(3), 'lon': np.float64(133.5755076), 'lat': np.float64(33.5104589)}"
324,6286519520,"{'y': np.float64(3708796.5857665893), 'x': np.float64(367689.23209680995), 'street_count': np.int64(3), 'lon': np.float64(133.5754329), 'lat': np.float64(33.5105453)}"
325,6286517273,"{'y': np.float64(3708556.157587807), 'x': np.float64(367475.352043248), 'street_count': np.int64(3), 'lon': np.float64(133.5731663), 'lat': np.float64(33.5083509)}"
326,807636504,"{'y': np.float64(3709866.1092002583), 'x': np.float64(369586.5433486237), 'street_count': np.int64(3), 'lon': np.float64(133.5956997), 'lat': np.float64(33.5204223)}"
327,9958294780,"{'y': np.float64(3709859.9508210174), 'x': np.float64(369517.9895597964), 'street_count': np.int64(3), 'lon': np.float64(133.5949626), 'lat': np.float64(33.5203584)}"
328,807636802,"{'y': np.float64(3709848.9030829864), 'x': np.float64(369454.2740813085), 'street_count': np.int64(3), 'lon': np.float64(133.5942783), 'lat': np.float64(33.520251)}"
329,1442211123,"{'y': np.float64(3709815.5700611), 'x': np.float64(369270.75979144976), 'street_count': np.int64(3), 'lon': np.float64(133.5923076), 'lat': np.float64(33.519928)}"
330,9958294767,"{'y': np.float64(3709914.290744386), 'x': np.float64(369446.1404547449), 'street_count': np.int64(3), 'lon': np.float64(133.5941812), 'lat': np.float64(33.5208396)}"
331,3723961439,"{'y': np.float64(3711231.891443352), 'x': np.float64(370954.47913478565), 'street_count': np.int64(4), 'lon': np.float64(133.6102289), 'lat': np.float64(33.5329036)}"
332,1556518230,"{'y': np.float64(3711529.8131703734), 'x': np.float64(372156.99791860173), 'street_count': np.int64(3), 'lon': np.float64(133.6231337), 'lat': np.float64(33.5357346)}"
333,1556518219,"{'y': np.float64(3711522.4222302157), 'x': np.float64(372391.43474464), 'street_count': np.int64(3), 'lon': np.float64(133.625659), 'lat': np.float64(33.535696)}"
334,807637402,"{'y': np.float64(3711267.765415034), 'x': np.float64(370927.39394367096), 'street_count': np.int64(3), 'lon': np.float64(133.6099321), 'lat': np.float64(33.5332238)}"
335,1430659395,"{'y': np.float64(3711265.157456305), 'x': np.float64(370929.17937931546), 'street_count': np.int64(3), 'lon': np.float64(133.6099517), 'lat': np.float64(33.5332005)}"
336,1556517447,"{'y': np.float64(3711282.7809577817), 'x': np.float64(370922.4776972864), 'street_count': np.int64(3), 'lon': np.float64(133.609877), 'lat': np.float64(33.5333586)}"
337,1038120274,"{'y': np.float64(3711353.9846009496), 'x': np.float64(370947.8030202342), 'street_count': np.int64(3), 'lon': np.float64(133.6101394), 'lat': np.float64(33.5340037)}"
338,1038120299,"{'y': np.float64(3710931.137202141), 'x': np.float64(370234.7003726435), 'street_count': np.int64(3), 'lon': np.float64(133.6025228), 'lat': np.float64(33.5301045)}"
339,1038120416,"{'y': np.float64(3710862.602989884), 'x': np.float64(370252.53893056663), 'street_count': np.int64(1), 'lon': np.float64(133.6027248), 'lat': np.float64(33.5294887)}"
340,1038120434,"{'y': np.float64(3711391.4250723054), 'x': np.float64(370670.10356659826), 'street_count': np.int64(3), 'lon': np.float64(133.607144), 'lat': np.float64(33.5343077)}"
341,1556517597,"{'y': np.float64(3711332.5020503565), 'x': np.float64(370650.32807484805), 'street_count': np.int64(3), 'lon': np.float64(133.6069396), 'lat': np.float64(33.533774)}"
342,1038120137,"{'y': np.float64(3711341.488425691), 'x': np.float64(370905.4231209006), 'street_count': np.int64(3), 'lon': np.float64(133.6096849), 'lat': np.float64(33.5338859)}"
343,1556517726,"{'y': np.float64(3711384.9528638204), 'x': np.float64(370892.05587886274), 'street_count': np.int64(3), 'lon': np.float64(133.6095347), 'lat': np.float64(33.5342762)}"
344,1038120441,"{'y': np.float64(3711355.2000324945), 'x': np.float64(370944.8286895787), 'street_count': np.int64(3), 'lon': np.float64(133.6101072), 'lat': np.float64(33.5340143)}"
345,1038120171,"{'y': np.float64(3711437.0712403595), 'x': np.float64(371012.46218078164), 'street_count': np.int64(3), 'lon': np.float64(133.6108236), 'lat': np.float64(33.5347607)}"
346,1038120281,"{'y': np.float64(3711393.028528529), 'x': np.float64(371007.7484466441), 'street_count': np.int64(3), 'lon': np.float64(133.6107792), 'lat': np.float64(33.534363)}"
347,1038120298,"{'y': np.float64(3711447.06297819), 'x': np.float64(370919.82265537523), 'street_count': np.int64(3), 'lon': np.float64(133.6098247), 'lat': np.float64(33.5348396)}"
348,1038120328,"{'y': np.float64(3711401.1643709126), 'x': np.float64(370931.1140157115), 'street_count': np.int64(3), 'lon': np.float64(133.6099529), 'lat': np.float64(33.5344271)}"
349,1078632629,"{'y': np.float64(3711397.39839566), 'x': np.float64(370678.6819736969), 'street_count': np.int64(3), 'lon': np.float64(133.6072355), 'lat': np.float64(33.5343626)}"
350,1078632335,"{'y': np.float64(3711246.858776821), 'x': np.float64(371261.3516119099), 'street_count': np.int64(3), 'lon': np.float64(133.6135308), 'lat': np.float64(33.5330756)}"
351,1078633712,"{'y': np.float64(3711233.3530660244), 'x': np.float64(371258.70049672027), 'street_count': np.int64(3), 'lon': np.float64(133.6135042), 'lat': np.float64(33.5329535)}"
352,1078632662,"{'y': np.float64(3711230.2367817513), 'x': np.float64(371338.34768561844), 'street_count': np.int64(3), 'lon': np.float64(133.6143622), 'lat': np.float64(33.532935)}"
353,1078632771,"{'y': np.float64(3711322.55382907), 'x': np.float64(371195.52039595), 'street_count': np.int64(3), 'lon': np.float64(133.6128111), 'lat': np.float64(33.5337502)}"
354,1078632361,"{'y': np.float64(3711183.375765062), 'x': np.float64(371316.30387999717), 'street_count': np.int64(3), 'lon': np.float64(133.6141316), 'lat': np.float64(33.5325098)}"
355,1078633207,"{'y': np.float64(3711146.7557513285), 'x': np.float64(371314.65350288514), 'street_count': np.int64(3), 'lon': np.float64(133.6141191), 'lat': np.float64(33.5321794)}"
356,1078632832,"{'y': np.float64(3711229.7257907414), 'x': np.float64(371318.4929482789), 'street_count': np.int64(3), 'lon': np.float64(133.6141485), 'lat': np.float64(33.532928)}"
357,1078633060,"{'y': np.float64(3711187.621298549), 'x': np.float64(371485.8533297213), 'street_count': np.int64(3), 'lon': np.float64(133.6159565), 'lat': np.float64(33.5325685)}"
358,1556712025,"{'y': np.float64(3709846.904102967), 'x': np.float64(369843.78832798405), 'street_count': np.int64(3), 'lon': np.float64(133.5984718), 'lat': np.float64(33.5202805)}"
359,1078632442,"{'y': np.float64(3710604.5001267977), 'x': np.float64(371107.30810097785), 'street_count': np.int64(3), 'lon': np.float64(133.6119648), 'lat': np.float64(33.5272649)}"
360,1078633017,"{'y': np.float64(3710595.118581614), 'x': np.float64(371113.87945761223), 'street_count': np.int64(1), 'lon': np.float64(133.6120369), 'lat': np.float64(33.5271811)}"
361,1078632603,"{'y': np.float64(3710628.9962269547), 'x': np.float64(371073.5013066983), 'street_count': np.int64(3), 'lon': np.float64(133.6115973), 'lat': np.float64(33.5274817)}"
362,1078632588,"{'y': np.float64(3710516.641053894), 'x': np.float64(371092.571135342), 'street_count': np.int64(3), 'lon': np.float64(133.6118188), 'lat': np.float64(33.5264709)}"
363,1078632485,"{'y': np.float64(3710345.8786263037), 'x': np.float64(371018.4939397967), 'street_count': np.int64(3), 'lon': np.float64(133.6110459), 'lat': np.float64(33.5249222)}"
364,1556516531,"{'y': np.float64(3710346.4592668195), 'x': np.float64(370849.365287744), 'street_count': np.int64(3), 'lon': np.float64(133.609225), 'lat': np.float64(33.524907)}"
365,1078632577,"{'y': np.float64(3710384.3321034247), 'x': np.float64(371043.8929808345), 'street_count': np.int64(3), 'lon': np.float64(133.6113138), 'lat': np.float64(33.525272)}"
366,1078632486,"{'y': np.float64(3711108.0123021486), 'x': np.float64(371313.392696743), 'street_count': np.int64(3), 'lon': np.float64(133.6141111), 'lat': np.float64(33.5318299)}"
367,1078632810,"{'y': np.float64(3711137.117199383), 'x': np.float64(371430.1396108589), 'street_count': np.int64(3), 'lon': np.float64(133.6153639), 'lat': np.float64(33.5321064)}"
368,10586149258,"{'y': np.float64(3711100.580198271), 'x': np.float64(371308.537982977), 'street_count': np.int64(3), 'lon': np.float64(133.6140599), 'lat': np.float64(33.5317623)}"
369,1078633731,"{'y': np.float64(3711085.5707390695), 'x': np.float64(371900.22534285975), 'street_count': np.int64(1), 'lon': np.float64(133.6204326), 'lat': np.float64(33.5316981)}"
370,1078632503,"{'y': np.float64(3709849.6917059724), 'x': np.float64(369973.25175472174), 'street_count': np.int64(3), 'lon': np.float64(133.5998651), 'lat': np.float64(33.5203214)}"
371,1556516373,"{'y': np.float64(3709922.4474519943), 'x': np.float64(370199.94896577776), 'street_count': np.int64(3), 'lon': np.float64(133.602295), 'lat': np.float64(33.521005)}"
372,5355914577,"{'y': np.float64(3709989.102313821), 'x': np.float64(369928.4469011232), 'street_count': np.int64(4), 'lon': np.float64(133.5993625), 'lat': np.float64(33.521573)}"
373,1078632551,"{'y': np.float64(3710302.9221414025), 'x': np.float64(371713.8511027798), 'street_count': np.int64(3), 'lon': np.float64(133.6185382), 'lat': np.float64(33.5246186)}"
374,1078632856,"{'y': np.float64(3710294.0559198135), 'x': np.float64(371720.0678552063), 'street_count': np.int64(3), 'lon': np.float64(133.6186064), 'lat': np.float64(33.5245394)}"
375,1078632616,"{'y': np.float64(3710289.4925313215), 'x': np.float64(371672.1799235299), 'street_count': np.int64(3), 'lon': np.float64(133.6180915), 'lat': np.float64(33.5244925)}"
376,5981296235,"{'y': np.float64(3710670.1655774172), 'x': np.float64(371026.10624469374), 'street_count': np.int64(3), 'lon': np.float64(133.6110811), 'lat': np.float64(33.5278472)}"
377,1078632665,"{'y': np.float64(3710535.2369944365), 'x': np.float64(371048.83932844596), 'street_count': np.int64(1), 'lon': np.float64(133.6113453), 'lat': np.float64(33.5266333)}"
378,8461492721,"{'y': np.float64(3710556.688945886), 'x': np.float64(371047.75186741067), 'street_count': np.int64(1), 'lon': np.float64(133.6113305), 'lat': np.float64(33.5268266)}"
379,10918311967,"{'y': np.float64(3711401.9462291393), 'x': np.float64(370685.2258125193), 'street_count': np.int64(3), 'lon': np.float64(133.6073053), 'lat': np.float64(33.5344044)}"
380,1556517623,"{'y': np.float64(3711346.293680362), 'x': np.float64(370693.6081343817), 'street_count': np.int64(4), 'lon': np.float64(133.6074036), 'lat': np.float64(33.5339036)}"
381,1556516422,"{'y': np.float64(3710103.45575819), 'x': np.float64(370714.20515115594), 'street_count': np.int64(3), 'lon': np.float64(133.607805), 'lat': np.float64(33.5226995)}"
382,1556516392,"{'y': np.float64(3710029.976668694), 'x': np.float64(370403.53487029974), 'street_count': np.int64(3), 'lon': np.float64(133.6044711), 'lat': np.float64(33.5219993)}"
383,1556517310,"{'y': np.float64(3711230.3913602796), 'x': np.float64(371414.7785710138), 'street_count': np.int64(3), 'lon': np.float64(133.6151851), 'lat': np.float64(33.5329456)}"
384,1556517481,"{'y': np.float64(3711293.4135594335), 'x': np.float64(371191.84273145866), 'street_count': np.int64(3), 'lon': np.float64(133.6127757), 'lat': np.float64(33.533487)}"
385,12107673150,"{'y': np.float64(3711337.2325785575), 'x': np.float64(371196.70125170454), 'street_count': np.int64(3), 'lon': np.float64(133.6128217), 'lat': np.float64(33.5338827)}"
386,1556516454,"{'y': np.float64(3710245.492759992), 'x': np.float64(370870.9545830049), 'street_count': np.int64(4), 'lon': np.float64(133.609472), 'lat': np.float64(33.5239992)}"
387,1556516521,"{'y': np.float64(3710325.6673402213), 'x': np.float64(371939.75526720384), 'street_count': np.int64(3), 'lon': np.float64(133.620967), 'lat': np.float64(33.5248508)}"
388,1556516446,"{'y': np.float64(3710194.890008886), 'x': np.float64(371734.8723618284), 'street_count': np.int64(1), 'lon': np.float64(133.61878), 'lat': np.float64(33.523647)}"
389,3788884666,"{'y': np.float64(3711070.3050224204), 'x': np.float64(370773.5024748616), 'street_count': np.int64(4), 'lon': np.float64(133.6083037), 'lat': np.float64(33.5314247)}"
390,10586149243,"{'y': np.float64(3711249.2950375164), 'x': np.float64(371186.9894593052), 'highway': 'crossing', 'street_count': np.int64(4), 'lon': np.float64(133.6127298), 'lat': np.float64(33.5330886)}"
391,10586149274,"{'y': np.float64(3711239.670795587), 'x': np.float64(371192.63768170774), 'highway': 'crossing', 'street_count': np.int64(4), 'lon': np.float64(133.612792), 'lat': np.float64(33.5330025)}"
392,1924070810,"{'y': np.float64(3710378.901926148), 'x': np.float64(370493.93545622245), 'street_count': np.int64(3), 'lon': np.float64(133.6053938), 'lat': np.float64(33.5251565)}"
393,1924070816,"{'y': np.float64(3710388.915211524), 'x': np.float64(370486.6020599869), 'street_count': np.int64(3), 'lon': np.float64(133.6053134), 'lat': np.float64(33.5252459)}"
394,6286519525,"{'y': np.float64(3708800.9874833375), 'x': np.float64(367718.3989995159), 'street_count': np.int64(3), 'lon': np.float64(133.5757462), 'lat': np.float64(33.5105886)}"
395,6286519524,"{'y': np.float64(3708809.861700964), 'x': np.float64(367712.60290647496), 'street_count': np.int64(1), 'lon': np.float64(133.5756825), 'lat': np.float64(33.5106679)}"
396,1924070751,"{'y': np.float64(3710183.435435855), 'x': np.float64(369949.100639509), 'street_count': np.int64(3), 'lon': np.float64(133.5995566), 'lat': np.float64(33.5233278)}"
397,1924070749,"{'y': np.float64(3710177.0430421773), 'x': np.float64(369960.10520036315), 'street_count': np.int64(3), 'lon': np.float64(133.599676), 'lat': np.float64(33.5232715)}"
398,1085589950,"{'y': np.float64(3709558.2505948353), 'x': np.float64(369119.8254620695), 'highway': 'crossing', 'street_count': np.int64(4), 'lon': np.float64(133.5907204), 'lat': np.float64(33.5175893)}"
399,1085590247,"{'y': np.float64(3709554.265427435), 'x': np.float64(369110.3053425581), 'highway': 'crossing', 'street_count': np.int64(4), 'lon': np.float64(133.5906185), 'lat': np.float64(33.5175522)}"
400,9434048509,"{'y': np.float64(3709650.2288078186), 'x': np.float64(369094.8696150766), 'street_count': np.int64(4), 'lon': np.float64(133.5904383), 'lat': np.float64(33.5184156)}"
401,1556711261,"{'y': np.float64(3708412.3552268506), 'x': np.float64(367262.12320199516), 'street_count': np.int64(4), 'lon': np.float64(133.5708925), 'lat': np.float64(33.5070278)}"
402,1556711418,"{'y': np.float64(3708881.888916523), 'x': np.float64(367658.8258693763), 'street_count': np.int64(3), 'lon': np.float64(133.575093), 'lat': np.float64(33.5113107)}"
403,6286519523,"{'y': np.float64(3708815.4262898634), 'x': np.float64(367703.1103126768), 'street_count': np.int64(1), 'lon': np.float64(133.5755795), 'lat': np.float64(33.5107169)}"
404,6286519522,"{'y': np.float64(3708808.5338137946), 'x': np.float64(367690.57600568456), 'street_count': np.int64(3), 'lon': np.float64(133.5754456), 'lat': np.float64(33.5106532)}"
405,1924070857,"{'y': np.float64(3710427.836773248), 'x': np.float64(370544.7330935488), 'street_count': np.int64(3), 'lon': np.float64(133.6059336), 'lat': np.float64(33.5256039)}"
406,1924070835,"{'y': np.float64(3710421.118147517), 'x': np.float64(370531.37871512), 'street_count': np.int64(3), 'lon': np.float64(133.6057908), 'lat': np.float64(33.5255417)}"
407,4211509207,"{'y': np.float64(3709644.6474838727), 'x': np.float64(369078.76027927734), 'street_count': np.int64(4), 'lon': np.float64(133.5902657), 'lat': np.float64(33.5183633)}"
408,9434048508,"{'y': np.float64(3709642.549537662), 'x': np.float64(369073.18599821685), 'street_count': np.int64(4), 'lon': np.float64(133.590206), 'lat': np.float64(33.5183437)}"
409,1556711290,"{'y': np.float64(3708518.1537816166), 'x': np.float64(367445.30402370176), 'street_count': np.int64(3), 'lon': np.float64(133.5728485), 'lat': np.float64(33.5080045)}"
410,6286517234,"{'y': np.float64(3708442.7359018684), 'x': np.float64(367385.0853297904), 'street_count': np.int64(4), 'lon': np.float64(133.5722115), 'lat': np.float64(33.507317)}"
411,1924070771,"{'y': np.float64(3710273.991237433), 'x': np.float64(370153.50511397724), 'street_count': np.int64(3), 'lon': np.float64(133.601744), 'lat': np.float64(33.5241692)}"
412,1924070743,"{'y': np.float64(3710165.0606212947), 'x': np.float64(369939.93525681447), 'street_count': np.int64(3), 'lon': np.float64(133.5994606), 'lat': np.float64(33.523161)}"
413,1924070741,"{'y': np.float64(3710160.1775984787), 'x': np.float64(369950.8580350504), 'street_count': np.int64(3), 'lon': np.float64(133.5995789), 'lat': np.float64(33.5231183)}"
414,5453780794,"{'y': np.float64(3710407.0092794467), 'x': np.float64(368825.87114935135), 'street_count': np.int64(3), 'lon': np.float64(133.5874316), 'lat': np.float64(33.5252064)}"
415,1556516627,"{'y': np.float64(3710613.6379919597), 'x': np.float64(370415.61408155423), 'street_count': np.int64(3), 'lon': np.float64(133.6045166), 'lat': np.float64(33.5272636)}"
416,1430659337,"{'y': np.float64(3710596.909579865), 'x': np.float64(370097.34443482914), 'street_count': np.int64(3), 'lon': np.float64(133.6010925), 'lat': np.float64(33.5270741)}"
417,1556713734,"{'y': np.float64(3710840.480203074), 'x': np.float64(369939.95341957296), 'street_count': np.int64(3), 'lon': np.float64(133.5993626), 'lat': np.float64(33.5292512)}"
418,1430659360,"{'y': np.float64(3710827.1382063935), 'x': np.float64(370044.3119898754), 'street_count': np.int64(4), 'lon': np.float64(133.6004881), 'lat': np.float64(33.5291436)}"
419,1556713841,"{'y': np.float64(3710913.3710791343), 'x': np.float64(370026.6115179921), 'street_count': np.int64(3), 'lon': np.float64(133.600285), 'lat': np.float64(33.529919)}"
420,1430659367,"{'y': np.float64(3710919.4832734177), 'x': np.float64(370027.3256059786), 'street_count': np.int64(3), 'lon': np.float64(133.6002918), 'lat': np.float64(33.5299742)}"
421,9840837040,"{'y': np.float64(3710793.366931569), 'x': np.float64(370194.07482983137), 'street_count': np.int64(1), 'lon': np.float64(133.6021054), 'lat': np.float64(33.5288573)}"
422,1430659376,"{'y': np.float64(3710999.8908356717), 'x': np.float64(369909.65397667827), 'street_count': np.int64(3), 'lon': np.float64(133.5990132), 'lat': np.float64(33.5306849)}"
423,1556713825,"{'y': np.float64(3710892.892504162), 'x': np.float64(369928.4845253413), 'street_count': np.int64(3), 'lon': np.float64(133.5992315), 'lat': np.float64(33.5297224)}"
424,1556517093,"{'y': np.float64(3711104.514992282), 'x': np.float64(370463.41121578345), 'street_count': np.int64(3), 'lon': np.float64(133.6049601), 'lat': np.float64(33.5316956)}"
425,1556516951,"{'y': np.float64(3710929.3454521424), 'x': np.float64(370363.61350335606), 'street_count': np.int64(3), 'lon': np.float64(133.603911), 'lat': np.float64(33.530104)}"
426,1430659382,"{'y': np.float64(3711098.1907189675), 'x': np.float64(370717.7870588022), 'street_count': np.int64(3), 'lon': np.float64(133.6076998), 'lat': np.float64(33.5316694)}"
427,6665331261,"{'y': np.float64(3711139.5696868775), 'x': np.float64(370706.1290752533), 'street_count': np.int64(3), 'lon': np.float64(133.6075683), 'lat': np.float64(33.5320411)}"
428,1430659384,"{'y': np.float64(3711110.467949432), 'x': np.float64(370760.72263528284), 'street_count': np.int64(4), 'lon': np.float64(133.6081603), 'lat': np.float64(33.5317853)}"
429,6665331259,"{'y': np.float64(3711089.3605991057), 'x': np.float64(370637.857447436), 'street_count': np.int64(3), 'lon': np.float64(133.6068405), 'lat': np.float64(33.5315801)}"
430,1556517283,"{'y': np.float64(3711227.4088216713), 'x': np.float64(370728.1038838959), 'street_count': np.int64(4), 'lon': np.float64(133.6077922), 'lat': np.float64(33.5328358)}"
431,1556517135,"{'y': np.float64(3711126.057017718), 'x': np.float64(370801.501302124), 'street_count': np.int64(3), 'lon': np.float64(133.6085971), 'lat': np.float64(33.5319308)}"
432,1430659388,"{'y': np.float64(3711153.8150210585), 'x': np.float64(370834.63197760226), 'street_count': np.int64(3), 'lon': np.float64(133.6089498), 'lat': np.float64(33.5321851)}"
433,1924071114,"{'y': np.float64(3711217.973358987), 'x': np.float64(370889.1109773732), 'street_count': np.int64(3), 'lon': np.float64(133.6095271), 'lat': np.float64(33.5327702)}"
434,1924071101,"{'y': np.float64(3711210.079990179), 'x': np.float64(370818.6129808567), 'street_count': np.int64(3), 'lon': np.float64(133.6087692), 'lat': np.float64(33.5326905)}"
435,1430659393,"{'y': np.float64(3711257.8449789844), 'x': np.float64(370673.2596726258), 'street_count': np.int64(3), 'lon': np.float64(133.6071973), 'lat': np.float64(33.5331036)}"
436,1556517260,"{'y': np.float64(3711214.0117114703), 'x': np.float64(370685.16301764455), 'street_count': np.int64(4), 'lon': np.float64(133.6073318), 'lat': np.float64(33.5327098)}"
437,1556517208,"{'y': np.float64(3711175.9787991187), 'x': np.float64(370536.1118813831), 'street_count': np.int64(4), 'lon': np.float64(133.6057325), 'lat': np.float64(33.5323488)}"
438,1442210968,"{'y': np.float64(3707826.9262586506), 'x': np.float64(366904.30092134647), 'street_count': np.int64(3), 'lon': np.float64(133.5671281), 'lat': np.float64(33.5017046)}"
439,1556711042,"{'y': np.float64(3707795.1929714005), 'x': np.float64(366791.35439593624), 'street_count': np.int64(3), 'lon': np.float64(133.5659172), 'lat': np.float64(33.5014044)}"
440,1442210970,"{'y': np.float64(3707845.7433464495), 'x': np.float64(366908.5559593369), 'street_count': np.int64(4), 'lon': np.float64(133.5671711), 'lat': np.float64(33.5018748)}"
441,1442210977,"{'y': np.float64(3707931.208526375), 'x': np.float64(366934.0694915678), 'street_count': np.int64(3), 'lon': np.float64(133.567433), 'lat': np.float64(33.5026486)}"
442,1556711063,"{'y': np.float64(3707893.029722467), 'x': np.float64(366706.502434724), 'street_count': np.int64(4), 'lon': np.float64(133.5649894), 'lat': np.float64(33.502276)}"
443,1442210975,"{'y': np.float64(3707928.2154730004), 'x': np.float64(366612.99002819543), 'street_count': np.int64(4), 'lon': np.float64(133.5639777), 'lat': np.float64(33.5025816)}"
444,9950854058,"{'y': np.float64(3707865.6255573444), 'x': np.float64(366664.78675734927), 'street_count': np.int64(3), 'lon': np.float64(133.5645445), 'lat': np.float64(33.5020237)}"
445,1556711113,"{'y': np.float64(3707994.9335106798), 'x': np.float64(366960.61118968984), 'street_count': np.int64(3), 'lon': np.float64(133.5677092), 'lat': np.float64(33.5032265)}"
446,1556711092,"{'y': np.float64(3707974.8953212686), 'x': np.float64(366735.6472136589), 'street_count': np.int64(3), 'lon': np.float64(133.5652909), 'lat': np.float64(33.5030178)}"
447,1442210986,"{'y': np.float64(3708476.4044122496), 'x': np.float64(367155.70785024535), 'street_count': np.int64(4), 'lon': np.float64(133.5697376), 'lat': np.float64(33.5075921)}"
448,1556711288,"{'y': np.float64(3708507.7540217014), 'x': np.float64(367109.2595844815), 'street_count': np.int64(3), 'lon': np.float64(133.569233), 'lat': np.float64(33.507869)}"
449,1556711336,"{'y': np.float64(3708587.366072563), 'x': np.float64(367201.4044574585), 'street_count': np.int64(3), 'lon': np.float64(133.570213), 'lat': np.float64(33.5085983)}"
450,1556711178,"{'y': np.float64(3708145.9112388925), 'x': np.float64(367023.7922863947), 'street_count': np.int64(3), 'lon': np.float64(133.5683668), 'lat': np.float64(33.5045957)}"
451,1556711436,"{'y': np.float64(3709053.91225485), 'x': np.float64(367838.1636304861), 'street_count': np.int64(4), 'lon': np.float64(133.576998), 'lat': np.float64(33.512884)}"
452,1556711457,"{'y': np.float64(3709213.313207687), 'x': np.float64(367645.9218731888), 'street_count': np.int64(3), 'lon': np.float64(133.5749051), 'lat': np.float64(33.5142975)}"
453,1556711460,"{'y': np.float64(3709255.3672780464), 'x': np.float64(367611.2538328278), 'street_count': np.int64(4), 'lon': np.float64(133.5745257), 'lat': np.float64(33.5146724)}"
454,1442211012,"{'y': np.float64(3709281.0428607776), 'x': np.float64(367636.178212481), 'street_count': np.int64(4), 'lon': np.float64(133.5747902), 'lat': np.float64(33.514907)}"
455,3233784729,"{'y': np.float64(3709236.656306836), 'x': np.float64(367667.07040649327), 'street_count': np.int64(3), 'lon': np.float64(133.5751293), 'lat': np.float64(33.5145106)}"
456,1556711482,"{'y': np.float64(3709320.967255851), 'x': np.float64(367689.53912188765), 'street_count': np.int64(4), 'lon': np.float64(133.5753587), 'lat': np.float64(33.5152736)}"
457,3233784727,"{'y': np.float64(3709387.5566791333), 'x': np.float64(367531.9429291191), 'street_count': np.int64(3), 'lon': np.float64(133.5736524), 'lat': np.float64(33.5158545)}"
458,1442211069,"{'y': np.float64(3709375.534643234), 'x': np.float64(367844.48867842567), 'street_count': np.int64(3), 'lon': np.float64(133.5770186), 'lat': np.float64(33.5157848)}"
459,1556711507,"{'y': np.float64(3709389.454826063), 'x': np.float64(367871.0438128278), 'street_count': np.int64(3), 'lon': np.float64(133.5773024), 'lat': np.float64(33.5159136)}"
460,1556711497,"{'y': np.float64(3709358.9780754657), 'x': np.float64(367819.3279161287), 'street_count': np.int64(3), 'lon': np.float64(133.5767502), 'lat': np.float64(33.5156324)}"
461,1556711462,"{'y': np.float64(3709266.3450742834), 'x': np.float64(367908.74442955654), 'street_count': np.int64(3), 'lon': np.float64(133.5777264), 'lat': np.float64(33.5148082)}"
462,1442211074,"{'y': np.float64(3709390.162862731), 'x': np.float64(368387.3283363682), 'street_count': np.int64(4), 'lon': np.float64(133.5828599), 'lat': np.float64(33.5159837)}"
463,4211508729,"{'y': np.float64(3709284.5333509455), 'x': np.float64(368192.9922943587), 'street_count': np.int64(3), 'lon': np.float64(133.5807835), 'lat': np.float64(33.5150073)}"
464,1556711576,"{'y': np.float64(3709506.8856168017), 'x': np.float64(368319.37178497284), 'street_count': np.int64(4), 'lon': np.float64(133.5821112), 'lat': np.float64(33.5170278)}"
465,1442211081,"{'y': np.float64(3709439.871638781), 'x': np.float64(367847.5913802666), 'street_count': np.int64(3), 'lon': np.float64(133.5770425), 'lat': np.float64(33.5163653)}"
466,1556711534,"{'y': np.float64(3709437.266757643), 'x': np.float64(367842.6414176965), 'street_count': np.int64(3), 'lon': np.float64(133.5769896), 'lat': np.float64(33.5163412)}"
467,1556711556,"{'y': np.float64(3709481.0426876526), 'x': np.float64(367935.487825232), 'street_count': np.int64(4), 'lon': np.float64(133.5779826), 'lat': np.float64(33.5167474)}"
468,1556711627,"{'y': np.float64(3709548.0323732374), 'x': np.float64(368801.3077428161), 'street_count': np.int64(4), 'lon': np.float64(133.5872931), 'lat': np.float64(33.5174581)}"
469,1556711539,"{'y': np.float64(3709446.068089046), 'x': np.float64(367957.82380281005), 'street_count': np.int64(3), 'lon': np.float64(133.5782282), 'lat': np.float64(33.5164348)}"
470,1442211096,"{'y': np.float64(3709555.3193974453), 'x': np.float64(368067.9065622012), 'street_count': np.int64(4), 'lon': np.float64(133.5793971), 'lat': np.float64(33.5174335)}"
471,1442211102,"{'y': np.float64(3709617.824909813), 'x': np.float64(368242.9308733028), 'street_count': np.int64(3), 'lon': np.float64(133.581272), 'lat': np.float64(33.5180187)}"
472,1556711592,"{'y': np.float64(3709520.1742740264), 'x': np.float64(367995.0223362822), 'street_count': np.int64(3), 'lon': np.float64(133.5786177), 'lat': np.float64(33.5171076)}"
473,1556711837,"{'y': np.float64(3709696.41986323), 'x': np.float64(367996.8148003557), 'street_count': np.int64(3), 'lon': np.float64(133.578611), 'lat': np.float64(33.518697)}"
474,1556711718,"{'y': np.float64(3709627.841776044), 'x': np.float64(368286.5611104565), 'street_count': np.int64(3), 'lon': np.float64(133.5817402), 'lat': np.float64(33.5181144)}"
475,1442211119,"{'y': np.float64(3709720.9872097876), 'x': np.float64(369300.5397411876), 'street_count': np.int64(3), 'lon': np.float64(133.592642), 'lat': np.float64(33.5190788)}"
476,1442211113,"{'y': np.float64(3709697.5273458315), 'x': np.float64(368593.18093439925), 'street_count': np.int64(3), 'lon': np.float64(133.5850307), 'lat': np.float64(33.5187805)}"
477,1556711705,"{'y': np.float64(3709611.120022784), 'x': np.float64(368629.1508721417), 'street_count': np.int64(3), 'lon': np.float64(133.5854306), 'lat': np.float64(33.5180058)}"
478,1556711769,"{'y': np.float64(3709661.848612629), 'x': np.float64(368450.2411505121), 'street_count': np.int64(3), 'lon': np.float64(133.5834972), 'lat': np.float64(33.5184412)}"
479,1556711873,"{'y': np.float64(3709735.836145744), 'x': np.float64(368718.2455547919), 'street_count': np.int64(3), 'lon': np.float64(133.5863714), 'lat': np.float64(33.5191413)}"
480,1556711818,"{'y': np.float64(3709673.1154537005), 'x': np.float64(369159.639509619), 'street_count': np.int64(4), 'lon': np.float64(133.5911322), 'lat': np.float64(33.5186299)}"
481,1442211121,"{'y': np.float64(3709762.4072866547), 'x': np.float64(368798.93223646085), 'street_count': np.int64(3), 'lon': np.float64(133.5872361), 'lat': np.float64(33.5193908)}"
482,10918311933,"{'y': np.float64(3709801.349527629), 'x': np.float64(368910.23700047337), 'street_count': np.int64(3), 'lon': np.float64(133.5884286), 'lat': np.float64(33.5197556)}"
483,10918311930,"{'y': np.float64(3709746.8694018805), 'x': np.float64(368751.73526905116), 'street_count': np.int64(3), 'lon': np.float64(133.5867303), 'lat': np.float64(33.5192449)}"
484,10918311934,"{'y': np.float64(3709806.9905473264), 'x': np.float64(368789.96219890413), 'street_count': np.int64(1), 'lon': np.float64(133.587133), 'lat': np.float64(33.5197917)}"
485,1442211124,"{'y': np.float64(3709822.497361373), 'x': np.float64(368970.663269284), 'street_count': np.int64(3), 'lon': np.float64(133.589076), 'lat': np.float64(33.5199537)}"
486,1442211125,"{'y': np.float64(3709831.7100746133), 'x': np.float64(369001.0807280938), 'street_count': np.int64(3), 'lon': np.float64(133.5894021), 'lat': np.float64(33.5200405)}"
487,9434052628,"{'y': np.float64(3709839.218618381), 'x': np.float64(369004.31329737336), 'street_count': np.int64(3), 'lon': np.float64(133.5894358), 'lat': np.float64(33.5201086)}"
488,1556516419,"{'y': np.float64(3710108.5188768716), 'x': np.float64(370129.2504906564), 'street_count': np.int64(3), 'lon': np.float64(133.6015069), 'lat': np.float64(33.5226742)}"
489,1556516468,"{'y': np.float64(3710255.869624699), 'x': np.float64(370435.17407384), 'street_count': np.int64(3), 'lon': np.float64(133.604779), 'lat': np.float64(33.52404)}"
490,1556516494,"{'y': np.float64(3710301.0155359358), 'x': np.float64(370665.583353454), 'street_count': np.int64(3), 'lon': np.float64(133.607253), 'lat': np.float64(33.524475)}"
491,1556516552,"{'y': np.float64(3710362.6943131457), 'x': np.float64(370518.211633628), 'street_count': np.int64(3), 'lon': np.float64(133.6056575), 'lat': np.float64(33.5250133)}"
492,9434052643,"{'y': np.float64(3710345.206243698), 'x': np.float64(370840.2549239134), 'street_count': np.int64(3), 'lon': np.float64(133.6091271), 'lat': np.float64(33.5248946)}"
493,1556516554,"{'y': np.float64(3710363.849749507), 'x': np.float64(372083.38076765416), 'street_count': np.int64(3), 'lon': np.float64(133.6225078), 'lat': np.float64(33.5252123)}"
494,1556516525,"{'y': np.float64(3710348.5898709134), 'x': np.float64(370326.78743231314), 'street_count': np.int64(1), 'lon': np.float64(133.6035987), 'lat': np.float64(33.5248629)}"
495,1556516565,"{'y': np.float64(3710379.8090741974), 'x': np.float64(372156.0060211523), 'street_count': np.int64(3), 'lon': np.float64(133.6232874), 'lat': np.float64(33.5253649)}"
496,1556516622,"{'y': np.float64(3710568.061913022), 'x': np.float64(372102.74695758073), 'street_count': np.int64(3), 'lon': np.float64(133.6226871), 'lat': np.float64(33.527056)}"
497,1556516578,"{'y': np.float64(3710445.231525338), 'x': np.float64(372518.1670391505), 'street_count': np.int64(3), 'lon': np.float64(133.6271771), 'lat': np.float64(33.5259981)}"
498,1556516573,"{'y': np.float64(3710446.4297769307), 'x': np.float64(372967.1758929882), 'street_count': np.int64(1), 'lon': np.float64(133.632011), 'lat': np.float64(33.5260624)}"
499,1556516601,"{'y': np.float64(3710528.523581831), 'x': np.float64(372950.8430674694), 'street_count': np.int64(4), 'lon': np.float64(133.6318235), 'lat': np.float64(33.5268007)}"
500,1556516595,"{'y': np.float64(3710500.218378778), 'x': np.float64(372814.12581387034), 'street_count': np.int64(3), 'lon': np.float64(133.6303556), 'lat': np.float64(33.5265292)}"
501,1556516741,"{'y': np.float64(3710664.0529352734), 'x': np.float64(372458.56300696766), 'street_count': np.int64(4), 'lon': np.float64(133.6265042), 'lat': np.float64(33.5279641)}"
502,1556516599,"{'y': np.float64(3710555.8101303303), 'x': np.float64(370346.6402301552), 'street_count': np.int64(3), 'lon': np.float64(133.6037824), 'lat': np.float64(33.5267338)}"
503,1556516674,"{'y': np.float64(3710610.152401127), 'x': np.float64(371998.15305636846), 'street_count': np.int64(3), 'lon': np.float64(133.621555), 'lat': np.float64(33.527423)}"
504,1556516737,"{'y': np.float64(3710670.6158282706), 'x': np.float64(371703.961726493), 'street_count': np.int64(3), 'lon': np.float64(133.618379), 'lat': np.float64(33.5279329)}"
505,1556516801,"{'y': np.float64(3710734.5516330358), 'x': np.float64(372443.5953254949), 'street_count': np.int64(3), 'lon': np.float64(133.626333), 'lat': np.float64(33.528598)}"
506,1556516912,"{'y': np.float64(3710848.295615954), 'x': np.float64(371628.7732013206), 'street_count': np.int64(1), 'lon': np.float64(133.617544), 'lat': np.float64(33.529526)}"
507,1556516893,"{'y': np.float64(3710841.872448091), 'x': np.float64(371919.5999498223), 'street_count': np.int64(3), 'lon': np.float64(133.6206761), 'lat': np.float64(33.529503)}"
508,1556516917,"{'y': np.float64(3710852.85338443), 'x': np.float64(372404.0162336975), 'street_count': np.int64(3), 'lon': np.float64(133.62589), 'lat': np.float64(33.52966)}"
509,1556516854,"{'y': np.float64(3710809.891325694), 'x': np.float64(370388.40249715996), 'street_count': np.int64(3), 'lon': np.float64(133.6041952), 'lat': np.float64(33.5290299)}"
510,1556517155,"{'y': np.float64(3711144.040828842), 'x': np.float64(372193.8006799956), 'street_count': np.int64(3), 'lon': np.float64(133.6235851), 'lat': np.float64(33.5322605)}"
511,1556517163,"{'y': np.float64(3711136.699807556), 'x': np.float64(372270.6432459514), 'street_count': np.int64(3), 'lon': np.float64(133.6244135), 'lat': np.float64(33.5322035)}"
512,1556516991,"{'y': np.float64(3710917.224824539), 'x': np.float64(372359.34872805886), 'street_count': np.int64(3), 'lon': np.float64(133.6253999), 'lat': np.float64(33.5302351)}"
513,1556516974,"{'y': np.float64(3710933.1170118917), 'x': np.float64(372639.10856546205), 'street_count': np.int64(3), 'lon': np.float64(133.6284097), 'lat': np.float64(33.5304118)}"
514,1556517141,"{'y': np.float64(3711114.628419104), 'x': np.float64(372651.7629693391), 'street_count': np.int64(4), 'lon': np.float64(133.6285201), 'lat': np.float64(33.53205)}"
515,1556517152,"{'y': np.float64(3711144.2456335207), 'x': np.float64(372327.1665634367), 'street_count': np.int64(3), 'lon': np.float64(133.625021), 'lat': np.float64(33.5322783)}"
516,1924071034,"{'y': np.float64(3711059.111284523), 'x': np.float64(370597.8751237211), 'highway': 'crossing', 'street_count': np.int64(4), 'lon': np.float64(133.6064144), 'lat': np.float64(33.5313025)}"
517,1556517065,"{'y': np.float64(3711092.3766682777), 'x': np.float64(370597.44909245544), 'street_count': np.int64(4), 'lon': np.float64(133.606405), 'lat': np.float64(33.5316024)}"
518,1556517086,"{'y': np.float64(3711099.94793662), 'x': np.float64(370517.6747963791), 'street_count': np.int64(3), 'lon': np.float64(133.605545), 'lat': np.float64(33.531661)}"
519,1556517150,"{'y': np.float64(3711146.6038416205), 'x': np.float64(370565.57742196554), 'street_count': np.int64(4), 'lon': np.float64(133.606054), 'lat': np.float64(33.5320875)}"
520,1924071082,"{'y': np.float64(3711199.3615807616), 'x': np.float64(370780.1569954114), 'street_count': np.int64(3), 'lon': np.float64(133.6083567), 'lat': np.float64(33.5325892)}"
521,1556517388,"{'y': np.float64(3711244.425376609), 'x': np.float64(372661.9870986764), 'street_count': np.int64(3), 'lon': np.float64(133.6286117), 'lat': np.float64(33.5332216)}"
522,6665331256,"{'y': np.float64(3711173.836061556), 'x': np.float64(370592.38596017426), 'street_count': np.int64(3), 'lon': np.float64(133.6063387), 'lat': np.float64(33.5323363)}"
523,1556517713,"{'y': np.float64(3711365.6266761324), 'x': np.float64(372197.6613402525), 'street_count': np.int64(3), 'lon': np.float64(133.623595), 'lat': np.float64(33.534259)}"
524,6665331260,"{'y': np.float64(3711175.8500557016), 'x': np.float64(370695.9073615404), 'street_count': np.int64(3), 'lon': np.float64(133.607453), 'lat': np.float64(33.532367)}"
525,1556517297,"{'y': np.float64(3711239.487627558), 'x': np.float64(370768.47279205965), 'street_count': np.int64(3), 'lon': np.float64(133.6082251), 'lat': np.float64(33.5329496)}"
526,1924071170,"{'y': np.float64(3711260.317376213), 'x': np.float64(370842.692085312), 'street_count': np.int64(3), 'lon': np.float64(133.6090212), 'lat': np.float64(33.5331464)}"
527,5981296277,"{'y': np.float64(3711324.799026645), 'x': np.float64(372669.28200511733), 'street_count': np.int64(4), 'lon': np.float64(133.6286788), 'lat': np.float64(33.5339472)}"
528,1556517396,"{'y': np.float64(3711245.3244883893), 'x': np.float64(372664.4416427897), 'street_count': np.int64(1), 'lon': np.float64(133.628638), 'lat': np.float64(33.53323)}"
529,1556517406,"{'y': np.float64(3711271.2825886593), 'x': np.float64(370881.7826227298), 'street_count': np.int64(3), 'lon': np.float64(133.6094405), 'lat': np.float64(33.53325)}"
530,1556517680,"{'y': np.float64(3711374.259594334), 'x': np.float64(370852.532938075), 'street_count': np.int64(3), 'lon': np.float64(133.6091107), 'lat': np.float64(33.534175)}"
531,12107673149,"{'y': np.float64(3711348.017464747), 'x': np.float64(371094.3842778895), 'street_count': np.int64(3), 'lon': np.float64(133.6117185), 'lat': np.float64(33.5339676)}"
532,1556517862,"{'y': np.float64(3711414.736237976), 'x': np.float64(372061.3779847228), 'street_count': np.int64(3), 'lon': np.float64(133.6221206), 'lat': np.float64(33.5346855)}"
533,1556517679,"{'y': np.float64(3711358.3581322124), 'x': np.float64(370733.3820022447), 'street_count': np.int64(3), 'lon': np.float64(133.6078301), 'lat': np.float64(33.5340172)}"
534,1556517697,"{'y': np.float64(3711379.536556158), 'x': np.float64(370808.04168343276), 'street_count': np.int64(3), 'lon': np.float64(133.6086309), 'lat': np.float64(33.5342172)}"
535,1924071201,"{'y': np.float64(3711396.9685245045), 'x': np.float64(370722.2537027055), 'street_count': np.int64(3), 'lon': np.float64(133.6077047), 'lat': np.float64(33.534364)}"
536,1556517740,"{'y': np.float64(3711390.506977085), 'x': np.float64(370848.38569066074), 'street_count': np.int64(3), 'lon': np.float64(133.6090637), 'lat': np.float64(33.534321)}"
537,1556517709,"{'y': np.float64(3711378.2001194563), 'x': np.float64(371199.9984267567), 'street_count': np.int64(3), 'lon': np.float64(133.6128513), 'lat': np.float64(33.5342525)}"
538,1556517743,"{'y': np.float64(3711388.5524186143), 'x': np.float64(371097.6853849436), 'street_count': np.int64(3), 'lon': np.float64(133.6117482), 'lat': np.float64(33.5343335)}"
539,1556517955,"{'y': np.float64(3711445.151463237), 'x': np.float64(372188.6864443602), 'street_count': np.int64(3), 'lon': np.float64(133.623487), 'lat': np.float64(33.534975)}"
540,6665331240,"{'y': np.float64(3711430.107493464), 'x': np.float64(371101.00013112015), 'street_count': np.int64(3), 'lon': np.float64(133.6117779), 'lat': np.float64(33.5347086)}"
541,1556518503,"{'y': np.float64(3711615.139011701), 'x': np.float64(372650.85078604624), 'street_count': np.int64(3), 'lon': np.float64(133.628439), 'lat': np.float64(33.536563)}"
542,1556518303,"{'y': np.float64(3711548.5666319947), 'x': np.float64(372688.4477398604), 'street_count': np.int64(3), 'lon': np.float64(133.6288533), 'lat': np.float64(33.5359672)}"
543,5981296279,"{'y': np.float64(3711531.56083629), 'x': np.float64(372687.1176662657), 'street_count': np.int64(3), 'lon': np.float64(133.6288414), 'lat': np.float64(33.5358137)}"
544,1556711035,"{'y': np.float64(3707771.959317219), 'x': np.float64(366677.38176845247), 'street_count': np.int64(3), 'lon': np.float64(133.564694), 'lat': np.float64(33.5011807)}"
545,1556711054,"{'y': np.float64(3707856.5506800204), 'x': np.float64(366697.87747217796), 'street_count': np.int64(4), 'lon': np.float64(133.564902), 'lat': np.float64(33.501946)}"
546,5379614974,"{'y': np.float64(3707940.258105307), 'x': np.float64(366722.9504751708), 'street_count': np.int64(3), 'lon': np.float64(133.5651594), 'lat': np.float64(33.5027039)}"
547,9950854060,"{'y': np.float64(3708050.0645517446), 'x': np.float64(366783.89431200543), 'street_count': np.int64(3), 'lon': np.float64(133.565799), 'lat': np.float64(33.5037016)}"
548,1556711151,"{'y': np.float64(3708091.557358737), 'x': np.float64(366813.3256617192), 'street_count': np.int64(4), 'lon': np.float64(133.5661096), 'lat': np.float64(33.5040794)}"
549,1556711127,"{'y': np.float64(3707925.287835472), 'x': np.float64(367165.5422312652), 'street_count': np.int64(1), 'lon': np.float64(133.5699252), 'lat': np.float64(33.502624)}"
550,5521726708,"{'y': np.float64(3708028.8442742787), 'x': np.float64(367181.2310261581), 'street_count': np.int64(3), 'lon': np.float64(133.5700787), 'lat': np.float64(33.5035597)}"
551,1556711196,"{'y': np.float64(3708228.1149753244), 'x': np.float64(366913.5751530583), 'street_count': np.int64(4), 'lon': np.float64(133.5671683), 'lat': np.float64(33.5053232)}"
552,5521726728,"{'y': np.float64(3708220.9195536305), 'x': np.float64(367225.4264372358), 'street_count': np.int64(1), 'lon': np.float64(133.5705259), 'lat': np.float64(33.5052971)}"
553,6290704310,"{'y': np.float64(3708133.9751508734), 'x': np.float64(367188.0962485024), 'street_count': np.int64(3), 'lon': np.float64(133.570137), 'lat': np.float64(33.5045085)}"
554,1556711254,"{'y': np.float64(3708373.2130295164), 'x': np.float64(367330.0939136662), 'street_count': np.int64(3), 'lon': np.float64(133.5716299), 'lat': np.float64(33.5066833)}"
555,9950854065,"{'y': np.float64(3708229.7817013063), 'x': np.float64(367497.7613114681), 'street_count': np.int64(1), 'lon': np.float64(133.5734558), 'lat': np.float64(33.5054108)}"
556,1556711303,"{'y': np.float64(3708526.2326894808), 'x': np.float64(367080.15612642246), 'street_count': np.int64(3), 'lon': np.float64(133.568917), 'lat': np.float64(33.508032)}"
557,6286519496,"{'y': np.float64(3708520.971458565), 'x': np.float64(367442.0260432632), 'street_count': np.int64(4), 'lon': np.float64(133.5728128), 'lat': np.float64(33.5080295)}"
558,1556711347,"{'y': np.float64(3708664.9197666217), 'x': np.float64(367245.7758687974), 'street_count': np.int64(3), 'lon': np.float64(133.5706791), 'lat': np.float64(33.5093031)}"
559,1556711370,"{'y': np.float64(3708722.4556243047), 'x': np.float64(366908.9460807587), 'street_count': np.int64(3), 'lon': np.float64(133.567045), 'lat': np.float64(33.50978)}"
560,1556711369,"{'y': np.float64(3708720.168930553), 'x': np.float64(367007.1048130123), 'street_count': np.int64(3), 'lon': np.float64(133.5681019), 'lat': np.float64(33.5097716)}"
561,6286519690,"{'y': np.float64(3708670.25215836), 'x': np.float64(367249.147428672), 'street_count': np.int64(3), 'lon': np.float64(133.5707146), 'lat': np.float64(33.5093516)}"
562,1556711352,"{'y': np.float64(3708715.09715077), 'x': np.float64(368844.3143945701), 'street_count': np.int64(1), 'lon': np.float64(133.5878781), 'lat': np.float64(33.5099529)}"
563,5297704833,"{'y': np.float64(3709146.652574863), 'x': np.float64(369124.1929959537), 'street_count': np.int64(3), 'lon': np.float64(133.5908276), 'lat': np.float64(33.5138785)}"
564,1556711390,"{'y': np.float64(3708780.652687129), 'x': np.float64(367053.1556082999), 'street_count': np.int64(3), 'lon': np.float64(133.5685886), 'lat': np.float64(33.5103227)}"
565,1556711388,"{'y': np.float64(3708785.1675570807), 'x': np.float64(366910.86196651775), 'street_count': np.int64(3), 'lon': np.float64(133.5670563), 'lat': np.float64(33.5103457)}"
566,1556711372,"{'y': np.float64(3708743.430401538), 'x': np.float64(367497.8736339955), 'street_count': np.int64(1), 'lon': np.float64(133.573381), 'lat': np.float64(33.5100423)}"
567,6286519514,"{'y': np.float64(3708877.595537349), 'x': np.float64(367652.4681410895), 'street_count': np.int64(4), 'lon': np.float64(133.5750252), 'lat': np.float64(33.5112712)}"
568,1556711410,"{'y': np.float64(3708844.8287974647), 'x': np.float64(367010.04218411807), 'street_count': np.int64(3), 'lon': np.float64(133.568115), 'lat': np.float64(33.510896)}"
569,1556711391,"{'y': np.float64(3708780.9859191906), 'x': np.float64(367007.3030656437), 'street_count': np.int64(3), 'lon': np.float64(133.568095), 'lat': np.float64(33.51032)}"
570,1556711408,"{'y': np.float64(3708849.145139995), 'x': np.float64(366915.0900312563), 'street_count': np.int64(3), 'lon': np.float64(133.5670923), 'lat': np.float64(33.5109231)}"
571,1556711407,"{'y': np.float64(3708850.098098202), 'x': np.float64(366846.10423508385), 'street_count': np.int64(1), 'lon': np.float64(133.5663496), 'lat': np.float64(33.5109231)}"
572,5379614965,"{'y': np.float64(3708849.445332026), 'x': np.float64(366893.3549085967), 'street_count': np.int64(3), 'lon': np.float64(133.5668583), 'lat': np.float64(33.5109231)}"
573,1556711445,"{'y': np.float64(3709167.535000321), 'x': np.float64(367777.3866228993), 'street_count': np.int64(3), 'lon': np.float64(133.576327), 'lat': np.float64(33.513901)}"
574,1556711466,"{'y': np.float64(3709278.216373412), 'x': np.float64(367714.39690151985), 'street_count': np.int64(3), 'lon': np.float64(133.5756326), 'lat': np.float64(33.5148912)}"
575,1556711472,"{'y': np.float64(3709283.776231023), 'x': np.float64(368191.58846805536), 'street_count': np.int64(3), 'lon': np.float64(133.5807685), 'lat': np.float64(33.5150003)}"
576,1556711473,"{'y': np.float64(3709288.970820276), 'x': np.float64(367947.4772392144), 'street_count': np.int64(3), 'lon': np.float64(133.57814), 'lat': np.float64(33.515017)}"
577,1556711454,"{'y': np.float64(3709180.6940772603), 'x': np.float64(368460.8391616536), 'street_count': np.int64(1), 'lon': np.float64(133.583682), 'lat': np.float64(33.514104)}"
578,8485484685,"{'y': np.float64(3709274.043145605), 'x': np.float64(368694.87829533557), 'street_count': np.int64(3), 'lon': np.float64(133.5861876), 'lat': np.float64(33.5149745)}"
579,1556711456,"{'y': np.float64(3709158.0123725426), 'x': np.float64(368863.7385655005), 'street_count': np.int64(3), 'lon': np.float64(133.5880223), 'lat': np.float64(33.513949)}"
580,5520509982,"{'y': np.float64(3709235.6728900033), 'x': np.float64(368838.83978825423), 'street_count': np.int64(3), 'lon': np.float64(133.5877429), 'lat': np.float64(33.5146462)}"
581,8485484682,"{'y': np.float64(3709205.418934956), 'x': np.float64(369065.49919405364), 'street_count': np.int64(3), 'lon': np.float64(133.5901872), 'lat': np.float64(33.5144012)}"
582,1556711469,"{'y': np.float64(3709281.0184965185), 'x': np.float64(367717.90047711064), 'street_count': np.int64(3), 'lon': np.float64(133.5756699), 'lat': np.float64(33.5149169)}"
583,1556711505,"{'y': np.float64(3709388.484697748), 'x': np.float64(367776.84209697647), 'street_count': np.int64(3), 'lon': np.float64(133.5762885), 'lat': np.float64(33.5158932)}"
584,1556711519,"{'y': np.float64(3709410.6124879974), 'x': np.float64(367904.40525511943), 'street_count': np.int64(3), 'lon': np.float64(133.5776584), 'lat': np.float64(33.5161085)}"
585,1556711486,"{'y': np.float64(3709320.7253070096), 'x': np.float64(368811.89616250154), 'street_count': np.int64(3), 'lon': np.float64(133.5874404), 'lat': np.float64(33.5154098)}"
586,1556711525,"{'y': np.float64(3709412.697307533), 'x': np.float64(369040.96728642384), 'street_count': np.int64(3), 'lon': np.float64(133.5898928), 'lat': np.float64(33.5162672)}"
587,1556711516,"{'y': np.float64(3709399.9730384736), 'x': np.float64(367789.0577936889), 'street_count': np.int64(3), 'lon': np.float64(133.5764183), 'lat': np.float64(33.5159983)}"
588,5297704846,"{'y': np.float64(3709217.6578421905), 'x': np.float64(369101.7656988017), 'street_count': np.int64(3), 'lon': np.float64(133.5905758), 'lat': np.float64(33.514516)}"
589,1556711612,"{'y': np.float64(3709553.9513046117), 'x': np.float64(367759.18680102285), 'street_count': np.int64(3), 'lon': np.float64(133.576074), 'lat': np.float64(33.517383)}"
590,1556711585,"{'y': np.float64(3709505.1884869486), 'x': np.float64(369050.9008940776), 'street_count': np.int64(3), 'lon': np.float64(133.5899862), 'lat': np.float64(33.5171024)}"
591,1556711715,"{'y': np.float64(3709631.376936323), 'x': np.float64(367855.0951564999), 'street_count': np.int64(3), 'lon': np.float64(133.577095), 'lat': np.float64(33.518093)}"
592,1556711596,"{'y': np.float64(3709518.788607484), 'x': np.float64(368356.4790493434), 'street_count': np.int64(3), 'lon': np.float64(133.5825089), 'lat': np.float64(33.5171397)}"
593,1556711726,"{'y': np.float64(3709620.592275755), 'x': np.float64(369011.06649644196), 'street_count': np.int64(4), 'lon': np.float64(133.5895405), 'lat': np.float64(33.5181381)}"
594,1556711782,"{'y': np.float64(3709670.3243664703), 'x': np.float64(367934.4967117467), 'street_count': np.int64(3), 'lon': np.float64(133.577944), 'lat': np.float64(33.518454)}"
595,1556711643,"{'y': np.float64(3709578.73184138), 'x': np.float64(367731.3796471529), 'street_count': np.int64(3), 'lon': np.float64(133.575771), 'lat': np.float64(33.517603)}"
596,1556711708,"{'y': np.float64(3709625.8901248765), 'x': np.float64(367850.8396295236), 'street_count': np.int64(3), 'lon': np.float64(133.57705), 'lat': np.float64(33.518043)}"
597,1556711699,"{'y': np.float64(3709623.041520486), 'x': np.float64(367569.65399856534), 'street_count': np.int64(3), 'lon': np.float64(133.5740235), 'lat': np.float64(33.5179825)}"
598,1556711815,"{'y': np.float64(3709674.1808803845), 'x': np.float64(368755.99348041805), 'street_count': np.int64(3), 'lon': np.float64(133.5867868), 'lat': np.float64(33.51859)}"
599,1556711648,"{'y': np.float64(3709588.6631738995), 'x': np.float64(367694.6365696873), 'street_count': np.int64(3), 'lon': np.float64(133.575374), 'lat': np.float64(33.517688)}"
600,1556711740,"{'y': np.float64(3709649.5309847295), 'x': np.float64(367768.6734715551), 'street_count': np.int64(3), 'lon': np.float64(133.576162), 'lat': np.float64(33.518246)}"
601,1556711952,"{'y': np.float64(3709792.6892682), 'x': np.float64(367665.0187249825), 'street_count': np.int64(3), 'lon': np.float64(133.575025), 'lat': np.float64(33.519524)}"
602,1556711689,"{'y': np.float64(3709605.3226525187), 'x': np.float64(368614.30157765443), 'street_count': np.int64(3), 'lon': np.float64(133.5852716), 'lat': np.float64(33.5179517)}"
603,5524184457,"{'y': np.float64(3709602.628601987), 'x': np.float64(368606.91687200277), 'street_count': np.int64(3), 'lon': np.float64(133.5851925), 'lat': np.float64(33.5179265)}"
604,5505912852,"{'y': np.float64(3709585.4744077036), 'x': np.float64(368622.9952456778), 'street_count': np.int64(3), 'lon': np.float64(133.5853681), 'lat': np.float64(33.5177738)}"
605,5524184443,"{'y': np.float64(3709630.8963076244), 'x': np.float64(368678.6080934793), 'street_count': np.int64(3), 'lon': np.float64(133.5859601), 'lat': np.float64(33.5181902)}"
606,1556711795,"{'y': np.float64(3709674.6597653683), 'x': np.float64(367893.3110584847), 'street_count': np.int64(3), 'lon': np.float64(133.5775), 'lat': np.float64(33.518488)}"
607,1556711879,"{'y': np.float64(3709760.957981776), 'x': np.float64(367795.1912499004), 'street_count': np.int64(4), 'lon': np.float64(133.576431), 'lat': np.float64(33.519254)}"
608,1556711743,"{'y': np.float64(3709644.6420671446), 'x': np.float64(368214.50035033823), 'street_count': np.int64(1), 'lon': np.float64(133.580962), 'lat': np.float64(33.518257)}"
609,1556711853,"{'y': np.float64(3709715.8399656247), 'x': np.float64(368012.12970470847), 'street_count': np.int64(3), 'lon': np.float64(133.578773), 'lat': np.float64(33.518874)}"
610,5505912874,"{'y': np.float64(3709677.8000719096), 'x': np.float64(367953.8561770191), 'street_count': np.int64(3), 'lon': np.float64(133.5781513), 'lat': np.float64(33.5185238)}"
611,1556711869,"{'y': np.float64(3709742.546580086), 'x': np.float64(367868.0459499748), 'street_count': np.int64(3), 'lon': np.float64(133.577218), 'lat': np.float64(33.519097)}"
612,1556711796,"{'y': np.float64(3709670.760939325), 'x': np.float64(368746.52744887234), 'street_count': np.int64(3), 'lon': np.float64(133.5866854), 'lat': np.float64(33.518558)}"
613,1556711997,"{'y': np.float64(3709820.72854212), 'x': np.float64(368005.9495327123), 'street_count': np.int64(1), 'lon': np.float64(133.578691), 'lat': np.float64(33.519819)}"
614,1556711923,"{'y': np.float64(3709778.5651805215), 'x': np.float64(367873.91849329276), 'street_count': np.int64(3), 'lon': np.float64(133.5772759), 'lat': np.float64(33.5194225)}"
615,1556711966,"{'y': np.float64(3709798.651898553), 'x': np.float64(367805.86176137987), 'street_count': np.int64(3), 'lon': np.float64(133.5765403), 'lat': np.float64(33.5195952)}"
616,5966862535,"{'y': np.float64(3709770.9394493783), 'x': np.float64(367755.58839487133), 'street_count': np.int64(3), 'lon': np.float64(133.5760032), 'lat': np.float64(33.5193391)}"
617,3233784723,"{'y': np.float64(3709813.5227201823), 'x': np.float64(367890.84929548006), 'street_count': np.int64(3), 'lon': np.float64(133.577453), 'lat': np.float64(33.5197398)}"
618,1556712001,"{'y': np.float64(3709831.094182436), 'x': np.float64(367813.72908715624), 'street_count': np.int64(3), 'lon': np.float64(133.5766202), 'lat': np.float64(33.5198887)}"
619,3233784720,"{'y': np.float64(3709859.410255574), 'x': np.float64(367832.14808589336), 'street_count': np.int64(3), 'lon': np.float64(133.5768143), 'lat': np.float64(33.5201463)}"
620,1556712198,"{'y': np.float64(3710029.3912813948), 'x': np.float64(369801.3510207186), 'street_count': np.int64(3), 'lon': np.float64(133.5979884), 'lat': np.float64(33.5219208)}"
621,1556712035,"{'y': np.float64(3709889.957658758), 'x': np.float64(367851.21996722394), 'street_count': np.int64(3), 'lon': np.float64(133.5770151), 'lat': np.float64(33.5204241)}"
622,5505912868,"{'y': np.float64(3709912.978786079), 'x': np.float64(367863.5281384908), 'street_count': np.int64(1), 'lon': np.float64(133.5771442), 'lat': np.float64(33.5206332)}"
623,3233784721,"{'y': np.float64(3709847.015625745), 'x': np.float64(367896.510594006), 'street_count': np.int64(3), 'lon': np.float64(133.577509), 'lat': np.float64(33.5200425)}"
624,1556712165,"{'y': np.float64(3710022.022414006), 'x': np.float64(367448.3885760966), 'street_count': np.int64(1), 'lon': np.float64(133.572659), 'lat': np.float64(33.521565)}"
625,5355914582,"{'y': np.float64(3710015.538924577), 'x': np.float64(369920.42520231276), 'street_count': np.int64(4), 'lon': np.float64(133.5992723), 'lat': np.float64(33.5218104)}"
626,5555349926,"{'y': np.float64(3710062.2030201997), 'x': np.float64(367479.0102517691), 'street_count': np.int64(3), 'lon': np.float64(133.5729827), 'lat': np.float64(33.5219311)}"
627,1556712200,"{'y': np.float64(3710141.7757894136), 'x': np.float64(367337.26783995546), 'street_count': np.int64(3), 'lon': np.float64(133.571445), 'lat': np.float64(33.522631)}"
628,1556712242,"{'y': np.float64(3710169.63678814), 'x': np.float64(367311.3637156259), 'street_count': np.int64(3), 'lon': np.float64(133.571162), 'lat': np.float64(33.522879)}"
629,6637767632,"{'y': np.float64(3710149.924910486), 'x': np.float64(367168.44079098286), 'street_count': np.int64(1), 'lon': np.float64(133.5696263), 'lat': np.float64(33.5226835)}"
630,1556712373,"{'y': np.float64(3710263.9050088394), 'x': np.float64(367367.7454757064), 'street_count': np.int64(3), 'lon': np.float64(133.571755), 'lat': np.float64(33.523736)}"
631,1556712288,"{'y': np.float64(3710212.9393038373), 'x': np.float64(367251.3962664384), 'street_count': np.int64(3), 'lon': np.float64(133.57051), 'lat': np.float64(33.523262)}"
632,1556712243,"{'y': np.float64(3710170.5113106105), 'x': np.float64(367649.2438475541), 'street_count': np.int64(3), 'lon': np.float64(133.5747993), 'lat': np.float64(33.5229288)}"
633,1556712498,"{'y': np.float64(3710301.181755788), 'x': np.float64(367990.02607752), 'street_count': np.int64(4), 'lon': np.float64(133.5784487), 'lat': np.float64(33.5241492)}"
634,6637767608,"{'y': np.float64(3710158.3649374214), 'x': np.float64(367613.9088614867), 'street_count': np.int64(3), 'lon': np.float64(133.5744207), 'lat': np.float64(33.5228149)}"
635,1556712411,"{'y': np.float64(3710275.7466237983), 'x': np.float64(367224.67385780194), 'street_count': np.int64(3), 'lon': np.float64(133.570213), 'lat': np.float64(33.523825)}"
636,5555349924,"{'y': np.float64(3710240.953703605), 'x': np.float64(367421.2958707515), 'street_count': np.int64(4), 'lon': np.float64(133.5723349), 'lat': np.float64(33.5235357)}"
637,1556712599,"{'y': np.float64(3710345.959093148), 'x': np.float64(367384.93573185045), 'street_count': np.int64(4), 'lon': np.float64(133.5719279), 'lat': np.float64(33.524478)}"
638,1556712313,"{'y': np.float64(3710248.724596419), 'x': np.float64(366763.2823401524), 'street_count': np.int64(1), 'lon': np.float64(133.5652499), 'lat': np.float64(33.5235239)}"
639,1556712318,"{'y': np.float64(3710241.0071180165), 'x': np.float64(366953.32964156615), 'street_count': np.int64(3), 'lon': np.float64(133.567297), 'lat': np.float64(33.523478)}"
640,1556713193,"{'y': np.float64(3710585.6170205404), 'x': np.float64(366966.3846090762), 'street_count': np.int64(3), 'lon': np.float64(133.5673863), 'lat': np.float64(33.5265869)}"
641,4211509243,"{'y': np.float64(3709989.443467057), 'x': np.float64(366943.6683378148), 'street_count': np.int64(3), 'lon': np.float64(133.5672304), 'lat': np.float64(33.5212085)}"
642,4903576244,"{'y': np.float64(3710229.2871033326), 'x': np.float64(367563.9524814863), 'street_count': np.int64(3), 'lon': np.float64(133.5738724), 'lat': np.float64(33.5234482)}"
643,1556712603,"{'y': np.float64(3710349.3705970296), 'x': np.float64(367535.96300894866), 'street_count': np.int64(3), 'lon': np.float64(133.5735533), 'lat': np.float64(33.5245275)}"
644,1556712570,"{'y': np.float64(3710331.587889307), 'x': np.float64(367349.3567016813), 'street_count': np.int64(4), 'lon': np.float64(133.571547), 'lat': np.float64(33.524344)}"
645,1556712403,"{'y': np.float64(3710270.280180635), 'x': np.float64(367451.6654787143), 'street_count': np.int64(3), 'lon': np.float64(133.5726575), 'lat': np.float64(33.5238039)}"
646,4903576243,"{'y': np.float64(3710293.3678278346), 'x': np.float64(367444.5985479573), 'street_count': np.int64(3), 'lon': np.float64(133.572578), 'lat': np.float64(33.5240112)}"
647,1556712577,"{'y': np.float64(3710340.5866227215), 'x': np.float64(367519.0573173625), 'street_count': np.int64(3), 'lon': np.float64(133.5733726), 'lat': np.float64(33.5244462)}"
648,1556712753,"{'y': np.float64(3710403.7931300197), 'x': np.float64(367324.7141448511), 'street_count': np.int64(3), 'lon': np.float64(133.571271), 'lat': np.float64(33.524992)}"
649,1556712472,"{'y': np.float64(3710289.5039157234), 'x': np.float64(367909.91698832565), 'street_count': np.int64(1), 'lon': np.float64(133.577588), 'lat': np.float64(33.524034)}"
650,1556712522,"{'y': np.float64(3710307.289462981), 'x': np.float64(367902.88774654985), 'street_count': np.int64(3), 'lon': np.float64(133.5775097), 'lat': np.float64(33.5241935)}"
651,6075494724,"{'y': np.float64(3710336.8115537143), 'x': np.float64(368101.19031534716), 'street_count': np.int64(3), 'lon': np.float64(133.5796402), 'lat': np.float64(33.5244842)}"
652,6075494725,"{'y': np.float64(3710282.3285803865), 'x': np.float64(368020.7459764435), 'street_count': np.int64(3), 'lon': np.float64(133.5787822), 'lat': np.float64(33.523983)}"
653,4903633593,"{'y': np.float64(3710332.1832990004), 'x': np.float64(367965.46410926606), 'street_count': np.int64(4), 'lon': np.float64(133.5781797), 'lat': np.float64(33.5244257)}"
654,6075494717,"{'y': np.float64(3710337.585632259), 'x': np.float64(367891.76656360494), 'street_count': np.int64(3), 'lon': np.float64(133.5773855), 'lat': np.float64(33.5244653)}"
655,6637767604,"{'y': np.float64(3710367.2817118554), 'x': np.float64(367497.25215873343), 'street_count': np.int64(1), 'lon': np.float64(133.5731339), 'lat': np.float64(33.5246842)}"
656,5555349923,"{'y': np.float64(3710347.541506499), 'x': np.float64(367388.4129586419), 'street_count': np.int64(4), 'lon': np.float64(133.5719651), 'lat': np.float64(33.5244927)}"
657,1556712800,"{'y': np.float64(3710424.1572314673), 'x': np.float64(367372.0700148514), 'street_count': np.int64(3), 'lon': np.float64(133.5717778), 'lat': np.float64(33.5251815)}"
658,6075494667,"{'y': np.float64(3710405.0930989245), 'x': np.float64(367606.62719726074), 'street_count': np.int64(3), 'lon': np.float64(133.5743058), 'lat': np.float64(33.5250387)}"
659,1556712643,"{'y': np.float64(3710363.13988378), 'x': np.float64(367422.67116921034), 'street_count': np.int64(3), 'lon': np.float64(133.5723316), 'lat': np.float64(33.5246376)}"
660,4903576239,"{'y': np.float64(3710330.3365625064), 'x': np.float64(367432.9946850055), 'street_count': np.int64(3), 'lon': np.float64(133.5724476), 'lat': np.float64(33.5243431)}"
661,1556712746,"{'y': np.float64(3710402.807566077), 'x': np.float64(367459.12752765825), 'street_count': np.int64(3), 'lon': np.float64(133.5727182), 'lat': np.float64(33.5249998)}"
662,4903596957,"{'y': np.float64(3710374.4082930344), 'x': np.float64(367827.7147227499), 'street_count': np.int64(3), 'lon': np.float64(133.5766905), 'lat': np.float64(33.5247894)}"
663,4903596959,"{'y': np.float64(3710401.3322927817), 'x': np.float64(367775.4449059465), 'street_count': np.int64(3), 'lon': np.float64(133.5761238), 'lat': np.float64(33.5250257)}"
664,6637767593,"{'y': np.float64(3710415.1668936126), 'x': np.float64(367457.1797718919), 'street_count': np.int64(3), 'lon': np.float64(133.5726954), 'lat': np.float64(33.525111)}"
665,6637767594,"{'y': np.float64(3710430.6537485807), 'x': np.float64(367514.0727201308), 'street_count': np.int64(3), 'lon': np.float64(133.5733056), 'lat': np.float64(33.5252577)}"
666,1556713003,"{'y': np.float64(3710496.828583603), 'x': np.float64(367761.9312349445), 'street_count': np.int64(3), 'lon': np.float64(133.5759642), 'lat': np.float64(33.5258851)}"
667,3233784689,"{'y': np.float64(3710504.095971203), 'x': np.float64(367360.0552057488), 'street_count': np.int64(3), 'lon': np.float64(133.5716366), 'lat': np.float64(33.5259008)}"
668,1556712806,"{'y': np.float64(3710427.6708502807), 'x': np.float64(367921.0169212937), 'street_count': np.int64(3), 'lon': np.float64(133.5776871), 'lat': np.float64(33.5252812)}"
669,4903628065,"{'y': np.float64(3710477.4001118033), 'x': np.float64(367927.48571174196), 'street_count': np.int64(3), 'lon': np.float64(133.5777494), 'lat': np.float64(33.5257304)}"
670,1556712822,"{'y': np.float64(3710429.058393377), 'x': np.float64(367930.6311824285), 'street_count': np.int64(3), 'lon': np.float64(133.5777904), 'lat': np.float64(33.5252949)}"
671,6075494711,"{'y': np.float64(3710399.270166123), 'x': np.float64(367891.77664233546), 'street_count': np.int64(1), 'lon': np.float64(133.5773765), 'lat': np.float64(33.5250215)}"
672,1556712813,"{'y': np.float64(3710439.8214252875), 'x': np.float64(367599.8593713403), 'street_count': np.int64(3), 'lon': np.float64(133.5742278), 'lat': np.float64(33.525351)}"
673,1556712922,"{'y': np.float64(3710470.1221124576), 'x': np.float64(367646.5335512436), 'street_count': np.int64(3), 'lon': np.float64(133.5747258), 'lat': np.float64(33.52563)}"
674,6637767599,"{'y': np.float64(3710420.61901135), 'x': np.float64(367601.02586739836), 'street_count': np.int64(3), 'lon': np.float64(133.5742432), 'lat': np.float64(33.525178)}"
675,6637767596,"{'y': np.float64(3710448.959911857), 'x': np.float64(367586.14482369076), 'street_count': np.int64(3), 'lon': np.float64(133.5740788), 'lat': np.float64(33.5254317)}"
676,6075494712,"{'y': np.float64(3710411.5691799335), 'x': np.float64(367937.07924587594), 'street_count': np.int64(3), 'lon': np.float64(133.5778624), 'lat': np.float64(33.525138)}"
677,4903633589,"{'y': np.float64(3710430.1469884906), 'x': np.float64(368048.6404833733), 'street_count': np.int64(3), 'lon': np.float64(133.5790607), 'lat': np.float64(33.5253193)}"
678,1556712823,"{'y': np.float64(3710410.221505776), 'x': np.float64(368827.7912095429), 'street_count': np.int64(3), 'lon': np.float64(133.5874518), 'lat': np.float64(33.5252356)}"
679,4211509392,"{'y': np.float64(3710411.5631866567), 'x': np.float64(368822.92364049074), 'street_count': np.int64(4), 'lon': np.float64(133.5873992), 'lat': np.float64(33.5252471)}"
680,5453780762,"{'y': np.float64(3710431.8312479425), 'x': np.float64(368814.3383090263), 'street_count': np.int64(3), 'lon': np.float64(133.5873038), 'lat': np.float64(33.5254288)}"
681,1556712861,"{'y': np.float64(3710456.468531858), 'x': np.float64(367450.66085882066), 'street_count': np.int64(3), 'lon': np.float64(133.5726191), 'lat': np.float64(33.5254826)}"
682,1556712979,"{'y': np.float64(3710487.559466583), 'x': np.float64(367542.22921134304), 'street_count': np.int64(3), 'lon': np.float64(133.5736003), 'lat': np.float64(33.5257743)}"
683,1556713000,"{'y': np.float64(3710497.2198485094), 'x': np.float64(367519.6048457023), 'street_count': np.int64(3), 'lon': np.float64(133.5733553), 'lat': np.float64(33.5258586)}"
684,1556712919,"{'y': np.float64(3710472.2813675483), 'x': np.float64(367670.992450961), 'street_count': np.int64(3), 'lon': np.float64(133.5749888), 'lat': np.float64(33.5256525)}"
685,4903596966,"{'y': np.float64(3710438.9104966708), 'x': np.float64(367666.94851300644), 'street_count': np.int64(4), 'lon': np.float64(133.5749502), 'lat': np.float64(33.5253511)}"
686,1556713008,"{'y': np.float64(3710509.5700973906), 'x': np.float64(367675.6289371145), 'street_count': np.int64(3), 'lon': np.float64(133.5750332), 'lat': np.float64(33.5259893)}"
687,4903596972,"{'y': np.float64(3710434.211511083), 'x': np.float64(367700.6112739039), 'street_count': np.int64(3), 'lon': np.float64(133.5753133), 'lat': np.float64(33.5253129)}"
688,1556712981,"{'y': np.float64(3710491.7491979846), 'x': np.float64(367606.1278311039), 'street_count': np.int64(3), 'lon': np.float64(133.5742876), 'lat': np.float64(33.52582)}"
689,1556713399,"{'y': np.float64(3710681.8480717), 'x': np.float64(367565.91185120784), 'street_count': np.int64(3), 'lon': np.float64(133.5738265), 'lat': np.float64(33.5275291)}"
690,1556712944,"{'y': np.float64(3710470.4877776704), 'x': np.float64(367557.00494590425), 'street_count': np.int64(3), 'lon': np.float64(133.5737619), 'lat': np.float64(33.5256222)}"
691,1556712950,"{'y': np.float64(3710481.872219711), 'x': np.float64(367563.8493433024), 'street_count': np.int64(3), 'lon': np.float64(133.5738339), 'lat': np.float64(33.5257257)}"
692,1556713030,"{'y': np.float64(3710510.5271715187), 'x': np.float64(367574.52590088866), 'street_count': np.int64(3), 'lon': np.float64(133.5739446), 'lat': np.float64(33.5259854)}"
693,1556712956,"{'y': np.float64(3710467.218361507), 'x': np.float64(368809.60938867496), 'street_count': np.int64(4), 'lon': np.float64(133.5872477), 'lat': np.float64(33.5257473)}"
694,5453780787,"{'y': np.float64(3710471.650057108), 'x': np.float64(368790.39587644034), 'street_count': np.int64(1), 'lon': np.float64(133.5870402), 'lat': np.float64(33.5257849)}"
695,5463521552,"{'y': np.float64(3710486.6515032584), 'x': np.float64(368813.4687810814), 'street_count': np.int64(3), 'lon': np.float64(133.5872864), 'lat': np.float64(33.525923)}"
696,5453780733,"{'y': np.float64(3710438.2879513907), 'x': np.float64(368916.8149768061), 'street_count': np.int64(4), 'lon': np.float64(133.5884061), 'lat': np.float64(33.5254996)}"
697,1556712958,"{'y': np.float64(3710517.906595307), 'x': np.float64(367908.5629355727), 'street_count': np.int64(3), 'lon': np.float64(133.5775397), 'lat': np.float64(33.5260933)}"
698,1556713078,"{'y': np.float64(3710529.315438563), 'x': np.float64(367831.1873583401), 'street_count': np.int64(3), 'lon': np.float64(133.576705), 'lat': np.float64(33.5261866)}"
699,6075494700,"{'y': np.float64(3710541.719938225), 'x': np.float64(367911.6296730215), 'street_count': np.int64(3), 'lon': np.float64(133.5775692), 'lat': np.float64(33.5263084)}"
700,1556713241,"{'y': np.float64(3710597.3178012166), 'x': np.float64(367572.31034998165), 'street_count': np.int64(3), 'lon': np.float64(133.5739079), 'lat': np.float64(33.5267677)}"
701,6075494674,"{'y': np.float64(3710519.9547217265), 'x': np.float64(367514.79952944315), 'street_count': np.int64(3), 'lon': np.float64(133.5733002), 'lat': np.float64(33.526063)}"
702,6637767587,"{'y': np.float64(3710500.2649836494), 'x': np.float64(367738.6267575433), 'street_count': np.int64(3), 'lon': np.float64(133.5757128), 'lat': np.float64(33.5259132)}"
703,1556713115,"{'y': np.float64(3710564.6472261455), 'x': np.float64(367770.7484088444), 'street_count': np.int64(3), 'lon': np.float64(133.5760491), 'lat': np.float64(33.5264977)}"
704,1556713188,"{'y': np.float64(3710574.891772469), 'x': np.float64(367684.56102891837), 'street_count': np.int64(4), 'lon': np.float64(133.5751197), 'lat': np.float64(33.5265794)}"
705,6075494672,"{'y': np.float64(3710531.9806335536), 'x': np.float64(367583.8680012651), 'street_count': np.int64(3), 'lon': np.float64(133.574042), 'lat': np.float64(33.52618)}"
706,6075494701,"{'y': np.float64(3710512.4012009804), 'x': np.float64(367828.86530126777), 'street_count': np.int64(3), 'lon': np.float64(133.5766825), 'lat': np.float64(33.5260338)}"
707,6075494699,"{'y': np.float64(3710551.919501827), 'x': np.float64(367834.28413454205), 'street_count': np.int64(3), 'lon': np.float64(133.576735), 'lat': np.float64(33.5263908)}"
708,1556713105,"{'y': np.float64(3710547.6871026848), 'x': np.float64(367912.39886735065), 'street_count': np.int64(3), 'lon': np.float64(133.5775766), 'lat': np.float64(33.5263623)}"
709,4903596978,"{'y': np.float64(3710554.234756323), 'x': np.float64(367868.42360782647), 'street_count': np.int64(3), 'lon': np.float64(133.5771022), 'lat': np.float64(33.5264159)}"
710,6075494698,"{'y': np.float64(3710571.620373077), 'x': np.float64(367914.80774643517), 'street_count': np.int64(3), 'lon': np.float64(133.577599), 'lat': np.float64(33.5265784)}"
711,10611387353,"{'y': np.float64(3710744.3635768085), 'x': np.float64(369370.2667869674), 'street_count': np.int64(1), 'lon': np.float64(133.5932432), 'lat': np.float64(33.528315)}"
712,1556713110,"{'y': np.float64(3710553.389760493), 'x': np.float64(367507.7263971616), 'street_count': np.int64(3), 'lon': np.float64(133.5732191), 'lat': np.float64(33.5263636)}"
713,1556713195,"{'y': np.float64(3710568.6139629586), 'x': np.float64(367578.90068645554), 'street_count': np.int64(3), 'lon': np.float64(133.5739831), 'lat': np.float64(33.5265097)}"
714,6637767589,"{'y': np.float64(3710588.117694345), 'x': np.float64(367500.188101692), 'street_count': np.int64(3), 'lon': np.float64(133.5731328), 'lat': np.float64(33.5266758)}"
715,6637762081,"{'y': np.float64(3710570.220008746), 'x': np.float64(367727.5494259159), 'street_count': np.int64(3), 'lon': np.float64(133.5755832), 'lat': np.float64(33.5265426)}"
716,6637762082,"{'y': np.float64(3710571.154932523), 'x': np.float64(367794.3471457476), 'street_count': np.int64(3), 'lon': np.float64(133.5763022), 'lat': np.float64(33.5265593)}"
717,1556713165,"{'y': np.float64(3710563.896772917), 'x': np.float64(367835.9253817266), 'street_count': np.int64(3), 'lon': np.float64(133.5767509), 'lat': np.float64(33.526499)}"
718,4903596979,"{'y': np.float64(3710558.273477547), 'x': np.float64(367835.15157066955), 'street_count': np.int64(3), 'lon': np.float64(133.5767434), 'lat': np.float64(33.5264482)}"
719,6075494687,"{'y': np.float64(3710604.0550127574), 'x': np.float64(367840.7770611774), 'street_count': np.int64(3), 'lon': np.float64(133.5767972), 'lat': np.float64(33.5268617)}"
720,6075494685,"{'y': np.float64(3710606.1580459108), 'x': np.float64(367688.41805737535), 'street_count': np.int64(3), 'lon': np.float64(133.5751566), 'lat': np.float64(33.5268618)}"
721,6075494682,"{'y': np.float64(3710574.1556401784), 'x': np.float64(367666.2988549001), 'street_count': np.int64(1), 'lon': np.float64(133.5749232), 'lat': np.float64(33.5265705)}"
722,1556713210,"{'y': np.float64(3710580.891485989), 'x': np.float64(367084.53548706044), 'street_count': np.int64(3), 'lon': np.float64(133.568659), 'lat': np.float64(33.526559)}"
723,1556713369,"{'y': np.float64(3710666.5809888067), 'x': np.float64(367086.5912067408), 'street_count': np.int64(4), 'lon': np.float64(133.5686684), 'lat': np.float64(33.5273319)}"
724,1556713383,"{'y': np.float64(3710664.0899346657), 'x': np.float64(367235.832682563), 'street_count': np.int64(3), 'lon': np.float64(133.5702755), 'lat': np.float64(33.527328)}"
725,6637767590,"{'y': np.float64(3710602.823493458), 'x': np.float64(367571.15067650226), 'street_count': np.int64(3), 'lon': np.float64(133.5738946), 'lat': np.float64(33.5268172)}"
726,1556713265,"{'y': np.float64(3710598.1867976286), 'x': np.float64(367700.3279381615), 'street_count': np.int64(1), 'lon': np.float64(133.575286), 'lat': np.float64(33.5267914)}"
727,6637762077,"{'y': np.float64(3710596.860398279), 'x': np.float64(367711.30736878177), 'street_count': np.int64(3), 'lon': np.float64(133.5754044), 'lat': np.float64(33.5267808)}"
728,3233784672,"{'y': np.float64(3710640.9345943187), 'x': np.float64(367377.39587990067), 'street_count': np.int64(4), 'lon': np.float64(133.571803), 'lat': np.float64(33.5271368)}"
729,3233784686,"{'y': np.float64(3710597.6131552444), 'x': np.float64(367338.9112145704), 'street_count': np.int64(3), 'lon': np.float64(133.5713951), 'lat': np.float64(33.5267414)}"
730,1556713349,"{'y': np.float64(3710647.9910646), 'x': np.float64(367694.0642989236), 'street_count': np.int64(3), 'lon': np.float64(133.5752112), 'lat': np.float64(33.5272397)}"
731,6637762075,"{'y': np.float64(3710677.4679280464), 'x': np.float64(367697.3951209298), 'street_count': np.int64(3), 'lon': np.float64(133.5752427), 'lat': np.float64(33.5275059)}"
732,3233784679,"{'y': np.float64(3710698.7482918273), 'x': np.float64(367519.2560658481), 'street_count': np.int64(3), 'lon': np.float64(133.5733217), 'lat': np.float64(33.5276757)}"
733,1556713419,"{'y': np.float64(3710710.7070834734), 'x': np.float64(367778.0574770474), 'street_count': np.int64(3), 'lon': np.float64(133.5761062), 'lat': np.float64(33.5278156)}"
734,6637762073,"{'y': np.float64(3710666.6973805693), 'x': np.float64(367776.66372992366), 'street_count': np.int64(3), 'lon': np.float64(133.5760977), 'lat': np.float64(33.5274186)}"
735,6075494656,"{'y': np.float64(3710779.2151629846), 'x': np.float64(367827.9478026586), 'street_count': np.int64(3), 'lon': np.float64(133.5766332), 'lat': np.float64(33.5284395)}"
736,1556713551,"{'y': np.float64(3710762.402160886), 'x': np.float64(367296.4945600945), 'street_count': np.int64(3), 'lon': np.float64(133.570914), 'lat': np.float64(33.528222)}"
737,1556713646,"{'y': np.float64(3710836.280538187), 'x': np.float64(367327.5139555594), 'street_count': np.int64(3), 'lon': np.float64(133.571237), 'lat': np.float64(33.528892)}"
738,1556713558,"{'y': np.float64(3710767.1377407224), 'x': np.float64(367355.2625942083), 'street_count': np.int64(3), 'lon': np.float64(133.571546), 'lat': np.float64(33.528272)}"
739,1556713648,"{'y': np.float64(3710835.8596656695), 'x': np.float64(367358.06681980984), 'street_count': np.int64(3), 'lon': np.float64(133.571566), 'lat': np.float64(33.528892)}"
740,3233784669,"{'y': np.float64(3710767.203943906), 'x': np.float64(367359.313253956), 'street_count': np.int64(3), 'lon': np.float64(133.5715896), 'lat': np.float64(33.5282731)}"
741,1556713574,"{'y': np.float64(3710754.960082654), 'x': np.float64(369627.67794974236), 'street_count': np.int64(1), 'lon': np.float64(133.596013), 'lat': np.float64(33.528442)}"
742,1556713606,"{'y': np.float64(3710802.1898066425), 'x': np.float64(367073.28554013977), 'street_count': np.int64(3), 'lon': np.float64(133.568505), 'lat': np.float64(33.528553)}"
743,3233784665,"{'y': np.float64(3710798.7755406364), 'x': np.float64(367112.54691005434), 'street_count': np.int64(3), 'lon': np.float64(133.5689282), 'lat': np.float64(33.5285271)}"
744,5555349903,"{'y': np.float64(3710869.2160741044), 'x': np.float64(366931.45830055507), 'street_count': np.int64(4), 'lon': np.float64(133.5669681), 'lat': np.float64(33.5291397)}"
745,3233784663,"{'y': np.float64(3710862.9007327342), 'x': np.float64(366967.13115784), 'street_count': np.int64(3), 'lon': np.float64(133.5673531), 'lat': np.float64(33.5290872)}"
746,3233784667,"{'y': np.float64(3710870.9413570003), 'x': np.float64(367296.689850783), 'street_count': np.int64(3), 'lon': np.float64(133.5709), 'lat': np.float64(33.5292007)}"
747,3233784668,"{'y': np.float64(3710866.8603613917), 'x': np.float64(367359.4597985984), 'street_count': np.int64(3), 'lon': np.float64(133.5715764), 'lat': np.float64(33.5291717)}"
748,10635489667,"{'y': np.float64(3711120.6707895305), 'x': np.float64(368846.3377222655), 'street_count': np.int64(3), 'lon': np.float64(133.5875473), 'lat': np.float64(33.5316439)}"
749,12464144382,"{'y': np.float64(3710762.8308521872), 'x': np.float64(369397.9270636061), 'street_count': np.int64(1), 'lon': np.float64(133.5935383), 'lat': np.float64(33.5284849)}"
750,1556713893,"{'y': np.float64(3711122.569921457), 'x': np.float64(368846.1406776616), 'street_count': np.int64(3), 'lon': np.float64(133.5875449), 'lat': np.float64(33.531661)}"
751,12464144366,"{'y': np.float64(3711250.768565384), 'x': np.float64(369084.52281803126), 'street_count': np.int64(3), 'lon': np.float64(133.5900927), 'lat': np.float64(33.5328462)}"
752,12464144306,"{'y': np.float64(3711344.186073274), 'x': np.float64(368985.59659473517), 'street_count': np.int64(3), 'lon': np.float64(133.5890139), 'lat': np.float64(33.5336764)}"
753,1556713932,"{'y': np.float64(3711190.2661460303), 'x': np.float64(368322.768075376), 'street_count': np.int64(1), 'lon': np.float64(133.5819), 'lat': np.float64(33.532207)}"
754,1556713951,"{'y': np.float64(3711181.1035969113), 'x': np.float64(369590.90870332345), 'street_count': np.int64(1), 'lon': np.float64(133.595555), 'lat': np.float64(33.53228)}"
755,1556713989,"{'y': np.float64(3711237.3024264486), 'x': np.float64(369828.27722324745), 'street_count': np.int64(3), 'lon': np.float64(133.5981025), 'lat': np.float64(33.5328157)}"
756,1556713987,"{'y': np.float64(3711236.5036327587), 'x': np.float64(369816.8145405963), 'street_count': np.int64(3), 'lon': np.float64(133.5979792), 'lat': np.float64(33.5328071)}"
757,10918311956,"{'y': np.float64(3711225.88618801), 'x': np.float64(369742.4890604171), 'street_count': np.int64(1), 'lon': np.float64(133.5971805), 'lat': np.float64(33.5327023)}"
758,10918311935,"{'y': np.float64(3711397.086352966), 'x': np.float64(369734.3471694002), 'street_count': np.int64(1), 'lon': np.float64(133.5970679), 'lat': np.float64(33.534245)}"
759,10918311951,"{'y': np.float64(3711267.976827482), 'x': np.float64(369838.2211865261), 'street_count': np.int64(3), 'lon': np.float64(133.5982051), 'lat': np.float64(33.5330935)}"
760,1609828287,"{'y': np.float64(3710535.743684951), 'x': np.float64(368741.370924948), 'street_count': np.int64(4), 'lon': np.float64(133.586503), 'lat': np.float64(33.5263568)}"
761,1924070836,"{'y': np.float64(3710444.830565678), 'x': np.float64(368801.20474495424), 'street_count': np.int64(3), 'lon': np.float64(133.5871605), 'lat': np.float64(33.5255444)}"
762,1924070833,"{'y': np.float64(3710441.5744227), 'x': np.float64(368795.99590333516), 'highway': 'crossing', 'street_count': np.int64(4), 'lon': np.float64(133.5871049), 'lat': np.float64(33.5255144)}"
763,4211509229,"{'y': np.float64(3709781.0628262614), 'x': np.float64(369029.46742148395), 'street_count': np.int64(4), 'lon': np.float64(133.5897151), 'lat': np.float64(33.5195873)}"
764,4211509209,"{'y': np.float64(3709647.6028167102), 'x': np.float64(369087.3466827549), 'street_count': np.int64(4), 'lon': np.float64(133.5903577), 'lat': np.float64(33.518391)}"
765,1924070665,"{'y': np.float64(3709773.0656017256), 'x': np.float64(369023.0234113547), 'street_count': np.int64(3), 'lon': np.float64(133.5896469), 'lat': np.float64(33.5195144)}"
766,4211509226,"{'y': np.float64(3709778.99857754), 'x': np.float64(369023.0483397032), 'street_count': np.int64(3), 'lon': np.float64(133.5896463), 'lat': np.float64(33.5195679)}"
767,1924070669,"{'y': np.float64(3709784.558266627), 'x': np.float64(369052.97962352185), 'street_count': np.int64(3), 'lon': np.float64(133.5899677), 'lat': np.float64(33.5196217)}"
768,1924070670,"{'y': np.float64(3709786.8353585056), 'x': np.float64(369049.4527885644), 'street_count': np.int64(3), 'lon': np.float64(133.5899294), 'lat': np.float64(33.5196418)}"
769,4211509230,"{'y': np.float64(3709785.061708229), 'x': np.float64(369041.2355488547), 'street_count': np.int64(4), 'lon': np.float64(133.5898412), 'lat': np.float64(33.5196248)}"
770,9434052633,"{'y': np.float64(3709847.3880378967), 'x': np.float64(369038.0605957898), 'street_count': np.int64(3), 'lon': np.float64(133.5897979), 'lat': np.float64(33.5201864)}"
771,4211508703,"{'y': np.float64(3709175.7927468307), 'x': np.float64(369131.9184804544), 'street_count': np.int64(1), 'lon': np.float64(133.5909065), 'lat': np.float64(33.5141422)}"
772,1924070686,"{'y': np.float64(3709823.494355454), 'x': np.float64(369870.7450737335), 'street_count': np.int64(1), 'lon': np.float64(133.5987654), 'lat': np.float64(33.5200727)}"
773,1924070803,"{'y': np.float64(3710382.7675081827), 'x': np.float64(368807.01932666067), 'street_count': np.int64(3), 'lon': np.float64(133.5872322), 'lat': np.float64(33.5249855)}"
774,1924070818,"{'y': np.float64(3710416.626340178), 'x': np.float64(368788.2901337767), 'street_count': np.int64(3), 'lon': np.float64(133.5870256), 'lat': np.float64(33.5252885)}"
775,1924070805,"{'y': np.float64(3710386.152752524), 'x': np.float64(368813.3353082296), 'highway': 'crossing', 'street_count': np.int64(4), 'lon': np.float64(133.5872997), 'lat': np.float64(33.5250168)}"
776,4211509395,"{'y': np.float64(3710419.3566047535), 'x': np.float64(368794.652910642), 'street_count': np.int64(4), 'lon': np.float64(133.5870937), 'lat': np.float64(33.5253139)}"
777,1924070806,"{'y': np.float64(3710393.507727644), 'x': np.float64(368827.02483968425), 'highway': 'crossing', 'street_count': np.int64(4), 'lon': np.float64(133.587446), 'lat': np.float64(33.5250848)}"
778,1924070808,"{'y': np.float64(3710396.3523568506), 'x': np.float64(368832.32097750023), 'street_count': np.int64(3), 'lon': np.float64(133.5875026), 'lat': np.float64(33.5251111)}"
779,4211509397,"{'y': np.float64(3710421.8700098954), 'x': np.float64(368785.18484624446), 'street_count': np.int64(4), 'lon': np.float64(133.5869914), 'lat': np.float64(33.5253354)}"
780,4211509415,"{'y': np.float64(3710448.381322543), 'x': np.float64(368347.55825527594), 'street_count': np.int64(3), 'lon': np.float64(133.5822761), 'lat': np.float64(33.5255206)}"
781,1924070819,"{'y': np.float64(3710414.919771868), 'x': np.float64(368820.7586526034), 'street_count': np.int64(3), 'lon': np.float64(133.5873754), 'lat': np.float64(33.5252771)}"
782,5463521591,"{'y': np.float64(3710330.684399386), 'x': np.float64(369009.3154311835), 'street_count': np.int64(4), 'lon': np.float64(133.5894177), 'lat': np.float64(33.5245407)}"
783,1924070826,"{'y': np.float64(3710432.467890294), 'x': np.float64(368780.62916818645), 'street_count': np.int64(3), 'lon': np.float64(133.5869408), 'lat': np.float64(33.5254304)}"
784,1924070828,"{'y': np.float64(3710435.450107952), 'x': np.float64(368785.5927834475), 'highway': 'crossing', 'street_count': np.int64(4), 'lon': np.float64(133.5869938), 'lat': np.float64(33.5254579)}"
785,5463483279,"{'y': np.float64(3710517.447465948), 'x': np.float64(368725.7025380258), 'street_count': np.int64(3), 'lon': np.float64(133.586337), 'lat': np.float64(33.5261899)}"
786,5463483288,"{'y': np.float64(3710425.458951758), 'x': np.float64(368783.0601937502), 'street_count': np.int64(3), 'lon': np.float64(133.586968), 'lat': np.float64(33.5253675)}"
787,9434052642,"{'y': np.float64(3710451.446169628), 'x': np.float64(370833.9701356841), 'street_count': np.int64(3), 'lon': np.float64(133.6090441), 'lat': np.float64(33.5258518)}"
788,4211509393,"{'y': np.float64(3710414.0949452575), 'x': np.float64(368813.73447267024), 'street_count': np.int64(4), 'lon': np.float64(133.5872999), 'lat': np.float64(33.5252688)}"
789,1924070918,"{'y': np.float64(3710937.56947197), 'x': np.float64(368546.19507097476), 'street_count': np.int64(3), 'lon': np.float64(133.5843427), 'lat': np.float64(33.529956)}"
790,5463483277,"{'y': np.float64(3710559.281599129), 'x': np.float64(368701.19370016886), 'street_count': np.int64(3), 'lon': np.float64(133.586067), 'lat': np.float64(33.5265641)}"
791,5463377305,"{'y': np.float64(3710900.8334932458), 'x': np.float64(368455.57929784106), 'street_count': np.int64(1), 'lon': np.float64(133.5833725), 'lat': np.float64(33.5296136)}"
792,5463377276,"{'y': np.float64(3710930.023079668), 'x': np.float64(368503.5057079856), 'street_count': np.int64(3), 'lon': np.float64(133.5838842), 'lat': np.float64(33.5298827)}"
793,1924070923,"{'y': np.float64(3710952.8414387284), 'x': np.float64(368538.842977872), 'street_count': np.int64(3), 'lon': np.float64(133.5842613), 'lat': np.float64(33.5300928)}"
794,5465981188,"{'y': np.float64(3710938.3038180503), 'x': np.float64(368502.96861015505), 'street_count': np.int64(3), 'lon': np.float64(133.5838772), 'lat': np.float64(33.5299573)}"
795,1924070927,"{'y': np.float64(3710961.937881282), 'x': np.float64(368540.2953656172), 'street_count': np.int64(3), 'lon': np.float64(133.5842756), 'lat': np.float64(33.530175)}"
796,1924071136,"{'y': np.float64(3711243.8395220097), 'x': np.float64(371058.4948669735), 'street_count': np.int64(3), 'lon': np.float64(133.6113471), 'lat': np.float64(33.5330239)}"
797,1924071174,"{'y': np.float64(3711258.56248829), 'x': np.float64(371059.6858149831), 'street_count': np.int64(3), 'lon': np.float64(133.6113578), 'lat': np.float64(33.5331568)}"
798,1924071187,"{'y': np.float64(3711268.891116134), 'x': np.float64(371049.47760698677), 'street_count': np.int64(3), 'lon': np.float64(133.6112464), 'lat': np.float64(33.5332487)}"
799,1924071189,"{'y': np.float64(3711270.442624482), 'x': np.float64(371034.6566075698), 'street_count': np.int64(3), 'lon': np.float64(133.6110866), 'lat': np.float64(33.5332609)}"
800,1924071194,"{'y': np.float64(3711288.100490935), 'x': np.float64(371036.1469566697), 'street_count': np.int64(1), 'lon': np.float64(133.6111001), 'lat': np.float64(33.5334203)}"
801,3233784680,"{'y': np.float64(3710728.1292674365), 'x': np.float64(367464.2639680522), 'street_count': np.int64(3), 'lon': np.float64(133.5727253), 'lat': np.float64(33.5279338)}"
802,3233784688,"{'y': np.float64(3710615.5311145624), 'x': np.float64(367389.13975846), 'street_count': np.int64(3), 'lon': np.float64(133.5719332), 'lat': np.float64(33.5269092)}"
803,3233784685,"{'y': np.float64(3710710.3395171533), 'x': np.float64(367496.5566208548), 'street_count': np.int64(3), 'lon': np.float64(133.5730756), 'lat': np.float64(33.5277774)}"
804,5555349920,"{'y': np.float64(3710599.428323364), 'x': np.float64(367344.00777963846), 'street_count': np.int64(4), 'lon': np.float64(133.5714497), 'lat': np.float64(33.5267584)}"
805,3233784687,"{'y': np.float64(3710637.9547599177), 'x': np.float64(367452.0625231917), 'street_count': np.int64(1), 'lon': np.float64(133.5726073), 'lat': np.float64(33.5271192)}"
806,5555349922,"{'y': np.float64(3710505.036826025), 'x': np.float64(367362.6039686077), 'street_count': np.int64(4), 'lon': np.float64(133.5716639), 'lat': np.float64(33.5259096)}"
807,3233784690,"{'y': np.float64(3710542.5907771983), 'x': np.float64(367463.9770480467), 'street_count': np.int64(1), 'lon': np.float64(133.5727497), 'lat': np.float64(33.5262608)}"
808,5463534252,"{'y': np.float64(3711125.1868940014), 'x': np.float64(368707.00512047205), 'street_count': np.int64(3), 'lon': np.float64(133.5860465), 'lat': np.float64(33.5316675)}"
809,5463547275,"{'y': np.float64(3711124.868468135), 'x': np.float64(368714.90485934773), 'street_count': np.int64(3), 'lon': np.float64(133.5861316), 'lat': np.float64(33.5316656)}"
810,4003018548,"{'y': np.float64(3711113.507604827), 'x': np.float64(368724.98534204316), 'street_count': np.int64(3), 'lon': np.float64(133.5862418), 'lat': np.float64(33.5315644)}"
811,5463547232,"{'y': np.float64(3711083.5540443016), 'x': np.float64(368725.6915494533), 'street_count': np.int64(3), 'lon': np.float64(133.5862538), 'lat': np.float64(33.5312944)}"
812,5463547222,"{'y': np.float64(3711107.3080642167), 'x': np.float64(368743.69974957977), 'street_count': np.int64(3), 'lon': np.float64(133.5864442), 'lat': np.float64(33.5315108)}"
813,4211508739,"{'y': np.float64(3709353.6015413073), 'x': np.float64(367421.2158385995), 'street_count': np.int64(3), 'lon': np.float64(133.5724655), 'lat': np.float64(33.5155346)}"
814,4211508746,"{'y': np.float64(3709406.8759879908), 'x': np.float64(367423.1008309765), 'street_count': np.int64(4), 'lon': np.float64(133.5724779), 'lat': np.float64(33.5160152)}"
815,4211508740,"{'y': np.float64(3709354.8468122305), 'x': np.float64(367393.5866174898), 'street_count': np.int64(3), 'lon': np.float64(133.5721679), 'lat': np.float64(33.5155424)}"
816,4211508744,"{'y': np.float64(3709403.862309613), 'x': np.float64(367505.12474689924), 'street_count': np.int64(3), 'lon': np.float64(133.5733613), 'lat': np.float64(33.5159982)}"
817,4211508741,"{'y': np.float64(3709356.6767944884), 'x': np.float64(367334.7703945079), 'street_count': np.int64(3), 'lon': np.float64(133.5715345), 'lat': np.float64(33.5155516)}"
818,4211508747,"{'y': np.float64(3709410.0497551556), 'x': np.float64(367336.7501194087), 'street_count': np.int64(3), 'lon': np.float64(133.5715479), 'lat': np.float64(33.5160331)}"
819,4211508755,"{'y': np.float64(3709454.370203957), 'x': np.float64(367514.63521315064), 'street_count': np.int64(3), 'lon': np.float64(133.5734562), 'lat': np.float64(33.5164548)}"
820,4211508756,"{'y': np.float64(3709457.86676288), 'x': np.float64(367424.9172373832), 'street_count': np.int64(4), 'lon': np.float64(133.5724899), 'lat': np.float64(33.5164752)}"
821,4211508757,"{'y': np.float64(3709461.238966482), 'x': np.float64(367338.6533230217), 'street_count': np.int64(3), 'lon': np.float64(133.5715608), 'lat': np.float64(33.5164949)}"
822,4211508771,"{'y': np.float64(3709514.4001507247), 'x': np.float64(367426.92138379184), 'street_count': np.int64(3), 'lon': np.float64(133.5725031), 'lat': np.float64(33.5169852)}"
823,4211508772,"{'y': np.float64(3709517.2058267067), 'x': np.float64(367340.72449286014), 'street_count': np.int64(3), 'lon': np.float64(133.5715748), 'lat': np.float64(33.5169998)}"
824,4211508770,"{'y': np.float64(3709513.068083076), 'x': np.float64(367468.121078388), 'street_count': np.int64(3), 'lon': np.float64(133.5729468), 'lat': np.float64(33.5169783)}"
825,4211509197,"{'y': np.float64(3709580.912956619), 'x': np.float64(367286.4867515714), 'street_count': np.int64(3), 'lon': np.float64(133.5709815), 'lat': np.float64(33.5175675)}"
826,4211508773,"{'y': np.float64(3709519.04051324), 'x': np.float64(367284.00877144805), 'street_count': np.int64(3), 'lon': np.float64(133.570964), 'lat': np.float64(33.5170093)}"
827,4211508784,"{'y': np.float64(3709533.892368106), 'x': np.float64(366933.3167383967), 'street_count': np.int64(3), 'lon': np.float64(133.5671867), 'lat': np.float64(33.5170996)}"
828,4211508782,"{'y': np.float64(3709534.379574379), 'x': np.float64(366846.6791182251), 'street_count': np.int64(3), 'lon': np.float64(133.566254), 'lat': np.float64(33.5170932)}"
829,4309913512,"{'y': np.float64(3709673.2764294893), 'x': np.float64(366851.4599497953), 'street_count': np.int64(4), 'lon': np.float64(133.5662848), 'lat': np.float64(33.5183462)}"
830,4211508785,"{'y': np.float64(3709537.6833489966), 'x': np.float64(366757.72084628535), 'street_count': np.int64(3), 'lon': np.float64(133.5652959), 'lat': np.float64(33.5171119)}"
831,4215779899,"{'y': np.float64(3709670.329357496), 'x': np.float64(366931.51325175236), 'street_count': np.int64(4), 'lon': np.float64(133.567147), 'lat': np.float64(33.5183296)}"
832,4310003646,"{'y': np.float64(3709676.5385868414), 'x': np.float64(366763.1062044941), 'street_count': np.int64(4), 'lon': np.float64(133.5653332), 'lat': np.float64(33.5183646)}"
833,4211508786,"{'y': np.float64(3709539.0609495095), 'x': np.float64(366720.6649812628), 'street_count': np.int64(1), 'lon': np.float64(133.5648968), 'lat': np.float64(33.5171197)}"
834,4211509203,"{'y': np.float64(3709657.128536288), 'x': np.float64(367289.53388264717), 'street_count': np.int64(3), 'lon': np.float64(133.571003), 'lat': np.float64(33.5182551)}"
835,4211509220,"{'y': np.float64(3709789.940476458), 'x': np.float64(367294.8469325169), 'street_count': np.int64(3), 'lon': np.float64(133.5710405), 'lat': np.float64(33.5194533)}"
836,4211509208,"{'y': np.float64(3709677.7455564686), 'x': np.float64(366730.36813067767), 'street_count': np.int64(1), 'lon': np.float64(133.5649806), 'lat': np.float64(33.5183714)}"
837,4211509223,"{'y': np.float64(3709798.379682093), 'x': np.float64(367068.8509736996), 'street_count': np.int64(3), 'lon': np.float64(133.5686064), 'lat': np.float64(33.5195013)}"
838,4211509238,"{'y': np.float64(3709917.5759976385), 'x': np.float64(367299.9585877919), 'street_count': np.int64(1), 'lon': np.float64(133.5710766), 'lat': np.float64(33.5206048)}"
839,4215779900,"{'y': np.float64(3709803.3110455684), 'x': np.float64(366936.5827787941), 'street_count': np.int64(4), 'lon': np.float64(133.5671818), 'lat': np.float64(33.5195293)}"
840,4211509239,"{'y': np.float64(3709925.0530670867), 'x': np.float64(366941.2183481089), 'street_count': np.int64(4), 'lon': np.float64(133.5672136), 'lat': np.float64(33.5206276)}"
841,4211509224,"{'y': np.float64(3709806.3203554214), 'x': np.float64(366856.03910773445), 'street_count': np.int64(3), 'lon': np.float64(133.5663143), 'lat': np.float64(33.5195464)}"
842,4211509225,"{'y': np.float64(3709809.6078108824), 'x': np.float64(366768.26287560485), 'street_count': np.int64(3), 'lon': np.float64(133.5653689), 'lat': np.float64(33.5195651)}"
843,4211509240,"{'y': np.float64(3709931.6266285703), 'x': np.float64(366757.69789991673), 'street_count': np.int64(3), 'lon': np.float64(133.565237), 'lat': np.float64(33.520664)}"
844,4211509256,"{'y': np.float64(3710266.845526269), 'x': np.float64(368349.8327617618), 'street_count': np.int64(3), 'lon': np.float64(133.5823273), 'lat': np.float64(33.523884)}"
845,4211509267,"{'y': np.float64(3710286.8877666425), 'x': np.float64(368333.4611357457), 'street_count': np.int64(3), 'lon': np.float64(133.5821481), 'lat': np.float64(33.5240627)}"
846,4211509266,"{'y': np.float64(3710281.848928945), 'x': np.float64(368282.6381092345), 'street_count': np.int64(3), 'lon': np.float64(133.5816017), 'lat': np.float64(33.524011)}"
847,4211509259,"{'y': np.float64(3710269.537963477), 'x': np.float64(368354.8855332902), 'street_count': np.int64(3), 'lon': np.float64(133.5823813), 'lat': np.float64(33.5239089)}"
848,4211509258,"{'y': np.float64(3710268.6720539783), 'x': np.float64(368379.2940472361), 'street_count': np.int64(3), 'lon': np.float64(133.5826442), 'lat': np.float64(33.5239041)}"
849,4211509268,"{'y': np.float64(3710286.504116692), 'x': np.float64(368378.571685399), 'street_count': np.int64(3), 'lon': np.float64(133.5826338), 'lat': np.float64(33.5240648)}"
850,4211509269,"{'y': np.float64(3710296.546679741), 'x': np.float64(368515.3750950736), 'street_count': np.int64(4), 'lon': np.float64(133.5841051), 'lat': np.float64(33.5241722)}"
851,5463483864,"{'y': np.float64(3710433.270313013), 'x': np.float64(368343.1253530247), 'street_count': np.int64(4), 'lon': np.float64(133.5822306), 'lat': np.float64(33.5253838)}"
852,4211509261,"{'y': np.float64(3710272.5168860755), 'x': np.float64(368361.69780657586), 'street_count': np.int64(1), 'lon': np.float64(133.5824542), 'lat': np.float64(33.5239366)}"
853,4211509405,"{'y': np.float64(3710433.810221619), 'x': np.float64(368348.25079472456), 'street_count': np.int64(3), 'lon': np.float64(133.5822857), 'lat': np.float64(33.5253893)}"
854,4211509263,"{'y': np.float64(3710276.344442332), 'x': np.float64(368344.5564946593), 'street_count': np.int64(1), 'lon': np.float64(133.5822691), 'lat': np.float64(33.523969)}"
855,4211509403,"{'y': np.float64(3710432.9260206777), 'x': np.float64(368339.91605253494), 'street_count': np.int64(3), 'lon': np.float64(133.5821961), 'lat': np.float64(33.5253803)}"
856,4211509271,"{'y': np.float64(3710316.597893106), 'x': np.float64(368249.1813370588), 'street_count': np.int64(3), 'lon': np.float64(133.5812364), 'lat': np.float64(33.5243202)}"
857,4211509272,"{'y': np.float64(3710321.318055723), 'x': np.float64(368327.35533227446), 'street_count': np.int64(3), 'lon': np.float64(133.5820773), 'lat': np.float64(33.5243724)}"
858,4211509273,"{'y': np.float64(3710324.6945011006), 'x': np.float64(368375.6752930334), 'street_count': np.int64(3), 'lon': np.float64(133.582597), 'lat': np.float64(33.5244088)}"
859,4211509276,"{'y': np.float64(3710333.267015171), 'x': np.float64(368512.92253857397), 'street_count': np.int64(4), 'lon': np.float64(133.5840733), 'lat': np.float64(33.524503)}"
860,4211509277,"{'y': np.float64(3710334.5228645257), 'x': np.float64(368553.35508954024), 'street_count': np.int64(3), 'lon': np.float64(133.5845084), 'lat': np.float64(33.5245193)}"
861,4211509279,"{'y': np.float64(3710351.608361015), 'x': np.float64(368212.02216756577), 'street_count': np.int64(3), 'lon': np.float64(133.5808312), 'lat': np.float64(33.5246313)}"
862,4211509280,"{'y': np.float64(3710359.4828594993), 'x': np.float64(368324.70960695425), 'street_count': np.int64(3), 'lon': np.float64(133.5820432), 'lat': np.float64(33.5247162)}"
863,4211509281,"{'y': np.float64(3710362.771975712), 'x': np.float64(368372.9260093116), 'street_count': np.int64(3), 'lon': np.float64(133.5825618), 'lat': np.float64(33.5247518)}"
864,4211509282,"{'y': np.float64(3710370.2398484414), 'x': np.float64(368510.6592305603), 'street_count': np.int64(4), 'lon': np.float64(133.5840435), 'lat': np.float64(33.5248361)}"
865,4211509284,"{'y': np.float64(3710373.631448065), 'x': np.float64(368573.3765569558), 'street_count': np.int64(3), 'lon': np.float64(133.5847182), 'lat': np.float64(33.5248744)}"
866,4211509286,"{'y': np.float64(3710388.3185177795), 'x': np.float64(368187.630668896), 'street_count': np.int64(3), 'lon': np.float64(133.5805632), 'lat': np.float64(33.5249593)}"
867,4211509287,"{'y': np.float64(3710397.4478237396), 'x': np.float64(368322.0797567192), 'street_count': np.int64(3), 'lon': np.float64(133.5820093), 'lat': np.float64(33.5250582)}"
868,4211509389,"{'y': np.float64(3710401.494731824), 'x': np.float64(368370.0276668137), 'street_count': np.int64(3), 'lon': np.float64(133.5825249), 'lat': np.float64(33.5251006)}"
869,4211509390,"{'y': np.float64(3710409.7261738833), 'x': np.float64(368508.69034630735), 'street_count': np.int64(4), 'lon': np.float64(133.5840165), 'lat': np.float64(33.5251919)}"
870,4211509391,"{'y': np.float64(3710414.754825389), 'x': np.float64(368574.16062972916), 'street_count': np.int64(3), 'lon': np.float64(133.5847206), 'lat': np.float64(33.5252453)}"
871,4211509401,"{'y': np.float64(3710431.984083208), 'x': np.float64(368205.25441882253), 'street_count': np.int64(3), 'lon': np.float64(133.5807465), 'lat': np.float64(33.5253552)}"
872,4211509408,"{'y': np.float64(3710439.5534187444), 'x': np.float64(368319.16286557936), 'street_count': np.int64(4), 'lon': np.float64(133.5819717), 'lat': np.float64(33.5254375)}"
873,4309998797,"{'y': np.float64(3710442.744731437), 'x': np.float64(368367.2289172826), 'street_count': np.int64(4), 'lon': np.float64(133.5824887), 'lat': np.float64(33.5254722)}"
874,4211509417,"{'y': np.float64(3710451.897526226), 'x': np.float64(368505.0118787842), 'street_count': np.int64(4), 'lon': np.float64(133.5839707), 'lat': np.float64(33.5255717)}"
875,4211509420,"{'y': np.float64(3710456.0559384623), 'x': np.float64(368567.6091029788), 'street_count': np.int64(3), 'lon': np.float64(133.584644), 'lat': np.float64(33.5256169)}"
876,4211509416,"{'y': np.float64(3710454.9006803413), 'x': np.float64(368209.8315031758), 'street_count': np.int64(3), 'lon': np.float64(133.5807924), 'lat': np.float64(33.5255624)}"
877,5463483863,"{'y': np.float64(3710440.714391491), 'x': np.float64(368336.4556684759), 'street_count': np.int64(4), 'lon': np.float64(133.5821577), 'lat': np.float64(33.5254501)}"
878,5463483865,"{'y': np.float64(3710441.6322902595), 'x': np.float64(368350.43837650074), 'street_count': np.int64(4), 'lon': np.float64(133.5823081), 'lat': np.float64(33.5254601)}"
879,4211509422,"{'y': np.float64(3710461.8216545503), 'x': np.float64(368317.62816486286), 'street_count': np.int64(3), 'lon': np.float64(133.5819519), 'lat': np.float64(33.5256381)}"
880,4211509409,"{'y': np.float64(3710441.107780453), 'x': np.float64(368342.56370306254), 'street_count': np.int64(4), 'lon': np.float64(133.5822234), 'lat': np.float64(33.5254544)}"
881,4211509414,"{'y': np.float64(3710447.5962823527), 'x': np.float64(368339.27132435236), 'street_count': np.int64(3), 'lon': np.float64(133.582187), 'lat': np.float64(33.5255125)}"
882,4211509419,"{'y': np.float64(3710459.5253767963), 'x': np.float64(368281.984064196), 'street_count': np.int64(3), 'lon': np.float64(133.5815685), 'lat': np.float64(33.525613)}"
883,4211509428,"{'y': np.float64(3710493.4719311194), 'x': np.float64(368209.09603934793), 'street_count': np.int64(1), 'lon': np.float64(133.5807788), 'lat': np.float64(33.5259101)}"
884,4211509429,"{'y': np.float64(3710494.5565712173), 'x': np.float64(368502.1667991292), 'street_count': np.int64(3), 'lon': np.float64(133.5839338), 'lat': np.float64(33.525956)}"
885,4211509444,"{'y': np.float64(3710542.3219355308), 'x': np.float64(368498.9734907998), 'street_count': np.int64(3), 'lon': np.float64(133.5838924), 'lat': np.float64(33.5263863)}"
886,4211509425,"{'y': np.float64(3710484.5053037605), 'x': np.float64(368364.40002575575), 'street_count': np.int64(3), 'lon': np.float64(133.5824521), 'lat': np.float64(33.5258484)}"
887,4211509439,"{'y': np.float64(3710529.4117045226), 'x': np.float64(368395.9354834864), 'street_count': np.int64(3), 'lon': np.float64(133.582785), 'lat': np.float64(33.5262572)}"
888,4211509433,"{'y': np.float64(3710516.1469868813), 'x': np.float64(368500.72461350716), 'street_count': np.int64(3), 'lon': np.float64(133.5839151), 'lat': np.float64(33.5261505)}"
889,4903576249,"{'y': np.float64(3710207.560522587), 'x': np.float64(367536.56720319734), 'street_count': np.int64(3), 'lon': np.float64(133.5735808), 'lat': np.float64(33.5232489)}"
890,4903576245,"{'y': np.float64(3710292.7722747372), 'x': np.float64(367533.83773936576), 'street_count': np.int64(1), 'lon': np.float64(133.5735388), 'lat': np.float64(33.5240169)}"
891,4903576246,"{'y': np.float64(3710176.606589277), 'x': np.float64(367502.7476659289), 'street_count': np.int64(4), 'lon': np.float64(133.5732213), 'lat': np.float64(33.5229656)}"
892,4903576251,"{'y': np.float64(3710104.7670507375), 'x': np.float64(367522.6133832756), 'street_count': np.int64(3), 'lon': np.float64(133.5734458), 'lat': np.float64(33.5223203)}"
893,4903576248,"{'y': np.float64(3710234.511273349), 'x': np.float64(367460.70368757425), 'street_count': np.int64(1), 'lon': np.float64(133.5727601), 'lat': np.float64(33.5234825)}"
894,4903576250,"{'y': np.float64(3710261.2588517377), 'x': np.float64(367507.636959092), 'street_count': np.int64(1), 'lon': np.float64(133.5732614), 'lat': np.float64(33.5237295)}"
895,4903596963,"{'y': np.float64(3710404.5146693136), 'x': np.float64(367662.4353224137), 'street_count': np.int64(4), 'lon': np.float64(133.5749067), 'lat': np.float64(33.5250404)}"
896,4903596961,"{'y': np.float64(3710412.5837323936), 'x': np.float64(367866.34095159837), 'street_count': np.int64(1), 'lon': np.float64(133.5771007), 'lat': np.float64(33.5251384)}"
897,6075494664,"{'y': np.float64(3710401.7448028345), 'x': np.float64(367742.97712758125), 'street_count': np.int64(3), 'lon': np.float64(133.5757742), 'lat': np.float64(33.5250254)}"
898,4903596975,"{'y': np.float64(3710657.722872365), 'x': np.float64(367842.2844645443), 'street_count': np.int64(3), 'lon': np.float64(133.5768055), 'lat': np.float64(33.5273458)}"
899,4903596976,"{'y': np.float64(3710655.623268715), 'x': np.float64(367918.5327355511), 'street_count': np.int64(3), 'lon': np.float64(133.5776267), 'lat': np.float64(33.5273363)}"
900,4903596977,"{'y': np.float64(3710656.937498187), 'x': np.float64(367876.0837919229), 'street_count': np.int64(3), 'lon': np.float64(133.5771695), 'lat': np.float64(33.5273429)}"
901,6075494692,"{'y': np.float64(3710633.991281071), 'x': np.float64(367918.1431769562), 'street_count': np.int64(3), 'lon': np.float64(133.5776257), 'lat': np.float64(33.5271412)}"
902,6075494691,"{'y': np.float64(3710638.856434988), 'x': np.float64(367874.7396941447), 'street_count': np.int64(3), 'lon': np.float64(133.5771577), 'lat': np.float64(33.5271797)}"
903,6075494697,"{'y': np.float64(3710577.578297407), 'x': np.float64(367870.1650172316), 'street_count': np.int64(3), 'lon': np.float64(133.5771175), 'lat': np.float64(33.5266266)}"
904,4903628073,"{'y': np.float64(3710623.408893336), 'x': np.float64(367923.1531725791), 'street_count': np.int64(1), 'lon': np.float64(133.5776812), 'lat': np.float64(33.5270464)}"
905,4903633588,"{'y': np.float64(3710373.2470939723), 'x': np.float64(367951.1835884905), 'street_count': np.int64(3), 'lon': np.float64(133.5780199), 'lat': np.float64(33.5247942)}"
906,6075494716,"{'y': np.float64(3710360.8889398826), 'x': np.float64(367955.4820581545), 'street_count': np.int64(3), 'lon': np.float64(133.578068), 'lat': np.float64(33.5246833)}"
907,6075494714,"{'y': np.float64(3710379.3996608215), 'x': np.float64(367948.94575148996), 'street_count': np.int64(3), 'lon': np.float64(133.5779949), 'lat': np.float64(33.5248494)}"
908,4903633590,"{'y': np.float64(3710395.7295700847), 'x': np.float64(367942.9276063129), 'street_count': np.int64(3), 'lon': np.float64(133.5779277), 'lat': np.float64(33.5249959)}"
909,4903633591,"{'y': np.float64(3710382.431553037), 'x': np.float64(368037.64841080137), 'street_count': np.int64(1), 'lon': np.float64(133.5789494), 'lat': np.float64(33.5248877)}"
910,5297704841,"{'y': np.float64(3709044.0816752915), 'x': np.float64(368827.0718876877), 'street_count': np.int64(1), 'lon': np.float64(133.5876443), 'lat': np.float64(33.5129172)}"
911,5417537082,"{'y': np.float64(3708426.586627945), 'x': np.float64(366564.8018942946), 'street_count': np.int64(1), 'lon': np.float64(133.5633848), 'lat': np.float64(33.5070693)}"
912,5463521616,"{'y': np.float64(3710348.24857922), 'x': np.float64(369075.5971076257), 'street_count': np.int64(3), 'lon': np.float64(133.5901287), 'lat': np.float64(33.5247072)}"
913,5453780510,"{'y': np.float64(3710342.679344466), 'x': np.float64(369071.6572952686), 'street_count': np.int64(3), 'lon': np.float64(133.5900871), 'lat': np.float64(33.5246565)}"
914,5453780734,"{'y': np.float64(3710384.076802342), 'x': np.float64(369013.9428146178), 'street_count': np.int64(3), 'lon': np.float64(133.5894597), 'lat': np.float64(33.5250227)}"
915,5453780722,"{'y': np.float64(3710466.9991874155), 'x': np.float64(368925.0824813574), 'street_count': np.int64(3), 'lon': np.float64(133.5884909), 'lat': np.float64(33.5257595)}"
916,5453780727,"{'y': np.float64(3710372.697144849), 'x': np.float64(369088.24624943745), 'street_count': np.int64(3), 'lon': np.float64(133.5902613), 'lat': np.float64(33.5249292)}"
917,5453780732,"{'y': np.float64(3710422.9956963006), 'x': np.float64(369040.6382261999), 'street_count': np.int64(1), 'lon': np.float64(133.5897414), 'lat': np.float64(33.5253769)}"
918,5453780764,"{'y': np.float64(3710427.8430433837), 'x': np.float64(368910.951012791), 'street_count': np.int64(3), 'lon': np.float64(133.5883445), 'lat': np.float64(33.5254047)}"
919,5453780781,"{'y': np.float64(3710376.2845072746), 'x': np.float64(369010.3721588639), 'street_count': np.int64(3), 'lon': np.float64(133.5894224), 'lat': np.float64(33.524952)}"
920,5453780740,"{'y': np.float64(3710380.5919011547), 'x': np.float64(368940.7562496048), 'street_count': np.int64(3), 'lon': np.float64(133.5886723), 'lat': np.float64(33.5249823)}"
921,5453780765,"{'y': np.float64(3710395.5611804486), 'x': np.float64(368916.5028413554), 'street_count': np.int64(3), 'lon': np.float64(133.588409), 'lat': np.float64(33.5251143)}"
922,5453780756,"{'y': np.float64(3710362.4486468784), 'x': np.float64(368997.78356484836), 'street_count': np.int64(3), 'lon': np.float64(133.5892889), 'lat': np.float64(33.5248257)}"
923,5453780776,"{'y': np.float64(3710401.3470619055), 'x': np.float64(368936.3014458001), 'street_count': np.int64(4), 'lon': np.float64(133.5886213), 'lat': np.float64(33.5251689)}"
924,5453780744,"{'y': np.float64(3710407.397454848), 'x': np.float64(368915.4749811008), 'street_count': np.int64(3), 'lon': np.float64(133.5883962), 'lat': np.float64(33.5252209)}"
925,5453780757,"{'y': np.float64(3710411.553930245), 'x': np.float64(368897.7251749832), 'street_count': np.int64(3), 'lon': np.float64(133.5882045), 'lat': np.float64(33.5252562)}"
926,5453780770,"{'y': np.float64(3710423.2286531115), 'x': np.float64(368929.75346784753), 'street_count': np.int64(4), 'lon': np.float64(133.5885476), 'lat': np.float64(33.5253654)}"
927,5453780777,"{'y': np.float64(3710405.8880027304), 'x': np.float64(368957.94081999286), 'street_count': np.int64(4), 'lon': np.float64(133.5888536), 'lat': np.float64(33.5252125)}"
928,5453780786,"{'y': np.float64(3710411.8471565624), 'x': np.float64(368891.66366618307), 'street_count': np.int64(3), 'lon': np.float64(133.5881392), 'lat': np.float64(33.5252581)}"
929,5453780758,"{'y': np.float64(3710420.5868816506), 'x': np.float64(368863.9259428064), 'street_count': np.int64(3), 'lon': np.float64(133.5878393), 'lat': np.float64(33.5253335)}"
930,5463377246,"{'y': np.float64(3710822.983798664), 'x': np.float64(368527.52187581034), 'street_count': np.int64(1), 'lon': np.float64(133.5841585), 'lat': np.float64(33.5289205)}"
931,5463377272,"{'y': np.float64(3710974.2467794414), 'x': np.float64(368474.61043210037), 'street_count': np.int64(1), 'lon': np.float64(133.5835666), 'lat': np.float64(33.5302779)}"
932,5465981189,"{'y': np.float64(3710970.27842098), 'x': np.float64(368476.0887761471), 'street_count': np.int64(3), 'lon': np.float64(133.5835831), 'lat': np.float64(33.5302423)}"
933,5463377303,"{'y': np.float64(3710929.796022343), 'x': np.float64(368481.96329124324), 'street_count': np.int64(4), 'lon': np.float64(133.5836523), 'lat': np.float64(33.529878)}"
934,5463377302,"{'y': np.float64(3710937.1988799134), 'x': np.float64(368500.232084047), 'street_count': np.int64(4), 'lon': np.float64(133.5838479), 'lat': np.float64(33.529947)}"
935,5465981185,"{'y': np.float64(3710929.2703255885), 'x': np.float64(368480.66505280416), 'street_count': np.int64(3), 'lon': np.float64(133.5836384), 'lat': np.float64(33.5298731)}"
936,5463377304,"{'y': np.float64(3710915.3961595222), 'x': np.float64(368446.57361036044), 'street_count': np.int64(1), 'lon': np.float64(133.5832734), 'lat': np.float64(33.5297438)}"
937,5463483248,"{'y': np.float64(3710701.2161201267), 'x': np.float64(368610.90416567633), 'street_count': np.int64(1), 'lon': np.float64(133.5850741), 'lat': np.float64(33.5278328)}"
938,5463483285,"{'y': np.float64(3710444.592221361), 'x': np.float64(368742.9988594936), 'street_count': np.int64(3), 'lon': np.float64(133.5865339), 'lat': np.float64(33.5255351)}"
939,5463483287,"{'y': np.float64(3710444.213456052), 'x': np.float64(368747.19216527394), 'street_count': np.int64(1), 'lon': np.float64(133.5865791), 'lat': np.float64(33.5255322)}"
940,5463483286,"{'y': np.float64(3710445.741388624), 'x': np.float64(368730.28907789977), 'street_count': np.int64(1), 'lon': np.float64(133.5863969), 'lat': np.float64(33.5255439)}"
941,5463483309,"{'y': np.float64(3710579.84632175), 'x': np.float64(368600.93511989806), 'street_count': np.int64(1), 'lon': np.float64(133.5849846), 'lat': np.float64(33.5267372)}"
942,5463521596,"{'y': np.float64(3710348.6353634666), 'x': np.float64(369015.3371477144), 'street_count': np.int64(3), 'lon': np.float64(133.5894799), 'lat': np.float64(33.5247033)}"
943,5463521594,"{'y': np.float64(3710360.5393651384), 'x': np.float64(369032.16298027383), 'street_count': np.int64(3), 'lon': np.float64(133.5896593), 'lat': np.float64(33.5248127)}"
944,5463521595,"{'y': np.float64(3710344.7342112064), 'x': np.float64(369026.56060739956), 'street_count': np.int64(3), 'lon': np.float64(133.5896013), 'lat': np.float64(33.5246695)}"
945,10635489653,"{'y': np.float64(3711125.052859145), 'x': np.float64(368710.32839377935), 'street_count': np.int64(3), 'lon': np.float64(133.5860823), 'lat': np.float64(33.5316667)}"
946,5463547233,"{'y': np.float64(3711116.899481286), 'x': np.float64(368743.01314710954), 'street_count': np.int64(3), 'lon': np.float64(133.5864354), 'lat': np.float64(33.5315972)}"
947,5463547223,"{'y': np.float64(3711154.1244749106), 'x': np.float64(368741.7744328558), 'street_count': np.int64(3), 'lon': np.float64(133.5864166), 'lat': np.float64(33.5319327)}"
948,5463547235,"{'y': np.float64(3711137.2433592374), 'x': np.float64(368776.0677281813), 'street_count': np.int64(3), 'lon': np.float64(133.5867883), 'lat': np.float64(33.5317847)}"
949,5463547224,"{'y': np.float64(3711135.5749887023), 'x': np.float64(368742.24603898823), 'street_count': np.int64(4), 'lon': np.float64(133.5864244), 'lat': np.float64(33.5317655)}"
950,5463547228,"{'y': np.float64(3711082.629904595), 'x': np.float64(368779.6609791477), 'street_count': np.int64(4), 'lon': np.float64(133.586835), 'lat': np.float64(33.5312927)}"
951,5463547229,"{'y': np.float64(3711081.348010755), 'x': np.float64(368745.14776585146), 'street_count': np.int64(3), 'lon': np.float64(133.5864636), 'lat': np.float64(33.5312769)}"
952,5463547238,"{'y': np.float64(3711085.9545804313), 'x': np.float64(368825.42193753493), 'street_count': np.int64(1), 'lon': np.float64(133.5873272), 'lat': np.float64(33.5313283)}"
953,5463547241,"{'y': np.float64(3711064.422642749), 'x': np.float64(368780.2487896835), 'street_count': np.int64(4), 'lon': np.float64(133.586844), 'lat': np.float64(33.5311286)}"
954,5463547230,"{'y': np.float64(3711089.1708205417), 'x': np.float64(368744.8457239296), 'street_count': np.int64(3), 'lon': np.float64(133.5864592), 'lat': np.float64(33.5313474)}"
955,5463547236,"{'y': np.float64(3711098.7826416357), 'x': np.float64(368744.2894283065), 'street_count': np.int64(3), 'lon': np.float64(133.5864518), 'lat': np.float64(33.531434)}"
956,5463547234,"{'y': np.float64(3711119.0205778866), 'x': np.float64(368776.98039084725), 'street_count': np.int64(3), 'lon': np.float64(133.5868008), 'lat': np.float64(33.5316205)}"
957,5463547237,"{'y': np.float64(3711100.7073192573), 'x': np.float64(368778.0218581494), 'street_count': np.int64(4), 'lon': np.float64(133.5868147), 'lat': np.float64(33.5314555)}"
958,10635489652,"{'y': np.float64(3711048.631323688), 'x': np.float64(368833.87648086774), 'street_count': np.int64(1), 'lon': np.float64(133.5874237), 'lat': np.float64(33.5309928)}"
959,5463547239,"{'y': np.float64(3711026.67550222), 'x': np.float64(368781.5548734887), 'street_count': np.int64(3), 'lon': np.float64(133.5868636), 'lat': np.float64(33.5307884)}"
960,5463547245,"{'y': np.float64(3711028.1654346697), 'x': np.float64(368802.4362039086), 'street_count': np.int64(1), 'lon': np.float64(133.5870882), 'lat': np.float64(33.5308044)}"
961,5463547244,"{'y': np.float64(3711043.1741892104), 'x': np.float64(368746.83798931434), 'street_count': np.int64(3), 'lon': np.float64(133.5864874), 'lat': np.float64(33.5309329)}"
962,5463547243,"{'y': np.float64(3711044.89435731), 'x': np.float64(368780.9300597459), 'street_count': np.int64(4), 'lon': np.float64(133.5868542), 'lat': np.float64(33.5309526)}"
963,5463547242,"{'y': np.float64(3711062.8471331517), 'x': np.float64(368746.12160743517), 'street_count': np.int64(3), 'lon': np.float64(133.5864768), 'lat': np.float64(33.5311102)}"
964,5463547247,"{'y': np.float64(3711065.760543078), 'x': np.float64(368800.07841873553), 'street_count': np.int64(1), 'lon': np.float64(133.5870573), 'lat': np.float64(33.5311431)}"
965,5463547246,"{'y': np.float64(3711046.0311069977), 'x': np.float64(368801.68579420657), 'street_count': np.int64(1), 'lon': np.float64(133.5870775), 'lat': np.float64(33.5309654)}"
966,5465981209,"{'y': np.float64(3710997.072450453), 'x': np.float64(368416.0354539573), 'street_count': np.int64(1), 'lon': np.float64(133.5829326), 'lat': np.float64(33.5304765)}"
967,5524184456,"{'y': np.float64(3709567.7033610153), 'x': np.float64(368578.59063964186), 'street_count': np.int64(3), 'lon': np.float64(133.5848927), 'lat': np.float64(33.5176081)}"
968,5524184458,"{'y': np.float64(3709582.3180629327), 'x': np.float64(368615.35340751556), 'street_count': np.int64(3), 'lon': np.float64(133.5852863), 'lat': np.float64(33.5177444)}"
969,5505912878,"{'y': np.float64(3709705.924274096), 'x': np.float64(367945.8347507892), 'street_count': np.int64(3), 'lon': np.float64(133.5780608), 'lat': np.float64(33.5187764)}"
970,5505912875,"{'y': np.float64(3709736.141612381), 'x': np.float64(367937.219681126), 'street_count': np.int64(1), 'lon': np.float64(133.5779636), 'lat': np.float64(33.5190478)}"
971,5505912876,"{'y': np.float64(3709731.354045362), 'x': np.float64(367938.5846155712), 'street_count': np.int64(3), 'lon': np.float64(133.577979), 'lat': np.float64(33.5190048)}"
972,5505912877,"{'y': np.float64(3709739.333306831), 'x': np.float64(367972.1821714594), 'street_count': np.int64(1), 'lon': np.float64(133.5783395), 'lat': np.float64(33.5190809)}"
973,5505912879,"{'y': np.float64(3709714.532891892), 'x': np.float64(367978.01973429276), 'street_count': np.int64(1), 'lon': np.float64(133.578406), 'lat': np.float64(33.518858)}"
974,5520509957,"{'y': np.float64(3709184.603174272), 'x': np.float64(368459.63839341945), 'street_count': np.int64(1), 'lon': np.float64(133.5836685), 'lat': np.float64(33.5141391)}"
975,5520509983,"{'y': np.float64(3709212.25977243), 'x': np.float64(368528.09194226237), 'street_count': np.int64(3), 'lon': np.float64(133.5844013), 'lat': np.float64(33.5143969)}"
976,5520509977,"{'y': np.float64(3709174.654938079), 'x': np.float64(368464.5284116536), 'street_count': np.int64(1), 'lon': np.float64(133.5837226), 'lat': np.float64(33.51405)}"
977,8485484684,"{'y': np.float64(3709267.129618582), 'x': np.float64(368696.818542894), 'street_count': np.int64(4), 'lon': np.float64(133.5862095), 'lat': np.float64(33.5149124)}"
978,5520509980,"{'y': np.float64(3709232.7233300656), 'x': np.float64(368829.84426342533), 'street_count': np.int64(3), 'lon': np.float64(133.5876465), 'lat': np.float64(33.5146185)}"
979,5520510002,"{'y': np.float64(3709281.808020075), 'x': np.float64(368702.0814943107), 'street_count': np.int64(3), 'lon': np.float64(133.586264), 'lat': np.float64(33.5150454)}"
980,5520509993,"{'y': np.float64(3709249.057645665), 'x': np.float64(368537.0198932189), 'street_count': np.int64(3), 'lon': np.float64(133.584492), 'lat': np.float64(33.5147298)}"
981,5520510129,"{'y': np.float64(3709265.3300318667), 'x': np.float64(368579.08313146286), 'street_count': np.int64(3), 'lon': np.float64(133.5849424), 'lat': np.float64(33.5148817)}"
982,5520510164,"{'y': np.float64(3709236.339286678), 'x': np.float64(368544.9842484856), 'street_count': np.int64(3), 'lon': np.float64(133.5845796), 'lat': np.float64(33.5146161)}"
983,5520510001,"{'y': np.float64(3709293.5195679804), 'x': np.float64(368694.7442531581), 'street_count': np.int64(3), 'lon': np.float64(133.5861833), 'lat': np.float64(33.5151501)}"
984,5520510003,"{'y': np.float64(3709294.650892306), 'x': np.float64(368642.66271454084), 'street_count': np.int64(3), 'lon': np.float64(133.5856225), 'lat': np.float64(33.5151539)}"
985,5520510122,"{'y': np.float64(3709347.5302538485), 'x': np.float64(368825.76835088653), 'street_count': np.int64(4), 'lon': np.float64(133.5875858), 'lat': np.float64(33.5156532)}"
986,5520510013,"{'y': np.float64(3709340.517886294), 'x': np.float64(368845.5621366563), 'street_count': np.int64(3), 'lon': np.float64(133.5877999), 'lat': np.float64(33.5155924)}"
987,5520510172,"{'y': np.float64(3709375.011421388), 'x': np.float64(368930.9392301061), 'street_count': np.int64(3), 'lon': np.float64(133.5887139), 'lat': np.float64(33.5159139)}"
988,5520510171,"{'y': np.float64(3709380.2475011516), 'x': np.float64(368920.2344540742), 'street_count': np.int64(3), 'lon': np.float64(133.5885979), 'lat': np.float64(33.5159598)}"
989,5520510131,"{'y': np.float64(3709250.0476711565), 'x': np.float64(368575.01012824185), 'street_count': np.int64(1), 'lon': np.float64(133.5849008), 'lat': np.float64(33.5147434)}"
990,5520510179,"{'y': np.float64(3709424.1380792693), 'x': np.float64(369057.61185220955), 'street_count': np.int64(3), 'lon': np.float64(133.5900703), 'lat': np.float64(33.5163724)}"
991,5521726675,"{'y': np.float64(3707915.3910203553), 'x': np.float64(367169.06657507364), 'street_count': np.int64(3), 'lon': np.float64(133.5699646), 'lat': np.float64(33.5025352)}"
992,5521726681,"{'y': np.float64(3707913.641861131), 'x': np.float64(367150.3300518558), 'street_count': np.int64(3), 'lon': np.float64(133.5697632), 'lat': np.float64(33.5025171)}"
993,6290704344,"{'y': np.float64(3707920.6700546397), 'x': np.float64(367184.3582448965), 'street_count': np.int64(1), 'lon': np.float64(133.5701284), 'lat': np.float64(33.5025847)}"
994,5521726682,"{'y': np.float64(3707892.281676628), 'x': np.float64(367145.51086723333), 'street_count': np.int64(3), 'lon': np.float64(133.5697145), 'lat': np.float64(33.5023239)}"
995,5521726680,"{'y': np.float64(3707886.603806462), 'x': np.float64(367127.7793367597), 'street_count': np.int64(3), 'lon': np.float64(133.5695245), 'lat': np.float64(33.5022705)}"
996,5521726679,"{'y': np.float64(3707913.6533657582), 'x': np.float64(367133.40169295535), 'street_count': np.int64(3), 'lon': np.float64(133.569581), 'lat': np.float64(33.5025151)}"
997,5521726686,"{'y': np.float64(3707923.949063103), 'x': np.float64(367185.43474177097), 'street_count': np.int64(1), 'lon': np.float64(133.5701395), 'lat': np.float64(33.5026144)}"
998,5521726692,"{'y': np.float64(3708029.5521297352), 'x': np.float64(367212.76534071215), 'street_count': np.int64(3), 'lon': np.float64(133.570418), 'lat': np.float64(33.50357)}"
999,5521726706,"{'y': np.float64(3708077.9520964306), 'x': np.float64(367226.33729259623), 'street_count': np.int64(3), 'lon': np.float64(133.5705569), 'lat': np.float64(33.5040081)}"
1000,5521726702,"{'y': np.float64(3708190.672627472), 'x': np.float64(367274.7997187474), 'street_count': np.int64(1), 'lon': np.float64(133.5710618), 'lat': np.float64(33.5050305)}"
1001,5521726707,"{'y': np.float64(3708078.9187494763), 'x': np.float64(367177.90727841615), 'street_count': np.int64(3), 'lon': np.float64(133.5700355), 'lat': np.float64(33.5040108)}"
1002,6286519565,"{'y': np.float64(3708197.9680333934), 'x': np.float64(367181.55455863546), 'street_count': np.int64(1), 'lon': np.float64(133.5700571), 'lat': np.float64(33.5050847)}"
1003,5521726743,"{'y': np.float64(3708313.1205871687), 'x': np.float64(367208.03134429234), 'street_count': np.int64(4), 'lon': np.float64(133.570325), 'lat': np.float64(33.5061263)}"
1004,5521726740,"{'y': np.float64(3708301.3451418746), 'x': np.float64(367220.7275714971), 'street_count': np.int64(3), 'lon': np.float64(133.5704634), 'lat': np.float64(33.5060217)}"
1005,5966862536,"{'y': np.float64(3709842.357372365), 'x': np.float64(367771.2365577473), 'street_count': np.int64(1), 'lon': np.float64(133.5761611), 'lat': np.float64(33.519985)}"
1006,6665338189,"{'y': np.float64(3710722.0397645426), 'x': np.float64(371063.81462519674), 'street_count': np.int64(3), 'lon': np.float64(133.6114796), 'lat': np.float64(33.5283195)}"
1007,5981296242,"{'y': np.float64(3710655.2822904056), 'x': np.float64(371188.53594507737), 'street_count': np.int64(1), 'lon': np.float64(133.612832), 'lat': np.float64(33.5277326)}"
1008,5981296283,"{'y': np.float64(3710975.5011012936), 'x': np.float64(371109.8029517979), 'street_count': np.int64(3), 'lon': np.float64(133.6119382), 'lat': np.float64(33.5306105)}"
1009,5981296691,"{'y': np.float64(3710972.095688019), 'x': np.float64(371155.43577112164), 'street_count': np.int64(3), 'lon': np.float64(133.61243), 'lat': np.float64(33.5305853)}"
1010,5981296685,"{'y': np.float64(3711081.012794862), 'x': np.float64(371231.707099257), 'street_count': np.int64(3), 'lon': np.float64(133.6132355), 'lat': np.float64(33.5315766)}"
1011,5981296689,"{'y': np.float64(3711084.670218822), 'x': np.float64(371161.40952023055), 'street_count': np.int64(3), 'lon': np.float64(133.6124781), 'lat': np.float64(33.5316011)}"
1012,5981296697,"{'y': np.float64(3711057.3008614955), 'x': np.float64(371230.1268528453), 'street_count': np.int64(3), 'lon': np.float64(133.6132219), 'lat': np.float64(33.5313626)}"
1013,5981296703,"{'y': np.float64(3711077.5687095714), 'x': np.float64(371295.2088163474), 'street_count': np.int64(3), 'lon': np.float64(133.6139197), 'lat': np.float64(33.5315532)}"
1014,5981296688,"{'y': np.float64(3711005.8380239536), 'x': np.float64(371227.1259576158), 'street_count': np.int64(3), 'lon': np.float64(133.613197), 'lat': np.float64(33.5308982)}"
1015,5981296696,"{'y': np.float64(3711043.12621234), 'x': np.float64(371229.3986002146), 'street_count': np.int64(3), 'lon': np.float64(133.6132161), 'lat': np.float64(33.5312347)}"
1016,5981296690,"{'y': np.float64(3711010.138239102), 'x': np.float64(371157.6909219353), 'street_count': np.int64(4), 'lon': np.float64(133.6124488), 'lat': np.float64(33.5309286)}"
1017,5981296695,"{'y': np.float64(3711047.289478902), 'x': np.float64(371159.4233017479), 'street_count': np.int64(3), 'lon': np.float64(133.6124621), 'lat': np.float64(33.5312638)}"
1018,6075493847,"{'y': np.float64(3710941.333665947), 'x': np.float64(367962.2048206887), 'street_count': np.int64(1), 'lon': np.float64(133.5780547), 'lat': np.float64(33.5299179)}"
1019,6075493849,"{'y': np.float64(3710909.799080922), 'x': np.float64(367916.4458168724), 'street_count': np.int64(1), 'lon': np.float64(133.5775667), 'lat': np.float64(33.5296279)}"
1020,6075494441,"{'y': np.float64(3710757.017646171), 'x': np.float64(368028.1051843295), 'street_count': np.int64(1), 'lon': np.float64(133.5787914), 'lat': np.float64(33.5282641)}"
1021,6075494648,"{'y': np.float64(3710811.665489721), 'x': np.float64(367787.5616110332), 'street_count': np.int64(1), 'lon': np.float64(133.5761936), 'lat': np.float64(33.5287271)}"
1022,6075494653,"{'y': np.float64(3710848.619936978), 'x': np.float64(367800.39454497513), 'street_count': np.int64(1), 'lon': np.float64(133.5763263), 'lat': np.float64(33.5290619)}"
1023,6075494655,"{'y': np.float64(3710791.937170709), 'x': np.float64(367806.0346809537), 'street_count': np.int64(1), 'lon': np.float64(133.5763954), 'lat': np.float64(33.5285515)}"
1024,6075494657,"{'y': np.float64(3710780.6742504854), 'x': np.float64(367851.7367724712), 'street_count': np.int64(1), 'lon': np.float64(133.5768891), 'lat': np.float64(33.5284556)}"
1025,6075494665,"{'y': np.float64(3710399.4123107656), 'x': np.float64(367761.0024179138), 'street_count': np.int64(1), 'lon': np.float64(133.5759686), 'lat': np.float64(33.5250066)}"
1026,6637767601,"{'y': np.float64(3710400.092099336), 'x': np.float64(367592.04942310194), 'street_count': np.int64(1), 'lon': np.float64(133.5741496), 'lat': np.float64(33.5249918)}"
1027,6075494686,"{'y': np.float64(3710611.7491400726), 'x': np.float64(367647.1422683519), 'street_count': np.int64(1), 'lon': np.float64(133.5747114), 'lat': np.float64(33.5269071)}"
1028,6075494688,"{'y': np.float64(3710599.4040171118), 'x': np.float64(367871.7927127789), 'street_count': np.int64(3), 'lon': np.float64(133.5771318), 'lat': np.float64(33.5268236)}"
1029,6075494693,"{'y': np.float64(3710584.3696881495), 'x': np.float64(367870.67617537454), 'street_count': np.int64(3), 'lon': np.float64(133.577122), 'lat': np.float64(33.5266879)}"
1030,6075494695,"{'y': np.float64(3710608.034536031), 'x': np.float64(367872.44056329085), 'street_count': np.int64(3), 'lon': np.float64(133.5771375), 'lat': np.float64(33.5269015)}"
1031,6075494689,"{'y': np.float64(3710615.7677950733), 'x': np.float64(367873.0110837559), 'street_count': np.int64(3), 'lon': np.float64(133.5771425), 'lat': np.float64(33.5269713)}"
1032,6075494690,"{'y': np.float64(3710609.9430650226), 'x': np.float64(367917.64617388404), 'street_count': np.int64(3), 'lon': np.float64(133.5776239), 'lat': np.float64(33.5269243)}"
1033,6075494696,"{'y': np.float64(3710602.10440587), 'x': np.float64(367917.482939551), 'street_count': np.int64(3), 'lon': np.float64(133.5776233), 'lat': np.float64(33.5268536)}"
1034,6075494694,"{'y': np.float64(3710578.4758749856), 'x': np.float64(367915.4962350166), 'street_count': np.int64(3), 'lon': np.float64(133.5776054), 'lat': np.float64(33.5266403)}"
1035,6075494702,"{'y': np.float64(3710518.842818151), 'x': np.float64(367782.9471348593), 'street_count': np.int64(1), 'lon': np.float64(133.5761872), 'lat': np.float64(33.5260862)}"
1036,6075494704,"{'y': np.float64(3710486.1443408374), 'x': np.float64(367780.00888981373), 'street_count': np.int64(1), 'lon': np.float64(133.5761604), 'lat': np.float64(33.525791)}"
1037,6075494713,"{'y': np.float64(3710404.372257126), 'x': np.float64(367915.18920487876), 'street_count': np.int64(1), 'lon': np.float64(133.5776278), 'lat': np.float64(33.5250704)}"
1038,6075494715,"{'y': np.float64(3710366.948921098), 'x': np.float64(367917.1282260931), 'street_count': np.int64(1), 'lon': np.float64(133.5776542), 'lat': np.float64(33.5247332)}"
1039,6286519499,"{'y': np.float64(3708558.793116452), 'x': np.float64(367472.4153131874), 'street_count': np.int64(4), 'lon': np.float64(133.5731343), 'lat': np.float64(33.5083743)}"
1040,6286517275,"{'y': np.float64(3708665.094116275), 'x': np.float64(367429.69178988464), 'street_count': np.int64(1), 'lon': np.float64(133.5726587), 'lat': np.float64(33.5093275)}"
1041,6286519518,"{'y': np.float64(3709019.266513668), 'x': np.float64(367574.7792875588), 'street_count': np.int64(1), 'lon': np.float64(133.574168), 'lat': np.float64(33.512539)}"
1042,6290686583,"{'y': np.float64(3708349.830071809), 'x': np.float64(367252.2872384674), 'street_count': np.int64(3), 'lon': np.float64(133.5707959), 'lat': np.float64(33.5064628)}"
1043,6290687405,"{'y': np.float64(3708341.17629617), 'x': np.float64(367268.63126823003), 'street_count': np.int64(3), 'lon': np.float64(133.5709731), 'lat': np.float64(33.5063868)}"
1044,6290687426,"{'y': np.float64(3708339.2465283233), 'x': np.float64(367244.4765975597), 'street_count': np.int64(3), 'lon': np.float64(133.5707134), 'lat': np.float64(33.5063664)}"
1045,6290687404,"{'y': np.float64(3708295.390495428), 'x': np.float64(367244.01190363424), 'street_count': np.int64(3), 'lon': np.float64(133.5707149), 'lat': np.float64(33.5059709)}"
1046,6290687550,"{'y': np.float64(3708290.2911737366), 'x': np.float64(367253.51119658805), 'street_count': np.int64(3), 'lon': np.float64(133.5708179), 'lat': np.float64(33.5059261)}"
1047,6290687547,"{'y': np.float64(3708302.502214244), 'x': np.float64(367247.83546506474), 'street_count': np.int64(4), 'lon': np.float64(133.570755), 'lat': np.float64(33.5060355)}"
1048,6290687406,"{'y': np.float64(3708320.6220745025), 'x': np.float64(367236.6945425164), 'street_count': np.int64(3), 'lon': np.float64(133.5706324), 'lat': np.float64(33.5061975)}"
1049,6290687428,"{'y': np.float64(3708325.3264966495), 'x': np.float64(367298.55225175165), 'street_count': np.int64(3), 'lon': np.float64(133.5712975), 'lat': np.float64(33.5062476)}"
1050,6290687427,"{'y': np.float64(3708329.7601413527), 'x': np.float64(367262.49080149655), 'street_count': np.int64(3), 'lon': np.float64(133.5709087), 'lat': np.float64(33.5062831)}"
1051,6290687542,"{'y': np.float64(3708335.695808226), 'x': np.float64(367242.9969138985), 'street_count': np.int64(3), 'lon': np.float64(133.570698), 'lat': np.float64(33.5063342)}"
1052,6290687545,"{'y': np.float64(3708316.7900062837), 'x': np.float64(367243.5633887356), 'street_count': np.int64(4), 'lon': np.float64(133.5707069), 'lat': np.float64(33.5061638)}"
1053,6290687407,"{'y': np.float64(3708311.6616403554), 'x': np.float64(367252.7556638666), 'street_count': np.int64(4), 'lon': np.float64(133.5708066), 'lat': np.float64(33.5061187)}"
1054,6290687543,"{'y': np.float64(3708319.1806860184), 'x': np.float64(367256.7985106035), 'street_count': np.int64(3), 'lon': np.float64(133.570849), 'lat': np.float64(33.506187)}"
1055,6290687549,"{'y': np.float64(3708306.3060173155), 'x': np.float64(367262.3443225838), 'street_count': np.int64(3), 'lon': np.float64(133.5709106), 'lat': np.float64(33.5060716)}"
1056,6290687408,"{'y': np.float64(3708289.476853292), 'x': np.float64(367292.512066554), 'street_count': np.int64(3), 'lon': np.float64(133.5712378), 'lat': np.float64(33.5059236)}"
1057,6290687409,"{'y': np.float64(3708303.04245274), 'x': np.float64(367268.1990302606), 'street_count': np.int64(3), 'lon': np.float64(133.5709741), 'lat': np.float64(33.5060429)}"
1058,6290687422,"{'y': np.float64(3708279.865037923), 'x': np.float64(367272.9247653384), 'street_count': np.int64(3), 'lon': np.float64(133.5710284), 'lat': np.float64(33.5058345)}"
1059,6290687446,"{'y': np.float64(3708326.1272368385), 'x': np.float64(367260.536162314), 'street_count': np.int64(4), 'lon': np.float64(133.5708882), 'lat': np.float64(33.5062501)}"
1060,6290687458,"{'y': np.float64(3708320.5128954905), 'x': np.float64(367296.1632849537), 'street_count': np.int64(3), 'lon': np.float64(133.5712725), 'lat': np.float64(33.5062039)}"
1061,6290687436,"{'y': np.float64(3708313.0981198447), 'x': np.float64(367273.2709123518), 'street_count': np.int64(3), 'lon': np.float64(133.5710272), 'lat': np.float64(33.5061342)}"
1062,6290687465,"{'y': np.float64(3708317.9759428888), 'x': np.float64(367275.828010853), 'street_count': np.int64(3), 'lon': np.float64(133.571054), 'lat': np.float64(33.5061785)}"
1063,6290687461,"{'y': np.float64(3708302.8338869014), 'x': np.float64(367287.3723500527), 'street_count': np.int64(3), 'lon': np.float64(133.5711805), 'lat': np.float64(33.5060434)}"
1064,6290687457,"{'y': np.float64(3708321.6246278198), 'x': np.float64(367258.1142961125), 'street_count': np.int64(3), 'lon': np.float64(133.5708628), 'lat': np.float64(33.5062092)}"
1065,6290687463,"{'y': np.float64(3708310.0597020457), 'x': np.float64(367290.96517727023), 'street_count': np.int64(3), 'lon': np.float64(133.5712181), 'lat': np.float64(33.506109)}"
1066,6290687462,"{'y': np.float64(3708300.2312351037), 'x': np.float64(367291.9447470748), 'street_count': np.int64(1), 'lon': np.float64(133.5712301), 'lat': np.float64(33.5060205)}"
1067,6290687464,"{'y': np.float64(3708307.4158576583), 'x': np.float64(367296.11303315405), 'street_count': np.int64(1), 'lon': np.float64(133.5712739), 'lat': np.float64(33.5060858)}"
1068,6290687548,"{'y': np.float64(3708297.128120009), 'x': np.float64(367257.15444323333), 'street_count': np.int64(3), 'lon': np.float64(133.5708561), 'lat': np.float64(33.5059882)}"
1069,6290687797,"{'y': np.float64(3708287.0614127014), 'x': np.float64(367246.4428642392), 'street_count': np.int64(1), 'lon': np.float64(133.5707423), 'lat': np.float64(33.5058961)}"
1070,6637762079,"{'y': np.float64(3710628.008787524), 'x': np.float64(367775.43592243554), 'street_count': np.int64(3), 'lon': np.float64(133.5760902), 'lat': np.float64(33.5270696)}"
1071,6637762076,"{'y': np.float64(3710674.282745289), 'x': np.float64(367720.971973966), 'street_count': np.int64(3), 'lon': np.float64(133.575497), 'lat': np.float64(33.5274801)}"
1072,6637762078,"{'y': np.float64(3710636.1749894195), 'x': np.float64(367716.2129941542), 'street_count': np.int64(3), 'lon': np.float64(133.5754514), 'lat': np.float64(33.5271359)}"
1073,6637762080,"{'y': np.float64(3710594.604296789), 'x': np.float64(367730.2250380801), 'street_count': np.int64(3), 'lon': np.float64(133.5756084), 'lat': np.float64(33.5267628)}"
1074,6637762083,"{'y': np.float64(3710606.2418520036), 'x': np.float64(367800.2254328558), 'street_count': np.int64(3), 'lon': np.float64(133.5763603), 'lat': np.float64(33.5268764)}"
1075,6637767586,"{'y': np.float64(3710601.892530402), 'x': np.float64(367831.0687231249), 'street_count': np.int64(1), 'lon': np.float64(133.576693), 'lat': np.float64(33.526841)}"
1076,6637767585,"{'y': np.float64(3710637.0490538315), 'x': np.float64(367831.87629136175), 'street_count': np.int64(1), 'lon': np.float64(133.5766965), 'lat': np.float64(33.5271581)}"
1077,6637767588,"{'y': np.float64(3710460.200714311), 'x': np.float64(367734.2031929186), 'street_count': np.int64(1), 'lon': np.float64(133.5756711), 'lat': np.float64(33.5255514)}"
1078,6637767598,"{'y': np.float64(3710416.6645098715), 'x': np.float64(367548.24863047304), 'street_count': np.int64(1), 'lon': np.float64(133.5736756), 'lat': np.float64(33.5251358)}"
1079,6637767600,"{'y': np.float64(3710413.540169304), 'x': np.float64(367571.40894177905), 'street_count': np.int64(1), 'lon': np.float64(133.5739254), 'lat': np.float64(33.5251105)}"
1080,6665331257,"{'y': np.float64(3711152.6998757264), 'x': np.float64(370614.5320811945), 'street_count': np.int64(3), 'lon': np.float64(133.6065802), 'lat': np.float64(33.5321484)}"
1081,6665331258,"{'y': np.float64(3711117.130151273), 'x': np.float64(370632.9364157137), 'street_count': np.int64(3), 'lon': np.float64(133.6067835), 'lat': np.float64(33.5318299)}"
1082,6665338190,"{'y': np.float64(3710677.6943718493), 'x': np.float64(371114.85451424343), 'street_count': np.int64(1), 'lon': np.float64(133.6120355), 'lat': np.float64(33.5279258)}"
1083,9950854062,"{'y': np.float64(3708008.465144048), 'x': np.float64(366823.9772659248), 'street_count': np.int64(1), 'lon': np.float64(133.5662366), 'lat': np.float64(33.5033315)}"
1084,9958294541,"{'y': np.float64(3709983.236127317), 'x': np.float64(369486.4604183697), 'street_count': np.int64(1), 'lon': np.float64(133.5946052), 'lat': np.float64(33.5214662)}"
1085,9958294575,"{'y': np.float64(3710007.3360916963), 'x': np.float64(369431.5729735481), 'street_count': np.int64(3), 'lon': np.float64(133.5940108), 'lat': np.float64(33.5216768)}"
1086,9958294545,"{'y': np.float64(3710080.727233148), 'x': np.float64(369410.62724879856), 'street_count': np.int64(3), 'lon': np.float64(133.5937746), 'lat': np.float64(33.522336)}"
1087,9958294546,"{'y': np.float64(3710094.1305549936), 'x': np.float64(369469.0785004502), 'street_count': np.int64(3), 'lon': np.float64(133.5944019), 'lat': np.float64(33.522464)}"
1088,9958294549,"{'y': np.float64(3710101.7121126642), 'x': np.float64(369466.93331651465), 'street_count': np.int64(3), 'lon': np.float64(133.5943777), 'lat': np.float64(33.5225321)}"
1089,9958294927,"{'y': np.float64(3710070.0459394515), 'x': np.float64(369519.5720488345), 'street_count': np.int64(3), 'lon': np.float64(133.594949), 'lat': np.float64(33.522253)}"
1090,9958294550,"{'y': np.float64(3710109.995397523), 'x': np.float64(369501.3960128852), 'street_count': np.int64(1), 'lon': np.float64(133.5947475), 'lat': np.float64(33.522611)}"
1091,9958294567,"{'y': np.float64(3710053.307457522), 'x': np.float64(369524.7236330606), 'street_count': np.int64(3), 'lon': np.float64(133.5950069), 'lat': np.float64(33.5221027)}"
1092,9958294574,"{'y': np.float64(3710044.6323819947), 'x': np.float64(369485.61095940863), 'street_count': np.int64(1), 'lon': np.float64(133.5945871), 'lat': np.float64(33.5220197)}"
1093,9958294569,"{'y': np.float64(3710029.076211406), 'x': np.float64(369523.82879045187), 'street_count': np.int64(3), 'lon': np.float64(133.5950008), 'lat': np.float64(33.5218841)}"
1094,9958294576,"{'y': np.float64(3710009.2073431113), 'x': np.float64(369530.0155349127), 'street_count': np.int64(3), 'lon': np.float64(133.5950703), 'lat': np.float64(33.5217057)}"
1095,9958294572,"{'y': np.float64(3709967.900006057), 'x': np.float64(369502.70356226014), 'street_count': np.int64(1), 'lon': np.float64(133.5947823), 'lat': np.float64(33.5213299)}"
1096,9958294577,"{'y': np.float64(3710005.678221269), 'x': np.float64(369517.09314820444), 'street_count': np.int64(1), 'lon': np.float64(133.5949317), 'lat': np.float64(33.5216723)}"
1097,9958294635,"{'y': np.float64(3709913.996126009), 'x': np.float64(369372.9753639243), 'street_count': np.int64(1), 'lon': np.float64(133.5933936), 'lat': np.float64(33.520828)}"
1098,9958294782,"{'y': np.float64(3709936.799037102), 'x': np.float64(369505.4405305711), 'street_count': np.int64(3), 'lon': np.float64(133.5948163), 'lat': np.float64(33.5210498)}"
1099,9958294776,"{'y': np.float64(3710018.0605531153), 'x': np.float64(369551.07287671854), 'street_count': np.int64(1), 'lon': np.float64(133.5952957), 'lat': np.float64(33.5217881)}"
1100,9958294783,"{'y': np.float64(3709906.986624051), 'x': np.float64(369510.4801007265), 'street_count': np.int64(3), 'lon': np.float64(133.5948749), 'lat': np.float64(33.5207816)}"
1101,9958294928,"{'y': np.float64(3710065.6519616204), 'x': np.float64(369500.90672871994), 'street_count': np.int64(1), 'lon': np.float64(133.5947487), 'lat': np.float64(33.5222111)}"
1102,10586149251,"{'y': np.float64(3711246.8552608714), 'x': np.float64(371193.61612612655), 'street_count': np.int64(3), 'lon': np.float64(133.6128015), 'lat': np.float64(33.5330674)}"
1103,10586149247,"{'y': np.float64(3711241.042115611), 'x': np.float64(371254.2894630677), 'street_count': np.int64(1), 'lon': np.float64(133.6134556), 'lat': np.float64(33.5330223)}"
1104,10586149259,"{'y': np.float64(3711232.353768473), 'x': np.float64(371191.6203117912), 'street_count': np.int64(3), 'lon': np.float64(133.6127821), 'lat': np.float64(33.5329364)}"
1105,10586149278,"{'y': np.float64(3711474.417301467), 'x': np.float64(371161.99008252344), 'street_count': np.int64(3), 'lon': np.float64(133.6124282), 'lat': np.float64(33.5351155)}"
1106,10635489654,"{'y': np.float64(3711165.0419374346), 'x': np.float64(368708.0872457271), 'street_count': np.int64(3), 'lon': np.float64(133.5860523), 'lat': np.float64(33.532027)}"
1107,10635489680,"{'y': np.float64(3711080.3057257785), 'x': np.float64(368489.09017293865), 'street_count': np.int64(3), 'lon': np.float64(133.5837069), 'lat': np.float64(33.531236)}"
1108,10918311929,"{'y': np.float64(3709786.8557019983), 'x': np.float64(368739.10784394626), 'street_count': np.int64(1), 'lon': np.float64(133.5865885), 'lat': np.float64(33.5196039)}"
1109,10918311931,"{'y': np.float64(3709836.1241475586), 'x': np.float64(368891.017053916), 'street_count': np.int64(1), 'lon': np.float64(133.5882166), 'lat': np.float64(33.5200668)}"
1110,10918311942,"{'y': np.float64(3711280.870649043), 'x': np.float64(369856.58095530176), 'street_count': np.int64(1), 'lon': np.float64(133.5984009), 'lat': np.float64(33.533212)}"
1111,10918311944,"{'y': np.float64(3711316.511621495), 'x': np.float64(369898.67177230946), 'street_count': np.int64(1), 'lon': np.float64(133.5988489), 'lat': np.float64(33.5335385)}"
1112,10918311960,"{'y': np.float64(3711457.475421413), 'x': np.float64(370717.41000940755), 'street_count': np.int64(1), 'lon': np.float64(133.6076438), 'lat': np.float64(33.534909)}"
1113,10918311966,"{'y': np.float64(3711425.8573214174), 'x': np.float64(370671.1511929106), 'street_count': np.int64(3), 'lon': np.float64(133.6071503), 'lat': np.float64(33.5346183)}"
1114,10918311965,"{'y': np.float64(3711432.952493121), 'x': np.float64(370659.78561819583), 'street_count': np.int64(1), 'lon': np.float64(133.6070269), 'lat': np.float64(33.5346809)}"
1115,12464144346,"{'y': np.float64(3711314.7328141187), 'x': np.float64(369063.66836814064), 'street_count': np.int64(3), 'lon': np.float64(133.5898588), 'lat': np.float64(33.5334204)}"
1116,12464144322,"{'y': np.float64(3711473.047401022), 'x': np.float64(368929.98956677667), 'street_count': np.int64(3), 'lon': np.float64(133.5883963), 'lat': np.float64(33.5348315)}"
1117,12464144331,"{'y': np.float64(3711468.9605846307), 'x': np.float64(368995.58829778037), 'street_count': np.int64(1), 'lon': np.float64(133.5891032), 'lat': np.float64(33.5348027)}"
1118,12464144360,"{'y': np.float64(3711296.4748951904), 'x': np.float64(369069.61504949187), 'street_count': np.int64(3), 'lon': np.float64(133.5899255), 'lat': np.float64(33.5332565)}"
1119,12464144350,"{'y': np.float64(3711309.8649040274), 'x': np.float64(369044.0420768261), 'street_count': np.int64(4), 'lon': np.float64(133.5896482), 'lat': np.float64(33.5333741)}"
1120,12464144347,"{'y': np.float64(3711279.1948739463), 'x': np.float64(368914.83992496994), 'street_count': np.int64(3), 'lon': np.float64(133.5882616), 'lat': np.float64(33.5330817)}"
1121,12464144353,"{'y': np.float64(3711296.1197669758), 'x': np.float64(368914.76384448016), 'street_count': np.int64(3), 'lon': np.float64(133.5882583), 'lat': np.float64(33.5332343)}"
1122,12464144355,"{'y': np.float64(3711262.6670471923), 'x': np.float64(368914.2619759816), 'street_count': np.int64(3), 'lon': np.float64(133.5882578), 'lat': np.float64(33.5329326)}"
1123,12464144354,"{'y': np.float64(3711324.6106812144), 'x': np.float64(369040.28603737295), 'street_count': np.int64(3), 'lon': np.float64(133.5896056), 'lat': np.float64(33.5335066)}"
1124,12464144356,"{'y': np.float64(3711293.4410096835), 'x': np.float64(369048.0539403147), 'street_count': np.int64(3), 'lon': np.float64(133.5896938), 'lat': np.float64(33.5332265)}"
1125,12464144357,"{'y': np.float64(3711248.433736896), 'x': np.float64(368913.77099149977), 'street_count': np.int64(3), 'lon': np.float64(133.5882546), 'lat': np.float64(33.5328042)}"
1126,12464144358,"{'y': np.float64(3711278.497037062), 'x': np.float64(369051.7051449076), 'street_count': np.int64(4), 'lon': np.float64(133.5897353), 'lat': np.float64(33.5330922)}"
1127,12464144359,"{'y': np.float64(3711284.154308488), 'x': np.float64(369073.63631892606), 'street_count': np.int64(3), 'lon': np.float64(133.5899706), 'lat': np.float64(33.5331459)}"
1128,12464144362,"{'y': np.float64(3711280.834722419), 'x': np.float64(369074.715006763), 'street_count': np.int64(3), 'lon': np.float64(133.5899827), 'lat': np.float64(33.5331161)}"
1129,12464144361,"{'y': np.float64(3711324.315622624), 'x': np.float64(369166.4100363891), 'street_count': np.int64(1), 'lon': np.float64(133.5909636), 'lat': np.float64(33.5335194)}"
1130,12464144364,"{'y': np.float64(3711264.5930083115), 'x': np.float64(369080.0111352039), 'street_count': np.int64(3), 'lon': np.float64(133.5900421), 'lat': np.float64(33.5329703)}"
1131,12464144363,"{'y': np.float64(3711308.9138455316), 'x': np.float64(369167.84469326626), 'street_count': np.int64(1), 'lon': np.float64(133.5909813), 'lat': np.float64(33.5333807)}"
1132,12464144365,"{'y': np.float64(3711292.5005928986), 'x': np.float64(369171.89406100055), 'street_count': np.int64(1), 'lon': np.float64(133.5910273), 'lat': np.float64(33.5332332)}"
1133,12464144367,"{'y': np.float64(3711261.9482749044), 'x': np.float64(369121.1853091783), 'street_count': np.int64(1), 'lon': np.float64(133.5904858), 'lat': np.float64(33.5329515)}"
