{
"type": "FeatureCollection",
"name": "Gedges",
"crs": { "type": "name", "properties": { "name": "urn:ogc:def:crs:OGC:1.3:CRS84" } },
"features": [
{ "type": "Feature", "properties": { "u": 262314443, "v": 4942039788, "key": 0, "osmid": "24226805", "lanes": "2", "ref": "34", "name": "県道34号線", "highway": "primary", "maxspeed": "50", "oneway": false, "reversed": "False", "length": 45.696, "tunnel": null, "width": null, "bridge": null, "access": null, "service": null }, "geometry": { "type": "LineString", "coordinates": [ [ 133.546377400000011, 33.4934332 ], [ 133.5461799, 33.4938097 ] ] } },
{ "type": "Feature", "properties": { "u": 262314443, "v": 1557771561, "key": 0, "osmid": "24226805", "lanes": "2", "ref": "34", "name": "県道34号線", "highway": "primary", "maxspeed": "50", "oneway": false, "reversed": "True", "length": 57.472, "tunnel": null, "width": null, "bridge": null, "access": null, "service": null }, "geometry": { "type": "LineString", "coordinates": [ [ 133.546377400000011, 33.4934332 ], [ 133.5464895, 33.493244 ], [ 133.5465235, 33.4931951 ], [ 133.546671300000014, 33.4929784 ] ] } },
{ "type": "Feature", "properties": { "u": 262314443, "v": 1431445191, "key": 0, "osmid": "129809910", "lanes": null, "ref": null, "name": null, "highway": "residential", "maxspeed": null, "oneway": false, "reversed": "True", "length": 207.401, "tunnel": null, "width": null, "bridge": null, "access": null, "service": null }, "geometry": { "type": "LineString", "coordinates": [ [ 133.546377400000011, 33.4934332 ], [ 133.546318899999989, 33.4934383 ], [ 133.5452157, 33.494223 ], [ 133.54519160000001, 33.4942432 ], [ 133.5449691, 33.4945173 ], [ 133.5449054, 33.4946199 ], [ 133.544830499999989, 33.4947361 ] ] } },
{ "type": "Feature", "properties": { "u": 262314769, "v": 6280046573, "key": 0, "osmid": "44405075", "lanes": "2", "ref": "14;35", "name": "春野赤岡線", "highway": "primary", "maxspeed": "40", "oneway": false, "reversed": "False", "length": 8.517, "tunnel": null, "width": null, "bridge": null, "access": null, "service": null }, "geometry": { "type": "LineString", "coordinates": [ [ 133.5694849, 33.4959928 ], [ 133.5694077, 33.4960343 ] ] } },
{ "type": "Feature", "properties": { "u": 262314769, "v": 1085589164, "key": 0, "osmid": "93586950", "lanes": "2", "ref": "14", "name": "春野赤岡線", "highway": "primary", "maxspeed": "40", "oneway": false, "reversed": "True", "length": 13.577, "tunnel": null, "width": null, "bridge": null, "access": null, "service": null }, "geometry": { "type": "LineString", "coordinates": [ [ 133.5694849, 33.4959928 ], [ 133.5696093, 33.4959284 ] ] } },
{ "type": "Feature", "properties": { "u": 564442872, "v": 1557771993, "key": 0, "osmid": "24226805", "lanes": "2", "ref": "34", "name": "県道34号線", "highway": "primary", "maxspeed": "50", "oneway": false, "reversed": "True", "length": 81.147, "tunnel": null, "width": null, "bridge": null, "access": null, "service": null }, "geometry": { "type": "LineString", "coordinates": [ [ 133.5452917, 33.4954767 ], [ 133.545654500000012, 33.4948126 ] ] } },
{ "type": "Feature", "properties": { "u": 564442872, "v": 6295154885, "key": 0, "osmid": "24226805", "lanes": "2", "ref": "34", "name": "県道34号線", "highway": "primary", "maxspeed": "50", "oneway": false, "reversed": "False", "length": 94.625, "tunnel": null, "width": null, "bridge": null, "access": null, "service": null }, "geometry": { "type": "LineString", "coordinates": [ [ 133.5452917, 33.4954767 ], [ 133.545162, 33.4957428 ], [ 133.5448778, 33.4962543 ] ] } },
{ "type": "Feature", "properties": { "u": 564442872, "v": 564442874, "key": 0, "osmid": "44405096", "lanes": "2", "ref": null, "name": null, "highway": "unclassified", "maxspeed": null, "oneway": false, "reversed": "False", "length": 51.757, "tunnel": null, "width": null, "bridge": null, "access": null, "service": null }, "geometry": { "type": "LineString", "coordinates": [ [ 133.5452917, 33.4954767 ], [ 133.5454991, 33.4958131 ], [ 133.545548200000013, 33.4958901 ] ] } },
{ "type": "Feature", "properties": { "u": 564442872, "v": 4942039803, "key": 0, "osmid": "44405096", "lanes": "2", "ref": null, "name": null, "highway": "unclassified", "maxspeed": null, "oneway": false, "reversed": "True", "length": 40.271, "tunnel": null, "width": null, "bridge": null, "access": null, "service": null }, "geometry": { "type": "LineString", "coordinates": [ [ 133.5452917, 33.4954767 ], [ 133.545206799999988, 33.49537 ], [ 133.545059900000012, 33.4951705 ] ] } },
{ "type": "Feature", "properties": { "u": 564442874, "v": 1557772424, "key": 0, "osmid": "44405096", "lanes": "2", "ref": null, "name": null, "highway": "unclassified", "maxspeed": null, "oneway": false, "reversed": "False", "length": 44.231, "tunnel": null, "width": null, "bridge": null, "access": null, "service": null }, "geometry": { "type": "LineString", "coordinates": [ [ 133.545548200000013, 33.4958901 ], [ 133.5456365, 33.496281 ] ] } },
{ "type": "Feature", "properties": { "u": 564442874, "v": 564442872, "key": 0, "osmid": "44405096", "lanes": "2", "ref": null, "name": null, "highway": "unclassified", "maxspeed": null, "oneway": false, "reversed": "True", "length": 51.757, "tunnel": null, "width": null, "bridge": null, "access": null, "service": null }, "geometry": { "type": "LineString", "coordinates": [ [ 133.545548200000013, 33.4958901 ], [ 133.5454991, 33.4958131 ], [ 133.5452917, 33.4954767 ] ] } },
{ "type": "Feature", "properties": { "u": 564442874, "v": 4942039801, "key": 0, "osmid": "503976753", "lanes": null, "ref": null, "name": null, "highway": "residential", "maxspeed": null, "oneway": false, "reversed": "False", "length": 31.521, "tunnel": null, "width": null, "bridge": null, "access": null, "service": null }, "geometry": { "type": "LineString", "coordinates": [ [ 133.545548200000013, 33.4958901 ], [ 133.5456127, 33.4958866 ], [ 133.545873699999987, 33.4958136 ] ] } },
{ "type": "Feature", "properties": { "u": 564442876, "v": 4942039732, "key": 0, "osmid": "44405096", "lanes": "2", "ref": null, "name": null, "highway": "unclassified", "maxspeed": null, "oneway": false, "reversed": "True", "length": 6.976, "tunnel": null, "width": null, "bridge": null, "access": null, "service": null }, "geometry": { "type": "LineString", "coordinates": [ [ 133.5458119, 33.4972161 ], [ 133.5458054, 33.4971536 ] ] } },
{ "type": "Feature", "properties": { "u": 564442876, "v": 4942039748, "key": 0, "osmid": "44407530", "lanes": null, "ref": null, "name": null, "highway": "unclassified", "maxspeed": null, "oneway": false, "reversed": "False", "length": 109.319, "tunnel": null, "width": null, "bridge": null, "access": null, "service": null }, "geometry": { "type": "LineString", "coordinates": [ [ 133.5458119, 33.4972161 ], [ 133.545869900000014, 33.4974453 ], [ 133.5460175, 33.498184 ] ] } },
{ "type": "Feature", "properties": { "u": 564442876, "v": 564442919, "key": 0, "osmid": "503976736", "lanes": null, "ref": null, "name": null, "highway": "tertiary", "maxspeed": null, "oneway": false, "reversed": "True", "length": 77.502, "tunnel": null, "width": null, "bridge": null, "access": null, "service": null }, "geometry": { "type": "LineString", "coordinates": [ [ 133.5458119, 33.4972161 ], [ 133.5453766, 33.4972741 ], [ 133.5449974, 33.4973663 ] ] } },
{ "type": "Feature", "properties": { "u": 564442889, "v": 4942039837, "key": 0, "osmid": "24226805", "lanes": "2", "ref": "34", "name": "県道34号線", "highway": "primary", "maxspeed": "50", "oneway": false, "reversed": "False", "length": 166.582, "tunnel": null, "width": null, "bridge": null, "access": null, "service": null }, "geometry": { "type": "LineString", "coordinates": [ [ 133.5442443, 33.4974467 ], [ 133.5441549, 33.4975885 ], [ 133.5440587, 33.4977115 ], [ 133.543978900000013, 33.4977965 ], [ 133.543866900000012, 33.4978949 ], [ 133.5437867, 33.4979652 ], [ 133.5437011, 33.4980332 ], [ 133.543545200000011, 33.4981292 ], [ 133.5433236, 33.4982677 ], [ 133.5429713, 33.4984745 ] ] } },
{ "type": "Feature", "properties": { "u": 564442889, "v": 6295154885, "key": 0, "osmid": "24226805", "lanes": "2", "ref": "34", "name": "県道34号線", "highway": "primary", "maxspeed": "50", "oneway": false, "reversed": "True", "length": 145.042, "tunnel": null, "width": null, "bridge": null, "access": null, "service": null }, "geometry": { "type": "LineString", "coordinates": [ [ 133.5442443, 33.4974467 ], [ 133.544339, 33.4972878 ], [ 133.5448778, 33.4962543 ] ] } },
{ "type": "Feature", "properties": { "u": 564442889, "v": 564442919, "key": 0, "osmid": "503976736", "lanes": null, "ref": null, "name": null, "highway": "tertiary", "maxspeed": null, "oneway": false, "reversed": "False", "length": 73.398, "tunnel": null, "width": null, "bridge": null, "access": null, "service": null }, "geometry": { "type": "LineString", "coordinates": [ [ 133.5442443, 33.4974467 ], [ 133.544384799999989, 33.4974969 ], [ 133.5445779, 33.4974881 ], [ 133.544773600000013, 33.4974451 ], [ 133.5449974, 33.4973663 ] ] } },
{ "type": "Feature", "properties": { "u": 564442919, "v": 564442876, "key": 0, "osmid": "503976736", "lanes": null, "ref": null, "name": null, "highway": "tertiary", "maxspeed": null, "oneway": false, "reversed": "False", "length": 77.502, "tunnel": null, "width": null, "bridge": null, "access": null, "service": null }, "geometry": { "type": "LineString", "coordinates": [ [ 133.5449974, 33.4973663 ], [ 133.5453766, 33.4972741 ], [ 133.5458119, 33.4972161 ] ] } },
{ "type": "Feature", "properties": { "u": 564442919, "v": 564442889, "key": 0, "osmid": "503976736", "lanes": null, "ref": null, "name": null, "highway": "tertiary", "maxspeed": null, "oneway": false, "reversed": "True", "length": 73.398, "tunnel": null, "width": null, "bridge": null, "access": null, "service": null }, "geometry": { "type": "LineString", "coordinates": [ [ 133.5449974, 33.4973663 ], [ 133.544773600000013, 33.4974451 ], [ 133.5445779, 33.4974881 ], [ 133.544384799999989, 33.4974969 ], [ 133.5442443, 33.4974467 ] ] } },
{ "type": "Feature", "properties": { "u": 564442919, "v": 4942039733, "key": 0, "osmid": "503976737", "lanes": null, "ref": null, "name": null, "highway": "residential", "maxspeed": null, "oneway": false, "reversed": "False", "length": 131.005, "tunnel": null, "width": null, "bridge": null, "access": null, "service": null }, "geometry": { "type": "LineString", "coordinates": [ [ 133.5449974, 33.4973663 ], [ 133.5449472, 33.4972876 ], [ 133.5448667, 33.496951 ], [ 133.5448989, 33.4969096 ], [ 133.5457198, 33.4967815 ] ] } },
{ "type": "Feature", "properties": { "u": 564443103, "v": 6247275225, "key": 0, "osmid": "667236228", "lanes": null, "ref": null, "name": null, "highway": "residential", "maxspeed": null, "oneway": false, "reversed": "False", "length": 65.352, "tunnel": null, "width": null, "bridge": null, "access": null, "service": null }, "geometry": { "type": "LineString", "coordinates": [ [ 133.551954099999989, 33.4962174 ], [ 133.552636, 33.4960689 ] ] } },
{ "type": "Feature", "properties": { "u": 564443103, "v": 10948633207, "key": 0, "osmid": "129809967", "lanes": "2", "ref": "34", "name": "桂浜はりまや線", "highway": "primary", "maxspeed": null, "oneway": false, "reversed": "False", "length": 67.808, "tunnel": null, "width": null, "bridge": null, "access": null, "service": null }, "geometry": { "type": "LineString", "coordinates": [ [ 133.551954099999989, 33.4962174 ], [ 133.5517245, 33.4963318 ], [ 133.551490300000012, 33.4964178 ], [ 133.551298, 33.4964837 ] ] } },
{ "type": "Feature", "properties": { "u": 564443103, "v": 9935063210, "key": 0, "osmid": "129809967", "lanes": "2", "ref": "34", "name": "桂浜はりまや線", "highway": "primary", "maxspeed": null, "oneway": false, "reversed": "True", "length": 128.102, "tunnel": null, "width": null, "bridge": null, "access": null, "service": null }, "geometry": { "type": "LineString", "coordinates": [ [ 133.551954099999989, 33.4962174 ], [ 133.5522631, 33.4960401 ], [ 133.5530087, 33.4954764 ] ] } },
{ "type": "Feature", "properties": { "u": 564443107, "v": 564443109, "key": 0, "osmid": "44405081", "lanes": "1", "ref": "34", "name": "桂浜はりまや線", "highway": "primary", "maxspeed": null, "oneway": false, "reversed": "False", "length": 17.886, "tunnel": null, "width": null, "bridge": null, "access": null, "service": null }, "geometry": { "type": "LineString", "coordinates": [ [ 133.5500309, 33.4969178 ], [ 133.5500059, 33.4970773 ] ] } },
{ "type": "Feature", "properties": { "u": 564443107, "v": 564465077, "key": 0, "osmid": "44405093", "lanes": null, "ref": null, "name": null, "highway": "tertiary", "maxspeed": null, "oneway": false, "reversed": "True", "length": 72.479, "tunnel": null, "width": null, "bridge": null, "access": null, "service": null }, "geometry": { "type": "LineString", "coordinates": [ [ 133.5500309, 33.4969178 ], [ 133.5492495, 33.4969337 ] ] } },
{ "type": "Feature", "properties": { "u": 564443107, "v": 10948633207, "key": 0, "osmid": "129809967", "lanes": "2", "ref": "34", "name": "桂浜はりまや線", "highway": "primary", "maxspeed": null, "oneway": false, "reversed": "True", "length": 127.024, "tunnel": null, "width": null, "bridge": null, "access": null, "service": null }, "geometry": { "type": "LineString", "coordinates": [ [ 133.5500309, 33.4969178 ], [ 133.551298, 33.4964837 ] ] } },
{ "type": "Feature", "properties": { "u": 564443107, "v": 9935063203, "key": 0, "osmid": "44407513", "lanes": null, "ref": null, "name": null, "highway": "unclassified", "maxspeed": null, "oneway": false, "reversed": "True", "length": 41.643, "tunnel": null, "width": null, "bridge": null, "access": null, "service": null }, "geometry": { "type": "LineString", "coordinates": [ [ 133.5500309, 33.4969178 ], [ 133.5500568, 33.4968011 ], [ 133.5501046, 33.4965484 ] ] } },
{ "type": "Feature", "properties": { "u": 564443109, "v": 10948633262, "key": 0, "osmid": "44405081", "lanes": "1", "ref": "34", "name": "桂浜はりまや線", "highway": "primary", "maxspeed": null, "oneway": false, "reversed": "False", "length": 6.085, "tunnel": null, "width": null, "bridge": null, "access": null, "service": null }, "geometry": { "type": "LineString", "coordinates": [ [ 133.5500059, 33.4970773 ], [ 133.5499939, 33.4971311 ] ] } },
{ "type": "Feature", "properties": { "u": 564443109, "v": 564443107, "key": 0, "osmid": "44405081", "lanes": "1", "ref": "34", "name": "桂浜はりまや線", "highway": "primary", "maxspeed": null, "oneway": false, "reversed": "True", "length": 17.886, "tunnel": null, "width": null, "bridge": null, "access": null, "service": null }, "geometry": { "type": "LineString", "coordinates": [ [ 133.5500059, 33.4970773 ], [ 133.5500309, 33.4969178 ] ] } },
{ "type": "Feature", "properties": { "u": 564443109, "v": 10699710734, "key": 0, "osmid": "142325120", "lanes": null, "ref": null, "name": null, "highway": "residential", "maxspeed": null, "oneway": false, "reversed": "True", "length": 45.004, "tunnel": null, "width": null, "bridge": null, "access": null, "service": null }, "geometry": { "type": "LineString", "coordinates": [ [ 133.5500059, 33.4970773 ], [ 133.549926699999986, 33.4971322 ], [ 133.5497198, 33.4973087 ], [ 133.5496353, 33.4973236 ] ] } },
{ "type": "Feature", "properties": { "u": 564443111, "v": 1557771678, "key": 0, "osmid": "44405079", "lanes": "2", "ref": "34", "name": "桂浜はりまや線", "highway": "primary", "maxspeed": "30", "oneway": false, "reversed": "True", "length": 83.923, "tunnel": null, "width": null, "bridge": null, "access": null, "service": null }, "geometry": { "type": "LineString", "coordinates": [ [ 133.5581009, 33.4932549 ], [ 133.558264900000012, 33.4932799 ], [ 133.5589838, 33.4934201 ] ] } },
{ "type": "Feature", "properties": { "u": 564443111, "v": 1557771371, "key": 0, "osmid": "44407514", "lanes": null, "ref": "34", "name": "桂浜はりまや線", "highway": "primary", "maxspeed": null, "oneway": false, "reversed": "True", "length": 139.757, "tunnel": null, "width": null, "bridge": null, "access": null, "service": null }, "geometry": { "type": "LineString", "coordinates": [ [ 133.5581009, 33.4932549 ], [ 133.5581336, 33.4932166 ], [ 133.5581584, 33.4931568 ], [ 133.5583899, 33.4923297 ], [ 133.5584911, 33.4920447 ] ] } },
{ "type": "Feature", "properties": { "u": 564443111, "v": 12710040482, "key": 0, "osmid": "129809749", "lanes": null, "ref": null, "name": null, "highway": "unclassified", "maxspeed": "30", "oneway": false, "reversed": "True", "length": 22.257, "tunnel": null, "width": null, "bridge": null, "access": null, "service": null }, "geometry": { "type": "LineString", "coordinates": [ [ 133.5581009, 33.4932549 ], [ 133.557943, 33.4932356 ], [ 133.5578643, 33.4932218 ] ] } },
{ "type": "Feature", "properties": { "u": 564443111, "v": 6303772273, "key": 0, "osmid": "129809967", "lanes": "2", "ref": "34", "name": "桂浜はりまや線", "highway": "primary", "maxspeed": null, "oneway": false, "reversed": "False", "length": 41.707, "tunnel": null, "width": null, "bridge": null, "access": null, "service": null }, "geometry": { "type": "LineString", "coordinates": [ [ 133.5581009, 33.4932549 ], [ 133.557986199999988, 33.4933249 ], [ 133.5578132, 33.4934349 ], [ 133.5577448, 33.4934838 ] ] } },
{ "type": "Feature", "properties": { "u": 564443121, "v": 564443122, "key": 0, "osmid": "44405079", "lanes": "2", "ref": "34", "name": "桂浜はりまや線", "highway": "primary", "maxspeed": "30", "oneway": false, "reversed": "False", "length": 9.006, "tunnel": null, "width": null, "bridge": null, "access": null, "service": null }, "geometry": { "type": "LineString", "coordinates": [ [ 133.5634375, 33.4941313 ], [ 133.5633416, 33.4941441 ] ] } },
{ "type": "Feature", "properties": { "u": 564443121, "v": 6303772566, "key": 0, "osmid": "44405079", "lanes": "2", "ref": "34", "name": "桂浜はりまや線", "highway": "primary", "maxspeed": "30", "oneway": false, "reversed": "True", "length": 11.322, "tunnel": null, "width": null, "bridge": null, "access": null, "service": null }, "geometry": { "type": "LineString", "coordinates": [ [ 133.5634375, 33.4941313 ], [ 133.5635124, 33.4941073 ], [ 133.563552, 33.494096 ] ] } },
{ "type": "Feature", "properties": { "u": 564443121, "v": 6303772572, "key": 0, "osmid": [ 673134104, 673134103 ], "lanes": null, "ref": null, "name": null, "highway": [ "path", "residential" ], "maxspeed": null, "oneway": false, "reversed": "False", "length": 78.776, "tunnel": null, "width": null, "bridge": null, "access": null, "service": null }, "geometry": { "type": "LineString", "coordinates": [ [ 133.5634375, 33.4941313 ], [ 133.5634288, 33.4940666 ], [ 133.563459200000011, 33.4939757 ], [ 133.5634705, 33.4939161 ], [ 133.5635217, 33.4936431 ], [ 133.563565899999986, 33.493434 ] ] } },
{ "type": "Feature", "properties": { "u": 564443122, "v": 564443121, "key": 0, "osmid": "44405079", "lanes": "2", "ref": "34", "name": "桂浜はりまや線", "highway": "primary", "maxspeed": "30", "oneway": false, "reversed": "True", "length": 9.006, "tunnel": null, "width": null, "bridge": null, "access": null, "service": null }, "geometry": { "type": "LineString", "coordinates": [ [ 133.5633416, 33.4941441 ], [ 133.5634375, 33.4941313 ] ] } },
{ "type": "Feature", "properties": { "u": 564443122, "v": 6303772573, "key": 0, "osmid": "44405079", "lanes": "2", "ref": "34", "name": "桂浜はりまや線", "highway": "primary", "maxspeed": "30", "oneway": false, "reversed": "False", "length": 23.768, "tunnel": null, "width": null, "bridge": null, "access": null, "service": null }, "geometry": { "type": "LineString", "coordinates": [ [ 133.5633416, 33.4941441 ], [ 133.56319, 33.4941345 ], [ 133.5630889, 33.4941132 ] ] } },
{ "type": "Feature", "properties": { "u": 564443122, "v": 1557771827, "key": 0, "osmid": "44407515", "lanes": null, "ref": null, "name": null, "highway": "unclassified", "maxspeed": null, "oneway": false, "reversed": "False", "length": 20.328, "tunnel": null, "width": null, "bridge": null, "access": null, "service": null }, "geometry": { "type": "LineString", "coordinates": [ [ 133.5633416, 33.4941441 ], [ 133.563422800000012, 33.4941763 ], [ 133.5635494, 33.4941982 ] ] } },
{ "type": "Feature", "properties": { "u": 564443130, "v": 10179631157, "key": 0, "osmid": "44405079", "lanes": "2", "ref": "34", "name": "桂浜はりまや線", "highway": "primary", "maxspeed": "30", "oneway": false, "reversed": "False", "length": 7.199, "tunnel": null, "width": null, "bridge": null, "access": null, "service": null }, "geometry": { "type": "LineString", "coordinates": [ [ 133.5642571, 33.4934329 ], [ 133.5642241, 33.4934915 ] ] } },
{ "type": "Feature", "properties": { "u": 564443130, "v": 12709933128, "key": 0, "osmid": "35062133", "lanes": "2", "ref": "14", "name": "春野赤岡線", "highway": "primary", "maxspeed": "50", "oneway": false, "reversed": "True", "length": 168.133, "tunnel": null, "width": null, "bridge": null, "access": null, "service": null }, "geometry": { "type": "LineString", "coordinates": [ [ 133.5642571, 33.4934329 ], [ 133.5640664, 33.493388 ], [ 133.5625311, 33.4929702 ] ] } },
{ "type": "Feature", "properties": { "u": 564443130, "v": 1085590488, "key": 0, "osmid": "93586950", "lanes": "2", "ref": "14", "name": "春野赤岡線", "highway": "primary", "maxspeed": "40", "oneway": false, "reversed": "False", "length": 326.677, "tunnel": null, "width": null, "bridge": null, "access": null, "service": null }, "geometry": { "type": "LineString", "coordinates": [ [ 133.5642571, 33.4934329 ], [ 133.5643958, 33.4934661 ], [ 133.5653265, 33.4937264 ], [ 133.5663514, 33.494013 ], [ 133.5676005, 33.4943583 ] ] } },
{ "type": "Feature", "properties": { "u": 564443165, "v": 10948633214, "key": 0, "osmid": "44405081", "lanes": "1", "ref": "34", "name": "桂浜はりまや線", "highway": "primary", "maxspeed": null, "oneway": false, "reversed": "False", "length": 50.249, "tunnel": null, "width": null, "bridge": null, "access": null, "service": null }, "geometry": { "type": "LineString", "coordinates": [ [ 133.5499475, 33.4984992 ], [ 133.549930499999988, 33.4986942 ], [ 133.5499255, 33.4988986 ], [ 133.5499336, 33.4989501 ] ] } },
{ "type": "Feature", "properties": { "u": 564443165, "v": 6878715993, "key": 0, "osmid": "44405081", "lanes": "1", "ref": "34", "name": "桂浜はりまや線", "highway": "primary", "maxspeed": null, "oneway": false, "reversed": "True", "length": 81.0, "tunnel": null, "width": null, "bridge": null, "access": null, "service": null }, "geometry": { "type": "LineString", "coordinates": [ [ 133.5499475, 33.4984992 ], [ 133.5500098, 33.4982696 ], [ 133.550038, 33.4979063 ], [ 133.550043499999987, 33.4977774 ] ] } },
{ "type": "Feature", "properties": { "u": 564443165, "v": 1557773073, "key": 0, "osmid": "142327238", "lanes": null, "ref": null, "name": null, "highway": "residential", "maxspeed": null, "oneway": false, "reversed": "True", "length": 141.06, "tunnel": null, "width": null, "bridge": null, "access": null, "service": null }, "geometry": { "type": "LineString", "coordinates": [ [ 133.5499475, 33.4984992 ], [ 133.5497258, 33.4984991 ], [ 133.549662500000011, 33.4985189 ], [ 133.5492793, 33.498639 ], [ 133.5491443, 33.4986459 ], [ 133.548914, 33.498671 ], [ 133.548799, 33.498699 ], [ 133.5484901, 33.4988077 ] ] } },
{ "type": "Feature", "properties": { "u": 564443427, "v": 1085590536, "key": 0, "osmid": "23430758", "lanes": "2", "ref": "35", "name": "桂浜宝永線", "highway": "primary", "maxspeed": null, "oneway": false, "reversed": "False", "length": 142.999, "tunnel": null, "width": null, "bridge": null, "access": null, "service": null }, "geometry": { "type": "LineString", "coordinates": [ [ 133.573109, 33.4981626 ], [ 133.573033900000013, 33.4981251 ], [ 133.572898, 33.4980864 ], [ 133.5728334, 33.498052 ], [ 133.5727676, 33.4979964 ], [ 133.5727254, 33.4979314 ], [ 133.5727082, 33.4978743 ], [ 133.5726568, 33.4977686 ], [ 133.572527799999989, 33.4975971 ], [ 133.5724572, 33.4975037 ], [ 133.5724248, 33.4974398 ], [ 133.5724035, 33.4973611 ], [ 133.572396, 33.4972738 ], [ 133.5724214, 33.4971213 ] ] } },
{ "type": "Feature", "properties": { "u": 564443427, "v": 564443431, "key": 0, "osmid": "23430758", "lanes": "2", "ref": "35", "name": "桂浜宝永線", "highway": "primary", "maxspeed": null, "oneway": false, "reversed": "True", "length": 204.445, "tunnel": null, "width": null, "bridge": null, "access": null, "service": null }, "geometry": { "type": "LineString", "coordinates": [ [ 133.573109, 33.4981626 ], [ 133.5731709, 33.4982186 ], [ 133.573202400000014, 33.498261 ], [ 133.573235399999987, 33.4983162 ], [ 133.5732537, 33.4983615 ], [ 133.573292900000013, 33.4984953 ], [ 133.573332, 33.498605 ], [ 133.573372400000011, 33.4986842 ], [ 133.5734291, 33.4987453 ], [ 133.5734852, 33.4987784 ], [ 133.5735585, 33.4987913 ], [ 133.5736346, 33.4987793 ], [ 133.573680200000013, 33.4987636 ], [ 133.573723199999989, 33.4987387 ], [ 133.5737591, 33.4986993 ], [ 133.573782599999987, 33.49866 ], [ 133.5738093, 33.4986037 ], [ 133.5738237, 33.4985346 ], [ 133.5738218, 33.4984858 ], [ 133.5738034, 33.4984369 ], [ 133.5737849, 33.4983993 ], [ 133.5737202, 33.4983385 ], [ 133.5735938, 33.4982252 ], [ 133.573341699999986, 33.4979871 ] ] } },
{ "type": "Feature", "properties": { "u": 564443427, "v": 564443431, "key": 1, "osmid": "555864726", "lanes": null, "ref": null, "name": null, "highway": "steps", "maxspeed": null, "oneway": false, "reversed": "True", "length": 29.108, "tunnel": null, "width": null, "bridge": null, "access": null, "service": null }, "geometry": { "type": "LineString", "coordinates": [ [ 133.573109, 33.4981626 ], [ 133.5731595, 33.4981237 ], [ 133.5732401, 33.4980681 ], [ 133.573341699999986, 33.4979871 ] ] } },
{ "type": "Feature", "properties": { "u": 564443431, "v": 564443427, "key": 0, "osmid": "23430758", "lanes": "2", "ref": "35", "name": "桂浜宝永線", "highway": "primary", "maxspeed": null, "oneway": false, "reversed": "False", "length": 204.445, "tunnel": null, "width": null, "bridge": null, "access": null, "service": null }, "geometry": { "type": "LineString", "coordinates": [ [ 133.573341699999986, 33.4979871 ], [ 133.5735938, 33.4982252 ], [ 133.5737202, 33.4983385 ], [ 133.5737849, 33.4983993 ], [ 133.5738034, 33.4984369 ], [ 133.5738218, 33.4984858 ], [ 133.5738237, 33.4985346 ], [ 133.5738093, 33.4986037 ], [ 133.573782599999987, 33.49866 ], [ 133.5737591, 33.4986993 ], [ 133.573723199999989, 33.4987387 ], [ 133.573680200000013, 33.4987636 ], [ 133.5736346, 33.4987793 ], [ 133.5735585, 33.4987913 ], [ 133.5734852, 33.4987784 ], [ 133.5734291, 33.4987453 ], [ 133.573372400000011, 33.4986842 ], [ 133.573332, 33.498605 ], [ 133.573292900000013, 33.4984953 ], [ 133.5732537, 33.4983615 ], [ 133.573235399999987, 33.4983162 ], [ 133.573202400000014, 33.498261 ], [ 133.5731709, 33.4982186 ], [ 133.573109, 33.4981626 ] ] } },
{ "type": "Feature", "properties": { "u": 564443431, "v": 564443427, "key": 1, "osmid": "555864726", "lanes": null, "ref": null, "name": null, "highway": "steps", "maxspeed": null, "oneway": false, "reversed": "False", "length": 29.108, "tunnel": null, "width": null, "bridge": null, "access": null, "service": null }, "geometry": { "type": "LineString", "coordinates": [ [ 133.573341699999986, 33.4979871 ], [ 133.5732401, 33.4980681 ], [ 133.5731595, 33.4981237 ], [ 133.573109, 33.4981626 ] ] } },
{ "type": "Feature", "properties": { "u": 564443431, "v": 564443435, "key": 0, "osmid": "23430758", "lanes": "2", "ref": "35", "name": "桂浜宝永線", "highway": "primary", "maxspeed": null, "oneway": false, "reversed": "True", "length": 28.069, "tunnel": null, "width": null, "bridge": null, "access": null, "service": null }, "geometry": { "type": "LineString", "coordinates": [ [ 133.573341699999986, 33.4979871 ], [ 133.573327799999987, 33.4979376 ], [ 133.5733266, 33.4979005 ], [ 133.5733488, 33.4978579 ], [ 133.573403, 33.4978198 ], [ 133.5734726, 33.4978097 ] ] } },
{ "type": "Feature", "properties": { "u": 564443435, "v": 2569489194, "key": 0, "osmid": "250513026", "lanes": null, "ref": null, "name": null, "highway": "steps", "maxspeed": null, "oneway": false, "reversed": "False", "length": 25.424, "tunnel": null, "width": null, "bridge": null, "access": null, "service": null }, "geometry": { "type": "LineString", "coordinates": [ [ 133.5734726, 33.4978097 ], [ 133.573453699999988, 33.4975816 ] ] } },
{ "type": "Feature", "properties": { "u": 564443435, "v": 564443431, "key": 0, "osmid": "23430758", "lanes": "2", "ref": "35", "name": "桂浜宝永線", "highway": "primary", "maxspeed": null, "oneway": false, "reversed": "False", "length": 28.069, "tunnel": null, "width": null, "bridge": null, "access": null, "service": null }, "geometry": { "type": "LineString", "coordinates": [ [ 133.5734726, 33.4978097 ], [ 133.573403, 33.4978198 ], [ 133.5733488, 33.4978579 ], [ 133.5733266, 33.4979005 ], [ 133.573327799999987, 33.4979376 ], [ 133.573341699999986, 33.4979871 ] ] } },
{ "type": "Feature", "properties": { "u": 564443435, "v": 5351385794, "key": 0, "osmid": "23430758", "lanes": "2", "ref": "35", "name": "桂浜宝永線", "highway": "primary", "maxspeed": null, "oneway": false, "reversed": "True", "length": 71.793, "tunnel": null, "width": null, "bridge": null, "access": null, "service": null }, "geometry": { "type": "LineString", "coordinates": [ [ 133.5734726, 33.4978097 ], [ 133.573510199999987, 33.4978442 ], [ 133.5735743, 33.4979177 ], [ 133.5736718, 33.4980253 ], [ 133.5737409, 33.4980938 ], [ 133.5737892, 33.4981385 ], [ 133.573849700000011, 33.4981831 ], [ 133.5739088, 33.4982171 ], [ 133.5739658, 33.4982427 ], [ 133.574012, 33.4982604 ] ] } },
{ "type": "Feature", "properties": { "u": 564465076, "v": 4942039756, "key": 0, "osmid": "44405093", "lanes": null, "ref": null, "name": null, "highway": "tertiary", "maxspeed": null, "oneway": false, "reversed": "False", "length": 58.029, "tunnel": null, "width": null, "bridge": null, "access": null, "service": null }, "geometry": { "type": "LineString", "coordinates": [ [ 133.5476521, 33.4970437 ], [ 133.548274, 33.4969855 ] ] } },
{ "type": "Feature", "properties": { "u": 564465076, "v": 10948632399, "key": 0, "osmid": "142326256", "lanes": null, "ref": null, "name": null, "highway": "residential", "maxspeed": null, "oneway": false, "reversed": "True", "length": 35.201, "tunnel": null, "width": null, "bridge": null, "access": null, "service": null }, "geometry": { "type": "LineString", "coordinates": [ [ 133.5476521, 33.4970437 ], [ 133.5476442, 33.4973602 ] ] } },
{ "type": "Feature", "properties": { "u": 564465076, "v": 4942039738, "key": 0, "osmid": "44405093", "lanes": null, "ref": null, "name": null, "highway": "tertiary", "maxspeed": null, "oneway": false, "reversed": "True", "length": 128.82, "tunnel": null, "width": null, "bridge": null, "access": null, "service": null }, "geometry": { "type": "LineString", "coordinates": [ [ 133.5476521, 33.4970437 ], [ 133.5468453, 33.4971079 ], [ 133.5462676, 33.4971373 ] ] } },
{ "type": "Feature", "properties": { "u": 564465076, "v": 4942039753, "key": 0, "osmid": "142326121", "lanes": null, "ref": null, "name": null, "highway": "unclassified", "maxspeed": null, "oneway": false, "reversed": "False", "length": 49.802, "tunnel": null, "width": null, "bridge": null, "access": null, "service": null }, "geometry": { "type": "LineString", "coordinates": [ [ 133.5476521, 33.4970437 ], [ 133.547617300000013, 33.4967765 ], [ 133.5475542, 33.4966053 ] ] } },
{ "type": "Feature", "properties": { "u": 564465077, "v": 564443107, "key": 0, "osmid": "44405093", "lanes": null, "ref": null, "name": null, "highway": "tertiary", "maxspeed": null, "oneway": false, "reversed": "False", "length": 72.479, "tunnel": null, "width": null, "bridge": null, "access": null, "service": null }, "geometry": { "type": "LineString", "coordinates": [ [ 133.5492495, 33.4969337 ], [ 133.5500309, 33.4969178 ] ] } },
{ "type": "Feature", "properties": { "u": 564465077, "v": 10948633260, "key": 0, "osmid": "44405093", "lanes": null, "ref": null, "name": null, "highway": "tertiary", "maxspeed": null, "oneway": false, "reversed": "True", "length": 44.831, "tunnel": null, "width": null, "bridge": null, "access": null, "service": null }, "geometry": { "type": "LineString", "coordinates": [ [ 133.5492495, 33.4969337 ], [ 133.548767, 33.4969593 ] ] } },
{ "type": "Feature", "properties": { "u": 564465077, "v": 10699710734, "key": 0, "osmid": "1150184484", "lanes": null, "ref": null, "name": null, "highway": "unclassified", "maxspeed": null, "oneway": false, "reversed": "True", "length": 56.209, "tunnel": null, "width": null, "bridge": null, "access": null, "service": null }, "geometry": { "type": "LineString", "coordinates": [ [ 133.5492495, 33.4969337 ], [ 133.5496353, 33.4973236 ] ] } },
{ "type": "Feature", "properties": { "u": 564465077, "v": 1557772434, "key": 0, "osmid": "142327641", "lanes": null, "ref": null, "name": null, "highway": "unclassified", "maxspeed": null, "oneway": false, "reversed": "True", "length": 84.91, "tunnel": null, "width": null, "bridge": null, "access": null, "service": null }, "geometry": { "type": "LineString", "coordinates": [ [ 133.5492495, 33.4969337 ], [ 133.5488791, 33.4965076 ], [ 133.5487211, 33.4963102 ] ] } },
{ "type": "Feature", "properties": { "u": 564465174, "v": 10180235168, "key": 0, "osmid": "129809749", "lanes": null, "ref": null, "name": null, "highway": "unclassified", "maxspeed": "30", "oneway": false, "reversed": "True", "length": 200.961, "tunnel": null, "width": null, "bridge": null, "access": null, "service": null }, "geometry": { "type": "LineString", "coordinates": [ [ 133.5518539, 33.4917817 ], [ 133.549772499999989, 33.4912785 ] ] } },
{ "type": "Feature", "properties": { "u": 564465174, "v": 10255231908, "key": 0, "osmid": "44407513", "lanes": null, "ref": null, "name": null, "highway": "unclassified", "maxspeed": null, "oneway": false, "reversed": "False", "length": 38.616, "tunnel": null, "width": null, "bridge": null, "access": null, "service": null }, "geometry": { "type": "LineString", "coordinates": [ [ 133.5518539, 33.4917817 ], [ 133.551820600000013, 33.4918488 ], [ 133.5517422, 33.4920744 ], [ 133.5517317, 33.4921132 ] ] } },
{ "type": "Feature", "properties": { "u": 564465174, "v": 564465176, "key": 0, "osmid": "44407513", "lanes": null, "ref": null, "name": null, "highway": "unclassified", "maxspeed": null, "oneway": false, "reversed": "True", "length": 187.806, "tunnel": null, "width": null, "bridge": null, "access": null, "service": null }, "geometry": { "type": "LineString", "coordinates": [ [ 133.5518539, 33.4917817 ], [ 133.5518856, 33.4917176 ], [ 133.5522533, 33.4907208 ], [ 133.5524778, 33.4901753 ] ] } },
{ "type": "Feature", "properties": { "u": 564465174, "v": 1557771508, "key": 0, "osmid": "129809749", "lanes": null, "ref": null, "name": null, "highway": "unclassified", "maxspeed": "30", "oneway": false, "reversed": "False", "length": 358.942, "tunnel": null, "width": null, "bridge": null, "access": null, "service": null }, "geometry": { "type": "LineString", "coordinates": [ [ 133.5518539, 33.4917817 ], [ 133.553096, 33.4919811 ], [ 133.5535004, 33.4920884 ], [ 133.555555700000014, 33.4926981 ] ] } },
{ "type": "Feature", "properties": { "u": 564465176, "v": 10255230944, "key": 0, "osmid": "142325228", "lanes": null, "ref": null, "name": null, "highway": "unclassified", "maxspeed": null, "oneway": false, "reversed": "True", "length": 3.427, "tunnel": null, "width": null, "bridge": null, "access": null, "service": null }, "geometry": { "type": "LineString", "coordinates": [ [ 133.5524778, 33.4901753 ], [ 133.5525139, 33.4901819 ] ] } },
{ "type": "Feature", "properties": { "u": 564465176, "v": 564465174, "key": 0, "osmid": "44407513", "lanes": null, "ref": null, "name": null, "highway": "unclassified", "maxspeed": null, "oneway": false, "reversed": "False", "length": 187.806, "tunnel": null, "width": null, "bridge": null, "access": null, "service": null }, "geometry": { "type": "LineString", "coordinates": [ [ 133.5524778, 33.4901753 ], [ 133.5522533, 33.4907208 ], [ 133.5518856, 33.4917176 ], [ 133.5518539, 33.4917817 ] ] } },
{ "type": "Feature", "properties": { "u": 564465176, "v": 10255231874, "key": 0, "osmid": "142325228", "lanes": null, "ref": null, "name": null, "highway": "unclassified", "maxspeed": null, "oneway": false, "reversed": "False", "length": 23.174, "tunnel": null, "width": null, "bridge": null, "access": null, "service": null }, "geometry": { "type": "LineString", "coordinates": [ [ 133.5524778, 33.4901753 ], [ 133.5524369, 33.4901667 ], [ 133.55224290000001, 33.4901048 ] ] } },
{ "type": "Feature", "properties": { "u": 564465182, "v": 10179631132, "key": 0, "osmid": "1121177292", "lanes": null, "ref": null, "name": null, "highway": "unclassified", "maxspeed": null, "oneway": false, "reversed": "False", "length": 9.58, "tunnel": null, "width": null, "bridge": null, "access": null, "service": null }, "geometry": { "type": "LineString", "coordinates": [ [ 133.552627699999988, 33.4899014 ], [ 133.5525925, 33.4899824 ] ] } },
{ "type": "Feature", "properties": { "u": 564465182, "v": 6303771998, "key": 0, "osmid": "35062133", "lanes": "2", "ref": "14", "name": "春野赤岡線", "highway": "primary", "maxspeed": "50", "oneway": false, "reversed": "False", "length": 553.918, "tunnel": null, "width": null, "bridge": null, "access": null, "service": null }, "geometry": { "type": "LineString", "coordinates": [ [ 133.552627699999988, 33.4899014 ], [ 133.554313900000011, 33.4904448 ], [ 133.5561559, 33.4910234 ], [ 133.5582095, 33.4916749 ] ] } },
{ "type": "Feature", "properties": { "u": 564465183, "v": 6303772618, "key": 0, "osmid": "35062133", "lanes": "2", "ref": "14", "name": "春野赤岡線", "highway": "primary", "maxspeed": "50", "oneway": false, "reversed": "False", "length": 162.0, "tunnel": null, "width": null, "bridge": null, "access": null, "service": null }, "geometry": { "type": "LineString", "coordinates": [ [ 133.5585816, 33.4917939 ], [ 133.5587262, 33.4918371 ], [ 133.5592828, 33.4920075 ], [ 133.560217200000011, 33.4923056 ] ] } },
{ "type": "Feature", "properties": { "u": 564465183, "v": 6303771998, "key": 0, "osmid": "35062133", "lanes": "2", "ref": "14", "name": "春野赤岡線", "highway": "primary", "maxspeed": "50", "oneway": false, "reversed": "True", "length": 36.956, "tunnel": null, "width": null, "bridge": null, "access": null, "service": null }, "geometry": { "type": "LineString", "coordinates": [ [ 133.5585816, 33.4917939 ], [ 133.558422, 33.4917423 ], [ 133.5582095, 33.4916749 ] ] } },
{ "type": "Feature", "properties": { "u": 564465183, "v": 10179631143, "key": 0, "osmid": "44407514", "lanes": null, "ref": "34", "name": "桂浜はりまや線", "highway": "primary", "maxspeed": null, "oneway": false, "reversed": "False", "length": 14.672, "tunnel": null, "width": null, "bridge": null, "access": null, "service": null }, "geometry": { "type": "LineString", "coordinates": [ [ 133.5585816, 33.4917939 ], [ 133.5585457, 33.4918926 ], [ 133.558535799999987, 33.4919202 ] ] } },
{ "type": "Feature", "properties": { "u": 564465189, "v": 1557771786, "key": 0, "osmid": "44407513", "lanes": null, "ref": null, "name": null, "highway": "unclassified", "maxspeed": null, "oneway": false, "reversed": "False", "length": 168.178, "tunnel": null, "width": null, "bridge": null, "access": null, "service": null }, "geometry": { "type": "LineString", "coordinates": [ [ 133.5515212, 33.4926673 ], [ 133.5514154, 33.4929135 ], [ 133.5513699, 33.4930035 ], [ 133.551172400000013, 33.4933607 ], [ 133.5511258, 33.4934848 ], [ 133.5510424, 33.4936802 ], [ 133.550875600000012, 33.4940791 ] ] } },
{ "type": "Feature", "properties": { "u": 564465189, "v": 10255231908, "key": 0, "osmid": "44407513", "lanes": null, "ref": null, "name": null, "highway": "unclassified", "maxspeed": null, "oneway": false, "reversed": "True", "length": 64.691, "tunnel": null, "width": null, "bridge": null, "access": null, "service": null }, "geometry": { "type": "LineString", "coordinates": [ [ 133.5515212, 33.4926673 ], [ 133.551679299999989, 33.4922892 ], [ 133.5517317, 33.4921132 ] ] } },
{ "type": "Feature", "properties": { "u": 564465189, "v": 1557771475, "key": 0, "osmid": "142325172", "lanes": null, "ref": null, "name": null, "highway": "unclassified", "maxspeed": null, "oneway": false, "reversed": "True", "length": 42.072, "tunnel": null, "width": null, "bridge": null, "access": null, "service": null }, "geometry": { "type": "LineString", "coordinates": [ [ 133.5515212, 33.4926673 ], [ 133.55146830000001, 33.4926562 ], [ 133.5510887, 33.4925533 ] ] } },
{ "type": "Feature", "properties": { "u": 564465189, "v": 1557771604, "key": 0, "osmid": "142327109", "lanes": null, "ref": null, "name": null, "highway": "residential", "maxspeed": null, "oneway": false, "reversed": "True", "length": 158.393, "tunnel": null, "width": null, "bridge": null, "access": null, "service": null }, "geometry": { "type": "LineString", "coordinates": [ [ 133.5515212, 33.4926673 ], [ 133.5515591, 33.4926752 ], [ 133.551965, 33.492792 ], [ 133.552389, 33.492922 ], [ 133.552582, 33.492984 ], [ 133.553054, 33.493126 ], [ 133.5531282, 33.4931493 ] ] } },
{ "type": "Feature", "properties": { "u": 564465226, "v": 564465232, "key": 0, "osmid": "44407517", "lanes": null, "ref": null, "name": null, "highway": "unclassified", "maxspeed": null, "oneway": false, "reversed": "False", "length": 79.261, "tunnel": null, "width": null, "bridge": null, "access": null, "service": null }, "geometry": { "type": "LineString", "coordinates": [ [ 133.56481, 33.4956961 ], [ 133.5647261, 33.4958964 ], [ 133.5646534, 33.4960944 ], [ 133.5646214, 33.4961684 ], [ 133.564568, 33.4962722 ], [ 133.5645158, 33.4963644 ] ] } },
{ "type": "Feature", "properties": { "u": 564465226, "v": 6878716030, "key": 0, "osmid": "44407517", "lanes": null, "ref": null, "name": null, "highway": "unclassified", "maxspeed": null, "oneway": false, "reversed": "True", "length": 21.3, "tunnel": null, "width": null, "bridge": null, "access": null, "service": null }, "geometry": { "type": "LineString", "coordinates": [ [ 133.56481, 33.4956961 ], [ 133.5648256, 33.495623 ], [ 133.5648286, 33.4955803 ], [ 133.5648316, 33.4955317 ], [ 133.5648292, 33.4955059 ] ] } },
{ "type": "Feature", "properties": { "u": 564465226, "v": 12709983195, "key": 0, "osmid": "1372682811", "lanes": null, "ref": null, "name": null, "highway": "unclassified", "maxspeed": null, "oneway": false, "reversed": "False", "length": 252.493, "tunnel": null, "width": null, "bridge": null, "access": null, "service": null }, "geometry": { "type": "LineString", "coordinates": [ [ 133.56481, 33.4956961 ], [ 133.5649678, 33.495735 ], [ 133.565104, 33.4958142 ], [ 133.565201, 33.4959089 ], [ 133.565277400000014, 33.4960724 ], [ 133.565393, 33.4962635 ], [ 133.5655209, 33.4963736 ], [ 133.5655932, 33.4964012 ], [ 133.565642700000012, 33.4963857 ], [ 133.5656654, 33.4963461 ], [ 133.5656737, 33.4963013 ], [ 133.565715, 33.4962153 ], [ 133.5658182, 33.496069 ], [ 133.565886299999988, 33.496007 ], [ 133.56595440000001, 33.4959777 ], [ 133.5660246, 33.4959777 ], [ 133.5660762, 33.4960035 ], [ 133.566105099999987, 33.496038 ], [ 133.5661513, 33.4961079 ], [ 133.566225, 33.496181 ], [ 133.5663477, 33.4962635 ], [ 133.5664224, 33.4963393 ], [ 133.5664224, 33.4964065 ], [ 133.5663666, 33.4964891 ] ] } },
{ "type": "Feature", "properties": { "u": 564465232, "v": 564465226, "key": 0, "osmid": "44407517", "lanes": null, "ref": null, "name": null, "highway": "unclassified", "maxspeed": null, "oneway": false, "reversed": "True", "length": 79.261, "tunnel": null, "width": null, "bridge": null, "access": null, "service": null }, "geometry": { "type": "LineString", "coordinates": [ [ 133.5645158, 33.4963644 ], [ 133.564568, 33.4962722 ], [ 133.5646214, 33.4961684 ], [ 133.5646534, 33.4960944 ], [ 133.5647261, 33.4958964 ], [ 133.56481, 33.4956961 ] ] } },
{ "type": "Feature", "properties": { "u": 564465232, "v": 564465246, "key": 0, "osmid": "734500724", "lanes": null, "ref": null, "name": null, "highway": "unclassified", "maxspeed": null, "oneway": false, "reversed": "False", "length": 236.824, "tunnel": null, "width": null, "bridge": null, "access": null, "service": null }, "geometry": { "type": "LineString", "coordinates": [ [ 133.5645158, 33.4963644 ], [ 133.564532, 33.4964126 ], [ 133.5645999, 33.4965829 ], [ 133.5648447, 33.4969627 ], [ 133.565061500000013, 33.4972001 ], [ 133.5653513, 33.497419 ], [ 133.565438699999987, 33.4974588 ], [ 133.5655084, 33.4974727 ], [ 133.5655801, 33.4974777 ], [ 133.565652699999987, 33.4974704 ], [ 133.5657792, 33.4974326 ], [ 133.5660033, 33.4973358 ], [ 133.566131899999988, 33.4973032 ], [ 133.5663051, 33.4972803 ] ] } },
{ "type": "Feature", "properties": { "u": 564465232, "v": 1431984910, "key": 0, "osmid": "734500724", "lanes": null, "ref": null, "name": null, "highway": "unclassified", "maxspeed": null, "oneway": false, "reversed": "True", "length": 197.876, "tunnel": null, "width": null, "bridge": null, "access": null, "service": null }, "geometry": { "type": "LineString", "coordinates": [ [ 133.5645158, 33.4963644 ], [ 133.5643945, 33.4963163 ], [ 133.564317499999987, 33.496303 ], [ 133.5642588, 33.4962972 ], [ 133.5641933, 33.4963023 ], [ 133.564134, 33.4963188 ], [ 133.564037899999988, 33.4963496 ], [ 133.5639081, 33.4963895 ], [ 133.563818, 33.4964126 ], [ 133.563704699999988, 33.4964271 ], [ 133.563581, 33.4964329 ], [ 133.5630677, 33.4964387 ], [ 133.56294170000001, 33.4964493 ], [ 133.5628423, 33.4964686 ], [ 133.5627405, 33.4965119 ], [ 133.5626064, 33.4965949 ], [ 133.562531299999989, 33.4966896 ] ] } },
{ "type": "Feature", "properties": { "u": 564465246, "v": 1557772336, "key": 0, "osmid": [ 142325861, 142326083, 142325573, 142326189 ], "lanes": null, "ref": null, "name": null, "highway": [ "residential", "unclassified" ], "maxspeed": null, "oneway": false, "reversed": [ false, true ], "length": 200.834, "tunnel": "yes", "width": null, "bridge": null, "access": null, "service": null }, "geometry": { "type": "LineString", "coordinates": [ [ 133.5663051, 33.4972803 ], [ 133.566301399999986, 33.4968881 ], [ 133.5663314, 33.4967043 ], [ 133.5664116, 33.4965628 ], [ 133.5665091, 33.4963678 ], [ 133.5665779, 33.4962407 ], [ 133.567203799999987, 33.495743 ] ] } },
{ "type": "Feature", "properties": { "u": 564465246, "v": 564465465, "key": 0, "osmid": "734500724", "lanes": null, "ref": null, "name": null, "highway": "unclassified", "maxspeed": null, "oneway": false, "reversed": "False", "length": 85.253, "tunnel": null, "width": null, "bridge": null, "access": null, "service": null }, "geometry": { "type": "LineString", "coordinates": [ [ 133.5663051, 33.4972803 ], [ 133.566401899999988, 33.4972894 ], [ 133.5665275, 33.4973093 ], [ 133.5669406, 33.4974503 ], [ 133.567167500000011, 33.4975333 ] ] } },
{ "type": "Feature", "properties": { "u": 564465246, "v": 564465232, "key": 0, "osmid": "734500724", "lanes": null, "ref": null, "name": null, "highway": "unclassified", "maxspeed": null, "oneway": false, "reversed": "True", "length": 236.824, "tunnel": null, "width": null, "bridge": null, "access": null, "service": null }, "geometry": { "type": "LineString", "coordinates": [ [ 133.5663051, 33.4972803 ], [ 133.566131899999988, 33.4973032 ], [ 133.5660033, 33.4973358 ], [ 133.5657792, 33.4974326 ], [ 133.565652699999987, 33.4974704 ], [ 133.5655801, 33.4974777 ], [ 133.5655084, 33.4974727 ], [ 133.565438699999987, 33.4974588 ], [ 133.5653513, 33.497419 ], [ 133.565061500000013, 33.4972001 ], [ 133.5648447, 33.4969627 ], [ 133.5645999, 33.4965829 ], [ 133.564532, 33.4964126 ], [ 133.5645158, 33.4963644 ] ] } },
{ "type": "Feature", "properties": { "u": 564465465, "v": 10948632341, "key": 0, "osmid": "142326029", "lanes": null, "ref": null, "name": null, "highway": "unclassified", "maxspeed": null, "oneway": false, "reversed": "True", "length": 57.62, "tunnel": null, "width": null, "bridge": null, "access": null, "service": null }, "geometry": { "type": "LineString", "coordinates": [ [ 133.567167500000011, 33.4975333 ], [ 133.5673644, 33.4971469 ], [ 133.567424100000011, 33.4971176 ], [ 133.567472400000014, 33.4971126 ] ] } },
{ "type": "Feature", "properties": { "u": 564465465, "v": 1431985005, "key": 0, "osmid": "734500724", "lanes": null, "ref": null, "name": null, "highway": "unclassified", "maxspeed": null, "oneway": false, "reversed": "False", "length": 131.41, "tunnel": null, "width": null, "bridge": null, "access": null, "service": null }, "geometry": { "type": "LineString", "coordinates": [ [ 133.567167500000011, 33.4975333 ], [ 133.5673109, 33.4975755 ], [ 133.5674042, 33.4976271 ], [ 133.567456, 33.4976727 ], [ 133.567561, 33.4978262 ], [ 133.567572500000011, 33.4978824 ], [ 133.567571, 33.4979598 ], [ 133.5674769, 33.4982118 ], [ 133.5674061, 33.4983691 ], [ 133.567588300000011, 33.4984033 ] ] } },
{ "type": "Feature", "properties": { "u": 564465465, "v": 564465246, "key": 0, "osmid": "734500724", "lanes": null, "ref": null, "name": null, "highway": "unclassified", "maxspeed": null, "oneway": false, "reversed": "True", "length": 85.253, "tunnel": null, "width": null, "bridge": null, "access": null, "service": null }, "geometry": { "type": "LineString", "coordinates": [ [ 133.567167500000011, 33.4975333 ], [ 133.5669406, 33.4974503 ], [ 133.5665275, 33.4973093 ], [ 133.566401899999988, 33.4972894 ], [ 133.5663051, 33.4972803 ] ] } },
{ "type": "Feature", "properties": { "u": 564465486, "v": 6290324517, "key": 0, "osmid": "734500724", "lanes": null, "ref": null, "name": null, "highway": "unclassified", "maxspeed": null, "oneway": false, "reversed": "True", "length": 39.664, "tunnel": null, "width": null, "bridge": null, "access": null, "service": null }, "geometry": { "type": "LineString", "coordinates": [ [ 133.5687777, 33.4984484 ], [ 133.5683507, 33.4984272 ] ] } },
{ "type": "Feature", "properties": { "u": 564465486, "v": 1557772982, "key": 0, "osmid": "142326043", "lanes": null, "ref": null, "name": null, "highway": "unclassified", "maxspeed": null, "oneway": false, "reversed": "True", "length": 62.594, "tunnel": null, "width": null, "bridge": null, "access": null, "service": null }, "geometry": { "type": "LineString", "coordinates": [ [ 133.5687777, 33.4984484 ], [ 133.5690371, 33.4984551 ], [ 133.569201099999987, 33.4984483 ], [ 133.5694484, 33.498411 ] ] } },
{ "type": "Feature", "properties": { "u": 564465486, "v": 6290324550, "key": 0, "osmid": "734500724", "lanes": null, "ref": null, "name": null, "highway": "unclassified", "maxspeed": null, "oneway": false, "reversed": "False", "length": 110.416, "tunnel": null, "width": null, "bridge": null, "access": null, "service": null }, "geometry": { "type": "LineString", "coordinates": [ [ 133.5687777, 33.4984484 ], [ 133.5688102, 33.4986352 ], [ 133.568816700000013, 33.4986572 ], [ 133.5688326, 33.4986822 ], [ 133.5688519, 33.4987004 ], [ 133.5688853, 33.498704 ], [ 133.569330900000011, 33.4986905 ], [ 133.5697255, 33.4986925 ] ] } },
{ "type": "Feature", "properties": { "u": 564465498, "v": 3237851940, "key": 0, "osmid": "142326043", "lanes": null, "ref": null, "name": null, "highway": "unclassified", "maxspeed": null, "oneway": false, "reversed": "False", "length": 23.137, "tunnel": null, "width": null, "bridge": null, "access": null, "service": null }, "geometry": { "type": "LineString", "coordinates": [ [ 133.5702559, 33.4987281 ], [ 133.5703235, 33.4986689 ], [ 133.5703187, 33.4985585 ], [ 133.57033770000001, 33.4985579 ] ] } },
{ "type": "Feature", "properties": { "u": 564465498, "v": 1557773075, "key": 0, "osmid": "734500724", "lanes": null, "ref": null, "name": null, "highway": "unclassified", "maxspeed": null, "oneway": false, "reversed": "False", "length": 10.447, "tunnel": null, "width": null, "bridge": null, "access": null, "service": null }, "geometry": { "type": "LineString", "coordinates": [ [ 133.5702559, 33.4987281 ], [ 133.570303599999988, 33.4987614 ], [ 133.570334300000013, 33.4987948 ] ] } },
{ "type": "Feature", "properties": { "u": 564465498, "v": 6290324550, "key": 0, "osmid": "734500724", "lanes": null, "ref": null, "name": null, "highway": "unclassified", "maxspeed": null, "oneway": false, "reversed": "True", "length": 49.887, "tunnel": null, "width": null, "bridge": null, "access": null, "service": null }, "geometry": { "type": "LineString", "coordinates": [ [ 133.5702559, 33.4987281 ], [ 133.570209799999986, 33.4987103 ], [ 133.5701698, 33.4986977 ], [ 133.5701113, 33.4986944 ], [ 133.5697255, 33.4986925 ] ] } },
{ "type": "Feature", "properties": { "u": 564465507, "v": 6290324535, "key": 0, "osmid": "734500724", "lanes": null, "ref": null, "name": null, "highway": "unclassified", "maxspeed": null, "oneway": false, "reversed": "False", "length": 48.144, "tunnel": null, "width": null, "bridge": null, "access": null, "service": null }, "geometry": { "type": "LineString", "coordinates": [ [ 133.5710145, 33.4988529 ], [ 133.5715209, 33.4989485 ] ] } },
{ "type": "Feature", "properties": { "u": 564465507, "v": 6290324544, "key": 0, "osmid": "671741448", "lanes": null, "ref": null, "name": null, "highway": "path", "maxspeed": null, "oneway": false, "reversed": "False", "length": 38.937, "tunnel": null, "width": null, "bridge": null, "access": null, "service": null }, "geometry": { "type": "LineString", "coordinates": [ [ 133.5710145, 33.4988529 ], [ 133.5710047, 33.4989116 ], [ 133.5709717, 33.4992012 ] ] } },
{ "type": "Feature", "properties": { "u": 564465507, "v": 6290324540, "key": 0, "osmid": "734500724", "lanes": null, "ref": null, "name": null, "highway": "unclassified", "maxspeed": null, "oneway": false, "reversed": "True", "length": 19.186, "tunnel": null, "width": null, "bridge": null, "access": null, "service": null }, "geometry": { "type": "LineString", "coordinates": [ [ 133.5710145, 33.4988529 ], [ 133.5709249, 33.4988416 ], [ 133.570808699999986, 33.4988455 ] ] } },
{ "type": "Feature", "properties": { "u": 564465534, "v": 5362555602, "key": 0, "osmid": [ 129854045, 23430758 ], "lanes": "2", "ref": "35", "name": "桂浜宝永線", "highway": [ "primary", "tertiary" ], "maxspeed": null, "oneway": false, "reversed": "False", "length": 22.306, "tunnel": null, "width": null, "bridge": null, "access": null, "service": null }, "geometry": { "type": "LineString", "coordinates": [ [ 133.5736177, 33.4993128 ], [ 133.573665299999988, 33.4992882 ], [ 133.5737316, 33.499245 ], [ 133.5737991, 33.499183 ] ] } },
{ "type": "Feature", "properties": { "u": 564465534, "v": 5331463183, "key": 0, "osmid": "129854045", "lanes": null, "ref": null, "name": null, "highway": "tertiary", "maxspeed": null, "oneway": false, "reversed": "True", "length": 20.365, "tunnel": null, "width": null, "bridge": null, "access": null, "service": null }, "geometry": { "type": "LineString", "coordinates": [ [ 133.5736177, 33.4993128 ], [ 133.573495900000012, 33.499361 ], [ 133.5734168, 33.4993865 ] ] } },
{ "type": "Feature", "properties": { "u": 1085589164, "v": 262314769, "key": 0, "osmid": "93586950", "lanes": "2", "ref": "14", "name": "春野赤岡線", "highway": "primary", "maxspeed": "40", "oneway": false, "reversed": "False", "length": 13.577, "tunnel": null, "width": null, "bridge": null, "access": null, "service": null }, "geometry": { "type": "LineString", "coordinates": [ [ 133.5696093, 33.4959284 ], [ 133.5694849, 33.4959928 ] ] } },
{ "type": "Feature", "properties": { "u": 1085589164, "v": 6280046887, "key": 0, "osmid": "93586950", "lanes": "2", "ref": "14", "name": "春野赤岡線", "highway": "primary", "maxspeed": "40", "oneway": false, "reversed": "True", "length": 297.484, "tunnel": null, "width": null, "bridge": null, "access": null, "service": null }, "geometry": { "type": "LineString", "coordinates": [ [ 133.5696093, 33.4959284 ], [ 133.5698992, 33.4957578 ], [ 133.5699823, 33.4957182 ], [ 133.570086800000013, 33.4956785 ], [ 133.5701617, 33.4956591 ], [ 133.5702331, 33.4956512 ], [ 133.5703025, 33.4956484 ], [ 133.5703732, 33.4956532 ], [ 133.5704408, 33.4956622 ], [ 133.5705135, 33.4956774 ], [ 133.570574099999988, 33.4956943 ], [ 133.570758899999987, 33.495755 ], [ 133.570838, 33.4957789 ], [ 133.5708888, 33.4957889 ], [ 133.5709352, 33.4957943 ], [ 133.5709847, 33.4957961 ], [ 133.5710349, 33.4957935 ], [ 133.57109220000001, 33.4957743 ], [ 133.5711363, 33.4957521 ], [ 133.5711782, 33.4957221 ], [ 133.5712083, 33.4956881 ], [ 133.5712316, 33.4956422 ], [ 133.5712442, 33.495597 ], [ 133.5712461, 33.4955529 ], [ 133.5712404, 33.4955013 ], [ 133.571219, 33.4954538 ], [ 133.5711878, 33.4954178 ], [ 133.5711503, 33.4953861 ], [ 133.571088300000014, 33.4953539 ], [ 133.570725900000014, 33.4952429 ], [ 133.5701665, 33.4950954 ] ] } },
{ "type": "Feature", "properties": { "u": 1085589164, "v": 6280046731, "key": 0, "osmid": [ 575442117, 575263382 ], "lanes": null, "ref": null, "name": null, "highway": "footway", "maxspeed": null, "oneway": false, "reversed": "False", "length": 44.137, "tunnel": null, "width": null, "bridge": null, "access": null, "service": null }, "geometry": { "type": "LineString", "coordinates": [ [ 133.5696093, 33.4959284 ], [ 133.5695519, 33.4958586 ], [ 133.5692774, 33.4960106 ], [ 133.5692541, 33.4959785 ] ] } },
{ "type": "Feature", "properties": { "u": 1085589164, "v": 6278123733, "key": 0, "osmid": [ 670405808, 575263382 ], "lanes": null, "ref": null, "name": null, "highway": "footway", "maxspeed": null, "oneway": false, "reversed": "True", "length": 339.01, "tunnel": null, "width": null, "bridge": null, "access": null, "service": null }, "geometry": { "type": "LineString", "coordinates": [ [ 133.5696093, 33.4959284 ], [ 133.5696471, 33.4959744 ], [ 133.5696605, 33.495997 ], [ 133.569676500000014, 33.4960182 ], [ 133.569694199999986, 33.496028 ], [ 133.569718599999987, 33.4960312 ], [ 133.569742600000012, 33.4960277 ], [ 133.5698075, 33.4959679 ], [ 133.5698266, 33.4959422 ], [ 133.5700142, 33.4957976 ], [ 133.570065, 33.4957645 ], [ 133.5701697, 33.4957264 ], [ 133.5703049, 33.4957052 ], [ 133.570434, 33.4957162 ], [ 133.5705132, 33.4957366 ], [ 133.570754099999988, 33.4958459 ], [ 133.570821200000012, 33.4958671 ], [ 133.570874, 33.4958781 ], [ 133.5709909, 33.4958807 ], [ 133.571076299999987, 33.4958739 ], [ 133.5711535, 33.4958518 ], [ 133.5714757, 33.495762 ], [ 133.5715611, 33.495745 ], [ 133.5716902, 33.4957179 ], [ 133.5717851, 33.495715 ], [ 133.571870100000012, 33.4957205 ], [ 133.5719506, 33.4957307 ], [ 133.5720205, 33.4957467 ], [ 133.5725663, 33.4959425 ], [ 133.5726283, 33.4959705 ], [ 133.5726933, 33.4960078 ], [ 133.572719799999987, 33.4960536 ], [ 133.5727453, 33.496116 ], [ 133.572766800000011, 33.4961785 ] ] } },
{ "type": "Feature", "properties": { "u": 1085590488, "v": 1085590881, "key": 0, "osmid": "93586950", "lanes": "2", "ref": "14", "name": "春野赤岡線", "highway": "primary", "maxspeed": "40", "oneway": false, "reversed": "False", "length": 89.164, "tunnel": null, "width": null, "bridge": null, "access": null, "service": null }, "geometry": { "type": "LineString", "coordinates": [ [ 133.5676005, 33.4943583 ], [ 133.5685081, 33.4946231 ] ] } },
{ "type": "Feature", "properties": { "u": 1085590488, "v": 10179631165, "key": 0, "osmid": "142326837", "lanes": null, "ref": null, "name": null, "highway": "unclassified", "maxspeed": null, "oneway": false, "reversed": "False", "length": 7.004, "tunnel": null, "width": null, "bridge": null, "access": null, "service": null }, "geometry": { "type": "LineString", "coordinates": [ [ 133.5676005, 33.4943583 ], [ 133.567585900000012, 33.4944201 ] ] } },
{ "type": "Feature", "properties": { "u": 1085590488, "v": 564443130, "key": 0, "osmid": "93586950", "lanes": "2", "ref": "14", "name": "春野赤岡線", "highway": "primary", "maxspeed": "40", "oneway": false, "reversed": "True", "length": 326.677, "tunnel": null, "width": null, "bridge": null, "access": null, "service": null }, "geometry": { "type": "LineString", "coordinates": [ [ 133.5676005, 33.4943583 ], [ 133.5663514, 33.494013 ], [ 133.5653265, 33.4937264 ], [ 133.5643958, 33.4934661 ], [ 133.5642571, 33.4934329 ] ] } },
{ "type": "Feature", "properties": { "u": 1085590536, "v": 6278123744, "key": 0, "osmid": "142325986", "lanes": null, "ref": null, "name": null, "highway": "path", "maxspeed": null, "oneway": false, "reversed": "False", "length": 4.561, "tunnel": null, "width": null, "bridge": null, "access": null, "service": null }, "geometry": { "type": "LineString", "coordinates": [ [ 133.5724214, 33.4971213 ], [ 133.57247, 33.497115 ] ] } },
{ "type": "Feature", "properties": { "u": 1085590536, "v": 5362564221, "key": 0, "osmid": "23430758", "lanes": "2", "ref": "35", "name": "桂浜宝永線", "highway": "primary", "maxspeed": null, "oneway": false, "reversed": "False", "length": 79.911, "tunnel": null, "width": null, "bridge": null, "access": null, "service": null }, "geometry": { "type": "LineString", "coordinates": [ [ 133.5724214, 33.4971213 ], [ 133.572477, 33.49697 ], [ 133.5725402, 33.4968147 ], [ 133.572562299999987, 33.4967703 ], [ 133.5725956, 33.4967292 ], [ 133.5726497, 33.4966805 ], [ 133.5726876, 33.4966386 ], [ 133.5727226, 33.496598 ], [ 133.5727406, 33.4965602 ], [ 133.57274910000001, 33.4965271 ], [ 133.572757599999989, 33.4964722 ] ] } },
{ "type": "Feature", "properties": { "u": 1085590536, "v": 564443427, "key": 0, "osmid": "23430758", "lanes": "2", "ref": "35", "name": "桂浜宝永線", "highway": "primary", "maxspeed": null, "oneway": false, "reversed": "True", "length": 142.999, "tunnel": null, "width": null, "bridge": null, "access": null, "service": null }, "geometry": { "type": "LineString", "coordinates": [ [ 133.5724214, 33.4971213 ], [ 133.572396, 33.4972738 ], [ 133.5724035, 33.4973611 ], [ 133.5724248, 33.4974398 ], [ 133.5724572, 33.4975037 ], [ 133.572527799999989, 33.4975971 ], [ 133.5726568, 33.4977686 ], [ 133.5727082, 33.4978743 ], [ 133.5727254, 33.4979314 ], [ 133.5727676, 33.4979964 ], [ 133.5728334, 33.498052 ], [ 133.572898, 33.4980864 ], [ 133.573033900000013, 33.4981251 ], [ 133.573109, 33.4981626 ] ] } },
{ "type": "Feature", "properties": { "u": 1085590536, "v": 5566192285, "key": 0, "osmid": "142326528", "lanes": null, "ref": null, "name": null, "highway": "unclassified", "maxspeed": null, "oneway": false, "reversed": "True", "length": 52.481, "tunnel": null, "width": null, "bridge": null, "access": null, "service": null }, "geometry": { "type": "LineString", "coordinates": [ [ 133.5724214, 33.4971213 ], [ 133.5723649, 33.4971689 ], [ 133.572339699999986, 33.4972162 ], [ 133.572327699999988, 33.4972487 ], [ 133.5723183, 33.4972835 ], [ 133.5723166, 33.4973221 ], [ 133.572336299999989, 33.4974607 ], [ 133.5723305, 33.4974788 ], [ 133.572313799999989, 33.4974956 ], [ 133.5722542, 33.4975372 ] ] } },
{ "type": "Feature", "properties": { "u": 1085590881, "v": 6280046887, "key": 0, "osmid": "93586950", "lanes": "2", "ref": "14", "name": "春野赤岡線", "highway": "primary", "maxspeed": "40", "oneway": false, "reversed": "False", "length": 162.503, "tunnel": null, "width": null, "bridge": null, "access": null, "service": null }, "geometry": { "type": "LineString", "coordinates": [ [ 133.5685081, 33.4946231 ], [ 133.5701665, 33.4950954 ] ] } },
{ "type": "Feature", "properties": { "u": 1085590881, "v": 1085590488, "key": 0, "osmid": "93586950", "lanes": "2", "ref": "14", "name": "春野赤岡線", "highway": "primary", "maxspeed": "40", "oneway": false, "reversed": "True", "length": 89.164, "tunnel": null, "width": null, "bridge": null, "access": null, "service": null }, "geometry": { "type": "LineString", "coordinates": [ [ 133.5685081, 33.4946231 ], [ 133.5676005, 33.4943583 ] ] } },
{ "type": "Feature", "properties": { "u": 1085590881, "v": 5520410420, "key": 0, "osmid": "142326497", "lanes": null, "ref": null, "name": null, "highway": "unclassified", "maxspeed": null, "oneway": false, "reversed": "True", "length": 6.13, "tunnel": null, "width": null, "bridge": null, "access": null, "service": null }, "geometry": { "type": "LineString", "coordinates": [ [ 133.5685081, 33.4946231 ], [ 133.5684858, 33.494675 ] ] } },
{ "type": "Feature", "properties": { "u": 1431444783, "v": 4942039766, "key": 0, "osmid": "129809749", "lanes": null, "ref": null, "name": null, "highway": "unclassified", "maxspeed": "30", "oneway": false, "reversed": "False", "length": 27.448, "tunnel": null, "width": null, "bridge": null, "access": null, "service": null }, "geometry": { "type": "LineString", "coordinates": [ [ 133.5486314, 33.4910354 ], [ 133.5489193, 33.4910927 ] ] } },
{ "type": "Feature", "properties": { "u": 1431444783, "v": 4942039770, "key": 0, "osmid": "503976743", "lanes": null, "ref": null, "name": null, "highway": "residential", "maxspeed": null, "oneway": false, "reversed": "True", "length": 68.804, "tunnel": null, "width": null, "bridge": null, "access": null, "service": null }, "geometry": { "type": "LineString", "coordinates": [ [ 133.5486314, 33.4910354 ], [ 133.5486165, 33.4910771 ], [ 133.5483915, 33.4916209 ] ] } },
{ "type": "Feature", "properties": { "u": 1431444809, "v": 10180235168, "key": 0, "osmid": "129809749", "lanes": null, "ref": null, "name": null, "highway": "unclassified", "maxspeed": "30", "oneway": false, "reversed": "False", "length": 28.776, "tunnel": null, "width": null, "bridge": null, "access": null, "service": null }, "geometry": { "type": "LineString", "coordinates": [ [ 133.5494728, 33.4912114 ], [ 133.549772499999989, 33.4912785 ] ] } },
{ "type": "Feature", "properties": { "u": 1431444809, "v": 4942039767, "key": 0, "osmid": "129809749", "lanes": null, "ref": null, "name": null, "highway": "unclassified", "maxspeed": "30", "oneway": false, "reversed": "True", "length": 25.604, "tunnel": null, "width": null, "bridge": null, "access": null, "service": null }, "geometry": { "type": "LineString", "coordinates": [ [ 133.5494728, 33.4912114 ], [ 133.5492056, 33.4911534 ] ] } },
{ "type": "Feature", "properties": { "u": 1431444809, "v": 10255231917, "key": 0, "osmid": "1112664430", "lanes": null, "ref": null, "name": null, "highway": "unclassified", "maxspeed": null, "oneway": false, "reversed": "True", "length": 58.439, "tunnel": null, "width": null, "bridge": null, "access": null, "service": null }, "geometry": { "type": "LineString", "coordinates": [ [ 133.5494728, 33.4912114 ], [ 133.5493803, 33.4914844 ], [ 133.5493004, 33.4917169 ] ] } },
{ "type": "Feature", "properties": { "u": 1431445191, "v": 6295154774, "key": 0, "osmid": "44405096", "lanes": "2", "ref": null, "name": null, "highway": "unclassified", "maxspeed": null, "oneway": false, "reversed": "False", "length": 23.036, "tunnel": null, "width": null, "bridge": null, "access": null, "service": null }, "geometry": { "type": "LineString", "coordinates": [ [ 133.544830499999989, 33.4947361 ], [ 133.5449298, 33.494926 ] ] } },
{ "type": "Feature", "properties": { "u": 1431445191, "v": 6295154911, "key": 0, "osmid": "142326223", "lanes": null, "ref": null, "name": null, "highway": "unclassified", "maxspeed": null, "oneway": false, "reversed": "True", "length": 16.323, "tunnel": null, "width": null, "bridge": null, "access": null, "service": null }, "geometry": { "type": "LineString", "coordinates": [ [ 133.544830499999989, 33.4947361 ], [ 133.5450055, 33.4947203 ] ] } },
{ "type": "Feature", "properties": { "u": 1431445191, "v": 262314443, "key": 0, "osmid": "129809910", "lanes": null, "ref": null, "name": null, "highway": "residential", "maxspeed": null, "oneway": false, "reversed": "False", "length": 207.401, "tunnel": null, "width": null, "bridge": null, "access": null, "service": null }, "geometry": { "type": "LineString", "coordinates": [ [ 133.544830499999989, 33.4947361 ], [ 133.5449054, 33.4946199 ], [ 133.5449691, 33.4945173 ], [ 133.54519160000001, 33.4942432 ], [ 133.5452157, 33.494223 ], [ 133.546318899999989, 33.4934383 ], [ 133.546377400000011, 33.4934332 ] ] } },
{ "type": "Feature", "properties": { "u": 1431984910, "v": 564465232, "key": 0, "osmid": "734500724", "lanes": null, "ref": null, "name": null, "highway": "unclassified", "maxspeed": null, "oneway": false, "reversed": "False", "length": 197.876, "tunnel": null, "width": null, "bridge": null, "access": null, "service": null }, "geometry": { "type": "LineString", "coordinates": [ [ 133.562531299999989, 33.4966896 ], [ 133.5626064, 33.4965949 ], [ 133.5627405, 33.4965119 ], [ 133.5628423, 33.4964686 ], [ 133.56294170000001, 33.4964493 ], [ 133.5630677, 33.4964387 ], [ 133.563581, 33.4964329 ], [ 133.563704699999988, 33.4964271 ], [ 133.563818, 33.4964126 ], [ 133.5639081, 33.4963895 ], [ 133.564037899999988, 33.4963496 ], [ 133.564134, 33.4963188 ], [ 133.5641933, 33.4963023 ], [ 133.5642588, 33.4962972 ], [ 133.564317499999987, 33.496303 ], [ 133.5643945, 33.4963163 ], [ 133.5645158, 33.4963644 ] ] } },
{ "type": "Feature", "properties": { "u": 1431984910, "v": 1431984919, "key": 0, "osmid": "734500724", "lanes": null, "ref": null, "name": null, "highway": "unclassified", "maxspeed": null, "oneway": false, "reversed": "True", "length": 18.599, "tunnel": null, "width": null, "bridge": null, "access": null, "service": null }, "geometry": { "type": "LineString", "coordinates": [ [ 133.562531299999989, 33.4966896 ], [ 133.5624746, 33.496778 ], [ 133.5624456, 33.4968405 ] ] } },
{ "type": "Feature", "properties": { "u": 1431984910, "v": 12709933162, "key": 0, "osmid": "1178534956", "lanes": null, "ref": null, "name": null, "highway": "residential", "maxspeed": null, "oneway": false, "reversed": "False", "length": 81.834, "tunnel": null, "width": null, "bridge": null, "access": null, "service": null }, "geometry": { "type": "LineString", "coordinates": [ [ 133.562531299999989, 33.4966896 ], [ 133.5619599, 33.4966024 ], [ 133.5618517, 33.4968372 ] ] } },
{ "type": "Feature", "properties": { "u": 1431984919, "v": 1431984910, "key": 0, "osmid": "734500724", "lanes": null, "ref": null, "name": null, "highway": "unclassified", "maxspeed": null, "oneway": false, "reversed": "False", "length": 18.599, "tunnel": null, "width": null, "bridge": null, "access": null, "service": null }, "geometry": { "type": "LineString", "coordinates": [ [ 133.5624456, 33.4968405 ], [ 133.5624746, 33.496778 ], [ 133.562531299999989, 33.4966896 ] ] } },
{ "type": "Feature", "properties": { "u": 1431984919, "v": 1557772933, "key": 0, "osmid": "734500724", "lanes": null, "ref": null, "name": null, "highway": "unclassified", "maxspeed": null, "oneway": false, "reversed": "True", "length": 854.893, "tunnel": null, "width": null, "bridge": null, "access": null, "service": null }, "geometry": { "type": "LineString", "coordinates": [ [ 133.5624456, 33.4968405 ], [ 133.5624295, 33.496914 ], [ 133.5624411, 33.4970027 ], [ 133.562479200000013, 33.4971617 ], [ 133.5626342, 33.4978539 ], [ 133.562651499999987, 33.4979542 ], [ 133.562651499999987, 33.4980072 ], [ 133.5626446, 33.4980612 ], [ 133.5626029, 33.4981393 ], [ 133.5625475, 33.4982048 ], [ 133.562453799999986, 33.4982781 ], [ 133.562048, 33.4986049 ], [ 133.5616503, 33.4989394 ], [ 133.561574, 33.498977 ], [ 133.5613473, 33.4989505 ], [ 133.5611381, 33.4989033 ], [ 133.5608311, 33.4988456 ], [ 133.560696299999989, 33.4988246 ], [ 133.560593899999986, 33.4988075 ], [ 133.5605295, 33.4987813 ], [ 133.560482799999988, 33.4987575 ], [ 133.5604435, 33.4986746 ], [ 133.560406300000011, 33.4985211 ], [ 133.5603606, 33.4984232 ], [ 133.5602816, 33.4983649 ], [ 133.5601833, 33.49828 ], [ 133.559966, 33.4981422 ], [ 133.5598608, 33.498094 ], [ 133.5597452, 33.4980525 ], [ 133.559605299999987, 33.4980111 ], [ 133.559455, 33.497985 ], [ 133.5593035, 33.4979754 ], [ 133.55917980000001, 33.4979725 ], [ 133.5590723, 33.4979783 ], [ 133.5589625, 33.4979995 ], [ 133.5588804, 33.4980294 ], [ 133.558797199999987, 33.4980814 ], [ 133.558744, 33.4981364 ], [ 133.5587047, 33.4981952 ], [ 133.558686200000011, 33.4982588 ], [ 133.5586769, 33.4983475 ], [ 133.5586735, 33.4984025 ], [ 133.558655, 33.4984651 ], [ 133.558621499999987, 33.4985249 ], [ 133.5585787, 33.498576 ], [ 133.5584064, 33.4987563 ], [ 133.5583532, 33.4987967 ], [ 133.558301199999988, 33.4988209 ], [ 133.5582284, 33.4988334 ], [ 133.55814860000001, 33.4988334 ], [ 133.558056099999988, 33.4988199 ], [ 133.5577232, 33.4987659 ], [ 133.5575012, 33.498736 ], [ 133.5574226, 33.4987119 ], [ 133.5573579, 33.4986849 ], [ 133.557303499999989, 33.4986406 ], [ 133.5572596, 33.4985982 ], [ 133.5569764, 33.4982742 ], [ 133.5569047, 33.4982145 ], [ 133.5568342, 33.498174 ], [ 133.55679, 33.4981592 ] ] } },
{ "type": "Feature", "properties": { "u": 1431984919, "v": 12709933162, "key": 0, "osmid": "1178534955", "lanes": null, "ref": null, "name": null, "highway": "unclassified", "maxspeed": null, "oneway": false, "reversed": "False", "length": 56.227, "tunnel": null, "width": null, "bridge": null, "access": null, "service": null }, "geometry": { "type": "LineString", "coordinates": [ [ 133.5624456, 33.4968405 ], [ 133.5620677, 33.4968794 ], [ 133.5619701, 33.4968777 ], [ 133.5618517, 33.4968372 ] ] } },
{ "type": "Feature", "properties": { "u": 1431985005, "v": 5379614803, "key": 0, "osmid": "557829130", "lanes": null, "ref": null, "name": null, "highway": "path", "maxspeed": null, "oneway": false, "reversed": "False", "length": 37.447, "tunnel": null, "width": null, "bridge": null, "access": null, "service": null }, "geometry": { "type": "LineString", "coordinates": [ [ 133.567588300000011, 33.4984033 ], [ 133.5678912, 33.498466 ], [ 133.5678708, 33.4985406 ] ] } },
{ "type": "Feature", "properties": { "u": 1431985005, "v": 6290324517, "key": 0, "osmid": "734500724", "lanes": null, "ref": null, "name": null, "highway": "unclassified", "maxspeed": null, "oneway": false, "reversed": "False", "length": 70.972, "tunnel": null, "width": null, "bridge": null, "access": null, "service": null }, "geometry": { "type": "LineString", "coordinates": [ [ 133.567588300000011, 33.4984033 ], [ 133.567671600000011, 33.4983899 ], [ 133.568331, 33.4984262 ], [ 133.5683507, 33.4984272 ] ] } },
{ "type": "Feature", "properties": { "u": 1431985005, "v": 564465465, "key": 0, "osmid": "734500724", "lanes": null, "ref": null, "name": null, "highway": "unclassified", "maxspeed": null, "oneway": false, "reversed": "True", "length": 131.41, "tunnel": null, "width": null, "bridge": null, "access": null, "service": null }, "geometry": { "type": "LineString", "coordinates": [ [ 133.567588300000011, 33.4984033 ], [ 133.5674061, 33.4983691 ], [ 133.5674769, 33.4982118 ], [ 133.567571, 33.4979598 ], [ 133.567572500000011, 33.4978824 ], [ 133.567561, 33.4978262 ], [ 133.567456, 33.4976727 ], [ 133.5674042, 33.4976271 ], [ 133.5673109, 33.4975755 ], [ 133.567167500000011, 33.4975333 ] ] } },
{ "type": "Feature", "properties": { "u": 1431985067, "v": 6280082900, "key": 0, "osmid": "734500724", "lanes": null, "ref": null, "name": null, "highway": "unclassified", "maxspeed": null, "oneway": false, "reversed": "False", "length": 13.12, "tunnel": null, "width": null, "bridge": null, "access": null, "service": null }, "geometry": { "type": "LineString", "coordinates": [ [ 133.573111399999988, 33.4994195 ], [ 133.5732528, 33.4994239 ] ] } },
{ "type": "Feature", "properties": { "u": 1431985067, "v": 6280082814, "key": 0, "osmid": [ 670634174, 317513943 ], "lanes": null, "ref": null, "name": null, "highway": [ "path", "unclassified" ], "maxspeed": null, "oneway": false, "reversed": "True", "length": 128.066, "tunnel": null, "width": null, "bridge": null, "access": null, "service": null }, "geometry": { "type": "LineString", "coordinates": [ [ 133.573111399999988, 33.4994195 ], [ 133.572998, 33.4994304 ], [ 133.5727383, 33.4994027 ], [ 133.5726501, 33.4993941 ], [ 133.572019, 33.4993228 ], [ 133.5717411, 33.4992979 ] ] } },
{ "type": "Feature", "properties": { "u": 1431985067, "v": 6280082807, "key": 0, "osmid": "734500724", "lanes": null, "ref": null, "name": null, "highway": "unclassified", "maxspeed": null, "oneway": false, "reversed": "True", "length": 24.864, "tunnel": null, "width": null, "bridge": null, "access": null, "service": null }, "geometry": { "type": "LineString", "coordinates": [ [ 133.573111399999988, 33.4994195 ], [ 133.5729939, 33.4993962 ], [ 133.572855800000013, 33.4993533 ] ] } },
{ "type": "Feature", "properties": { "u": 1431985079, "v": 1557773303, "key": 0, "osmid": "129854034", "lanes": null, "ref": null, "name": null, "highway": "unclassified", "maxspeed": null, "oneway": false, "reversed": "False", "length": 3.116, "tunnel": null, "width": null, "bridge": null, "access": null, "service": null }, "geometry": { "type": "LineString", "coordinates": [ [ 133.5435847, 33.4997389 ], [ 133.5435572, 33.499755 ] ] } },
{ "type": "Feature", "properties": { "u": 1431985079, "v": 9935108932, "key": 0, "osmid": "129854034", "lanes": null, "ref": null, "name": null, "highway": "unclassified", "maxspeed": null, "oneway": false, "reversed": "True", "length": 82.281, "tunnel": null, "width": null, "bridge": null, "access": null, "service": null }, "geometry": { "type": "LineString", "coordinates": [ [ 133.5435847, 33.4997389 ], [ 133.543709400000012, 33.4996866 ], [ 133.543884600000013, 33.4996354 ], [ 133.5441971, 33.4995691 ], [ 133.5443814, 33.4995496 ], [ 133.5444353, 33.49955 ] ] } },
{ "type": "Feature", "properties": { "u": 1431985079, "v": 1557773002, "key": 0, "osmid": "142327606", "lanes": null, "ref": null, "name": null, "highway": "residential", "maxspeed": null, "oneway": false, "reversed": "False", "length": 223.907, "tunnel": null, "width": null, "bridge": null, "access": null, "service": null }, "geometry": { "type": "LineString", "coordinates": [ [ 133.5435847, 33.4997389 ], [ 133.5434416, 33.4994701 ], [ 133.543455599999987, 33.4991525 ], [ 133.543349799999987, 33.4989753 ], [ 133.543323500000014, 33.4986459 ], [ 133.54357, 33.4986088 ], [ 133.5443625, 33.4985368 ] ] } },
{ "type": "Feature", "properties": { "u": 1431985103, "v": 5447091880, "key": 0, "osmid": [ 565631025, 44407518 ], "lanes": null, "ref": null, "name": null, "highway": "unclassified", "maxspeed": null, "oneway": false, "reversed": "False", "length": 332.198, "tunnel": null, "width": null, "bridge": null, "access": null, "service": null }, "geometry": { "type": "LineString", "coordinates": [ [ 133.5520688, 33.5000364 ], [ 133.5521627, 33.5000776 ], [ 133.5523016, 33.5001757 ], [ 133.5525297, 33.5002776 ], [ 133.5528237, 33.5003646 ], [ 133.553028500000011, 33.5004224 ], [ 133.553195100000011, 33.5004185 ], [ 133.5533445, 33.5004114 ], [ 133.553737500000011, 33.5003937 ], [ 133.5539769, 33.5004082 ], [ 133.5541575, 33.5004488 ], [ 133.554328199999986, 33.5004924 ], [ 133.5545806, 33.5005442 ], [ 133.554689599999989, 33.5005449 ], [ 133.5548109, 33.5005277 ], [ 133.5549599, 33.500516 ], [ 133.55519480000001, 33.5005037 ], [ 133.555248400000011, 33.5005019 ], [ 133.5552528, 33.5002839 ] ] } },
{ "type": "Feature", "properties": { "u": 1431985103, "v": 5348084062, "key": 0, "osmid": "44407518", "lanes": null, "ref": null, "name": null, "highway": "unclassified", "maxspeed": null, "oneway": false, "reversed": "True", "length": 24.162, "tunnel": null, "width": null, "bridge": null, "access": null, "service": null }, "geometry": { "type": "LineString", "coordinates": [ [ 133.5520688, 33.5000364 ], [ 133.551966, 33.4999488 ], [ 133.551879500000013, 33.4998874 ] ] } },
{ "type": "Feature", "properties": { "u": 1431985103, "v": 5348277744, "key": 0, "osmid": "554143356", "lanes": null, "ref": null, "name": null, "highway": "tertiary", "maxspeed": null, "oneway": false, "reversed": "False", "length": 50.836, "tunnel": null, "width": null, "bridge": null, "access": null, "service": null }, "geometry": { "type": "LineString", "coordinates": [ [ 133.5520688, 33.5000364 ], [ 133.5523509, 33.4997788 ], [ 133.552468800000014, 33.4997333 ] ] } },
{ "type": "Feature", "properties": { "u": 1431985105, "v": 9935063192, "key": 0, "osmid": "44407518", "lanes": null, "ref": null, "name": null, "highway": "unclassified", "maxspeed": null, "oneway": false, "reversed": "False", "length": 125.064, "tunnel": null, "width": null, "bridge": null, "access": null, "service": null }, "geometry": { "type": "LineString", "coordinates": [ [ 133.546125600000011, 33.5000104 ], [ 133.5462418, 33.5000973 ], [ 133.5464301, 33.5002185 ], [ 133.54656940000001, 33.5002892 ], [ 133.5466519, 33.5003193 ], [ 133.5467405, 33.5003296 ], [ 133.5470374, 33.5002973 ], [ 133.5472677, 33.5002692 ], [ 133.5473464, 33.5002569 ] ] } },
{ "type": "Feature", "properties": { "u": 1431985105, "v": 1557773115, "key": 0, "osmid": "44407530", "lanes": null, "ref": null, "name": null, "highway": "unclassified", "maxspeed": null, "oneway": false, "reversed": "True", "length": 100.606, "tunnel": null, "width": null, "bridge": null, "access": null, "service": null }, "geometry": { "type": "LineString", "coordinates": [ [ 133.546125600000011, 33.5000104 ], [ 133.5461704, 33.4999747 ], [ 133.546211699999986, 33.4998789 ], [ 133.546193, 33.4993465 ], [ 133.5461607, 33.4991295 ] ] } },
{ "type": "Feature", "properties": { "u": 1431985105, "v": 1557773271, "key": 0, "osmid": "129854034", "lanes": null, "ref": null, "name": null, "highway": "unclassified", "maxspeed": null, "oneway": false, "reversed": "False", "length": 119.376, "tunnel": null, "width": null, "bridge": null, "access": null, "service": null }, "geometry": { "type": "LineString", "coordinates": [ [ 133.546125600000011, 33.5000104 ], [ 133.5459897, 33.49994 ], [ 133.5459016, 33.4998905 ], [ 133.545836400000013, 33.4998454 ], [ 133.545683, 33.4997564 ], [ 133.5455203, 33.499691 ], [ 133.54516670000001, 33.4996153 ], [ 133.5449658, 33.4995861 ] ] } },
{ "type": "Feature", "properties": { "u": 1431985109, "v": 5348277756, "key": 0, "osmid": "44405081", "lanes": "1", "ref": "34", "name": "桂浜はりまや線", "highway": "primary", "maxspeed": null, "oneway": false, "reversed": "False", "length": 44.391, "tunnel": null, "width": null, "bridge": null, "access": null, "service": null }, "geometry": { "type": "LineString", "coordinates": [ [ 133.549847699999987, 33.5001172 ], [ 133.5498259, 33.500516 ] ] } },
{ "type": "Feature", "properties": { "u": 1431985109, "v": 1557773242, "key": 0, "osmid": "44405081", "lanes": "1", "ref": "34", "name": "桂浜はりまや線", "highway": "primary", "maxspeed": null, "oneway": false, "reversed": "True", "length": 70.532, "tunnel": null, "width": null, "bridge": null, "access": null, "service": null }, "geometry": { "type": "LineString", "coordinates": [ [ 133.549847699999987, 33.5001172 ], [ 133.549845, 33.5000324 ], [ 133.5498375, 33.4998197 ], [ 133.5498416, 33.4995859 ], [ 133.5498925, 33.4994922 ] ] } },
{ "type": "Feature", "properties": { "u": 1431985109, "v": 9801818794, "key": 0, "osmid": "44407518", "lanes": null, "ref": null, "name": null, "highway": "unclassified", "maxspeed": null, "oneway": false, "reversed": "False", "length": 140.744, "tunnel": null, "width": null, "bridge": null, "access": null, "service": null }, "geometry": { "type": "LineString", "coordinates": [ [ 133.549847699999987, 33.5001172 ], [ 133.5503023, 33.500041 ], [ 133.5513435, 33.4999034 ] ] } },
{ "type": "Feature", "properties": { "u": 1431985109, "v": 9935063178, "key": 0, "osmid": "44407518", "lanes": null, "ref": null, "name": null, "highway": "unclassified", "maxspeed": null, "oneway": false, "reversed": "True", "length": 89.9, "tunnel": null, "width": null, "bridge": null, "access": null, "service": null }, "geometry": { "type": "LineString", "coordinates": [ [ 133.549847699999987, 33.5001172 ], [ 133.5496362, 33.5001562 ], [ 133.5494541, 33.5001875 ], [ 133.5492648, 33.5002044 ], [ 133.5489945, 33.5002044 ], [ 133.5488882, 33.5002064 ] ] } },
{ "type": "Feature", "properties": { "u": 1431985144, "v": 5447091879, "key": 0, "osmid": "734500724", "lanes": null, "ref": null, "name": null, "highway": "unclassified", "maxspeed": null, "oneway": false, "reversed": "False", "length": 245.52, "tunnel": null, "width": null, "bridge": null, "access": null, "service": null }, "geometry": { "type": "LineString", "coordinates": [ [ 133.5554023, 33.5004969 ], [ 133.5553952, 33.5001941 ], [ 133.5554661, 33.4993132 ], [ 133.5555132, 33.4988314 ], [ 133.5555312, 33.4985913 ], [ 133.5555599, 33.4984306 ], [ 133.5555893, 33.498297 ] ] } },
{ "type": "Feature", "properties": { "u": 1557771248, "v": 10255230944, "key": 0, "osmid": "142325228", "lanes": null, "ref": null, "name": null, "highway": "unclassified", "maxspeed": null, "oneway": false, "reversed": "False", "length": 348.286, "tunnel": null, "width": null, "bridge": null, "access": null, "service": null }, "geometry": { "type": "LineString", "coordinates": [ [ 133.555998, 33.4913479 ], [ 133.5548259, 33.4909873 ], [ 133.5541809, 33.4907661 ], [ 133.554052, 33.4907245 ], [ 133.553394200000014, 33.4904898 ], [ 133.5525568, 33.4901897 ], [ 133.5525139, 33.4901819 ] ] } },
{ "type": "Feature", "properties": { "u": 1557771248, "v": 10255230928, "key": 0, "osmid": "142326450", "lanes": null, "ref": null, "name": null, "highway": "service", "maxspeed": null, "oneway": false, "reversed": "True", "length": 96.452, "tunnel": null, "width": null, "bridge": null, "access": null, "service": null }, "geometry": { "type": "LineString", "coordinates": [ [ 133.555998, 33.4913479 ], [ 133.5563066, 33.4914335 ], [ 133.556337500000012, 33.4914395 ], [ 133.5569082, 33.4915983 ], [ 133.5569827, 33.4916259 ] ] } },
{ "type": "Feature", "properties": { "u": 1557771248, "v": 1557771508, "key": 0, "osmid": "142326539", "lanes": null, "ref": null, "name": null, "highway": "path", "maxspeed": null, "oneway": false, "reversed": "False", "length": 155.642, "tunnel": null, "width": null, "bridge": null, "access": null, "service": null }, "geometry": { "type": "LineString", "coordinates": [ [ 133.555998, 33.4913479 ], [ 133.555897, 33.491666 ], [ 133.555762, 33.49206 ], [ 133.555702, 33.492246 ], [ 133.555555700000014, 33.4926981 ] ] } },
{ "type": "Feature", "properties": { "u": 1557771371, "v": 10179631143, "key": 0, "osmid": "44407514", "lanes": null, "ref": "34", "name": "桂浜はりまや線", "highway": "primary", "maxspeed": null, "oneway": false, "reversed": "True", "length": 14.451, "tunnel": null, "width": null, "bridge": null, "access": null, "service": null }, "geometry": { "type": "LineString", "coordinates": [ [ 133.5584911, 33.4920447 ], [ 133.558535799999987, 33.4919202 ] ] } },
{ "type": "Feature", "properties": { "u": 1557771371, "v": 564443111, "key": 0, "osmid": "44407514", "lanes": null, "ref": "34", "name": "桂浜はりまや線", "highway": "primary", "maxspeed": null, "oneway": false, "reversed": "False", "length": 139.757, "tunnel": null, "width": null, "bridge": null, "access": null, "service": null }, "geometry": { "type": "LineString", "coordinates": [ [ 133.5584911, 33.4920447 ], [ 133.5583899, 33.4923297 ], [ 133.5581584, 33.4931568 ], [ 133.5581336, 33.4932166 ], [ 133.5581009, 33.4932549 ] ] } },
{ "type": "Feature", "properties": { "u": 1557771371, "v": 6303771989, "key": 0, "osmid": "142325378", "lanes": null, "ref": null, "name": null, "highway": "path", "maxspeed": null, "oneway": false, "reversed": "False", "length": 39.28, "tunnel": null, "width": null, "bridge": null, "access": null, "service": null }, "geometry": { "type": "LineString", "coordinates": [ [ 133.5584911, 33.4920447 ], [ 133.5584121, 33.4920332 ], [ 133.5580898, 33.4919344 ] ] } },
{ "type": "Feature", "properties": { "u": 1557771371, "v": 1557771425, "key": 0, "osmid": "142325661", "lanes": null, "ref": null, "name": null, "highway": "path", "maxspeed": null, "oneway": false, "reversed": "True", "length": 84.871, "tunnel": null, "width": null, "bridge": null, "access": null, "service": null }, "geometry": { "type": "LineString", "coordinates": [ [ 133.5584911, 33.4920447 ], [ 133.5586224, 33.4920652 ], [ 133.5588423, 33.4921313 ], [ 133.5590905, 33.4922163 ], [ 133.559194600000012, 33.492253 ], [ 133.5593206, 33.4922868 ], [ 133.5593534, 33.4922949 ] ] } },
{ "type": "Feature", "properties": { "u": 1557771425, "v": 1557771371, "key": 0, "osmid": "142325661", "lanes": null, "ref": null, "name": null, "highway": "path", "maxspeed": null, "oneway": false, "reversed": "False", "length": 84.871, "tunnel": null, "width": null, "bridge": null, "access": null, "service": null }, "geometry": { "type": "LineString", "coordinates": [ [ 133.5593534, 33.4922949 ], [ 133.5593206, 33.4922868 ], [ 133.559194600000012, 33.492253 ], [ 133.5590905, 33.4922163 ], [ 133.5588423, 33.4921313 ], [ 133.5586224, 33.4920652 ], [ 133.5584911, 33.4920447 ] ] } },
{ "type": "Feature", "properties": { "u": 1557771425, "v": 6303772614, "key": 0, "osmid": "142325661", "lanes": null, "ref": null, "name": null, "highway": "path", "maxspeed": null, "oneway": false, "reversed": "True", "length": 48.181, "tunnel": null, "width": null, "bridge": null, "access": null, "service": null }, "geometry": { "type": "LineString", "coordinates": [ [ 133.5593534, 33.4922949 ], [ 133.5593986, 33.4923025 ], [ 133.5595095, 33.4923306 ], [ 133.559719, 33.492392 ], [ 133.5598426, 33.4924383 ] ] } },
{ "type": "Feature", "properties": { "u": 1557771425, "v": 1557771678, "key": 0, "osmid": "142326666", "lanes": null, "ref": null, "name": null, "highway": "service", "maxspeed": null, "oneway": false, "reversed": "False", "length": 129.775, "tunnel": null, "width": null, "bridge": null, "access": null, "service": null }, "geometry": { "type": "LineString", "coordinates": [ [ 133.5593534, 33.4922949 ], [ 133.5593414, 33.4923288 ], [ 133.5593087, 33.4924333 ], [ 133.559251, 33.492573 ], [ 133.559051399999987, 33.4931858 ], [ 133.5589838, 33.4934201 ] ] } },
{ "type": "Feature", "properties": { "u": 1557771475, "v": 564465189, "key": 0, "osmid": "142325172", "lanes": null, "ref": null, "name": null, "highway": "unclassified", "maxspeed": null, "oneway": false, "reversed": "False", "length": 42.072, "tunnel": null, "width": null, "bridge": null, "access": null, "service": null }, "geometry": { "type": "LineString", "coordinates": [ [ 133.5510887, 33.4925533 ], [ 133.55146830000001, 33.4926562 ], [ 133.5515212, 33.4926673 ] ] } },
{ "type": "Feature", "properties": { "u": 1557771475, "v": 1557771537, "key": 0, "osmid": "142325172", "lanes": null, "ref": null, "name": null, "highway": "unclassified", "maxspeed": null, "oneway": false, "reversed": "True", "length": 107.862, "tunnel": null, "width": null, "bridge": null, "access": null, "service": null }, "geometry": { "type": "LineString", "coordinates": [ [ 133.5510887, 33.4925533 ], [ 133.550931600000013, 33.4925305 ], [ 133.5508884, 33.4926944 ], [ 133.5508766, 33.4927057 ], [ 133.5508524, 33.4927108 ], [ 133.5507441, 33.4926944 ], [ 133.5505714, 33.4928156 ], [ 133.550478, 33.4930946 ], [ 133.5504593, 33.4931052 ], [ 133.5504343, 33.4931089 ], [ 133.550405899999987, 33.493109 ] ] } },
{ "type": "Feature", "properties": { "u": 1557771475, "v": 10180235167, "key": 0, "osmid": "1112664428", "lanes": null, "ref": null, "name": null, "highway": "path", "maxspeed": null, "oneway": false, "reversed": "False", "length": 158.137, "tunnel": null, "width": null, "bridge": null, "access": null, "service": null }, "geometry": { "type": "LineString", "coordinates": [ [ 133.5510887, 33.4925533 ], [ 133.5509123, 33.4924797 ], [ 133.5507986, 33.4924539 ], [ 133.5504885, 33.4923439 ], [ 133.5502169, 33.4922341 ], [ 133.5499113, 33.49213 ], [ 133.549519800000013, 33.4920002 ] ] } },
{ "type": "Feature", "properties": { "u": 1557771508, "v": 6303772299, "key": 0, "osmid": "129809749", "lanes": null, "ref": null, "name": null, "highway": "unclassified", "maxspeed": "30", "oneway": false, "reversed": "False", "length": 98.266, "tunnel": null, "width": null, "bridge": null, "access": null, "service": null }, "geometry": { "type": "LineString", "coordinates": [ [ 133.555555700000014, 33.4926981 ], [ 133.5558054, 33.4927752 ], [ 133.556565799999987, 33.4929641 ] ] } },
{ "type": "Feature", "properties": { "u": 1557771508, "v": 564465174, "key": 0, "osmid": "129809749", "lanes": null, "ref": null, "name": null, "highway": "unclassified", "maxspeed": "30", "oneway": false, "reversed": "True", "length": 358.942, "tunnel": null, "width": null, "bridge": null, "access": null, "service": null }, "geometry": { "type": "LineString", "coordinates": [ [ 133.555555700000014, 33.4926981 ], [ 133.5535004, 33.4920884 ], [ 133.553096, 33.4919811 ], [ 133.5518539, 33.4917817 ] ] } },
{ "type": "Feature", "properties": { "u": 1557771508, "v": 1557771706, "key": 0, "osmid": "142326014", "lanes": null, "ref": null, "name": null, "highway": "path", "maxspeed": null, "oneway": false, "reversed": "False", "length": 104.275, "tunnel": null, "width": null, "bridge": null, "access": null, "service": null }, "geometry": { "type": "LineString", "coordinates": [ [ 133.555555700000014, 33.4926981 ], [ 133.555346, 33.493299 ], [ 133.5552394, 33.493598 ] ] } },
{ "type": "Feature", "properties": { "u": 1557771508, "v": 1557771248, "key": 0, "osmid": "142326539", "lanes": null, "ref": null, "name": null, "highway": "path", "maxspeed": null, "oneway": false, "reversed": "True", "length": 155.642, "tunnel": null, "width": null, "bridge": null, "access": null, "service": null }, "geometry": { "type": "LineString", "coordinates": [ [ 133.555555700000014, 33.4926981 ], [ 133.555702, 33.492246 ], [ 133.555762, 33.49206 ], [ 133.555897, 33.491666 ], [ 133.555998, 33.4913479 ] ] } },
{ "type": "Feature", "properties": { "u": 1557771520, "v": 12709155884, "key": 0, "osmid": "142326138", "lanes": null, "ref": null, "name": null, "highway": "residential", "maxspeed": null, "oneway": false, "reversed": "False", "length": 16.007, "tunnel": null, "width": null, "bridge": null, "access": null, "service": null }, "geometry": { "type": "LineString", "coordinates": [ [ 133.5608901, 33.4927317 ], [ 133.5609627, 33.4926011 ] ] } },
{ "type": "Feature", "properties": { "u": 1557771520, "v": 6303772621, "key": 0, "osmid": "142325661", "lanes": null, "ref": null, "name": null, "highway": "path", "maxspeed": null, "oneway": false, "reversed": "False", "length": 62.758, "tunnel": null, "width": null, "bridge": null, "access": null, "service": null }, "geometry": { "type": "LineString", "coordinates": [ [ 133.5608901, 33.4927317 ], [ 133.5607952, 33.4927084 ], [ 133.560574800000012, 33.492646 ], [ 133.5605478, 33.4926417 ], [ 133.560521599999987, 33.4926381 ], [ 133.5604545, 33.4926295 ], [ 133.560359, 33.4926161 ], [ 133.5603456, 33.4926165 ], [ 133.560237, 33.4925907 ] ] } },
{ "type": "Feature", "properties": { "u": 1557771520, "v": 6303772627, "key": 0, "osmid": "142325661", "lanes": null, "ref": null, "name": null, "highway": "path", "maxspeed": null, "oneway": false, "reversed": "True", "length": 30.977, "tunnel": null, "width": null, "bridge": null, "access": null, "service": null }, "geometry": { "type": "LineString", "coordinates": [ [ 133.5608901, 33.4927317 ], [ 133.5610786, 33.4927803 ], [ 133.561210100000011, 33.4928116 ] ] } },
{ "type": "Feature", "properties": { "u": 1557771520, "v": 6303772600, "key": 0, "osmid": "142326138", "lanes": null, "ref": null, "name": null, "highway": "residential", "maxspeed": null, "oneway": false, "reversed": "True", "length": 50.027, "tunnel": null, "width": null, "bridge": null, "access": null, "service": null }, "geometry": { "type": "LineString", "coordinates": [ [ 133.5608901, 33.4927317 ], [ 133.5608326, 33.4928274 ], [ 133.5606957, 33.4931002 ], [ 133.560690099999988, 33.4931471 ] ] } },
{ "type": "Feature", "properties": { "u": 1557771526, "v": 1557771537, "key": 0, "osmid": "142325172", "lanes": null, "ref": null, "name": null, "highway": "unclassified", "maxspeed": null, "oneway": false, "reversed": "False", "length": 112.623, "tunnel": null, "width": null, "bridge": null, "access": null, "service": null }, "geometry": { "type": "LineString", "coordinates": [ [ 133.5492611, 33.4927708 ], [ 133.550405899999987, 33.493109 ] ] } },
{ "type": "Feature", "properties": { "u": 1557771537, "v": 1557771526, "key": 0, "osmid": "142325172", "lanes": null, "ref": null, "name": null, "highway": "unclassified", "maxspeed": null, "oneway": false, "reversed": "True", "length": 112.623, "tunnel": null, "width": null, "bridge": null, "access": null, "service": null }, "geometry": { "type": "LineString", "coordinates": [ [ 133.550405899999987, 33.493109 ], [ 133.5492611, 33.4927708 ] ] } },
{ "type": "Feature", "properties": { "u": 1557771537, "v": 5505868013, "key": 0, "osmid": "1084173834", "lanes": null, "ref": null, "name": null, "highway": "path", "maxspeed": null, "oneway": false, "reversed": "True", "length": 103.265, "tunnel": null, "width": null, "bridge": null, "access": null, "service": null }, "geometry": { "type": "LineString", "coordinates": [ [ 133.550405899999987, 33.493109 ], [ 133.5501346, 33.4940097 ] ] } },
{ "type": "Feature", "properties": { "u": 1557771537, "v": 1557771475, "key": 0, "osmid": "142325172", "lanes": null, "ref": null, "name": null, "highway": "unclassified", "maxspeed": null, "oneway": false, "reversed": "False", "length": 107.862, "tunnel": null, "width": null, "bridge": null, "access": null, "service": null }, "geometry": { "type": "LineString", "coordinates": [ [ 133.550405899999987, 33.493109 ], [ 133.5504343, 33.4931089 ], [ 133.5504593, 33.4931052 ], [ 133.550478, 33.4930946 ], [ 133.5505714, 33.4928156 ], [ 133.5507441, 33.4926944 ], [ 133.5508524, 33.4927108 ], [ 133.5508766, 33.4927057 ], [ 133.5508884, 33.4926944 ], [ 133.550931600000013, 33.4925305 ], [ 133.5510887, 33.4925533 ] ] } },
{ "type": "Feature", "properties": { "u": 1557771561, "v": 5483863129, "key": 0, "osmid": "24226805", "lanes": "2", "ref": "34", "name": "県道34号線", "highway": "primary", "maxspeed": "50", "oneway": false, "reversed": "True", "length": 4.746, "tunnel": null, "width": null, "bridge": null, "access": null, "service": null }, "geometry": { "type": "LineString", "coordinates": [ [ 133.546671300000014, 33.4929784 ], [ 133.5466999, 33.492943 ] ] } },
{ "type": "Feature", "properties": { "u": 1557771561, "v": 4942039778, "key": 0, "osmid": "142325323", "lanes": null, "ref": null, "name": null, "highway": "unclassified", "maxspeed": null, "oneway": false, "reversed": "False", "length": 8.938, "tunnel": null, "width": null, "bridge": null, "access": null, "service": null }, "geometry": { "type": "LineString", "coordinates": [ [ 133.546671300000014, 33.4929784 ], [ 133.546759400000013, 33.493011 ] ] } },
{ "type": "Feature", "properties": { "u": 1557771561, "v": 262314443, "key": 0, "osmid": "24226805", "lanes": "2", "ref": "34", "name": "県道34号線", "highway": "primary", "maxspeed": "50", "oneway": false, "reversed": "False", "length": 57.472, "tunnel": null, "width": null, "bridge": null, "access": null, "service": null }, "geometry": { "type": "LineString", "coordinates": [ [ 133.546671300000014, 33.4929784 ], [ 133.5465235, 33.4931951 ], [ 133.5464895, 33.493244 ], [ 133.546377400000011, 33.4934332 ] ] } },
{ "type": "Feature", "properties": { "u": 1557771604, "v": 1557771793, "key": 0, "osmid": "142326387", "lanes": null, "ref": null, "name": null, "highway": "service", "maxspeed": null, "oneway": false, "reversed": "False", "length": 120.538, "tunnel": null, "width": null, "bridge": null, "access": null, "service": null }, "geometry": { "type": "LineString", "coordinates": [ [ 133.5531282, 33.4931493 ], [ 133.55304240000001, 33.4934177 ], [ 133.553071499999987, 33.4937834 ], [ 133.5531062, 33.4942222 ] ] } },
{ "type": "Feature", "properties": { "u": 1557771604, "v": 1557771706, "key": 0, "osmid": "142326543", "lanes": null, "ref": null, "name": null, "highway": "residential", "maxspeed": null, "oneway": false, "reversed": "True", "length": 202.14, "tunnel": null, "width": null, "bridge": null, "access": null, "service": null }, "geometry": { "type": "LineString", "coordinates": [ [ 133.5531282, 33.4931493 ], [ 133.5532392, 33.4931844 ], [ 133.5545057, 33.4934625 ], [ 133.5552394, 33.493598 ] ] } },
{ "type": "Feature", "properties": { "u": 1557771604, "v": 564465189, "key": 0, "osmid": "142327109", "lanes": null, "ref": null, "name": null, "highway": "residential", "maxspeed": null, "oneway": false, "reversed": "False", "length": 158.393, "tunnel": null, "width": null, "bridge": null, "access": null, "service": null }, "geometry": { "type": "LineString", "coordinates": [ [ 133.5531282, 33.4931493 ], [ 133.553054, 33.493126 ], [ 133.552582, 33.492984 ], [ 133.552389, 33.492922 ], [ 133.551965, 33.492792 ], [ 133.5515591, 33.4926752 ], [ 133.5515212, 33.4926673 ] ] } },
{ "type": "Feature", "properties": { "u": 1557771608, "v": 1557771628, "key": 0, "osmid": "142326633", "lanes": null, "ref": null, "name": null, "highway": "residential", "maxspeed": null, "oneway": false, "reversed": "False", "length": 36.634, "tunnel": null, "width": null, "bridge": null, "access": null, "service": null }, "geometry": { "type": "LineString", "coordinates": [ [ 133.5477802, 33.4930275 ], [ 133.547631700000011, 33.4933328 ] ] } },
{ "type": "Feature", "properties": { "u": 1557771608, "v": 4942039779, "key": 0, "osmid": "503976746", "lanes": null, "ref": null, "name": null, "highway": "residential", "maxspeed": null, "oneway": false, "reversed": "False", "length": 81.405, "tunnel": null, "width": null, "bridge": null, "access": null, "service": null }, "geometry": { "type": "LineString", "coordinates": [ [ 133.5477802, 33.4930275 ], [ 133.5469754, 33.4927351 ] ] } },
{ "type": "Feature", "properties": { "u": 1557771608, "v": 4942039777, "key": 0, "osmid": "142326633", "lanes": null, "ref": null, "name": null, "highway": "residential", "maxspeed": null, "oneway": false, "reversed": "True", "length": 135.838, "tunnel": null, "width": null, "bridge": null, "access": null, "service": null }, "geometry": { "type": "LineString", "coordinates": [ [ 133.5477802, 33.4930275 ], [ 133.548, 33.4926116 ], [ 133.548003, 33.4925467 ], [ 133.547921300000013, 33.4924366 ], [ 133.5477206, 33.4921575 ], [ 133.5476823, 33.4920237 ], [ 133.5476277, 33.4919239 ] ] } },
{ "type": "Feature", "properties": { "u": 1557771611, "v": 12710040482, "key": 0, "osmid": "129809749", "lanes": null, "ref": null, "name": null, "highway": "unclassified", "maxspeed": "30", "oneway": false, "reversed": "False", "length": 27.188, "tunnel": null, "width": null, "bridge": null, "access": null, "service": null }, "geometry": { "type": "LineString", "coordinates": [ [ 133.557577400000014, 33.4931714 ], [ 133.5578643, 33.4932218 ] ] } },
{ "type": "Feature", "properties": { "u": 1557771611, "v": 6310055102, "key": 0, "osmid": "142325439", "lanes": null, "ref": null, "name": null, "highway": "residential", "maxspeed": null, "oneway": false, "reversed": "True", "length": 89.931, "tunnel": null, "width": null, "bridge": null, "access": null, "service": null }, "geometry": { "type": "LineString", "coordinates": [ [ 133.557577400000014, 33.4931714 ], [ 133.5578543, 33.4923963 ] ] } },
{ "type": "Feature", "properties": { "u": 1557771611, "v": 6303772292, "key": 0, "osmid": "129809749", "lanes": null, "ref": null, "name": null, "highway": "unclassified", "maxspeed": "30", "oneway": false, "reversed": "True", "length": 80.149, "tunnel": null, "width": null, "bridge": null, "access": null, "service": null }, "geometry": { "type": "LineString", "coordinates": [ [ 133.557577400000014, 33.4931714 ], [ 133.5567752, 33.4930182 ], [ 133.5567359, 33.4930075 ] ] } },
{ "type": "Feature", "properties": { "u": 1557771628, "v": 4942039778, "key": 0, "osmid": "142325323", "lanes": null, "ref": null, "name": null, "highway": "unclassified", "maxspeed": null, "oneway": false, "reversed": "True", "length": 88.451, "tunnel": null, "width": null, "bridge": null, "access": null, "service": null }, "geometry": { "type": "LineString", "coordinates": [ [ 133.547631700000011, 33.4933328 ], [ 133.546759400000013, 33.493011 ] ] } },
{ "type": "Feature", "properties": { "u": 1557771628, "v": 1557771608, "key": 0, "osmid": "142326633", "lanes": null, "ref": null, "name": null, "highway": "residential", "maxspeed": null, "oneway": false, "reversed": "True", "length": 36.634, "tunnel": null, "width": null, "bridge": null, "access": null, "service": null }, "geometry": { "type": "LineString", "coordinates": [ [ 133.547631700000011, 33.4933328 ], [ 133.5477802, 33.4930275 ] ] } },
{ "type": "Feature", "properties": { "u": 1557771628, "v": 5505868017, "key": 0, "osmid": "142326909", "lanes": null, "ref": null, "name": null, "highway": "unclassified", "maxspeed": null, "oneway": false, "reversed": "False", "length": 96.773, "tunnel": null, "width": null, "bridge": null, "access": null, "service": null }, "geometry": { "type": "LineString", "coordinates": [ [ 133.547631700000011, 33.4933328 ], [ 133.5476683, 33.4933665 ], [ 133.547649, 33.493587 ], [ 133.547652199999987, 33.4936584 ], [ 133.5477031, 33.4937868 ], [ 133.5477085, 33.4938626 ], [ 133.547667499999989, 33.4941819 ] ] } },
{ "type": "Feature", "properties": { "u": 1557771678, "v": 6310054187, "key": 0, "osmid": "44405079", "lanes": "2", "ref": "34", "name": "桂浜はりまや線", "highway": "primary", "maxspeed": "30", "oneway": false, "reversed": "True", "length": 3.481, "tunnel": null, "width": null, "bridge": null, "access": null, "service": null }, "geometry": { "type": "LineString", "coordinates": [ [ 133.5589838, 33.4934201 ], [ 133.559020299999986, 33.4934274 ] ] } },
{ "type": "Feature", "properties": { "u": 1557771678, "v": 564443111, "key": 0, "osmid": "44405079", "lanes": "2", "ref": "34", "name": "桂浜はりまや線", "highway": "primary", "maxspeed": "30", "oneway": false, "reversed": "False", "length": 83.923, "tunnel": null, "width": null, "bridge": null, "access": null, "service": null }, "geometry": { "type": "LineString", "coordinates": [ [ 133.5589838, 33.4934201 ], [ 133.558264900000012, 33.4932799 ], [ 133.5581009, 33.4932549 ] ] } },
{ "type": "Feature", "properties": { "u": 1557771678, "v": 1557771425, "key": 0, "osmid": "142326666", "lanes": null, "ref": null, "name": null, "highway": "service", "maxspeed": null, "oneway": false, "reversed": "True", "length": 129.775, "tunnel": null, "width": null, "bridge": null, "access": null, "service": null }, "geometry": { "type": "LineString", "coordinates": [ [ 133.5589838, 33.4934201 ], [ 133.559051399999987, 33.4931858 ], [ 133.559251, 33.492573 ], [ 133.5593087, 33.4924333 ], [ 133.5593414, 33.4923288 ], [ 133.5593534, 33.4922949 ] ] } },
{ "type": "Feature", "properties": { "u": 1557771706, "v": 1557771508, "key": 0, "osmid": "142326014", "lanes": null, "ref": null, "name": null, "highway": "path", "maxspeed": null, "oneway": false, "reversed": "True", "length": 104.275, "tunnel": null, "width": null, "bridge": null, "access": null, "service": null }, "geometry": { "type": "LineString", "coordinates": [ [ 133.5552394, 33.493598 ], [ 133.555346, 33.493299 ], [ 133.555555700000014, 33.4926981 ] ] } },
{ "type": "Feature", "properties": { "u": 1557771706, "v": 1557771755, "key": 0, "osmid": "142326243", "lanes": null, "ref": null, "name": null, "highway": "residential", "maxspeed": null, "oneway": false, "reversed": "False", "length": 86.161, "tunnel": null, "width": null, "bridge": null, "access": null, "service": null }, "geometry": { "type": "LineString", "coordinates": [ [ 133.5552394, 33.493598 ], [ 133.5557255, 33.4936723 ], [ 133.5559544, 33.493712 ], [ 133.5559073, 33.4938751 ] ] } },
{ "type": "Feature", "properties": { "u": 1557771706, "v": 1557771604, "key": 0, "osmid": "142326543", "lanes": null, "ref": null, "name": null, "highway": "residential", "maxspeed": null, "oneway": false, "reversed": "False", "length": 202.14, "tunnel": null, "width": null, "bridge": null, "access": null, "service": null }, "geometry": { "type": "LineString", "coordinates": [ [ 133.5552394, 33.493598 ], [ 133.5545057, 33.4934625 ], [ 133.5532392, 33.4931844 ], [ 133.5531282, 33.4931493 ] ] } },
{ "type": "Feature", "properties": { "u": 1557771706, "v": 1557771999, "key": 0, "osmid": "142326743", "lanes": null, "ref": null, "name": null, "highway": "residential", "maxspeed": null, "oneway": false, "reversed": "True", "length": 146.653, "tunnel": null, "width": null, "bridge": null, "access": null, "service": null }, "geometry": { "type": "LineString", "coordinates": [ [ 133.5552394, 33.493598 ], [ 133.554986, 33.4940048 ], [ 133.5549586, 33.4940788 ], [ 133.554947199999987, 33.4941261 ], [ 133.55493580000001, 33.494176 ], [ 133.554872100000011, 33.4945808 ], [ 133.5548746, 33.4946131 ], [ 133.5548489, 33.4947932 ], [ 133.5548373, 33.4948544 ] ] } },
{ "type": "Feature", "properties": { "u": 1557771722, "v": 12709983196, "key": 0, "osmid": "44405079", "lanes": "2", "ref": "34", "name": "桂浜はりまや線", "highway": "primary", "maxspeed": "30", "oneway": false, "reversed": "False", "length": 18.129, "tunnel": null, "width": null, "bridge": null, "access": null, "service": null }, "geometry": { "type": "LineString", "coordinates": [ [ 133.5605383, 33.4937144 ], [ 133.560347299999989, 33.4936796 ] ] } },
{ "type": "Feature", "properties": { "u": 1557771722, "v": 6310054208, "key": 0, "osmid": "44405079", "lanes": "2", "ref": "34", "name": "桂浜はりまや線", "highway": "primary", "maxspeed": "30", "oneway": false, "reversed": "True", "length": 26.648, "tunnel": null, "width": null, "bridge": null, "access": null, "service": null }, "geometry": { "type": "LineString", "coordinates": [ [ 133.5605383, 33.4937144 ], [ 133.5608198, 33.4937626 ] ] } },
{ "type": "Feature", "properties": { "u": 1557771722, "v": 6303772600, "key": 0, "osmid": "142326138", "lanes": null, "ref": null, "name": null, "highway": "residential", "maxspeed": null, "oneway": false, "reversed": "False", "length": 64.742, "tunnel": null, "width": null, "bridge": null, "access": null, "service": null }, "geometry": { "type": "LineString", "coordinates": [ [ 133.5605383, 33.4937144 ], [ 133.5605773, 33.4935422 ], [ 133.560681, 33.4932234 ], [ 133.560690099999988, 33.4931471 ] ] } },
{ "type": "Feature", "properties": { "u": 1557771722, "v": 6310054211, "key": 0, "osmid": "673799502", "lanes": null, "ref": null, "name": null, "highway": "service", "maxspeed": null, "oneway": false, "reversed": "True", "length": 60.28, "tunnel": null, "width": null, "bridge": null, "access": null, "service": null }, "geometry": { "type": "LineString", "coordinates": [ [ 133.5605383, 33.4937144 ], [ 133.5604448, 33.4940519 ], [ 133.560400499999986, 33.4942441 ] ] } },
{ "type": "Feature", "properties": { "u": 1557771755, "v": 6303772285, "key": 0, "osmid": "142326243", "lanes": null, "ref": null, "name": null, "highway": "residential", "maxspeed": null, "oneway": false, "reversed": "False", "length": 52.673, "tunnel": null, "width": null, "bridge": null, "access": null, "service": null }, "geometry": { "type": "LineString", "coordinates": [ [ 133.5559073, 33.4938751 ], [ 133.5559261, 33.4938861 ], [ 133.5564441, 33.4940119 ], [ 133.556449500000014, 33.4940129 ] ] } },
{ "type": "Feature", "properties": { "u": 1557771755, "v": 1557771706, "key": 0, "osmid": "142326243", "lanes": null, "ref": null, "name": null, "highway": "residential", "maxspeed": null, "oneway": false, "reversed": "True", "length": 86.161, "tunnel": null, "width": null, "bridge": null, "access": null, "service": null }, "geometry": { "type": "LineString", "coordinates": [ [ 133.5559073, 33.4938751 ], [ 133.5559544, 33.493712 ], [ 133.5557255, 33.4936723 ], [ 133.5552394, 33.493598 ] ] } },
{ "type": "Feature", "properties": { "u": 1557771755, "v": 6303772016, "key": 0, "osmid": "673134073", "lanes": null, "ref": null, "name": null, "highway": "residential", "maxspeed": null, "oneway": false, "reversed": "False", "length": 16.806, "tunnel": null, "width": null, "bridge": null, "access": null, "service": null }, "geometry": { "type": "LineString", "coordinates": [ [ 133.5559073, 33.4938751 ], [ 133.5558871, 33.4938726 ], [ 133.555841500000014, 33.4940012 ] ] } },
{ "type": "Feature", "properties": { "u": 1557771756, "v": 6303772053, "key": 0, "osmid": "129809967", "lanes": "2", "ref": "34", "name": "桂浜はりまや線", "highway": "primary", "maxspeed": null, "oneway": false, "reversed": "False", "length": 32.981, "tunnel": null, "width": null, "bridge": null, "access": null, "service": null }, "geometry": { "type": "LineString", "coordinates": [ [ 133.557172400000013, 33.493893 ], [ 133.5569006, 33.4940843 ] ] } },
{ "type": "Feature", "properties": { "u": 1557771756, "v": 6303772268, "key": 0, "osmid": "129809967", "lanes": "2", "ref": "34", "name": "桂浜はりまや線", "highway": "primary", "maxspeed": null, "oneway": false, "reversed": "True", "length": 31.295, "tunnel": null, "width": null, "bridge": null, "access": null, "service": null }, "geometry": { "type": "LineString", "coordinates": [ [ 133.557172400000013, 33.493893 ], [ 133.5574286, 33.4937098 ] ] } },
{ "type": "Feature", "properties": { "u": 1557771756, "v": 6303772270, "key": 0, "osmid": "142326439", "lanes": null, "ref": null, "name": null, "highway": "residential", "maxspeed": null, "oneway": false, "reversed": "True", "length": 21.631, "tunnel": null, "width": null, "bridge": null, "access": null, "service": null }, "geometry": { "type": "LineString", "coordinates": [ [ 133.557172400000013, 33.493893 ], [ 133.5572153, 33.4939243 ], [ 133.5573876, 33.4939553 ] ] } },
{ "type": "Feature", "properties": { "u": 1557771786, "v": 5505868013, "key": 0, "osmid": "573204146", "lanes": null, "ref": null, "name": null, "highway": "path", "maxspeed": null, "oneway": false, "reversed": "False", "length": 69.145, "tunnel": null, "width": null, "bridge": null, "access": null, "service": null }, "geometry": { "type": "LineString", "coordinates": [ [ 133.550875600000012, 33.4940791 ], [ 133.5501346, 33.4940097 ] ] } },
{ "type": "Feature", "properties": { "u": 1557771786, "v": 5505868003, "key": 0, "osmid": "44407513", "lanes": null, "ref": null, "name": null, "highway": "unclassified", "maxspeed": null, "oneway": false, "reversed": "False", "length": 131.618, "tunnel": null, "width": null, "bridge": null, "access": null, "service": null }, "geometry": { "type": "LineString", "coordinates": [ [ 133.550875600000012, 33.4940791 ], [ 133.5508034, 33.494256 ], [ 133.5505947, 33.4946954 ], [ 133.5504649, 33.4949188 ], [ 133.550303500000012, 33.4951597 ] ] } },
{ "type": "Feature", "properties": { "u": 1557771786, "v": 564465189, "key": 0, "osmid": "44407513", "lanes": null, "ref": null, "name": null, "highway": "unclassified", "maxspeed": null, "oneway": false, "reversed": "True", "length": 168.178, "tunnel": null, "width": null, "bridge": null, "access": null, "service": null }, "geometry": { "type": "LineString", "coordinates": [ [ 133.550875600000012, 33.4940791 ], [ 133.5510424, 33.4936802 ], [ 133.5511258, 33.4934848 ], [ 133.551172400000013, 33.4933607 ], [ 133.5513699, 33.4930035 ], [ 133.5514154, 33.4929135 ], [ 133.5515212, 33.4926673 ] ] } },
{ "type": "Feature", "properties": { "u": 1557771786, "v": 1557771793, "key": 0, "osmid": "142326458", "lanes": null, "ref": null, "name": null, "highway": "path", "maxspeed": null, "oneway": false, "reversed": "True", "length": 207.545, "tunnel": null, "width": null, "bridge": null, "access": null, "service": null }, "geometry": { "type": "LineString", "coordinates": [ [ 133.550875600000012, 33.4940791 ], [ 133.5512047, 33.4941156 ], [ 133.5515584, 33.4941382 ], [ 133.5523423, 33.4941945 ], [ 133.5531062, 33.4942222 ] ] } },
{ "type": "Feature", "properties": { "u": 1557771793, "v": 1557771930, "key": 0, "osmid": "142326607", "lanes": null, "ref": null, "name": null, "highway": "service", "maxspeed": null, "oneway": false, "reversed": "False", "length": 48.101, "tunnel": null, "width": null, "bridge": null, "access": null, "service": null }, "geometry": { "type": "LineString", "coordinates": [ [ 133.5531062, 33.4942222 ], [ 133.553150499999987, 33.4946532 ] ] } },
{ "type": "Feature", "properties": { "u": 1557771793, "v": 1557771604, "key": 0, "osmid": "142326387", "lanes": null, "ref": null, "name": null, "highway": "service", "maxspeed": null, "oneway": false, "reversed": "True", "length": 120.538, "tunnel": null, "width": null, "bridge": null, "access": null, "service": null }, "geometry": { "type": "LineString", "coordinates": [ [ 133.5531062, 33.4942222 ], [ 133.553071499999987, 33.4937834 ], [ 133.55304240000001, 33.4934177 ], [ 133.5531282, 33.4931493 ] ] } },
{ "type": "Feature", "properties": { "u": 1557771793, "v": 1557771786, "key": 0, "osmid": "142326458", "lanes": null, "ref": null, "name": null, "highway": "path", "maxspeed": null, "oneway": false, "reversed": "False", "length": 207.545, "tunnel": null, "width": null, "bridge": null, "access": null, "service": null }, "geometry": { "type": "LineString", "coordinates": [ [ 133.5531062, 33.4942222 ], [ 133.5523423, 33.4941945 ], [ 133.5515584, 33.4941382 ], [ 133.5512047, 33.4941156 ], [ 133.550875600000012, 33.4940791 ] ] } },
{ "type": "Feature", "properties": { "u": 1557771804, "v": 6303772288, "key": 0, "osmid": "129809967", "lanes": "2", "ref": "34", "name": "桂浜はりまや線", "highway": "primary", "maxspeed": null, "oneway": false, "reversed": "False", "length": 56.448, "tunnel": null, "width": null, "bridge": null, "access": null, "service": null }, "geometry": { "type": "LineString", "coordinates": [ [ 133.556853499999988, 33.4941174 ], [ 133.5563898, 33.4944463 ] ] } },
{ "type": "Feature", "properties": { "u": 1557771804, "v": 6303772053, "key": 0, "osmid": "129809967", "lanes": "2", "ref": "34", "name": "桂浜はりまや線", "highway": "primary", "maxspeed": null, "oneway": false, "reversed": "True", "length": 5.712, "tunnel": null, "width": null, "bridge": null, "access": null, "service": null }, "geometry": { "type": "LineString", "coordinates": [ [ 133.556853499999988, 33.4941174 ], [ 133.5569006, 33.4940843 ] ] } },
{ "type": "Feature", "properties": { "u": 1557771804, "v": 6303772290, "key": 0, "osmid": "142326243", "lanes": null, "ref": null, "name": null, "highway": "residential", "maxspeed": null, "oneway": false, "reversed": "True", "length": 28.703, "tunnel": null, "width": null, "bridge": null, "access": null, "service": null }, "geometry": { "type": "LineString", "coordinates": [ [ 133.556853499999988, 33.4941174 ], [ 133.5568226, 33.4940838 ], [ 133.5565771, 33.4940367 ], [ 133.5565704, 33.4940355 ] ] } },
{ "type": "Feature", "properties": { "u": 1557771827, "v": 6878716030, "key": 0, "osmid": [ 44407515, 44407516, 44407517 ], "lanes": null, "ref": null, "name": null, "highway": "unclassified", "maxspeed": null, "oneway": false, "reversed": "False", "length": 216.853, "tunnel": "yes", "width": null, "bridge": null, "access": null, "service": null }, "geometry": { "type": "LineString", "coordinates": [ [ 133.5635494, 33.4941982 ], [ 133.564184399999988, 33.4942805 ], [ 133.5642454, 33.4942931 ], [ 133.5642924, 33.4943056 ], [ 133.5643351, 33.4943227 ], [ 133.5643848, 33.4943477 ], [ 133.5644211, 33.4943715 ], [ 133.5644622, 33.4944088 ], [ 133.5644984, 33.4944583 ], [ 133.5645324, 33.4945156 ], [ 133.5646007, 33.4947246 ], [ 133.564772799999986, 33.49528 ], [ 133.564798200000013, 33.4953623 ], [ 133.5648228, 33.4954388 ], [ 133.5648272, 33.4954853 ], [ 133.5648292, 33.4955059 ] ] } },
{ "type": "Feature", "properties": { "u": 1557771827, "v": 564443122, "key": 0, "osmid": "44407515", "lanes": null, "ref": null, "name": null, "highway": "unclassified", "maxspeed": null, "oneway": false, "reversed": "True", "length": 20.328, "tunnel": null, "width": null, "bridge": null, "access": null, "service": null }, "geometry": { "type": "LineString", "coordinates": [ [ 133.5635494, 33.4941982 ], [ 133.563422800000012, 33.4941763 ], [ 133.5633416, 33.4941441 ] ] } },
{ "type": "Feature", "properties": { "u": 1557771827, "v": 12709933134, "key": 0, "osmid": [ 1372680602, 142325275 ], "lanes": null, "ref": null, "name": null, "highway": [ "path", "residential" ], "maxspeed": null, "oneway": false, "reversed": "False", "length": 48.927, "tunnel": null, "width": null, "bridge": null, "access": null, "service": null }, "geometry": { "type": "LineString", "coordinates": [ [ 133.5635494, 33.4941982 ], [ 133.563504599999987, 33.4945907 ], [ 133.5634498, 33.4945889 ] ] } },
{ "type": "Feature", "properties": { "u": 1557771904, "v": 6310054050, "key": 0, "osmid": "673799490", "lanes": null, "ref": null, "name": null, "highway": "path", "maxspeed": null, "oneway": false, "reversed": "False", "length": 58.424, "tunnel": null, "width": null, "bridge": null, "access": null, "service": null }, "geometry": { "type": "LineString", "coordinates": [ [ 133.562096, 33.494483 ], [ 133.562191899999988, 33.4939637 ] ] } },
{ "type": "Feature", "properties": { "u": 1557771904, "v": 6310054021, "key": 0, "osmid": "673799492", "lanes": null, "ref": null, "name": null, "highway": "path", "maxspeed": null, "oneway": false, "reversed": "False", "length": 36.609, "tunnel": null, "width": null, "bridge": null, "access": null, "service": null }, "geometry": { "type": "LineString", "coordinates": [ [ 133.562096, 33.494483 ], [ 133.5617044, 33.4944412 ] ] } },
{ "type": "Feature", "properties": { "u": 1557771904, "v": 1557771956, "key": 0, "osmid": "673799490", "lanes": null, "ref": null, "name": null, "highway": "path", "maxspeed": null, "oneway": false, "reversed": "True", "length": 26.614, "tunnel": null, "width": null, "bridge": null, "access": null, "service": null }, "geometry": { "type": "LineString", "coordinates": [ [ 133.562096, 33.494483 ], [ 133.5620763, 33.4946317 ], [ 133.5620616, 33.4947206 ] ] } },
{ "type": "Feature", "properties": { "u": 1557771913, "v": 1557771928, "key": 0, "osmid": "142325275", "lanes": null, "ref": null, "name": null, "highway": "residential", "maxspeed": null, "oneway": false, "reversed": "False", "length": 19.033, "tunnel": null, "width": null, "bridge": null, "access": null, "service": null }, "geometry": { "type": "LineString", "coordinates": [ [ 133.5629595, 33.4945725 ], [ 133.5627576, 33.4946033 ] ] } },
{ "type": "Feature", "properties": { "u": 1557771913, "v": 12709933134, "key": 0, "osmid": "142325275", "lanes": null, "ref": null, "name": null, "highway": "residential", "maxspeed": null, "oneway": false, "reversed": "True", "length": 45.502, "tunnel": null, "width": null, "bridge": null, "access": null, "service": null }, "geometry": { "type": "LineString", "coordinates": [ [ 133.5629595, 33.4945725 ], [ 133.5634498, 33.4945889 ] ] } },
{ "type": "Feature", "properties": { "u": 1557771913, "v": 6310054052, "key": 0, "osmid": "673799494", "lanes": null, "ref": null, "name": null, "highway": "residential", "maxspeed": null, "oneway": false, "reversed": "True", "length": 53.549, "tunnel": null, "width": null, "bridge": null, "access": null, "service": null }, "geometry": { "type": "LineString", "coordinates": [ [ 133.5629595, 33.4945725 ], [ 133.5629841, 33.4944699 ], [ 133.5630195, 33.4941359 ], [ 133.5630218, 33.4940943 ] ] } },
{ "type": "Feature", "properties": { "u": 1557771918, "v": 6310054206, "key": 0, "osmid": "142326439", "lanes": null, "ref": null, "name": null, "highway": "residential", "maxspeed": null, "oneway": false, "reversed": "False", "length": 47.762, "tunnel": null, "width": null, "bridge": null, "access": null, "service": null }, "geometry": { "type": "LineString", "coordinates": [ [ 133.560877299999987, 33.4945617 ], [ 133.560375099999987, 33.4944663 ] ] } },
{ "type": "Feature", "properties": { "u": 1557771918, "v": 6310054040, "key": 0, "osmid": "673799492", "lanes": null, "ref": null, "name": null, "highway": "path", "maxspeed": null, "oneway": false, "reversed": "False", "length": 63.661, "tunnel": null, "width": null, "bridge": null, "access": null, "service": null }, "geometry": { "type": "LineString", "coordinates": [ [ 133.560877299999987, 33.4945617 ], [ 133.560829500000011, 33.4948088 ], [ 133.5608109, 33.4949459 ], [ 133.5607973, 33.4950034 ], [ 133.5607651, 33.4950826 ], [ 133.560761500000012, 33.4951245 ] ] } },
{ "type": "Feature", "properties": { "u": 1557771918, "v": 6310054215, "key": 0, "osmid": "673799492", "lanes": null, "ref": null, "name": null, "highway": "path", "maxspeed": null, "oneway": false, "reversed": "True", "length": 24.625, "tunnel": null, "width": null, "bridge": null, "access": null, "service": null }, "geometry": { "type": "LineString", "coordinates": [ [ 133.560877299999987, 33.4945617 ], [ 133.5609062, 33.4943839 ], [ 133.560956, 33.4943904 ] ] } },
{ "type": "Feature", "properties": { "u": 1557771923, "v": 6303772044, "key": 0, "osmid": "129809967", "lanes": "2", "ref": "34", "name": "桂浜はりまや線", "highway": "primary", "maxspeed": null, "oneway": false, "reversed": "False", "length": 12.47, "tunnel": null, "width": null, "bridge": null, "access": null, "service": null }, "geometry": { "type": "LineString", "coordinates": [ [ 133.556226400000014, 33.4945878 ], [ 133.556119099999989, 33.4946554 ] ] } },
{ "type": "Feature", "properties": { "u": 1557771923, "v": 6303772288, "key": 0, "osmid": "129809967", "lanes": "2", "ref": "34", "name": "桂浜はりまや線", "highway": "primary", "maxspeed": null, "oneway": false, "reversed": "True", "length": 21.88, "tunnel": null, "width": null, "bridge": null, "access": null, "service": null }, "geometry": { "type": "LineString", "coordinates": [ [ 133.556226400000014, 33.4945878 ], [ 133.556295299999988, 33.4945263 ], [ 133.5563213, 33.4944988 ], [ 133.5563898, 33.4944463 ] ] } },
{ "type": "Feature", "properties": { "u": 1557771923, "v": 1557772002, "key": 0, "osmid": "142326971", "lanes": null, "ref": null, "name": null, "highway": "tertiary", "maxspeed": null, "oneway": false, "reversed": "False", "length": 37.596, "tunnel": null, "width": null, "bridge": null, "access": null, "service": null }, "geometry": { "type": "LineString", "coordinates": [ [ 133.556226400000014, 33.4945878 ], [ 133.5562722, 33.4946613 ], [ 133.5563029, 33.4947228 ], [ 133.5563468, 33.4948399 ], [ 133.556362900000011, 33.4949045 ] ] } },
{ "type": "Feature", "properties": { "u": 1557771928, "v": 1557771913, "key": 0, "osmid": "142325275", "lanes": null, "ref": null, "name": null, "highway": "residential", "maxspeed": null, "oneway": false, "reversed": "True", "length": 19.033, "tunnel": null, "width": null, "bridge": null, "access": null, "service": null }, "geometry": { "type": "LineString", "coordinates": [ [ 133.5627576, 33.4946033 ], [ 133.5629595, 33.4945725 ] ] } },
{ "type": "Feature", "properties": { "u": 1557771928, "v": 1557771956, "key": 0, "osmid": "142325275", "lanes": null, "ref": null, "name": null, "highway": "residential", "maxspeed": null, "oneway": false, "reversed": "False", "length": 66.041, "tunnel": null, "width": null, "bridge": null, "access": null, "service": null }, "geometry": { "type": "LineString", "coordinates": [ [ 133.5627576, 33.4946033 ], [ 133.5625707, 33.4946425 ], [ 133.562394899999987, 33.494652 ], [ 133.5620616, 33.4947206 ] ] } },
{ "type": "Feature", "properties": { "u": 1557771928, "v": 12709933131, "key": 0, "osmid": "1372680601", "lanes": null, "ref": null, "name": null, "highway": "service", "maxspeed": null, "oneway": false, "reversed": "False", "length": 59.093, "tunnel": null, "width": null, "bridge": null, "access": null, "service": null }, "geometry": { "type": "LineString", "coordinates": [ [ 133.5627576, 33.4946033 ], [ 133.5627399, 33.4949635 ], [ 133.5626797, 33.4951269 ] ] } },
{ "type": "Feature", "properties": { "u": 1557771930, "v": 1557771793, "key": 0, "osmid": "142326607", "lanes": null, "ref": null, "name": null, "highway": "service", "maxspeed": null, "oneway": false, "reversed": "True", "length": 48.101, "tunnel": null, "width": null, "bridge": null, "access": null, "service": null }, "geometry": { "type": "LineString", "coordinates": [ [ 133.553150499999987, 33.4946532 ], [ 133.5531062, 33.4942222 ] ] } },
{ "type": "Feature", "properties": { "u": 1557771930, "v": 1557772139, "key": 0, "osmid": "142326607", "lanes": null, "ref": null, "name": null, "highway": "service", "maxspeed": null, "oneway": false, "reversed": "False", "length": 76.358, "tunnel": null, "width": null, "bridge": null, "access": null, "service": null }, "geometry": { "type": "LineString", "coordinates": [ [ 133.553150499999987, 33.4946532 ], [ 133.5531995, 33.494651 ], [ 133.5532354, 33.4946764 ], [ 133.553255, 33.4952827 ] ] } },
{ "type": "Feature", "properties": { "u": 1557771930, "v": 5505868004, "key": 0, "osmid": "573204145", "lanes": null, "ref": null, "name": null, "highway": "service", "maxspeed": null, "oneway": false, "reversed": "True", "length": 256.19, "tunnel": null, "width": null, "bridge": null, "access": null, "service": null }, "geometry": { "type": "LineString", "coordinates": [ [ 133.553150499999987, 33.4946532 ], [ 133.552747900000014, 33.4947215 ], [ 133.552262399999989, 33.4948087 ], [ 133.5518226, 33.4949205 ], [ 133.5515034, 33.4949765 ], [ 133.551114500000011, 33.4950503 ], [ 133.550454, 33.4951464 ] ] } },
{ "type": "Feature", "properties": { "u": 1557771956, "v": 1557771928, "key": 0, "osmid": "142325275", "lanes": null, "ref": null, "name": null, "highway": "residential", "maxspeed": null, "oneway": false, "reversed": "True", "length": 66.041, "tunnel": null, "width": null, "bridge": null, "access": null, "service": null }, "geometry": { "type": "LineString", "coordinates": [ [ 133.5620616, 33.4947206 ], [ 133.562394899999987, 33.494652 ], [ 133.5625707, 33.4946425 ], [ 133.5627576, 33.4946033 ] ] } },
{ "type": "Feature", "properties": { "u": 1557771956, "v": 1557771904, "key": 0, "osmid": "673799490", "lanes": null, "ref": null, "name": null, "highway": "path", "maxspeed": null, "oneway": false, "reversed": "False", "length": 26.614, "tunnel": null, "width": null, "bridge": null, "access": null, "service": null }, "geometry": { "type": "LineString", "coordinates": [ [ 133.5620616, 33.4947206 ], [ 133.5620763, 33.4946317 ], [ 133.562096, 33.494483 ] ] } },
{ "type": "Feature", "properties": { "u": 1557771956, "v": 6310054014, "key": 0, "osmid": "1372680598", "lanes": null, "ref": null, "name": null, "highway": "path", "maxspeed": null, "oneway": false, "reversed": "False", "length": 43.733, "tunnel": null, "width": null, "bridge": null, "access": null, "service": null }, "geometry": { "type": "LineString", "coordinates": [ [ 133.5620616, 33.4947206 ], [ 133.561982199999989, 33.4947228 ], [ 133.5615942, 33.4946752 ] ] } },
{ "type": "Feature", "properties": { "u": 1557771993, "v": 564442872, "key": 0, "osmid": "24226805", "lanes": "2", "ref": "34", "name": "県道34号線", "highway": "primary", "maxspeed": "50", "oneway": false, "reversed": "False", "length": 81.147, "tunnel": null, "width": null, "bridge": null, "access": null, "service": null }, "geometry": { "type": "LineString", "coordinates": [ [ 133.545654500000012, 33.4948126 ], [ 133.5452917, 33.4954767 ] ] } },
{ "type": "Feature", "properties": { "u": 1557771993, "v": 4942039788, "key": 0, "osmid": "24226805", "lanes": "2", "ref": "34", "name": "県道34号線", "highway": "primary", "maxspeed": "50", "oneway": false, "reversed": "True", "length": 121.696, "tunnel": null, "width": null, "bridge": null, "access": null, "service": null }, "geometry": { "type": "LineString", "coordinates": [ [ 133.545654500000012, 33.4948126 ], [ 133.5461799, 33.4938097 ] ] } },
{ "type": "Feature", "properties": { "u": 1557771993, "v": 1557772089, "key": 0, "osmid": "142326041", "lanes": null, "ref": null, "name": null, "highway": "unclassified", "maxspeed": null, "oneway": false, "reversed": "True", "length": 56.244, "tunnel": null, "width": null, "bridge": null, "access": null, "service": null }, "geometry": { "type": "LineString", "coordinates": [ [ 133.545654500000012, 33.4948126 ], [ 133.5462102, 33.4950153 ] ] } },
{ "type": "Feature", "properties": { "u": 1557771993, "v": 6295154911, "key": 0, "osmid": "142326223", "lanes": null, "ref": null, "name": null, "highway": "unclassified", "maxspeed": null, "oneway": false, "reversed": "False", "length": 62.007, "tunnel": null, "width": null, "bridge": null, "access": null, "service": null }, "geometry": { "type": "LineString", "coordinates": [ [ 133.545654500000012, 33.4948126 ], [ 133.545446, 33.494737 ], [ 133.545331, 33.494726 ], [ 133.5450055, 33.4947203 ] ] } },
{ "type": "Feature", "properties": { "u": 1557771999, "v": 1557772139, "key": 0, "osmid": "129809967", "lanes": "2", "ref": "34", "name": "桂浜はりまや線", "highway": "primary", "maxspeed": null, "oneway": false, "reversed": "False", "length": 162.333, "tunnel": null, "width": null, "bridge": null, "access": null, "service": null }, "geometry": { "type": "LineString", "coordinates": [ [ 133.5548373, 33.4948544 ], [ 133.5541279, 33.4948453 ], [ 133.553942400000011, 33.4948745 ], [ 133.5537165, 33.4949532 ], [ 133.553501, 33.4951078 ], [ 133.553255, 33.4952827 ] ] } },
{ "type": "Feature", "properties": { "u": 1557771999, "v": 6303772041, "key": 0, "osmid": "129809967", "lanes": "2", "ref": "34", "name": "桂浜はりまや線", "highway": "primary", "maxspeed": null, "oneway": false, "reversed": "True", "length": 89.833, "tunnel": null, "width": null, "bridge": null, "access": null, "service": null }, "geometry": { "type": "LineString", "coordinates": [ [ 133.5548373, 33.4948544 ], [ 133.555125, 33.4948459 ], [ 133.5552185, 33.494833 ], [ 133.555772100000013, 33.4947533 ], [ 133.5557961, 33.49475 ] ] } },
{ "type": "Feature", "properties": { "u": 1557771999, "v": 1557771706, "key": 0, "osmid": "142326743", "lanes": null, "ref": null, "name": null, "highway": "residential", "maxspeed": null, "oneway": false, "reversed": "False", "length": 146.653, "tunnel": null, "width": null, "bridge": null, "access": null, "service": null }, "geometry": { "type": "LineString", "coordinates": [ [ 133.5548373, 33.4948544 ], [ 133.5548489, 33.4947932 ], [ 133.5548746, 33.4946131 ], [ 133.554872100000011, 33.4945808 ], [ 133.55493580000001, 33.494176 ], [ 133.554947199999987, 33.4941261 ], [ 133.5549586, 33.4940788 ], [ 133.554986, 33.4940048 ], [ 133.5552394, 33.493598 ] ] } },
{ "type": "Feature", "properties": { "u": 1557771999, "v": 9935108926, "key": 0, "osmid": "1084173838", "lanes": null, "ref": null, "name": null, "highway": "unclassified", "maxspeed": null, "oneway": false, "reversed": "True", "length": 55.686, "tunnel": null, "width": null, "bridge": null, "access": null, "service": null }, "geometry": { "type": "LineString", "coordinates": [ [ 133.5548373, 33.4948544 ], [ 133.5548623, 33.4950239 ], [ 133.554907, 33.4950883 ], [ 133.554955799999988, 33.4953053 ], [ 133.5549593, 33.49534 ] ] } },
{ "type": "Feature", "properties": { "u": 1557772002, "v": 12709993883, "key": 0, "osmid": "142326971", "lanes": null, "ref": null, "name": null, "highway": "tertiary", "maxspeed": null, "oneway": false, "reversed": "False", "length": 23.798, "tunnel": null, "width": null, "bridge": null, "access": null, "service": null }, "geometry": { "type": "LineString", "coordinates": [ [ 133.556362900000011, 33.4949045 ], [ 133.5563989, 33.4951164 ] ] } },
{ "type": "Feature", "properties": { "u": 1557772002, "v": 1557771923, "key": 0, "osmid": "142326971", "lanes": null, "ref": null, "name": null, "highway": "tertiary", "maxspeed": null, "oneway": false, "reversed": "True", "length": 37.596, "tunnel": null, "width": null, "bridge": null, "access": null, "service": null }, "geometry": { "type": "LineString", "coordinates": [ [ 133.556362900000011, 33.4949045 ], [ 133.5563468, 33.4948399 ], [ 133.5563029, 33.4947228 ], [ 133.5562722, 33.4946613 ], [ 133.556226400000014, 33.4945878 ] ] } },
{ "type": "Feature", "properties": { "u": 1557772002, "v": 6303772033, "key": 0, "osmid": "673134074", "lanes": null, "ref": null, "name": null, "highway": "residential", "maxspeed": null, "oneway": false, "reversed": "False", "length": 51.57, "tunnel": null, "width": null, "bridge": null, "access": null, "service": null }, "geometry": { "type": "LineString", "coordinates": [ [ 133.556362900000011, 33.4949045 ], [ 133.5565153, 33.4948369 ], [ 133.556795599999987, 33.494831 ], [ 133.5568422, 33.4948533 ], [ 133.5568916, 33.4948537 ] ] } },
{ "type": "Feature", "properties": { "u": 1557772089, "v": 1557771993, "key": 0, "osmid": "142326041", "lanes": null, "ref": null, "name": null, "highway": "unclassified", "maxspeed": null, "oneway": false, "reversed": "False", "length": 56.244, "tunnel": null, "width": null, "bridge": null, "access": null, "service": null }, "geometry": { "type": "LineString", "coordinates": [ [ 133.5462102, 33.4950153 ], [ 133.545654500000012, 33.4948126 ] ] } },
{ "type": "Feature", "properties": { "u": 1557772089, "v": 1557772098, "key": 0, "osmid": "142326629", "lanes": null, "ref": null, "name": null, "highway": "unclassified", "maxspeed": null, "oneway": false, "reversed": "True", "length": 47.555, "tunnel": null, "width": null, "bridge": null, "access": null, "service": null }, "geometry": { "type": "LineString", "coordinates": [ [ 133.5462102, 33.4950153 ], [ 133.5466777, 33.4951911 ] ] } },
{ "type": "Feature", "properties": { "u": 1557772089, "v": 4942039786, "key": 0, "osmid": "142326662", "lanes": null, "ref": null, "name": null, "highway": "residential", "maxspeed": null, "oneway": false, "reversed": "False", "length": 56.183, "tunnel": null, "width": null, "bridge": null, "access": null, "service": null }, "geometry": { "type": "LineString", "coordinates": [ [ 133.5462102, 33.4950153 ], [ 133.54628, 33.4945134 ] ] } },
{ "type": "Feature", "properties": { "u": 1557772089, "v": 1557772099, "key": 0, "osmid": "142326662", "lanes": null, "ref": null, "name": null, "highway": "residential", "maxspeed": null, "oneway": false, "reversed": "True", "length": 32.153, "tunnel": null, "width": null, "bridge": null, "access": null, "service": null }, "geometry": { "type": "LineString", "coordinates": [ [ 133.5462102, 33.4950153 ], [ 133.54619550000001, 33.4953042 ] ] } },
{ "type": "Feature", "properties": { "u": 1557772098, "v": 1557772089, "key": 0, "osmid": "142326629", "lanes": null, "ref": null, "name": null, "highway": "unclassified", "maxspeed": null, "oneway": false, "reversed": "False", "length": 47.555, "tunnel": null, "width": null, "bridge": null, "access": null, "service": null }, "geometry": { "type": "LineString", "coordinates": [ [ 133.5466777, 33.4951911 ], [ 133.5462102, 33.4950153 ] ] } },
{ "type": "Feature", "properties": { "u": 1557772098, "v": 4942039793, "key": 0, "osmid": "503976750", "lanes": null, "ref": null, "name": null, "highway": "residential", "maxspeed": null, "oneway": false, "reversed": "False", "length": 61.57, "tunnel": null, "width": null, "bridge": null, "access": null, "service": null }, "geometry": { "type": "LineString", "coordinates": [ [ 133.5466777, 33.4951911 ], [ 133.5466911, 33.4946375 ] ] } },
{ "type": "Feature", "properties": { "u": 1557772098, "v": 1557772219, "key": 0, "osmid": "142326629", "lanes": null, "ref": null, "name": null, "highway": "unclassified", "maxspeed": null, "oneway": false, "reversed": "True", "length": 79.974, "tunnel": null, "width": null, "bridge": null, "access": null, "service": null }, "geometry": { "type": "LineString", "coordinates": [ [ 133.5466777, 33.4951911 ], [ 133.5469741, 33.4953017 ], [ 133.547206100000011, 33.4953921 ], [ 133.5474485, 33.4955117 ] ] } },
{ "type": "Feature", "properties": { "u": 1557772099, "v": 1557772089, "key": 0, "osmid": "142326662", "lanes": null, "ref": null, "name": null, "highway": "residential", "maxspeed": null, "oneway": false, "reversed": "False", "length": 32.153, "tunnel": null, "width": null, "bridge": null, "access": null, "service": null }, "geometry": { "type": "LineString", "coordinates": [ [ 133.54619550000001, 33.4953042 ], [ 133.5462102, 33.4950153 ] ] } },
{ "type": "Feature", "properties": { "u": 1557772099, "v": 1557772292, "key": 0, "osmid": "142326662", "lanes": null, "ref": null, "name": null, "highway": "residential", "maxspeed": null, "oneway": false, "reversed": "True", "length": 44.189, "tunnel": null, "width": null, "bridge": null, "access": null, "service": null }, "geometry": { "type": "LineString", "coordinates": [ [ 133.54619550000001, 33.4953042 ], [ 133.5462252, 33.4956337 ], [ 133.546233699999988, 33.4957003 ] ] } },
{ "type": "Feature", "properties": { "u": 1557772099, "v": 4942039801, "key": 0, "osmid": "503976752", "lanes": null, "ref": null, "name": null, "highway": "residential", "maxspeed": null, "oneway": false, "reversed": "True", "length": 99.08, "tunnel": null, "width": null, "bridge": null, "access": null, "service": null }, "geometry": { "type": "LineString", "coordinates": [ [ 133.54619550000001, 33.4953042 ], [ 133.54570240000001, 33.4954062 ], [ 133.545652, 33.4954592 ], [ 133.545873699999987, 33.4958136 ] ] } },
{ "type": "Feature", "properties": { "u": 1557772136, "v": 1557772219, "key": 0, "osmid": "142326909", "lanes": null, "ref": null, "name": null, "highway": "unclassified", "maxspeed": null, "oneway": false, "reversed": "False", "length": 23.188, "tunnel": null, "width": null, "bridge": null, "access": null, "service": null }, "geometry": { "type": "LineString", "coordinates": [ [ 133.5474437, 33.4953032 ], [ 133.5474485, 33.4955117 ] ] } },
{ "type": "Feature", "properties": { "u": 1557772136, "v": 4942039784, "key": 0, "osmid": "142326909", "lanes": null, "ref": null, "name": null, "highway": "unclassified", "maxspeed": null, "oneway": false, "reversed": "True", "length": 44.622, "tunnel": null, "width": null, "bridge": null, "access": null, "service": null }, "geometry": { "type": "LineString", "coordinates": [ [ 133.5474437, 33.4953032 ], [ 133.547462200000012, 33.4949022 ] ] } },
{ "type": "Feature", "properties": { "u": 1557772136, "v": 1557772284, "key": 0, "osmid": "1178534962", "lanes": null, "ref": null, "name": null, "highway": "residential", "maxspeed": null, "oneway": false, "reversed": "True", "length": 68.101, "tunnel": null, "width": null, "bridge": null, "access": null, "service": null }, "geometry": { "type": "LineString", "coordinates": [ [ 133.5474437, 33.4953032 ], [ 133.547785, 33.4953428 ], [ 133.5477957, 33.4954009 ], [ 133.5477209, 33.4956598 ] ] } },
{ "type": "Feature", "properties": { "u": 1557772139, "v": 9935063210, "key": 0, "osmid": "129809967", "lanes": "2", "ref": "34", "name": "桂浜はりまや線", "highway": "primary", "maxspeed": null, "oneway": false, "reversed": "False", "length": 31.393, "tunnel": null, "width": null, "bridge": null, "access": null, "service": null }, "geometry": { "type": "LineString", "coordinates": [ [ 133.553255, 33.4952827 ], [ 133.5530087, 33.4954764 ] ] } },
{ "type": "Feature", "properties": { "u": 1557772139, "v": 1557771999, "key": 0, "osmid": "129809967", "lanes": "2", "ref": "34", "name": "桂浜はりまや線", "highway": "primary", "maxspeed": null, "oneway": false, "reversed": "True", "length": 162.333, "tunnel": null, "width": null, "bridge": null, "access": null, "service": null }, "geometry": { "type": "LineString", "coordinates": [ [ 133.553255, 33.4952827 ], [ 133.553501, 33.4951078 ], [ 133.5537165, 33.4949532 ], [ 133.553942400000011, 33.4948745 ], [ 133.5541279, 33.4948453 ], [ 133.5548373, 33.4948544 ] ] } },
{ "type": "Feature", "properties": { "u": 1557772139, "v": 1557771930, "key": 0, "osmid": "142326607", "lanes": null, "ref": null, "name": null, "highway": "service", "maxspeed": null, "oneway": false, "reversed": "True", "length": 76.358, "tunnel": null, "width": null, "bridge": null, "access": null, "service": null }, "geometry": { "type": "LineString", "coordinates": [ [ 133.553255, 33.4952827 ], [ 133.5532354, 33.4946764 ], [ 133.5531995, 33.494651 ], [ 133.553150499999987, 33.4946532 ] ] } },
{ "type": "Feature", "properties": { "u": 1557772219, "v": 4942039796, "key": 0, "osmid": "142325348", "lanes": null, "ref": null, "name": null, "highway": "unclassified", "maxspeed": null, "oneway": false, "reversed": "True", "length": 21.701, "tunnel": null, "width": null, "bridge": null, "access": null, "service": null }, "geometry": { "type": "LineString", "coordinates": [ [ 133.5474485, 33.4955117 ], [ 133.54742920000001, 33.4957062 ] ] } },
{ "type": "Feature", "properties": { "u": 1557772219, "v": 1557772136, "key": 0, "osmid": "142326909", "lanes": null, "ref": null, "name": null, "highway": "unclassified", "maxspeed": null, "oneway": false, "reversed": "True", "length": 23.188, "tunnel": null, "width": null, "bridge": null, "access": null, "service": null }, "geometry": { "type": "LineString", "coordinates": [ [ 133.5474485, 33.4955117 ], [ 133.5474437, 33.4953032 ] ] } },
{ "type": "Feature", "properties": { "u": 1557772219, "v": 1557772284, "key": 0, "osmid": "142327641", "lanes": null, "ref": null, "name": null, "highway": "unclassified", "maxspeed": null, "oneway": false, "reversed": "False", "length": 30.153, "tunnel": null, "width": null, "bridge": null, "access": null, "service": null }, "geometry": { "type": "LineString", "coordinates": [ [ 133.5474485, 33.4955117 ], [ 133.5477209, 33.4956598 ] ] } },
{ "type": "Feature", "properties": { "u": 1557772219, "v": 1557772098, "key": 0, "osmid": "142326629", "lanes": null, "ref": null, "name": null, "highway": "unclassified", "maxspeed": null, "oneway": false, "reversed": "False", "length": 79.974, "tunnel": null, "width": null, "bridge": null, "access": null, "service": null }, "geometry": { "type": "LineString", "coordinates": [ [ 133.5474485, 33.4955117 ], [ 133.547206100000011, 33.4953921 ], [ 133.5469741, 33.4953017 ], [ 133.5466777, 33.4951911 ] ] } },
{ "type": "Feature", "properties": { "u": 1557772284, "v": 1557772219, "key": 0, "osmid": "142327641", "lanes": null, "ref": null, "name": null, "highway": "unclassified", "maxspeed": null, "oneway": false, "reversed": "True", "length": 30.153, "tunnel": null, "width": null, "bridge": null, "access": null, "service": null }, "geometry": { "type": "LineString", "coordinates": [ [ 133.5477209, 33.4956598 ], [ 133.5474485, 33.4955117 ] ] } },
{ "type": "Feature", "properties": { "u": 1557772284, "v": 1557772325, "key": 0, "osmid": "142327641", "lanes": null, "ref": null, "name": null, "highway": "unclassified", "maxspeed": null, "oneway": false, "reversed": "False", "length": 30.069, "tunnel": null, "width": null, "bridge": null, "access": null, "service": null }, "geometry": { "type": "LineString", "coordinates": [ [ 133.5477209, 33.4956598 ], [ 133.54784, 33.4957275 ], [ 133.5480054, 33.495787 ] ] } },
{ "type": "Feature", "properties": { "u": 1557772284, "v": 1557772136, "key": 0, "osmid": "1178534962", "lanes": null, "ref": null, "name": null, "highway": "residential", "maxspeed": null, "oneway": false, "reversed": "False", "length": 68.101, "tunnel": null, "width": null, "bridge": null, "access": null, "service": null }, "geometry": { "type": "LineString", "coordinates": [ [ 133.5477209, 33.4956598 ], [ 133.5477957, 33.4954009 ], [ 133.547785, 33.4953428 ], [ 133.5474437, 33.4953032 ] ] } },
{ "type": "Feature", "properties": { "u": 1557772292, "v": 1557772099, "key": 0, "osmid": "142326662", "lanes": null, "ref": null, "name": null, "highway": "residential", "maxspeed": null, "oneway": false, "reversed": "False", "length": 44.189, "tunnel": null, "width": null, "bridge": null, "access": null, "service": null }, "geometry": { "type": "LineString", "coordinates": [ [ 133.546233699999988, 33.4957003 ], [ 133.5462252, 33.4956337 ], [ 133.54619550000001, 33.4953042 ] ] } },
{ "type": "Feature", "properties": { "u": 1557772292, "v": 1557772387, "key": 0, "osmid": "142326662", "lanes": null, "ref": null, "name": null, "highway": "residential", "maxspeed": null, "oneway": false, "reversed": "True", "length": 40.262, "tunnel": null, "width": null, "bridge": null, "access": null, "service": null }, "geometry": { "type": "LineString", "coordinates": [ [ 133.546233699999988, 33.4957003 ], [ 133.546242, 33.4957729 ], [ 133.546271600000011, 33.496061 ] ] } },
{ "type": "Feature", "properties": { "u": 1557772292, "v": 4942039796, "key": 0, "osmid": "503976751", "lanes": null, "ref": null, "name": null, "highway": "residential", "maxspeed": null, "oneway": false, "reversed": "False", "length": 111.047, "tunnel": null, "width": null, "bridge": null, "access": null, "service": null }, "geometry": { "type": "LineString", "coordinates": [ [ 133.546233699999988, 33.4957003 ], [ 133.5463112, 33.4957151 ], [ 133.54742920000001, 33.4957062 ] ] } },
{ "type": "Feature", "properties": { "u": 1557772292, "v": 4942039801, "key": 0, "osmid": "503976753", "lanes": null, "ref": null, "name": null, "highway": "residential", "maxspeed": null, "oneway": false, "reversed": "True", "length": 36.884, "tunnel": null, "width": null, "bridge": null, "access": null, "service": null }, "geometry": { "type": "LineString", "coordinates": [ [ 133.546233699999988, 33.4957003 ], [ 133.5461588, 33.4956893 ], [ 133.545873699999987, 33.4958136 ] ] } },
{ "type": "Feature", "properties": { "u": 1557772325, "v": 1557772434, "key": 0, "osmid": "142327641", "lanes": null, "ref": null, "name": null, "highway": "unclassified", "maxspeed": null, "oneway": false, "reversed": "False", "length": 92.796, "tunnel": null, "width": null, "bridge": null, "access": null, "service": null }, "geometry": { "type": "LineString", "coordinates": [ [ 133.5480054, 33.495787 ], [ 133.5482465, 33.4958667 ], [ 133.5484573, 33.4959462 ], [ 133.5485361, 33.4960576 ], [ 133.5487211, 33.4963102 ] ] } },
{ "type": "Feature", "properties": { "u": 1557772325, "v": 1557772284, "key": 0, "osmid": "142327641", "lanes": null, "ref": null, "name": null, "highway": "unclassified", "maxspeed": null, "oneway": false, "reversed": "True", "length": 30.069, "tunnel": null, "width": null, "bridge": null, "access": null, "service": null }, "geometry": { "type": "LineString", "coordinates": [ [ 133.5480054, 33.495787 ], [ 133.54784, 33.4957275 ], [ 133.5477209, 33.4956598 ] ] } },
{ "type": "Feature", "properties": { "u": 1557772325, "v": 4942039784, "key": 0, "osmid": "503976748", "lanes": null, "ref": null, "name": null, "highway": "residential", "maxspeed": null, "oneway": false, "reversed": "False", "length": 141.619, "tunnel": null, "width": null, "bridge": null, "access": null, "service": null }, "geometry": { "type": "LineString", "coordinates": [ [ 133.5480054, 33.495787 ], [ 133.5481632, 33.4951705 ], [ 133.547462200000012, 33.4949022 ] ] } },
{ "type": "Feature", "properties": { "u": 1557772336, "v": 6310054046, "key": 0, "osmid": "142325215", "lanes": null, "ref": null, "name": null, "highway": "unclassified", "maxspeed": null, "oneway": false, "reversed": "False", "length": 317.891, "tunnel": null, "width": null, "bridge": null, "access": null, "service": null }, "geometry": { "type": "LineString", "coordinates": [ [ 133.567203799999987, 33.495743 ], [ 133.5671639, 33.4957236 ], [ 133.567038700000012, 33.495612 ], [ 133.5670069, 33.4955743 ], [ 133.566961099999986, 33.4955095 ], [ 133.5669246, 33.4954523 ], [ 133.5667525, 33.4952752 ], [ 133.566303, 33.4948077 ], [ 133.5662719, 33.4947755 ], [ 133.566241100000013, 33.4947525 ], [ 133.566211, 33.4947353 ], [ 133.5661823, 33.4947244 ], [ 133.56613680000001, 33.4947099 ], [ 133.566068199999989, 33.4947066 ], [ 133.5659102, 33.4947042 ], [ 133.5658685, 33.4946934 ], [ 133.565838, 33.4946829 ], [ 133.565681, 33.4946382 ], [ 133.565556500000014, 33.4946063 ], [ 133.5654102, 33.4945746 ], [ 133.565372200000013, 33.4945625 ], [ 133.5653292, 33.4945411 ], [ 133.5652704, 33.4945029 ], [ 133.565071, 33.4943507 ], [ 133.565024099999988, 33.4943298 ], [ 133.5649702, 33.4943136 ], [ 133.5648813, 33.4942972 ], [ 133.5647966, 33.4942898 ], [ 133.5644948, 33.4942674 ] ] } },
{ "type": "Feature", "properties": { "u": 1557772336, "v": 564465246, "key": 0, "osmid": [ 142325861, 142326083, 142325573, 142326189 ], "lanes": null, "ref": null, "name": null, "highway": [ "residential", "unclassified" ], "maxspeed": null, "oneway": false, "reversed": [ false, true ], "length": 200.834, "tunnel": "yes", "width": null, "bridge": null, "access": null, "service": null }, "geometry": { "type": "LineString", "coordinates": [ [ 133.567203799999987, 33.495743 ], [ 133.5665779, 33.4962407 ], [ 133.5665091, 33.4963678 ], [ 133.5664116, 33.4965628 ], [ 133.5663314, 33.4967043 ], [ 133.566301399999986, 33.4968881 ], [ 133.5663051, 33.4972803 ] ] } },
{ "type": "Feature", "properties": { "u": 1557772336, "v": 10179631165, "key": 0, "osmid": "142326837", "lanes": null, "ref": null, "name": null, "highway": "unclassified", "maxspeed": null, "oneway": false, "reversed": "True", "length": 154.861, "tunnel": null, "width": null, "bridge": null, "access": null, "service": null }, "geometry": { "type": "LineString", "coordinates": [ [ 133.567203799999987, 33.495743 ], [ 133.5672897, 33.4956693 ], [ 133.5672992, 33.4956473 ], [ 133.567348399999986, 33.4953844 ], [ 133.5673586, 33.4953444 ], [ 133.5673749, 33.4952942 ], [ 133.5673893, 33.4952573 ], [ 133.5674393, 33.4951715 ], [ 133.5674669, 33.4951204 ], [ 133.5674735, 33.4950906 ], [ 133.5674894, 33.4948954 ], [ 133.567469499999987, 33.4948072 ], [ 133.5674673, 33.4947545 ], [ 133.567484799999988, 33.4946989 ], [ 133.567580099999986, 33.4944444 ], [ 133.567585900000012, 33.4944201 ] ] } },
{ "type": "Feature", "properties": { "u": 1557772336, "v": 10948632341, "key": 0, "osmid": [ 142326993, 142326029, 1178534957 ], "lanes": null, "ref": null, "name": null, "highway": [ "path", "residential", "unclassified" ], "maxspeed": null, "oneway": false, "reversed": "False", "length": 165.154, "tunnel": null, "width": null, "bridge": null, "access": null, "service": null }, "geometry": { "type": "LineString", "coordinates": [ [ 133.567203799999987, 33.495743 ], [ 133.5674434, 33.4961431 ], [ 133.5675478, 33.4963463 ], [ 133.5675435, 33.4964692 ], [ 133.5675291, 33.4966211 ], [ 133.5675493, 33.4967651 ], [ 133.567580099999986, 33.4969371 ], [ 133.5675314, 33.4971053 ], [ 133.567472400000014, 33.4971126 ] ] } },
{ "type": "Feature", "properties": { "u": 1557772364, "v": 5331435468, "key": 0, "osmid": "142325297", "lanes": null, "ref": null, "name": null, "highway": "path", "maxspeed": null, "oneway": false, "reversed": "True", "length": 18.331, "tunnel": null, "width": null, "bridge": null, "access": null, "service": null }, "geometry": { "type": "LineString", "coordinates": [ [ 133.5735013, 33.4960187 ], [ 133.5735966, 33.4960143 ], [ 133.5736958, 33.4959937 ] ] } },
{ "type": "Feature", "properties": { "u": 1557772364, "v": 5331435467, "key": 0, "osmid": "670405815", "lanes": null, "ref": null, "name": null, "highway": "unclassified", "maxspeed": null, "oneway": false, "reversed": "False", "length": 55.155, "tunnel": null, "width": null, "bridge": null, "access": null, "service": null }, "geometry": { "type": "LineString", "coordinates": [ [ 133.5735013, 33.4960187 ], [ 133.5734507, 33.4959764 ], [ 133.5733581, 33.495942 ], [ 133.573273300000011, 33.4959373 ], [ 133.5730426, 33.4959879 ], [ 133.572957, 33.4960281 ] ] } },
{ "type": "Feature", "properties": { "u": 1557772364, "v": 6278123428, "key": 0, "osmid": "670405817", "lanes": null, "ref": null, "name": null, "highway": "path", "maxspeed": null, "oneway": false, "reversed": "True", "length": 23.551, "tunnel": null, "width": null, "bridge": null, "access": null, "service": null }, "geometry": { "type": "LineString", "coordinates": [ [ 133.5735013, 33.4960187 ], [ 133.5735837, 33.4961196 ], [ 133.5736014, 33.4962081 ] ] } },
{ "type": "Feature", "properties": { "u": 1557772367, "v": 5331435468, "key": 0, "osmid": "142325297", "lanes": null, "ref": null, "name": null, "highway": "path", "maxspeed": null, "oneway": false, "reversed": "False", "length": 89.942, "tunnel": null, "width": null, "bridge": null, "access": null, "service": null }, "geometry": { "type": "LineString", "coordinates": [ [ 133.5741754, 33.4959208 ], [ 133.574146, 33.4958992 ], [ 133.5741505, 33.4958785 ], [ 133.5742181, 33.4958346 ], [ 133.5742493, 33.495811 ], [ 133.5742611, 33.4957855 ], [ 133.574254700000012, 33.4957652 ], [ 133.574246499999987, 33.4957455 ], [ 133.5742268, 33.4957324 ], [ 133.5741237, 33.4957576 ], [ 133.5740834, 33.4957879 ], [ 133.5739251, 33.4958416 ], [ 133.5738668, 33.4958253 ], [ 133.57384, 33.4958455 ], [ 133.5738306, 33.495869 ], [ 133.5737856, 33.4959338 ], [ 133.5737255, 33.4959559 ], [ 133.5736958, 33.4959937 ] ] } },
{ "type": "Feature", "properties": { "u": 1557772367, "v": 1557772549, "key": 0, "osmid": "142325297", "lanes": null, "ref": null, "name": null, "highway": "path", "maxspeed": null, "oneway": false, "reversed": "True", "length": 95.77, "tunnel": null, "width": null, "bridge": null, "access": null, "service": null }, "geometry": { "type": "LineString", "coordinates": [ [ 133.5741754, 33.4959208 ], [ 133.5741207, 33.4960066 ], [ 133.5740063, 33.4961808 ], [ 133.5740032, 33.4962418 ], [ 133.574004699999989, 33.4963116 ], [ 133.5740164, 33.4964386 ], [ 133.5740147, 33.4964886 ], [ 133.5739811, 33.4967443 ] ] } },
{ "type": "Feature", "properties": { "u": 1557772367, "v": 5331435436, "key": 0, "osmid": [ 552162832, 552162833, 552162831 ], "lanes": null, "ref": null, "name": "竜宮橋", "highway": "path", "maxspeed": null, "oneway": false, "reversed": "False", "length": 34.186, "tunnel": null, "width": "1.5", "bridge": "yes", "access": null, "service": null }, "geometry": { "type": "LineString", "coordinates": [ [ 133.5741754, 33.4959208 ], [ 133.5741957, 33.4959045 ], [ 133.5742292, 33.4958871 ], [ 133.5743291, 33.4958583 ], [ 133.574392499999988, 33.4958306 ], [ 133.5744699, 33.4958005 ], [ 133.574503099999987, 33.4957845 ] ] } },
{ "type": "Feature", "properties": { "u": 1557772376, "v": 6278123733, "key": 0, "osmid": "670405815", "lanes": null, "ref": null, "name": null, "highway": "unclassified", "maxspeed": null, "oneway": false, "reversed": "True", "length": 4.465, "tunnel": null, "width": null, "bridge": null, "access": null, "service": null }, "geometry": { "type": "LineString", "coordinates": [ [ 133.5727282, 33.4962025 ], [ 133.572766800000011, 33.4961785 ] ] } },
{ "type": "Feature", "properties": { "u": 1557772376, "v": 6278123710, "key": 0, "osmid": "23430758", "lanes": "2", "ref": "35", "name": "桂浜宝永線", "highway": "primary", "maxspeed": null, "oneway": false, "reversed": "False", "length": 280.655, "tunnel": null, "width": null, "bridge": null, "access": null, "service": null }, "geometry": { "type": "LineString", "coordinates": [ [ 133.5727282, 33.4962025 ], [ 133.5727047, 33.4961419 ], [ 133.5726611, 33.4960658 ], [ 133.572637899999989, 33.4960413 ], [ 133.5726147, 33.496024 ], [ 133.572547, 33.4959828 ], [ 133.572457500000013, 33.4959398 ], [ 133.572231499999987, 33.495862 ], [ 133.572073100000011, 33.4958052 ], [ 133.5719584, 33.4957704 ], [ 133.5718908, 33.4957641 ], [ 133.5718108, 33.4957643 ], [ 133.571709700000014, 33.4957704 ], [ 133.571594800000014, 33.4957895 ], [ 133.571474, 33.4958203 ], [ 133.5713892, 33.4958473 ], [ 133.5712231, 33.4958915 ], [ 133.5710372, 33.4959346 ], [ 133.570942800000012, 33.4959423 ], [ 133.5708514, 33.4959366 ], [ 133.5707923, 33.4959238 ], [ 133.5707229, 33.4958981 ], [ 133.5706194, 33.4958482 ], [ 133.570517599999988, 33.4958071 ], [ 133.5704163, 33.4957729 ], [ 133.570351499999987, 33.4957583 ], [ 133.5703009, 33.4957533 ], [ 133.5702459, 33.4957538 ], [ 133.5701891, 33.4957642 ], [ 133.5701415, 33.4957773 ], [ 133.570092100000011, 33.4957983 ], [ 133.5700449, 33.4958302 ], [ 133.570014500000013, 33.4958526 ] ] } },
{ "type": "Feature", "properties": { "u": 1557772376, "v": 5362564221, "key": 0, "osmid": "23430758", "lanes": "2", "ref": "35", "name": "桂浜宝永線", "highway": "primary", "maxspeed": null, "oneway": false, "reversed": "True", "length": 30.207, "tunnel": null, "width": null, "bridge": null, "access": null, "service": null }, "geometry": { "type": "LineString", "coordinates": [ [ 133.5727282, 33.4962025 ], [ 133.5727379, 33.4962376 ], [ 133.572750500000012, 33.4963064 ], [ 133.572758599999986, 33.4964029 ], [ 133.572757599999989, 33.4964722 ] ] } },
{ "type": "Feature", "properties": { "u": 1557772379, "v": 4942039796, "key": 0, "osmid": "142325348", "lanes": null, "ref": null, "name": null, "highway": "unclassified", "maxspeed": null, "oneway": false, "reversed": "False", "length": 36.693, "tunnel": null, "width": null, "bridge": null, "access": null, "service": null }, "geometry": { "type": "LineString", "coordinates": [ [ 133.5474508, 33.4960357 ], [ 133.54742920000001, 33.4957062 ] ] } },
{ "type": "Feature", "properties": { "u": 1557772379, "v": 1557772387, "key": 0, "osmid": "142325713", "lanes": null, "ref": null, "name": null, "highway": "residential", "maxspeed": null, "oneway": false, "reversed": "True", "length": 109.381, "tunnel": null, "width": null, "bridge": null, "access": null, "service": null }, "geometry": { "type": "LineString", "coordinates": [ [ 133.5474508, 33.4960357 ], [ 133.546271600000011, 33.496061 ] ] } },
{ "type": "Feature", "properties": { "u": 1557772379, "v": 1557772417, "key": 0, "osmid": "142326121", "lanes": null, "ref": null, "name": null, "highway": "unclassified", "maxspeed": null, "oneway": false, "reversed": "True", "length": 4.741, "tunnel": null, "width": null, "bridge": null, "access": null, "service": null }, "geometry": { "type": "LineString", "coordinates": [ [ 133.5474508, 33.4960357 ], [ 133.5474528, 33.4960783 ] ] } },
{ "type": "Feature", "properties": { "u": 1557772387, "v": 1557772379, "key": 0, "osmid": "142325713", "lanes": null, "ref": null, "name": null, "highway": "residential", "maxspeed": null, "oneway": false, "reversed": "False", "length": 109.381, "tunnel": null, "width": null, "bridge": null, "access": null, "service": null }, "geometry": { "type": "LineString", "coordinates": [ [ 133.546271600000011, 33.496061 ], [ 133.5474508, 33.4960357 ] ] } },
{ "type": "Feature", "properties": { "u": 1557772387, "v": 1557772424, "key": 0, "osmid": "142326570", "lanes": null, "ref": null, "name": null, "highway": "residential", "maxspeed": null, "oneway": false, "reversed": "True", "length": 74.889, "tunnel": null, "width": null, "bridge": null, "access": null, "service": null }, "geometry": { "type": "LineString", "coordinates": [ [ 133.546271600000011, 33.496061 ], [ 133.546283499999987, 33.4961863 ], [ 133.545681, 33.4962754 ], [ 133.5456365, 33.496281 ] ] } },
{ "type": "Feature", "properties": { "u": 1557772387, "v": 1557772292, "key": 0, "osmid": "142326662", "lanes": null, "ref": null, "name": null, "highway": "residential", "maxspeed": null, "oneway": false, "reversed": "False", "length": 40.262, "tunnel": null, "width": null, "bridge": null, "access": null, "service": null }, "geometry": { "type": "LineString", "coordinates": [ [ 133.546271600000011, 33.496061 ], [ 133.546242, 33.4957729 ], [ 133.546233699999988, 33.4957003 ] ] } },
{ "type": "Feature", "properties": { "u": 1557772389, "v": 11063288404, "key": 0, "osmid": [ 429962194, 142325363, 672284007 ], "lanes": null, "ref": null, "name": null, "highway": "residential", "maxspeed": null, "oneway": false, "reversed": "False", "length": 262.645, "tunnel": null, "width": null, "bridge": "yes", "access": null, "service": null }, "geometry": { "type": "LineString", "coordinates": [ [ 133.55621, 33.4960494 ], [ 133.5566806, 33.4960184 ], [ 133.5567278, 33.4960167 ], [ 133.556836, 33.4960535 ], [ 133.5570093, 33.4962479 ], [ 133.5570502, 33.4963373 ], [ 133.5570726, 33.4964675 ], [ 133.5571079, 33.4965492 ], [ 133.5571539, 33.496594 ], [ 133.5572204, 33.4968875 ], [ 133.5582913, 33.4966769 ] ] } },
{ "type": "Feature", "properties": { "u": 1557772389, "v": 6295493947, "key": 0, "osmid": "142327489", "lanes": null, "ref": null, "name": null, "highway": "unclassified", "maxspeed": null, "oneway": false, "reversed": "False", "length": 53.777, "tunnel": null, "width": null, "bridge": null, "access": null, "service": null }, "geometry": { "type": "LineString", "coordinates": [ [ 133.55621, 33.4960494 ], [ 133.556128699999988, 33.4960299 ], [ 133.5560535, 33.4960223 ], [ 133.5557628, 33.4960596 ], [ 133.5556389, 33.4960762 ] ] } },
{ "type": "Feature", "properties": { "u": 1557772389, "v": 6295493949, "key": 0, "osmid": "142327489", "lanes": null, "ref": null, "name": null, "highway": "unclassified", "maxspeed": null, "oneway": false, "reversed": "True", "length": 55.08, "tunnel": null, "width": null, "bridge": null, "access": null, "service": null }, "geometry": { "type": "LineString", "coordinates": [ [ 133.55621, 33.4960494 ], [ 133.5562567, 33.4960748 ], [ 133.5563096, 33.4961291 ], [ 133.5563482, 33.4961901 ], [ 133.5563889, 33.4963071 ], [ 133.5564321, 33.4963681 ], [ 133.5564881, 33.4963671 ], [ 133.5565699, 33.4963491 ] ] } },
{ "type": "Feature", "properties": { "u": 1557772417, "v": 1557772379, "key": 0, "osmid": "142326121", "lanes": null, "ref": null, "name": null, "highway": "unclassified", "maxspeed": null, "oneway": false, "reversed": "False", "length": 4.741, "tunnel": null, "width": null, "bridge": null, "access": null, "service": null }, "geometry": { "type": "LineString", "coordinates": [ [ 133.5474528, 33.4960783 ], [ 133.5474508, 33.4960357 ] ] } },
{ "type": "Feature", "properties": { "u": 1557772417, "v": 10180235201, "key": 0, "osmid": "503976740", "lanes": null, "ref": null, "name": null, "highway": "residential", "maxspeed": null, "oneway": false, "reversed": "False", "length": 36.095, "tunnel": null, "width": null, "bridge": null, "access": null, "service": null }, "geometry": { "type": "LineString", "coordinates": [ [ 133.5474528, 33.4960783 ], [ 133.5478419, 33.4960876 ] ] } },
{ "type": "Feature", "properties": { "u": 1557772417, "v": 4942039753, "key": 0, "osmid": "142326121", "lanes": null, "ref": null, "name": null, "highway": "unclassified", "maxspeed": null, "oneway": false, "reversed": "True", "length": 59.656, "tunnel": null, "width": null, "bridge": null, "access": null, "service": null }, "geometry": { "type": "LineString", "coordinates": [ [ 133.5474528, 33.4960783 ], [ 133.5474886, 33.4964276 ], [ 133.5475542, 33.4966053 ] ] } },
{ "type": "Feature", "properties": { "u": 1557772421, "v": 6295493949, "key": 0, "osmid": "142326971", "lanes": null, "ref": null, "name": null, "highway": "tertiary", "maxspeed": null, "oneway": false, "reversed": "False", "length": 11.475, "tunnel": null, "width": null, "bridge": null, "access": null, "service": null }, "geometry": { "type": "LineString", "coordinates": [ [ 133.5565566, 33.4962465 ], [ 133.5565699, 33.4963491 ] ] } },
{ "type": "Feature", "properties": { "u": 1557772421, "v": 11063288404, "key": 0, "osmid": "142325234", "lanes": null, "ref": null, "name": null, "highway": "unclassified", "maxspeed": null, "oneway": false, "reversed": "True", "length": 319.536, "tunnel": null, "width": null, "bridge": null, "access": null, "service": null }, "geometry": { "type": "LineString", "coordinates": [ [ 133.5565566, 33.4962465 ], [ 133.5566297, 33.4962491 ], [ 133.5566873, 33.4962823 ], [ 133.556737, 33.4963236 ], [ 133.5567543, 33.4963572 ], [ 133.55678420000001, 33.4964431 ], [ 133.5569893, 33.4970588 ], [ 133.5571903, 33.4974025 ], [ 133.557227, 33.4974509 ], [ 133.557279, 33.4974927 ], [ 133.557337, 33.4975242 ], [ 133.5574092, 33.497537 ], [ 133.5575039, 33.4975358 ], [ 133.5575797, 33.4975251 ], [ 133.557639200000011, 33.4975075 ], [ 133.5580893, 33.4972327 ], [ 133.5582512, 33.4971059 ], [ 133.5583074, 33.4970503 ], [ 133.558348, 33.4969903 ], [ 133.558366400000011, 33.4968829 ], [ 133.5582913, 33.4966769 ] ] } },
{ "type": "Feature", "properties": { "u": 1557772421, "v": 12709993883, "key": 0, "osmid": "142326971", "lanes": null, "ref": null, "name": null, "highway": "tertiary", "maxspeed": null, "oneway": false, "reversed": "True", "length": 126.522, "tunnel": null, "width": null, "bridge": null, "access": null, "service": null }, "geometry": { "type": "LineString", "coordinates": [ [ 133.5565566, 33.4962465 ], [ 133.5564463, 33.4953957 ], [ 133.5563989, 33.4951164 ] ] } },
{ "type": "Feature", "properties": { "u": 1557772424, "v": 4942039733, "key": 0, "osmid": "44405096", "lanes": "2", "ref": null, "name": null, "highway": "unclassified", "maxspeed": null, "oneway": false, "reversed": "False", "length": 56.187, "tunnel": null, "width": null, "bridge": null, "access": null, "service": null }, "geometry": { "type": "LineString", "coordinates": [ [ 133.5456365, 33.496281 ], [ 133.5457198, 33.4967815 ] ] } },
{ "type": "Feature", "properties": { "u": 1557772424, "v": 564442874, "key": 0, "osmid": "44405096", "lanes": "2", "ref": null, "name": null, "highway": "unclassified", "maxspeed": null, "oneway": false, "reversed": "True", "length": 44.231, "tunnel": null, "width": null, "bridge": null, "access": null, "service": null }, "geometry": { "type": "LineString", "coordinates": [ [ 133.5456365, 33.496281 ], [ 133.545548200000013, 33.4958901 ] ] } },
{ "type": "Feature", "properties": { "u": 1557772424, "v": 1557772387, "key": 0, "osmid": "142326570", "lanes": null, "ref": null, "name": null, "highway": "residential", "maxspeed": null, "oneway": false, "reversed": "False", "length": 74.889, "tunnel": null, "width": null, "bridge": null, "access": null, "service": null }, "geometry": { "type": "LineString", "coordinates": [ [ 133.5456365, 33.496281 ], [ 133.545681, 33.4962754 ], [ 133.546283499999987, 33.4961863 ], [ 133.546271600000011, 33.496061 ] ] } },
{ "type": "Feature", "properties": { "u": 1557772434, "v": 564465077, "key": 0, "osmid": "142327641", "lanes": null, "ref": null, "name": null, "highway": "unclassified", "maxspeed": null, "oneway": false, "reversed": "False", "length": 84.91, "tunnel": null, "width": null, "bridge": null, "access": null, "service": null }, "geometry": { "type": "LineString", "coordinates": [ [ 133.5487211, 33.4963102 ], [ 133.5488791, 33.4965076 ], [ 133.5492495, 33.4969337 ] ] } },
{ "type": "Feature", "properties": { "u": 1557772434, "v": 1557772325, "key": 0, "osmid": "142327641", "lanes": null, "ref": null, "name": null, "highway": "unclassified", "maxspeed": null, "oneway": false, "reversed": "True", "length": 92.796, "tunnel": null, "width": null, "bridge": null, "access": null, "service": null }, "geometry": { "type": "LineString", "coordinates": [ [ 133.5487211, 33.4963102 ], [ 133.5485361, 33.4960576 ], [ 133.5484573, 33.4959462 ], [ 133.5482465, 33.4958667 ], [ 133.5480054, 33.495787 ] ] } },
{ "type": "Feature", "properties": { "u": 1557772434, "v": 4942039761, "key": 0, "osmid": "503976741", "lanes": null, "ref": null, "name": null, "highway": "residential", "maxspeed": null, "oneway": false, "reversed": "True", "length": 49.895, "tunnel": null, "width": null, "bridge": null, "access": null, "service": null }, "geometry": { "type": "LineString", "coordinates": [ [ 133.5487211, 33.4963102 ], [ 133.5483898, 33.4963359 ], [ 133.548184600000013, 33.4963426 ] ] } },
{ "type": "Feature", "properties": { "u": 1557772532, "v": 4942039836, "key": 0, "osmid": "142325079", "lanes": null, "ref": null, "name": null, "highway": "unclassified", "maxspeed": null, "oneway": false, "reversed": "False", "length": 43.841, "tunnel": null, "width": null, "bridge": null, "access": null, "service": null }, "geometry": { "type": "LineString", "coordinates": [ [ 133.543864, 33.4969424 ], [ 133.5438844, 33.4973363 ] ] } },
{ "type": "Feature", "properties": { "u": 1557772549, "v": 5379614787, "key": 0, "osmid": "557829128", "lanes": null, "ref": null, "name": null, "highway": "path", "maxspeed": null, "oneway": false, "reversed": "False", "length": 27.627, "tunnel": null, "width": null, "bridge": null, "access": null, "service": null }, "geometry": { "type": "LineString", "coordinates": [ [ 133.5739811, 33.4967443 ], [ 133.5736842, 33.496765 ] ] } },
{ "type": "Feature", "properties": { "u": 1557772549, "v": 1557772367, "key": 0, "osmid": "142325297", "lanes": null, "ref": null, "name": null, "highway": "path", "maxspeed": null, "oneway": false, "reversed": "False", "length": 95.77, "tunnel": null, "width": null, "bridge": null, "access": null, "service": null }, "geometry": { "type": "LineString", "coordinates": [ [ 133.5739811, 33.4967443 ], [ 133.5740147, 33.4964886 ], [ 133.5740164, 33.4964386 ], [ 133.574004699999989, 33.4963116 ], [ 133.5740032, 33.4962418 ], [ 133.5740063, 33.4961808 ], [ 133.5741207, 33.4960066 ], [ 133.5741754, 33.4959208 ] ] } },
{ "type": "Feature", "properties": { "u": 1557772549, "v": 1557772672, "key": 0, "osmid": "142325297", "lanes": null, "ref": null, "name": null, "highway": "path", "maxspeed": null, "oneway": false, "reversed": "True", "length": 44.762, "tunnel": null, "width": null, "bridge": null, "access": null, "service": null }, "geometry": { "type": "LineString", "coordinates": [ [ 133.5739811, 33.4967443 ], [ 133.574008600000013, 33.4969471 ], [ 133.57407280000001, 33.4971382 ] ] } },
{ "type": "Feature", "properties": { "u": 1557772672, "v": 5362564238, "key": 0, "osmid": "555864733", "lanes": null, "ref": null, "name": null, "highway": "path", "maxspeed": null, "oneway": false, "reversed": "False", "length": 21.807, "tunnel": null, "width": null, "bridge": null, "access": null, "service": null }, "geometry": { "type": "LineString", "coordinates": [ [ 133.57407280000001, 33.4971382 ], [ 133.573844900000012, 33.4971866 ] ] } },
{ "type": "Feature", "properties": { "u": 1557772672, "v": 1557772549, "key": 0, "osmid": "142325297", "lanes": null, "ref": null, "name": null, "highway": "path", "maxspeed": null, "oneway": false, "reversed": "False", "length": 44.762, "tunnel": null, "width": null, "bridge": null, "access": null, "service": null }, "geometry": { "type": "LineString", "coordinates": [ [ 133.57407280000001, 33.4971382 ], [ 133.574008600000013, 33.4969471 ], [ 133.5739811, 33.4967443 ] ] } },
{ "type": "Feature", "properties": { "u": 1557772672, "v": 1557772758, "key": 0, "osmid": "142325297", "lanes": null, "ref": null, "name": null, "highway": "path", "maxspeed": null, "oneway": false, "reversed": "True", "length": 40.229, "tunnel": null, "width": null, "bridge": null, "access": null, "service": null }, "geometry": { "type": "LineString", "coordinates": [ [ 133.57407280000001, 33.4971382 ], [ 133.5742316, 33.4973547 ], [ 133.574306, 33.4974431 ] ] } },
{ "type": "Feature", "properties": { "u": 1557772758, "v": 5362555616, "key": 0, "osmid": "142325127", "lanes": null, "ref": null, "name": null, "highway": "path", "maxspeed": null, "oneway": false, "reversed": "False", "length": 62.478, "tunnel": null, "width": null, "bridge": null, "access": null, "service": null }, "geometry": { "type": "LineString", "coordinates": [ [ 133.574306, 33.4974431 ], [ 133.5744166, 33.4975046 ], [ 133.5747785, 33.497652 ], [ 133.574893, 33.4977164 ] ] } },
{ "type": "Feature", "properties": { "u": 1557772758, "v": 1557772672, "key": 0, "osmid": "142325297", "lanes": null, "ref": null, "name": null, "highway": "path", "maxspeed": null, "oneway": false, "reversed": "False", "length": 40.229, "tunnel": null, "width": null, "bridge": null, "access": null, "service": null }, "geometry": { "type": "LineString", "coordinates": [ [ 133.574306, 33.4974431 ], [ 133.5742316, 33.4973547 ], [ 133.57407280000001, 33.4971382 ] ] } },
{ "type": "Feature", "properties": { "u": 1557772758, "v": 5351385807, "key": 0, "osmid": [ 142325441, 142325959 ], "lanes": null, "ref": null, "name": null, "highway": "path", "maxspeed": null, "oneway": false, "reversed": "True", "length": 99.761, "tunnel": null, "width": null, "bridge": null, "access": null, "service": null }, "geometry": { "type": "LineString", "coordinates": [ [ 133.574306, 33.4974431 ], [ 133.574045500000011, 33.4976998 ], [ 133.574036299999989, 33.497773 ], [ 133.5740902, 33.4978527 ], [ 133.574277, 33.4979644 ], [ 133.574388, 33.4980863 ], [ 133.5743984, 33.4981366 ] ] } },
{ "type": "Feature", "properties": { "u": 1557772775, "v": 6878716022, "key": 0, "osmid": "142325120", "lanes": null, "ref": null, "name": null, "highway": "residential", "maxspeed": null, "oneway": false, "reversed": "False", "length": 3.011, "tunnel": null, "width": null, "bridge": null, "access": null, "service": null }, "geometry": { "type": "LineString", "coordinates": [ [ 133.5489268, 33.4974695 ], [ 133.5489579, 33.4974617 ] ] } },
{ "type": "Feature", "properties": { "u": 1557772775, "v": 1557772785, "key": 0, "osmid": "142325120", "lanes": null, "ref": null, "name": null, "highway": "residential", "maxspeed": null, "oneway": false, "reversed": "True", "length": 13.898, "tunnel": null, "width": null, "bridge": null, "access": null, "service": null }, "geometry": { "type": "LineString", "coordinates": [ [ 133.5489268, 33.4974695 ], [ 133.548785, 33.49751 ] ] } },
{ "type": "Feature", "properties": { "u": 1557772775, "v": 10948633260, "key": 0, "osmid": "1178534982", "lanes": null, "ref": null, "name": null, "highway": "residential", "maxspeed": null, "oneway": false, "reversed": "False", "length": 58.679, "tunnel": null, "width": null, "bridge": null, "access": null, "service": null }, "geometry": { "type": "LineString", "coordinates": [ [ 133.5489268, 33.4974695 ], [ 133.5488632, 33.4973044 ], [ 133.548767, 33.4969593 ] ] } },
{ "type": "Feature", "properties": { "u": 1557772785, "v": 1557772775, "key": 0, "osmid": "142325120", "lanes": null, "ref": null, "name": null, "highway": "residential", "maxspeed": null, "oneway": false, "reversed": "False", "length": 13.898, "tunnel": null, "width": null, "bridge": null, "access": null, "service": null }, "geometry": { "type": "LineString", "coordinates": [ [ 133.548785, 33.49751 ], [ 133.5489268, 33.4974695 ] ] } },
{ "type": "Feature", "properties": { "u": 1557772785, "v": 6718716808, "key": 0, "osmid": "714792068", "lanes": null, "ref": null, "name": null, "highway": "service", "maxspeed": null, "oneway": false, "reversed": "False", "length": 24.085, "tunnel": null, "width": null, "bridge": null, "access": null, "service": null }, "geometry": { "type": "LineString", "coordinates": [ [ 133.548785, 33.49751 ], [ 133.5488302, 33.4977233 ] ] } },
{ "type": "Feature", "properties": { "u": 1557772785, "v": 1557772882, "key": 0, "osmid": "142325120", "lanes": null, "ref": null, "name": null, "highway": "residential", "maxspeed": null, "oneway": false, "reversed": "True", "length": 119.2, "tunnel": null, "width": null, "bridge": null, "access": null, "service": null }, "geometry": { "type": "LineString", "coordinates": [ [ 133.548785, 33.49751 ], [ 133.5486473, 33.4975499 ], [ 133.548519700000014, 33.4976157 ], [ 133.5483615, 33.4977216 ], [ 133.5482136, 33.4977627 ], [ 133.547597700000011, 33.4978769 ] ] } },
{ "type": "Feature", "properties": { "u": 1557772799, "v": 4942039836, "key": 0, "osmid": [ 503976759, 142325079 ], "lanes": null, "ref": null, "name": null, "highway": [ "residential", "unclassified" ], "maxspeed": null, "oneway": false, "reversed": [ false, true ], "length": 142.779, "tunnel": null, "width": null, "bridge": null, "access": null, "service": null }, "geometry": { "type": "LineString", "coordinates": [ [ 133.5437972, 33.4975735 ], [ 133.5432051, 33.4975605 ], [ 133.5432065, 33.4973357 ], [ 133.5438844, 33.4973363 ] ] } },
{ "type": "Feature", "properties": { "u": 1557772799, "v": 4942039836, "key": 1, "osmid": "142325079", "lanes": null, "ref": null, "name": null, "highway": "unclassified", "maxspeed": null, "oneway": false, "reversed": "True", "length": 30.36, "tunnel": null, "width": null, "bridge": null, "access": null, "service": null }, "geometry": { "type": "LineString", "coordinates": [ [ 133.5437972, 33.4975735 ], [ 133.543882, 33.4975216 ], [ 133.5438844, 33.4973363 ] ] } },
{ "type": "Feature", "properties": { "u": 1557772799, "v": 4942039845, "key": 0, "osmid": "503976765", "lanes": null, "ref": null, "name": null, "highway": "residential", "maxspeed": null, "oneway": false, "reversed": "True", "length": 12.297, "tunnel": null, "width": null, "bridge": null, "access": null, "service": null }, "geometry": { "type": "LineString", "coordinates": [ [ 133.5437972, 33.4975735 ], [ 133.5438019, 33.4975963 ], [ 133.543809900000014, 33.4976835 ] ] } },
{ "type": "Feature", "properties": { "u": 1557772882, "v": 1557772903, "key": 0, "osmid": "142325779", "lanes": null, "ref": null, "name": null, "highway": "residential", "maxspeed": null, "oneway": false, "reversed": "True", "length": 22.234, "tunnel": null, "width": null, "bridge": null, "access": null, "service": null }, "geometry": { "type": "LineString", "coordinates": [ [ 133.547597700000011, 33.4978769 ], [ 133.547412, 33.4980034 ] ] } },
{ "type": "Feature", "properties": { "u": 1557772882, "v": 1557772785, "key": 0, "osmid": "142325120", "lanes": null, "ref": null, "name": null, "highway": "residential", "maxspeed": null, "oneway": false, "reversed": "False", "length": 119.2, "tunnel": null, "width": null, "bridge": null, "access": null, "service": null }, "geometry": { "type": "LineString", "coordinates": [ [ 133.547597700000011, 33.4978769 ], [ 133.5482136, 33.4977627 ], [ 133.5483615, 33.4977216 ], [ 133.548519700000014, 33.4976157 ], [ 133.5486473, 33.4975499 ], [ 133.548785, 33.49751 ] ] } },
{ "type": "Feature", "properties": { "u": 1557772882, "v": 10948632399, "key": 0, "osmid": "142326256", "lanes": null, "ref": null, "name": null, "highway": "residential", "maxspeed": null, "oneway": false, "reversed": "False", "length": 57.978, "tunnel": null, "width": null, "bridge": null, "access": null, "service": null }, "geometry": { "type": "LineString", "coordinates": [ [ 133.547597700000011, 33.4978769 ], [ 133.547583800000012, 33.4978244 ], [ 133.547636, 33.497538 ], [ 133.547642, 33.497448 ], [ 133.5476442, 33.4973602 ] ] } },
{ "type": "Feature", "properties": { "u": 1557772900, "v": 4942039845, "key": 0, "osmid": "503976767", "lanes": null, "ref": null, "name": null, "highway": "residential", "maxspeed": null, "oneway": false, "reversed": "False", "length": 103.964, "tunnel": null, "width": null, "bridge": null, "access": null, "service": null }, "geometry": { "type": "LineString", "coordinates": [ [ 133.542792600000013, 33.4978905 ], [ 133.5435122, 33.4979072 ], [ 133.5437107, 33.4977696 ], [ 133.543809900000014, 33.4976835 ] ] } },
{ "type": "Feature", "properties": { "u": 1557772903, "v": 1557772882, "key": 0, "osmid": "142325779", "lanes": null, "ref": null, "name": null, "highway": "residential", "maxspeed": null, "oneway": false, "reversed": "False", "length": 22.234, "tunnel": null, "width": null, "bridge": null, "access": null, "service": null }, "geometry": { "type": "LineString", "coordinates": [ [ 133.547412, 33.4980034 ], [ 133.547597700000011, 33.4978769 ] ] } },
{ "type": "Feature", "properties": { "u": 1557772903, "v": 9935063199, "key": 0, "osmid": "142326270", "lanes": null, "ref": null, "name": null, "highway": "residential", "maxspeed": null, "oneway": false, "reversed": "True", "length": 93.344, "tunnel": null, "width": null, "bridge": null, "access": null, "service": null }, "geometry": { "type": "LineString", "coordinates": [ [ 133.547412, 33.4980034 ], [ 133.547427, 33.498186 ], [ 133.547515, 33.498716 ], [ 133.5475248, 33.4988371 ] ] } },
{ "type": "Feature", "properties": { "u": 1557772903, "v": 4942039747, "key": 0, "osmid": "142326534", "lanes": null, "ref": null, "name": null, "highway": "residential", "maxspeed": null, "oneway": false, "reversed": "True", "length": 80.102, "tunnel": null, "width": null, "bridge": null, "access": null, "service": null }, "geometry": { "type": "LineString", "coordinates": [ [ 133.547412, 33.4980034 ], [ 133.5473639, 33.4980433 ], [ 133.547088300000013, 33.4980891 ], [ 133.5468524, 33.4980651 ], [ 133.546639699999986, 33.4980741 ], [ 133.5465758, 33.4980676 ] ] } },
{ "type": "Feature", "properties": { "u": 1557772933, "v": 5353289424, "key": 0, "osmid": [ 554725546, 142327387 ], "lanes": null, "ref": null, "name": null, "highway": "tertiary", "maxspeed": null, "oneway": false, "reversed": "False", "length": 384.067, "tunnel": null, "width": null, "bridge": null, "access": null, "service": null }, "geometry": { "type": "LineString", "coordinates": [ [ 133.55679, 33.4981592 ], [ 133.556791, 33.498198 ], [ 133.556764, 33.498429 ], [ 133.55673, 33.498863 ], [ 133.556676, 33.499438 ], [ 133.556656, 33.499776 ], [ 133.556616, 33.500153 ], [ 133.556589, 33.500503 ], [ 133.5579003, 33.5006536 ] ] } },
{ "type": "Feature", "properties": { "u": 1557772933, "v": 6295493949, "key": 0, "osmid": "142327470", "lanes": null, "ref": null, "name": null, "highway": "tertiary", "maxspeed": null, "oneway": false, "reversed": "True", "length": 202.722, "tunnel": null, "width": null, "bridge": null, "access": null, "service": null }, "geometry": { "type": "LineString", "coordinates": [ [ 133.55679, 33.4981592 ], [ 133.5568103, 33.4980343 ], [ 133.5565699, 33.4963491 ] ] } },
{ "type": "Feature", "properties": { "u": 1557772933, "v": 1431984919, "key": 0, "osmid": "734500724", "lanes": null, "ref": null, "name": null, "highway": "unclassified", "maxspeed": null, "oneway": false, "reversed": "False", "length": 854.893, "tunnel": null, "width": null, "bridge": null, "access": null, "service": null }, "geometry": { "type": "LineString", "coordinates": [ [ 133.55679, 33.4981592 ], [ 133.5568342, 33.498174 ], [ 133.5569047, 33.4982145 ], [ 133.5569764, 33.4982742 ], [ 133.5572596, 33.4985982 ], [ 133.557303499999989, 33.4986406 ], [ 133.5573579, 33.4986849 ], [ 133.5574226, 33.4987119 ], [ 133.5575012, 33.498736 ], [ 133.5577232, 33.4987659 ], [ 133.558056099999988, 33.4988199 ], [ 133.55814860000001, 33.4988334 ], [ 133.5582284, 33.4988334 ], [ 133.558301199999988, 33.4988209 ], [ 133.5583532, 33.4987967 ], [ 133.5584064, 33.4987563 ], [ 133.5585787, 33.498576 ], [ 133.558621499999987, 33.4985249 ], [ 133.558655, 33.4984651 ], [ 133.5586735, 33.4984025 ], [ 133.5586769, 33.4983475 ], [ 133.558686200000011, 33.4982588 ], [ 133.5587047, 33.4981952 ], [ 133.558744, 33.4981364 ], [ 133.558797199999987, 33.4980814 ], [ 133.5588804, 33.4980294 ], [ 133.5589625, 33.4979995 ], [ 133.5590723, 33.4979783 ], [ 133.55917980000001, 33.4979725 ], [ 133.5593035, 33.4979754 ], [ 133.559455, 33.497985 ], [ 133.559605299999987, 33.4980111 ], [ 133.5597452, 33.4980525 ], [ 133.5598608, 33.498094 ], [ 133.559966, 33.4981422 ], [ 133.5601833, 33.49828 ], [ 133.5602816, 33.4983649 ], [ 133.5603606, 33.4984232 ], [ 133.560406300000011, 33.4985211 ], [ 133.5604435, 33.4986746 ], [ 133.560482799999988, 33.4987575 ], [ 133.5605295, 33.4987813 ], [ 133.560593899999986, 33.4988075 ], [ 133.560696299999989, 33.4988246 ], [ 133.5608311, 33.4988456 ], [ 133.5611381, 33.4989033 ], [ 133.5613473, 33.4989505 ], [ 133.561574, 33.498977 ], [ 133.5616503, 33.4989394 ], [ 133.562048, 33.4986049 ], [ 133.562453799999986, 33.4982781 ], [ 133.5625475, 33.4982048 ], [ 133.5626029, 33.4981393 ], [ 133.5626446, 33.4980612 ], [ 133.562651499999987, 33.4980072 ], [ 133.562651499999987, 33.4979542 ], [ 133.5626342, 33.4978539 ], [ 133.562479200000013, 33.4971617 ], [ 133.5624411, 33.4970027 ], [ 133.5624295, 33.496914 ], [ 133.5624456, 33.4968405 ] ] } },
{ "type": "Feature", "properties": { "u": 1557772933, "v": 5447091879, "key": 0, "osmid": "734500724", "lanes": null, "ref": null, "name": null, "highway": "unclassified", "maxspeed": null, "oneway": false, "reversed": "True", "length": 132.904, "tunnel": null, "width": null, "bridge": null, "access": null, "service": null }, "geometry": { "type": "LineString", "coordinates": [ [ 133.55679, 33.4981592 ], [ 133.5567625, 33.498147 ], [ 133.5566804, 33.4981277 ], [ 133.556448100000011, 33.4980988 ], [ 133.5562157, 33.4980612 ], [ 133.5559648, 33.4980139 ], [ 133.555871200000013, 33.4980072 ], [ 133.5557983, 33.4980111 ], [ 133.5557417, 33.4980303 ], [ 133.5556978, 33.498067 ], [ 133.5556153, 33.4982115 ], [ 133.555592600000011, 33.4982821 ], [ 133.5555893, 33.498297 ] ] } },
{ "type": "Feature", "properties": { "u": 1557772949, "v": 4942039748, "key": 0, "osmid": "44407530", "lanes": null, "ref": null, "name": null, "highway": "unclassified", "maxspeed": null, "oneway": false, "reversed": "True", "length": 4.148, "tunnel": null, "width": null, "bridge": null, "access": null, "service": null }, "geometry": { "type": "LineString", "coordinates": [ [ 133.5460248, 33.4982208 ], [ 133.5460175, 33.498184 ] ] } },
{ "type": "Feature", "properties": { "u": 1557772949, "v": 1557773115, "key": 0, "osmid": "44407530", "lanes": null, "ref": null, "name": null, "highway": "unclassified", "maxspeed": null, "oneway": false, "reversed": "False", "length": 101.899, "tunnel": null, "width": null, "bridge": null, "access": null, "service": null }, "geometry": { "type": "LineString", "coordinates": [ [ 133.5460248, 33.4982208 ], [ 133.546085799999986, 33.4984999 ], [ 133.546124099999986, 33.4988003 ], [ 133.5461607, 33.4991295 ] ] } },
{ "type": "Feature", "properties": { "u": 1557772949, "v": 1557772990, "key": 0, "osmid": "142326598", "lanes": null, "ref": null, "name": null, "highway": "residential", "maxspeed": null, "oneway": false, "reversed": "True", "length": 92.303, "tunnel": null, "width": null, "bridge": null, "access": null, "service": null }, "geometry": { "type": "LineString", "coordinates": [ [ 133.5460248, 33.4982208 ], [ 133.5457989, 33.4982917 ], [ 133.545727, 33.49831 ], [ 133.545401199999986, 33.4983968 ], [ 133.545082900000011, 33.4984888 ] ] } },
{ "type": "Feature", "properties": { "u": 1557772962, "v": 1557772982, "key": 0, "osmid": "142326043", "lanes": null, "ref": null, "name": null, "highway": "unclassified", "maxspeed": null, "oneway": false, "reversed": "False", "length": 79.953, "tunnel": null, "width": null, "bridge": null, "access": null, "service": null }, "geometry": { "type": "LineString", "coordinates": [ [ 133.570306, 33.4983378 ], [ 133.5699166, 33.4983639 ], [ 133.5694484, 33.498411 ] ] } },
{ "type": "Feature", "properties": { "u": 1557772962, "v": 6290324632, "key": 0, "osmid": "142326043", "lanes": null, "ref": null, "name": null, "highway": "unclassified", "maxspeed": null, "oneway": false, "reversed": "True", "length": 6.161, "tunnel": null, "width": null, "bridge": null, "access": null, "service": null }, "geometry": { "type": "LineString", "coordinates": [ [ 133.570306, 33.4983378 ], [ 133.570329500000014, 33.4983541 ], [ 133.5703307, 33.498384 ] ] } },
{ "type": "Feature", "properties": { "u": 1557772962, "v": 6290324567, "key": 0, "osmid": "671741450", "lanes": null, "ref": null, "name": null, "highway": "path", "maxspeed": null, "oneway": false, "reversed": "False", "length": 169.413, "tunnel": null, "width": null, "bridge": null, "access": null, "service": null }, "geometry": { "type": "LineString", "coordinates": [ [ 133.570306, 33.4983378 ], [ 133.5703322, 33.4982507 ], [ 133.5704156, 33.4978116 ], [ 133.570458699999989, 33.4975834 ], [ 133.5704738, 33.4974041 ], [ 133.5704799, 33.4971184 ], [ 133.5704408, 33.4970842 ], [ 133.5704408, 33.4970572 ], [ 133.570437700000014, 33.4970289 ], [ 133.570431500000012, 33.4969917 ], [ 133.570431500000012, 33.4969441 ], [ 133.5704361, 33.4969223 ], [ 133.57043920000001, 33.4968992 ], [ 133.5704438, 33.4968799 ], [ 133.5704423, 33.4968401 ] ] } },
{ "type": "Feature", "properties": { "u": 1557772982, "v": 6290324526, "key": 0, "osmid": [ 142325544, 671741443 ], "lanes": null, "ref": null, "name": null, "highway": [ "path", "residential" ], "maxspeed": null, "oneway": false, "reversed": [ false, true ], "length": 81.314, "tunnel": null, "width": null, "bridge": null, "access": null, "service": null }, "geometry": { "type": "LineString", "coordinates": [ [ 133.5694484, 33.498411 ], [ 133.569419, 33.4982164 ], [ 133.5694048, 33.4980955 ], [ 133.569398, 33.497992 ], [ 133.5693948, 33.4977555 ], [ 133.5694818, 33.4977438 ] ] } },
{ "type": "Feature", "properties": { "u": 1557772982, "v": 564465486, "key": 0, "osmid": "142326043", "lanes": null, "ref": null, "name": null, "highway": "unclassified", "maxspeed": null, "oneway": false, "reversed": "False", "length": 62.594, "tunnel": null, "width": null, "bridge": null, "access": null, "service": null }, "geometry": { "type": "LineString", "coordinates": [ [ 133.5694484, 33.498411 ], [ 133.569201099999987, 33.4984483 ], [ 133.5690371, 33.4984551 ], [ 133.5687777, 33.4984484 ] ] } },
{ "type": "Feature", "properties": { "u": 1557772982, "v": 1557772962, "key": 0, "osmid": "142326043", "lanes": null, "ref": null, "name": null, "highway": "unclassified", "maxspeed": null, "oneway": false, "reversed": "True", "length": 79.953, "tunnel": null, "width": null, "bridge": null, "access": null, "service": null }, "geometry": { "type": "LineString", "coordinates": [ [ 133.5694484, 33.498411 ], [ 133.5699166, 33.4983639 ], [ 133.570306, 33.4983378 ] ] } },
{ "type": "Feature", "properties": { "u": 1557772990, "v": 1557773002, "key": 0, "osmid": "142327606", "lanes": null, "ref": null, "name": null, "highway": "residential", "maxspeed": null, "oneway": false, "reversed": "True", "length": 67.012, "tunnel": null, "width": null, "bridge": null, "access": null, "service": null }, "geometry": { "type": "LineString", "coordinates": [ [ 133.545082900000011, 33.4984888 ], [ 133.5443625, 33.4985368 ] ] } },
{ "type": "Feature", "properties": { "u": 1557772990, "v": 1557773271, "key": 0, "osmid": "142326548", "lanes": null, "ref": null, "name": null, "highway": "residential", "maxspeed": null, "oneway": false, "reversed": "True", "length": 127.315, "tunnel": null, "width": null, "bridge": null, "access": null, "service": null }, "geometry": { "type": "LineString", "coordinates": [ [ 133.545082900000011, 33.4984888 ], [ 133.545143, 33.498891 ], [ 133.54518920000001, 33.4991773 ], [ 133.545073800000011, 33.4993442 ], [ 133.5449658, 33.4995861 ] ] } },
{ "type": "Feature", "properties": { "u": 1557772990, "v": 1557772949, "key": 0, "osmid": "142326598", "lanes": null, "ref": null, "name": null, "highway": "residential", "maxspeed": null, "oneway": false, "reversed": "False", "length": 92.303, "tunnel": null, "width": null, "bridge": null, "access": null, "service": null }, "geometry": { "type": "LineString", "coordinates": [ [ 133.545082900000011, 33.4984888 ], [ 133.545401199999986, 33.4983968 ], [ 133.545727, 33.49831 ], [ 133.5457989, 33.4982917 ], [ 133.5460248, 33.4982208 ] ] } },
{ "type": "Feature", "properties": { "u": 1557773002, "v": 1557772990, "key": 0, "osmid": "142327606", "lanes": null, "ref": null, "name": null, "highway": "residential", "maxspeed": null, "oneway": false, "reversed": "False", "length": 67.012, "tunnel": null, "width": null, "bridge": null, "access": null, "service": null }, "geometry": { "type": "LineString", "coordinates": [ [ 133.5443625, 33.4985368 ], [ 133.545082900000011, 33.4984888 ] ] } },
{ "type": "Feature", "properties": { "u": 1557773002, "v": 1431985079, "key": 0, "osmid": "142327606", "lanes": null, "ref": null, "name": null, "highway": "residential", "maxspeed": null, "oneway": false, "reversed": "True", "length": 223.907, "tunnel": null, "width": null, "bridge": null, "access": null, "service": null }, "geometry": { "type": "LineString", "coordinates": [ [ 133.5443625, 33.4985368 ], [ 133.54357, 33.4986088 ], [ 133.543323500000014, 33.4986459 ], [ 133.543349799999987, 33.4989753 ], [ 133.543455599999987, 33.4991525 ], [ 133.5434416, 33.4994701 ], [ 133.5435847, 33.4997389 ] ] } },
{ "type": "Feature", "properties": { "u": 1557773002, "v": 9935108932, "key": 0, "osmid": "1084173841", "lanes": null, "ref": null, "name": null, "highway": "unclassified", "maxspeed": null, "oneway": false, "reversed": "False", "length": 113.108, "tunnel": null, "width": null, "bridge": null, "access": null, "service": null }, "geometry": { "type": "LineString", "coordinates": [ [ 133.5443625, 33.4985368 ], [ 133.5444009, 33.499039 ], [ 133.544431, 33.4991437 ], [ 133.5444353, 33.49955 ] ] } },
{ "type": "Feature", "properties": { "u": 1557773005, "v": 5520410368, "key": 0, "osmid": "250513025", "lanes": null, "ref": null, "name": null, "highway": "path", "maxspeed": null, "oneway": false, "reversed": "False", "length": 15.244, "tunnel": null, "width": null, "bridge": null, "access": null, "service": null }, "geometry": { "type": "LineString", "coordinates": [ [ 133.575412, 33.4985508 ], [ 133.5752747, 33.4986262 ] ] } },
{ "type": "Feature", "properties": { "u": 1557773005, "v": 1557773018, "key": 0, "osmid": "573204128", "lanes": null, "ref": null, "name": null, "highway": "path", "maxspeed": null, "oneway": false, "reversed": "True", "length": 26.691, "tunnel": null, "width": null, "bridge": null, "access": null, "service": null }, "geometry": { "type": "LineString", "coordinates": [ [ 133.575412, 33.4985508 ], [ 133.5756998, 33.4985554 ] ] } },
{ "type": "Feature", "properties": { "u": 1557773005, "v": 5351385803, "key": 0, "osmid": [ 573204128, 142325712 ], "lanes": null, "ref": null, "name": null, "highway": [ "path", "unclassified" ], "maxspeed": null, "oneway": false, "reversed": [ false, true ], "length": 73.242, "tunnel": null, "width": null, "bridge": null, "access": "no", "service": null }, "geometry": { "type": "LineString", "coordinates": [ [ 133.575412, 33.4985508 ], [ 133.5751041, 33.4984361 ], [ 133.5750162, 33.4983365 ], [ 133.57476170000001, 33.4981973 ] ] } },
{ "type": "Feature", "properties": { "u": 1557773009, "v": 6290381982, "key": 0, "osmid": "142325127", "lanes": null, "ref": null, "name": null, "highway": "path", "maxspeed": null, "oneway": false, "reversed": "False", "length": 206.662, "tunnel": null, "width": null, "bridge": null, "access": null, "service": null }, "geometry": { "type": "LineString", "coordinates": [ [ 133.5760833, 33.4984915 ], [ 133.57611940000001, 33.4985077 ], [ 133.57611940000001, 33.4985387 ], [ 133.5753815, 33.5002232 ] ] } },
{ "type": "Feature", "properties": { "u": 1557773009, "v": 5351385797, "key": 0, "osmid": "142325127", "lanes": null, "ref": null, "name": null, "highway": "path", "maxspeed": null, "oneway": false, "reversed": "True", "length": 65.604, "tunnel": null, "width": null, "bridge": null, "access": null, "service": null }, "geometry": { "type": "LineString", "coordinates": [ [ 133.5760833, 33.4984915 ], [ 133.575766, 33.4983306 ], [ 133.5755574, 33.4981948 ], [ 133.5755005, 33.4981587 ] ] } },
{ "type": "Feature", "properties": { "u": 1557773009, "v": 1557773018, "key": 0, "osmid": [ 573204128, 573204129 ], "lanes": null, "ref": null, "name": null, "highway": [ "steps", "path" ], "maxspeed": null, "oneway": false, "reversed": "False", "length": 36.289, "tunnel": null, "width": null, "bridge": null, "access": null, "service": null }, "geometry": { "type": "LineString", "coordinates": [ [ 133.5760833, 33.4984915 ], [ 133.5758247, 33.4985287 ], [ 133.5756998, 33.4985554 ] ] } },
{ "type": "Feature", "properties": { "u": 1557773016, "v": 2569489205, "key": 0, "osmid": "250513030", "lanes": null, "ref": null, "name": null, "highway": "footway", "maxspeed": null, "oneway": false, "reversed": "True", "length": 13.176, "tunnel": null, "width": null, "bridge": null, "access": null, "service": null }, "geometry": { "type": "LineString", "coordinates": [ [ 133.574789900000013, 33.4988403 ], [ 133.574748699999986, 33.4989537 ] ] } },
{ "type": "Feature", "properties": { "u": 1557773016, "v": 5520410368, "key": 0, "osmid": [ 250513025, 142325773 ], "lanes": null, "ref": null, "name": null, "highway": [ "steps", "path" ], "maxspeed": null, "oneway": false, "reversed": "True", "length": 51.068, "tunnel": null, "width": null, "bridge": null, "access": null, "service": null }, "geometry": { "type": "LineString", "coordinates": [ [ 133.574789900000013, 33.4988403 ], [ 133.5750626, 33.4987428 ], [ 133.5752747, 33.4986262 ] ] } },
{ "type": "Feature", "properties": { "u": 1557773016, "v": 5362555608, "key": 0, "osmid": "555864723", "lanes": null, "ref": null, "name": null, "highway": "path", "maxspeed": null, "oneway": false, "reversed": "False", "length": 29.138, "tunnel": null, "width": null, "bridge": null, "access": null, "service": null }, "geometry": { "type": "LineString", "coordinates": [ [ 133.574789900000013, 33.4988403 ], [ 133.5747599, 33.4986773 ], [ 133.5747571, 33.498655 ], [ 133.574747699999989, 33.4985807 ] ] } },
{ "type": "Feature", "properties": { "u": 1557773018, "v": 1557773005, "key": 0, "osmid": "573204128", "lanes": null, "ref": null, "name": null, "highway": "path", "maxspeed": null, "oneway": false, "reversed": "False", "length": 26.691, "tunnel": null, "width": null, "bridge": null, "access": null, "service": null }, "geometry": { "type": "LineString", "coordinates": [ [ 133.5756998, 33.4985554 ], [ 133.575412, 33.4985508 ] ] } },
{ "type": "Feature", "properties": { "u": 1557773018, "v": 1557773009, "key": 0, "osmid": [ 573204128, 573204129 ], "lanes": null, "ref": null, "name": null, "highway": [ "path", "steps" ], "maxspeed": null, "oneway": false, "reversed": "True", "length": 36.289, "tunnel": null, "width": null, "bridge": null, "access": null, "service": null }, "geometry": { "type": "LineString", "coordinates": [ [ 133.5756998, 33.4985554 ], [ 133.5758247, 33.4985287 ], [ 133.5760833, 33.4984915 ] ] } },
{ "type": "Feature", "properties": { "u": 1557773018, "v": 5520410368, "key": 0, "osmid": "575263380", "lanes": null, "ref": null, "name": null, "highway": "path", "maxspeed": null, "oneway": false, "reversed": "False", "length": 44.112, "tunnel": null, "width": null, "bridge": null, "access": null, "service": null }, "geometry": { "type": "LineString", "coordinates": [ [ 133.5756998, 33.4985554 ], [ 133.5755035, 33.4986714 ], [ 133.5752747, 33.4986262 ] ] } },
{ "type": "Feature", "properties": { "u": 1557773073, "v": 564443165, "key": 0, "osmid": "142327238", "lanes": null, "ref": null, "name": null, "highway": "residential", "maxspeed": null, "oneway": false, "reversed": "False", "length": 141.06, "tunnel": null, "width": null, "bridge": null, "access": null, "service": null }, "geometry": { "type": "LineString", "coordinates": [ [ 133.5484901, 33.4988077 ], [ 133.548799, 33.498699 ], [ 133.548914, 33.498671 ], [ 133.5491443, 33.4986459 ], [ 133.5492793, 33.498639 ], [ 133.549662500000011, 33.4985189 ], [ 133.5497258, 33.4984991 ], [ 133.5499475, 33.4984992 ] ] } },
{ "type": "Feature", "properties": { "u": 1557773073, "v": 9935063199, "key": 0, "osmid": "142327238", "lanes": null, "ref": null, "name": null, "highway": "residential", "maxspeed": null, "oneway": false, "reversed": "True", "length": 92.871, "tunnel": null, "width": null, "bridge": null, "access": null, "service": null }, "geometry": { "type": "LineString", "coordinates": [ [ 133.5484901, 33.4988077 ], [ 133.548227200000014, 33.4988662 ], [ 133.54798550000001, 33.4988792 ], [ 133.5479003, 33.4988399 ], [ 133.547786300000013, 33.4987985 ], [ 133.5475248, 33.4988371 ] ] } },
{ "type": "Feature", "properties": { "u": 1557773073, "v": 9935063186, "key": 0, "osmid": "1084173829", "lanes": null, "ref": null, "name": null, "highway": "residential", "maxspeed": null, "oneway": false, "reversed": "True", "length": 45.727, "tunnel": null, "width": null, "bridge": null, "access": null, "service": null }, "geometry": { "type": "LineString", "coordinates": [ [ 133.5484901, 33.4988077 ], [ 133.5485324, 33.4989656 ], [ 133.5485894, 33.4991792 ], [ 133.5485947, 33.4992095 ] ] } },
{ "type": "Feature", "properties": { "u": 1557773075, "v": 6290324538, "key": 0, "osmid": "142325404", "lanes": null, "ref": null, "name": null, "highway": "unclassified", "maxspeed": null, "oneway": false, "reversed": "False", "length": 18.241, "tunnel": null, "width": null, "bridge": null, "access": null, "service": null }, "geometry": { "type": "LineString", "coordinates": [ [ 133.570334300000013, 33.4987948 ], [ 133.570339, 33.4989588 ] ] } },
{ "type": "Feature", "properties": { "u": 1557773075, "v": 6290324540, "key": 0, "osmid": "734500724", "lanes": null, "ref": null, "name": null, "highway": "unclassified", "maxspeed": null, "oneway": false, "reversed": "False", "length": 44.757, "tunnel": null, "width": null, "bridge": null, "access": null, "service": null }, "geometry": { "type": "LineString", "coordinates": [ [ 133.570334300000013, 33.4987948 ], [ 133.5703969, 33.4988203 ], [ 133.5704288, 33.4988201 ], [ 133.570808699999986, 33.4988455 ] ] } },
{ "type": "Feature", "properties": { "u": 1557773075, "v": 564465498, "key": 0, "osmid": "734500724", "lanes": null, "ref": null, "name": null, "highway": "unclassified", "maxspeed": null, "oneway": false, "reversed": "True", "length": 10.447, "tunnel": null, "width": null, "bridge": null, "access": null, "service": null }, "geometry": { "type": "LineString", "coordinates": [ [ 133.570334300000013, 33.4987948 ], [ 133.570303599999988, 33.4987614 ], [ 133.5702559, 33.4987281 ] ] } },
{ "type": "Feature", "properties": { "u": 1557773088, "v": 9935063198, "key": 0, "osmid": "142326236", "lanes": null, "ref": null, "name": null, "highway": "residential", "maxspeed": null, "oneway": false, "reversed": "True", "length": 78.436, "tunnel": null, "width": null, "bridge": null, "access": null, "service": null }, "geometry": { "type": "LineString", "coordinates": [ [ 133.5475322, 33.498929 ], [ 133.5466883, 33.4989774 ] ] } },
{ "type": "Feature", "properties": { "u": 1557773088, "v": 9935063199, "key": 0, "osmid": "142326270", "lanes": null, "ref": null, "name": null, "highway": "residential", "maxspeed": null, "oneway": false, "reversed": "False", "length": 10.242, "tunnel": null, "width": null, "bridge": null, "access": null, "service": null }, "geometry": { "type": "LineString", "coordinates": [ [ 133.5475322, 33.498929 ], [ 133.5475248, 33.4988371 ] ] } },
{ "type": "Feature", "properties": { "u": 1557773088, "v": 9935063191, "key": 0, "osmid": "1084173831", "lanes": null, "ref": null, "name": null, "highway": "unclassified", "maxspeed": null, "oneway": false, "reversed": "True", "length": 40.174, "tunnel": null, "width": null, "bridge": null, "access": null, "service": null }, "geometry": { "type": "LineString", "coordinates": [ [ 133.5475322, 33.498929 ], [ 133.5475486, 33.4990232 ], [ 133.5475466, 33.4992893 ] ] } },
{ "type": "Feature", "properties": { "u": 1557773115, "v": 1431985105, "key": 0, "osmid": "44407530", "lanes": null, "ref": null, "name": null, "highway": "unclassified", "maxspeed": null, "oneway": false, "reversed": "False", "length": 100.606, "tunnel": null, "width": null, "bridge": null, "access": null, "service": null }, "geometry": { "type": "LineString", "coordinates": [ [ 133.5461607, 33.4991295 ], [ 133.546193, 33.4993465 ], [ 133.546211699999986, 33.4998789 ], [ 133.5461704, 33.4999747 ], [ 133.546125600000011, 33.5000104 ] ] } },
{ "type": "Feature", "properties": { "u": 1557773115, "v": 1557772949, "key": 0, "osmid": "44407530", "lanes": null, "ref": null, "name": null, "highway": "unclassified", "maxspeed": null, "oneway": false, "reversed": "True", "length": 101.899, "tunnel": null, "width": null, "bridge": null, "access": null, "service": null }, "geometry": { "type": "LineString", "coordinates": [ [ 133.5461607, 33.4991295 ], [ 133.546124099999986, 33.4988003 ], [ 133.546085799999986, 33.4984999 ], [ 133.5460248, 33.4982208 ] ] } },
{ "type": "Feature", "properties": { "u": 1557773115, "v": 9935063198, "key": 0, "osmid": "142326236", "lanes": null, "ref": null, "name": null, "highway": "residential", "maxspeed": null, "oneway": false, "reversed": "False", "length": 59.51, "tunnel": null, "width": null, "bridge": null, "access": null, "service": null }, "geometry": { "type": "LineString", "coordinates": [ [ 133.5461607, 33.4991295 ], [ 133.546688499999988, 33.4990682 ], [ 133.5466883, 33.4989774 ] ] } },
{ "type": "Feature", "properties": { "u": 1557773125, "v": 6290324538, "key": 0, "osmid": "142325404", "lanes": null, "ref": null, "name": null, "highway": "unclassified", "maxspeed": null, "oneway": false, "reversed": "True", "length": 15.395, "tunnel": null, "width": null, "bridge": null, "access": null, "service": null }, "geometry": { "type": "LineString", "coordinates": [ [ 133.5703508, 33.4990969 ], [ 133.570339, 33.4989588 ] ] } },
{ "type": "Feature", "properties": { "u": 1557773125, "v": 6290324542, "key": 0, "osmid": "317513943", "lanes": null, "ref": null, "name": null, "highway": "path", "maxspeed": null, "oneway": false, "reversed": "False", "length": 41.021, "tunnel": null, "width": null, "bridge": null, "access": null, "service": null }, "geometry": { "type": "LineString", "coordinates": [ [ 133.5703508, 33.4990969 ], [ 133.5707845, 33.4991697 ] ] } },
{ "type": "Feature", "properties": { "u": 1557773125, "v": 3237851935, "key": 0, "osmid": "317513943", "lanes": null, "ref": null, "name": null, "highway": "path", "maxspeed": null, "oneway": false, "reversed": "True", "length": 150.423, "tunnel": null, "width": null, "bridge": null, "access": null, "service": null }, "geometry": { "type": "LineString", "coordinates": [ [ 133.5703508, 33.4990969 ], [ 133.5698135, 33.4990701 ], [ 133.5692842, 33.4990265 ], [ 133.568734299999988, 33.4989853 ] ] } },
{ "type": "Feature", "properties": { "u": 1557773242, "v": 1431985109, "key": 0, "osmid": "44405081", "lanes": "1", "ref": "34", "name": "桂浜はりまや線", "highway": "primary", "maxspeed": null, "oneway": false, "reversed": "False", "length": 70.532, "tunnel": null, "width": null, "bridge": null, "access": null, "service": null }, "geometry": { "type": "LineString", "coordinates": [ [ 133.5498925, 33.4994922 ], [ 133.5498416, 33.4995859 ], [ 133.5498375, 33.4998197 ], [ 133.549845, 33.5000324 ], [ 133.549847699999987, 33.5001172 ] ] } },
{ "type": "Feature", "properties": { "u": 1557773242, "v": 10948633214, "key": 0, "osmid": "44405081", "lanes": "1", "ref": "34", "name": "桂浜はりまや線", "highway": "primary", "maxspeed": null, "oneway": false, "reversed": "True", "length": 61.659, "tunnel": null, "width": null, "bridge": null, "access": null, "service": null }, "geometry": { "type": "LineString", "coordinates": [ [ 133.5498925, 33.4994922 ], [ 133.5499288, 33.4994211 ], [ 133.5499724, 33.4992698 ], [ 133.5499677, 33.4991682 ], [ 133.5499336, 33.4989501 ] ] } },
{ "type": "Feature", "properties": { "u": 1557773242, "v": 9935063181, "key": 0, "osmid": "142327182", "lanes": null, "ref": null, "name": null, "highway": "unclassified", "maxspeed": null, "oneway": false, "reversed": "True", "length": 108.063, "tunnel": null, "width": null, "bridge": null, "access": null, "service": null }, "geometry": { "type": "LineString", "coordinates": [ [ 133.5498925, 33.4994922 ], [ 133.5497877, 33.4995028 ], [ 133.549628, 33.499513 ], [ 133.5493746, 33.499576 ], [ 133.5492281, 33.4996157 ], [ 133.549042899999989, 33.4996641 ], [ 133.5488418, 33.4997401 ], [ 133.548784, 33.4997673 ] ] } },
{ "type": "Feature", "properties": { "u": 1557773271, "v": 9935108932, "key": 0, "osmid": "129854034", "lanes": null, "ref": null, "name": null, "highway": "unclassified", "maxspeed": null, "oneway": false, "reversed": "False", "length": 49.443, "tunnel": null, "width": null, "bridge": null, "access": null, "service": null }, "geometry": { "type": "LineString", "coordinates": [ [ 133.5449658, 33.4995861 ], [ 133.5448241, 33.4995691 ], [ 133.5446492, 33.4995516 ], [ 133.5444353, 33.49955 ] ] } },
{ "type": "Feature", "properties": { "u": 1557773271, "v": 1431985105, "key": 0, "osmid": "129854034", "lanes": null, "ref": null, "name": null, "highway": "unclassified", "maxspeed": null, "oneway": false, "reversed": "True", "length": 119.376, "tunnel": null, "width": null, "bridge": null, "access": null, "service": null }, "geometry": { "type": "LineString", "coordinates": [ [ 133.5449658, 33.4995861 ], [ 133.54516670000001, 33.4996153 ], [ 133.5455203, 33.499691 ], [ 133.545683, 33.4997564 ], [ 133.545836400000013, 33.4998454 ], [ 133.5459016, 33.4998905 ], [ 133.5459897, 33.49994 ], [ 133.546125600000011, 33.5000104 ] ] } },
{ "type": "Feature", "properties": { "u": 1557773271, "v": 1557772990, "key": 0, "osmid": "142326548", "lanes": null, "ref": null, "name": null, "highway": "residential", "maxspeed": null, "oneway": false, "reversed": "False", "length": 127.315, "tunnel": null, "width": null, "bridge": null, "access": null, "service": null }, "geometry": { "type": "LineString", "coordinates": [ [ 133.5449658, 33.4995861 ], [ 133.545073800000011, 33.4993442 ], [ 133.54518920000001, 33.4991773 ], [ 133.545143, 33.498891 ], [ 133.545082900000011, 33.4984888 ] ] } },
{ "type": "Feature", "properties": { "u": 1557773303, "v": 1431985079, "key": 0, "osmid": "129854034", "lanes": null, "ref": null, "name": null, "highway": "unclassified", "maxspeed": null, "oneway": false, "reversed": "True", "length": 3.116, "tunnel": null, "width": null, "bridge": null, "access": null, "service": null }, "geometry": { "type": "LineString", "coordinates": [ [ 133.5435572, 33.499755 ], [ 133.5435847, 33.4997389 ] ] } },
{ "type": "Feature", "properties": { "u": 1557773430, "v": 9935063178, "key": 0, "osmid": "44407518", "lanes": null, "ref": null, "name": null, "highway": "unclassified", "maxspeed": null, "oneway": false, "reversed": "False", "length": 98.309, "tunnel": null, "width": null, "bridge": null, "access": null, "service": null }, "geometry": { "type": "LineString", "coordinates": [ [ 133.547828900000013, 33.5001801 ], [ 133.5478804, 33.5001779 ], [ 133.548216200000013, 33.5001934 ], [ 133.54876, 33.5002089 ], [ 133.5488882, 33.5002064 ] ] } },
{ "type": "Feature", "properties": { "u": 1557773430, "v": 9935063192, "key": 0, "osmid": "44407518", "lanes": null, "ref": null, "name": null, "highway": "unclassified", "maxspeed": null, "oneway": false, "reversed": "True", "length": 45.548, "tunnel": null, "width": null, "bridge": null, "access": null, "service": null }, "geometry": { "type": "LineString", "coordinates": [ [ 133.547828900000013, 33.5001801 ], [ 133.5477272, 33.5001972 ], [ 133.5473464, 33.5002569 ] ] } },
{ "type": "Feature", "properties": { "u": 1557773430, "v": 9935063181, "key": 0, "osmid": "142327182", "lanes": null, "ref": null, "name": null, "highway": "unclassified", "maxspeed": null, "oneway": false, "reversed": "False", "length": 111.438, "tunnel": null, "width": null, "bridge": null, "access": null, "service": null }, "geometry": { "type": "LineString", "coordinates": [ [ 133.547828900000013, 33.5001801 ], [ 133.5478199, 33.5000533 ], [ 133.54793380000001, 33.4999862 ], [ 133.548063899999988, 33.4999747 ], [ 133.548350199999987, 33.499961 ], [ 133.548455600000011, 33.4999215 ], [ 133.548784, 33.4997673 ] ] } },
{ "type": "Feature", "properties": { "u": 2569489163, "v": 2569489193, "key": 0, "osmid": "250513032", "lanes": null, "ref": null, "name": null, "highway": "service", "maxspeed": null, "oneway": false, "reversed": "False", "length": 82.756, "tunnel": null, "width": null, "bridge": null, "access": null, "service": null }, "geometry": { "type": "LineString", "coordinates": [ [ 133.5722763, 33.4963857 ], [ 133.572207600000013, 33.4966797 ], [ 133.57215930000001, 33.4967938 ], [ 133.5718506, 33.4969383 ], [ 133.5718243, 33.4969565 ] ] } },
{ "type": "Feature", "properties": { "u": 2569489193, "v": 2569489163, "key": 0, "osmid": "250513032", "lanes": null, "ref": null, "name": null, "highway": "service", "maxspeed": null, "oneway": false, "reversed": "True", "length": 82.756, "tunnel": null, "width": null, "bridge": null, "access": null, "service": null }, "geometry": { "type": "LineString", "coordinates": [ [ 133.5718243, 33.4969565 ], [ 133.5718506, 33.4969383 ], [ 133.57215930000001, 33.4967938 ], [ 133.572207600000013, 33.4966797 ], [ 133.5722763, 33.4963857 ] ] } },
{ "type": "Feature", "properties": { "u": 2569489193, "v": 5566192285, "key": 0, "osmid": [ 670405824, 142326528 ], "lanes": null, "ref": null, "name": null, "highway": "unclassified", "maxspeed": null, "oneway": false, "reversed": "False", "length": 94.149, "tunnel": null, "width": null, "bridge": null, "access": null, "service": null }, "geometry": { "type": "LineString", "coordinates": [ [ 133.5718243, 33.4969565 ], [ 133.5718535, 33.4974294 ], [ 133.5719115, 33.4974939 ], [ 133.572041399999989, 33.4975269 ], [ 133.5721877, 33.4975449 ], [ 133.5722542, 33.4975372 ] ] } },
{ "type": "Feature", "properties": { "u": 2569489193, "v": 6290324357, "key": 0, "osmid": [ 573204143, 671741435, 671741436, 250513031 ], "lanes": null, "ref": null, "name": null, "highway": "service", "maxspeed": null, "oneway": false, "reversed": [ false, true ], "length": 184.796, "tunnel": null, "width": null, "bridge": null, "access": null, "service": [ "parking_aisle", "driveway" ] }, "geometry": { "type": "LineString", "coordinates": [ [ 133.5718243, 33.4969565 ], [ 133.571737399999989, 33.4968432 ], [ 133.571736, 33.4967134 ], [ 133.571734600000013, 33.4966228 ], [ 133.5717302, 33.4965316 ], [ 133.5717296, 33.496511 ], [ 133.5717146, 33.4963472 ], [ 133.571696, 33.4962162 ], [ 133.5716706, 33.4960933 ], [ 133.57168630000001, 33.4960695 ], [ 133.571720699999986, 33.4960448 ], [ 133.571763299999986, 33.4960245 ], [ 133.5718114, 33.4960086 ], [ 133.5718525, 33.4960072 ], [ 133.57191850000001, 33.4960276 ], [ 133.5721116, 33.4960996 ], [ 133.5721701, 33.4961249 ], [ 133.5721912, 33.4961484 ], [ 133.5721772, 33.4961931 ], [ 133.5721352, 33.4962116 ], [ 133.5720861, 33.4962047 ], [ 133.571941399999986, 33.4961259 ] ] } },
{ "type": "Feature", "properties": { "u": 2569489194, "v": 564443435, "key": 0, "osmid": "250513026", "lanes": null, "ref": null, "name": null, "highway": "steps", "maxspeed": null, "oneway": false, "reversed": "True", "length": 25.424, "tunnel": null, "width": null, "bridge": null, "access": null, "service": null }, "geometry": { "type": "LineString", "coordinates": [ [ 133.573453699999988, 33.4975816 ], [ 133.5734726, 33.4978097 ] ] } },
{ "type": "Feature", "properties": { "u": 2569489194, "v": 5505867982, "key": 0, "osmid": "142325986", "lanes": null, "ref": null, "name": null, "highway": "path", "maxspeed": null, "oneway": false, "reversed": "False", "length": 109.196, "tunnel": null, "width": null, "bridge": null, "access": null, "service": null }, "geometry": { "type": "LineString", "coordinates": [ [ 133.573453699999988, 33.4975816 ], [ 133.5735472, 33.4976774 ], [ 133.57364, 33.4977928 ], [ 133.573749600000014, 33.4979031 ], [ 133.5739448, 33.4980503 ], [ 133.5740219, 33.4980606 ], [ 133.5740669, 33.4980613 ], [ 133.5741142, 33.4980658 ], [ 133.5741294, 33.4980701 ], [ 133.5742007, 33.4980568 ], [ 133.5742249, 33.4980563 ], [ 133.57424850000001, 33.4980622 ], [ 133.5742718, 33.4980716 ], [ 133.5742823, 33.49808 ], [ 133.5742836, 33.4980891 ], [ 133.574276700000013, 33.4981012 ], [ 133.5743254, 33.4981159 ] ] } },
{ "type": "Feature", "properties": { "u": 2569489194, "v": 6278123744, "key": 0, "osmid": "142325986", "lanes": null, "ref": null, "name": null, "highway": "path", "maxspeed": null, "oneway": false, "reversed": "True", "length": 114.631, "tunnel": null, "width": null, "bridge": null, "access": null, "service": null }, "geometry": { "type": "LineString", "coordinates": [ [ 133.573453699999988, 33.4975816 ], [ 133.5734339, 33.4975884 ], [ 133.573376599999989, 33.4976129 ], [ 133.5732735, 33.4976273 ], [ 133.573249800000013, 33.497622 ], [ 133.573096, 33.4975387 ], [ 133.5730692, 33.4975199 ], [ 133.5730384, 33.4974925 ], [ 133.572729399999986, 33.4971805 ], [ 133.5724869, 33.4971131 ], [ 133.57247, 33.497115 ] ] } },
{ "type": "Feature", "properties": { "u": 2569489205, "v": 5505867960, "key": 0, "osmid": "250513028", "lanes": null, "ref": null, "name": null, "highway": "footway", "maxspeed": null, "oneway": false, "reversed": "False", "length": 4.9, "tunnel": null, "width": null, "bridge": null, "access": null, "service": null }, "geometry": { "type": "LineString", "coordinates": [ [ 133.574748699999986, 33.4989537 ], [ 133.5747934, 33.4989772 ] ] } },
{ "type": "Feature", "properties": { "u": 2569489205, "v": 1557773016, "key": 0, "osmid": "250513030", "lanes": null, "ref": null, "name": null, "highway": "footway", "maxspeed": null, "oneway": false, "reversed": "False", "length": 13.176, "tunnel": null, "width": null, "bridge": null, "access": null, "service": null }, "geometry": { "type": "LineString", "coordinates": [ [ 133.574748699999986, 33.4989537 ], [ 133.574789900000013, 33.4988403 ] ] } },
{ "type": "Feature", "properties": { "u": 2569489205, "v": 5505912833, "key": 0, "osmid": "250513030", "lanes": null, "ref": null, "name": null, "highway": "footway", "maxspeed": null, "oneway": false, "reversed": "True", "length": 17.304, "tunnel": null, "width": null, "bridge": null, "access": null, "service": null }, "geometry": { "type": "LineString", "coordinates": [ [ 133.574748699999986, 33.4989537 ], [ 133.5745621, 33.4989556 ] ] } },
{ "type": "Feature", "properties": { "u": 2569489214, "v": 5505867971, "key": 0, "osmid": "670634167", "lanes": null, "ref": null, "name": null, "highway": "service", "maxspeed": null, "oneway": true, "reversed": "False", "length": 16.471, "tunnel": null, "width": null, "bridge": null, "access": null, "service": "parking_aisle" }, "geometry": { "type": "LineString", "coordinates": [ [ 133.575141, 33.4991891 ], [ 133.5750679, 33.4993241 ] ] } },
{ "type": "Feature", "properties": { "u": 2569489222, "v": 5505912832, "key": 0, "osmid": "552165690", "lanes": null, "ref": null, "name": null, "highway": "footway", "maxspeed": null, "oneway": false, "reversed": "True", "length": 25.325, "tunnel": null, "width": null, "bridge": null, "access": null, "service": null }, "geometry": { "type": "LineString", "coordinates": [ [ 133.5742831, 33.4992264 ], [ 133.574556199999989, 33.4992289 ] ] } },
{ "type": "Feature", "properties": { "u": 2569489222, "v": 5505912825, "key": 0, "osmid": "573211531", "lanes": null, "ref": null, "name": null, "highway": "footway", "maxspeed": null, "oneway": false, "reversed": "False", "length": 21.244, "tunnel": null, "width": null, "bridge": null, "access": null, "service": null }, "geometry": { "type": "LineString", "coordinates": [ [ 133.5742831, 33.4992264 ], [ 133.574054, 33.4992253 ] ] } },
{ "type": "Feature", "properties": { "u": 2569489222, "v": 5362555603, "key": 0, "osmid": "670634171", "lanes": null, "ref": null, "name": null, "highway": "footway", "maxspeed": null, "oneway": false, "reversed": "False", "length": 29.793, "tunnel": null, "width": null, "bridge": null, "access": null, "service": null }, "geometry": { "type": "LineString", "coordinates": [ [ 133.5742831, 33.4992264 ], [ 133.5742782, 33.4989585 ] ] } },
{ "type": "Feature", "properties": { "u": 2569489222, "v": 5505912828, "key": 0, "osmid": "670634171", "lanes": null, "ref": null, "name": null, "highway": "footway", "maxspeed": null, "oneway": false, "reversed": "True", "length": 23.249, "tunnel": null, "width": null, "bridge": null, "access": null, "service": null }, "geometry": { "type": "LineString", "coordinates": [ [ 133.5742831, 33.4992264 ], [ 133.574276200000014, 33.4994354 ] ] } },
{ "type": "Feature", "properties": { "u": 2569489223, "v": 5505912832, "key": 0, "osmid": "552165690", "lanes": null, "ref": null, "name": null, "highway": "footway", "maxspeed": null, "oneway": false, "reversed": "False", "length": 21.449, "tunnel": null, "width": null, "bridge": null, "access": null, "service": null }, "geometry": { "type": "LineString", "coordinates": [ [ 133.574787500000014, 33.4992311 ], [ 133.574556199999989, 33.4992289 ] ] } },
{ "type": "Feature", "properties": { "u": 2569489223, "v": 5505912829, "key": 0, "osmid": "552165690", "lanes": null, "ref": null, "name": null, "highway": "footway", "maxspeed": null, "oneway": false, "reversed": "True", "length": 22.972, "tunnel": null, "width": null, "bridge": null, "access": null, "service": null }, "geometry": { "type": "LineString", "coordinates": [ [ 133.574787500000014, 33.4992311 ], [ 133.5747802, 33.4994376 ] ] } },
{ "type": "Feature", "properties": { "u": 2569489223, "v": 5505867960, "key": 0, "osmid": "250513028", "lanes": null, "ref": null, "name": null, "highway": "footway", "maxspeed": null, "oneway": false, "reversed": "True", "length": 35.066, "tunnel": null, "width": null, "bridge": null, "access": null, "service": null }, "geometry": { "type": "LineString", "coordinates": [ [ 133.574787500000014, 33.4992311 ], [ 133.5748897, 33.4990278 ], [ 133.5747934, 33.4989772 ] ] } },
{ "type": "Feature", "properties": { "u": 2569489223, "v": 5505912835, "key": 0, "osmid": "573211540", "lanes": null, "ref": null, "name": null, "highway": "footway", "maxspeed": null, "oneway": false, "reversed": "False", "length": 45.864, "tunnel": null, "width": null, "bridge": null, "access": null, "service": null }, "geometry": { "type": "LineString", "coordinates": [ [ 133.574787500000014, 33.4992311 ], [ 133.5749446, 33.4992781 ], [ 133.575083299999989, 33.4990305 ] ] } },
{ "type": "Feature", "properties": { "u": 2569489245, "v": 5521722045, "key": 0, "osmid": "670634167", "lanes": null, "ref": null, "name": null, "highway": "service", "maxspeed": null, "oneway": true, "reversed": "False", "length": 9.622, "tunnel": null, "width": null, "bridge": null, "access": null, "service": "parking_aisle" }, "geometry": { "type": "LineString", "coordinates": [ [ 133.574755399999987, 33.4996895 ], [ 133.5746543, 33.499709 ] ] } },
{ "type": "Feature", "properties": { "u": 2569489245, "v": 5505912829, "key": 0, "osmid": [ 552165690, 250513029 ], "lanes": null, "ref": null, "name": null, "highway": "footway", "maxspeed": null, "oneway": false, "reversed": "False", "length": 28.263, "tunnel": null, "width": null, "bridge": null, "access": null, "service": null }, "geometry": { "type": "LineString", "coordinates": [ [ 133.574755399999987, 33.4996895 ], [ 133.5747768, 33.4996195 ], [ 133.5747787, 33.4994801 ], [ 133.5747802, 33.4994376 ] ] } },
{ "type": "Feature", "properties": { "u": 2569489245, "v": 5331463103, "key": 0, "osmid": "250513029", "lanes": null, "ref": null, "name": null, "highway": "footway", "maxspeed": null, "oneway": false, "reversed": "True", "length": 8.023, "tunnel": null, "width": null, "bridge": null, "access": null, "service": null }, "geometry": { "type": "LineString", "coordinates": [ [ 133.574755399999987, 33.4996895 ], [ 133.574727700000011, 33.4997543 ], [ 133.5747265, 33.4997575 ] ] } },
{ "type": "Feature", "properties": { "u": 3237851935, "v": 1557773125, "key": 0, "osmid": "317513943", "lanes": null, "ref": null, "name": null, "highway": "path", "maxspeed": null, "oneway": false, "reversed": "False", "length": 150.423, "tunnel": null, "width": null, "bridge": null, "access": null, "service": null }, "geometry": { "type": "LineString", "coordinates": [ [ 133.568734299999988, 33.4989853 ], [ 133.5692842, 33.4990265 ], [ 133.5698135, 33.4990701 ], [ 133.5703508, 33.4990969 ] ] } },
{ "type": "Feature", "properties": { "u": 3237851940, "v": 6290324632, "key": 0, "osmid": "142326043", "lanes": null, "ref": null, "name": null, "highway": "unclassified", "maxspeed": null, "oneway": false, "reversed": "False", "length": 19.348, "tunnel": null, "width": null, "bridge": null, "access": null, "service": null }, "geometry": { "type": "LineString", "coordinates": [ [ 133.57033770000001, 33.4985579 ], [ 133.5703307, 33.498384 ] ] } },
{ "type": "Feature", "properties": { "u": 3237851940, "v": 3237851944, "key": 0, "osmid": "317513944", "lanes": null, "ref": null, "name": null, "highway": "unclassified", "maxspeed": null, "oneway": false, "reversed": "False", "length": 27.878, "tunnel": null, "width": null, "bridge": null, "access": null, "service": null }, "geometry": { "type": "LineString", "coordinates": [ [ 133.57033770000001, 33.4985579 ], [ 133.570638300000013, 33.4985535 ] ] } },
{ "type": "Feature", "properties": { "u": 3237851940, "v": 564465498, "key": 0, "osmid": "142326043", "lanes": null, "ref": null, "name": null, "highway": "unclassified", "maxspeed": null, "oneway": false, "reversed": "True", "length": 23.137, "tunnel": null, "width": null, "bridge": null, "access": null, "service": null }, "geometry": { "type": "LineString", "coordinates": [ [ 133.57033770000001, 33.4985579 ], [ 133.5703187, 33.4985585 ], [ 133.5703235, 33.4986689 ], [ 133.5702559, 33.4987281 ] ] } },
{ "type": "Feature", "properties": { "u": 3237851943, "v": 3237851944, "key": 0, "osmid": "317513945", "lanes": null, "ref": null, "name": null, "highway": "residential", "maxspeed": null, "oneway": false, "reversed": "False", "length": 43.175, "tunnel": null, "width": null, "bridge": null, "access": null, "service": null }, "geometry": { "type": "LineString", "coordinates": [ [ 133.5706865, 33.4981673 ], [ 133.570638300000013, 33.4985535 ] ] } },
{ "type": "Feature", "properties": { "u": 3237851944, "v": 3237851940, "key": 0, "osmid": "317513944", "lanes": null, "ref": null, "name": null, "highway": "unclassified", "maxspeed": null, "oneway": false, "reversed": "True", "length": 27.878, "tunnel": null, "width": null, "bridge": null, "access": null, "service": null }, "geometry": { "type": "LineString", "coordinates": [ [ 133.570638300000013, 33.4985535 ], [ 133.57033770000001, 33.4985579 ] ] } },
{ "type": "Feature", "properties": { "u": 3237851944, "v": 3237851943, "key": 0, "osmid": "317513945", "lanes": null, "ref": null, "name": null, "highway": "residential", "maxspeed": null, "oneway": false, "reversed": "True", "length": 43.175, "tunnel": null, "width": null, "bridge": null, "access": null, "service": null }, "geometry": { "type": "LineString", "coordinates": [ [ 133.570638300000013, 33.4985535 ], [ 133.5706865, 33.4981673 ] ] } },
{ "type": "Feature", "properties": { "u": 3237851944, "v": 6290324534, "key": 0, "osmid": "317513944", "lanes": null, "ref": null, "name": null, "highway": "unclassified", "maxspeed": null, "oneway": false, "reversed": "False", "length": 89.575, "tunnel": null, "width": null, "bridge": null, "access": null, "service": null }, "geometry": { "type": "LineString", "coordinates": [ [ 133.570638300000013, 33.4985535 ], [ 133.5707655, 33.4985583 ], [ 133.57086670000001, 33.4985736 ], [ 133.5709467, 33.498587 ], [ 133.5710545, 33.4986107 ], [ 133.5711574, 33.4986428 ], [ 133.5712318, 33.4986616 ], [ 133.571304199999986, 33.4986732 ], [ 133.5714259, 33.4986822 ], [ 133.5715815, 33.4987105 ] ] } },
{ "type": "Feature", "properties": { "u": 4942039732, "v": 564442876, "key": 0, "osmid": "44405096", "lanes": "2", "ref": null, "name": null, "highway": "unclassified", "maxspeed": null, "oneway": false, "reversed": "False", "length": 6.976, "tunnel": null, "width": null, "bridge": null, "access": null, "service": null }, "geometry": { "type": "LineString", "coordinates": [ [ 133.5458054, 33.4971536 ], [ 133.5458119, 33.4972161 ] ] } },
{ "type": "Feature", "properties": { "u": 4942039732, "v": 4942039733, "key": 0, "osmid": "44405096", "lanes": "2", "ref": null, "name": null, "highway": "unclassified", "maxspeed": null, "oneway": false, "reversed": "True", "length": 42.13, "tunnel": null, "width": null, "bridge": null, "access": null, "service": null }, "geometry": { "type": "LineString", "coordinates": [ [ 133.5458054, 33.4971536 ], [ 133.5457198, 33.4967815 ] ] } },
{ "type": "Feature", "properties": { "u": 4942039732, "v": 4942039738, "key": 0, "osmid": "44405093", "lanes": null, "ref": null, "name": null, "highway": "tertiary", "maxspeed": null, "oneway": false, "reversed": "False", "length": 42.916, "tunnel": null, "width": null, "bridge": null, "access": null, "service": null }, "geometry": { "type": "LineString", "coordinates": [ [ 133.5458054, 33.4971536 ], [ 133.545866, 33.4971476 ], [ 133.5462676, 33.4971373 ] ] } },
{ "type": "Feature", "properties": { "u": 4942039733, "v": 4942039732, "key": 0, "osmid": "44405096", "lanes": "2", "ref": null, "name": null, "highway": "unclassified", "maxspeed": null, "oneway": false, "reversed": "False", "length": 42.13, "tunnel": null, "width": null, "bridge": null, "access": null, "service": null }, "geometry": { "type": "LineString", "coordinates": [ [ 133.5457198, 33.4967815 ], [ 133.5458054, 33.4971536 ] ] } },
{ "type": "Feature", "properties": { "u": 4942039733, "v": 1557772424, "key": 0, "osmid": "44405096", "lanes": "2", "ref": null, "name": null, "highway": "unclassified", "maxspeed": null, "oneway": false, "reversed": "True", "length": 56.187, "tunnel": null, "width": null, "bridge": null, "access": null, "service": null }, "geometry": { "type": "LineString", "coordinates": [ [ 133.5457198, 33.4967815 ], [ 133.5456365, 33.496281 ] ] } },
{ "type": "Feature", "properties": { "u": 4942039733, "v": 564442919, "key": 0, "osmid": "503976737", "lanes": null, "ref": null, "name": null, "highway": "residential", "maxspeed": null, "oneway": false, "reversed": "True", "length": 131.005, "tunnel": null, "width": null, "bridge": null, "access": null, "service": null }, "geometry": { "type": "LineString", "coordinates": [ [ 133.5457198, 33.4967815 ], [ 133.5448989, 33.4969096 ], [ 133.5448667, 33.496951 ], [ 133.5449472, 33.4972876 ], [ 133.5449974, 33.4973663 ] ] } },
{ "type": "Feature", "properties": { "u": 4942039738, "v": 564465076, "key": 0, "osmid": "44405093", "lanes": null, "ref": null, "name": null, "highway": "tertiary", "maxspeed": null, "oneway": false, "reversed": "False", "length": 128.82, "tunnel": null, "width": null, "bridge": null, "access": null, "service": null }, "geometry": { "type": "LineString", "coordinates": [ [ 133.5462676, 33.4971373 ], [ 133.5468453, 33.4971079 ], [ 133.5476521, 33.4970437 ] ] } },
{ "type": "Feature", "properties": { "u": 4942039738, "v": 4942039732, "key": 0, "osmid": "44405093", "lanes": null, "ref": null, "name": null, "highway": "tertiary", "maxspeed": null, "oneway": false, "reversed": "True", "length": 42.916, "tunnel": null, "width": null, "bridge": null, "access": null, "service": null }, "geometry": { "type": "LineString", "coordinates": [ [ 133.5462676, 33.4971373 ], [ 133.545866, 33.4971476 ], [ 133.5458054, 33.4971536 ] ] } },
{ "type": "Feature", "properties": { "u": 4942039738, "v": 4942039747, "key": 0, "osmid": "142326534", "lanes": null, "ref": null, "name": null, "highway": "residential", "maxspeed": null, "oneway": false, "reversed": "False", "length": 107.502, "tunnel": null, "width": null, "bridge": null, "access": null, "service": null }, "geometry": { "type": "LineString", "coordinates": [ [ 133.5462676, 33.4971373 ], [ 133.5463804, 33.4975114 ], [ 133.546468, 33.4977126 ], [ 133.546563, 33.4979842 ], [ 133.5465758, 33.4980676 ] ] } },
{ "type": "Feature", "properties": { "u": 4942039747, "v": 1557772903, "key": 0, "osmid": "142326534", "lanes": null, "ref": null, "name": null, "highway": "residential", "maxspeed": null, "oneway": false, "reversed": "False", "length": 80.102, "tunnel": null, "width": null, "bridge": null, "access": null, "service": null }, "geometry": { "type": "LineString", "coordinates": [ [ 133.5465758, 33.4980676 ], [ 133.546639699999986, 33.4980741 ], [ 133.5468524, 33.4980651 ], [ 133.547088300000013, 33.4980891 ], [ 133.5473639, 33.4980433 ], [ 133.547412, 33.4980034 ] ] } },
{ "type": "Feature", "properties": { "u": 4942039747, "v": 4942039738, "key": 0, "osmid": "142326534", "lanes": null, "ref": null, "name": null, "highway": "residential", "maxspeed": null, "oneway": false, "reversed": "True", "length": 107.502, "tunnel": null, "width": null, "bridge": null, "access": null, "service": null }, "geometry": { "type": "LineString", "coordinates": [ [ 133.5465758, 33.4980676 ], [ 133.546563, 33.4979842 ], [ 133.546468, 33.4977126 ], [ 133.5463804, 33.4975114 ], [ 133.5462676, 33.4971373 ] ] } },
{ "type": "Feature", "properties": { "u": 4942039747, "v": 4942039748, "key": 0, "osmid": "503976738", "lanes": null, "ref": null, "name": null, "highway": "residential", "maxspeed": null, "oneway": false, "reversed": "True", "length": 54.688, "tunnel": null, "width": null, "bridge": null, "access": null, "service": null }, "geometry": { "type": "LineString", "coordinates": [ [ 133.5465758, 33.4980676 ], [ 133.546513, 33.498062 ], [ 133.5462287, 33.4980913 ], [ 133.546092, 33.4981631 ], [ 133.5460175, 33.498184 ] ] } },
{ "type": "Feature", "properties": { "u": 4942039747, "v": 9935063198, "key": 0, "osmid": "1084173832", "lanes": null, "ref": null, "name": null, "highway": "residential", "maxspeed": null, "oneway": false, "reversed": "True", "length": 101.791, "tunnel": null, "width": null, "bridge": null, "access": null, "service": null }, "geometry": { "type": "LineString", "coordinates": [ [ 133.5465758, 33.4980676 ], [ 133.5466276, 33.498319 ], [ 133.5466883, 33.4989774 ] ] } },
{ "type": "Feature", "properties": { "u": 4942039748, "v": 1557772949, "key": 0, "osmid": "44407530", "lanes": null, "ref": null, "name": null, "highway": "unclassified", "maxspeed": null, "oneway": false, "reversed": "False", "length": 4.148, "tunnel": null, "width": null, "bridge": null, "access": null, "service": null }, "geometry": { "type": "LineString", "coordinates": [ [ 133.5460175, 33.498184 ], [ 133.5460248, 33.4982208 ] ] } },
{ "type": "Feature", "properties": { "u": 4942039748, "v": 564442876, "key": 0, "osmid": "44407530", "lanes": null, "ref": null, "name": null, "highway": "unclassified", "maxspeed": null, "oneway": false, "reversed": "True", "length": 109.319, "tunnel": null, "width": null, "bridge": null, "access": null, "service": null }, "geometry": { "type": "LineString", "coordinates": [ [ 133.5460175, 33.498184 ], [ 133.545869900000014, 33.4974453 ], [ 133.5458119, 33.4972161 ] ] } },
{ "type": "Feature", "properties": { "u": 4942039748, "v": 4942039747, "key": 0, "osmid": "503976738", "lanes": null, "ref": null, "name": null, "highway": "residential", "maxspeed": null, "oneway": false, "reversed": "False", "length": 54.688, "tunnel": null, "width": null, "bridge": null, "access": null, "service": null }, "geometry": { "type": "LineString", "coordinates": [ [ 133.5460175, 33.498184 ], [ 133.546092, 33.4981631 ], [ 133.5462287, 33.4980913 ], [ 133.546513, 33.498062 ], [ 133.5465758, 33.4980676 ] ] } },
{ "type": "Feature", "properties": { "u": 4942039753, "v": 1557772417, "key": 0, "osmid": "142326121", "lanes": null, "ref": null, "name": null, "highway": "unclassified", "maxspeed": null, "oneway": false, "reversed": "False", "length": 59.656, "tunnel": null, "width": null, "bridge": null, "access": null, "service": null }, "geometry": { "type": "LineString", "coordinates": [ [ 133.5475542, 33.4966053 ], [ 133.5474886, 33.4964276 ], [ 133.5474528, 33.4960783 ] ] } },
{ "type": "Feature", "properties": { "u": 4942039753, "v": 564465076, "key": 0, "osmid": "142326121", "lanes": null, "ref": null, "name": null, "highway": "unclassified", "maxspeed": null, "oneway": false, "reversed": "True", "length": 49.802, "tunnel": null, "width": null, "bridge": null, "access": null, "service": null }, "geometry": { "type": "LineString", "coordinates": [ [ 133.5475542, 33.4966053 ], [ 133.547617300000013, 33.4967765 ], [ 133.5476521, 33.4970437 ] ] } },
{ "type": "Feature", "properties": { "u": 4942039753, "v": 10180235200, "key": 0, "osmid": "503976739", "lanes": null, "ref": null, "name": null, "highway": "residential", "maxspeed": null, "oneway": false, "reversed": "True", "length": 32.874, "tunnel": null, "width": null, "bridge": null, "access": null, "service": null }, "geometry": { "type": "LineString", "coordinates": [ [ 133.5475542, 33.4966053 ], [ 133.5476214, 33.4965909 ], [ 133.5479048, 33.4965647 ] ] } },
{ "type": "Feature", "properties": { "u": 4942039755, "v": 10180235200, "key": 0, "osmid": "1178534951", "lanes": null, "ref": null, "name": null, "highway": "residential", "maxspeed": null, "oneway": false, "reversed": "False", "length": 37.634, "tunnel": null, "width": null, "bridge": null, "access": null, "service": null }, "geometry": { "type": "LineString", "coordinates": [ [ 133.547963399999986, 33.4968996 ], [ 133.5479048, 33.4965647 ] ] } },
{ "type": "Feature", "properties": { "u": 4942039756, "v": 10948633260, "key": 0, "osmid": "44405093", "lanes": null, "ref": null, "name": null, "highway": "tertiary", "maxspeed": null, "oneway": false, "reversed": "False", "length": 45.807, "tunnel": null, "width": null, "bridge": null, "access": null, "service": null }, "geometry": { "type": "LineString", "coordinates": [ [ 133.548274, 33.4969855 ], [ 133.548767, 33.4969593 ] ] } },
{ "type": "Feature", "properties": { "u": 4942039756, "v": 564465076, "key": 0, "osmid": "44405093", "lanes": null, "ref": null, "name": null, "highway": "tertiary", "maxspeed": null, "oneway": false, "reversed": "True", "length": 58.029, "tunnel": null, "width": null, "bridge": null, "access": null, "service": null }, "geometry": { "type": "LineString", "coordinates": [ [ 133.548274, 33.4969855 ], [ 133.5476521, 33.4970437 ] ] } },
{ "type": "Feature", "properties": { "u": 4942039756, "v": 4942039758, "key": 0, "osmid": "503976740", "lanes": null, "ref": null, "name": null, "highway": "residential", "maxspeed": null, "oneway": false, "reversed": "True", "length": 50.073, "tunnel": null, "width": null, "bridge": null, "access": null, "service": null }, "geometry": { "type": "LineString", "coordinates": [ [ 133.548274, 33.4969855 ], [ 133.5482369, 33.4966423 ], [ 133.5482141, 33.4965383 ] ] } },
{ "type": "Feature", "properties": { "u": 4942039758, "v": 10180235200, "key": 0, "osmid": "503976739", "lanes": null, "ref": null, "name": null, "highway": "residential", "maxspeed": null, "oneway": false, "reversed": "False", "length": 28.831, "tunnel": null, "width": null, "bridge": null, "access": null, "service": null }, "geometry": { "type": "LineString", "coordinates": [ [ 133.5482141, 33.4965383 ], [ 133.5479048, 33.4965647 ] ] } },
{ "type": "Feature", "properties": { "u": 4942039758, "v": 4942039761, "key": 0, "osmid": "503976740", "lanes": null, "ref": null, "name": null, "highway": "residential", "maxspeed": null, "oneway": false, "reversed": "True", "length": 21.932, "tunnel": null, "width": null, "bridge": null, "access": null, "service": null }, "geometry": { "type": "LineString", "coordinates": [ [ 133.5482141, 33.4965383 ], [ 133.548184600000013, 33.4963426 ] ] } },
{ "type": "Feature", "properties": { "u": 4942039758, "v": 4942039756, "key": 0, "osmid": "503976740", "lanes": null, "ref": null, "name": null, "highway": "residential", "maxspeed": null, "oneway": false, "reversed": "False", "length": 50.073, "tunnel": null, "width": null, "bridge": null, "access": null, "service": null }, "geometry": { "type": "LineString", "coordinates": [ [ 133.5482141, 33.4965383 ], [ 133.5482369, 33.4966423 ], [ 133.548274, 33.4969855 ] ] } },
{ "type": "Feature", "properties": { "u": 4942039761, "v": 4942039758, "key": 0, "osmid": "503976740", "lanes": null, "ref": null, "name": null, "highway": "residential", "maxspeed": null, "oneway": false, "reversed": "False", "length": 21.932, "tunnel": null, "width": null, "bridge": null, "access": null, "service": null }, "geometry": { "type": "LineString", "coordinates": [ [ 133.548184600000013, 33.4963426 ], [ 133.5482141, 33.4965383 ] ] } },
{ "type": "Feature", "properties": { "u": 4942039761, "v": 10180235201, "key": 0, "osmid": "503976740", "lanes": null, "ref": null, "name": null, "highway": "residential", "maxspeed": null, "oneway": false, "reversed": "True", "length": 57.825, "tunnel": null, "width": null, "bridge": null, "access": null, "service": null }, "geometry": { "type": "LineString", "coordinates": [ [ 133.548184600000013, 33.4963426 ], [ 133.5481685, 33.4960954 ], [ 133.5478419, 33.4960876 ] ] } },
{ "type": "Feature", "properties": { "u": 4942039761, "v": 1557772434, "key": 0, "osmid": "503976741", "lanes": null, "ref": null, "name": null, "highway": "residential", "maxspeed": null, "oneway": false, "reversed": "False", "length": 49.895, "tunnel": null, "width": null, "bridge": null, "access": null, "service": null }, "geometry": { "type": "LineString", "coordinates": [ [ 133.548184600000013, 33.4963426 ], [ 133.5483898, 33.4963359 ], [ 133.5487211, 33.4963102 ] ] } },
{ "type": "Feature", "properties": { "u": 4942039765, "v": 4942039766, "key": 0, "osmid": "503976742", "lanes": null, "ref": null, "name": null, "highway": "residential", "maxspeed": null, "oneway": false, "reversed": "True", "length": 70.915, "tunnel": null, "width": null, "bridge": null, "access": null, "service": null }, "geometry": { "type": "LineString", "coordinates": [ [ 133.548687699999988, 33.4917005 ], [ 133.5489193, 33.4910927 ] ] } },
{ "type": "Feature", "properties": { "u": 4942039765, "v": 10255231919, "key": 0, "osmid": "503976744", "lanes": null, "ref": null, "name": null, "highway": "residential", "maxspeed": null, "oneway": false, "reversed": "False", "length": 29.259, "tunnel": null, "width": null, "bridge": null, "access": null, "service": null }, "geometry": { "type": "LineString", "coordinates": [ [ 133.548687699999988, 33.4917005 ], [ 133.5489785, 33.4918026 ] ] } },
{ "type": "Feature", "properties": { "u": 4942039765, "v": 4942039770, "key": 0, "osmid": "503976744", "lanes": null, "ref": null, "name": null, "highway": "residential", "maxspeed": null, "oneway": false, "reversed": "True", "length": 28.858, "tunnel": null, "width": null, "bridge": null, "access": null, "service": null }, "geometry": { "type": "LineString", "coordinates": [ [ 133.548687699999988, 33.4917005 ], [ 133.5483915, 33.4916209 ] ] } },
{ "type": "Feature", "properties": { "u": 4942039766, "v": 4942039767, "key": 0, "osmid": "129809749", "lanes": null, "ref": null, "name": null, "highway": "unclassified", "maxspeed": "30", "oneway": false, "reversed": "False", "length": 27.394, "tunnel": null, "width": null, "bridge": null, "access": null, "service": null }, "geometry": { "type": "LineString", "coordinates": [ [ 133.5489193, 33.4910927 ], [ 133.5492056, 33.4911534 ] ] } },
{ "type": "Feature", "properties": { "u": 4942039766, "v": 1431444783, "key": 0, "osmid": "129809749", "lanes": null, "ref": null, "name": null, "highway": "unclassified", "maxspeed": "30", "oneway": false, "reversed": "True", "length": 27.448, "tunnel": null, "width": null, "bridge": null, "access": null, "service": null }, "geometry": { "type": "LineString", "coordinates": [ [ 133.5489193, 33.4910927 ], [ 133.5486314, 33.4910354 ] ] } },
{ "type": "Feature", "properties": { "u": 4942039766, "v": 4942039765, "key": 0, "osmid": "503976742", "lanes": null, "ref": null, "name": null, "highway": "residential", "maxspeed": null, "oneway": false, "reversed": "False", "length": 70.915, "tunnel": null, "width": null, "bridge": null, "access": null, "service": null }, "geometry": { "type": "LineString", "coordinates": [ [ 133.5489193, 33.4910927 ], [ 133.548687699999988, 33.4917005 ] ] } },
{ "type": "Feature", "properties": { "u": 4942039767, "v": 1431444809, "key": 0, "osmid": "129809749", "lanes": null, "ref": null, "name": null, "highway": "unclassified", "maxspeed": "30", "oneway": false, "reversed": "False", "length": 25.604, "tunnel": null, "width": null, "bridge": null, "access": null, "service": null }, "geometry": { "type": "LineString", "coordinates": [ [ 133.5492056, 33.4911534 ], [ 133.5494728, 33.4912114 ] ] } },
{ "type": "Feature", "properties": { "u": 4942039767, "v": 4942039766, "key": 0, "osmid": "129809749", "lanes": null, "ref": null, "name": null, "highway": "unclassified", "maxspeed": "30", "oneway": false, "reversed": "True", "length": 27.394, "tunnel": null, "width": null, "bridge": null, "access": null, "service": null }, "geometry": { "type": "LineString", "coordinates": [ [ 133.5492056, 33.4911534 ], [ 133.5489193, 33.4910927 ] ] } },
{ "type": "Feature", "properties": { "u": 4942039767, "v": 10255231919, "key": 0, "osmid": "1121177326", "lanes": null, "ref": null, "name": null, "highway": "residential", "maxspeed": null, "oneway": false, "reversed": "True", "length": 75.197, "tunnel": null, "width": null, "bridge": null, "access": null, "service": null }, "geometry": { "type": "LineString", "coordinates": [ [ 133.5492056, 33.4911534 ], [ 133.5489785, 33.4918026 ] ] } },
{ "type": "Feature", "properties": { "u": 4942039770, "v": 4942039765, "key": 0, "osmid": "503976744", "lanes": null, "ref": null, "name": null, "highway": "residential", "maxspeed": null, "oneway": false, "reversed": "False", "length": 28.858, "tunnel": null, "width": null, "bridge": null, "access": null, "service": null }, "geometry": { "type": "LineString", "coordinates": [ [ 133.5483915, 33.4916209 ], [ 133.548687699999988, 33.4917005 ] ] } },
{ "type": "Feature", "properties": { "u": 4942039770, "v": 1431444783, "key": 0, "osmid": "503976743", "lanes": null, "ref": null, "name": null, "highway": "residential", "maxspeed": null, "oneway": false, "reversed": "False", "length": 68.804, "tunnel": null, "width": null, "bridge": null, "access": null, "service": null }, "geometry": { "type": "LineString", "coordinates": [ [ 133.5483915, 33.4916209 ], [ 133.5486165, 33.4910771 ], [ 133.5486314, 33.4910354 ] ] } },
{ "type": "Feature", "properties": { "u": 4942039777, "v": 4942039779, "key": 0, "osmid": "503976745", "lanes": null, "ref": null, "name": null, "highway": "residential", "maxspeed": null, "oneway": false, "reversed": "False", "length": 108.606, "tunnel": null, "width": null, "bridge": null, "access": null, "service": null }, "geometry": { "type": "LineString", "coordinates": [ [ 133.5476277, 33.4919239 ], [ 133.5469754, 33.4927351 ] ] } },
{ "type": "Feature", "properties": { "u": 4942039777, "v": 1557771608, "key": 0, "osmid": "142326633", "lanes": null, "ref": null, "name": null, "highway": "residential", "maxspeed": null, "oneway": false, "reversed": "False", "length": 135.838, "tunnel": null, "width": null, "bridge": null, "access": null, "service": null }, "geometry": { "type": "LineString", "coordinates": [ [ 133.5476277, 33.4919239 ], [ 133.5476823, 33.4920237 ], [ 133.5477206, 33.4921575 ], [ 133.547921300000013, 33.4924366 ], [ 133.548003, 33.4925467 ], [ 133.548, 33.4926116 ], [ 133.5477802, 33.4930275 ] ] } },
{ "type": "Feature", "properties": { "u": 4942039778, "v": 1557771628, "key": 0, "osmid": "142325323", "lanes": null, "ref": null, "name": null, "highway": "unclassified", "maxspeed": null, "oneway": false, "reversed": "False", "length": 88.451, "tunnel": null, "width": null, "bridge": null, "access": null, "service": null }, "geometry": { "type": "LineString", "coordinates": [ [ 133.546759400000013, 33.493011 ], [ 133.547631700000011, 33.4933328 ] ] } },
{ "type": "Feature", "properties": { "u": 4942039778, "v": 1557771561, "key": 0, "osmid": "142325323", "lanes": null, "ref": null, "name": null, "highway": "unclassified", "maxspeed": null, "oneway": false, "reversed": "True", "length": 8.938, "tunnel": null, "width": null, "bridge": null, "access": null, "service": null }, "geometry": { "type": "LineString", "coordinates": [ [ 133.546759400000013, 33.493011 ], [ 133.546671300000014, 33.4929784 ] ] } },
{ "type": "Feature", "properties": { "u": 4942039778, "v": 4942039779, "key": 0, "osmid": "503976745", "lanes": null, "ref": null, "name": null, "highway": "residential", "maxspeed": null, "oneway": false, "reversed": "True", "length": 36.639, "tunnel": null, "width": null, "bridge": null, "access": null, "service": null }, "geometry": { "type": "LineString", "coordinates": [ [ 133.546759400000013, 33.493011 ], [ 133.5469754, 33.4927351 ] ] } },
{ "type": "Feature", "properties": { "u": 4942039779, "v": 4942039778, "key": 0, "osmid": "503976745", "lanes": null, "ref": null, "name": null, "highway": "residential", "maxspeed": null, "oneway": false, "reversed": "False", "length": 36.639, "tunnel": null, "width": null, "bridge": null, "access": null, "service": null }, "geometry": { "type": "LineString", "coordinates": [ [ 133.5469754, 33.4927351 ], [ 133.546759400000013, 33.493011 ] ] } },
{ "type": "Feature", "properties": { "u": 4942039779, "v": 4942039777, "key": 0, "osmid": "503976745", "lanes": null, "ref": null, "name": null, "highway": "residential", "maxspeed": null, "oneway": false, "reversed": "True", "length": 108.606, "tunnel": null, "width": null, "bridge": null, "access": null, "service": null }, "geometry": { "type": "LineString", "coordinates": [ [ 133.5469754, 33.4927351 ], [ 133.5476277, 33.4919239 ] ] } },
{ "type": "Feature", "properties": { "u": 4942039779, "v": 1557771608, "key": 0, "osmid": "503976746", "lanes": null, "ref": null, "name": null, "highway": "residential", "maxspeed": null, "oneway": false, "reversed": "True", "length": 81.405, "tunnel": null, "width": null, "bridge": null, "access": null, "service": null }, "geometry": { "type": "LineString", "coordinates": [ [ 133.5469754, 33.4927351 ], [ 133.5477802, 33.4930275 ] ] } },
{ "type": "Feature", "properties": { "u": 4942039784, "v": 1557772136, "key": 0, "osmid": "142326909", "lanes": null, "ref": null, "name": null, "highway": "unclassified", "maxspeed": null, "oneway": false, "reversed": "False", "length": 44.622, "tunnel": null, "width": null, "bridge": null, "access": null, "service": null }, "geometry": { "type": "LineString", "coordinates": [ [ 133.547462200000012, 33.4949022 ], [ 133.5474437, 33.4953032 ] ] } },
{ "type": "Feature", "properties": { "u": 4942039784, "v": 4942039793, "key": 0, "osmid": "503976748", "lanes": null, "ref": null, "name": null, "highway": "residential", "maxspeed": null, "oneway": false, "reversed": "False", "length": 77.325, "tunnel": null, "width": null, "bridge": null, "access": null, "service": null }, "geometry": { "type": "LineString", "coordinates": [ [ 133.547462200000012, 33.4949022 ], [ 133.5466911, 33.4946375 ] ] } },
{ "type": "Feature", "properties": { "u": 4942039784, "v": 5505868017, "key": 0, "osmid": "142326909", "lanes": null, "ref": null, "name": null, "highway": "unclassified", "maxspeed": null, "oneway": false, "reversed": "True", "length": 82.965, "tunnel": null, "width": null, "bridge": null, "access": null, "service": null }, "geometry": { "type": "LineString", "coordinates": [ [ 133.547462200000012, 33.4949022 ], [ 133.54762070000001, 33.494546 ], [ 133.547667499999989, 33.4941819 ] ] } },
{ "type": "Feature", "properties": { "u": 4942039784, "v": 1557772325, "key": 0, "osmid": "503976748", "lanes": null, "ref": null, "name": null, "highway": "residential", "maxspeed": null, "oneway": false, "reversed": "True", "length": 141.619, "tunnel": null, "width": null, "bridge": null, "access": null, "service": null }, "geometry": { "type": "LineString", "coordinates": [ [ 133.547462200000012, 33.4949022 ], [ 133.5481632, 33.4951705 ], [ 133.5480054, 33.495787 ] ] } },
{ "type": "Feature", "properties": { "u": 4942039786, "v": 1557772089, "key": 0, "osmid": "142326662", "lanes": null, "ref": null, "name": null, "highway": "residential", "maxspeed": null, "oneway": false, "reversed": "True", "length": 56.183, "tunnel": null, "width": null, "bridge": null, "access": null, "service": null }, "geometry": { "type": "LineString", "coordinates": [ [ 133.54628, 33.4945134 ], [ 133.5462102, 33.4950153 ] ] } },
{ "type": "Feature", "properties": { "u": 4942039786, "v": 4942039792, "key": 0, "osmid": "503976748", "lanes": null, "ref": null, "name": null, "highway": "residential", "maxspeed": null, "oneway": false, "reversed": "True", "length": 32.227, "tunnel": null, "width": null, "bridge": null, "access": null, "service": null }, "geometry": { "type": "LineString", "coordinates": [ [ 133.54628, 33.4945134 ], [ 133.5466035, 33.4946193 ] ] } },
{ "type": "Feature", "properties": { "u": 4942039786, "v": 4942039789, "key": 0, "osmid": "503976748", "lanes": null, "ref": null, "name": null, "highway": "residential", "maxspeed": null, "oneway": false, "reversed": "False", "length": 68.324, "tunnel": null, "width": null, "bridge": null, "access": null, "service": null }, "geometry": { "type": "LineString", "coordinates": [ [ 133.54628, 33.4945134 ], [ 133.546303099999989, 33.4944324 ], [ 133.546525699999989, 33.4939347 ] ] } },
{ "type": "Feature", "properties": { "u": 4942039788, "v": 1557771993, "key": 0, "osmid": "24226805", "lanes": "2", "ref": "34", "name": "県道34号線", "highway": "primary", "maxspeed": "50", "oneway": false, "reversed": "False", "length": 121.696, "tunnel": null, "width": null, "bridge": null, "access": null, "service": null }, "geometry": { "type": "LineString", "coordinates": [ [ 133.5461799, 33.4938097 ], [ 133.545654500000012, 33.4948126 ] ] } },
{ "type": "Feature", "properties": { "u": 4942039788, "v": 262314443, "key": 0, "osmid": "24226805", "lanes": "2", "ref": "34", "name": "県道34号線", "highway": "primary", "maxspeed": "50", "oneway": false, "reversed": "True", "length": 45.696, "tunnel": null, "width": null, "bridge": null, "access": null, "service": null }, "geometry": { "type": "LineString", "coordinates": [ [ 133.5461799, 33.4938097 ], [ 133.546377400000011, 33.4934332 ] ] } },
{ "type": "Feature", "properties": { "u": 4942039788, "v": 4942039789, "key": 0, "osmid": "503976749", "lanes": null, "ref": null, "name": null, "highway": "path", "maxspeed": null, "oneway": false, "reversed": "True", "length": 34.949, "tunnel": null, "width": null, "bridge": null, "access": null, "service": null }, "geometry": { "type": "LineString", "coordinates": [ [ 133.5461799, 33.4938097 ], [ 133.546525699999989, 33.4939347 ] ] } },
{ "type": "Feature", "properties": { "u": 4942039789, "v": 4942039788, "key": 0, "osmid": "503976749", "lanes": null, "ref": null, "name": null, "highway": "path", "maxspeed": null, "oneway": false, "reversed": "False", "length": 34.949, "tunnel": null, "width": null, "bridge": null, "access": null, "service": null }, "geometry": { "type": "LineString", "coordinates": [ [ 133.546525699999989, 33.4939347 ], [ 133.5461799, 33.4938097 ] ] } },
{ "type": "Feature", "properties": { "u": 4942039789, "v": 4942039792, "key": 0, "osmid": "503976747", "lanes": null, "ref": null, "name": null, "highway": "residential", "maxspeed": null, "oneway": false, "reversed": "True", "length": 104.292, "tunnel": null, "width": null, "bridge": null, "access": null, "service": null }, "geometry": { "type": "LineString", "coordinates": [ [ 133.546525699999989, 33.4939347 ], [ 133.546882399999987, 33.4940432 ], [ 133.5466035, 33.4946193 ] ] } },
{ "type": "Feature", "properties": { "u": 4942039789, "v": 4942039786, "key": 0, "osmid": "503976748", "lanes": null, "ref": null, "name": null, "highway": "residential", "maxspeed": null, "oneway": false, "reversed": "True", "length": 68.324, "tunnel": null, "width": null, "bridge": null, "access": null, "service": null }, "geometry": { "type": "LineString", "coordinates": [ [ 133.546525699999989, 33.4939347 ], [ 133.546303099999989, 33.4944324 ], [ 133.54628, 33.4945134 ] ] } },
{ "type": "Feature", "properties": { "u": 4942039792, "v": 4942039786, "key": 0, "osmid": "503976748", "lanes": null, "ref": null, "name": null, "highway": "residential", "maxspeed": null, "oneway": false, "reversed": "False", "length": 32.227, "tunnel": null, "width": null, "bridge": null, "access": null, "service": null }, "geometry": { "type": "LineString", "coordinates": [ [ 133.5466035, 33.4946193 ], [ 133.54628, 33.4945134 ] ] } },
{ "type": "Feature", "properties": { "u": 4942039792, "v": 4942039793, "key": 0, "osmid": "503976748", "lanes": null, "ref": null, "name": null, "highway": "residential", "maxspeed": null, "oneway": false, "reversed": "True", "length": 8.371, "tunnel": null, "width": null, "bridge": null, "access": null, "service": null }, "geometry": { "type": "LineString", "coordinates": [ [ 133.5466035, 33.4946193 ], [ 133.5466911, 33.4946375 ] ] } },
{ "type": "Feature", "properties": { "u": 4942039792, "v": 4942039789, "key": 0, "osmid": "503976747", "lanes": null, "ref": null, "name": null, "highway": "residential", "maxspeed": null, "oneway": false, "reversed": "False", "length": 104.292, "tunnel": null, "width": null, "bridge": null, "access": null, "service": null }, "geometry": { "type": "LineString", "coordinates": [ [ 133.5466035, 33.4946193 ], [ 133.546882399999987, 33.4940432 ], [ 133.546525699999989, 33.4939347 ] ] } },
{ "type": "Feature", "properties": { "u": 4942039793, "v": 4942039792, "key": 0, "osmid": "503976748", "lanes": null, "ref": null, "name": null, "highway": "residential", "maxspeed": null, "oneway": false, "reversed": "False", "length": 8.371, "tunnel": null, "width": null, "bridge": null, "access": null, "service": null }, "geometry": { "type": "LineString", "coordinates": [ [ 133.5466911, 33.4946375 ], [ 133.5466035, 33.4946193 ] ] } },
{ "type": "Feature", "properties": { "u": 4942039793, "v": 4942039784, "key": 0, "osmid": "503976748", "lanes": null, "ref": null, "name": null, "highway": "residential", "maxspeed": null, "oneway": false, "reversed": "True", "length": 77.325, "tunnel": null, "width": null, "bridge": null, "access": null, "service": null }, "geometry": { "type": "LineString", "coordinates": [ [ 133.5466911, 33.4946375 ], [ 133.547462200000012, 33.4949022 ] ] } },
{ "type": "Feature", "properties": { "u": 4942039793, "v": 1557772098, "key": 0, "osmid": "503976750", "lanes": null, "ref": null, "name": null, "highway": "residential", "maxspeed": null, "oneway": false, "reversed": "True", "length": 61.57, "tunnel": null, "width": null, "bridge": null, "access": null, "service": null }, "geometry": { "type": "LineString", "coordinates": [ [ 133.5466911, 33.4946375 ], [ 133.5466777, 33.4951911 ] ] } },
{ "type": "Feature", "properties": { "u": 4942039796, "v": 1557772219, "key": 0, "osmid": "142325348", "lanes": null, "ref": null, "name": null, "highway": "unclassified", "maxspeed": null, "oneway": false, "reversed": "False", "length": 21.701, "tunnel": null, "width": null, "bridge": null, "access": null, "service": null }, "geometry": { "type": "LineString", "coordinates": [ [ 133.54742920000001, 33.4957062 ], [ 133.5474485, 33.4955117 ] ] } },
{ "type": "Feature", "properties": { "u": 4942039796, "v": 1557772379, "key": 0, "osmid": "142325348", "lanes": null, "ref": null, "name": null, "highway": "unclassified", "maxspeed": null, "oneway": false, "reversed": "True", "length": 36.693, "tunnel": null, "width": null, "bridge": null, "access": null, "service": null }, "geometry": { "type": "LineString", "coordinates": [ [ 133.54742920000001, 33.4957062 ], [ 133.5474508, 33.4960357 ] ] } },
{ "type": "Feature", "properties": { "u": 4942039796, "v": 1557772292, "key": 0, "osmid": "503976751", "lanes": null, "ref": null, "name": null, "highway": "residential", "maxspeed": null, "oneway": false, "reversed": "True", "length": 111.047, "tunnel": null, "width": null, "bridge": null, "access": null, "service": null }, "geometry": { "type": "LineString", "coordinates": [ [ 133.54742920000001, 33.4957062 ], [ 133.5463112, 33.4957151 ], [ 133.546233699999988, 33.4957003 ] ] } },
{ "type": "Feature", "properties": { "u": 4942039801, "v": 1557772099, "key": 0, "osmid": "503976752", "lanes": null, "ref": null, "name": null, "highway": "residential", "maxspeed": null, "oneway": false, "reversed": "False", "length": 99.08, "tunnel": null, "width": null, "bridge": null, "access": null, "service": null }, "geometry": { "type": "LineString", "coordinates": [ [ 133.545873699999987, 33.4958136 ], [ 133.545652, 33.4954592 ], [ 133.54570240000001, 33.4954062 ], [ 133.54619550000001, 33.4953042 ] ] } },
{ "type": "Feature", "properties": { "u": 4942039801, "v": 1557772292, "key": 0, "osmid": "503976753", "lanes": null, "ref": null, "name": null, "highway": "residential", "maxspeed": null, "oneway": false, "reversed": "False", "length": 36.884, "tunnel": null, "width": null, "bridge": null, "access": null, "service": null }, "geometry": { "type": "LineString", "coordinates": [ [ 133.545873699999987, 33.4958136 ], [ 133.5461588, 33.4956893 ], [ 133.546233699999988, 33.4957003 ] ] } },
{ "type": "Feature", "properties": { "u": 4942039801, "v": 564442874, "key": 0, "osmid": "503976753", "lanes": null, "ref": null, "name": null, "highway": "residential", "maxspeed": null, "oneway": false, "reversed": "True", "length": 31.521, "tunnel": null, "width": null, "bridge": null, "access": null, "service": null }, "geometry": { "type": "LineString", "coordinates": [ [ 133.545873699999987, 33.4958136 ], [ 133.5456127, 33.4958866 ], [ 133.545548200000013, 33.4958901 ] ] } },
{ "type": "Feature", "properties": { "u": 4942039803, "v": 6295154914, "key": 0, "osmid": "44405096", "lanes": "2", "ref": null, "name": null, "highway": "unclassified", "maxspeed": null, "oneway": false, "reversed": "True", "length": 7.787, "tunnel": null, "width": null, "bridge": null, "access": null, "service": null }, "geometry": { "type": "LineString", "coordinates": [ [ 133.545059900000012, 33.4951705 ], [ 133.5450258, 33.4951065 ] ] } },
{ "type": "Feature", "properties": { "u": 4942039803, "v": 6295154898, "key": 0, "osmid": "672251100", "lanes": null, "ref": null, "name": null, "highway": "residential", "maxspeed": null, "oneway": false, "reversed": "False", "length": 3.939, "tunnel": null, "width": null, "bridge": null, "access": null, "service": null }, "geometry": { "type": "LineString", "coordinates": [ [ 133.545059900000012, 33.4951705 ], [ 133.5450239, 33.4951893 ] ] } },
{ "type": "Feature", "properties": { "u": 4942039803, "v": 564442872, "key": 0, "osmid": "44405096", "lanes": "2", "ref": null, "name": null, "highway": "unclassified", "maxspeed": null, "oneway": false, "reversed": "False", "length": 40.271, "tunnel": null, "width": null, "bridge": null, "access": null, "service": null }, "geometry": { "type": "LineString", "coordinates": [ [ 133.545059900000012, 33.4951705 ], [ 133.545206799999988, 33.49537 ], [ 133.5452917, 33.4954767 ] ] } },
{ "type": "Feature", "properties": { "u": 4942039836, "v": 1557772532, "key": 0, "osmid": "142325079", "lanes": null, "ref": null, "name": null, "highway": "unclassified", "maxspeed": null, "oneway": false, "reversed": "True", "length": 43.841, "tunnel": null, "width": null, "bridge": null, "access": null, "service": null }, "geometry": { "type": "LineString", "coordinates": [ [ 133.5438844, 33.4973363 ], [ 133.543864, 33.4969424 ] ] } },
{ "type": "Feature", "properties": { "u": 4942039836, "v": 1557772799, "key": 0, "osmid": "142325079", "lanes": null, "ref": null, "name": null, "highway": "unclassified", "maxspeed": null, "oneway": false, "reversed": "False", "length": 30.36, "tunnel": null, "width": null, "bridge": null, "access": null, "service": null }, "geometry": { "type": "LineString", "coordinates": [ [ 133.5438844, 33.4973363 ], [ 133.543882, 33.4975216 ], [ 133.5437972, 33.4975735 ] ] } },
{ "type": "Feature", "properties": { "u": 4942039836, "v": 1557772799, "key": 1, "osmid": [ 142325079, 503976759 ], "lanes": null, "ref": null, "name": null, "highway": [ "residential", "unclassified" ], "maxspeed": null, "oneway": false, "reversed": [ false, true ], "length": 142.779, "tunnel": null, "width": null, "bridge": null, "access": null, "service": null }, "geometry": { "type": "LineString", "coordinates": [ [ 133.5438844, 33.4973363 ], [ 133.5432065, 33.4973357 ], [ 133.5432051, 33.4975605 ], [ 133.5437972, 33.4975735 ] ] } },
{ "type": "Feature", "properties": { "u": 4942039837, "v": 564442889, "key": 0, "osmid": "24226805", "lanes": "2", "ref": "34", "name": "県道34号線", "highway": "primary", "maxspeed": "50", "oneway": false, "reversed": "True", "length": 166.582, "tunnel": null, "width": null, "bridge": null, "access": null, "service": null }, "geometry": { "type": "LineString", "coordinates": [ [ 133.5429713, 33.4984745 ], [ 133.5433236, 33.4982677 ], [ 133.543545200000011, 33.4981292 ], [ 133.5437011, 33.4980332 ], [ 133.5437867, 33.4979652 ], [ 133.543866900000012, 33.4978949 ], [ 133.543978900000013, 33.4977965 ], [ 133.5440587, 33.4977115 ], [ 133.5441549, 33.4975885 ], [ 133.5442443, 33.4974467 ] ] } },
{ "type": "Feature", "properties": { "u": 4942039837, "v": 4942039845, "key": 0, "osmid": "503976767", "lanes": null, "ref": null, "name": null, "highway": "residential", "maxspeed": null, "oneway": false, "reversed": "True", "length": 128.183, "tunnel": null, "width": null, "bridge": null, "access": null, "service": null }, "geometry": { "type": "LineString", "coordinates": [ [ 133.5429713, 33.4984745 ], [ 133.542924199999987, 33.4984318 ], [ 133.5429811, 33.4983635 ], [ 133.5432601, 33.4981778 ], [ 133.5434693, 33.498038 ], [ 133.5436772, 33.4978658 ], [ 133.5438421, 33.4977048 ], [ 133.543809900000014, 33.4976835 ] ] } },
{ "type": "Feature", "properties": { "u": 4942039845, "v": 1557772799, "key": 0, "osmid": "503976765", "lanes": null, "ref": null, "name": null, "highway": "residential", "maxspeed": null, "oneway": false, "reversed": "False", "length": 12.297, "tunnel": null, "width": null, "bridge": null, "access": null, "service": null }, "geometry": { "type": "LineString", "coordinates": [ [ 133.543809900000014, 33.4976835 ], [ 133.5438019, 33.4975963 ], [ 133.5437972, 33.4975735 ] ] } },
{ "type": "Feature", "properties": { "u": 4942039845, "v": 4942039837, "key": 0, "osmid": "503976767", "lanes": null, "ref": null, "name": null, "highway": "residential", "maxspeed": null, "oneway": false, "reversed": "False", "length": 128.183, "tunnel": null, "width": null, "bridge": null, "access": null, "service": null }, "geometry": { "type": "LineString", "coordinates": [ [ 133.543809900000014, 33.4976835 ], [ 133.5438421, 33.4977048 ], [ 133.5436772, 33.4978658 ], [ 133.5434693, 33.498038 ], [ 133.5432601, 33.4981778 ], [ 133.5429811, 33.4983635 ], [ 133.542924199999987, 33.4984318 ], [ 133.5429713, 33.4984745 ] ] } },
{ "type": "Feature", "properties": { "u": 4942039845, "v": 1557772900, "key": 0, "osmid": "503976767", "lanes": null, "ref": null, "name": null, "highway": "residential", "maxspeed": null, "oneway": false, "reversed": "True", "length": 103.964, "tunnel": null, "width": null, "bridge": null, "access": null, "service": null }, "geometry": { "type": "LineString", "coordinates": [ [ 133.543809900000014, 33.4976835 ], [ 133.5437107, 33.4977696 ], [ 133.5435122, 33.4979072 ], [ 133.542792600000013, 33.4978905 ] ] } },
{ "type": "Feature", "properties": { "u": 5331435427, "v": 5331435436, "key": 0, "osmid": [ 552162823, 552162824, 552162826, 552162828, 552162829, 552162830, 552162831 ], "lanes": null, "ref": null, "name": null, "highway": [ "path", "steps" ], "maxspeed": null, "oneway": false, "reversed": "True", "length": 37.299, "tunnel": null, "width": [ "1.5", "0.5" ], "bridge": null, "access": null, "service": null }, "geometry": { "type": "LineString", "coordinates": [ [ 133.5746614, 33.4955852 ], [ 133.5746617, 33.4955724 ], [ 133.574646, 33.4955729 ], [ 133.5746126, 33.4955737 ], [ 133.574576900000011, 33.4955775 ], [ 133.5745776, 33.4956112 ], [ 133.574595, 33.4957272 ], [ 133.5745962, 33.4957373 ], [ 133.5745291, 33.4957725 ], [ 133.574503099999987, 33.4957845 ] ] } },
{ "type": "Feature", "properties": { "u": 5331435436, "v": 6278123412, "key": 0, "osmid": [ 552162820, 552162822 ], "lanes": null, "ref": null, "name": null, "highway": "path", "maxspeed": null, "oneway": false, "reversed": "True", "length": 72.47, "tunnel": null, "width": "0.5", "bridge": null, "access": "no", "service": null }, "geometry": { "type": "LineString", "coordinates": [ [ 133.574503099999987, 33.4957845 ], [ 133.5744789, 33.4957719 ], [ 133.5744422, 33.4957627 ], [ 133.574402600000013, 33.4957403 ], [ 133.5743575, 33.4957086 ], [ 133.5743094, 33.4956853 ], [ 133.5742727, 33.4956673 ], [ 133.5742497, 33.4956682 ], [ 133.574172299999987, 33.4956879 ], [ 133.5741174, 33.4956752 ], [ 133.573826700000012, 33.4956819 ], [ 133.573768800000011, 33.4956828 ] ] } },
{ "type": "Feature", "properties": { "u": 5331435436, "v": 5331435427, "key": 0, "osmid": [ 552162823, 552162824, 552162826, 552162828, 552162829, 552162830, 552162831 ], "lanes": null, "ref": null, "name": null, "highway": [ "path", "steps" ], "maxspeed": null, "oneway": false, "reversed": "False", "length": 37.299, "tunnel": null, "width": [ "0.5", "1.5" ], "bridge": null, "access": null, "service": null }, "geometry": { "type": "LineString", "coordinates": [ [ 133.574503099999987, 33.4957845 ], [ 133.5745291, 33.4957725 ], [ 133.5745962, 33.4957373 ], [ 133.574595, 33.4957272 ], [ 133.5745776, 33.4956112 ], [ 133.574576900000011, 33.4955775 ], [ 133.5746126, 33.4955737 ], [ 133.574646, 33.4955729 ], [ 133.5746617, 33.4955724 ], [ 133.5746614, 33.4955852 ] ] } },
{ "type": "Feature", "properties": { "u": 5331435436, "v": 1557772367, "key": 0, "osmid": [ 552162832, 552162833, 552162831 ], "lanes": null, "ref": null, "name": "竜宮橋", "highway": "path", "maxspeed": null, "oneway": false, "reversed": "True", "length": 34.186, "tunnel": null, "width": "1.5", "bridge": "yes", "access": null, "service": null }, "geometry": { "type": "LineString", "coordinates": [ [ 133.574503099999987, 33.4957845 ], [ 133.5744699, 33.4958005 ], [ 133.574392499999988, 33.4958306 ], [ 133.5743291, 33.4958583 ], [ 133.5742292, 33.4958871 ], [ 133.5741957, 33.4959045 ], [ 133.5741754, 33.4959208 ] ] } },
{ "type": "Feature", "properties": { "u": 5331435467, "v": 5362564222, "key": 0, "osmid": [ 670405813, 555864727 ], "lanes": null, "ref": null, "name": null, "highway": [ "path", "unclassified" ], "maxspeed": null, "oneway": false, "reversed": "True", "length": 40.515, "tunnel": null, "width": null, "bridge": null, "access": null, "service": null }, "geometry": { "type": "LineString", "coordinates": [ [ 133.572957, 33.4960281 ], [ 133.5731429, 33.4962551 ], [ 133.5731265, 33.4962901 ], [ 133.5730906, 33.4963325 ] ] } },
{ "type": "Feature", "properties": { "u": 5331435467, "v": 6278123733, "key": 0, "osmid": "670405815", "lanes": null, "ref": null, "name": null, "highway": "unclassified", "maxspeed": null, "oneway": false, "reversed": "False", "length": 24.325, "tunnel": null, "width": null, "bridge": null, "access": null, "service": null }, "geometry": { "type": "LineString", "coordinates": [ [ 133.572957, 33.4960281 ], [ 133.5728492, 33.496108 ], [ 133.5727796, 33.4961688 ], [ 133.572766800000011, 33.4961785 ] ] } },
{ "type": "Feature", "properties": { "u": 5331435467, "v": 1557772364, "key": 0, "osmid": "670405815", "lanes": null, "ref": null, "name": null, "highway": "unclassified", "maxspeed": null, "oneway": false, "reversed": "True", "length": 55.155, "tunnel": null, "width": null, "bridge": null, "access": null, "service": null }, "geometry": { "type": "LineString", "coordinates": [ [ 133.572957, 33.4960281 ], [ 133.5730426, 33.4959879 ], [ 133.573273300000011, 33.4959373 ], [ 133.5733581, 33.495942 ], [ 133.5734507, 33.4959764 ], [ 133.5735013, 33.4960187 ] ] } },
{ "type": "Feature", "properties": { "u": 5331435468, "v": 1557772364, "key": 0, "osmid": "142325297", "lanes": null, "ref": null, "name": null, "highway": "path", "maxspeed": null, "oneway": false, "reversed": "False", "length": 18.331, "tunnel": null, "width": null, "bridge": null, "access": null, "service": null }, "geometry": { "type": "LineString", "coordinates": [ [ 133.5736958, 33.4959937 ], [ 133.5735966, 33.4960143 ], [ 133.5735013, 33.4960187 ] ] } },
{ "type": "Feature", "properties": { "u": 5331435468, "v": 1557772367, "key": 0, "osmid": "142325297", "lanes": null, "ref": null, "name": null, "highway": "path", "maxspeed": null, "oneway": false, "reversed": "True", "length": 89.942, "tunnel": null, "width": null, "bridge": null, "access": null, "service": null }, "geometry": { "type": "LineString", "coordinates": [ [ 133.5736958, 33.4959937 ], [ 133.5737255, 33.4959559 ], [ 133.5737856, 33.4959338 ], [ 133.5738306, 33.495869 ], [ 133.57384, 33.4958455 ], [ 133.5738668, 33.4958253 ], [ 133.5739251, 33.4958416 ], [ 133.5740834, 33.4957879 ], [ 133.5741237, 33.4957576 ], [ 133.5742268, 33.4957324 ], [ 133.574246499999987, 33.4957455 ], [ 133.574254700000012, 33.4957652 ], [ 133.5742611, 33.4957855 ], [ 133.5742493, 33.495811 ], [ 133.5742181, 33.4958346 ], [ 133.5741505, 33.4958785 ], [ 133.574146, 33.4958992 ], [ 133.5741754, 33.4959208 ] ] } },
{ "type": "Feature", "properties": { "u": 5331435468, "v": 6278123428, "key": 0, "osmid": "670405820", "lanes": null, "ref": null, "name": null, "highway": "path", "maxspeed": null, "oneway": false, "reversed": "True", "length": 25.847, "tunnel": null, "width": null, "bridge": null, "access": null, "service": null }, "geometry": { "type": "LineString", "coordinates": [ [ 133.5736958, 33.4959937 ], [ 133.573668700000013, 33.4960443 ], [ 133.5736598, 33.4961167 ], [ 133.5736492, 33.4961447 ], [ 133.5736014, 33.4962081 ] ] } },
{ "type": "Feature", "properties": { "u": 5331463098, "v": 5521722042, "key": 0, "osmid": "575442092", "lanes": null, "ref": null, "name": null, "highway": "service", "maxspeed": null, "oneway": true, "reversed": "False", "length": 23.434, "tunnel": null, "width": null, "bridge": null, "access": null, "service": "parking_aisle" }, "geometry": { "type": "LineString", "coordinates": [ [ 133.573962, 33.4996259 ], [ 133.5738838, 33.4998263 ] ] } },
{ "type": "Feature", "properties": { "u": 5331463098, "v": 5331463100, "key": 0, "osmid": "670634168", "lanes": null, "ref": null, "name": null, "highway": "service", "maxspeed": null, "oneway": false, "reversed": "True", "length": 28.641, "tunnel": null, "width": null, "bridge": null, "access": null, "service": "parking_aisle" }, "geometry": { "type": "LineString", "coordinates": [ [ 133.573962, 33.4996259 ], [ 133.574265700000012, 33.4996729 ] ] } },
{ "type": "Feature", "properties": { "u": 5331463098, "v": 5520410365, "key": 0, "osmid": [ 670634169, 670634172, 670634173 ], "lanes": null, "ref": null, "name": null, "highway": "service", "maxspeed": null, "oneway": true, "reversed": "False", "length": 18.829, "tunnel": null, "width": null, "bridge": null, "access": null, "service": [ "driveway", "parking_aisle" ] }, "geometry": { "type": "LineString", "coordinates": [ [ 133.573962, 33.4996259 ], [ 133.5739131, 33.4995889 ], [ 133.573838599999988, 33.4995637 ], [ 133.573786, 33.4995462 ] ] } },
{ "type": "Feature", "properties": { "u": 5331463100, "v": 5331463098, "key": 0, "osmid": "670634168", "lanes": null, "ref": null, "name": null, "highway": "service", "maxspeed": null, "oneway": false, "reversed": "False", "length": 28.641, "tunnel": null, "width": null, "bridge": null, "access": null, "service": "parking_aisle" }, "geometry": { "type": "LineString", "coordinates": [ [ 133.574265700000012, 33.4996729 ], [ 133.573962, 33.4996259 ] ] } },
{ "type": "Feature", "properties": { "u": 5331463100, "v": 5521722045, "key": 0, "osmid": "670634168", "lanes": null, "ref": null, "name": null, "highway": "service", "maxspeed": null, "oneway": false, "reversed": "True", "length": 36.256, "tunnel": null, "width": null, "bridge": null, "access": null, "service": "parking_aisle" }, "geometry": { "type": "LineString", "coordinates": [ [ 133.574265700000012, 33.4996729 ], [ 133.5745049, 33.4996955 ], [ 133.5746543, 33.499709 ] ] } },
{ "type": "Feature", "properties": { "u": 5331463100, "v": 5505912827, "key": 0, "osmid": [ 670634170, 670634171 ], "lanes": null, "ref": null, "name": null, "highway": "footway", "maxspeed": null, "oneway": false, "reversed": "False", "length": 22.5, "tunnel": null, "width": null, "bridge": null, "access": null, "service": null }, "geometry": { "type": "LineString", "coordinates": [ [ 133.574265700000012, 33.4996729 ], [ 133.5742745, 33.499488 ], [ 133.5742751, 33.4994707 ] ] } },
{ "type": "Feature", "properties": { "u": 5331463100, "v": 5331463103, "key": 0, "osmid": [ 670634170, 250513027, 250513029 ], "lanes": null, "ref": null, "name": null, "highway": "footway", "maxspeed": null, "oneway": false, "reversed": [ false, true ], "length": 62.816, "tunnel": null, "width": null, "bridge": null, "access": null, "service": null }, "geometry": { "type": "LineString", "coordinates": [ [ 133.574265700000012, 33.4996729 ], [ 133.5742651, 33.49972 ], [ 133.5743999, 33.4997323 ], [ 133.5745863, 33.4997564 ], [ 133.5746862, 33.4997726 ], [ 133.574662100000012, 33.4998279 ], [ 133.574698899999987, 33.4998268 ], [ 133.5747265, 33.4997575 ] ] } },
{ "type": "Feature", "properties": { "u": 5331463103, "v": 2569489245, "key": 0, "osmid": "250513029", "lanes": null, "ref": null, "name": null, "highway": "footway", "maxspeed": null, "oneway": false, "reversed": "False", "length": 8.023, "tunnel": null, "width": null, "bridge": null, "access": null, "service": null }, "geometry": { "type": "LineString", "coordinates": [ [ 133.5747265, 33.4997575 ], [ 133.574727700000011, 33.4997543 ], [ 133.574755399999987, 33.4996895 ] ] } },
{ "type": "Feature", "properties": { "u": 5331463103, "v": 5331463100, "key": 0, "osmid": [ 670634170, 250513027, 250513029 ], "lanes": null, "ref": null, "name": null, "highway": "footway", "maxspeed": null, "oneway": false, "reversed": [ false, true ], "length": 62.816, "tunnel": null, "width": null, "bridge": null, "access": null, "service": null }, "geometry": { "type": "LineString", "coordinates": [ [ 133.5747265, 33.4997575 ], [ 133.574698899999987, 33.4998268 ], [ 133.574662100000012, 33.4998279 ], [ 133.5746862, 33.4997726 ], [ 133.5745863, 33.4997564 ], [ 133.5743999, 33.4997323 ], [ 133.5742651, 33.49972 ], [ 133.574265700000012, 33.4996729 ] ] } },
{ "type": "Feature", "properties": { "u": 5331463103, "v": 5505867965, "key": 0, "osmid": "670634167", "lanes": null, "ref": null, "name": null, "highway": "service", "maxspeed": null, "oneway": true, "reversed": "False", "length": 82.136, "tunnel": null, "width": null, "bridge": null, "access": null, "service": "parking_aisle" }, "geometry": { "type": "LineString", "coordinates": [ [ 133.5747265, 33.4997575 ], [ 133.5749098, 33.4998184 ], [ 133.575359099999986, 33.4999188 ], [ 133.5754067, 33.4999241 ], [ 133.5754422, 33.4999132 ], [ 133.5754934, 33.4998068 ] ] } },
{ "type": "Feature", "properties": { "u": 5331463108, "v": 5505867975, "key": 0, "osmid": "573204138", "lanes": null, "ref": null, "name": null, "highway": "service", "maxspeed": null, "oneway": true, "reversed": "False", "length": 16.459, "tunnel": null, "width": null, "bridge": null, "access": null, "service": "parking_aisle" }, "geometry": { "type": "LineString", "coordinates": [ [ 133.575698100000011, 33.4993308 ], [ 133.5757591, 33.4991918 ] ] } },
{ "type": "Feature", "properties": { "u": 5331463108, "v": 2569489214, "key": 0, "osmid": "670634167", "lanes": null, "ref": null, "name": null, "highway": "service", "maxspeed": null, "oneway": true, "reversed": "False", "length": 54.007, "tunnel": null, "width": null, "bridge": null, "access": null, "service": "parking_aisle" }, "geometry": { "type": "LineString", "coordinates": [ [ 133.575698100000011, 33.4993308 ], [ 133.575141, 33.4991891 ] ] } },
{ "type": "Feature", "properties": { "u": 5331463183, "v": 564465534, "key": 0, "osmid": "129854045", "lanes": null, "ref": null, "name": null, "highway": "tertiary", "maxspeed": null, "oneway": false, "reversed": "False", "length": 20.365, "tunnel": null, "width": null, "bridge": null, "access": null, "service": null }, "geometry": { "type": "LineString", "coordinates": [ [ 133.5734168, 33.4993865 ], [ 133.573495900000012, 33.499361 ], [ 133.5736177, 33.4993128 ] ] } },
{ "type": "Feature", "properties": { "u": 5331463183, "v": 6280082900, "key": 0, "osmid": [ 734500724, 129854045 ], "lanes": null, "ref": null, "name": null, "highway": [ "unclassified", "tertiary" ], "maxspeed": null, "oneway": false, "reversed": "True", "length": 15.855, "tunnel": null, "width": null, "bridge": null, "access": null, "service": null }, "geometry": { "type": "LineString", "coordinates": [ [ 133.5734168, 33.4993865 ], [ 133.5732716, 33.4994245 ], [ 133.5732528, 33.4994239 ] ] } },
{ "type": "Feature", "properties": { "u": 5331463183, "v": 5331463098, "key": 0, "osmid": [ 575442092, 552165676, 552165677 ], "lanes": null, "ref": null, "name": null, "highway": "service", "maxspeed": null, "oneway": true, "reversed": "False", "length": 60.018, "tunnel": null, "width": null, "bridge": null, "access": null, "service": [ "parking_aisle", "driveway" ] }, "geometry": { "type": "LineString", "coordinates": [ [ 133.5734168, 33.4993865 ], [ 133.5734592, 33.4994607 ], [ 133.5735057, 33.4994935 ], [ 133.5735637, 33.4995154 ], [ 133.5737015, 33.4995671 ], [ 133.5738201, 33.4996055 ], [ 133.5738957, 33.499626 ], [ 133.573962, 33.4996259 ] ] } },
{ "type": "Feature", "properties": { "u": 5331463194, "v": 5505867966, "key": 0, "osmid": "670634167", "lanes": null, "ref": null, "name": null, "highway": "service", "maxspeed": null, "oneway": true, "reversed": "False", "length": 13.255, "tunnel": null, "width": null, "bridge": null, "access": null, "service": "parking_aisle" }, "geometry": { "type": "LineString", "coordinates": [ [ 133.574937299999988, 33.4995651 ], [ 133.574868900000013, 33.4996469 ], [ 133.5748505, 33.4996589 ] ] } },
{ "type": "Feature", "properties": { "u": 5348084049, "v": 5447091839, "key": 0, "osmid": "44407518", "lanes": null, "ref": null, "name": null, "highway": "unclassified", "maxspeed": null, "oneway": false, "reversed": "True", "length": 3.468, "tunnel": null, "width": null, "bridge": null, "access": null, "service": null }, "geometry": { "type": "LineString", "coordinates": [ [ 133.551559700000013, 33.499881 ], [ 133.55152240000001, 33.4998833 ] ] } },
{ "type": "Feature", "properties": { "u": 5348084049, "v": 9801818785, "key": 0, "osmid": "554143358", "lanes": null, "ref": null, "name": null, "highway": "path", "maxspeed": null, "oneway": false, "reversed": "False", "length": 1.446, "tunnel": null, "width": null, "bridge": null, "access": null, "service": null }, "geometry": { "type": "LineString", "coordinates": [ [ 133.551559700000013, 33.499881 ], [ 133.5515644, 33.4998686 ] ] } },
{ "type": "Feature", "properties": { "u": 5348084049, "v": 5348084062, "key": 0, "osmid": "44407518", "lanes": null, "ref": null, "name": null, "highway": "unclassified", "maxspeed": null, "oneway": false, "reversed": "False", "length": 29.771, "tunnel": null, "width": null, "bridge": null, "access": null, "service": null }, "geometry": { "type": "LineString", "coordinates": [ [ 133.551559700000013, 33.499881 ], [ 133.5516385, 33.4998762 ], [ 133.551807, 33.499877 ], [ 133.551879500000013, 33.4998874 ] ] } },
{ "type": "Feature", "properties": { "u": 5348084049, "v": 9801862028, "key": 0, "osmid": "554134381", "lanes": null, "ref": null, "name": null, "highway": "track", "maxspeed": null, "oneway": false, "reversed": "False", "length": 44.485, "tunnel": null, "width": null, "bridge": null, "access": null, "service": null }, "geometry": { "type": "LineString", "coordinates": [ [ 133.551559700000013, 33.499881 ], [ 133.551497899999987, 33.4996894 ], [ 133.5514973, 33.4996515 ], [ 133.5514959, 33.4995682 ], [ 133.551479, 33.499489 ] ] } },
{ "type": "Feature", "properties": { "u": 5348084060, "v": 5348084061, "key": 0, "osmid": "554134382", "lanes": null, "ref": null, "name": null, "highway": "path", "maxspeed": null, "oneway": false, "reversed": "False", "length": 13.677, "tunnel": null, "width": null, "bridge": null, "access": null, "service": null }, "geometry": { "type": "LineString", "coordinates": [ [ 133.552238499999987, 33.4984656 ], [ 133.552386, 33.4984647 ] ] } },
{ "type": "Feature", "properties": { "u": 5348084060, "v": 5353289422, "key": 0, "osmid": "554725545", "lanes": null, "ref": null, "name": null, "highway": "path", "maxspeed": null, "oneway": false, "reversed": "False", "length": 9.125, "tunnel": null, "width": null, "bridge": null, "access": null, "service": null }, "geometry": { "type": "LineString", "coordinates": [ [ 133.552238499999987, 33.4984656 ], [ 133.5522281, 33.498384 ] ] } },
{ "type": "Feature", "properties": { "u": 5348084060, "v": 9801862028, "key": 0, "osmid": [ 554134381, 554134382 ], "lanes": null, "ref": null, "name": null, "highway": [ "path", "track" ], "maxspeed": null, "oneway": false, "reversed": "True", "length": 182.475, "tunnel": null, "width": null, "bridge": null, "access": null, "service": null }, "geometry": { "type": "LineString", "coordinates": [ [ 133.552238499999987, 33.4984656 ], [ 133.5520813, 33.4984759 ], [ 133.551922600000012, 33.4984736 ], [ 133.5516943, 33.4984943 ], [ 133.55149990000001, 33.4986098 ], [ 133.5513728, 33.4987121 ], [ 133.5513028, 33.4988639 ], [ 133.5512647, 33.4989376 ], [ 133.551301099999989, 33.4990493 ], [ 133.5513118, 33.4991644 ], [ 133.5513345, 33.4992411 ], [ 133.5514695, 33.4993934 ], [ 133.5514657, 33.4994347 ], [ 133.551479, 33.499489 ] ] } },
{ "type": "Feature", "properties": { "u": 5348084061, "v": 5348084060, "key": 0, "osmid": "554134382", "lanes": null, "ref": null, "name": null, "highway": "path", "maxspeed": null, "oneway": false, "reversed": "True", "length": 13.677, "tunnel": null, "width": null, "bridge": null, "access": null, "service": null }, "geometry": { "type": "LineString", "coordinates": [ [ 133.552386, 33.4984647 ], [ 133.552238499999987, 33.4984656 ] ] } },
{ "type": "Feature", "properties": { "u": 5348084062, "v": 1431985103, "key": 0, "osmid": "44407518", "lanes": null, "ref": null, "name": null, "highway": "unclassified", "maxspeed": null, "oneway": false, "reversed": "False", "length": 24.162, "tunnel": null, "width": null, "bridge": null, "access": null, "service": null }, "geometry": { "type": "LineString", "coordinates": [ [ 133.551879500000013, 33.4998874 ], [ 133.551966, 33.4999488 ], [ 133.5520688, 33.5000364 ] ] } },
{ "type": "Feature", "properties": { "u": 5348084062, "v": 5348084049, "key": 0, "osmid": "44407518", "lanes": null, "ref": null, "name": null, "highway": "unclassified", "maxspeed": null, "oneway": false, "reversed": "True", "length": 29.771, "tunnel": null, "width": null, "bridge": null, "access": null, "service": null }, "geometry": { "type": "LineString", "coordinates": [ [ 133.551879500000013, 33.4998874 ], [ 133.551807, 33.499877 ], [ 133.5516385, 33.4998762 ], [ 133.551559700000013, 33.499881 ] ] } },
{ "type": "Feature", "properties": { "u": 5348084062, "v": 5348084066, "key": 0, "osmid": "554134383", "lanes": null, "ref": null, "name": null, "highway": "residential", "maxspeed": null, "oneway": false, "reversed": "False", "length": 107.758, "tunnel": null, "width": null, "bridge": null, "access": null, "service": null }, "geometry": { "type": "LineString", "coordinates": [ [ 133.551879500000013, 33.4998874 ], [ 133.5525557, 33.499517 ], [ 133.5528627, 33.4995505 ], [ 133.552879600000011, 33.4995839 ] ] } },
{ "type": "Feature", "properties": { "u": 5348084066, "v": 5348084062, "key": 0, "osmid": "554134383", "lanes": null, "ref": null, "name": null, "highway": "residential", "maxspeed": null, "oneway": false, "reversed": "True", "length": 107.758, "tunnel": null, "width": null, "bridge": null, "access": null, "service": null }, "geometry": { "type": "LineString", "coordinates": [ [ 133.552879600000011, 33.4995839 ], [ 133.5528627, 33.4995505 ], [ 133.5525557, 33.499517 ], [ 133.551879500000013, 33.4998874 ] ] } },
{ "type": "Feature", "properties": { "u": 5348277744, "v": 5348277745, "key": 0, "osmid": "554143356", "lanes": null, "ref": null, "name": null, "highway": "tertiary", "maxspeed": null, "oneway": false, "reversed": "False", "length": 39.667, "tunnel": null, "width": null, "bridge": null, "access": null, "service": null }, "geometry": { "type": "LineString", "coordinates": [ [ 133.552468800000014, 33.4997333 ], [ 133.5528447, 33.4999036 ] ] } },
{ "type": "Feature", "properties": { "u": 5348277744, "v": 1431985103, "key": 0, "osmid": "554143356", "lanes": null, "ref": null, "name": null, "highway": "tertiary", "maxspeed": null, "oneway": false, "reversed": "True", "length": 50.836, "tunnel": null, "width": null, "bridge": null, "access": null, "service": null }, "geometry": { "type": "LineString", "coordinates": [ [ 133.552468800000014, 33.4997333 ], [ 133.5523509, 33.4997788 ], [ 133.5520688, 33.5000364 ] ] } },
{ "type": "Feature", "properties": { "u": 5348277744, "v": 5447091856, "key": 0, "osmid": "565631023", "lanes": null, "ref": null, "name": null, "highway": "path", "maxspeed": null, "oneway": false, "reversed": "False", "length": 52.723, "tunnel": null, "width": null, "bridge": null, "access": null, "service": null }, "geometry": { "type": "LineString", "coordinates": [ [ 133.552468800000014, 33.4997333 ], [ 133.5526001, 33.499681 ], [ 133.5527064, 33.4996913 ], [ 133.552809599999989, 33.4997337 ], [ 133.5529082, 33.4997838 ], [ 133.5529684, 33.4998345 ] ] } },
{ "type": "Feature", "properties": { "u": 5348277745, "v": 5348277744, "key": 0, "osmid": "554143356", "lanes": null, "ref": null, "name": null, "highway": "tertiary", "maxspeed": null, "oneway": false, "reversed": "True", "length": 39.667, "tunnel": null, "width": null, "bridge": null, "access": null, "service": null }, "geometry": { "type": "LineString", "coordinates": [ [ 133.5528447, 33.4999036 ], [ 133.552468800000014, 33.4997333 ] ] } },
{ "type": "Feature", "properties": { "u": 5348277745, "v": 5447091856, "key": 0, "osmid": "565631020", "lanes": null, "ref": null, "name": null, "highway": "residential", "maxspeed": null, "oneway": false, "reversed": "False", "length": 13.806, "tunnel": null, "width": null, "bridge": null, "access": null, "service": null }, "geometry": { "type": "LineString", "coordinates": [ [ 133.5528447, 33.4999036 ], [ 133.5529684, 33.4998345 ] ] } },
{ "type": "Feature", "properties": { "u": 5348277745, "v": 5447091844, "key": 0, "osmid": "1178534979", "lanes": null, "ref": null, "name": null, "highway": "residential", "maxspeed": null, "oneway": false, "reversed": "False", "length": 17.17, "tunnel": null, "width": null, "bridge": null, "access": null, "service": null }, "geometry": { "type": "LineString", "coordinates": [ [ 133.5528447, 33.4999036 ], [ 133.5527648, 33.5000429 ] ] } },
{ "type": "Feature", "properties": { "u": 5348277747, "v": 5447091844, "key": 0, "osmid": "1178534979", "lanes": null, "ref": null, "name": null, "highway": "residential", "maxspeed": null, "oneway": false, "reversed": "True", "length": 46.221, "tunnel": null, "width": null, "bridge": null, "access": null, "service": null }, "geometry": { "type": "LineString", "coordinates": [ [ 133.552366299999989, 33.4999817 ], [ 133.5527114, 33.5001256 ], [ 133.5527648, 33.5000429 ] ] } },
{ "type": "Feature", "properties": { "u": 5348277755, "v": 9801818785, "key": 0, "osmid": [ 554143358, 554143359 ], "lanes": null, "ref": null, "name": null, "highway": "path", "maxspeed": null, "oneway": false, "reversed": "True", "length": 177.473, "tunnel": null, "width": null, "bridge": null, "access": null, "service": null }, "geometry": { "type": "LineString", "coordinates": [ [ 133.5529205, 33.4988925 ], [ 133.5528717, 33.4989773 ], [ 133.552669400000013, 33.4992391 ], [ 133.552345300000013, 33.4993689 ], [ 133.5523729, 33.499456 ], [ 133.5520162, 33.4996289 ], [ 133.5515699, 33.4998405 ], [ 133.5515644, 33.4998686 ] ] } },
{ "type": "Feature", "properties": { "u": 5348277756, "v": 1431985109, "key": 0, "osmid": "44405081", "lanes": "1", "ref": "34", "name": "桂浜はりまや線", "highway": "primary", "maxspeed": null, "oneway": false, "reversed": "True", "length": 44.391, "tunnel": null, "width": null, "bridge": null, "access": null, "service": null }, "geometry": { "type": "LineString", "coordinates": [ [ 133.5498259, 33.500516 ], [ 133.549847699999987, 33.5001172 ] ] } },
{ "type": "Feature", "properties": { "u": 5348277756, "v": 5447091842, "key": 0, "osmid": "554143361", "lanes": null, "ref": null, "name": null, "highway": "unclassified", "maxspeed": null, "oneway": false, "reversed": "False", "length": 166.264, "tunnel": null, "width": null, "bridge": null, "access": null, "service": null }, "geometry": { "type": "LineString", "coordinates": [ [ 133.5498259, 33.500516 ], [ 133.549929, 33.5005102 ], [ 133.5499719, 33.5004554 ], [ 133.551450499999987, 33.5003899 ], [ 133.5515811, 33.5003917 ] ] } },
{ "type": "Feature", "properties": { "u": 5348277760, "v": 5447091842, "key": 0, "osmid": "554143361", "lanes": null, "ref": null, "name": null, "highway": "unclassified", "maxspeed": null, "oneway": false, "reversed": "True", "length": 22.322, "tunnel": null, "width": null, "bridge": null, "access": null, "service": null }, "geometry": { "type": "LineString", "coordinates": [ [ 133.5518218, 33.500395 ], [ 133.5515811, 33.5003917 ] ] } },
{ "type": "Feature", "properties": { "u": 5351385794, "v": 564443435, "key": 0, "osmid": "23430758", "lanes": "2", "ref": "35", "name": "桂浜宝永線", "highway": "primary", "maxspeed": null, "oneway": false, "reversed": "False", "length": 71.793, "tunnel": null, "width": null, "bridge": null, "access": null, "service": null }, "geometry": { "type": "LineString", "coordinates": [ [ 133.574012, 33.4982604 ], [ 133.5739658, 33.4982427 ], [ 133.5739088, 33.4982171 ], [ 133.573849700000011, 33.4981831 ], [ 133.5737892, 33.4981385 ], [ 133.5737409, 33.4980938 ], [ 133.5736718, 33.4980253 ], [ 133.5735743, 33.4979177 ], [ 133.573510199999987, 33.4978442 ], [ 133.5734726, 33.4978097 ] ] } },
{ "type": "Feature", "properties": { "u": 5351385794, "v": 5362555602, "key": 0, "osmid": "23430758", "lanes": "2", "ref": "35", "name": "桂浜宝永線", "highway": "primary", "maxspeed": null, "oneway": false, "reversed": "True", "length": 116.118, "tunnel": null, "width": null, "bridge": null, "access": null, "service": null }, "geometry": { "type": "LineString", "coordinates": [ [ 133.574012, 33.4982604 ], [ 133.574066, 33.4983049 ], [ 133.5741016, 33.4983494 ], [ 133.5741285, 33.4984046 ], [ 133.5741462, 33.498474 ], [ 133.5741538, 33.4985732 ], [ 133.5741564, 33.4986577 ], [ 133.574147, 33.4987131 ], [ 133.5741328, 33.4987663 ], [ 133.5741025, 33.4988262 ], [ 133.5740192, 33.4989192 ], [ 133.573849599999988, 33.4991166 ], [ 133.5737991, 33.499183 ] ] } },
{ "type": "Feature", "properties": { "u": 5351385794, "v": 5505867982, "key": 0, "osmid": "142325712", "lanes": null, "ref": null, "name": null, "highway": "unclassified", "maxspeed": null, "oneway": false, "reversed": "False", "length": 35.501, "tunnel": null, "width": null, "bridge": null, "access": "no", "service": null }, "geometry": { "type": "LineString", "coordinates": [ [ 133.574012, 33.4982604 ], [ 133.5740561, 33.4982416 ], [ 133.574208700000014, 33.4982219 ], [ 133.5742343, 33.498216 ], [ 133.5742525, 33.4982063 ], [ 133.574272, 33.4981854 ], [ 133.5743254, 33.4981159 ] ] } },
{ "type": "Feature", "properties": { "u": 5351385797, "v": 1557773009, "key": 0, "osmid": "142325127", "lanes": null, "ref": null, "name": null, "highway": "path", "maxspeed": null, "oneway": false, "reversed": "False", "length": 65.604, "tunnel": null, "width": null, "bridge": null, "access": null, "service": null }, "geometry": { "type": "LineString", "coordinates": [ [ 133.5755005, 33.4981587 ], [ 133.5755574, 33.4981948 ], [ 133.575766, 33.4983306 ], [ 133.5760833, 33.4984915 ] ] } },
{ "type": "Feature", "properties": { "u": 5351385797, "v": 5362555616, "key": 0, "osmid": "142325127", "lanes": null, "ref": null, "name": null, "highway": "path", "maxspeed": null, "oneway": false, "reversed": "True", "length": 74.87, "tunnel": null, "width": null, "bridge": null, "access": null, "service": null }, "geometry": { "type": "LineString", "coordinates": [ [ 133.5755005, 33.4981587 ], [ 133.5751012, 33.4978514 ], [ 133.5749971, 33.4977768 ], [ 133.574893, 33.4977164 ] ] } },
{ "type": "Feature", "properties": { "u": 5351385797, "v": 5351385803, "key": 0, "osmid": [ 573204130, 554528853 ], "lanes": null, "ref": null, "name": null, "highway": [ "path", "steps" ], "maxspeed": null, "oneway": false, "reversed": "False", "length": 74.725, "tunnel": null, "width": null, "bridge": null, "access": null, "service": null }, "geometry": { "type": "LineString", "coordinates": [ [ 133.5755005, 33.4981587 ], [ 133.575475399999988, 33.4981885 ], [ 133.5754054, 33.4982341 ], [ 133.5753674, 33.4982441 ], [ 133.5751985, 33.4982345 ], [ 133.5749971, 33.4982163 ], [ 133.5749184, 33.4982325 ], [ 133.5747804, 33.4981793 ], [ 133.57476170000001, 33.4981973 ] ] } },
{ "type": "Feature", "properties": { "u": 5351385803, "v": 1557773005, "key": 0, "osmid": [ 142325712, 573204128 ], "lanes": null, "ref": null, "name": null, "highway": [ "path", "unclassified" ], "maxspeed": null, "oneway": false, "reversed": [ false, true ], "length": 73.242, "tunnel": null, "width": null, "bridge": null, "access": "no", "service": null }, "geometry": { "type": "LineString", "coordinates": [ [ 133.57476170000001, 33.4981973 ], [ 133.5750162, 33.4983365 ], [ 133.5751041, 33.4984361 ], [ 133.575412, 33.4985508 ] ] } },
{ "type": "Feature", "properties": { "u": 5351385803, "v": 5351385807, "key": 0, "osmid": "142325712", "lanes": null, "ref": null, "name": null, "highway": "unclassified", "maxspeed": null, "oneway": false, "reversed": "True", "length": 34.626, "tunnel": null, "width": null, "bridge": null, "access": "no", "service": null }, "geometry": { "type": "LineString", "coordinates": [ [ 133.57476170000001, 33.4981973 ], [ 133.57472580000001, 33.4981991 ], [ 133.5746088, 33.4981901 ], [ 133.5743984, 33.4981366 ] ] } },
{ "type": "Feature", "properties": { "u": 5351385803, "v": 5351385797, "key": 0, "osmid": [ 573204130, 554528853 ], "lanes": null, "ref": null, "name": null, "highway": [ "steps", "path" ], "maxspeed": null, "oneway": false, "reversed": "True", "length": 74.725, "tunnel": null, "width": null, "bridge": null, "access": null, "service": null }, "geometry": { "type": "LineString", "coordinates": [ [ 133.57476170000001, 33.4981973 ], [ 133.5747804, 33.4981793 ], [ 133.5749184, 33.4982325 ], [ 133.5749971, 33.4982163 ], [ 133.5751985, 33.4982345 ], [ 133.5753674, 33.4982441 ], [ 133.5754054, 33.4982341 ], [ 133.575475399999988, 33.4981885 ], [ 133.5755005, 33.4981587 ] ] } },
{ "type": "Feature", "properties": { "u": 5351385807, "v": 5505867982, "key": 0, "osmid": "142325712", "lanes": null, "ref": null, "name": null, "highway": "unclassified", "maxspeed": null, "oneway": false, "reversed": "True", "length": 7.15, "tunnel": null, "width": null, "bridge": null, "access": "no", "service": null }, "geometry": { "type": "LineString", "coordinates": [ [ 133.5743984, 33.4981366 ], [ 133.5743254, 33.4981159 ] ] } },
{ "type": "Feature", "properties": { "u": 5351385807, "v": 5362555612, "key": 0, "osmid": "554528852", "lanes": null, "ref": null, "name": null, "highway": "path", "maxspeed": null, "oneway": false, "reversed": "True", "length": 20.3, "tunnel": null, "width": null, "bridge": null, "access": null, "service": null }, "geometry": { "type": "LineString", "coordinates": [ [ 133.5743984, 33.4981366 ], [ 133.5743664, 33.4983172 ] ] } },
{ "type": "Feature", "properties": { "u": 5351385807, "v": 5351385803, "key": 0, "osmid": "142325712", "lanes": null, "ref": null, "name": null, "highway": "unclassified", "maxspeed": null, "oneway": false, "reversed": "False", "length": 34.626, "tunnel": null, "width": null, "bridge": null, "access": "no", "service": null }, "geometry": { "type": "LineString", "coordinates": [ [ 133.5743984, 33.4981366 ], [ 133.5746088, 33.4981901 ], [ 133.57472580000001, 33.4981991 ], [ 133.57476170000001, 33.4981973 ] ] } },
{ "type": "Feature", "properties": { "u": 5351385807, "v": 1557772758, "key": 0, "osmid": [ 142325441, 142325959 ], "lanes": null, "ref": null, "name": null, "highway": "path", "maxspeed": null, "oneway": false, "reversed": "False", "length": 99.761, "tunnel": null, "width": null, "bridge": null, "access": null, "service": null }, "geometry": { "type": "LineString", "coordinates": [ [ 133.5743984, 33.4981366 ], [ 133.574388, 33.4980863 ], [ 133.574277, 33.4979644 ], [ 133.5740902, 33.4978527 ], [ 133.574036299999989, 33.497773 ], [ 133.574045500000011, 33.4976998 ], [ 133.574306, 33.4974431 ] ] } },
{ "type": "Feature", "properties": { "u": 5353289422, "v": 5353289423, "key": 0, "osmid": "554725545", "lanes": null, "ref": null, "name": null, "highway": "path", "maxspeed": null, "oneway": false, "reversed": "False", "length": 34.632, "tunnel": null, "width": null, "bridge": null, "access": null, "service": null }, "geometry": { "type": "LineString", "coordinates": [ [ 133.5522281, 33.498384 ], [ 133.5525888, 33.4983032 ] ] } },
{ "type": "Feature", "properties": { "u": 5353289422, "v": 5348084060, "key": 0, "osmid": "554725545", "lanes": null, "ref": null, "name": null, "highway": "path", "maxspeed": null, "oneway": false, "reversed": "True", "length": 9.125, "tunnel": null, "width": null, "bridge": null, "access": null, "service": null }, "geometry": { "type": "LineString", "coordinates": [ [ 133.5522281, 33.498384 ], [ 133.552238499999987, 33.4984656 ] ] } },
{ "type": "Feature", "properties": { "u": 5353289422, "v": 5447091838, "key": 0, "osmid": "565631018", "lanes": null, "ref": null, "name": null, "highway": "path", "maxspeed": null, "oneway": false, "reversed": "False", "length": 112.419, "tunnel": null, "width": null, "bridge": null, "access": null, "service": null }, "geometry": { "type": "LineString", "coordinates": [ [ 133.5522281, 33.498384 ], [ 133.551937900000013, 33.4983432 ], [ 133.551625, 33.4984094 ], [ 133.551368200000013, 33.4984523 ], [ 133.5510413, 33.4985068 ] ] } },
{ "type": "Feature", "properties": { "u": 5353289423, "v": 5353289422, "key": 0, "osmid": "554725545", "lanes": null, "ref": null, "name": null, "highway": "path", "maxspeed": null, "oneway": false, "reversed": "True", "length": 34.632, "tunnel": null, "width": null, "bridge": null, "access": null, "service": null }, "geometry": { "type": "LineString", "coordinates": [ [ 133.5525888, 33.4983032 ], [ 133.5522281, 33.498384 ] ] } },
{ "type": "Feature", "properties": { "u": 5353289424, "v": 1557772933, "key": 0, "osmid": [ 554725546, 142327387 ], "lanes": null, "ref": null, "name": null, "highway": "tertiary", "maxspeed": null, "oneway": false, "reversed": "True", "length": 384.067, "tunnel": null, "width": null, "bridge": null, "access": null, "service": null }, "geometry": { "type": "LineString", "coordinates": [ [ 133.5579003, 33.5006536 ], [ 133.556589, 33.500503 ], [ 133.556616, 33.500153 ], [ 133.556656, 33.499776 ], [ 133.556676, 33.499438 ], [ 133.55673, 33.498863 ], [ 133.556764, 33.498429 ], [ 133.556791, 33.498198 ], [ 133.55679, 33.4981592 ] ] } },
{ "type": "Feature", "properties": { "u": 5362555602, "v": 5351385794, "key": 0, "osmid": "23430758", "lanes": "2", "ref": "35", "name": "桂浜宝永線", "highway": "primary", "maxspeed": null, "oneway": false, "reversed": "False", "length": 116.118, "tunnel": null, "width": null, "bridge": null, "access": null, "service": null }, "geometry": { "type": "LineString", "coordinates": [ [ 133.5737991, 33.499183 ], [ 133.573849599999988, 33.4991166 ], [ 133.5740192, 33.4989192 ], [ 133.5741025, 33.4988262 ], [ 133.5741328, 33.4987663 ], [ 133.574147, 33.4987131 ], [ 133.5741564, 33.4986577 ], [ 133.5741538, 33.4985732 ], [ 133.5741462, 33.498474 ], [ 133.5741285, 33.4984046 ], [ 133.5741016, 33.4983494 ], [ 133.574066, 33.4983049 ], [ 133.574012, 33.4982604 ] ] } },
{ "type": "Feature", "properties": { "u": 5362555602, "v": 564465534, "key": 0, "osmid": [ 129854045, 23430758 ], "lanes": "2", "ref": "35", "name": "桂浜宝永線", "highway": [ "primary", "tertiary" ], "maxspeed": null, "oneway": false, "reversed": "True", "length": 22.306, "tunnel": null, "width": null, "bridge": null, "access": null, "service": null }, "geometry": { "type": "LineString", "coordinates": [ [ 133.5737991, 33.499183 ], [ 133.5737316, 33.499245 ], [ 133.573665299999988, 33.4992882 ], [ 133.5736177, 33.4993128 ] ] } },
{ "type": "Feature", "properties": { "u": 5362555603, "v": 5505912833, "key": 0, "osmid": "250513030", "lanes": null, "ref": null, "name": null, "highway": "footway", "maxspeed": null, "oneway": false, "reversed": "False", "length": 26.327, "tunnel": null, "width": null, "bridge": null, "access": null, "service": null }, "geometry": { "type": "LineString", "coordinates": [ [ 133.5742782, 33.4989585 ], [ 133.5745621, 33.4989556 ] ] } },
{ "type": "Feature", "properties": { "u": 5362555603, "v": 5362555606, "key": 0, "osmid": "554528851", "lanes": null, "ref": null, "name": null, "highway": "path", "maxspeed": null, "oneway": false, "reversed": "False", "length": 45.971, "tunnel": null, "width": null, "bridge": null, "access": null, "service": null }, "geometry": { "type": "LineString", "coordinates": [ [ 133.5742782, 33.4989585 ], [ 133.574283400000013, 33.4985451 ] ] } },
{ "type": "Feature", "properties": { "u": 5362555603, "v": 2569489222, "key": 0, "osmid": "670634171", "lanes": null, "ref": null, "name": null, "highway": "footway", "maxspeed": null, "oneway": false, "reversed": "True", "length": 29.793, "tunnel": null, "width": null, "bridge": null, "access": null, "service": null }, "geometry": { "type": "LineString", "coordinates": [ [ 133.5742782, 33.4989585 ], [ 133.5742831, 33.4992264 ] ] } },
{ "type": "Feature", "properties": { "u": 5362555603, "v": 5505912825, "key": 0, "osmid": "573211536", "lanes": null, "ref": null, "name": null, "highway": "footway", "maxspeed": null, "oneway": false, "reversed": "True", "length": 42.144, "tunnel": null, "width": null, "bridge": null, "access": null, "service": null }, "geometry": { "type": "LineString", "coordinates": [ [ 133.5742782, 33.4989585 ], [ 133.574169399999988, 33.4989792 ], [ 133.574054600000011, 33.4990743 ], [ 133.574054, 33.4992253 ] ] } },
{ "type": "Feature", "properties": { "u": 5362555606, "v": 5362555603, "key": 0, "osmid": "554528851", "lanes": null, "ref": null, "name": null, "highway": "path", "maxspeed": null, "oneway": false, "reversed": "True", "length": 45.971, "tunnel": null, "width": null, "bridge": null, "access": null, "service": null }, "geometry": { "type": "LineString", "coordinates": [ [ 133.574283400000013, 33.4985451 ], [ 133.5742782, 33.4989585 ] ] } },
{ "type": "Feature", "properties": { "u": 5362555606, "v": 5362555612, "key": 0, "osmid": [ 554528850, 554528851, 554528852 ], "lanes": null, "ref": null, "name": null, "highway": [ "path", "steps" ], "maxspeed": null, "oneway": false, "reversed": [ false, true ], "length": 27.086, "tunnel": null, "width": null, "bridge": null, "access": null, "service": null }, "geometry": { "type": "LineString", "coordinates": [ [ 133.574283400000013, 33.4985451 ], [ 133.574284299999988, 33.4984749 ], [ 133.574357, 33.4983597 ], [ 133.5743664, 33.4983172 ] ] } },
{ "type": "Feature", "properties": { "u": 5362555606, "v": 5362555608, "key": 0, "osmid": "555864722", "lanes": null, "ref": null, "name": null, "highway": "path", "maxspeed": null, "oneway": false, "reversed": "False", "length": 45.043, "tunnel": null, "width": null, "bridge": null, "access": null, "service": null }, "geometry": { "type": "LineString", "coordinates": [ [ 133.574283400000013, 33.4985451 ], [ 133.5744042, 33.4985044 ], [ 133.574747699999989, 33.4985807 ] ] } },
{ "type": "Feature", "properties": { "u": 5362555608, "v": 5362555612, "key": 0, "osmid": "555864722", "lanes": null, "ref": null, "name": null, "highway": "path", "maxspeed": null, "oneway": false, "reversed": "False", "length": 49.853, "tunnel": null, "width": null, "bridge": null, "access": null, "service": null }, "geometry": { "type": "LineString", "coordinates": [ [ 133.574747699999989, 33.4985807 ], [ 133.57465830000001, 33.498496 ], [ 133.5744144, 33.4983993 ], [ 133.574418400000013, 33.4983366 ], [ 133.5743664, 33.4983172 ] ] } },
{ "type": "Feature", "properties": { "u": 5362555608, "v": 5362555606, "key": 0, "osmid": "555864722", "lanes": null, "ref": null, "name": null, "highway": "path", "maxspeed": null, "oneway": false, "reversed": "True", "length": 45.043, "tunnel": null, "width": null, "bridge": null, "access": null, "service": null }, "geometry": { "type": "LineString", "coordinates": [ [ 133.574747699999989, 33.4985807 ], [ 133.5744042, 33.4985044 ], [ 133.574283400000013, 33.4985451 ] ] } },
{ "type": "Feature", "properties": { "u": 5362555608, "v": 1557773016, "key": 0, "osmid": "555864723", "lanes": null, "ref": null, "name": null, "highway": "path", "maxspeed": null, "oneway": false, "reversed": "True", "length": 29.138, "tunnel": null, "width": null, "bridge": null, "access": null, "service": null }, "geometry": { "type": "LineString", "coordinates": [ [ 133.574747699999989, 33.4985807 ], [ 133.5747571, 33.498655 ], [ 133.5747599, 33.4986773 ], [ 133.574789900000013, 33.4988403 ] ] } },
{ "type": "Feature", "properties": { "u": 5362555612, "v": 5351385807, "key": 0, "osmid": "554528852", "lanes": null, "ref": null, "name": null, "highway": "path", "maxspeed": null, "oneway": false, "reversed": "False", "length": 20.3, "tunnel": null, "width": null, "bridge": null, "access": null, "service": null }, "geometry": { "type": "LineString", "coordinates": [ [ 133.5743664, 33.4983172 ], [ 133.5743984, 33.4981366 ] ] } },
{ "type": "Feature", "properties": { "u": 5362555612, "v": 5362555606, "key": 0, "osmid": [ 554528850, 554528851, 554528852 ], "lanes": null, "ref": null, "name": null, "highway": [ "path", "steps" ], "maxspeed": null, "oneway": false, "reversed": [ false, true ], "length": 27.086, "tunnel": null, "width": null, "bridge": null, "access": null, "service": null }, "geometry": { "type": "LineString", "coordinates": [ [ 133.5743664, 33.4983172 ], [ 133.574357, 33.4983597 ], [ 133.574284299999988, 33.4984749 ], [ 133.574283400000013, 33.4985451 ] ] } },
{ "type": "Feature", "properties": { "u": 5362555612, "v": 5362555608, "key": 0, "osmid": "555864722", "lanes": null, "ref": null, "name": null, "highway": "path", "maxspeed": null, "oneway": false, "reversed": "True", "length": 49.853, "tunnel": null, "width": null, "bridge": null, "access": null, "service": null }, "geometry": { "type": "LineString", "coordinates": [ [ 133.5743664, 33.4983172 ], [ 133.574418400000013, 33.4983366 ], [ 133.5744144, 33.4983993 ], [ 133.57465830000001, 33.498496 ], [ 133.574747699999989, 33.4985807 ] ] } },
{ "type": "Feature", "properties": { "u": 5362555616, "v": 6280083027, "key": 0, "osmid": "555864724", "lanes": null, "ref": null, "name": null, "highway": "path", "maxspeed": null, "oneway": false, "reversed": "True", "length": 36.382, "tunnel": null, "width": null, "bridge": null, "access": null, "service": null }, "geometry": { "type": "LineString", "coordinates": [ [ 133.574893, 33.4977164 ], [ 133.5746861, 33.4979944 ] ] } },
{ "type": "Feature", "properties": { "u": 5362555616, "v": 5351385797, "key": 0, "osmid": "142325127", "lanes": null, "ref": null, "name": null, "highway": "path", "maxspeed": null, "oneway": false, "reversed": "False", "length": 74.87, "tunnel": null, "width": null, "bridge": null, "access": null, "service": null }, "geometry": { "type": "LineString", "coordinates": [ [ 133.574893, 33.4977164 ], [ 133.5749971, 33.4977768 ], [ 133.5751012, 33.4978514 ], [ 133.5755005, 33.4981587 ] ] } },
{ "type": "Feature", "properties": { "u": 5362555616, "v": 1557772758, "key": 0, "osmid": "142325127", "lanes": null, "ref": null, "name": null, "highway": "path", "maxspeed": null, "oneway": false, "reversed": "True", "length": 62.478, "tunnel": null, "width": null, "bridge": null, "access": null, "service": null }, "geometry": { "type": "LineString", "coordinates": [ [ 133.574893, 33.4977164 ], [ 133.5747785, 33.497652 ], [ 133.5744166, 33.4975046 ], [ 133.574306, 33.4974431 ] ] } },
{ "type": "Feature", "properties": { "u": 5362564221, "v": 6278123738, "key": 0, "osmid": "555864727", "lanes": null, "ref": null, "name": null, "highway": "unclassified", "maxspeed": null, "oneway": false, "reversed": "False", "length": 4.001, "tunnel": null, "width": null, "bridge": null, "access": null, "service": null }, "geometry": { "type": "LineString", "coordinates": [ [ 133.572757599999989, 33.4964722 ], [ 133.572800300000011, 33.496467 ] ] } },
{ "type": "Feature", "properties": { "u": 5362564221, "v": 1557772376, "key": 0, "osmid": "23430758", "lanes": "2", "ref": "35", "name": "桂浜宝永線", "highway": "primary", "maxspeed": null, "oneway": false, "reversed": "False", "length": 30.207, "tunnel": null, "width": null, "bridge": null, "access": null, "service": null }, "geometry": { "type": "LineString", "coordinates": [ [ 133.572757599999989, 33.4964722 ], [ 133.572758599999986, 33.4964029 ], [ 133.572750500000012, 33.4963064 ], [ 133.5727379, 33.4962376 ], [ 133.5727282, 33.4962025 ] ] } },
{ "type": "Feature", "properties": { "u": 5362564221, "v": 1085590536, "key": 0, "osmid": "23430758", "lanes": "2", "ref": "35", "name": "桂浜宝永線", "highway": "primary", "maxspeed": null, "oneway": false, "reversed": "True", "length": 79.911, "tunnel": null, "width": null, "bridge": null, "access": null, "service": null }, "geometry": { "type": "LineString", "coordinates": [ [ 133.572757599999989, 33.4964722 ], [ 133.57274910000001, 33.4965271 ], [ 133.5727406, 33.4965602 ], [ 133.5727226, 33.496598 ], [ 133.5726876, 33.4966386 ], [ 133.5726497, 33.4966805 ], [ 133.5725956, 33.4967292 ], [ 133.572562299999987, 33.4967703 ], [ 133.5725402, 33.4968147 ], [ 133.572477, 33.49697 ], [ 133.5724214, 33.4971213 ] ] } },
{ "type": "Feature", "properties": { "u": 5362564222, "v": 5331435467, "key": 0, "osmid": [ 670405813, 555864727 ], "lanes": null, "ref": null, "name": null, "highway": [ "path", "unclassified" ], "maxspeed": null, "oneway": false, "reversed": "False", "length": 40.515, "tunnel": null, "width": null, "bridge": null, "access": null, "service": null }, "geometry": { "type": "LineString", "coordinates": [ [ 133.5730906, 33.4963325 ], [ 133.5731265, 33.4962901 ], [ 133.5731429, 33.4962551 ], [ 133.572957, 33.4960281 ] ] } },
{ "type": "Feature", "properties": { "u": 5362564222, "v": 6278123738, "key": 0, "osmid": "555864727", "lanes": null, "ref": null, "name": null, "highway": "unclassified", "maxspeed": null, "oneway": false, "reversed": "True", "length": 31.254, "tunnel": null, "width": null, "bridge": null, "access": null, "service": null }, "geometry": { "type": "LineString", "coordinates": [ [ 133.5730906, 33.4963325 ], [ 133.572879699999987, 33.4964535 ], [ 133.5728139, 33.4964653 ], [ 133.572800300000011, 33.496467 ] ] } },
{ "type": "Feature", "properties": { "u": 5362564222, "v": 6278123433, "key": 0, "osmid": "670405817", "lanes": null, "ref": null, "name": null, "highway": "path", "maxspeed": null, "oneway": false, "reversed": "False", "length": 107.724, "tunnel": null, "width": null, "bridge": null, "access": null, "service": null }, "geometry": { "type": "LineString", "coordinates": [ [ 133.5730906, 33.4963325 ], [ 133.573091799999986, 33.4963572 ], [ 133.572964399999989, 33.4964915 ], [ 133.572805100000011, 33.4967217 ], [ 133.5727343, 33.4968102 ], [ 133.5727325, 33.496825 ], [ 133.5727573, 33.4968265 ], [ 133.5730263, 33.4966081 ], [ 133.5730824, 33.4965855 ] ] } },
{ "type": "Feature", "properties": { "u": 5362564238, "v": 1557772672, "key": 0, "osmid": "555864733", "lanes": null, "ref": null, "name": null, "highway": "path", "maxspeed": null, "oneway": false, "reversed": "True", "length": 21.807, "tunnel": null, "width": null, "bridge": null, "access": null, "service": null }, "geometry": { "type": "LineString", "coordinates": [ [ 133.573844900000012, 33.4971866 ], [ 133.57407280000001, 33.4971382 ] ] } },
{ "type": "Feature", "properties": { "u": 5379614787, "v": 1557772549, "key": 0, "osmid": "557829128", "lanes": null, "ref": null, "name": null, "highway": "path", "maxspeed": null, "oneway": false, "reversed": "True", "length": 27.627, "tunnel": null, "width": null, "bridge": null, "access": null, "service": null }, "geometry": { "type": "LineString", "coordinates": [ [ 133.5736842, 33.496765 ], [ 133.5739811, 33.4967443 ] ] } },
{ "type": "Feature", "properties": { "u": 5379614803, "v": 1431985005, "key": 0, "osmid": "557829130", "lanes": null, "ref": null, "name": null, "highway": "path", "maxspeed": null, "oneway": false, "reversed": "True", "length": 37.447, "tunnel": null, "width": null, "bridge": null, "access": null, "service": null }, "geometry": { "type": "LineString", "coordinates": [ [ 133.5678708, 33.4985406 ], [ 133.5678912, 33.498466 ], [ 133.567588300000011, 33.4984033 ] ] } },
{ "type": "Feature", "properties": { "u": 5447091838, "v": 5353289422, "key": 0, "osmid": "565631018", "lanes": null, "ref": null, "name": null, "highway": "path", "maxspeed": null, "oneway": false, "reversed": "True", "length": 112.419, "tunnel": null, "width": null, "bridge": null, "access": null, "service": null }, "geometry": { "type": "LineString", "coordinates": [ [ 133.5510413, 33.4985068 ], [ 133.551368200000013, 33.4984523 ], [ 133.551625, 33.4984094 ], [ 133.551937900000013, 33.4983432 ], [ 133.5522281, 33.498384 ] ] } },
{ "type": "Feature", "properties": { "u": 5447091839, "v": 5348084049, "key": 0, "osmid": "44407518", "lanes": null, "ref": null, "name": null, "highway": "unclassified", "maxspeed": null, "oneway": false, "reversed": "False", "length": 3.468, "tunnel": null, "width": null, "bridge": null, "access": null, "service": null }, "geometry": { "type": "LineString", "coordinates": [ [ 133.55152240000001, 33.4998833 ], [ 133.551559700000013, 33.499881 ] ] } },
{ "type": "Feature", "properties": { "u": 5447091839, "v": 9801818794, "key": 0, "osmid": "44407518", "lanes": null, "ref": null, "name": null, "highway": "unclassified", "maxspeed": null, "oneway": false, "reversed": "True", "length": 16.75, "tunnel": null, "width": null, "bridge": null, "access": null, "service": null }, "geometry": { "type": "LineString", "coordinates": [ [ 133.55152240000001, 33.4998833 ], [ 133.5514729, 33.4998863 ], [ 133.5513435, 33.4999034 ] ] } },
{ "type": "Feature", "properties": { "u": 5447091839, "v": 5447091842, "key": 0, "osmid": "565631019", "lanes": null, "ref": null, "name": null, "highway": "path", "maxspeed": null, "oneway": false, "reversed": "False", "length": 56.844, "tunnel": null, "width": null, "bridge": null, "access": null, "service": null }, "geometry": { "type": "LineString", "coordinates": [ [ 133.55152240000001, 33.4998833 ], [ 133.5515502, 33.5000825 ], [ 133.5515749, 33.5002367 ], [ 133.5515811, 33.5003917 ] ] } },
{ "type": "Feature", "properties": { "u": 5447091842, "v": 5348277760, "key": 0, "osmid": "554143361", "lanes": null, "ref": null, "name": null, "highway": "unclassified", "maxspeed": null, "oneway": false, "reversed": "False", "length": 22.322, "tunnel": null, "width": null, "bridge": null, "access": null, "service": null }, "geometry": { "type": "LineString", "coordinates": [ [ 133.5515811, 33.5003917 ], [ 133.5518218, 33.500395 ] ] } },
{ "type": "Feature", "properties": { "u": 5447091842, "v": 5348277756, "key": 0, "osmid": "554143361", "lanes": null, "ref": null, "name": null, "highway": "unclassified", "maxspeed": null, "oneway": false, "reversed": "True", "length": 166.264, "tunnel": null, "width": null, "bridge": null, "access": null, "service": null }, "geometry": { "type": "LineString", "coordinates": [ [ 133.5515811, 33.5003917 ], [ 133.551450499999987, 33.5003899 ], [ 133.5499719, 33.5004554 ], [ 133.549929, 33.5005102 ], [ 133.5498259, 33.500516 ] ] } },
{ "type": "Feature", "properties": { "u": 5447091842, "v": 5447091839, "key": 0, "osmid": "565631019", "lanes": null, "ref": null, "name": null, "highway": "path", "maxspeed": null, "oneway": false, "reversed": "True", "length": 56.844, "tunnel": null, "width": null, "bridge": null, "access": null, "service": null }, "geometry": { "type": "LineString", "coordinates": [ [ 133.5515811, 33.5003917 ], [ 133.5515749, 33.5002367 ], [ 133.5515502, 33.5000825 ], [ 133.55152240000001, 33.4998833 ] ] } },
{ "type": "Feature", "properties": { "u": 5447091843, "v": 5447091856, "key": 0, "osmid": "565631020", "lanes": null, "ref": null, "name": null, "highway": "residential", "maxspeed": null, "oneway": false, "reversed": "True", "length": 60.485, "tunnel": null, "width": null, "bridge": null, "access": null, "service": null }, "geometry": { "type": "LineString", "coordinates": [ [ 133.55362070000001, 33.4998307 ], [ 133.5529684, 33.4998345 ] ] } },
{ "type": "Feature", "properties": { "u": 5447091844, "v": 5348277745, "key": 0, "osmid": "1178534979", "lanes": null, "ref": null, "name": null, "highway": "residential", "maxspeed": null, "oneway": false, "reversed": "True", "length": 17.17, "tunnel": null, "width": null, "bridge": null, "access": null, "service": null }, "geometry": { "type": "LineString", "coordinates": [ [ 133.5527648, 33.5000429 ], [ 133.5528447, 33.4999036 ] ] } },
{ "type": "Feature", "properties": { "u": 5447091844, "v": 5447091846, "key": 0, "osmid": "565631021", "lanes": null, "ref": null, "name": null, "highway": "residential", "maxspeed": null, "oneway": false, "reversed": "False", "length": 33.839, "tunnel": null, "width": null, "bridge": null, "access": null, "service": null }, "geometry": { "type": "LineString", "coordinates": [ [ 133.5527648, 33.5000429 ], [ 133.5528936, 33.5001005 ], [ 133.5531123, 33.5000954 ] ] } },
{ "type": "Feature", "properties": { "u": 5447091844, "v": 5348277747, "key": 0, "osmid": "1178534979", "lanes": null, "ref": null, "name": null, "highway": "residential", "maxspeed": null, "oneway": false, "reversed": "False", "length": 46.221, "tunnel": null, "width": null, "bridge": null, "access": null, "service": null }, "geometry": { "type": "LineString", "coordinates": [ [ 133.5527648, 33.5000429 ], [ 133.5527114, 33.5001256 ], [ 133.552366299999989, 33.4999817 ] ] } },
{ "type": "Feature", "properties": { "u": 5447091846, "v": 5447091844, "key": 0, "osmid": "565631021", "lanes": null, "ref": null, "name": null, "highway": "residential", "maxspeed": null, "oneway": false, "reversed": "True", "length": 33.839, "tunnel": null, "width": null, "bridge": null, "access": null, "service": null }, "geometry": { "type": "LineString", "coordinates": [ [ 133.5531123, 33.5000954 ], [ 133.5528936, 33.5001005 ], [ 133.5527648, 33.5000429 ] ] } },
{ "type": "Feature", "properties": { "u": 5447091856, "v": 5447091843, "key": 0, "osmid": "565631020", "lanes": null, "ref": null, "name": null, "highway": "residential", "maxspeed": null, "oneway": false, "reversed": "False", "length": 60.485, "tunnel": null, "width": null, "bridge": null, "access": null, "service": null }, "geometry": { "type": "LineString", "coordinates": [ [ 133.5529684, 33.4998345 ], [ 133.55362070000001, 33.4998307 ] ] } },
{ "type": "Feature", "properties": { "u": 5447091856, "v": 5348277745, "key": 0, "osmid": "565631020", "lanes": null, "ref": null, "name": null, "highway": "residential", "maxspeed": null, "oneway": false, "reversed": "True", "length": 13.806, "tunnel": null, "width": null, "bridge": null, "access": null, "service": null }, "geometry": { "type": "LineString", "coordinates": [ [ 133.5529684, 33.4998345 ], [ 133.5528447, 33.4999036 ] ] } },
{ "type": "Feature", "properties": { "u": 5447091856, "v": 5447091865, "key": 0, "osmid": "565631023", "lanes": null, "ref": null, "name": null, "highway": "path", "maxspeed": null, "oneway": false, "reversed": "False", "length": 88.834, "tunnel": null, "width": null, "bridge": null, "access": null, "service": null }, "geometry": { "type": "LineString", "coordinates": [ [ 133.5529684, 33.4998345 ], [ 133.553043699999989, 33.4997427 ], [ 133.5530838, 33.4996874 ], [ 133.5531593, 33.4996656 ], [ 133.55322240000001, 33.4996617 ], [ 133.5532979, 33.4997067 ], [ 133.553468900000013, 33.4996502 ], [ 133.5535845, 33.4996463 ], [ 133.5537431, 33.4996476 ], [ 133.5537955, 33.499654 ] ] } },
{ "type": "Feature", "properties": { "u": 5447091856, "v": 5348277744, "key": 0, "osmid": "565631023", "lanes": null, "ref": null, "name": null, "highway": "path", "maxspeed": null, "oneway": false, "reversed": "True", "length": 52.723, "tunnel": null, "width": null, "bridge": null, "access": null, "service": null }, "geometry": { "type": "LineString", "coordinates": [ [ 133.5529684, 33.4998345 ], [ 133.5529082, 33.4997838 ], [ 133.552809599999989, 33.4997337 ], [ 133.5527064, 33.4996913 ], [ 133.5526001, 33.499681 ], [ 133.552468800000014, 33.4997333 ] ] } },
{ "type": "Feature", "properties": { "u": 5447091865, "v": 5447091856, "key": 0, "osmid": "565631023", "lanes": null, "ref": null, "name": null, "highway": "path", "maxspeed": null, "oneway": false, "reversed": "True", "length": 88.834, "tunnel": null, "width": null, "bridge": null, "access": null, "service": null }, "geometry": { "type": "LineString", "coordinates": [ [ 133.5537955, 33.499654 ], [ 133.5537431, 33.4996476 ], [ 133.5535845, 33.4996463 ], [ 133.553468900000013, 33.4996502 ], [ 133.5532979, 33.4997067 ], [ 133.55322240000001, 33.4996617 ], [ 133.5531593, 33.4996656 ], [ 133.5530838, 33.4996874 ], [ 133.553043699999989, 33.4997427 ], [ 133.5529684, 33.4998345 ] ] } },
{ "type": "Feature", "properties": { "u": 5447091879, "v": 5447091880, "key": 0, "osmid": "565631025", "lanes": null, "ref": null, "name": null, "highway": "unclassified", "maxspeed": null, "oneway": false, "reversed": "True", "length": 225.929, "tunnel": null, "width": null, "bridge": null, "access": null, "service": null }, "geometry": { "type": "LineString", "coordinates": [ [ 133.5555893, 33.498297 ], [ 133.555536499999988, 33.4983257 ], [ 133.5554728, 33.4984704 ], [ 133.5554127, 33.4986873 ], [ 133.5552746, 33.4999224 ], [ 133.5552552, 33.5001703 ], [ 133.5552528, 33.5002839 ] ] } },
{ "type": "Feature", "properties": { "u": 5447091879, "v": 1557772933, "key": 0, "osmid": "734500724", "lanes": null, "ref": null, "name": null, "highway": "unclassified", "maxspeed": null, "oneway": false, "reversed": "False", "length": 132.904, "tunnel": null, "width": null, "bridge": null, "access": null, "service": null }, "geometry": { "type": "LineString", "coordinates": [ [ 133.5555893, 33.498297 ], [ 133.555592600000011, 33.4982821 ], [ 133.5556153, 33.4982115 ], [ 133.5556978, 33.498067 ], [ 133.5557417, 33.4980303 ], [ 133.5557983, 33.4980111 ], [ 133.555871200000013, 33.4980072 ], [ 133.5559648, 33.4980139 ], [ 133.5562157, 33.4980612 ], [ 133.556448100000011, 33.4980988 ], [ 133.5566804, 33.4981277 ], [ 133.5567625, 33.498147 ], [ 133.55679, 33.4981592 ] ] } },
{ "type": "Feature", "properties": { "u": 5447091879, "v": 1431985144, "key": 0, "osmid": "734500724", "lanes": null, "ref": null, "name": null, "highway": "unclassified", "maxspeed": null, "oneway": false, "reversed": "True", "length": 245.52, "tunnel": null, "width": null, "bridge": null, "access": null, "service": null }, "geometry": { "type": "LineString", "coordinates": [ [ 133.5555893, 33.498297 ], [ 133.5555599, 33.4984306 ], [ 133.5555312, 33.4985913 ], [ 133.5555132, 33.4988314 ], [ 133.5554661, 33.4993132 ], [ 133.5553952, 33.5001941 ], [ 133.5554023, 33.5004969 ] ] } },
{ "type": "Feature", "properties": { "u": 5447091880, "v": 5447091893, "key": 0, "osmid": "565631026", "lanes": null, "ref": null, "name": null, "highway": "unclassified", "maxspeed": null, "oneway": false, "reversed": "False", "length": 13.151, "tunnel": null, "width": null, "bridge": null, "access": null, "service": null }, "geometry": { "type": "LineString", "coordinates": [ [ 133.5552528, 33.5002839 ], [ 133.5551333, 33.5002202 ] ] } },
{ "type": "Feature", "properties": { "u": 5447091880, "v": 5447091879, "key": 0, "osmid": "565631025", "lanes": null, "ref": null, "name": null, "highway": "unclassified", "maxspeed": null, "oneway": false, "reversed": "False", "length": 225.929, "tunnel": null, "width": null, "bridge": null, "access": null, "service": null }, "geometry": { "type": "LineString", "coordinates": [ [ 133.5552528, 33.5002839 ], [ 133.5552552, 33.5001703 ], [ 133.5552746, 33.4999224 ], [ 133.5554127, 33.4986873 ], [ 133.5554728, 33.4984704 ], [ 133.555536499999988, 33.4983257 ], [ 133.5555893, 33.498297 ] ] } },
{ "type": "Feature", "properties": { "u": 5447091880, "v": 1431985103, "key": 0, "osmid": [ 565631025, 44407518 ], "lanes": null, "ref": null, "name": null, "highway": "unclassified", "maxspeed": null, "oneway": false, "reversed": "True", "length": 332.198, "tunnel": null, "width": null, "bridge": null, "access": null, "service": null }, "geometry": { "type": "LineString", "coordinates": [ [ 133.5552528, 33.5002839 ], [ 133.555248400000011, 33.5005019 ], [ 133.55519480000001, 33.5005037 ], [ 133.5549599, 33.500516 ], [ 133.5548109, 33.5005277 ], [ 133.554689599999989, 33.5005449 ], [ 133.5545806, 33.5005442 ], [ 133.554328199999986, 33.5004924 ], [ 133.5541575, 33.5004488 ], [ 133.5539769, 33.5004082 ], [ 133.553737500000011, 33.5003937 ], [ 133.5533445, 33.5004114 ], [ 133.553195100000011, 33.5004185 ], [ 133.553028500000011, 33.5004224 ], [ 133.5528237, 33.5003646 ], [ 133.5525297, 33.5002776 ], [ 133.5523016, 33.5001757 ], [ 133.5521627, 33.5000776 ], [ 133.5520688, 33.5000364 ] ] } },
{ "type": "Feature", "properties": { "u": 5447091893, "v": 5447091880, "key": 0, "osmid": "565631026", "lanes": null, "ref": null, "name": null, "highway": "unclassified", "maxspeed": null, "oneway": false, "reversed": "True", "length": 13.151, "tunnel": null, "width": null, "bridge": null, "access": null, "service": null }, "geometry": { "type": "LineString", "coordinates": [ [ 133.5551333, 33.5002202 ], [ 133.5552528, 33.5002839 ] ] } },
{ "type": "Feature", "properties": { "u": 5447091893, "v": 5447091900, "key": 0, "osmid": "565631026", "lanes": null, "ref": null, "name": null, "highway": "unclassified", "maxspeed": null, "oneway": false, "reversed": "False", "length": 66.356, "tunnel": null, "width": null, "bridge": null, "access": null, "service": null }, "geometry": { "type": "LineString", "coordinates": [ [ 133.5551333, 33.5002202 ], [ 133.5550481, 33.5001747 ], [ 133.5549189, 33.4999062 ], [ 133.5549331, 33.4997143 ], [ 133.55494490000001, 33.4996851 ] ] } },
{ "type": "Feature", "properties": { "u": 5447091893, "v": 5447091897, "key": 0, "osmid": "565631026", "lanes": null, "ref": null, "name": null, "highway": "unclassified", "maxspeed": null, "oneway": false, "reversed": "True", "length": 78.787, "tunnel": null, "width": null, "bridge": null, "access": null, "service": null }, "geometry": { "type": "LineString", "coordinates": [ [ 133.5551333, 33.5002202 ], [ 133.5549809, 33.500191 ], [ 133.5547774, 33.5001024 ], [ 133.554644700000011, 33.4999785 ], [ 133.5544945, 33.4997969 ] ] } },
{ "type": "Feature", "properties": { "u": 5447091894, "v": 5447091897, "key": 0, "osmid": "565631026", "lanes": null, "ref": null, "name": null, "highway": "unclassified", "maxspeed": null, "oneway": false, "reversed": "False", "length": 43.743, "tunnel": null, "width": null, "bridge": null, "access": null, "service": null }, "geometry": { "type": "LineString", "coordinates": [ [ 133.554286, 33.4994454 ], [ 133.5544323, 33.4997217 ], [ 133.5544945, 33.4997969 ] ] } },
{ "type": "Feature", "properties": { "u": 5447091894, "v": 5447091896, "key": 0, "osmid": "565631026", "lanes": null, "ref": null, "name": null, "highway": "unclassified", "maxspeed": null, "oneway": false, "reversed": "True", "length": 135.393, "tunnel": null, "width": null, "bridge": null, "access": null, "service": null }, "geometry": { "type": "LineString", "coordinates": [ [ 133.554286, 33.4994454 ], [ 133.554278399999987, 33.499431 ], [ 133.5542801, 33.4992569 ], [ 133.5543261, 33.499161 ], [ 133.554400500000014, 33.499158 ], [ 133.5551048, 33.4992879 ], [ 133.555005200000011, 33.4995352 ] ] } },
{ "type": "Feature", "properties": { "u": 5447091894, "v": 5447091896, "key": 1, "osmid": "565631027", "lanes": null, "ref": null, "name": null, "highway": "unclassified", "maxspeed": null, "oneway": false, "reversed": "False", "length": 67.706, "tunnel": null, "width": null, "bridge": null, "access": null, "service": null }, "geometry": { "type": "LineString", "coordinates": [ [ 133.554286, 33.4994454 ], [ 133.5546411, 33.499462 ], [ 133.555005200000011, 33.4995352 ] ] } },
{ "type": "Feature", "properties": { "u": 5447091896, "v": 5447091900, "key": 0, "osmid": "565631026", "lanes": null, "ref": null, "name": null, "highway": "unclassified", "maxspeed": null, "oneway": false, "reversed": "True", "length": 17.581, "tunnel": null, "width": null, "bridge": null, "access": null, "service": null }, "geometry": { "type": "LineString", "coordinates": [ [ 133.555005200000011, 33.4995352 ], [ 133.55494490000001, 33.4996851 ] ] } },
{ "type": "Feature", "properties": { "u": 5447091896, "v": 5447091894, "key": 0, "osmid": "565631026", "lanes": null, "ref": null, "name": null, "highway": "unclassified", "maxspeed": null, "oneway": false, "reversed": "False", "length": 135.393, "tunnel": null, "width": null, "bridge": null, "access": null, "service": null }, "geometry": { "type": "LineString", "coordinates": [ [ 133.555005200000011, 33.4995352 ], [ 133.5551048, 33.4992879 ], [ 133.554400500000014, 33.499158 ], [ 133.5543261, 33.499161 ], [ 133.5542801, 33.4992569 ], [ 133.554278399999987, 33.499431 ], [ 133.554286, 33.4994454 ] ] } },
{ "type": "Feature", "properties": { "u": 5447091896, "v": 5447091894, "key": 1, "osmid": "565631027", "lanes": null, "ref": null, "name": null, "highway": "unclassified", "maxspeed": null, "oneway": false, "reversed": "True", "length": 67.706, "tunnel": null, "width": null, "bridge": null, "access": null, "service": null }, "geometry": { "type": "LineString", "coordinates": [ [ 133.555005200000011, 33.4995352 ], [ 133.5546411, 33.499462 ], [ 133.554286, 33.4994454 ] ] } },
{ "type": "Feature", "properties": { "u": 5447091897, "v": 5447091893, "key": 0, "osmid": "565631026", "lanes": null, "ref": null, "name": null, "highway": "unclassified", "maxspeed": null, "oneway": false, "reversed": "False", "length": 78.787, "tunnel": null, "width": null, "bridge": null, "access": null, "service": null }, "geometry": { "type": "LineString", "coordinates": [ [ 133.5544945, 33.4997969 ], [ 133.554644700000011, 33.4999785 ], [ 133.5547774, 33.5001024 ], [ 133.5549809, 33.500191 ], [ 133.5551333, 33.5002202 ] ] } },
{ "type": "Feature", "properties": { "u": 5447091897, "v": 5447091894, "key": 0, "osmid": "565631026", "lanes": null, "ref": null, "name": null, "highway": "unclassified", "maxspeed": null, "oneway": false, "reversed": "True", "length": 43.743, "tunnel": null, "width": null, "bridge": null, "access": null, "service": null }, "geometry": { "type": "LineString", "coordinates": [ [ 133.5544945, 33.4997969 ], [ 133.5544323, 33.4997217 ], [ 133.554286, 33.4994454 ] ] } },
{ "type": "Feature", "properties": { "u": 5447091897, "v": 5447091900, "key": 0, "osmid": "565631028", "lanes": null, "ref": null, "name": null, "highway": "unclassified", "maxspeed": null, "oneway": false, "reversed": "False", "length": 45.348, "tunnel": null, "width": null, "bridge": null, "access": null, "service": null }, "geometry": { "type": "LineString", "coordinates": [ [ 133.5544945, 33.4997969 ], [ 133.5547101, 33.4996893 ], [ 133.554842900000011, 33.4996715 ], [ 133.55494490000001, 33.4996851 ] ] } },
{ "type": "Feature", "properties": { "u": 5447091900, "v": 5447091896, "key": 0, "osmid": "565631026", "lanes": null, "ref": null, "name": null, "highway": "unclassified", "maxspeed": null, "oneway": false, "reversed": "False", "length": 17.581, "tunnel": null, "width": null, "bridge": null, "access": null, "service": null }, "geometry": { "type": "LineString", "coordinates": [ [ 133.55494490000001, 33.4996851 ], [ 133.555005200000011, 33.4995352 ] ] } },
{ "type": "Feature", "properties": { "u": 5447091900, "v": 5447091893, "key": 0, "osmid": "565631026", "lanes": null, "ref": null, "name": null, "highway": "unclassified", "maxspeed": null, "oneway": false, "reversed": "True", "length": 66.356, "tunnel": null, "width": null, "bridge": null, "access": null, "service": null }, "geometry": { "type": "LineString", "coordinates": [ [ 133.55494490000001, 33.4996851 ], [ 133.5549331, 33.4997143 ], [ 133.5549189, 33.4999062 ], [ 133.5550481, 33.5001747 ], [ 133.5551333, 33.5002202 ] ] } },
{ "type": "Feature", "properties": { "u": 5447091900, "v": 5447091897, "key": 0, "osmid": "565631028", "lanes": null, "ref": null, "name": null, "highway": "unclassified", "maxspeed": null, "oneway": false, "reversed": "True", "length": 45.348, "tunnel": null, "width": null, "bridge": null, "access": null, "service": null }, "geometry": { "type": "LineString", "coordinates": [ [ 133.55494490000001, 33.4996851 ], [ 133.554842900000011, 33.4996715 ], [ 133.5547101, 33.4996893 ], [ 133.5544945, 33.4997969 ] ] } },
{ "type": "Feature", "properties": { "u": 5483863129, "v": 1557771561, "key": 0, "osmid": "24226805", "lanes": "2", "ref": "34", "name": "県道34号線", "highway": "primary", "maxspeed": "50", "oneway": false, "reversed": "False", "length": 4.746, "tunnel": null, "width": null, "bridge": null, "access": null, "service": null }, "geometry": { "type": "LineString", "coordinates": [ [ 133.5466999, 33.492943 ], [ 133.546671300000014, 33.4929784 ] ] } },
{ "type": "Feature", "properties": { "u": 5483863129, "v": 5483863132, "key": 0, "osmid": "24226805", "lanes": "2", "ref": "34", "name": "県道34号線", "highway": "primary", "maxspeed": "50", "oneway": false, "reversed": "True", "length": 25.083, "tunnel": null, "width": null, "bridge": null, "access": null, "service": null }, "geometry": { "type": "LineString", "coordinates": [ [ 133.5466999, 33.492943 ], [ 133.546851, 33.4927559 ] ] } },
{ "type": "Feature", "properties": { "u": 5483863129, "v": 5483863130, "key": 0, "osmid": "570403545", "lanes": null, "ref": null, "name": null, "highway": "service", "maxspeed": null, "oneway": false, "reversed": "False", "length": 17.474, "tunnel": null, "width": null, "bridge": null, "access": null, "service": "parking_aisle" }, "geometry": { "type": "LineString", "coordinates": [ [ 133.5466999, 33.492943 ], [ 133.5465581, 33.4928395 ] ] } },
{ "type": "Feature", "properties": { "u": 5483863130, "v": 5483863129, "key": 0, "osmid": "570403545", "lanes": null, "ref": null, "name": null, "highway": "service", "maxspeed": null, "oneway": false, "reversed": "True", "length": 17.474, "tunnel": null, "width": null, "bridge": null, "access": null, "service": "parking_aisle" }, "geometry": { "type": "LineString", "coordinates": [ [ 133.5465581, 33.4928395 ], [ 133.5466999, 33.492943 ] ] } },
{ "type": "Feature", "properties": { "u": 5483863130, "v": 5483863132, "key": 0, "osmid": "570403545", "lanes": null, "ref": null, "name": null, "highway": "service", "maxspeed": null, "oneway": false, "reversed": "False", "length": 39.814, "tunnel": null, "width": null, "bridge": null, "access": null, "service": "parking_aisle" }, "geometry": { "type": "LineString", "coordinates": [ [ 133.5465581, 33.4928395 ], [ 133.546719, 33.4926684 ], [ 133.546851, 33.4927559 ] ] } },
{ "type": "Feature", "properties": { "u": 5483863130, "v": 5483863133, "key": 0, "osmid": "570403546", "lanes": null, "ref": null, "name": null, "highway": "path", "maxspeed": null, "oneway": false, "reversed": "True", "length": 31.342, "tunnel": null, "width": null, "bridge": null, "access": null, "service": null }, "geometry": { "type": "LineString", "coordinates": [ [ 133.5465581, 33.4928395 ], [ 133.5465232, 33.4928261 ], [ 133.5463476, 33.4930285 ] ] } },
{ "type": "Feature", "properties": { "u": 5483863132, "v": 5483863129, "key": 0, "osmid": "24226805", "lanes": "2", "ref": "34", "name": "県道34号線", "highway": "primary", "maxspeed": "50", "oneway": false, "reversed": "False", "length": 25.083, "tunnel": null, "width": null, "bridge": null, "access": null, "service": null }, "geometry": { "type": "LineString", "coordinates": [ [ 133.546851, 33.4927559 ], [ 133.5466999, 33.492943 ] ] } },
{ "type": "Feature", "properties": { "u": 5483863132, "v": 5483863130, "key": 0, "osmid": "570403545", "lanes": null, "ref": null, "name": null, "highway": "service", "maxspeed": null, "oneway": false, "reversed": "True", "length": 39.814, "tunnel": null, "width": null, "bridge": null, "access": null, "service": "parking_aisle" }, "geometry": { "type": "LineString", "coordinates": [ [ 133.546851, 33.4927559 ], [ 133.546719, 33.4926684 ], [ 133.5465581, 33.4928395 ] ] } },
{ "type": "Feature", "properties": { "u": 5483863133, "v": 5483863130, "key": 0, "osmid": "570403546", "lanes": null, "ref": null, "name": null, "highway": "path", "maxspeed": null, "oneway": false, "reversed": "False", "length": 31.342, "tunnel": null, "width": null, "bridge": null, "access": null, "service": null }, "geometry": { "type": "LineString", "coordinates": [ [ 133.5463476, 33.4930285 ], [ 133.5465232, 33.4928261 ], [ 133.5465581, 33.4928395 ] ] } },
{ "type": "Feature", "properties": { "u": 5505867957, "v": 5505912835, "key": 0, "osmid": "573204132", "lanes": null, "ref": null, "name": null, "highway": "path", "maxspeed": null, "oneway": false, "reversed": "False", "length": 58.698, "tunnel": null, "width": null, "bridge": null, "access": null, "service": null }, "geometry": { "type": "LineString", "coordinates": [ [ 133.57565120000001, 33.4988117 ], [ 133.5751079, 33.4990375 ], [ 133.575083299999989, 33.4990305 ] ] } },
{ "type": "Feature", "properties": { "u": 5505867960, "v": 2569489205, "key": 0, "osmid": "250513028", "lanes": null, "ref": null, "name": null, "highway": "footway", "maxspeed": null, "oneway": false, "reversed": "True", "length": 4.9, "tunnel": null, "width": null, "bridge": null, "access": null, "service": null }, "geometry": { "type": "LineString", "coordinates": [ [ 133.5747934, 33.4989772 ], [ 133.574748699999986, 33.4989537 ] ] } },
{ "type": "Feature", "properties": { "u": 5505867960, "v": 2569489223, "key": 0, "osmid": "250513028", "lanes": null, "ref": null, "name": null, "highway": "footway", "maxspeed": null, "oneway": false, "reversed": "False", "length": 35.066, "tunnel": null, "width": null, "bridge": null, "access": null, "service": null }, "geometry": { "type": "LineString", "coordinates": [ [ 133.5747934, 33.4989772 ], [ 133.5748897, 33.4990278 ], [ 133.574787500000014, 33.4992311 ] ] } },
{ "type": "Feature", "properties": { "u": 5505867960, "v": 5505912835, "key": 0, "osmid": "573204132", "lanes": null, "ref": null, "name": null, "highway": "path", "maxspeed": null, "oneway": false, "reversed": "True", "length": 27.758, "tunnel": null, "width": null, "bridge": null, "access": null, "service": null }, "geometry": { "type": "LineString", "coordinates": [ [ 133.5747934, 33.4989772 ], [ 133.5749204, 33.4989843 ], [ 133.575083299999989, 33.4990305 ] ] } },
{ "type": "Feature", "properties": { "u": 5505867965, "v": 5505867967, "key": 0, "osmid": "670634167", "lanes": null, "ref": null, "name": null, "highway": "service", "maxspeed": null, "oneway": true, "reversed": "False", "length": 13.416, "tunnel": null, "width": null, "bridge": null, "access": null, "service": "parking_aisle" }, "geometry": { "type": "LineString", "coordinates": [ [ 133.5754934, 33.4998068 ], [ 133.575547199999988, 33.4996948 ] ] } },
{ "type": "Feature", "properties": { "u": 5505867965, "v": 5505867966, "key": 0, "osmid": "573204134", "lanes": null, "ref": null, "name": null, "highway": "service", "maxspeed": null, "oneway": true, "reversed": "False", "length": 61.946, "tunnel": null, "width": null, "bridge": null, "access": null, "service": "parking_aisle" }, "geometry": { "type": "LineString", "coordinates": [ [ 133.5754934, 33.4998068 ], [ 133.574902400000013, 33.4996803 ], [ 133.5748505, 33.4996589 ] ] } },
{ "type": "Feature", "properties": { "u": 5505867966, "v": 2569489245, "key": 0, "osmid": "670634167", "lanes": null, "ref": null, "name": null, "highway": "service", "maxspeed": null, "oneway": true, "reversed": "False", "length": 9.647, "tunnel": null, "width": null, "bridge": null, "access": null, "service": "parking_aisle" }, "geometry": { "type": "LineString", "coordinates": [ [ 133.5748505, 33.4996589 ], [ 133.574824, 33.4996761 ], [ 133.574755399999987, 33.4996895 ] ] } },
{ "type": "Feature", "properties": { "u": 5505867967, "v": 5331463194, "key": 0, "osmid": "573204135", "lanes": null, "ref": null, "name": null, "highway": "service", "maxspeed": null, "oneway": true, "reversed": "False", "length": 58.363, "tunnel": null, "width": null, "bridge": null, "access": null, "service": "parking_aisle" }, "geometry": { "type": "LineString", "coordinates": [ [ 133.575547199999988, 33.4996948 ], [ 133.574937299999988, 33.4995651 ] ] } },
{ "type": "Feature", "properties": { "u": 5505867967, "v": 5505867968, "key": 0, "osmid": "670634167", "lanes": null, "ref": null, "name": null, "highway": "service", "maxspeed": null, "oneway": true, "reversed": "False", "length": 15.05, "tunnel": null, "width": null, "bridge": null, "access": null, "service": "parking_aisle" }, "geometry": { "type": "LineString", "coordinates": [ [ 133.575547199999988, 33.4996948 ], [ 133.5756003, 33.4995669 ] ] } },
{ "type": "Feature", "properties": { "u": 5505867968, "v": 5505867969, "key": 0, "osmid": "573204136", "lanes": null, "ref": null, "name": null, "highway": "service", "maxspeed": null, "oneway": true, "reversed": "False", "length": 56.838, "tunnel": null, "width": null, "bridge": null, "access": null, "service": "parking_aisle" }, "geometry": { "type": "LineString", "coordinates": [ [ 133.5756003, 33.4995669 ], [ 133.5750085, 33.4994337 ] ] } },
{ "type": "Feature", "properties": { "u": 5505867968, "v": 5505867970, "key": 0, "osmid": "670634167", "lanes": null, "ref": null, "name": null, "highway": "service", "maxspeed": null, "oneway": true, "reversed": "False", "length": 13.08, "tunnel": null, "width": null, "bridge": null, "access": null, "service": "parking_aisle" }, "geometry": { "type": "LineString", "coordinates": [ [ 133.5756003, 33.4995669 ], [ 133.575646299999988, 33.4994557 ] ] } },
{ "type": "Feature", "properties": { "u": 5505867969, "v": 5331463194, "key": 0, "osmid": "670634167", "lanes": null, "ref": null, "name": null, "highway": "service", "maxspeed": null, "oneway": true, "reversed": "False", "length": 16.033, "tunnel": null, "width": null, "bridge": null, "access": null, "service": "parking_aisle" }, "geometry": { "type": "LineString", "coordinates": [ [ 133.5750085, 33.4994337 ], [ 133.574937299999988, 33.4995651 ] ] } },
{ "type": "Feature", "properties": { "u": 5505867970, "v": 5505867971, "key": 0, "osmid": "573204137", "lanes": null, "ref": null, "name": null, "highway": "service", "maxspeed": null, "oneway": true, "reversed": "False", "length": 55.592, "tunnel": null, "width": null, "bridge": null, "access": null, "service": "parking_aisle" }, "geometry": { "type": "LineString", "coordinates": [ [ 133.575646299999988, 33.4994557 ], [ 133.5750679, 33.4993241 ] ] } },
{ "type": "Feature", "properties": { "u": 5505867970, "v": 5331463108, "key": 0, "osmid": "670634167", "lanes": null, "ref": null, "name": null, "highway": "service", "maxspeed": null, "oneway": true, "reversed": "False", "length": 14.695, "tunnel": null, "width": null, "bridge": null, "access": null, "service": "parking_aisle" }, "geometry": { "type": "LineString", "coordinates": [ [ 133.575646299999988, 33.4994557 ], [ 133.575698100000011, 33.4993308 ] ] } },
{ "type": "Feature", "properties": { "u": 5505867971, "v": 5505867969, "key": 0, "osmid": "670634167", "lanes": null, "ref": null, "name": null, "highway": "service", "maxspeed": null, "oneway": true, "reversed": "False", "length": 13.374, "tunnel": null, "width": null, "bridge": null, "access": null, "service": "parking_aisle" }, "geometry": { "type": "LineString", "coordinates": [ [ 133.5750679, 33.4993241 ], [ 133.5750085, 33.4994337 ] ] } },
{ "type": "Feature", "properties": { "u": 5505867972, "v": 5505867973, "key": 0, "osmid": "573204138", "lanes": null, "ref": null, "name": null, "highway": "service", "maxspeed": null, "oneway": true, "reversed": "False", "length": 22.495, "tunnel": null, "width": null, "bridge": null, "access": null, "service": "parking_aisle" }, "geometry": { "type": "LineString", "coordinates": [ [ 133.5758423, 33.499002 ], [ 133.5756087, 33.4989474 ] ] } },
{ "type": "Feature", "properties": { "u": 5505867972, "v": 5505867973, "key": 1, "osmid": "573204141", "lanes": null, "ref": null, "name": null, "highway": "service", "maxspeed": null, "oneway": true, "reversed": "False", "length": 55.304, "tunnel": null, "width": null, "bridge": null, "access": null, "service": "parking_aisle" }, "geometry": { "type": "LineString", "coordinates": [ [ 133.5758423, 33.499002 ], [ 133.5759184, 33.4988294 ], [ 133.575681300000014, 33.49885 ], [ 133.5756087, 33.4989474 ] ] } },
{ "type": "Feature", "properties": { "u": 5505867973, "v": 5505867978, "key": 0, "osmid": "573204138", "lanes": null, "ref": null, "name": null, "highway": "service", "maxspeed": null, "oneway": true, "reversed": "False", "length": 14.291, "tunnel": null, "width": null, "bridge": null, "access": null, "service": "parking_aisle" }, "geometry": { "type": "LineString", "coordinates": [ [ 133.5756087, 33.4989474 ], [ 133.5754689, 33.4990015 ] ] } },
{ "type": "Feature", "properties": { "u": 5505867975, "v": 5505867977, "key": 0, "osmid": "573204138", "lanes": null, "ref": null, "name": null, "highway": "service", "maxspeed": null, "oneway": true, "reversed": "False", "length": 13.284, "tunnel": null, "width": null, "bridge": null, "access": null, "service": "parking_aisle" }, "geometry": { "type": "LineString", "coordinates": [ [ 133.5757591, 33.4991918 ], [ 133.5758083, 33.4990796 ] ] } },
{ "type": "Feature", "properties": { "u": 5505867975, "v": 5505867976, "key": 0, "osmid": "573204139", "lanes": null, "ref": null, "name": null, "highway": "service", "maxspeed": null, "oneway": true, "reversed": "False", "length": 47.733, "tunnel": null, "width": null, "bridge": null, "access": null, "service": "parking_aisle" }, "geometry": { "type": "LineString", "coordinates": [ [ 133.5757591, 33.4991918 ], [ 133.5752616, 33.4990815 ] ] } },
{ "type": "Feature", "properties": { "u": 5505867976, "v": 2569489214, "key": 0, "osmid": "573204138", "lanes": null, "ref": null, "name": null, "highway": "service", "maxspeed": null, "oneway": true, "reversed": "False", "length": 17.1, "tunnel": null, "width": null, "bridge": null, "access": null, "service": "parking_aisle" }, "geometry": { "type": "LineString", "coordinates": [ [ 133.5752616, 33.4990815 ], [ 133.5752, 33.4991053 ], [ 133.575141, 33.4991891 ] ] } },
{ "type": "Feature", "properties": { "u": 5505867977, "v": 5505867972, "key": 0, "osmid": "573204138", "lanes": null, "ref": null, "name": null, "highway": "service", "maxspeed": null, "oneway": true, "reversed": "False", "length": 9.187, "tunnel": null, "width": null, "bridge": null, "access": null, "service": "parking_aisle" }, "geometry": { "type": "LineString", "coordinates": [ [ 133.5758083, 33.4990796 ], [ 133.5758423, 33.499002 ] ] } },
{ "type": "Feature", "properties": { "u": 5505867977, "v": 5505867978, "key": 0, "osmid": "573204140", "lanes": null, "ref": null, "name": null, "highway": "service", "maxspeed": null, "oneway": true, "reversed": "False", "length": 32.647, "tunnel": null, "width": null, "bridge": null, "access": null, "service": "parking_aisle" }, "geometry": { "type": "LineString", "coordinates": [ [ 133.5758083, 33.4990796 ], [ 133.5754689, 33.4990015 ] ] } },
{ "type": "Feature", "properties": { "u": 5505867978, "v": 5505867976, "key": 0, "osmid": "573204138", "lanes": null, "ref": null, "name": null, "highway": "service", "maxspeed": null, "oneway": true, "reversed": "False", "length": 21.18, "tunnel": null, "width": null, "bridge": null, "access": null, "service": "parking_aisle" }, "geometry": { "type": "LineString", "coordinates": [ [ 133.5754689, 33.4990015 ], [ 133.5752616, 33.4990815 ] ] } },
{ "type": "Feature", "properties": { "u": 5505867982, "v": 5351385807, "key": 0, "osmid": "142325712", "lanes": null, "ref": null, "name": null, "highway": "unclassified", "maxspeed": null, "oneway": false, "reversed": "False", "length": 7.15, "tunnel": null, "width": null, "bridge": null, "access": "no", "service": null }, "geometry": { "type": "LineString", "coordinates": [ [ 133.5743254, 33.4981159 ], [ 133.5743984, 33.4981366 ] ] } },
{ "type": "Feature", "properties": { "u": 5505867982, "v": 5351385794, "key": 0, "osmid": "142325712", "lanes": null, "ref": null, "name": null, "highway": "unclassified", "maxspeed": null, "oneway": false, "reversed": "True", "length": 35.501, "tunnel": null, "width": null, "bridge": null, "access": "no", "service": null }, "geometry": { "type": "LineString", "coordinates": [ [ 133.5743254, 33.4981159 ], [ 133.574272, 33.4981854 ], [ 133.5742525, 33.4982063 ], [ 133.5742343, 33.498216 ], [ 133.574208700000014, 33.4982219 ], [ 133.5740561, 33.4982416 ], [ 133.574012, 33.4982604 ] ] } },
{ "type": "Feature", "properties": { "u": 5505867982, "v": 2569489194, "key": 0, "osmid": "142325986", "lanes": null, "ref": null, "name": null, "highway": "path", "maxspeed": null, "oneway": false, "reversed": "True", "length": 109.196, "tunnel": null, "width": null, "bridge": null, "access": null, "service": null }, "geometry": { "type": "LineString", "coordinates": [ [ 133.5743254, 33.4981159 ], [ 133.574276700000013, 33.4981012 ], [ 133.5742836, 33.4980891 ], [ 133.5742823, 33.49808 ], [ 133.5742718, 33.4980716 ], [ 133.57424850000001, 33.4980622 ], [ 133.5742249, 33.4980563 ], [ 133.5742007, 33.4980568 ], [ 133.5741294, 33.4980701 ], [ 133.5741142, 33.4980658 ], [ 133.5740669, 33.4980613 ], [ 133.5740219, 33.4980606 ], [ 133.5739448, 33.4980503 ], [ 133.573749600000014, 33.4979031 ], [ 133.57364, 33.4977928 ], [ 133.5735472, 33.4976774 ], [ 133.573453699999988, 33.4975816 ] ] } },
{ "type": "Feature", "properties": { "u": 5505868003, "v": 5505868004, "key": 0, "osmid": "573204145", "lanes": null, "ref": null, "name": null, "highway": "service", "maxspeed": null, "oneway": false, "reversed": "False", "length": 14.034, "tunnel": null, "width": null, "bridge": null, "access": null, "service": null }, "geometry": { "type": "LineString", "coordinates": [ [ 133.550303500000012, 33.4951597 ], [ 133.550454, 33.4951464 ] ] } },
{ "type": "Feature", "properties": { "u": 5505868003, "v": 9935063206, "key": 0, "osmid": "44407513", "lanes": null, "ref": null, "name": null, "highway": "unclassified", "maxspeed": null, "oneway": false, "reversed": "False", "length": 123.418, "tunnel": null, "width": null, "bridge": null, "access": null, "service": null }, "geometry": { "type": "LineString", "coordinates": [ [ 133.550303500000012, 33.4951597 ], [ 133.5502491, 33.4952233 ], [ 133.5502081, 33.4959509 ], [ 133.5501657, 33.4962253 ], [ 133.5501607, 33.4962517 ] ] } },
{ "type": "Feature", "properties": { "u": 5505868003, "v": 1557771786, "key": 0, "osmid": "44407513", "lanes": null, "ref": null, "name": null, "highway": "unclassified", "maxspeed": null, "oneway": false, "reversed": "True", "length": 131.618, "tunnel": null, "width": null, "bridge": null, "access": null, "service": null }, "geometry": { "type": "LineString", "coordinates": [ [ 133.550303500000012, 33.4951597 ], [ 133.5504649, 33.4949188 ], [ 133.5505947, 33.4946954 ], [ 133.5508034, 33.494256 ], [ 133.550875600000012, 33.4940791 ] ] } },
{ "type": "Feature", "properties": { "u": 5505868004, "v": 5505868003, "key": 0, "osmid": "573204145", "lanes": null, "ref": null, "name": null, "highway": "service", "maxspeed": null, "oneway": false, "reversed": "True", "length": 14.034, "tunnel": null, "width": null, "bridge": null, "access": null, "service": null }, "geometry": { "type": "LineString", "coordinates": [ [ 133.550454, 33.4951464 ], [ 133.550303500000012, 33.4951597 ] ] } },
{ "type": "Feature", "properties": { "u": 5505868004, "v": 10948632402, "key": 0, "osmid": "1178534963", "lanes": null, "ref": null, "name": null, "highway": "service", "maxspeed": null, "oneway": false, "reversed": "False", "length": 87.749, "tunnel": null, "width": null, "bridge": null, "access": null, "service": null }, "geometry": { "type": "LineString", "coordinates": [ [ 133.550454, 33.4951464 ], [ 133.5504645, 33.4959355 ] ] } },
{ "type": "Feature", "properties": { "u": 5505868004, "v": 1557771930, "key": 0, "osmid": "573204145", "lanes": null, "ref": null, "name": null, "highway": "service", "maxspeed": null, "oneway": false, "reversed": "False", "length": 256.19, "tunnel": null, "width": null, "bridge": null, "access": null, "service": null }, "geometry": { "type": "LineString", "coordinates": [ [ 133.550454, 33.4951464 ], [ 133.551114500000011, 33.4950503 ], [ 133.5515034, 33.4949765 ], [ 133.5518226, 33.4949205 ], [ 133.552262399999989, 33.4948087 ], [ 133.552747900000014, 33.4947215 ], [ 133.553150499999987, 33.4946532 ] ] } },
{ "type": "Feature", "properties": { "u": 5505868013, "v": 1557771786, "key": 0, "osmid": "573204146", "lanes": null, "ref": null, "name": null, "highway": "path", "maxspeed": null, "oneway": false, "reversed": "True", "length": 69.145, "tunnel": null, "width": null, "bridge": null, "access": null, "service": null }, "geometry": { "type": "LineString", "coordinates": [ [ 133.5501346, 33.4940097 ], [ 133.550875600000012, 33.4940791 ] ] } },
{ "type": "Feature", "properties": { "u": 5505868013, "v": 1557771537, "key": 0, "osmid": "1084173834", "lanes": null, "ref": null, "name": null, "highway": "path", "maxspeed": null, "oneway": false, "reversed": "False", "length": 103.265, "tunnel": null, "width": null, "bridge": null, "access": null, "service": null }, "geometry": { "type": "LineString", "coordinates": [ [ 133.5501346, 33.4940097 ], [ 133.550405899999987, 33.493109 ] ] } },
{ "type": "Feature", "properties": { "u": 5505868013, "v": 9935063207, "key": 0, "osmid": "1084173834", "lanes": null, "ref": null, "name": null, "highway": "path", "maxspeed": null, "oneway": false, "reversed": "True", "length": 61.983, "tunnel": null, "width": null, "bridge": null, "access": null, "service": null }, "geometry": { "type": "LineString", "coordinates": [ [ 133.5501346, 33.4940097 ], [ 133.5499494, 33.4945453 ] ] } },
{ "type": "Feature", "properties": { "u": 5505868013, "v": 5505868015, "key": 0, "osmid": "573204146", "lanes": null, "ref": null, "name": null, "highway": "path", "maxspeed": null, "oneway": false, "reversed": "False", "length": 85.103, "tunnel": null, "width": null, "bridge": null, "access": null, "service": null }, "geometry": { "type": "LineString", "coordinates": [ [ 133.5501346, 33.4940097 ], [ 133.5492873, 33.4939039 ], [ 133.549226299999987, 33.4939039 ] ] } },
{ "type": "Feature", "properties": { "u": 5505868015, "v": 5505868013, "key": 0, "osmid": "573204146", "lanes": null, "ref": null, "name": null, "highway": "path", "maxspeed": null, "oneway": false, "reversed": "True", "length": 85.103, "tunnel": null, "width": null, "bridge": null, "access": null, "service": null }, "geometry": { "type": "LineString", "coordinates": [ [ 133.549226299999987, 33.4939039 ], [ 133.5492873, 33.4939039 ], [ 133.5501346, 33.4940097 ] ] } },
{ "type": "Feature", "properties": { "u": 5505868017, "v": 4942039784, "key": 0, "osmid": "142326909", "lanes": null, "ref": null, "name": null, "highway": "unclassified", "maxspeed": null, "oneway": false, "reversed": "False", "length": 82.965, "tunnel": null, "width": null, "bridge": null, "access": null, "service": null }, "geometry": { "type": "LineString", "coordinates": [ [ 133.547667499999989, 33.4941819 ], [ 133.54762070000001, 33.494546 ], [ 133.547462200000012, 33.4949022 ] ] } },
{ "type": "Feature", "properties": { "u": 5505868017, "v": 1557771628, "key": 0, "osmid": "142326909", "lanes": null, "ref": null, "name": null, "highway": "unclassified", "maxspeed": null, "oneway": false, "reversed": "True", "length": 96.773, "tunnel": null, "width": null, "bridge": null, "access": null, "service": null }, "geometry": { "type": "LineString", "coordinates": [ [ 133.547667499999989, 33.4941819 ], [ 133.5477085, 33.4938626 ], [ 133.5477031, 33.4937868 ], [ 133.547652199999987, 33.4936584 ], [ 133.547649, 33.493587 ], [ 133.5476683, 33.4933665 ], [ 133.547631700000011, 33.4933328 ] ] } },
{ "type": "Feature", "properties": { "u": 5505868017, "v": 5505869325, "key": 0, "osmid": "573204147", "lanes": null, "ref": null, "name": null, "highway": "path", "maxspeed": null, "oneway": false, "reversed": "False", "length": 218.243, "tunnel": null, "width": null, "bridge": null, "access": null, "service": null }, "geometry": { "type": "LineString", "coordinates": [ [ 133.547667499999989, 33.4941819 ], [ 133.547973, 33.4941077 ], [ 133.5481393, 33.4940496 ], [ 133.5483002, 33.4939153 ], [ 133.5483538, 33.4938259 ], [ 133.5484289, 33.4937498 ], [ 133.5485416, 33.4936961 ], [ 133.5487025, 33.493638 ], [ 133.5490244, 33.4927746 ] ] } },
{ "type": "Feature", "properties": { "u": 5505869325, "v": 5505868017, "key": 0, "osmid": "573204147", "lanes": null, "ref": null, "name": null, "highway": "path", "maxspeed": null, "oneway": false, "reversed": "True", "length": 218.243, "tunnel": null, "width": null, "bridge": null, "access": null, "service": null }, "geometry": { "type": "LineString", "coordinates": [ [ 133.5490244, 33.4927746 ], [ 133.5487025, 33.493638 ], [ 133.5485416, 33.4936961 ], [ 133.5484289, 33.4937498 ], [ 133.5483538, 33.4938259 ], [ 133.5483002, 33.4939153 ], [ 133.5481393, 33.4940496 ], [ 133.547973, 33.4941077 ], [ 133.547667499999989, 33.4941819 ] ] } },
{ "type": "Feature", "properties": { "u": 5505912825, "v": 5505912826, "key": 0, "osmid": "573211531", "lanes": null, "ref": null, "name": null, "highway": "footway", "maxspeed": null, "oneway": false, "reversed": "False", "length": 26.878, "tunnel": null, "width": null, "bridge": null, "access": null, "service": null }, "geometry": { "type": "LineString", "coordinates": [ [ 133.574054, 33.4992253 ], [ 133.5740448, 33.4994669 ] ] } },
{ "type": "Feature", "properties": { "u": 5505912825, "v": 2569489222, "key": 0, "osmid": "573211531", "lanes": null, "ref": null, "name": null, "highway": "footway", "maxspeed": null, "oneway": false, "reversed": "True", "length": 21.244, "tunnel": null, "width": null, "bridge": null, "access": null, "service": null }, "geometry": { "type": "LineString", "coordinates": [ [ 133.574054, 33.4992253 ], [ 133.5742831, 33.4992264 ] ] } },
{ "type": "Feature", "properties": { "u": 5505912825, "v": 5362555603, "key": 0, "osmid": "573211536", "lanes": null, "ref": null, "name": null, "highway": "footway", "maxspeed": null, "oneway": false, "reversed": "False", "length": 42.144, "tunnel": null, "width": null, "bridge": null, "access": null, "service": null }, "geometry": { "type": "LineString", "coordinates": [ [ 133.574054, 33.4992253 ], [ 133.574054600000011, 33.4990743 ], [ 133.574169399999988, 33.4989792 ], [ 133.5742782, 33.4989585 ] ] } },
{ "type": "Feature", "properties": { "u": 5505912826, "v": 5505912827, "key": 0, "osmid": "573211531", "lanes": null, "ref": null, "name": null, "highway": "footway", "maxspeed": null, "oneway": false, "reversed": "False", "length": 21.359, "tunnel": null, "width": null, "bridge": null, "access": null, "service": null }, "geometry": { "type": "LineString", "coordinates": [ [ 133.5740448, 33.4994669 ], [ 133.5742751, 33.4994707 ] ] } },
{ "type": "Feature", "properties": { "u": 5505912826, "v": 5505912825, "key": 0, "osmid": "573211531", "lanes": null, "ref": null, "name": null, "highway": "footway", "maxspeed": null, "oneway": false, "reversed": "True", "length": 26.878, "tunnel": null, "width": null, "bridge": null, "access": null, "service": null }, "geometry": { "type": "LineString", "coordinates": [ [ 133.5740448, 33.4994669 ], [ 133.574054, 33.4992253 ] ] } },
{ "type": "Feature", "properties": { "u": 5505912826, "v": 5520410364, "key": 0, "osmid": "575263377", "lanes": null, "ref": null, "name": null, "highway": "footway", "maxspeed": null, "oneway": false, "reversed": "False", "length": 37.871, "tunnel": null, "width": null, "bridge": null, "access": null, "service": null }, "geometry": { "type": "LineString", "coordinates": [ [ 133.5740448, 33.4994669 ], [ 133.5740446, 33.4994823 ], [ 133.5738888, 33.4994813 ], [ 133.573894, 33.4992861 ] ] } },
{ "type": "Feature", "properties": { "u": 5505912827, "v": 5505912826, "key": 0, "osmid": "573211531", "lanes": null, "ref": null, "name": null, "highway": "footway", "maxspeed": null, "oneway": false, "reversed": "True", "length": 21.359, "tunnel": null, "width": null, "bridge": null, "access": null, "service": null }, "geometry": { "type": "LineString", "coordinates": [ [ 133.5742751, 33.4994707 ], [ 133.5740448, 33.4994669 ] ] } },
{ "type": "Feature", "properties": { "u": 5505912827, "v": 5505912828, "key": 0, "osmid": "670634171", "lanes": null, "ref": null, "name": null, "highway": "footway", "maxspeed": null, "oneway": false, "reversed": "False", "length": 3.927, "tunnel": null, "width": null, "bridge": null, "access": null, "service": null }, "geometry": { "type": "LineString", "coordinates": [ [ 133.5742751, 33.4994707 ], [ 133.574276200000014, 33.4994354 ] ] } },
{ "type": "Feature", "properties": { "u": 5505912827, "v": 5331463100, "key": 0, "osmid": [ 670634170, 670634171 ], "lanes": null, "ref": null, "name": null, "highway": "footway", "maxspeed": null, "oneway": false, "reversed": "True", "length": 22.5, "tunnel": null, "width": null, "bridge": null, "access": null, "service": null }, "geometry": { "type": "LineString", "coordinates": [ [ 133.5742751, 33.4994707 ], [ 133.5742745, 33.499488 ], [ 133.574265700000012, 33.4996729 ] ] } },
{ "type": "Feature", "properties": { "u": 5505912828, "v": 5505912829, "key": 0, "osmid": "573211534", "lanes": null, "ref": null, "name": null, "highway": "footway", "maxspeed": null, "oneway": false, "reversed": "False", "length": 46.734, "tunnel": null, "width": null, "bridge": null, "access": null, "service": null }, "geometry": { "type": "LineString", "coordinates": [ [ 133.574276200000014, 33.4994354 ], [ 133.5747802, 33.4994376 ] ] } },
{ "type": "Feature", "properties": { "u": 5505912828, "v": 2569489222, "key": 0, "osmid": "670634171", "lanes": null, "ref": null, "name": null, "highway": "footway", "maxspeed": null, "oneway": false, "reversed": "False", "length": 23.249, "tunnel": null, "width": null, "bridge": null, "access": null, "service": null }, "geometry": { "type": "LineString", "coordinates": [ [ 133.574276200000014, 33.4994354 ], [ 133.5742831, 33.4992264 ] ] } },
{ "type": "Feature", "properties": { "u": 5505912828, "v": 5505912827, "key": 0, "osmid": "670634171", "lanes": null, "ref": null, "name": null, "highway": "footway", "maxspeed": null, "oneway": false, "reversed": "True", "length": 3.927, "tunnel": null, "width": null, "bridge": null, "access": null, "service": null }, "geometry": { "type": "LineString", "coordinates": [ [ 133.574276200000014, 33.4994354 ], [ 133.5742751, 33.4994707 ] ] } },
{ "type": "Feature", "properties": { "u": 5505912829, "v": 2569489223, "key": 0, "osmid": "552165690", "lanes": null, "ref": null, "name": null, "highway": "footway", "maxspeed": null, "oneway": false, "reversed": "False", "length": 22.972, "tunnel": null, "width": null, "bridge": null, "access": null, "service": null }, "geometry": { "type": "LineString", "coordinates": [ [ 133.5747802, 33.4994376 ], [ 133.574787500000014, 33.4992311 ] ] } },
{ "type": "Feature", "properties": { "u": 5505912829, "v": 5505912828, "key": 0, "osmid": "573211534", "lanes": null, "ref": null, "name": null, "highway": "footway", "maxspeed": null, "oneway": false, "reversed": "True", "length": 46.734, "tunnel": null, "width": null, "bridge": null, "access": null, "service": null }, "geometry": { "type": "LineString", "coordinates": [ [ 133.5747802, 33.4994376 ], [ 133.574276200000014, 33.4994354 ] ] } },
{ "type": "Feature", "properties": { "u": 5505912829, "v": 2569489245, "key": 0, "osmid": [ 552165690, 250513029 ], "lanes": null, "ref": null, "name": null, "highway": "footway", "maxspeed": null, "oneway": false, "reversed": "True", "length": 28.263, "tunnel": null, "width": null, "bridge": null, "access": null, "service": null }, "geometry": { "type": "LineString", "coordinates": [ [ 133.5747802, 33.4994376 ], [ 133.5747787, 33.4994801 ], [ 133.5747768, 33.4996195 ], [ 133.574755399999987, 33.4996895 ] ] } },
{ "type": "Feature", "properties": { "u": 5505912832, "v": 2569489222, "key": 0, "osmid": "552165690", "lanes": null, "ref": null, "name": null, "highway": "footway", "maxspeed": null, "oneway": false, "reversed": "False", "length": 25.325, "tunnel": null, "width": null, "bridge": null, "access": null, "service": null }, "geometry": { "type": "LineString", "coordinates": [ [ 133.574556199999989, 33.4992289 ], [ 133.5742831, 33.4992264 ] ] } },
{ "type": "Feature", "properties": { "u": 5505912832, "v": 2569489223, "key": 0, "osmid": "552165690", "lanes": null, "ref": null, "name": null, "highway": "footway", "maxspeed": null, "oneway": false, "reversed": "True", "length": 21.449, "tunnel": null, "width": null, "bridge": null, "access": null, "service": null }, "geometry": { "type": "LineString", "coordinates": [ [ 133.574556199999989, 33.4992289 ], [ 133.574787500000014, 33.4992311 ] ] } },
{ "type": "Feature", "properties": { "u": 5505912832, "v": 5505912833, "key": 0, "osmid": "573211538", "lanes": null, "ref": null, "name": null, "highway": "footway", "maxspeed": null, "oneway": false, "reversed": "False", "length": 30.395, "tunnel": null, "width": null, "bridge": null, "access": null, "service": null }, "geometry": { "type": "LineString", "coordinates": [ [ 133.574556199999989, 33.4992289 ], [ 133.5745621, 33.4989556 ] ] } },
{ "type": "Feature", "properties": { "u": 5505912833, "v": 2569489205, "key": 0, "osmid": "250513030", "lanes": null, "ref": null, "name": null, "highway": "footway", "maxspeed": null, "oneway": false, "reversed": "False", "length": 17.304, "tunnel": null, "width": null, "bridge": null, "access": null, "service": null }, "geometry": { "type": "LineString", "coordinates": [ [ 133.5745621, 33.4989556 ], [ 133.574748699999986, 33.4989537 ] ] } },
{ "type": "Feature", "properties": { "u": 5505912833, "v": 5362555603, "key": 0, "osmid": "250513030", "lanes": null, "ref": null, "name": null, "highway": "footway", "maxspeed": null, "oneway": false, "reversed": "True", "length": 26.327, "tunnel": null, "width": null, "bridge": null, "access": null, "service": null }, "geometry": { "type": "LineString", "coordinates": [ [ 133.5745621, 33.4989556 ], [ 133.5742782, 33.4989585 ] ] } },
{ "type": "Feature", "properties": { "u": 5505912833, "v": 5505912832, "key": 0, "osmid": "573211538", "lanes": null, "ref": null, "name": null, "highway": "footway", "maxspeed": null, "oneway": false, "reversed": "True", "length": 30.395, "tunnel": null, "width": null, "bridge": null, "access": null, "service": null }, "geometry": { "type": "LineString", "coordinates": [ [ 133.5745621, 33.4989556 ], [ 133.574556199999989, 33.4992289 ] ] } },
{ "type": "Feature", "properties": { "u": 5505912835, "v": 5505867960, "key": 0, "osmid": "573204132", "lanes": null, "ref": null, "name": null, "highway": "path", "maxspeed": null, "oneway": false, "reversed": "False", "length": 27.758, "tunnel": null, "width": null, "bridge": null, "access": null, "service": null }, "geometry": { "type": "LineString", "coordinates": [ [ 133.575083299999989, 33.4990305 ], [ 133.5749204, 33.4989843 ], [ 133.5747934, 33.4989772 ] ] } },
{ "type": "Feature", "properties": { "u": 5505912835, "v": 5505867957, "key": 0, "osmid": "573204132", "lanes": null, "ref": null, "name": null, "highway": "path", "maxspeed": null, "oneway": false, "reversed": "True", "length": 58.698, "tunnel": null, "width": null, "bridge": null, "access": null, "service": null }, "geometry": { "type": "LineString", "coordinates": [ [ 133.575083299999989, 33.4990305 ], [ 133.5751079, 33.4990375 ], [ 133.57565120000001, 33.4988117 ] ] } },
{ "type": "Feature", "properties": { "u": 5505912835, "v": 2569489223, "key": 0, "osmid": "573211540", "lanes": null, "ref": null, "name": null, "highway": "footway", "maxspeed": null, "oneway": false, "reversed": "True", "length": 45.864, "tunnel": null, "width": null, "bridge": null, "access": null, "service": null }, "geometry": { "type": "LineString", "coordinates": [ [ 133.575083299999989, 33.4990305 ], [ 133.5749446, 33.4992781 ], [ 133.574787500000014, 33.4992311 ] ] } },
{ "type": "Feature", "properties": { "u": 5520410364, "v": 5505912826, "key": 0, "osmid": "575263377", "lanes": null, "ref": null, "name": null, "highway": "footway", "maxspeed": null, "oneway": false, "reversed": "True", "length": 37.871, "tunnel": null, "width": null, "bridge": null, "access": null, "service": null }, "geometry": { "type": "LineString", "coordinates": [ [ 133.573894, 33.4992861 ], [ 133.5738888, 33.4994813 ], [ 133.5740446, 33.4994823 ], [ 133.5740448, 33.4994669 ] ] } },
{ "type": "Feature", "properties": { "u": 5520410365, "v": 5362555602, "key": 0, "osmid": "575263378", "lanes": null, "ref": null, "name": null, "highway": "service", "maxspeed": null, "oneway": true, "reversed": "False", "length": 40.404, "tunnel": null, "width": null, "bridge": null, "access": null, "service": "parking_aisle" }, "geometry": { "type": "LineString", "coordinates": [ [ 133.573786, 33.4995462 ], [ 133.5737991, 33.499183 ] ] } },
{ "type": "Feature", "properties": { "u": 5520410365, "v": 564465534, "key": 0, "osmid": "670634172", "lanes": null, "ref": null, "name": null, "highway": "service", "maxspeed": null, "oneway": true, "reversed": "False", "length": 34.384, "tunnel": null, "width": null, "bridge": null, "access": null, "service": "driveway" }, "geometry": { "type": "LineString", "coordinates": [ [ 133.573786, 33.4995462 ], [ 133.573691, 33.4995145 ], [ 133.5736474, 33.4994853 ], [ 133.57362710000001, 33.4994561 ], [ 133.5736177, 33.4993128 ] ] } },
{ "type": "Feature", "properties": { "u": 5520410368, "v": 1557773005, "key": 0, "osmid": "250513025", "lanes": null, "ref": null, "name": null, "highway": "path", "maxspeed": null, "oneway": false, "reversed": "True", "length": 15.244, "tunnel": null, "width": null, "bridge": null, "access": null, "service": null }, "geometry": { "type": "LineString", "coordinates": [ [ 133.5752747, 33.4986262 ], [ 133.575412, 33.4985508 ] ] } },
{ "type": "Feature", "properties": { "u": 5520410368, "v": 1557773016, "key": 0, "osmid": [ 250513025, 142325773 ], "lanes": null, "ref": null, "name": null, "highway": [ "path", "steps" ], "maxspeed": null, "oneway": false, "reversed": "False", "length": 51.068, "tunnel": null, "width": null, "bridge": null, "access": null, "service": null }, "geometry": { "type": "LineString", "coordinates": [ [ 133.5752747, 33.4986262 ], [ 133.5750626, 33.4987428 ], [ 133.574789900000013, 33.4988403 ] ] } },
{ "type": "Feature", "properties": { "u": 5520410368, "v": 1557773018, "key": 0, "osmid": "575263380", "lanes": null, "ref": null, "name": null, "highway": "path", "maxspeed": null, "oneway": false, "reversed": "True", "length": 44.112, "tunnel": null, "width": null, "bridge": null, "access": null, "service": null }, "geometry": { "type": "LineString", "coordinates": [ [ 133.5752747, 33.4986262 ], [ 133.5755035, 33.4986714 ], [ 133.5756998, 33.4985554 ] ] } },
{ "type": "Feature", "properties": { "u": 5520410420, "v": 1085590881, "key": 0, "osmid": "142326497", "lanes": null, "ref": null, "name": null, "highway": "unclassified", "maxspeed": null, "oneway": false, "reversed": "False", "length": 6.13, "tunnel": null, "width": null, "bridge": null, "access": null, "service": null }, "geometry": { "type": "LineString", "coordinates": [ [ 133.5684858, 33.494675 ], [ 133.5685081, 33.4946231 ] ] } },
{ "type": "Feature", "properties": { "u": 5520410420, "v": 6280094559, "key": 0, "osmid": [ 142326497, 670635686 ], "lanes": null, "ref": null, "name": null, "highway": [ "unclassified", "service" ], "maxspeed": null, "oneway": false, "reversed": [ false, true ], "length": 146.575, "tunnel": null, "width": null, "bridge": null, "access": "private", "service": null }, "geometry": { "type": "LineString", "coordinates": [ [ 133.5684858, 33.494675 ], [ 133.568344, 33.494918 ], [ 133.568284, 33.495098 ], [ 133.5682648, 33.4952346 ], [ 133.5682627, 33.495508 ], [ 133.5682807, 33.4957073 ], [ 133.568316, 33.4957631 ], [ 133.5683405, 33.4959492 ] ] } },
{ "type": "Feature", "properties": { "u": 5520410420, "v": 10179631165, "key": 0, "osmid": [ 671744434, 671744435, 1112618647 ], "lanes": null, "ref": null, "name": null, "highway": "footway", "maxspeed": null, "oneway": false, "reversed": [ false, true ], "length": 88.168, "tunnel": null, "width": null, "bridge": null, "access": null, "service": null }, "geometry": { "type": "LineString", "coordinates": [ [ 133.5684858, 33.494675 ], [ 133.5684496, 33.4946652 ], [ 133.5676379, 33.4944292 ], [ 133.567585900000012, 33.4944201 ] ] } },
{ "type": "Feature", "properties": { "u": 5520410420, "v": 6280046888, "key": 0, "osmid": [ 671744433, 671744434, 670630235, 670630236 ], "lanes": null, "ref": null, "name": null, "highway": "footway", "maxspeed": null, "oneway": false, "reversed": "True", "length": 162.754, "tunnel": null, "width": null, "bridge": null, "access": null, "service": null }, "geometry": { "type": "LineString", "coordinates": [ [ 133.5684858, 33.494675 ], [ 133.5685288, 33.4946873 ], [ 133.569085, 33.4948483 ], [ 133.5691323, 33.4948533 ], [ 133.5695253, 33.4949678 ], [ 133.5696187, 33.4950089 ], [ 133.5701065, 33.4951487 ], [ 133.5701406, 33.4951571 ] ] } },
{ "type": "Feature", "properties": { "u": 5521722042, "v": 5521722047, "key": 0, "osmid": "575442094", "lanes": null, "ref": null, "name": null, "highway": "service", "maxspeed": null, "oneway": false, "reversed": "False", "length": 23.333, "tunnel": null, "width": null, "bridge": null, "access": null, "service": "parking_aisle" }, "geometry": { "type": "LineString", "coordinates": [ [ 133.5738838, 33.4998263 ], [ 133.573638100000011, 33.499781 ] ] } },
{ "type": "Feature", "properties": { "u": 5521722042, "v": 5521722045, "key": 0, "osmid": "575442092", "lanes": null, "ref": null, "name": null, "highway": "service", "maxspeed": null, "oneway": true, "reversed": "False", "length": 87.07, "tunnel": null, "width": null, "bridge": null, "access": null, "service": "parking_aisle" }, "geometry": { "type": "LineString", "coordinates": [ [ 133.5738838, 33.4998263 ], [ 133.5744499, 33.4999382 ], [ 133.5746058, 33.4998337 ], [ 133.5746543, 33.499709 ] ] } },
{ "type": "Feature", "properties": { "u": 5521722045, "v": 5331463103, "key": 0, "osmid": "670634167", "lanes": null, "ref": null, "name": null, "highway": "service", "maxspeed": null, "oneway": true, "reversed": "False", "length": 8.597, "tunnel": null, "width": null, "bridge": null, "access": null, "service": "parking_aisle" }, "geometry": { "type": "LineString", "coordinates": [ [ 133.5746543, 33.499709 ], [ 133.5747265, 33.4997575 ] ] } },
{ "type": "Feature", "properties": { "u": 5521722045, "v": 5331463100, "key": 0, "osmid": "670634168", "lanes": null, "ref": null, "name": null, "highway": "service", "maxspeed": null, "oneway": false, "reversed": "False", "length": 36.256, "tunnel": null, "width": null, "bridge": null, "access": null, "service": "parking_aisle" }, "geometry": { "type": "LineString", "coordinates": [ [ 133.5746543, 33.499709 ], [ 133.5745049, 33.4996955 ], [ 133.574265700000012, 33.4996729 ] ] } },
{ "type": "Feature", "properties": { "u": 5521722046, "v": 5521722047, "key": 0, "osmid": "575442094", "lanes": null, "ref": null, "name": null, "highway": "service", "maxspeed": null, "oneway": false, "reversed": "True", "length": 31.45, "tunnel": null, "width": null, "bridge": null, "access": null, "service": "parking_aisle" }, "geometry": { "type": "LineString", "coordinates": [ [ 133.5733069, 33.49972 ], [ 133.573638100000011, 33.499781 ] ] } },
{ "type": "Feature", "properties": { "u": 5521722047, "v": 5521722046, "key": 0, "osmid": "575442094", "lanes": null, "ref": null, "name": null, "highway": "service", "maxspeed": null, "oneway": false, "reversed": "False", "length": 31.45, "tunnel": null, "width": null, "bridge": null, "access": null, "service": "parking_aisle" }, "geometry": { "type": "LineString", "coordinates": [ [ 133.573638100000011, 33.499781 ], [ 133.5733069, 33.49972 ] ] } },
{ "type": "Feature", "properties": { "u": 5521722047, "v": 5521722042, "key": 0, "osmid": "575442094", "lanes": null, "ref": null, "name": null, "highway": "service", "maxspeed": null, "oneway": false, "reversed": "True", "length": 23.333, "tunnel": null, "width": null, "bridge": null, "access": null, "service": "parking_aisle" }, "geometry": { "type": "LineString", "coordinates": [ [ 133.573638100000011, 33.499781 ], [ 133.5738838, 33.4998263 ] ] } },
{ "type": "Feature", "properties": { "u": 5521722047, "v": 5521722049, "key": 0, "osmid": "575442096", "lanes": null, "ref": null, "name": null, "highway": "service", "maxspeed": null, "oneway": false, "reversed": "False", "length": 37.314, "tunnel": null, "width": null, "bridge": null, "access": null, "service": "parking_aisle" }, "geometry": { "type": "LineString", "coordinates": [ [ 133.573638100000011, 33.499781 ], [ 133.5736042, 33.4996477 ], [ 133.5733759, 33.4995887 ] ] } },
{ "type": "Feature", "properties": { "u": 5521722049, "v": 5521722047, "key": 0, "osmid": "575442096", "lanes": null, "ref": null, "name": null, "highway": "service", "maxspeed": null, "oneway": false, "reversed": "True", "length": 37.314, "tunnel": null, "width": null, "bridge": null, "access": null, "service": "parking_aisle" }, "geometry": { "type": "LineString", "coordinates": [ [ 133.5733759, 33.4995887 ], [ 133.5736042, 33.4996477 ], [ 133.573638100000011, 33.499781 ] ] } },
{ "type": "Feature", "properties": { "u": 5566192285, "v": 5566192293, "key": 0, "osmid": "581843592", "lanes": null, "ref": null, "name": null, "highway": "service", "maxspeed": null, "oneway": false, "reversed": "False", "length": 21.32, "tunnel": null, "width": null, "bridge": null, "access": null, "service": "parking_aisle" }, "geometry": { "type": "LineString", "coordinates": [ [ 133.5722542, 33.4975372 ], [ 133.572373700000014, 33.497701 ] ] } },
{ "type": "Feature", "properties": { "u": 5566192285, "v": 1085590536, "key": 0, "osmid": "142326528", "lanes": null, "ref": null, "name": null, "highway": "unclassified", "maxspeed": null, "oneway": false, "reversed": "False", "length": 52.481, "tunnel": null, "width": null, "bridge": null, "access": null, "service": null }, "geometry": { "type": "LineString", "coordinates": [ [ 133.5722542, 33.4975372 ], [ 133.572313799999989, 33.4974956 ], [ 133.5723305, 33.4974788 ], [ 133.572336299999989, 33.4974607 ], [ 133.5723166, 33.4973221 ], [ 133.5723183, 33.4972835 ], [ 133.572327699999988, 33.4972487 ], [ 133.572339699999986, 33.4972162 ], [ 133.5723649, 33.4971689 ], [ 133.5724214, 33.4971213 ] ] } },
{ "type": "Feature", "properties": { "u": 5566192285, "v": 2569489193, "key": 0, "osmid": [ 142326528, 670405824 ], "lanes": null, "ref": null, "name": null, "highway": "unclassified", "maxspeed": null, "oneway": false, "reversed": "True", "length": 94.149, "tunnel": null, "width": null, "bridge": null, "access": null, "service": null }, "geometry": { "type": "LineString", "coordinates": [ [ 133.5722542, 33.4975372 ], [ 133.5721877, 33.4975449 ], [ 133.572041399999989, 33.4975269 ], [ 133.5719115, 33.4974939 ], [ 133.5718535, 33.4974294 ], [ 133.5718243, 33.4969565 ] ] } },
{ "type": "Feature", "properties": { "u": 5566192293, "v": 5566192285, "key": 0, "osmid": "581843592", "lanes": null, "ref": null, "name": null, "highway": "service", "maxspeed": null, "oneway": false, "reversed": "True", "length": 21.32, "tunnel": null, "width": null, "bridge": null, "access": null, "service": "parking_aisle" }, "geometry": { "type": "LineString", "coordinates": [ [ 133.572373700000014, 33.497701 ], [ 133.5722542, 33.4975372 ] ] } },
{ "type": "Feature", "properties": { "u": 6247275225, "v": 6878716004, "key": 0, "osmid": "667236228", "lanes": null, "ref": null, "name": null, "highway": "residential", "maxspeed": null, "oneway": false, "reversed": "False", "length": 62.852, "tunnel": null, "width": null, "bridge": null, "access": null, "service": null }, "geometry": { "type": "LineString", "coordinates": [ [ 133.552636, 33.4960689 ], [ 133.5528162, 33.4966138 ] ] } },
{ "type": "Feature", "properties": { "u": 6247275225, "v": 564443103, "key": 0, "osmid": "667236228", "lanes": null, "ref": null, "name": null, "highway": "residential", "maxspeed": null, "oneway": false, "reversed": "True", "length": 65.352, "tunnel": null, "width": null, "bridge": null, "access": null, "service": null }, "geometry": { "type": "LineString", "coordinates": [ [ 133.552636, 33.4960689 ], [ 133.551954099999989, 33.4962174 ] ] } },
{ "type": "Feature", "properties": { "u": 6247275225, "v": 11063296205, "key": 0, "osmid": "734500720", "lanes": null, "ref": null, "name": null, "highway": "service", "maxspeed": null, "oneway": false, "reversed": "False", "length": 202.644, "tunnel": null, "width": null, "bridge": null, "access": null, "service": null }, "geometry": { "type": "LineString", "coordinates": [ [ 133.552636, 33.4960689 ], [ 133.5537172, 33.495962 ], [ 133.553796799999986, 33.4963988 ], [ 133.5543633, 33.4963839 ] ] } },
{ "type": "Feature", "properties": { "u": 6278123412, "v": 5331435436, "key": 0, "osmid": [ 552162820, 552162822 ], "lanes": null, "ref": null, "name": null, "highway": "path", "maxspeed": null, "oneway": false, "reversed": "False", "length": 72.47, "tunnel": null, "width": "0.5", "bridge": null, "access": "no", "service": null }, "geometry": { "type": "LineString", "coordinates": [ [ 133.573768800000011, 33.4956828 ], [ 133.573826700000012, 33.4956819 ], [ 133.5741174, 33.4956752 ], [ 133.574172299999987, 33.4956879 ], [ 133.5742497, 33.4956682 ], [ 133.5742727, 33.4956673 ], [ 133.5743094, 33.4956853 ], [ 133.5743575, 33.4957086 ], [ 133.574402600000013, 33.4957403 ], [ 133.5744422, 33.4957627 ], [ 133.5744789, 33.4957719 ], [ 133.574503099999987, 33.4957845 ] ] } },
{ "type": "Feature", "properties": { "u": 6278123428, "v": 1557772364, "key": 0, "osmid": "670405817", "lanes": null, "ref": null, "name": null, "highway": "path", "maxspeed": null, "oneway": false, "reversed": "False", "length": 23.551, "tunnel": null, "width": null, "bridge": null, "access": null, "service": null }, "geometry": { "type": "LineString", "coordinates": [ [ 133.5736014, 33.4962081 ], [ 133.5735837, 33.4961196 ], [ 133.5735013, 33.4960187 ] ] } },
{ "type": "Feature", "properties": { "u": 6278123428, "v": 6278123433, "key": 0, "osmid": "670405817", "lanes": null, "ref": null, "name": null, "highway": "path", "maxspeed": null, "oneway": false, "reversed": "True", "length": 68.389, "tunnel": null, "width": null, "bridge": null, "access": null, "service": null }, "geometry": { "type": "LineString", "coordinates": [ [ 133.5736014, 33.4962081 ], [ 133.573569600000013, 33.4962716 ], [ 133.5734492, 33.496307 ], [ 133.5733926, 33.4963114 ], [ 133.5732652, 33.4963705 ], [ 133.5732333, 33.4964 ], [ 133.5732174, 33.4964384 ], [ 133.573190899999986, 33.4964841 ], [ 133.5731219, 33.4965697 ], [ 133.5730824, 33.4965855 ] ] } },
{ "type": "Feature", "properties": { "u": 6278123428, "v": 5331435468, "key": 0, "osmid": "670405820", "lanes": null, "ref": null, "name": null, "highway": "path", "maxspeed": null, "oneway": false, "reversed": "False", "length": 25.847, "tunnel": null, "width": null, "bridge": null, "access": null, "service": null }, "geometry": { "type": "LineString", "coordinates": [ [ 133.5736014, 33.4962081 ], [ 133.5736492, 33.4961447 ], [ 133.5736598, 33.4961167 ], [ 133.573668700000013, 33.4960443 ], [ 133.5736958, 33.4959937 ] ] } },
{ "type": "Feature", "properties": { "u": 6278123433, "v": 6278123428, "key": 0, "osmid": "670405817", "lanes": null, "ref": null, "name": null, "highway": "path", "maxspeed": null, "oneway": false, "reversed": "False", "length": 68.389, "tunnel": null, "width": null, "bridge": null, "access": null, "service": null }, "geometry": { "type": "LineString", "coordinates": [ [ 133.5730824, 33.4965855 ], [ 133.5731219, 33.4965697 ], [ 133.573190899999986, 33.4964841 ], [ 133.5732174, 33.4964384 ], [ 133.5732333, 33.4964 ], [ 133.5732652, 33.4963705 ], [ 133.5733926, 33.4963114 ], [ 133.5734492, 33.496307 ], [ 133.573569600000013, 33.4962716 ], [ 133.5736014, 33.4962081 ] ] } },
{ "type": "Feature", "properties": { "u": 6278123433, "v": 5362564222, "key": 0, "osmid": "670405817", "lanes": null, "ref": null, "name": null, "highway": "path", "maxspeed": null, "oneway": false, "reversed": "True", "length": 107.724, "tunnel": null, "width": null, "bridge": null, "access": null, "service": null }, "geometry": { "type": "LineString", "coordinates": [ [ 133.5730824, 33.4965855 ], [ 133.5730263, 33.4966081 ], [ 133.5727573, 33.4968265 ], [ 133.5727325, 33.496825 ], [ 133.5727343, 33.4968102 ], [ 133.572805100000011, 33.4967217 ], [ 133.572964399999989, 33.4964915 ], [ 133.573091799999986, 33.4963572 ], [ 133.5730906, 33.4963325 ] ] } },
{ "type": "Feature", "properties": { "u": 6278123433, "v": 6278123451, "key": 0, "osmid": "670405821", "lanes": null, "ref": null, "name": null, "highway": "path", "maxspeed": null, "oneway": false, "reversed": "False", "length": 83.37, "tunnel": null, "width": null, "bridge": null, "access": null, "service": null }, "geometry": { "type": "LineString", "coordinates": [ [ 133.5730824, 33.4965855 ], [ 133.5730723, 33.4966102 ], [ 133.5730053, 33.4966795 ], [ 133.572961, 33.4967735 ], [ 133.572957, 33.4967846 ], [ 133.5729718, 33.496788 ], [ 133.573016, 33.4967645 ], [ 133.5730857, 33.4966985 ], [ 133.573115300000012, 33.4966784 ], [ 133.57313, 33.4966818 ], [ 133.5731313, 33.4966941 ], [ 133.5731233, 33.4967332 ], [ 133.5731233, 33.4967612 ], [ 133.573128700000012, 33.4967712 ], [ 133.5731434, 33.496769 ], [ 133.5732588, 33.4967298 ], [ 133.5732883, 33.4967343 ], [ 133.57330970000001, 33.4967455 ], [ 133.5733567, 33.4968148 ] ] } },
{ "type": "Feature", "properties": { "u": 6278123451, "v": 6278123433, "key": 0, "osmid": "670405821", "lanes": null, "ref": null, "name": null, "highway": "path", "maxspeed": null, "oneway": false, "reversed": "True", "length": 83.37, "tunnel": null, "width": null, "bridge": null, "access": null, "service": null }, "geometry": { "type": "LineString", "coordinates": [ [ 133.5733567, 33.4968148 ], [ 133.57330970000001, 33.4967455 ], [ 133.5732883, 33.4967343 ], [ 133.5732588, 33.4967298 ], [ 133.5731434, 33.496769 ], [ 133.573128700000012, 33.4967712 ], [ 133.5731233, 33.4967612 ], [ 133.5731233, 33.4967332 ], [ 133.5731313, 33.4966941 ], [ 133.57313, 33.4966818 ], [ 133.573115300000012, 33.4966784 ], [ 133.5730857, 33.4966985 ], [ 133.573016, 33.4967645 ], [ 133.5729718, 33.496788 ], [ 133.572957, 33.4967846 ], [ 133.572961, 33.4967735 ], [ 133.5730053, 33.4966795 ], [ 133.5730723, 33.4966102 ], [ 133.5730824, 33.4965855 ] ] } },
{ "type": "Feature", "properties": { "u": 6278123710, "v": 1557772376, "key": 0, "osmid": "23430758", "lanes": "2", "ref": "35", "name": "桂浜宝永線", "highway": "primary", "maxspeed": null, "oneway": false, "reversed": "True", "length": 280.655, "tunnel": null, "width": null, "bridge": null, "access": null, "service": null }, "geometry": { "type": "LineString", "coordinates": [ [ 133.570014500000013, 33.4958526 ], [ 133.5700449, 33.4958302 ], [ 133.570092100000011, 33.4957983 ], [ 133.5701415, 33.4957773 ], [ 133.5701891, 33.4957642 ], [ 133.5702459, 33.4957538 ], [ 133.5703009, 33.4957533 ], [ 133.570351499999987, 33.4957583 ], [ 133.5704163, 33.4957729 ], [ 133.570517599999988, 33.4958071 ], [ 133.5706194, 33.4958482 ], [ 133.5707229, 33.4958981 ], [ 133.5707923, 33.4959238 ], [ 133.5708514, 33.4959366 ], [ 133.570942800000012, 33.4959423 ], [ 133.5710372, 33.4959346 ], [ 133.5712231, 33.4958915 ], [ 133.5713892, 33.4958473 ], [ 133.571474, 33.4958203 ], [ 133.571594800000014, 33.4957895 ], [ 133.571709700000014, 33.4957704 ], [ 133.5718108, 33.4957643 ], [ 133.5718908, 33.4957641 ], [ 133.5719584, 33.4957704 ], [ 133.572073100000011, 33.4958052 ], [ 133.572231499999987, 33.495862 ], [ 133.572457500000013, 33.4959398 ], [ 133.572547, 33.4959828 ], [ 133.5726147, 33.496024 ], [ 133.572637899999989, 33.4960413 ], [ 133.5726611, 33.4960658 ], [ 133.5727047, 33.4961419 ], [ 133.5727282, 33.4962025 ] ] } },
{ "type": "Feature", "properties": { "u": 6278123710, "v": 262314769, "key": 0, "osmid": "670630226", "lanes": "2", "ref": "35", "name": "桂浜宝永線", "highway": "primary", "maxspeed": null, "oneway": true, "reversed": "False", "length": 72.256, "tunnel": null, "width": null, "bridge": null, "access": null, "service": null }, "geometry": { "type": "LineString", "coordinates": [ [ 133.570014500000013, 33.4958526 ], [ 133.5699357, 33.4959043 ], [ 133.5698826, 33.4959643 ], [ 133.5698454, 33.4960256 ], [ 133.5697982, 33.4960945 ], [ 133.569759800000014, 33.4961276 ], [ 133.5697208, 33.4961416 ], [ 133.56966460000001, 33.4961394 ], [ 133.5696106, 33.4961228 ], [ 133.569584600000013, 33.4961009 ], [ 133.5695618, 33.4960777 ], [ 133.5694849, 33.4959928 ] ] } },
{ "type": "Feature", "properties": { "u": 6278123733, "v": 1557772376, "key": 0, "osmid": "670405815", "lanes": null, "ref": null, "name": null, "highway": "unclassified", "maxspeed": null, "oneway": false, "reversed": "False", "length": 4.465, "tunnel": null, "width": null, "bridge": null, "access": null, "service": null }, "geometry": { "type": "LineString", "coordinates": [ [ 133.572766800000011, 33.4961785 ], [ 133.5727282, 33.4962025 ] ] } },
{ "type": "Feature", "properties": { "u": 6278123733, "v": 1085589164, "key": 0, "osmid": [ 670405808, 575263382 ], "lanes": null, "ref": null, "name": null, "highway": "footway", "maxspeed": null, "oneway": false, "reversed": "False", "length": 339.01, "tunnel": null, "width": null, "bridge": null, "access": null, "service": null }, "geometry": { "type": "LineString", "coordinates": [ [ 133.572766800000011, 33.4961785 ], [ 133.5727453, 33.496116 ], [ 133.572719799999987, 33.4960536 ], [ 133.5726933, 33.4960078 ], [ 133.5726283, 33.4959705 ], [ 133.5725663, 33.4959425 ], [ 133.5720205, 33.4957467 ], [ 133.5719506, 33.4957307 ], [ 133.571870100000012, 33.4957205 ], [ 133.5717851, 33.495715 ], [ 133.5716902, 33.4957179 ], [ 133.5715611, 33.495745 ], [ 133.5714757, 33.495762 ], [ 133.5711535, 33.4958518 ], [ 133.571076299999987, 33.4958739 ], [ 133.5709909, 33.4958807 ], [ 133.570874, 33.4958781 ], [ 133.570821200000012, 33.4958671 ], [ 133.570754099999988, 33.4958459 ], [ 133.5705132, 33.4957366 ], [ 133.570434, 33.4957162 ], [ 133.5703049, 33.4957052 ], [ 133.5701697, 33.4957264 ], [ 133.570065, 33.4957645 ], [ 133.5700142, 33.4957976 ], [ 133.5698266, 33.4959422 ], [ 133.5698075, 33.4959679 ], [ 133.569742600000012, 33.4960277 ], [ 133.569718599999987, 33.4960312 ], [ 133.569694199999986, 33.496028 ], [ 133.569676500000014, 33.4960182 ], [ 133.5696605, 33.495997 ], [ 133.5696471, 33.4959744 ], [ 133.5696093, 33.4959284 ] ] } },
{ "type": "Feature", "properties": { "u": 6278123733, "v": 6278123738, "key": 0, "osmid": "670405808", "lanes": null, "ref": null, "name": null, "highway": "footway", "maxspeed": null, "oneway": false, "reversed": "True", "length": 32.277, "tunnel": null, "width": null, "bridge": null, "access": null, "service": null }, "geometry": { "type": "LineString", "coordinates": [ [ 133.572766800000011, 33.4961785 ], [ 133.5727842, 33.4962639 ], [ 133.572798400000011, 33.4963967 ], [ 133.5728001, 33.4964336 ], [ 133.572800300000011, 33.496467 ] ] } },
{ "type": "Feature", "properties": { "u": 6278123733, "v": 5331435467, "key": 0, "osmid": "670405815", "lanes": null, "ref": null, "name": null, "highway": "unclassified", "maxspeed": null, "oneway": false, "reversed": "True", "length": 24.325, "tunnel": null, "width": null, "bridge": null, "access": null, "service": null }, "geometry": { "type": "LineString", "coordinates": [ [ 133.572766800000011, 33.4961785 ], [ 133.5727796, 33.4961688 ], [ 133.5728492, 33.496108 ], [ 133.572957, 33.4960281 ] ] } },
{ "type": "Feature", "properties": { "u": 6278123738, "v": 5362564221, "key": 0, "osmid": "555864727", "lanes": null, "ref": null, "name": null, "highway": "unclassified", "maxspeed": null, "oneway": false, "reversed": "True", "length": 4.001, "tunnel": null, "width": null, "bridge": null, "access": null, "service": null }, "geometry": { "type": "LineString", "coordinates": [ [ 133.572800300000011, 33.496467 ], [ 133.572757599999989, 33.4964722 ] ] } },
{ "type": "Feature", "properties": { "u": 6278123738, "v": 5362564222, "key": 0, "osmid": "555864727", "lanes": null, "ref": null, "name": null, "highway": "unclassified", "maxspeed": null, "oneway": false, "reversed": "False", "length": 31.254, "tunnel": null, "width": null, "bridge": null, "access": null, "service": null }, "geometry": { "type": "LineString", "coordinates": [ [ 133.572800300000011, 33.496467 ], [ 133.5728139, 33.4964653 ], [ 133.572879699999987, 33.4964535 ], [ 133.5730906, 33.4963325 ] ] } },
{ "type": "Feature", "properties": { "u": 6278123738, "v": 6278123733, "key": 0, "osmid": "670405808", "lanes": null, "ref": null, "name": null, "highway": "footway", "maxspeed": null, "oneway": false, "reversed": "False", "length": 32.277, "tunnel": null, "width": null, "bridge": null, "access": null, "service": null }, "geometry": { "type": "LineString", "coordinates": [ [ 133.572800300000011, 33.496467 ], [ 133.5728001, 33.4964336 ], [ 133.572798400000011, 33.4963967 ], [ 133.5727842, 33.4962639 ], [ 133.572766800000011, 33.4961785 ] ] } },
{ "type": "Feature", "properties": { "u": 6278123738, "v": 6278123744, "key": 0, "osmid": "670405808", "lanes": null, "ref": null, "name": null, "highway": "footway", "maxspeed": null, "oneway": false, "reversed": "True", "length": 78.534, "tunnel": null, "width": null, "bridge": null, "access": null, "service": null }, "geometry": { "type": "LineString", "coordinates": [ [ 133.572800300000011, 33.496467 ], [ 133.57278070000001, 33.496534 ], [ 133.5727559, 33.4965974 ], [ 133.572594900000013, 33.4968645 ], [ 133.5725506, 33.4969442 ], [ 133.5725064, 33.4970239 ], [ 133.57247, 33.497115 ] ] } },
{ "type": "Feature", "properties": { "u": 6278123744, "v": 1085590536, "key": 0, "osmid": "142325986", "lanes": null, "ref": null, "name": null, "highway": "path", "maxspeed": null, "oneway": false, "reversed": "True", "length": 4.561, "tunnel": null, "width": null, "bridge": null, "access": null, "service": null }, "geometry": { "type": "LineString", "coordinates": [ [ 133.57247, 33.497115 ], [ 133.5724214, 33.4971213 ] ] } },
{ "type": "Feature", "properties": { "u": 6278123744, "v": 2569489194, "key": 0, "osmid": "142325986", "lanes": null, "ref": null, "name": null, "highway": "path", "maxspeed": null, "oneway": false, "reversed": "False", "length": 114.631, "tunnel": null, "width": null, "bridge": null, "access": null, "service": null }, "geometry": { "type": "LineString", "coordinates": [ [ 133.57247, 33.497115 ], [ 133.5724869, 33.4971131 ], [ 133.572729399999986, 33.4971805 ], [ 133.5730384, 33.4974925 ], [ 133.5730692, 33.4975199 ], [ 133.573096, 33.4975387 ], [ 133.573249800000013, 33.497622 ], [ 133.5732735, 33.4976273 ], [ 133.573376599999989, 33.4976129 ], [ 133.5734339, 33.4975884 ], [ 133.573453699999988, 33.4975816 ] ] } },
{ "type": "Feature", "properties": { "u": 6278123744, "v": 6278123738, "key": 0, "osmid": "670405808", "lanes": null, "ref": null, "name": null, "highway": "footway", "maxspeed": null, "oneway": false, "reversed": "False", "length": 78.534, "tunnel": null, "width": null, "bridge": null, "access": null, "service": null }, "geometry": { "type": "LineString", "coordinates": [ [ 133.57247, 33.497115 ], [ 133.5725064, 33.4970239 ], [ 133.5725506, 33.4969442 ], [ 133.572594900000013, 33.4968645 ], [ 133.5727559, 33.4965974 ], [ 133.57278070000001, 33.496534 ], [ 133.572800300000011, 33.496467 ] ] } },
{ "type": "Feature", "properties": { "u": 6280046573, "v": 262314769, "key": 0, "osmid": "44405075", "lanes": "2", "ref": "14;35", "name": "春野赤岡線", "highway": "primary", "maxspeed": "40", "oneway": false, "reversed": "True", "length": 8.517, "tunnel": null, "width": null, "bridge": null, "access": null, "service": null }, "geometry": { "type": "LineString", "coordinates": [ [ 133.5694077, 33.4960343 ], [ 133.5694849, 33.4959928 ] ] } },
{ "type": "Feature", "properties": { "u": 6280046573, "v": 6280046751, "key": 0, "osmid": "44405075", "lanes": "2", "ref": "14;35", "name": "春野赤岡線", "highway": "primary", "maxspeed": "40", "oneway": false, "reversed": "False", "length": 88.618, "tunnel": null, "width": null, "bridge": null, "access": null, "service": null }, "geometry": { "type": "LineString", "coordinates": [ [ 133.5694077, 33.4960343 ], [ 133.5691491, 33.4961725 ], [ 133.568904, 33.4963096 ], [ 133.5687948, 33.4963853 ], [ 133.568711, 33.4964533 ], [ 133.5686488, 33.4965126 ] ] } },
{ "type": "Feature", "properties": { "u": 6280046573, "v": 6280046578, "key": 0, "osmid": "670630231", "lanes": "2", "ref": "35", "name": "桂浜宝永線", "highway": "primary", "maxspeed": null, "oneway": true, "reversed": "False", "length": 17.794, "tunnel": null, "width": null, "bridge": null, "access": null, "service": null }, "geometry": { "type": "LineString", "coordinates": [ [ 133.5694077, 33.4960343 ], [ 133.569389199999989, 33.4960713 ], [ 133.569395, 33.4960982 ], [ 133.5694, 33.4961145 ], [ 133.569415, 33.4961392 ], [ 133.5694272, 33.4961575 ], [ 133.569449600000013, 33.4961772 ] ] } },
{ "type": "Feature", "properties": { "u": 6280046578, "v": 6278123710, "key": 0, "osmid": "670630231", "lanes": "2", "ref": "35", "name": "桂浜宝永線", "highway": "primary", "maxspeed": null, "oneway": true, "reversed": "False", "length": 77.137, "tunnel": null, "width": null, "bridge": null, "access": null, "service": null }, "geometry": { "type": "LineString", "coordinates": [ [ 133.569449600000013, 33.4961772 ], [ 133.5694752, 33.4961918 ], [ 133.569517600000012, 33.4962085 ], [ 133.5695824, 33.4962239 ], [ 133.5696385, 33.4962292 ], [ 133.5696954, 33.4962285 ], [ 133.5697299, 33.4962201 ], [ 133.569759800000014, 33.4962092 ], [ 133.5697916, 33.4961902 ], [ 133.569811, 33.4961712 ], [ 133.5698352, 33.4961452 ], [ 133.569855600000011, 33.4961095 ], [ 133.5698801, 33.4960601 ], [ 133.5699038, 33.4960081 ], [ 133.5699402, 33.4959494 ], [ 133.569978600000013, 33.495911 ], [ 133.570014500000013, 33.4958526 ] ] } },
{ "type": "Feature", "properties": { "u": 6280046731, "v": 6280046888, "key": 0, "osmid": [ 670630236, 670405829, 575263383 ], "lanes": null, "ref": null, "name": null, "highway": "footway", "maxspeed": null, "oneway": false, "reversed": "False", "length": 308.817, "tunnel": null, "width": null, "bridge": null, "access": null, "service": null }, "geometry": { "type": "LineString", "coordinates": [ [ 133.5692541, 33.4959785 ], [ 133.569526, 33.4958304 ], [ 133.569709, 33.4957128 ], [ 133.5698059, 33.4956661 ], [ 133.569924, 33.4956249 ], [ 133.5700305, 33.4955933 ], [ 133.5701348, 33.4955644 ], [ 133.570231400000011, 33.4955331 ], [ 133.570353, 33.4955147 ], [ 133.5703872, 33.4955105 ], [ 133.5704196, 33.4955078 ], [ 133.570492, 33.4955211 ], [ 133.5705519, 33.4955387 ], [ 133.5706269, 33.4955675 ], [ 133.570709599999986, 33.4956166 ], [ 133.570785699999988, 33.495662 ], [ 133.5708233, 33.4956883 ], [ 133.5708477, 33.495702 ], [ 133.570863, 33.4957074 ], [ 133.5708856, 33.4957107 ], [ 133.570906, 33.4957113 ], [ 133.57093, 33.4957112 ], [ 133.5709597, 33.4957066 ], [ 133.5709914, 33.4956964 ], [ 133.571041400000013, 33.4956669 ], [ 133.571069099999988, 33.4956457 ], [ 133.571091599999988, 33.4956177 ], [ 133.57110560000001, 33.4955912 ], [ 133.5711154, 33.4955618 ], [ 133.5711172, 33.4955407 ], [ 133.5711148, 33.4955203 ], [ 133.5711121, 33.4955013 ], [ 133.5711076, 33.4954831 ], [ 133.571100199999989, 33.4954641 ], [ 133.571093, 33.495452 ], [ 133.571077, 33.4954345 ], [ 133.5710511, 33.495417 ], [ 133.5710066, 33.495391 ], [ 133.5709488, 33.4953713 ], [ 133.5707148, 33.4953057 ], [ 133.5706759, 33.4953036 ], [ 133.5703768, 33.4952229 ], [ 133.5703547, 33.4952074 ], [ 133.570304599999986, 33.4951936 ], [ 133.5702632, 33.4951921 ], [ 133.5701817, 33.4951673 ], [ 133.5701406, 33.4951571 ] ] } },
{ "type": "Feature", "properties": { "u": 6280046731, "v": 1085589164, "key": 0, "osmid": [ 575442117, 575263382 ], "lanes": null, "ref": null, "name": null, "highway": "footway", "maxspeed": null, "oneway": false, "reversed": "True", "length": 44.137, "tunnel": null, "width": null, "bridge": null, "access": null, "service": null }, "geometry": { "type": "LineString", "coordinates": [ [ 133.5692541, 33.4959785 ], [ 133.5692774, 33.4960106 ], [ 133.5695519, 33.4958586 ], [ 133.5696093, 33.4959284 ] ] } },
{ "type": "Feature", "properties": { "u": 6280046751, "v": 6280046573, "key": 0, "osmid": "44405075", "lanes": "2", "ref": "14;35", "name": "春野赤岡線", "highway": "primary", "maxspeed": "40", "oneway": false, "reversed": "True", "length": 88.618, "tunnel": null, "width": null, "bridge": null, "access": null, "service": null }, "geometry": { "type": "LineString", "coordinates": [ [ 133.5686488, 33.4965126 ], [ 133.568711, 33.4964533 ], [ 133.5687948, 33.4963853 ], [ 133.568904, 33.4963096 ], [ 133.5691491, 33.4961725 ], [ 133.5694077, 33.4960343 ] ] } },
{ "type": "Feature", "properties": { "u": 6280046751, "v": 6280046578, "key": 0, "osmid": "670630230", "lanes": "2", "ref": "35", "name": "県道35号線", "highway": "primary_link", "maxspeed": null, "oneway": true, "reversed": "False", "length": 86.106, "tunnel": null, "width": null, "bridge": null, "access": null, "service": null }, "geometry": { "type": "LineString", "coordinates": [ [ 133.5686488, 33.4965126 ], [ 133.568711799999988, 33.4964897 ], [ 133.568819, 33.4964102 ], [ 133.56893740000001, 33.4963312 ], [ 133.569017, 33.49629 ], [ 133.569113499999986, 33.4962396 ], [ 133.5691991, 33.4962022 ], [ 133.569288199999988, 33.4961735 ], [ 133.569313, 33.4961667 ], [ 133.5693355, 33.4961639 ], [ 133.5693685, 33.4961634 ], [ 133.5694101, 33.4961669 ], [ 133.569449600000013, 33.4961772 ] ] } },
{ "type": "Feature", "properties": { "u": 6280046887, "v": 1085590881, "key": 0, "osmid": "93586950", "lanes": "2", "ref": "14", "name": "春野赤岡線", "highway": "primary", "maxspeed": "40", "oneway": false, "reversed": "True", "length": 162.503, "tunnel": null, "width": null, "bridge": null, "access": null, "service": null }, "geometry": { "type": "LineString", "coordinates": [ [ 133.5701665, 33.4950954 ], [ 133.5685081, 33.4946231 ] ] } },
{ "type": "Feature", "properties": { "u": 6280046887, "v": 6280046888, "key": 0, "osmid": "670630233", "lanes": null, "ref": null, "name": null, "highway": "unclassified", "maxspeed": null, "oneway": false, "reversed": "False", "length": 7.269, "tunnel": null, "width": null, "bridge": null, "access": null, "service": null }, "geometry": { "type": "LineString", "coordinates": [ [ 133.5701665, 33.4950954 ], [ 133.5701406, 33.4951571 ] ] } },
{ "type": "Feature", "properties": { "u": 6280046887, "v": 1085589164, "key": 0, "osmid": "93586950", "lanes": "2", "ref": "14", "name": "春野赤岡線", "highway": "primary", "maxspeed": "40", "oneway": false, "reversed": "False", "length": 297.484, "tunnel": null, "width": null, "bridge": null, "access": null, "service": null }, "geometry": { "type": "LineString", "coordinates": [ [ 133.5701665, 33.4950954 ], [ 133.570725900000014, 33.4952429 ], [ 133.571088300000014, 33.4953539 ], [ 133.5711503, 33.4953861 ], [ 133.5711878, 33.4954178 ], [ 133.571219, 33.4954538 ], [ 133.5712404, 33.4955013 ], [ 133.5712461, 33.4955529 ], [ 133.5712442, 33.495597 ], [ 133.5712316, 33.4956422 ], [ 133.5712083, 33.4956881 ], [ 133.5711782, 33.4957221 ], [ 133.5711363, 33.4957521 ], [ 133.57109220000001, 33.4957743 ], [ 133.5710349, 33.4957935 ], [ 133.5709847, 33.4957961 ], [ 133.5709352, 33.4957943 ], [ 133.5708888, 33.4957889 ], [ 133.570838, 33.4957789 ], [ 133.570758899999987, 33.495755 ], [ 133.570574099999988, 33.4956943 ], [ 133.5705135, 33.4956774 ], [ 133.5704408, 33.4956622 ], [ 133.5703732, 33.4956532 ], [ 133.5703025, 33.4956484 ], [ 133.5702331, 33.4956512 ], [ 133.5701617, 33.4956591 ], [ 133.570086800000013, 33.4956785 ], [ 133.5699823, 33.4957182 ], [ 133.5698992, 33.4957578 ], [ 133.5696093, 33.4959284 ] ] } },
{ "type": "Feature", "properties": { "u": 6280046888, "v": 6280046887, "key": 0, "osmid": "670630233", "lanes": null, "ref": null, "name": null, "highway": "unclassified", "maxspeed": null, "oneway": false, "reversed": "True", "length": 7.269, "tunnel": null, "width": null, "bridge": null, "access": null, "service": null }, "geometry": { "type": "LineString", "coordinates": [ [ 133.5701406, 33.4951571 ], [ 133.5701665, 33.4950954 ] ] } },
{ "type": "Feature", "properties": { "u": 6280046888, "v": 6280046890, "key": 0, "osmid": [ 670630233, 670630234 ], "lanes": null, "ref": null, "name": null, "highway": [ "unclassified", "service" ], "maxspeed": null, "oneway": false, "reversed": "False", "length": 59.547, "tunnel": null, "width": null, "bridge": null, "access": null, "service": null }, "geometry": { "type": "LineString", "coordinates": [ [ 133.5701406, 33.4951571 ], [ 133.5701119, 33.4952199 ], [ 133.570124600000014, 33.4954298 ], [ 133.569827299999986, 33.4955017 ] ] } },
{ "type": "Feature", "properties": { "u": 6280046888, "v": 5520410420, "key": 0, "osmid": [ 671744433, 671744434, 670630235, 670630236 ], "lanes": null, "ref": null, "name": null, "highway": "footway", "maxspeed": null, "oneway": false, "reversed": "False", "length": 162.754, "tunnel": null, "width": null, "bridge": null, "access": null, "service": null }, "geometry": { "type": "LineString", "coordinates": [ [ 133.5701406, 33.4951571 ], [ 133.5701065, 33.4951487 ], [ 133.5696187, 33.4950089 ], [ 133.5695253, 33.4949678 ], [ 133.5691323, 33.4948533 ], [ 133.569085, 33.4948483 ], [ 133.5685288, 33.4946873 ], [ 133.5684858, 33.494675 ] ] } },
{ "type": "Feature", "properties": { "u": 6280046888, "v": 6280046731, "key": 0, "osmid": [ 670630236, 670405829, 575263383 ], "lanes": null, "ref": null, "name": null, "highway": "footway", "maxspeed": null, "oneway": false, "reversed": "True", "length": 308.817, "tunnel": null, "width": null, "bridge": null, "access": null, "service": null }, "geometry": { "type": "LineString", "coordinates": [ [ 133.5701406, 33.4951571 ], [ 133.5701817, 33.4951673 ], [ 133.5702632, 33.4951921 ], [ 133.570304599999986, 33.4951936 ], [ 133.5703547, 33.4952074 ], [ 133.5703768, 33.4952229 ], [ 133.5706759, 33.4953036 ], [ 133.5707148, 33.4953057 ], [ 133.5709488, 33.4953713 ], [ 133.5710066, 33.495391 ], [ 133.5710511, 33.495417 ], [ 133.571077, 33.4954345 ], [ 133.571093, 33.495452 ], [ 133.571100199999989, 33.4954641 ], [ 133.5711076, 33.4954831 ], [ 133.5711121, 33.4955013 ], [ 133.5711148, 33.4955203 ], [ 133.5711172, 33.4955407 ], [ 133.5711154, 33.4955618 ], [ 133.57110560000001, 33.4955912 ], [ 133.571091599999988, 33.4956177 ], [ 133.571069099999988, 33.4956457 ], [ 133.571041400000013, 33.4956669 ], [ 133.5709914, 33.4956964 ], [ 133.5709597, 33.4957066 ], [ 133.57093, 33.4957112 ], [ 133.570906, 33.4957113 ], [ 133.5708856, 33.4957107 ], [ 133.570863, 33.4957074 ], [ 133.5708477, 33.495702 ], [ 133.5708233, 33.4956883 ], [ 133.570785699999988, 33.495662 ], [ 133.570709599999986, 33.4956166 ], [ 133.5706269, 33.4955675 ], [ 133.5705519, 33.4955387 ], [ 133.570492, 33.4955211 ], [ 133.5704196, 33.4955078 ], [ 133.5703872, 33.4955105 ], [ 133.570353, 33.4955147 ], [ 133.570231400000011, 33.4955331 ], [ 133.5701348, 33.4955644 ], [ 133.5700305, 33.4955933 ], [ 133.569924, 33.4956249 ], [ 133.5698059, 33.4956661 ], [ 133.569709, 33.4957128 ], [ 133.569526, 33.4958304 ], [ 133.5692541, 33.4959785 ] ] } },
{ "type": "Feature", "properties": { "u": 6280046890, "v": 6280046888, "key": 0, "osmid": [ 670630233, 670630234 ], "lanes": null, "ref": null, "name": null, "highway": [ "unclassified", "service" ], "maxspeed": null, "oneway": false, "reversed": "True", "length": 59.547, "tunnel": null, "width": null, "bridge": null, "access": null, "service": null }, "geometry": { "type": "LineString", "coordinates": [ [ 133.569827299999986, 33.4955017 ], [ 133.570124600000014, 33.4954298 ], [ 133.5701119, 33.4952199 ], [ 133.5701406, 33.4951571 ] ] } },
{ "type": "Feature", "properties": { "u": 6280082807, "v": 6280082958, "key": 0, "osmid": "670634182", "lanes": null, "ref": null, "name": null, "highway": "service", "maxspeed": null, "oneway": false, "reversed": "False", "length": 33.549, "tunnel": null, "width": null, "bridge": null, "access": null, "service": "parking_aisle" }, "geometry": { "type": "LineString", "coordinates": [ [ 133.572855800000013, 33.4993533 ], [ 133.5728723, 33.4990519 ] ] } },
{ "type": "Feature", "properties": { "u": 6280082807, "v": 1431985067, "key": 0, "osmid": "734500724", "lanes": null, "ref": null, "name": null, "highway": "unclassified", "maxspeed": null, "oneway": false, "reversed": "False", "length": 24.864, "tunnel": null, "width": null, "bridge": null, "access": null, "service": null }, "geometry": { "type": "LineString", "coordinates": [ [ 133.572855800000013, 33.4993533 ], [ 133.5729939, 33.4993962 ], [ 133.573111399999988, 33.4994195 ] ] } },
{ "type": "Feature", "properties": { "u": 6280082807, "v": 6280082812, "key": 0, "osmid": "734500724", "lanes": null, "ref": null, "name": null, "highway": "unclassified", "maxspeed": null, "oneway": false, "reversed": "True", "length": 108.626, "tunnel": null, "width": null, "bridge": null, "access": null, "service": null }, "geometry": { "type": "LineString", "coordinates": [ [ 133.572855800000013, 33.4993533 ], [ 133.5727808, 33.49931 ], [ 133.5727154, 33.4992594 ], [ 133.5726292, 33.49924 ], [ 133.5725826, 33.4992192 ], [ 133.5722506, 33.4990981 ], [ 133.5721906, 33.499065 ], [ 133.5721438, 33.4990374 ], [ 133.5721096, 33.4990216 ], [ 133.5719972, 33.4990082 ], [ 133.5717946, 33.4989841 ] ] } },
{ "type": "Feature", "properties": { "u": 6280082812, "v": 6280082814, "key": 0, "osmid": "670634175", "lanes": null, "ref": null, "name": null, "highway": "path", "maxspeed": null, "oneway": false, "reversed": "False", "length": 35.255, "tunnel": null, "width": null, "bridge": null, "access": null, "service": null }, "geometry": { "type": "LineString", "coordinates": [ [ 133.5717946, 33.4989841 ], [ 133.5717635, 33.4991938 ], [ 133.5717411, 33.4992979 ] ] } },
{ "type": "Feature", "properties": { "u": 6280082812, "v": 6280082807, "key": 0, "osmid": "734500724", "lanes": null, "ref": null, "name": null, "highway": "unclassified", "maxspeed": null, "oneway": false, "reversed": "False", "length": 108.626, "tunnel": null, "width": null, "bridge": null, "access": null, "service": null }, "geometry": { "type": "LineString", "coordinates": [ [ 133.5717946, 33.4989841 ], [ 133.5719972, 33.4990082 ], [ 133.5721096, 33.4990216 ], [ 133.5721438, 33.4990374 ], [ 133.5721906, 33.499065 ], [ 133.5722506, 33.4990981 ], [ 133.5725826, 33.4992192 ], [ 133.5726292, 33.49924 ], [ 133.5727154, 33.4992594 ], [ 133.5727808, 33.49931 ], [ 133.572855800000013, 33.4993533 ] ] } },
{ "type": "Feature", "properties": { "u": 6280082812, "v": 6290324535, "key": 0, "osmid": "734500724", "lanes": null, "ref": null, "name": null, "highway": "unclassified", "maxspeed": null, "oneway": false, "reversed": "True", "length": 25.694, "tunnel": null, "width": null, "bridge": null, "access": null, "service": null }, "geometry": { "type": "LineString", "coordinates": [ [ 133.5717946, 33.4989841 ], [ 133.5716022, 33.4989613 ], [ 133.5715344, 33.4989513 ], [ 133.5715209, 33.4989485 ] ] } },
{ "type": "Feature", "properties": { "u": 6280082814, "v": 1431985067, "key": 0, "osmid": [ 670634174, 317513943 ], "lanes": null, "ref": null, "name": null, "highway": [ "path", "unclassified" ], "maxspeed": null, "oneway": false, "reversed": "False", "length": 128.066, "tunnel": null, "width": null, "bridge": null, "access": null, "service": null }, "geometry": { "type": "LineString", "coordinates": [ [ 133.5717411, 33.4992979 ], [ 133.572019, 33.4993228 ], [ 133.5726501, 33.4993941 ], [ 133.5727383, 33.4994027 ], [ 133.572998, 33.4994304 ], [ 133.573111399999988, 33.4994195 ] ] } },
{ "type": "Feature", "properties": { "u": 6280082814, "v": 6290324544, "key": 0, "osmid": "317513943", "lanes": null, "ref": null, "name": null, "highway": "path", "maxspeed": null, "oneway": false, "reversed": "True", "length": 72.239, "tunnel": null, "width": null, "bridge": null, "access": null, "service": null }, "geometry": { "type": "LineString", "coordinates": [ [ 133.5717411, 33.4992979 ], [ 133.5713356, 33.4992634 ], [ 133.5709862, 33.4992036 ], [ 133.5709717, 33.4992012 ] ] } },
{ "type": "Feature", "properties": { "u": 6280082814, "v": 6280082812, "key": 0, "osmid": "670634175", "lanes": null, "ref": null, "name": null, "highway": "path", "maxspeed": null, "oneway": false, "reversed": "True", "length": 35.255, "tunnel": null, "width": null, "bridge": null, "access": null, "service": null }, "geometry": { "type": "LineString", "coordinates": [ [ 133.5717411, 33.4992979 ], [ 133.5717635, 33.4991938 ], [ 133.5717946, 33.4989841 ] ] } },
{ "type": "Feature", "properties": { "u": 6280082900, "v": 1431985067, "key": 0, "osmid": "734500724", "lanes": null, "ref": null, "name": null, "highway": "unclassified", "maxspeed": null, "oneway": false, "reversed": "True", "length": 13.12, "tunnel": null, "width": null, "bridge": null, "access": null, "service": null }, "geometry": { "type": "LineString", "coordinates": [ [ 133.5732528, 33.4994239 ], [ 133.573111399999988, 33.4994195 ] ] } },
{ "type": "Feature", "properties": { "u": 6280082900, "v": 6280082902, "key": 0, "osmid": "670634177", "lanes": null, "ref": null, "name": null, "highway": "residential", "maxspeed": null, "oneway": false, "reversed": "False", "length": 37.41, "tunnel": null, "width": null, "bridge": null, "access": null, "service": null }, "geometry": { "type": "LineString", "coordinates": [ [ 133.5732528, 33.4994239 ], [ 133.573234500000012, 33.499558 ], [ 133.5731975, 33.4997571 ] ] } },
{ "type": "Feature", "properties": { "u": 6280082900, "v": 5331463183, "key": 0, "osmid": [ 734500724, 129854045 ], "lanes": null, "ref": null, "name": null, "highway": [ "unclassified", "tertiary" ], "maxspeed": null, "oneway": false, "reversed": "False", "length": 15.855, "tunnel": null, "width": null, "bridge": null, "access": null, "service": null }, "geometry": { "type": "LineString", "coordinates": [ [ 133.5732528, 33.4994239 ], [ 133.5732716, 33.4994245 ], [ 133.5734168, 33.4993865 ] ] } },
{ "type": "Feature", "properties": { "u": 6280082902, "v": 6280082900, "key": 0, "osmid": "670634177", "lanes": null, "ref": null, "name": null, "highway": "residential", "maxspeed": null, "oneway": false, "reversed": "True", "length": 37.41, "tunnel": null, "width": null, "bridge": null, "access": null, "service": null }, "geometry": { "type": "LineString", "coordinates": [ [ 133.5731975, 33.4997571 ], [ 133.573234500000012, 33.499558 ], [ 133.5732528, 33.4994239 ] ] } },
{ "type": "Feature", "properties": { "u": 6280082958, "v": 6280082807, "key": 0, "osmid": "670634182", "lanes": null, "ref": null, "name": null, "highway": "service", "maxspeed": null, "oneway": false, "reversed": "True", "length": 33.549, "tunnel": null, "width": null, "bridge": null, "access": null, "service": "parking_aisle" }, "geometry": { "type": "LineString", "coordinates": [ [ 133.5728723, 33.4990519 ], [ 133.572855800000013, 33.4993533 ] ] } },
{ "type": "Feature", "properties": { "u": 6280083027, "v": 5362555616, "key": 0, "osmid": "555864724", "lanes": null, "ref": null, "name": null, "highway": "path", "maxspeed": null, "oneway": false, "reversed": "False", "length": 36.382, "tunnel": null, "width": null, "bridge": null, "access": null, "service": null }, "geometry": { "type": "LineString", "coordinates": [ [ 133.5746861, 33.4979944 ], [ 133.574893, 33.4977164 ] ] } },
{ "type": "Feature", "properties": { "u": 6280083027, "v": 6280083027, "key": 0, "osmid": "670634193", "lanes": null, "ref": null, "name": null, "highway": "path", "maxspeed": null, "oneway": false, "reversed": "False", "length": 14.662, "tunnel": null, "width": null, "bridge": null, "access": null, "service": null }, "geometry": { "type": "LineString", "coordinates": [ [ 133.5746861, 33.4979944 ], [ 133.5746786, 33.4979914 ], [ 133.5746703, 33.4979906 ], [ 133.5746622, 33.497992 ], [ 133.574655, 33.4979957 ], [ 133.5746497, 33.498001 ], [ 133.574646800000011, 33.4980075 ], [ 133.5746465, 33.4980145 ], [ 133.574649, 33.4980211 ], [ 133.574653899999987, 33.4980268 ], [ 133.5746608, 33.4980307 ], [ 133.574668800000012, 33.4980326 ], [ 133.5746772, 33.4980322 ], [ 133.5746848, 33.4980296 ], [ 133.5746911, 33.498025 ], [ 133.5746952, 33.498019 ], [ 133.5746968, 33.4980122 ], [ 133.5746957, 33.4980054 ], [ 133.574692, 33.4979992 ], [ 133.5746861, 33.4979944 ] ] } },
{ "type": "Feature", "properties": { "u": 6280083027, "v": 6280083027, "key": 1, "osmid": "670634193", "lanes": null, "ref": null, "name": null, "highway": "path", "maxspeed": null, "oneway": false, "reversed": "True", "length": 14.662, "tunnel": null, "width": null, "bridge": null, "access": null, "service": null }, "geometry": { "type": "LineString", "coordinates": [ [ 133.5746861, 33.4979944 ], [ 133.574692, 33.4979992 ], [ 133.5746957, 33.4980054 ], [ 133.5746968, 33.4980122 ], [ 133.5746952, 33.498019 ], [ 133.5746911, 33.498025 ], [ 133.5746848, 33.4980296 ], [ 133.5746772, 33.4980322 ], [ 133.574668800000012, 33.4980326 ], [ 133.5746608, 33.4980307 ], [ 133.574653899999987, 33.4980268 ], [ 133.574649, 33.4980211 ], [ 133.5746465, 33.4980145 ], [ 133.574646800000011, 33.4980075 ], [ 133.5746497, 33.498001 ], [ 133.574655, 33.4979957 ], [ 133.5746622, 33.497992 ], [ 133.5746703, 33.4979906 ], [ 133.5746786, 33.4979914 ], [ 133.5746861, 33.4979944 ] ] } },
{ "type": "Feature", "properties": { "u": 6280094559, "v": 5520410420, "key": 0, "osmid": [ 142326497, 670635686 ], "lanes": null, "ref": null, "name": null, "highway": [ "unclassified", "service" ], "maxspeed": null, "oneway": false, "reversed": [ false, true ], "length": 146.575, "tunnel": null, "width": null, "bridge": null, "access": "private", "service": null }, "geometry": { "type": "LineString", "coordinates": [ [ 133.5683405, 33.4959492 ], [ 133.568316, 33.4957631 ], [ 133.5682807, 33.4957073 ], [ 133.5682627, 33.495508 ], [ 133.5682648, 33.4952346 ], [ 133.568284, 33.495098 ], [ 133.568344, 33.494918 ], [ 133.5684858, 33.494675 ] ] } },
{ "type": "Feature", "properties": { "u": 6290324357, "v": 2569489193, "key": 0, "osmid": [ 250513031, 671741435, 671741436, 573204143 ], "lanes": null, "ref": null, "name": null, "highway": "service", "maxspeed": null, "oneway": false, "reversed": [ false, true ], "length": 184.796, "tunnel": null, "width": null, "bridge": null, "access": null, "service": [ "driveway", "parking_aisle" ] }, "geometry": { "type": "LineString", "coordinates": [ [ 133.571941399999986, 33.4961259 ], [ 133.5720861, 33.4962047 ], [ 133.5721352, 33.4962116 ], [ 133.5721772, 33.4961931 ], [ 133.5721912, 33.4961484 ], [ 133.5721701, 33.4961249 ], [ 133.5721116, 33.4960996 ], [ 133.57191850000001, 33.4960276 ], [ 133.5718525, 33.4960072 ], [ 133.5718114, 33.4960086 ], [ 133.571763299999986, 33.4960245 ], [ 133.571720699999986, 33.4960448 ], [ 133.57168630000001, 33.4960695 ], [ 133.5716706, 33.4960933 ], [ 133.571696, 33.4962162 ], [ 133.5717146, 33.4963472 ], [ 133.5717296, 33.496511 ], [ 133.5717302, 33.4965316 ], [ 133.571734600000013, 33.4966228 ], [ 133.571736, 33.4967134 ], [ 133.571737399999989, 33.4968432 ], [ 133.5718243, 33.4969565 ] ] } },
{ "type": "Feature", "properties": { "u": 6290324517, "v": 6290324520, "key": 0, "osmid": "671741441", "lanes": null, "ref": null, "name": null, "highway": "residential", "maxspeed": null, "oneway": false, "reversed": "False", "length": 26.064, "tunnel": null, "width": null, "bridge": null, "access": null, "service": null }, "geometry": { "type": "LineString", "coordinates": [ [ 133.5683507, 33.4984272 ], [ 133.5683323, 33.4986611 ] ] } },
{ "type": "Feature", "properties": { "u": 6290324517, "v": 564465486, "key": 0, "osmid": "734500724", "lanes": null, "ref": null, "name": null, "highway": "unclassified", "maxspeed": null, "oneway": false, "reversed": "False", "length": 39.664, "tunnel": null, "width": null, "bridge": null, "access": null, "service": null }, "geometry": { "type": "LineString", "coordinates": [ [ 133.5683507, 33.4984272 ], [ 133.5687777, 33.4984484 ] ] } },
{ "type": "Feature", "properties": { "u": 6290324517, "v": 1431985005, "key": 0, "osmid": "734500724", "lanes": null, "ref": null, "name": null, "highway": "unclassified", "maxspeed": null, "oneway": false, "reversed": "True", "length": 70.972, "tunnel": null, "width": null, "bridge": null, "access": null, "service": null }, "geometry": { "type": "LineString", "coordinates": [ [ 133.5683507, 33.4984272 ], [ 133.568331, 33.4984262 ], [ 133.567671600000011, 33.4983899 ], [ 133.567588300000011, 33.4984033 ] ] } },
{ "type": "Feature", "properties": { "u": 6290324519, "v": 6290324520, "key": 0, "osmid": "671741441", "lanes": null, "ref": null, "name": null, "highway": "residential", "maxspeed": null, "oneway": false, "reversed": "True", "length": 24.629, "tunnel": null, "width": null, "bridge": null, "access": null, "service": null }, "geometry": { "type": "LineString", "coordinates": [ [ 133.568221099999988, 33.4987915 ], [ 133.5683215, 33.4987983 ], [ 133.5683323, 33.4986611 ] ] } },
{ "type": "Feature", "properties": { "u": 6290324520, "v": 6290324517, "key": 0, "osmid": "671741441", "lanes": null, "ref": null, "name": null, "highway": "residential", "maxspeed": null, "oneway": false, "reversed": "True", "length": 26.064, "tunnel": null, "width": null, "bridge": null, "access": null, "service": null }, "geometry": { "type": "LineString", "coordinates": [ [ 133.5683323, 33.4986611 ], [ 133.5683507, 33.4984272 ] ] } },
{ "type": "Feature", "properties": { "u": 6290324520, "v": 6290324521, "key": 0, "osmid": "671741442", "lanes": null, "ref": null, "name": null, "highway": "path", "maxspeed": null, "oneway": false, "reversed": "False", "length": 17.146, "tunnel": null, "width": null, "bridge": null, "access": null, "service": null }, "geometry": { "type": "LineString", "coordinates": [ [ 133.5683323, 33.4986611 ], [ 133.568516499999987, 33.4986746 ] ] } },
{ "type": "Feature", "properties": { "u": 6290324520, "v": 6290324519, "key": 0, "osmid": "671741441", "lanes": null, "ref": null, "name": null, "highway": "residential", "maxspeed": null, "oneway": false, "reversed": "False", "length": 24.629, "tunnel": null, "width": null, "bridge": null, "access": null, "service": null }, "geometry": { "type": "LineString", "coordinates": [ [ 133.5683323, 33.4986611 ], [ 133.5683215, 33.4987983 ], [ 133.568221099999988, 33.4987915 ] ] } },
{ "type": "Feature", "properties": { "u": 6290324521, "v": 6290324520, "key": 0, "osmid": "671741442", "lanes": null, "ref": null, "name": null, "highway": "path", "maxspeed": null, "oneway": false, "reversed": "True", "length": 17.146, "tunnel": null, "width": null, "bridge": null, "access": null, "service": null }, "geometry": { "type": "LineString", "coordinates": [ [ 133.568516499999987, 33.4986746 ], [ 133.5683323, 33.4986611 ] ] } },
{ "type": "Feature", "properties": { "u": 6290324526, "v": 1557772982, "key": 0, "osmid": [ 142325544, 671741443 ], "lanes": null, "ref": null, "name": null, "highway": [ "path", "residential" ], "maxspeed": null, "oneway": false, "reversed": [ false, true ], "length": 81.314, "tunnel": null, "width": null, "bridge": null, "access": null, "service": null }, "geometry": { "type": "LineString", "coordinates": [ [ 133.5694818, 33.4977438 ], [ 133.5693948, 33.4977555 ], [ 133.569398, 33.497992 ], [ 133.5694048, 33.4980955 ], [ 133.569419, 33.4982164 ], [ 133.5694484, 33.498411 ] ] } },
{ "type": "Feature", "properties": { "u": 6290324534, "v": 6290324535, "key": 0, "osmid": "671741444", "lanes": null, "ref": null, "name": null, "highway": "path", "maxspeed": null, "oneway": false, "reversed": "False", "length": 27.054, "tunnel": null, "width": null, "bridge": null, "access": null, "service": null }, "geometry": { "type": "LineString", "coordinates": [ [ 133.5715815, 33.4987105 ], [ 133.5715209, 33.4989485 ] ] } },
{ "type": "Feature", "properties": { "u": 6290324534, "v": 3237851944, "key": 0, "osmid": "317513944", "lanes": null, "ref": null, "name": null, "highway": "unclassified", "maxspeed": null, "oneway": false, "reversed": "True", "length": 89.575, "tunnel": null, "width": null, "bridge": null, "access": null, "service": null }, "geometry": { "type": "LineString", "coordinates": [ [ 133.5715815, 33.4987105 ], [ 133.5714259, 33.4986822 ], [ 133.571304199999986, 33.4986732 ], [ 133.5712318, 33.4986616 ], [ 133.5711574, 33.4986428 ], [ 133.5710545, 33.4986107 ], [ 133.5709467, 33.498587 ], [ 133.57086670000001, 33.4985736 ], [ 133.5707655, 33.4985583 ], [ 133.570638300000013, 33.4985535 ] ] } },
{ "type": "Feature", "properties": { "u": 6290324534, "v": 6290324537, "key": 0, "osmid": "671741445", "lanes": null, "ref": null, "name": null, "highway": "path", "maxspeed": null, "oneway": false, "reversed": "False", "length": 33.921, "tunnel": null, "width": null, "bridge": null, "access": null, "service": null }, "geometry": { "type": "LineString", "coordinates": [ [ 133.5715815, 33.4987105 ], [ 133.571731, 33.4987336 ], [ 133.571790600000014, 33.4985624 ] ] } },
{ "type": "Feature", "properties": { "u": 6290324535, "v": 6290324534, "key": 0, "osmid": "671741444", "lanes": null, "ref": null, "name": null, "highway": "path", "maxspeed": null, "oneway": false, "reversed": "True", "length": 27.054, "tunnel": null, "width": null, "bridge": null, "access": null, "service": null }, "geometry": { "type": "LineString", "coordinates": [ [ 133.5715209, 33.4989485 ], [ 133.5715815, 33.4987105 ] ] } },
{ "type": "Feature", "properties": { "u": 6290324535, "v": 564465507, "key": 0, "osmid": "734500724", "lanes": null, "ref": null, "name": null, "highway": "unclassified", "maxspeed": null, "oneway": false, "reversed": "True", "length": 48.144, "tunnel": null, "width": null, "bridge": null, "access": null, "service": null }, "geometry": { "type": "LineString", "coordinates": [ [ 133.5715209, 33.4989485 ], [ 133.5710145, 33.4988529 ] ] } },
{ "type": "Feature", "properties": { "u": 6290324535, "v": 6280082812, "key": 0, "osmid": "734500724", "lanes": null, "ref": null, "name": null, "highway": "unclassified", "maxspeed": null, "oneway": false, "reversed": "False", "length": 25.694, "tunnel": null, "width": null, "bridge": null, "access": null, "service": null }, "geometry": { "type": "LineString", "coordinates": [ [ 133.5715209, 33.4989485 ], [ 133.5715344, 33.4989513 ], [ 133.5716022, 33.4989613 ], [ 133.5717946, 33.4989841 ] ] } },
{ "type": "Feature", "properties": { "u": 6290324537, "v": 6290324534, "key": 0, "osmid": "671741445", "lanes": null, "ref": null, "name": null, "highway": "path", "maxspeed": null, "oneway": false, "reversed": "True", "length": 33.921, "tunnel": null, "width": null, "bridge": null, "access": null, "service": null }, "geometry": { "type": "LineString", "coordinates": [ [ 133.571790600000014, 33.4985624 ], [ 133.571731, 33.4987336 ], [ 133.5715815, 33.4987105 ] ] } },
{ "type": "Feature", "properties": { "u": 6290324538, "v": 1557773125, "key": 0, "osmid": "142325404", "lanes": null, "ref": null, "name": null, "highway": "unclassified", "maxspeed": null, "oneway": false, "reversed": "False", "length": 15.395, "tunnel": null, "width": null, "bridge": null, "access": null, "service": null }, "geometry": { "type": "LineString", "coordinates": [ [ 133.570339, 33.4989588 ], [ 133.5703508, 33.4990969 ] ] } },
{ "type": "Feature", "properties": { "u": 6290324538, "v": 1557773075, "key": 0, "osmid": "142325404", "lanes": null, "ref": null, "name": null, "highway": "unclassified", "maxspeed": null, "oneway": false, "reversed": "True", "length": 18.241, "tunnel": null, "width": null, "bridge": null, "access": null, "service": null }, "geometry": { "type": "LineString", "coordinates": [ [ 133.570339, 33.4989588 ], [ 133.570334300000013, 33.4987948 ] ] } },
{ "type": "Feature", "properties": { "u": 6290324538, "v": 6290324539, "key": 0, "osmid": "671741446", "lanes": null, "ref": null, "name": null, "highway": "residential", "maxspeed": null, "oneway": false, "reversed": "False", "length": 18.184, "tunnel": null, "width": null, "bridge": null, "access": null, "service": null }, "geometry": { "type": "LineString", "coordinates": [ [ 133.570339, 33.4989588 ], [ 133.5705351, 33.4989599 ] ] } },
{ "type": "Feature", "properties": { "u": 6290324539, "v": 6290324538, "key": 0, "osmid": "671741446", "lanes": null, "ref": null, "name": null, "highway": "residential", "maxspeed": null, "oneway": false, "reversed": "True", "length": 18.184, "tunnel": null, "width": null, "bridge": null, "access": null, "service": null }, "geometry": { "type": "LineString", "coordinates": [ [ 133.5705351, 33.4989599 ], [ 133.570339, 33.4989588 ] ] } },
{ "type": "Feature", "properties": { "u": 6290324540, "v": 6290324542, "key": 0, "osmid": "671741447", "lanes": null, "ref": null, "name": null, "highway": "path", "maxspeed": null, "oneway": false, "reversed": "False", "length": 36.21, "tunnel": null, "width": null, "bridge": null, "access": null, "service": null }, "geometry": { "type": "LineString", "coordinates": [ [ 133.570808699999986, 33.4988455 ], [ 133.5708055, 33.4990633 ], [ 133.5707845, 33.4991697 ] ] } },
{ "type": "Feature", "properties": { "u": 6290324540, "v": 564465507, "key": 0, "osmid": "734500724", "lanes": null, "ref": null, "name": null, "highway": "unclassified", "maxspeed": null, "oneway": false, "reversed": "False", "length": 19.186, "tunnel": null, "width": null, "bridge": null, "access": null, "service": null }, "geometry": { "type": "LineString", "coordinates": [ [ 133.570808699999986, 33.4988455 ], [ 133.5709249, 33.4988416 ], [ 133.5710145, 33.4988529 ] ] } },
{ "type": "Feature", "properties": { "u": 6290324540, "v": 1557773075, "key": 0, "osmid": "734500724", "lanes": null, "ref": null, "name": null, "highway": "unclassified", "maxspeed": null, "oneway": false, "reversed": "True", "length": 44.757, "tunnel": null, "width": null, "bridge": null, "access": null, "service": null }, "geometry": { "type": "LineString", "coordinates": [ [ 133.570808699999986, 33.4988455 ], [ 133.5704288, 33.4988201 ], [ 133.5703969, 33.4988203 ], [ 133.570334300000013, 33.4987948 ] ] } },
{ "type": "Feature", "properties": { "u": 6290324542, "v": 6290324544, "key": 0, "osmid": "317513943", "lanes": null, "ref": null, "name": null, "highway": "path", "maxspeed": null, "oneway": false, "reversed": "False", "length": 17.708, "tunnel": null, "width": null, "bridge": null, "access": null, "service": null }, "geometry": { "type": "LineString", "coordinates": [ [ 133.5707845, 33.4991697 ], [ 133.5709717, 33.4992012 ] ] } },
{ "type": "Feature", "properties": { "u": 6290324542, "v": 1557773125, "key": 0, "osmid": "317513943", "lanes": null, "ref": null, "name": null, "highway": "path", "maxspeed": null, "oneway": false, "reversed": "True", "length": 41.021, "tunnel": null, "width": null, "bridge": null, "access": null, "service": null }, "geometry": { "type": "LineString", "coordinates": [ [ 133.5707845, 33.4991697 ], [ 133.5703508, 33.4990969 ] ] } },
{ "type": "Feature", "properties": { "u": 6290324542, "v": 6290324540, "key": 0, "osmid": "671741447", "lanes": null, "ref": null, "name": null, "highway": "path", "maxspeed": null, "oneway": false, "reversed": "True", "length": 36.21, "tunnel": null, "width": null, "bridge": null, "access": null, "service": null }, "geometry": { "type": "LineString", "coordinates": [ [ 133.5707845, 33.4991697 ], [ 133.5708055, 33.4990633 ], [ 133.570808699999986, 33.4988455 ] ] } },
{ "type": "Feature", "properties": { "u": 6290324544, "v": 6290324542, "key": 0, "osmid": "317513943", "lanes": null, "ref": null, "name": null, "highway": "path", "maxspeed": null, "oneway": false, "reversed": "True", "length": 17.708, "tunnel": null, "width": null, "bridge": null, "access": null, "service": null }, "geometry": { "type": "LineString", "coordinates": [ [ 133.5709717, 33.4992012 ], [ 133.5707845, 33.4991697 ] ] } },
{ "type": "Feature", "properties": { "u": 6290324544, "v": 6280082814, "key": 0, "osmid": "317513943", "lanes": null, "ref": null, "name": null, "highway": "path", "maxspeed": null, "oneway": false, "reversed": "False", "length": 72.239, "tunnel": null, "width": null, "bridge": null, "access": null, "service": null }, "geometry": { "type": "LineString", "coordinates": [ [ 133.5709717, 33.4992012 ], [ 133.5709862, 33.4992036 ], [ 133.5713356, 33.4992634 ], [ 133.5717411, 33.4992979 ] ] } },
{ "type": "Feature", "properties": { "u": 6290324544, "v": 564465507, "key": 0, "osmid": "671741448", "lanes": null, "ref": null, "name": null, "highway": "path", "maxspeed": null, "oneway": false, "reversed": "True", "length": 38.937, "tunnel": null, "width": null, "bridge": null, "access": null, "service": null }, "geometry": { "type": "LineString", "coordinates": [ [ 133.5709717, 33.4992012 ], [ 133.5710047, 33.4989116 ], [ 133.5710145, 33.4988529 ] ] } },
{ "type": "Feature", "properties": { "u": 6290324550, "v": 6290324551, "key": 0, "osmid": "671741449", "lanes": null, "ref": null, "name": null, "highway": "path", "maxspeed": null, "oneway": false, "reversed": "False", "length": 16.624, "tunnel": null, "width": null, "bridge": null, "access": null, "service": null }, "geometry": { "type": "LineString", "coordinates": [ [ 133.5697255, 33.4986925 ], [ 133.569727, 33.498842 ] ] } },
{ "type": "Feature", "properties": { "u": 6290324550, "v": 564465498, "key": 0, "osmid": "734500724", "lanes": null, "ref": null, "name": null, "highway": "unclassified", "maxspeed": null, "oneway": false, "reversed": "False", "length": 49.887, "tunnel": null, "width": null, "bridge": null, "access": null, "service": null }, "geometry": { "type": "LineString", "coordinates": [ [ 133.5697255, 33.4986925 ], [ 133.5701113, 33.4986944 ], [ 133.5701698, 33.4986977 ], [ 133.570209799999986, 33.4987103 ], [ 133.5702559, 33.4987281 ] ] } },
{ "type": "Feature", "properties": { "u": 6290324550, "v": 564465486, "key": 0, "osmid": "734500724", "lanes": null, "ref": null, "name": null, "highway": "unclassified", "maxspeed": null, "oneway": false, "reversed": "True", "length": 110.416, "tunnel": null, "width": null, "bridge": null, "access": null, "service": null }, "geometry": { "type": "LineString", "coordinates": [ [ 133.5697255, 33.4986925 ], [ 133.569330900000011, 33.4986905 ], [ 133.5688853, 33.498704 ], [ 133.5688519, 33.4987004 ], [ 133.5688326, 33.4986822 ], [ 133.568816700000013, 33.4986572 ], [ 133.5688102, 33.4986352 ], [ 133.5687777, 33.4984484 ] ] } },
{ "type": "Feature", "properties": { "u": 6290324551, "v": 6290324550, "key": 0, "osmid": "671741449", "lanes": null, "ref": null, "name": null, "highway": "path", "maxspeed": null, "oneway": false, "reversed": "True", "length": 16.624, "tunnel": null, "width": null, "bridge": null, "access": null, "service": null }, "geometry": { "type": "LineString", "coordinates": [ [ 133.569727, 33.498842 ], [ 133.5697255, 33.4986925 ] ] } },
{ "type": "Feature", "properties": { "u": 6290324567, "v": 1557772962, "key": 0, "osmid": "671741450", "lanes": null, "ref": null, "name": null, "highway": "path", "maxspeed": null, "oneway": false, "reversed": "True", "length": 169.413, "tunnel": null, "width": null, "bridge": null, "access": null, "service": null }, "geometry": { "type": "LineString", "coordinates": [ [ 133.5704423, 33.4968401 ], [ 133.5704438, 33.4968799 ], [ 133.57043920000001, 33.4968992 ], [ 133.5704361, 33.4969223 ], [ 133.570431500000012, 33.4969441 ], [ 133.570431500000012, 33.4969917 ], [ 133.570437700000014, 33.4970289 ], [ 133.5704408, 33.4970572 ], [ 133.5704408, 33.4970842 ], [ 133.5704799, 33.4971184 ], [ 133.5704738, 33.4974041 ], [ 133.570458699999989, 33.4975834 ], [ 133.5704156, 33.4978116 ], [ 133.5703322, 33.4982507 ], [ 133.570306, 33.4983378 ] ] } },
{ "type": "Feature", "properties": { "u": 6290324632, "v": 3237851940, "key": 0, "osmid": "142326043", "lanes": null, "ref": null, "name": null, "highway": "unclassified", "maxspeed": null, "oneway": false, "reversed": "True", "length": 19.348, "tunnel": null, "width": null, "bridge": null, "access": null, "service": null }, "geometry": { "type": "LineString", "coordinates": [ [ 133.5703307, 33.498384 ], [ 133.57033770000001, 33.4985579 ] ] } },
{ "type": "Feature", "properties": { "u": 6290324632, "v": 1557772962, "key": 0, "osmid": "142326043", "lanes": null, "ref": null, "name": null, "highway": "unclassified", "maxspeed": null, "oneway": false, "reversed": "False", "length": 6.161, "tunnel": null, "width": null, "bridge": null, "access": null, "service": null }, "geometry": { "type": "LineString", "coordinates": [ [ 133.5703307, 33.498384 ], [ 133.570329500000014, 33.4983541 ], [ 133.570306, 33.4983378 ] ] } },
{ "type": "Feature", "properties": { "u": 6290324632, "v": 6290324637, "key": 0, "osmid": "671741459", "lanes": null, "ref": null, "name": null, "highway": "service", "maxspeed": null, "oneway": false, "reversed": "False", "length": 76.19, "tunnel": null, "width": null, "bridge": null, "access": null, "service": "driveway" }, "geometry": { "type": "LineString", "coordinates": [ [ 133.5703307, 33.498384 ], [ 133.5704443, 33.4983381 ], [ 133.57047080000001, 33.4982555 ], [ 133.5704974, 33.4980563 ], [ 133.570531, 33.4979323 ], [ 133.5705398, 33.4977656 ] ] } },
{ "type": "Feature", "properties": { "u": 6290324637, "v": 6290324632, "key": 0, "osmid": "671741459", "lanes": null, "ref": null, "name": null, "highway": "service", "maxspeed": null, "oneway": false, "reversed": "True", "length": 76.19, "tunnel": null, "width": null, "bridge": null, "access": null, "service": "driveway" }, "geometry": { "type": "LineString", "coordinates": [ [ 133.5705398, 33.4977656 ], [ 133.570531, 33.4979323 ], [ 133.5704974, 33.4980563 ], [ 133.57047080000001, 33.4982555 ], [ 133.5704443, 33.4983381 ], [ 133.5703307, 33.498384 ] ] } },
{ "type": "Feature", "properties": { "u": 6290381982, "v": 1557773009, "key": 0, "osmid": "142325127", "lanes": null, "ref": null, "name": null, "highway": "path", "maxspeed": null, "oneway": false, "reversed": "True", "length": 206.662, "tunnel": null, "width": null, "bridge": null, "access": null, "service": null }, "geometry": { "type": "LineString", "coordinates": [ [ 133.5753815, 33.5002232 ], [ 133.57611940000001, 33.4985387 ], [ 133.57611940000001, 33.4985077 ], [ 133.5760833, 33.4984915 ] ] } },
{ "type": "Feature", "properties": { "u": 6290381982, "v": 6290381989, "key": 0, "osmid": "671744426", "lanes": null, "ref": null, "name": null, "highway": "path", "maxspeed": null, "oneway": false, "reversed": "False", "length": 77.261, "tunnel": null, "width": null, "bridge": null, "access": null, "service": null }, "geometry": { "type": "LineString", "coordinates": [ [ 133.5753815, 33.5002232 ], [ 133.5751956, 33.5001669 ], [ 133.574580700000013, 33.5000332 ] ] } },
{ "type": "Feature", "properties": { "u": 6290381989, "v": 6290381982, "key": 0, "osmid": "671744426", "lanes": null, "ref": null, "name": null, "highway": "path", "maxspeed": null, "oneway": false, "reversed": "True", "length": 77.261, "tunnel": null, "width": null, "bridge": null, "access": null, "service": null }, "geometry": { "type": "LineString", "coordinates": [ [ 133.574580700000013, 33.5000332 ], [ 133.5751956, 33.5001669 ], [ 133.5753815, 33.5002232 ] ] } },
{ "type": "Feature", "properties": { "u": 6295154774, "v": 6295154914, "key": 0, "osmid": "44405096", "lanes": "2", "ref": null, "name": null, "highway": "unclassified", "maxspeed": null, "oneway": false, "reversed": "False", "length": 21.956, "tunnel": null, "width": null, "bridge": null, "access": null, "service": null }, "geometry": { "type": "LineString", "coordinates": [ [ 133.5449298, 33.494926 ], [ 133.5450258, 33.4951065 ] ] } },
{ "type": "Feature", "properties": { "u": 6295154774, "v": 1431445191, "key": 0, "osmid": "44405096", "lanes": "2", "ref": null, "name": null, "highway": "unclassified", "maxspeed": null, "oneway": false, "reversed": "True", "length": 23.036, "tunnel": null, "width": null, "bridge": null, "access": null, "service": null }, "geometry": { "type": "LineString", "coordinates": [ [ 133.5449298, 33.494926 ], [ 133.544830499999989, 33.4947361 ] ] } },
{ "type": "Feature", "properties": { "u": 6295154774, "v": 6295154904, "key": 0, "osmid": "672251094", "lanes": null, "ref": null, "name": null, "highway": "residential", "maxspeed": null, "oneway": false, "reversed": "False", "length": 6.011, "tunnel": null, "width": null, "bridge": null, "access": null, "service": null }, "geometry": { "type": "LineString", "coordinates": [ [ 133.5449298, 33.494926 ], [ 133.5448745, 33.4949542 ] ] } },
{ "type": "Feature", "properties": { "u": 6295154885, "v": 564442889, "key": 0, "osmid": "24226805", "lanes": "2", "ref": "34", "name": "県道34号線", "highway": "primary", "maxspeed": "50", "oneway": false, "reversed": "False", "length": 145.042, "tunnel": null, "width": null, "bridge": null, "access": null, "service": null }, "geometry": { "type": "LineString", "coordinates": [ [ 133.5448778, 33.4962543 ], [ 133.544339, 33.4972878 ], [ 133.5442443, 33.4974467 ] ] } },
{ "type": "Feature", "properties": { "u": 6295154885, "v": 564442872, "key": 0, "osmid": "24226805", "lanes": "2", "ref": "34", "name": "県道34号線", "highway": "primary", "maxspeed": "50", "oneway": false, "reversed": "True", "length": 94.625, "tunnel": null, "width": null, "bridge": null, "access": null, "service": null }, "geometry": { "type": "LineString", "coordinates": [ [ 133.5448778, 33.4962543 ], [ 133.545162, 33.4957428 ], [ 133.5452917, 33.4954767 ] ] } },
{ "type": "Feature", "properties": { "u": 6295154885, "v": 6295154886, "key": 0, "osmid": "672251094", "lanes": null, "ref": null, "name": null, "highway": "residential", "maxspeed": null, "oneway": false, "reversed": "True", "length": 95.834, "tunnel": null, "width": null, "bridge": null, "access": null, "service": null }, "geometry": { "type": "LineString", "coordinates": [ [ 133.5448778, 33.4962543 ], [ 133.544801299999989, 33.4962278 ], [ 133.5445071, 33.4963052 ], [ 133.5443363, 33.4958611 ], [ 133.544301100000013, 33.4957985 ] ] } },
{ "type": "Feature", "properties": { "u": 6295154886, "v": 6295154887, "key": 0, "osmid": "672251095", "lanes": null, "ref": null, "name": null, "highway": "residential", "maxspeed": null, "oneway": false, "reversed": "False", "length": 38.108, "tunnel": null, "width": null, "bridge": null, "access": null, "service": null }, "geometry": { "type": "LineString", "coordinates": [ [ 133.544301100000013, 33.4957985 ], [ 133.5446576, 33.495628 ] ] } },
{ "type": "Feature", "properties": { "u": 6295154886, "v": 6295154885, "key": 0, "osmid": "672251094", "lanes": null, "ref": null, "name": null, "highway": "residential", "maxspeed": null, "oneway": false, "reversed": "False", "length": 95.834, "tunnel": null, "width": null, "bridge": null, "access": null, "service": null }, "geometry": { "type": "LineString", "coordinates": [ [ 133.544301100000013, 33.4957985 ], [ 133.5443363, 33.4958611 ], [ 133.5445071, 33.4963052 ], [ 133.544801299999989, 33.4962278 ], [ 133.5448778, 33.4962543 ] ] } },
{ "type": "Feature", "properties": { "u": 6295154886, "v": 6295154888, "key": 0, "osmid": "672251094", "lanes": null, "ref": null, "name": null, "highway": "residential", "maxspeed": null, "oneway": false, "reversed": "True", "length": 94.663, "tunnel": null, "width": null, "bridge": null, "access": null, "service": null }, "geometry": { "type": "LineString", "coordinates": [ [ 133.544301100000013, 33.4957985 ], [ 133.5442428, 33.4956949 ], [ 133.5441147, 33.495539 ], [ 133.543976500000014, 33.4954132 ], [ 133.543976500000014, 33.4953696 ], [ 133.544047299999988, 33.4952822 ], [ 133.544282399999986, 33.4951654 ] ] } },
{ "type": "Feature", "properties": { "u": 6295154887, "v": 6295154888, "key": 0, "osmid": "672251095", "lanes": null, "ref": null, "name": null, "highway": "residential", "maxspeed": null, "oneway": false, "reversed": "False", "length": 62.1, "tunnel": null, "width": null, "bridge": null, "access": null, "service": null }, "geometry": { "type": "LineString", "coordinates": [ [ 133.5446576, 33.495628 ], [ 133.544282399999986, 33.4951654 ] ] } },
{ "type": "Feature", "properties": { "u": 6295154887, "v": 6295154886, "key": 0, "osmid": "672251095", "lanes": null, "ref": null, "name": null, "highway": "residential", "maxspeed": null, "oneway": false, "reversed": "True", "length": 38.108, "tunnel": null, "width": null, "bridge": null, "access": null, "service": null }, "geometry": { "type": "LineString", "coordinates": [ [ 133.5446576, 33.495628 ], [ 133.544301100000013, 33.4957985 ] ] } },
{ "type": "Feature", "properties": { "u": 6295154887, "v": 6295154892, "key": 0, "osmid": "672251099", "lanes": null, "ref": null, "name": null, "highway": "residential", "maxspeed": null, "oneway": false, "reversed": "False", "length": 5.446, "tunnel": null, "width": null, "bridge": null, "access": null, "service": null }, "geometry": { "type": "LineString", "coordinates": [ [ 133.5446576, 33.495628 ], [ 133.5447073, 33.4956019 ] ] } },
{ "type": "Feature", "properties": { "u": 6295154888, "v": 6295154889, "key": 0, "osmid": "672251094", "lanes": null, "ref": null, "name": null, "highway": "residential", "maxspeed": null, "oneway": false, "reversed": "True", "length": 19.501, "tunnel": null, "width": null, "bridge": null, "access": null, "service": null }, "geometry": { "type": "LineString", "coordinates": [ [ 133.544282399999986, 33.4951654 ], [ 133.5444641, 33.4950771 ] ] } },
{ "type": "Feature", "properties": { "u": 6295154888, "v": 6295154887, "key": 0, "osmid": "672251095", "lanes": null, "ref": null, "name": null, "highway": "residential", "maxspeed": null, "oneway": false, "reversed": "True", "length": 62.1, "tunnel": null, "width": null, "bridge": null, "access": null, "service": null }, "geometry": { "type": "LineString", "coordinates": [ [ 133.544282399999986, 33.4951654 ], [ 133.5446576, 33.495628 ] ] } },
{ "type": "Feature", "properties": { "u": 6295154888, "v": 6295154886, "key": 0, "osmid": "672251094", "lanes": null, "ref": null, "name": null, "highway": "residential", "maxspeed": null, "oneway": false, "reversed": "False", "length": 94.663, "tunnel": null, "width": null, "bridge": null, "access": null, "service": null }, "geometry": { "type": "LineString", "coordinates": [ [ 133.544282399999986, 33.4951654 ], [ 133.544047299999988, 33.4952822 ], [ 133.543976500000014, 33.4953696 ], [ 133.543976500000014, 33.4954132 ], [ 133.5441147, 33.495539 ], [ 133.5442428, 33.4956949 ], [ 133.544301100000013, 33.4957985 ] ] } },
{ "type": "Feature", "properties": { "u": 6295154889, "v": 6295154888, "key": 0, "osmid": "672251094", "lanes": null, "ref": null, "name": null, "highway": "residential", "maxspeed": null, "oneway": false, "reversed": "False", "length": 19.501, "tunnel": null, "width": null, "bridge": null, "access": null, "service": null }, "geometry": { "type": "LineString", "coordinates": [ [ 133.5444641, 33.4950771 ], [ 133.544282399999986, 33.4951654 ] ] } },
{ "type": "Feature", "properties": { "u": 6295154889, "v": 6295154890, "key": 0, "osmid": "672251097", "lanes": null, "ref": null, "name": null, "highway": "residential", "maxspeed": null, "oneway": false, "reversed": "False", "length": 35.405, "tunnel": null, "width": null, "bridge": null, "access": null, "service": null }, "geometry": { "type": "LineString", "coordinates": [ [ 133.5444641, 33.4950771 ], [ 133.544669699999986, 33.4953454 ] ] } },
{ "type": "Feature", "properties": { "u": 6295154889, "v": 6295154904, "key": 0, "osmid": "672251094", "lanes": null, "ref": null, "name": null, "highway": "residential", "maxspeed": null, "oneway": false, "reversed": "True", "length": 41.705, "tunnel": null, "width": null, "bridge": null, "access": null, "service": null }, "geometry": { "type": "LineString", "coordinates": [ [ 133.5444641, 33.4950771 ], [ 133.5445033, 33.4950638 ], [ 133.5446321, 33.4950657 ], [ 133.544669699999986, 33.4950587 ], [ 133.5448745, 33.4949542 ] ] } },
{ "type": "Feature", "properties": { "u": 6295154890, "v": 6295154889, "key": 0, "osmid": "672251097", "lanes": null, "ref": null, "name": null, "highway": "residential", "maxspeed": null, "oneway": false, "reversed": "True", "length": 35.405, "tunnel": null, "width": null, "bridge": null, "access": null, "service": null }, "geometry": { "type": "LineString", "coordinates": [ [ 133.544669699999986, 33.4953454 ], [ 133.5444641, 33.4950771 ] ] } },
{ "type": "Feature", "properties": { "u": 6295154892, "v": 6295154915, "key": 0, "osmid": "672251099", "lanes": null, "ref": null, "name": null, "highway": "residential", "maxspeed": null, "oneway": false, "reversed": "False", "length": 17.104, "tunnel": null, "width": null, "bridge": null, "access": null, "service": null }, "geometry": { "type": "LineString", "coordinates": [ [ 133.5447073, 33.4956019 ], [ 133.544773099999986, 33.4957456 ] ] } },
{ "type": "Feature", "properties": { "u": 6295154892, "v": 6295154887, "key": 0, "osmid": "672251099", "lanes": null, "ref": null, "name": null, "highway": "residential", "maxspeed": null, "oneway": false, "reversed": "True", "length": 5.446, "tunnel": null, "width": null, "bridge": null, "access": null, "service": null }, "geometry": { "type": "LineString", "coordinates": [ [ 133.5447073, 33.4956019 ], [ 133.5446576, 33.495628 ] ] } },
{ "type": "Feature", "properties": { "u": 6295154892, "v": 6295154893, "key": 0, "osmid": "672251106", "lanes": null, "ref": null, "name": null, "highway": "path", "maxspeed": null, "oneway": false, "reversed": "False", "length": 48.501, "tunnel": null, "width": null, "bridge": null, "access": null, "service": null }, "geometry": { "type": "LineString", "coordinates": [ [ 133.5447073, 33.4956019 ], [ 133.5451529, 33.4953735 ] ] } },
{ "type": "Feature", "properties": { "u": 6295154893, "v": 6295154892, "key": 0, "osmid": "672251106", "lanes": null, "ref": null, "name": null, "highway": "path", "maxspeed": null, "oneway": false, "reversed": "True", "length": 48.501, "tunnel": null, "width": null, "bridge": null, "access": null, "service": null }, "geometry": { "type": "LineString", "coordinates": [ [ 133.5451529, 33.4953735 ], [ 133.5447073, 33.4956019 ] ] } },
{ "type": "Feature", "properties": { "u": 6295154893, "v": 6295154903, "key": 0, "osmid": "672251102", "lanes": null, "ref": null, "name": null, "highway": "footway", "maxspeed": null, "oneway": false, "reversed": "False", "length": 97.812, "tunnel": null, "width": null, "bridge": null, "access": null, "service": null }, "geometry": { "type": "LineString", "coordinates": [ [ 133.5451529, 33.4953735 ], [ 133.5452218, 33.4954752 ], [ 133.545224100000013, 33.4954869 ], [ 133.545218299999988, 33.4955005 ], [ 133.5448668, 33.4961762 ] ] } },
{ "type": "Feature", "properties": { "u": 6295154893, "v": 6295154898, "key": 0, "osmid": "672251102", "lanes": null, "ref": null, "name": null, "highway": "footway", "maxspeed": null, "oneway": false, "reversed": "True", "length": 23.726, "tunnel": null, "width": null, "bridge": null, "access": null, "service": null }, "geometry": { "type": "LineString", "coordinates": [ [ 133.5451529, 33.4953735 ], [ 133.545035, 33.4952026 ], [ 133.5450239, 33.4951893 ] ] } },
{ "type": "Feature", "properties": { "u": 6295154894, "v": 6295154898, "key": 0, "osmid": "672251100", "lanes": null, "ref": null, "name": null, "highway": "residential", "maxspeed": null, "oneway": false, "reversed": "True", "length": 25.284, "tunnel": null, "width": null, "bridge": null, "access": null, "service": null }, "geometry": { "type": "LineString", "coordinates": [ [ 133.5447929, 33.4953101 ], [ 133.5450239, 33.4951893 ] ] } },
{ "type": "Feature", "properties": { "u": 6295154898, "v": 6295154894, "key": 0, "osmid": "672251100", "lanes": null, "ref": null, "name": null, "highway": "residential", "maxspeed": null, "oneway": false, "reversed": "False", "length": 25.284, "tunnel": null, "width": null, "bridge": null, "access": null, "service": null }, "geometry": { "type": "LineString", "coordinates": [ [ 133.5450239, 33.4951893 ], [ 133.5447929, 33.4953101 ] ] } },
{ "type": "Feature", "properties": { "u": 6295154898, "v": 4942039803, "key": 0, "osmid": "672251100", "lanes": null, "ref": null, "name": null, "highway": "residential", "maxspeed": null, "oneway": false, "reversed": "True", "length": 3.939, "tunnel": null, "width": null, "bridge": null, "access": null, "service": null }, "geometry": { "type": "LineString", "coordinates": [ [ 133.5450239, 33.4951893 ], [ 133.545059900000012, 33.4951705 ] ] } },
{ "type": "Feature", "properties": { "u": 6295154898, "v": 6295154893, "key": 0, "osmid": "672251102", "lanes": null, "ref": null, "name": null, "highway": "footway", "maxspeed": null, "oneway": false, "reversed": "False", "length": 23.726, "tunnel": null, "width": null, "bridge": null, "access": null, "service": null }, "geometry": { "type": "LineString", "coordinates": [ [ 133.5450239, 33.4951893 ], [ 133.545035, 33.4952026 ], [ 133.5451529, 33.4953735 ] ] } },
{ "type": "Feature", "properties": { "u": 6295154898, "v": 6295154904, "key": 0, "osmid": "672251102", "lanes": null, "ref": null, "name": null, "highway": "footway", "maxspeed": null, "oneway": false, "reversed": "True", "length": 30.816, "tunnel": null, "width": null, "bridge": null, "access": null, "service": null }, "geometry": { "type": "LineString", "coordinates": [ [ 133.5450239, 33.4951893 ], [ 133.544992900000011, 33.4951373 ], [ 133.5449264, 33.4949913 ], [ 133.5448925, 33.4949845 ], [ 133.5448745, 33.4949542 ] ] } },
{ "type": "Feature", "properties": { "u": 6295154903, "v": 6295154893, "key": 0, "osmid": "672251102", "lanes": null, "ref": null, "name": null, "highway": "footway", "maxspeed": null, "oneway": false, "reversed": "True", "length": 97.812, "tunnel": null, "width": null, "bridge": null, "access": null, "service": null }, "geometry": { "type": "LineString", "coordinates": [ [ 133.5448668, 33.4961762 ], [ 133.545218299999988, 33.4955005 ], [ 133.545224100000013, 33.4954869 ], [ 133.5452218, 33.4954752 ], [ 133.5451529, 33.4953735 ] ] } },
{ "type": "Feature", "properties": { "u": 6295154904, "v": 6295154774, "key": 0, "osmid": "672251094", "lanes": null, "ref": null, "name": null, "highway": "residential", "maxspeed": null, "oneway": false, "reversed": "True", "length": 6.011, "tunnel": null, "width": null, "bridge": null, "access": null, "service": null }, "geometry": { "type": "LineString", "coordinates": [ [ 133.5448745, 33.4949542 ], [ 133.5449298, 33.494926 ] ] } },
{ "type": "Feature", "properties": { "u": 6295154904, "v": 6295154889, "key": 0, "osmid": "672251094", "lanes": null, "ref": null, "name": null, "highway": "residential", "maxspeed": null, "oneway": false, "reversed": "False", "length": 41.705, "tunnel": null, "width": null, "bridge": null, "access": null, "service": null }, "geometry": { "type": "LineString", "coordinates": [ [ 133.5448745, 33.4949542 ], [ 133.544669699999986, 33.4950587 ], [ 133.5446321, 33.4950657 ], [ 133.5445033, 33.4950638 ], [ 133.5444641, 33.4950771 ] ] } },
{ "type": "Feature", "properties": { "u": 6295154904, "v": 6295154898, "key": 0, "osmid": "672251102", "lanes": null, "ref": null, "name": null, "highway": "footway", "maxspeed": null, "oneway": false, "reversed": "False", "length": 30.816, "tunnel": null, "width": null, "bridge": null, "access": null, "service": null }, "geometry": { "type": "LineString", "coordinates": [ [ 133.5448745, 33.4949542 ], [ 133.5448925, 33.4949845 ], [ 133.5449264, 33.4949913 ], [ 133.544992900000011, 33.4951373 ], [ 133.5450239, 33.4951893 ] ] } },
{ "type": "Feature", "properties": { "u": 6295154911, "v": 1431445191, "key": 0, "osmid": "142326223", "lanes": null, "ref": null, "name": null, "highway": "unclassified", "maxspeed": null, "oneway": false, "reversed": "False", "length": 16.323, "tunnel": null, "width": null, "bridge": null, "access": null, "service": null }, "geometry": { "type": "LineString", "coordinates": [ [ 133.5450055, 33.4947203 ], [ 133.544830499999989, 33.4947361 ] ] } },
{ "type": "Feature", "properties": { "u": 6295154911, "v": 1557771993, "key": 0, "osmid": "142326223", "lanes": null, "ref": null, "name": null, "highway": "unclassified", "maxspeed": null, "oneway": false, "reversed": "True", "length": 62.007, "tunnel": null, "width": null, "bridge": null, "access": null, "service": null }, "geometry": { "type": "LineString", "coordinates": [ [ 133.5450055, 33.4947203 ], [ 133.545331, 33.494726 ], [ 133.545446, 33.494737 ], [ 133.545654500000012, 33.4948126 ] ] } },
{ "type": "Feature", "properties": { "u": 6295154911, "v": 6295154914, "key": 0, "osmid": "672251104", "lanes": null, "ref": null, "name": null, "highway": "footway", "maxspeed": null, "oneway": false, "reversed": "True", "length": 53.825, "tunnel": null, "width": null, "bridge": null, "access": null, "service": null }, "geometry": { "type": "LineString", "coordinates": [ [ 133.5450055, 33.4947203 ], [ 133.5450018, 33.4947474 ], [ 133.5449241, 33.4947586 ], [ 133.5449147, 33.4947751 ], [ 133.5449241, 33.4947936 ], [ 133.54506330000001, 33.4950877 ], [ 133.5450258, 33.4951065 ] ] } },
{ "type": "Feature", "properties": { "u": 6295154914, "v": 4942039803, "key": 0, "osmid": "44405096", "lanes": "2", "ref": null, "name": null, "highway": "unclassified", "maxspeed": null, "oneway": false, "reversed": "False", "length": 7.787, "tunnel": null, "width": null, "bridge": null, "access": null, "service": null }, "geometry": { "type": "LineString", "coordinates": [ [ 133.5450258, 33.4951065 ], [ 133.545059900000012, 33.4951705 ] ] } },
{ "type": "Feature", "properties": { "u": 6295154914, "v": 6295154774, "key": 0, "osmid": "44405096", "lanes": "2", "ref": null, "name": null, "highway": "unclassified", "maxspeed": null, "oneway": false, "reversed": "True", "length": 21.956, "tunnel": null, "width": null, "bridge": null, "access": null, "service": null }, "geometry": { "type": "LineString", "coordinates": [ [ 133.5450258, 33.4951065 ], [ 133.5449298, 33.494926 ] ] } },
{ "type": "Feature", "properties": { "u": 6295154914, "v": 6295154911, "key": 0, "osmid": "672251104", "lanes": null, "ref": null, "name": null, "highway": "footway", "maxspeed": null, "oneway": false, "reversed": "False", "length": 53.825, "tunnel": null, "width": null, "bridge": null, "access": null, "service": null }, "geometry": { "type": "LineString", "coordinates": [ [ 133.5450258, 33.4951065 ], [ 133.54506330000001, 33.4950877 ], [ 133.5449241, 33.4947936 ], [ 133.5449147, 33.4947751 ], [ 133.5449241, 33.4947586 ], [ 133.5450018, 33.4947474 ], [ 133.5450055, 33.4947203 ] ] } },
{ "type": "Feature", "properties": { "u": 6295154915, "v": 6295154892, "key": 0, "osmid": "672251099", "lanes": null, "ref": null, "name": null, "highway": "residential", "maxspeed": null, "oneway": false, "reversed": "True", "length": 17.104, "tunnel": null, "width": null, "bridge": null, "access": null, "service": null }, "geometry": { "type": "LineString", "coordinates": [ [ 133.544773099999986, 33.4957456 ], [ 133.5447073, 33.4956019 ] ] } },
{ "type": "Feature", "properties": { "u": 6295493947, "v": 1557772389, "key": 0, "osmid": "142327489", "lanes": null, "ref": null, "name": null, "highway": "unclassified", "maxspeed": null, "oneway": false, "reversed": "True", "length": 53.777, "tunnel": null, "width": null, "bridge": null, "access": null, "service": null }, "geometry": { "type": "LineString", "coordinates": [ [ 133.5556389, 33.4960762 ], [ 133.5557628, 33.4960596 ], [ 133.5560535, 33.4960223 ], [ 133.556128699999988, 33.4960299 ], [ 133.55621, 33.4960494 ] ] } },
{ "type": "Feature", "properties": { "u": 6295493949, "v": 1557772421, "key": 0, "osmid": "142326971", "lanes": null, "ref": null, "name": null, "highway": "tertiary", "maxspeed": null, "oneway": false, "reversed": "True", "length": 11.475, "tunnel": null, "width": null, "bridge": null, "access": null, "service": null }, "geometry": { "type": "LineString", "coordinates": [ [ 133.5565699, 33.4963491 ], [ 133.5565566, 33.4962465 ] ] } },
{ "type": "Feature", "properties": { "u": 6295493949, "v": 1557772933, "key": 0, "osmid": "142327470", "lanes": null, "ref": null, "name": null, "highway": "tertiary", "maxspeed": null, "oneway": false, "reversed": "False", "length": 202.722, "tunnel": null, "width": null, "bridge": null, "access": null, "service": null }, "geometry": { "type": "LineString", "coordinates": [ [ 133.5565699, 33.4963491 ], [ 133.5568103, 33.4980343 ], [ 133.55679, 33.4981592 ] ] } },
{ "type": "Feature", "properties": { "u": 6295493949, "v": 1557772389, "key": 0, "osmid": "142327489", "lanes": null, "ref": null, "name": null, "highway": "unclassified", "maxspeed": null, "oneway": false, "reversed": "False", "length": 55.08, "tunnel": null, "width": null, "bridge": null, "access": null, "service": null }, "geometry": { "type": "LineString", "coordinates": [ [ 133.5565699, 33.4963491 ], [ 133.5564881, 33.4963671 ], [ 133.5564321, 33.4963681 ], [ 133.5563889, 33.4963071 ], [ 133.5563482, 33.4961901 ], [ 133.5563096, 33.4961291 ], [ 133.5562567, 33.4960748 ], [ 133.55621, 33.4960494 ] ] } },
{ "type": "Feature", "properties": { "u": 6303771989, "v": 1557771371, "key": 0, "osmid": "142325378", "lanes": null, "ref": null, "name": null, "highway": "path", "maxspeed": null, "oneway": false, "reversed": "True", "length": 39.28, "tunnel": null, "width": null, "bridge": null, "access": null, "service": null }, "geometry": { "type": "LineString", "coordinates": [ [ 133.5580898, 33.4919344 ], [ 133.5584121, 33.4920332 ], [ 133.5584911, 33.4920447 ] ] } },
{ "type": "Feature", "properties": { "u": 6303771989, "v": 10247222792, "key": 0, "osmid": "142326450", "lanes": null, "ref": null, "name": null, "highway": "service", "maxspeed": null, "oneway": false, "reversed": "False", "length": 37.212, "tunnel": null, "width": null, "bridge": null, "access": null, "service": null }, "geometry": { "type": "LineString", "coordinates": [ [ 133.5580898, 33.4919344 ], [ 133.557884800000011, 33.4918859 ], [ 133.5577069, 33.4918347 ] ] } },
{ "type": "Feature", "properties": { "u": 6303771989, "v": 6310055102, "key": 0, "osmid": [ 1372689705, 142325439 ], "lanes": null, "ref": null, "name": null, "highway": [ "path", "residential" ], "maxspeed": null, "oneway": false, "reversed": "False", "length": 56.899, "tunnel": null, "width": null, "bridge": null, "access": null, "service": null }, "geometry": { "type": "LineString", "coordinates": [ [ 133.5580898, 33.4919344 ], [ 133.5579315, 33.4923011 ], [ 133.557888600000013, 33.4923716 ], [ 133.5578606, 33.4923785 ], [ 133.5578543, 33.4923963 ] ] } },
{ "type": "Feature", "properties": { "u": 6303771989, "v": 10179631140, "key": 0, "osmid": "1372689706", "lanes": null, "ref": null, "name": null, "highway": "residential", "maxspeed": null, "oneway": false, "reversed": "True", "length": 23.29, "tunnel": null, "width": null, "bridge": null, "access": null, "service": null }, "geometry": { "type": "LineString", "coordinates": [ [ 133.5580898, 33.4919344 ], [ 133.5581219, 33.4918884 ], [ 133.5581826, 33.4917406 ] ] } },
{ "type": "Feature", "properties": { "u": 6303771998, "v": 10179631140, "key": 0, "osmid": "1372689706", "lanes": null, "ref": null, "name": null, "highway": "residential", "maxspeed": null, "oneway": false, "reversed": "False", "length": 7.72, "tunnel": null, "width": null, "bridge": null, "access": null, "service": null }, "geometry": { "type": "LineString", "coordinates": [ [ 133.5582095, 33.4916749 ], [ 133.5581826, 33.4917406 ] ] } },
{ "type": "Feature", "properties": { "u": 6303771998, "v": 564465183, "key": 0, "osmid": "35062133", "lanes": "2", "ref": "14", "name": "春野赤岡線", "highway": "primary", "maxspeed": "50", "oneway": false, "reversed": "False", "length": 36.956, "tunnel": null, "width": null, "bridge": null, "access": null, "service": null }, "geometry": { "type": "LineString", "coordinates": [ [ 133.5582095, 33.4916749 ], [ 133.558422, 33.4917423 ], [ 133.5585816, 33.4917939 ] ] } },
{ "type": "Feature", "properties": { "u": 6303771998, "v": 564465182, "key": 0, "osmid": "35062133", "lanes": "2", "ref": "14", "name": "春野赤岡線", "highway": "primary", "maxspeed": "50", "oneway": false, "reversed": "True", "length": 553.918, "tunnel": null, "width": null, "bridge": null, "access": null, "service": null }, "geometry": { "type": "LineString", "coordinates": [ [ 133.5582095, 33.4916749 ], [ 133.5561559, 33.4910234 ], [ 133.554313900000011, 33.4904448 ], [ 133.552627699999988, 33.4899014 ] ] } },
{ "type": "Feature", "properties": { "u": 6303772008, "v": 6303772270, "key": 0, "osmid": "142326439", "lanes": null, "ref": null, "name": null, "highway": "residential", "maxspeed": null, "oneway": false, "reversed": "False", "length": 10.468, "tunnel": null, "width": null, "bridge": null, "access": null, "service": null }, "geometry": { "type": "LineString", "coordinates": [ [ 133.5574987, 33.493972 ], [ 133.5573876, 33.4939553 ] ] } },
{ "type": "Feature", "properties": { "u": 6303772008, "v": 6303772061, "key": 0, "osmid": "673134072", "lanes": null, "ref": null, "name": null, "highway": "service", "maxspeed": null, "oneway": false, "reversed": "False", "length": 17.675, "tunnel": null, "width": null, "bridge": null, "access": null, "service": null }, "geometry": { "type": "LineString", "coordinates": [ [ 133.5574987, 33.493972 ], [ 133.557464, 33.4941283 ] ] } },
{ "type": "Feature", "properties": { "u": 6303772008, "v": 6303772260, "key": 0, "osmid": "142326439", "lanes": null, "ref": null, "name": null, "highway": "residential", "maxspeed": null, "oneway": false, "reversed": "True", "length": 28.736, "tunnel": null, "width": null, "bridge": null, "access": null, "service": null }, "geometry": { "type": "LineString", "coordinates": [ [ 133.5574987, 33.493972 ], [ 133.557789500000013, 33.4940097 ], [ 133.5578047, 33.4940126 ] ] } },
{ "type": "Feature", "properties": { "u": 6303772010, "v": 6303772061, "key": 0, "osmid": "673134072", "lanes": null, "ref": null, "name": null, "highway": "service", "maxspeed": null, "oneway": false, "reversed": "True", "length": 17.753, "tunnel": null, "width": null, "bridge": null, "access": null, "service": null }, "geometry": { "type": "LineString", "coordinates": [ [ 133.5574374, 33.4942864 ], [ 133.557461600000011, 33.4941399 ], [ 133.557464, 33.4941283 ] ] } },
{ "type": "Feature", "properties": { "u": 6303772016, "v": 1557771755, "key": 0, "osmid": "673134073", "lanes": null, "ref": null, "name": null, "highway": "residential", "maxspeed": null, "oneway": false, "reversed": "True", "length": 16.806, "tunnel": null, "width": null, "bridge": null, "access": null, "service": null }, "geometry": { "type": "LineString", "coordinates": [ [ 133.555841500000014, 33.4940012 ], [ 133.5558871, 33.4938726 ], [ 133.5559073, 33.4938751 ] ] } },
{ "type": "Feature", "properties": { "u": 6303772033, "v": 1557772002, "key": 0, "osmid": "673134074", "lanes": null, "ref": null, "name": null, "highway": "residential", "maxspeed": null, "oneway": false, "reversed": "True", "length": 51.57, "tunnel": null, "width": null, "bridge": null, "access": null, "service": null }, "geometry": { "type": "LineString", "coordinates": [ [ 133.5568916, 33.4948537 ], [ 133.5568422, 33.4948533 ], [ 133.556795599999987, 33.494831 ], [ 133.5565153, 33.4948369 ], [ 133.556362900000011, 33.4949045 ] ] } },
{ "type": "Feature", "properties": { "u": 6303772041, "v": 1557771999, "key": 0, "osmid": "129809967", "lanes": "2", "ref": "34", "name": "桂浜はりまや線", "highway": "primary", "maxspeed": null, "oneway": false, "reversed": "False", "length": 89.833, "tunnel": null, "width": null, "bridge": null, "access": null, "service": null }, "geometry": { "type": "LineString", "coordinates": [ [ 133.5557961, 33.49475 ], [ 133.555772100000013, 33.4947533 ], [ 133.5552185, 33.494833 ], [ 133.555125, 33.4948459 ], [ 133.5548373, 33.4948544 ] ] } },
{ "type": "Feature", "properties": { "u": 6303772041, "v": 6303772044, "key": 0, "osmid": "129809967", "lanes": "2", "ref": "34", "name": "桂浜はりまや線", "highway": "primary", "maxspeed": null, "oneway": false, "reversed": "True", "length": 32.034, "tunnel": null, "width": null, "bridge": null, "access": null, "service": null }, "geometry": { "type": "LineString", "coordinates": [ [ 133.5557961, 33.49475 ], [ 133.555907499999989, 33.4947345 ], [ 133.5559951, 33.4947092 ], [ 133.5560688, 33.4946787 ], [ 133.556119099999989, 33.4946554 ] ] } },
{ "type": "Feature", "properties": { "u": 6303772041, "v": 6303772043, "key": 0, "osmid": "673134075", "lanes": null, "ref": null, "name": null, "highway": "service", "maxspeed": null, "oneway": false, "reversed": "False", "length": 41.111, "tunnel": null, "width": null, "bridge": null, "access": null, "service": null }, "geometry": { "type": "LineString", "coordinates": [ [ 133.5557961, 33.49475 ], [ 133.5557827, 33.4945493 ], [ 133.5555804, 33.4945512 ] ] } },
{ "type": "Feature", "properties": { "u": 6303772043, "v": 6303772041, "key": 0, "osmid": "673134075", "lanes": null, "ref": null, "name": null, "highway": "service", "maxspeed": null, "oneway": false, "reversed": "True", "length": 41.111, "tunnel": null, "width": null, "bridge": null, "access": null, "service": null }, "geometry": { "type": "LineString", "coordinates": [ [ 133.5555804, 33.4945512 ], [ 133.5557827, 33.4945493 ], [ 133.5557961, 33.49475 ] ] } },
{ "type": "Feature", "properties": { "u": 6303772044, "v": 1557771923, "key": 0, "osmid": "129809967", "lanes": "2", "ref": "34", "name": "桂浜はりまや線", "highway": "primary", "maxspeed": null, "oneway": false, "reversed": "True", "length": 12.47, "tunnel": null, "width": null, "bridge": null, "access": null, "service": null }, "geometry": { "type": "LineString", "coordinates": [ [ 133.556119099999989, 33.4946554 ], [ 133.556226400000014, 33.4945878 ] ] } },
{ "type": "Feature", "properties": { "u": 6303772044, "v": 12709993839, "key": 0, "osmid": "673134076", "lanes": null, "ref": null, "name": null, "highway": "service", "maxspeed": null, "oneway": false, "reversed": "False", "length": 11.472, "tunnel": null, "width": null, "bridge": null, "access": null, "service": null }, "geometry": { "type": "LineString", "coordinates": [ [ 133.556119099999989, 33.4946554 ], [ 133.5560401, 33.494576 ] ] } },
{ "type": "Feature", "properties": { "u": 6303772044, "v": 6303772041, "key": 0, "osmid": "129809967", "lanes": "2", "ref": "34", "name": "桂浜はりまや線", "highway": "primary", "maxspeed": null, "oneway": false, "reversed": "False", "length": 32.034, "tunnel": null, "width": null, "bridge": null, "access": null, "service": null }, "geometry": { "type": "LineString", "coordinates": [ [ 133.556119099999989, 33.4946554 ], [ 133.5560688, 33.4946787 ], [ 133.5559951, 33.4947092 ], [ 133.555907499999989, 33.4947345 ], [ 133.5557961, 33.49475 ] ] } },
{ "type": "Feature", "properties": { "u": 6303772050, "v": 12709993839, "key": 0, "osmid": [ 1372684394, 673134077 ], "lanes": null, "ref": null, "name": null, "highway": "service", "maxspeed": null, "oneway": false, "reversed": "True", "length": 54.407, "tunnel": null, "width": null, "bridge": null, "access": null, "service": null }, "geometry": { "type": "LineString", "coordinates": [ [ 133.5556805, 33.4943827 ], [ 133.5559374, 33.4943821 ], [ 133.555937300000011, 33.4945713 ], [ 133.5560401, 33.494576 ] ] } },
{ "type": "Feature", "properties": { "u": 6303772053, "v": 1557771804, "key": 0, "osmid": "129809967", "lanes": "2", "ref": "34", "name": "桂浜はりまや線", "highway": "primary", "maxspeed": null, "oneway": false, "reversed": "False", "length": 5.712, "tunnel": null, "width": null, "bridge": null, "access": null, "service": null }, "geometry": { "type": "LineString", "coordinates": [ [ 133.5569006, 33.4940843 ], [ 133.556853499999988, 33.4941174 ] ] } },
{ "type": "Feature", "properties": { "u": 6303772053, "v": 1557771756, "key": 0, "osmid": "129809967", "lanes": "2", "ref": "34", "name": "桂浜はりまや線", "highway": "primary", "maxspeed": null, "oneway": false, "reversed": "True", "length": 32.981, "tunnel": null, "width": null, "bridge": null, "access": null, "service": null }, "geometry": { "type": "LineString", "coordinates": [ [ 133.5569006, 33.4940843 ], [ 133.557172400000013, 33.493893 ] ] } },
{ "type": "Feature", "properties": { "u": 6303772053, "v": 6303772062, "key": 0, "osmid": "673134078", "lanes": null, "ref": null, "name": null, "highway": "service", "maxspeed": null, "oneway": false, "reversed": "False", "length": 19.029, "tunnel": null, "width": null, "bridge": null, "access": null, "service": null }, "geometry": { "type": "LineString", "coordinates": [ [ 133.5569006, 33.4940843 ], [ 133.556929700000012, 33.4941093 ], [ 133.5570889, 33.4941401 ] ] } },
{ "type": "Feature", "properties": { "u": 6303772061, "v": 6303772008, "key": 0, "osmid": "673134072", "lanes": null, "ref": null, "name": null, "highway": "service", "maxspeed": null, "oneway": false, "reversed": "True", "length": 17.675, "tunnel": null, "width": null, "bridge": null, "access": null, "service": null }, "geometry": { "type": "LineString", "coordinates": [ [ 133.557464, 33.4941283 ], [ 133.5574987, 33.493972 ] ] } },
{ "type": "Feature", "properties": { "u": 6303772061, "v": 6303772010, "key": 0, "osmid": "673134072", "lanes": null, "ref": null, "name": null, "highway": "service", "maxspeed": null, "oneway": false, "reversed": "False", "length": 17.753, "tunnel": null, "width": null, "bridge": null, "access": null, "service": null }, "geometry": { "type": "LineString", "coordinates": [ [ 133.557464, 33.4941283 ], [ 133.557461600000011, 33.4941399 ], [ 133.5574374, 33.4942864 ] ] } },
{ "type": "Feature", "properties": { "u": 6303772061, "v": 6303772062, "key": 0, "osmid": "673134078", "lanes": null, "ref": null, "name": null, "highway": "service", "maxspeed": null, "oneway": false, "reversed": "True", "length": 35.414, "tunnel": null, "width": null, "bridge": null, "access": null, "service": null }, "geometry": { "type": "LineString", "coordinates": [ [ 133.557464, 33.4941283 ], [ 133.557339399999989, 33.4941127 ], [ 133.557301200000012, 33.4941116 ], [ 133.5571966, 33.4941211 ], [ 133.5571764, 33.4941255 ], [ 133.5571261, 33.4941418 ], [ 133.5571033, 33.4941429 ], [ 133.5570889, 33.4941401 ] ] } },
{ "type": "Feature", "properties": { "u": 6303772062, "v": 6303772063, "key": 0, "osmid": "673134079", "lanes": null, "ref": null, "name": null, "highway": "service", "maxspeed": null, "oneway": false, "reversed": "False", "length": 16.81, "tunnel": null, "width": null, "bridge": null, "access": null, "service": null }, "geometry": { "type": "LineString", "coordinates": [ [ 133.5570889, 33.4941401 ], [ 133.5569873, 33.4942653 ] ] } },
{ "type": "Feature", "properties": { "u": 6303772062, "v": 6303772061, "key": 0, "osmid": "673134078", "lanes": null, "ref": null, "name": null, "highway": "service", "maxspeed": null, "oneway": false, "reversed": "False", "length": 35.414, "tunnel": null, "width": null, "bridge": null, "access": null, "service": null }, "geometry": { "type": "LineString", "coordinates": [ [ 133.5570889, 33.4941401 ], [ 133.5571033, 33.4941429 ], [ 133.5571261, 33.4941418 ], [ 133.5571764, 33.4941255 ], [ 133.5571966, 33.4941211 ], [ 133.557301200000012, 33.4941116 ], [ 133.557339399999989, 33.4941127 ], [ 133.557464, 33.4941283 ] ] } },
{ "type": "Feature", "properties": { "u": 6303772062, "v": 6303772053, "key": 0, "osmid": "673134078", "lanes": null, "ref": null, "name": null, "highway": "service", "maxspeed": null, "oneway": false, "reversed": "True", "length": 19.029, "tunnel": null, "width": null, "bridge": null, "access": null, "service": null }, "geometry": { "type": "LineString", "coordinates": [ [ 133.5570889, 33.4941401 ], [ 133.556929700000012, 33.4941093 ], [ 133.5569006, 33.4940843 ] ] } },
{ "type": "Feature", "properties": { "u": 6303772063, "v": 6303772062, "key": 0, "osmid": "673134079", "lanes": null, "ref": null, "name": null, "highway": "service", "maxspeed": null, "oneway": false, "reversed": "True", "length": 16.81, "tunnel": null, "width": null, "bridge": null, "access": null, "service": null }, "geometry": { "type": "LineString", "coordinates": [ [ 133.5569873, 33.4942653 ], [ 133.5570889, 33.4941401 ] ] } },
{ "type": "Feature", "properties": { "u": 6303772063, "v": 6303772065, "key": 0, "osmid": "673134079", "lanes": null, "ref": null, "name": null, "highway": "service", "maxspeed": null, "oneway": false, "reversed": "False", "length": 6.972, "tunnel": null, "width": null, "bridge": null, "access": null, "service": null }, "geometry": { "type": "LineString", "coordinates": [ [ 133.5569873, 33.4942653 ], [ 133.5569391, 33.4942771 ], [ 133.5569169, 33.4942866 ] ] } },
{ "type": "Feature", "properties": { "u": 6303772063, "v": 6303772068, "key": 0, "osmid": "673134080", "lanes": null, "ref": null, "name": null, "highway": "path", "maxspeed": null, "oneway": false, "reversed": "False", "length": 57.123, "tunnel": null, "width": null, "bridge": null, "access": null, "service": null }, "geometry": { "type": "LineString", "coordinates": [ [ 133.5569873, 33.4942653 ], [ 133.5572053, 33.4942788 ], [ 133.55730650000001, 33.4942872 ], [ 133.55730650000001, 33.4945338 ] ] } },
{ "type": "Feature", "properties": { "u": 6303772065, "v": 6303772063, "key": 0, "osmid": "673134079", "lanes": null, "ref": null, "name": null, "highway": "service", "maxspeed": null, "oneway": false, "reversed": "True", "length": 6.972, "tunnel": null, "width": null, "bridge": null, "access": null, "service": null }, "geometry": { "type": "LineString", "coordinates": [ [ 133.5569169, 33.4942866 ], [ 133.5569391, 33.4942771 ], [ 133.5569873, 33.4942653 ] ] } },
{ "type": "Feature", "properties": { "u": 6303772068, "v": 6303772063, "key": 0, "osmid": "673134080", "lanes": null, "ref": null, "name": null, "highway": "path", "maxspeed": null, "oneway": false, "reversed": "True", "length": 57.123, "tunnel": null, "width": null, "bridge": null, "access": null, "service": null }, "geometry": { "type": "LineString", "coordinates": [ [ 133.55730650000001, 33.4945338 ], [ 133.55730650000001, 33.4942872 ], [ 133.5572053, 33.4942788 ], [ 133.5569873, 33.4942653 ] ] } },
{ "type": "Feature", "properties": { "u": 6303772069, "v": 6303772252, "key": 0, "osmid": "142326439", "lanes": null, "ref": null, "name": null, "highway": "residential", "maxspeed": null, "oneway": false, "reversed": "False", "length": 9.988, "tunnel": null, "width": null, "bridge": null, "access": null, "service": null }, "geometry": { "type": "LineString", "coordinates": [ [ 133.5581288, 33.4940548 ], [ 133.558099700000014, 33.4940522 ], [ 133.558022, 33.4940432 ] ] } },
{ "type": "Feature", "properties": { "u": 6303772069, "v": 6303772249, "key": 0, "osmid": "142326439", "lanes": null, "ref": null, "name": null, "highway": "residential", "maxspeed": null, "oneway": false, "reversed": "True", "length": 10.595, "tunnel": null, "width": null, "bridge": null, "access": null, "service": null }, "geometry": { "type": "LineString", "coordinates": [ [ 133.5581288, 33.4940548 ], [ 133.5581817, 33.4940595 ], [ 133.558240399999988, 33.4940735 ] ] } },
{ "type": "Feature", "properties": { "u": 6303772069, "v": 12709993835, "key": 0, "osmid": [ 673134081, 1372684393 ], "lanes": null, "ref": null, "name": null, "highway": [ "track", "service" ], "maxspeed": null, "oneway": false, "reversed": "False", "length": 275.405, "tunnel": null, "width": null, "bridge": null, "access": null, "service": null }, "geometry": { "type": "LineString", "coordinates": [ [ 133.5581288, 33.4940548 ], [ 133.5580354, 33.4945138 ], [ 133.5578428, 33.4944749 ], [ 133.5577759, 33.494477 ], [ 133.5577179, 33.4944788 ], [ 133.5574891, 33.4945567 ], [ 133.55730890000001, 33.4946201 ], [ 133.5572731, 33.494712 ], [ 133.5572774, 33.4947896 ], [ 133.557359, 33.4948147 ], [ 133.5576639, 33.4948075 ], [ 133.55789870000001, 33.4948565 ], [ 133.5581664, 33.4948648 ], [ 133.5583066, 33.4948971 ], [ 133.5584455, 33.4950272 ], [ 133.5585257, 33.4951621 ] ] } },
{ "type": "Feature", "properties": { "u": 6303772249, "v": 6303772069, "key": 0, "osmid": "142326439", "lanes": null, "ref": null, "name": null, "highway": "residential", "maxspeed": null, "oneway": false, "reversed": "False", "length": 10.595, "tunnel": null, "width": null, "bridge": null, "access": null, "service": null }, "geometry": { "type": "LineString", "coordinates": [ [ 133.558240399999988, 33.4940735 ], [ 133.5581817, 33.4940595 ], [ 133.5581288, 33.4940548 ] ] } },
{ "type": "Feature", "properties": { "u": 6303772249, "v": 6310054191, "key": 0, "osmid": "142326439", "lanes": null, "ref": null, "name": null, "highway": "residential", "maxspeed": null, "oneway": false, "reversed": "True", "length": 58.266, "tunnel": null, "width": null, "bridge": null, "access": null, "service": null }, "geometry": { "type": "LineString", "coordinates": [ [ 133.558240399999988, 33.4940735 ], [ 133.5583733, 33.4941053 ], [ 133.558800600000012, 33.4942017 ], [ 133.5588472, 33.494209 ] ] } },
{ "type": "Feature", "properties": { "u": 6303772249, "v": 6303772251, "key": 0, "osmid": "673134084", "lanes": null, "ref": null, "name": null, "highway": "residential", "maxspeed": null, "oneway": false, "reversed": "False", "length": 41.056, "tunnel": null, "width": null, "bridge": null, "access": null, "service": null }, "geometry": { "type": "LineString", "coordinates": [ [ 133.558240399999988, 33.4940735 ], [ 133.55829940000001, 33.4937581 ], [ 133.558240500000011, 33.4937487 ] ] } },
{ "type": "Feature", "properties": { "u": 6303772251, "v": 6303772249, "key": 0, "osmid": "673134084", "lanes": null, "ref": null, "name": null, "highway": "residential", "maxspeed": null, "oneway": false, "reversed": "True", "length": 41.056, "tunnel": null, "width": null, "bridge": null, "access": null, "service": null }, "geometry": { "type": "LineString", "coordinates": [ [ 133.558240500000011, 33.4937487 ], [ 133.55829940000001, 33.4937581 ], [ 133.558240399999988, 33.4940735 ] ] } },
{ "type": "Feature", "properties": { "u": 6303772252, "v": 6303772260, "key": 0, "osmid": "142326439", "lanes": null, "ref": null, "name": null, "highway": "residential", "maxspeed": null, "oneway": false, "reversed": "False", "length": 20.453, "tunnel": null, "width": null, "bridge": null, "access": null, "service": null }, "geometry": { "type": "LineString", "coordinates": [ [ 133.558022, 33.4940432 ], [ 133.557872800000013, 33.4940257 ], [ 133.5578047, 33.4940126 ] ] } },
{ "type": "Feature", "properties": { "u": 6303772252, "v": 6303772069, "key": 0, "osmid": "142326439", "lanes": null, "ref": null, "name": null, "highway": "residential", "maxspeed": null, "oneway": false, "reversed": "True", "length": 9.988, "tunnel": null, "width": null, "bridge": null, "access": null, "service": null }, "geometry": { "type": "LineString", "coordinates": [ [ 133.558022, 33.4940432 ], [ 133.558099700000014, 33.4940522 ], [ 133.5581288, 33.4940548 ] ] } },
{ "type": "Feature", "properties": { "u": 6303772252, "v": 6303772259, "key": 0, "osmid": "673134085", "lanes": null, "ref": null, "name": null, "highway": "service", "maxspeed": null, "oneway": false, "reversed": "False", "length": 23.317, "tunnel": null, "width": null, "bridge": null, "access": null, "service": null }, "geometry": { "type": "LineString", "coordinates": [ [ 133.558022, 33.4940432 ], [ 133.5580321, 33.4940072 ], [ 133.5580484, 33.4939827 ], [ 133.558073799999988, 33.493953 ], [ 133.558085, 33.493925 ], [ 133.5580799, 33.4938852 ], [ 133.5580789, 33.4938623 ], [ 133.558083900000014, 33.4938471 ] ] } },
{ "type": "Feature", "properties": { "u": 6303772259, "v": 6303772252, "key": 0, "osmid": "673134085", "lanes": null, "ref": null, "name": null, "highway": "service", "maxspeed": null, "oneway": false, "reversed": "True", "length": 23.317, "tunnel": null, "width": null, "bridge": null, "access": null, "service": null }, "geometry": { "type": "LineString", "coordinates": [ [ 133.558083900000014, 33.4938471 ], [ 133.5580789, 33.4938623 ], [ 133.5580799, 33.4938852 ], [ 133.558085, 33.493925 ], [ 133.558073799999988, 33.493953 ], [ 133.5580484, 33.4939827 ], [ 133.5580321, 33.4940072 ], [ 133.558022, 33.4940432 ] ] } },
{ "type": "Feature", "properties": { "u": 6303772260, "v": 6303772008, "key": 0, "osmid": "142326439", "lanes": null, "ref": null, "name": null, "highway": "residential", "maxspeed": null, "oneway": false, "reversed": "False", "length": 28.736, "tunnel": null, "width": null, "bridge": null, "access": null, "service": null }, "geometry": { "type": "LineString", "coordinates": [ [ 133.5578047, 33.4940126 ], [ 133.557789500000013, 33.4940097 ], [ 133.5574987, 33.493972 ] ] } },
{ "type": "Feature", "properties": { "u": 6303772260, "v": 6303772252, "key": 0, "osmid": "142326439", "lanes": null, "ref": null, "name": null, "highway": "residential", "maxspeed": null, "oneway": false, "reversed": "True", "length": 20.453, "tunnel": null, "width": null, "bridge": null, "access": null, "service": null }, "geometry": { "type": "LineString", "coordinates": [ [ 133.5578047, 33.4940126 ], [ 133.557872800000013, 33.4940257 ], [ 133.558022, 33.4940432 ] ] } },
{ "type": "Feature", "properties": { "u": 6303772260, "v": 6303772280, "key": 0, "osmid": "673134086", "lanes": null, "ref": null, "name": null, "highway": "service", "maxspeed": null, "oneway": false, "reversed": "False", "length": 18.677, "tunnel": null, "width": null, "bridge": null, "access": null, "service": null }, "geometry": { "type": "LineString", "coordinates": [ [ 133.5578047, 33.4940126 ], [ 133.5578152, 33.4939993 ], [ 133.5578257, 33.4939587 ], [ 133.5578176, 33.4939274 ], [ 133.5577678, 33.4938608 ] ] } },
{ "type": "Feature", "properties": { "u": 6303772260, "v": 6303772266, "key": 0, "osmid": "673134087", "lanes": null, "ref": null, "name": null, "highway": "residential", "maxspeed": null, "oneway": false, "reversed": "False", "length": 27.855, "tunnel": null, "width": null, "bridge": null, "access": null, "service": null }, "geometry": { "type": "LineString", "coordinates": [ [ 133.5578047, 33.4940126 ], [ 133.557776, 33.494148 ], [ 133.5576949, 33.4942064 ], [ 133.557678, 33.4942254 ] ] } },
{ "type": "Feature", "properties": { "u": 6303772266, "v": 6303772260, "key": 0, "osmid": "673134087", "lanes": null, "ref": null, "name": null, "highway": "residential", "maxspeed": null, "oneway": false, "reversed": "True", "length": 27.855, "tunnel": null, "width": null, "bridge": null, "access": null, "service": null }, "geometry": { "type": "LineString", "coordinates": [ [ 133.557678, 33.4942254 ], [ 133.5576949, 33.4942064 ], [ 133.557776, 33.494148 ], [ 133.5578047, 33.4940126 ] ] } },
{ "type": "Feature", "properties": { "u": 6303772268, "v": 1557771756, "key": 0, "osmid": "129809967", "lanes": "2", "ref": "34", "name": "桂浜はりまや線", "highway": "primary", "maxspeed": null, "oneway": false, "reversed": "False", "length": 31.295, "tunnel": null, "width": null, "bridge": null, "access": null, "service": null }, "geometry": { "type": "LineString", "coordinates": [ [ 133.5574286, 33.4937098 ], [ 133.557172400000013, 33.493893 ] ] } },
{ "type": "Feature", "properties": { "u": 6303772268, "v": 6303772273, "key": 0, "osmid": "129809967", "lanes": "2", "ref": "34", "name": "桂浜はりまや線", "highway": "primary", "maxspeed": null, "oneway": false, "reversed": "True", "length": 38.617, "tunnel": null, "width": null, "bridge": null, "access": null, "service": null }, "geometry": { "type": "LineString", "coordinates": [ [ 133.5574286, 33.4937098 ], [ 133.5577448, 33.4934838 ] ] } },
{ "type": "Feature", "properties": { "u": 6303772268, "v": 6303772270, "key": 0, "osmid": "673134088", "lanes": null, "ref": null, "name": null, "highway": "path", "maxspeed": null, "oneway": false, "reversed": "False", "length": 27.929, "tunnel": null, "width": null, "bridge": null, "access": null, "service": null }, "geometry": { "type": "LineString", "coordinates": [ [ 133.5574286, 33.4937098 ], [ 133.5574397, 33.4937429 ], [ 133.5573876, 33.4939553 ] ] } },
{ "type": "Feature", "properties": { "u": 6303772270, "v": 6303772008, "key": 0, "osmid": "142326439", "lanes": null, "ref": null, "name": null, "highway": "residential", "maxspeed": null, "oneway": false, "reversed": "True", "length": 10.468, "tunnel": null, "width": null, "bridge": null, "access": null, "service": null }, "geometry": { "type": "LineString", "coordinates": [ [ 133.5573876, 33.4939553 ], [ 133.5574987, 33.493972 ] ] } },
{ "type": "Feature", "properties": { "u": 6303772270, "v": 1557771756, "key": 0, "osmid": "142326439", "lanes": null, "ref": null, "name": null, "highway": "residential", "maxspeed": null, "oneway": false, "reversed": "False", "length": 21.631, "tunnel": null, "width": null, "bridge": null, "access": null, "service": null }, "geometry": { "type": "LineString", "coordinates": [ [ 133.5573876, 33.4939553 ], [ 133.5572153, 33.4939243 ], [ 133.557172400000013, 33.493893 ] ] } },
{ "type": "Feature", "properties": { "u": 6303772270, "v": 6303772268, "key": 0, "osmid": "673134088", "lanes": null, "ref": null, "name": null, "highway": "path", "maxspeed": null, "oneway": false, "reversed": "True", "length": 27.929, "tunnel": null, "width": null, "bridge": null, "access": null, "service": null }, "geometry": { "type": "LineString", "coordinates": [ [ 133.5573876, 33.4939553 ], [ 133.5574397, 33.4937429 ], [ 133.5574286, 33.4937098 ] ] } },
{ "type": "Feature", "properties": { "u": 6303772273, "v": 6303772268, "key": 0, "osmid": "129809967", "lanes": "2", "ref": "34", "name": "桂浜はりまや線", "highway": "primary", "maxspeed": null, "oneway": false, "reversed": "False", "length": 38.617, "tunnel": null, "width": null, "bridge": null, "access": null, "service": null }, "geometry": { "type": "LineString", "coordinates": [ [ 133.5577448, 33.4934838 ], [ 133.5574286, 33.4937098 ] ] } },
{ "type": "Feature", "properties": { "u": 6303772273, "v": 564443111, "key": 0, "osmid": "129809967", "lanes": "2", "ref": "34", "name": "桂浜はりまや線", "highway": "primary", "maxspeed": null, "oneway": false, "reversed": "True", "length": 41.707, "tunnel": null, "width": null, "bridge": null, "access": null, "service": null }, "geometry": { "type": "LineString", "coordinates": [ [ 133.5577448, 33.4934838 ], [ 133.5578132, 33.4934349 ], [ 133.557986199999988, 33.4933249 ], [ 133.5581009, 33.4932549 ] ] } },
{ "type": "Feature", "properties": { "u": 6303772273, "v": 6303772284, "key": 0, "osmid": "673134089", "lanes": null, "ref": null, "name": null, "highway": "path", "maxspeed": null, "oneway": false, "reversed": "False", "length": 23.713, "tunnel": null, "width": null, "bridge": null, "access": null, "service": null }, "geometry": { "type": "LineString", "coordinates": [ [ 133.5577448, 33.4934838 ], [ 133.557779, 33.4935037 ], [ 133.5578701, 33.4935324 ], [ 133.5578736, 33.4935377 ], [ 133.5578754, 33.4935475 ], [ 133.5578544, 33.4936269 ] ] } },
{ "type": "Feature", "properties": { "u": 6303772280, "v": 6303772284, "key": 0, "osmid": "673134086", "lanes": null, "ref": null, "name": null, "highway": "service", "maxspeed": null, "oneway": false, "reversed": "False", "length": 35.235, "tunnel": null, "width": null, "bridge": null, "access": null, "service": null }, "geometry": { "type": "LineString", "coordinates": [ [ 133.5577678, 33.4938608 ], [ 133.557718, 33.4937943 ], [ 133.5576996, 33.493767 ], [ 133.5576944, 33.4937383 ], [ 133.557711899999987, 33.4937062 ], [ 133.5578544, 33.4936269 ] ] } },
{ "type": "Feature", "properties": { "u": 6303772280, "v": 6303772284, "key": 1, "osmid": "673134089", "lanes": null, "ref": null, "name": null, "highway": "path", "maxspeed": null, "oneway": false, "reversed": "True", "length": 27.542, "tunnel": null, "width": null, "bridge": null, "access": null, "service": null }, "geometry": { "type": "LineString", "coordinates": [ [ 133.5577678, 33.4938608 ], [ 133.557796, 33.4938303 ], [ 133.557829199999986, 33.4937222 ], [ 133.5578544, 33.4936269 ] ] } },
{ "type": "Feature", "properties": { "u": 6303772280, "v": 6303772260, "key": 0, "osmid": "673134086", "lanes": null, "ref": null, "name": null, "highway": "service", "maxspeed": null, "oneway": false, "reversed": "True", "length": 18.677, "tunnel": null, "width": null, "bridge": null, "access": null, "service": null }, "geometry": { "type": "LineString", "coordinates": [ [ 133.5577678, 33.4938608 ], [ 133.5578176, 33.4939274 ], [ 133.5578257, 33.4939587 ], [ 133.5578152, 33.4939993 ], [ 133.5578047, 33.4940126 ] ] } },
{ "type": "Feature", "properties": { "u": 6303772284, "v": 6303772280, "key": 0, "osmid": "673134086", "lanes": null, "ref": null, "name": null, "highway": "service", "maxspeed": null, "oneway": false, "reversed": "True", "length": 35.235, "tunnel": null, "width": null, "bridge": null, "access": null, "service": null }, "geometry": { "type": "LineString", "coordinates": [ [ 133.5578544, 33.4936269 ], [ 133.557711899999987, 33.4937062 ], [ 133.5576944, 33.4937383 ], [ 133.5576996, 33.493767 ], [ 133.557718, 33.4937943 ], [ 133.5577678, 33.4938608 ] ] } },
{ "type": "Feature", "properties": { "u": 6303772284, "v": 6303772280, "key": 1, "osmid": "673134089", "lanes": null, "ref": null, "name": null, "highway": "path", "maxspeed": null, "oneway": false, "reversed": "False", "length": 27.542, "tunnel": null, "width": null, "bridge": null, "access": null, "service": null }, "geometry": { "type": "LineString", "coordinates": [ [ 133.5578544, 33.4936269 ], [ 133.557829199999986, 33.4937222 ], [ 133.557796, 33.4938303 ], [ 133.5577678, 33.4938608 ] ] } },
{ "type": "Feature", "properties": { "u": 6303772284, "v": 6303772273, "key": 0, "osmid": "673134089", "lanes": null, "ref": null, "name": null, "highway": "path", "maxspeed": null, "oneway": false, "reversed": "True", "length": 23.713, "tunnel": null, "width": null, "bridge": null, "access": null, "service": null }, "geometry": { "type": "LineString", "coordinates": [ [ 133.5578544, 33.4936269 ], [ 133.5578754, 33.4935475 ], [ 133.5578736, 33.4935377 ], [ 133.5578701, 33.4935324 ], [ 133.557779, 33.4935037 ], [ 133.5577448, 33.4934838 ] ] } },
{ "type": "Feature", "properties": { "u": 6303772285, "v": 6303772290, "key": 0, "osmid": "142326243", "lanes": null, "ref": null, "name": null, "highway": "residential", "maxspeed": null, "oneway": false, "reversed": "False", "length": 11.489, "tunnel": null, "width": null, "bridge": null, "access": null, "service": null }, "geometry": { "type": "LineString", "coordinates": [ [ 133.556449500000014, 33.4940129 ], [ 133.5565704, 33.4940355 ] ] } },
{ "type": "Feature", "properties": { "u": 6303772285, "v": 1557771755, "key": 0, "osmid": "142326243", "lanes": null, "ref": null, "name": null, "highway": "residential", "maxspeed": null, "oneway": false, "reversed": "True", "length": 52.673, "tunnel": null, "width": null, "bridge": null, "access": null, "service": null }, "geometry": { "type": "LineString", "coordinates": [ [ 133.556449500000014, 33.4940129 ], [ 133.5564441, 33.4940119 ], [ 133.5559261, 33.4938861 ], [ 133.5559073, 33.4938751 ] ] } },
{ "type": "Feature", "properties": { "u": 6303772285, "v": 6303772288, "key": 0, "osmid": "673134090", "lanes": null, "ref": null, "name": null, "highway": "path", "maxspeed": null, "oneway": false, "reversed": "False", "length": 49.677, "tunnel": null, "width": null, "bridge": null, "access": null, "service": null }, "geometry": { "type": "LineString", "coordinates": [ [ 133.556449500000014, 33.4940129 ], [ 133.5563885, 33.494214 ], [ 133.556368099999986, 33.4944236 ], [ 133.5563898, 33.4944463 ] ] } },
{ "type": "Feature", "properties": { "u": 6303772288, "v": 1557771804, "key": 0, "osmid": "129809967", "lanes": "2", "ref": "34", "name": "桂浜はりまや線", "highway": "primary", "maxspeed": null, "oneway": false, "reversed": "True", "length": 56.448, "tunnel": null, "width": null, "bridge": null, "access": null, "service": null }, "geometry": { "type": "LineString", "coordinates": [ [ 133.5563898, 33.4944463 ], [ 133.556853499999988, 33.4941174 ] ] } },
{ "type": "Feature", "properties": { "u": 6303772288, "v": 1557771923, "key": 0, "osmid": "129809967", "lanes": "2", "ref": "34", "name": "桂浜はりまや線", "highway": "primary", "maxspeed": null, "oneway": false, "reversed": "False", "length": 21.88, "tunnel": null, "width": null, "bridge": null, "access": null, "service": null }, "geometry": { "type": "LineString", "coordinates": [ [ 133.5563898, 33.4944463 ], [ 133.5563213, 33.4944988 ], [ 133.556295299999988, 33.4945263 ], [ 133.556226400000014, 33.4945878 ] ] } },
{ "type": "Feature", "properties": { "u": 6303772288, "v": 6303772285, "key": 0, "osmid": "673134090", "lanes": null, "ref": null, "name": null, "highway": "path", "maxspeed": null, "oneway": false, "reversed": "True", "length": 49.677, "tunnel": null, "width": null, "bridge": null, "access": null, "service": null }, "geometry": { "type": "LineString", "coordinates": [ [ 133.5563898, 33.4944463 ], [ 133.556368099999986, 33.4944236 ], [ 133.5563885, 33.494214 ], [ 133.556449500000014, 33.4940129 ] ] } },
{ "type": "Feature", "properties": { "u": 6303772290, "v": 6303772285, "key": 0, "osmid": "142326243", "lanes": null, "ref": null, "name": null, "highway": "residential", "maxspeed": null, "oneway": false, "reversed": "True", "length": 11.489, "tunnel": null, "width": null, "bridge": null, "access": null, "service": null }, "geometry": { "type": "LineString", "coordinates": [ [ 133.5565704, 33.4940355 ], [ 133.556449500000014, 33.4940129 ] ] } },
{ "type": "Feature", "properties": { "u": 6303772290, "v": 6303772291, "key": 0, "osmid": "673134091", "lanes": null, "ref": null, "name": null, "highway": "path", "maxspeed": null, "oneway": false, "reversed": "False", "length": 28.82, "tunnel": null, "width": null, "bridge": null, "access": null, "service": null }, "geometry": { "type": "LineString", "coordinates": [ [ 133.5565704, 33.4940355 ], [ 133.556655, 33.4937861 ] ] } },
{ "type": "Feature", "properties": { "u": 6303772290, "v": 1557771804, "key": 0, "osmid": "142326243", "lanes": null, "ref": null, "name": null, "highway": "residential", "maxspeed": null, "oneway": false, "reversed": "False", "length": 28.703, "tunnel": null, "width": null, "bridge": null, "access": null, "service": null }, "geometry": { "type": "LineString", "coordinates": [ [ 133.5565704, 33.4940355 ], [ 133.5565771, 33.4940367 ], [ 133.5568226, 33.4940838 ], [ 133.556853499999988, 33.4941174 ] ] } },
{ "type": "Feature", "properties": { "u": 6303772291, "v": 6303772290, "key": 0, "osmid": "673134091", "lanes": null, "ref": null, "name": null, "highway": "path", "maxspeed": null, "oneway": false, "reversed": "True", "length": 28.82, "tunnel": null, "width": null, "bridge": null, "access": null, "service": null }, "geometry": { "type": "LineString", "coordinates": [ [ 133.556655, 33.4937861 ], [ 133.5565704, 33.4940355 ] ] } },
{ "type": "Feature", "properties": { "u": 6303772292, "v": 1557771611, "key": 0, "osmid": "129809749", "lanes": null, "ref": null, "name": null, "highway": "unclassified", "maxspeed": "30", "oneway": false, "reversed": "False", "length": 80.149, "tunnel": null, "width": null, "bridge": null, "access": null, "service": null }, "geometry": { "type": "LineString", "coordinates": [ [ 133.5567359, 33.4930075 ], [ 133.5567752, 33.4930182 ], [ 133.557577400000014, 33.4931714 ] ] } },
{ "type": "Feature", "properties": { "u": 6303772292, "v": 6303772299, "key": 0, "osmid": "129809749", "lanes": null, "ref": null, "name": null, "highway": "unclassified", "maxspeed": "30", "oneway": false, "reversed": "True", "length": 16.496, "tunnel": null, "width": null, "bridge": null, "access": null, "service": null }, "geometry": { "type": "LineString", "coordinates": [ [ 133.5567359, 33.4930075 ], [ 133.5566904, 33.492995 ], [ 133.556565799999987, 33.4929641 ] ] } },
{ "type": "Feature", "properties": { "u": 6303772292, "v": 6303772294, "key": 0, "osmid": "673134092", "lanes": null, "ref": null, "name": null, "highway": "residential", "maxspeed": null, "oneway": false, "reversed": "False", "length": 61.939, "tunnel": null, "width": null, "bridge": null, "access": null, "service": null }, "geometry": { "type": "LineString", "coordinates": [ [ 133.5567359, 33.4930075 ], [ 133.5567216, 33.4930579 ], [ 133.5565535, 33.4935433 ] ] } },
{ "type": "Feature", "properties": { "u": 6303772292, "v": 6303772306, "key": 0, "osmid": [ 673134096, 673134095 ], "lanes": null, "ref": null, "name": null, "highway": [ "residential", "service" ], "maxspeed": null, "oneway": false, "reversed": "False", "length": 83.257, "tunnel": null, "width": null, "bridge": null, "access": null, "service": null }, "geometry": { "type": "LineString", "coordinates": [ [ 133.5567359, 33.4930075 ], [ 133.556803800000012, 33.4927913 ], [ 133.5569171, 33.4924652 ], [ 133.556897600000013, 33.4924401 ], [ 133.5567207, 33.4923899 ] ] } },
{ "type": "Feature", "properties": { "u": 6303772294, "v": 6303772296, "key": 0, "osmid": "673134092", "lanes": null, "ref": null, "name": null, "highway": "residential", "maxspeed": null, "oneway": false, "reversed": "False", "length": 24.435, "tunnel": null, "width": null, "bridge": null, "access": null, "service": null }, "geometry": { "type": "LineString", "coordinates": [ [ 133.5565535, 33.4935433 ], [ 133.5565535, 33.4935822 ], [ 133.556497400000012, 33.4937569 ] ] } },
{ "type": "Feature", "properties": { "u": 6303772294, "v": 6303772292, "key": 0, "osmid": "673134092", "lanes": null, "ref": null, "name": null, "highway": "residential", "maxspeed": null, "oneway": false, "reversed": "True", "length": 61.939, "tunnel": null, "width": null, "bridge": null, "access": null, "service": null }, "geometry": { "type": "LineString", "coordinates": [ [ 133.5565535, 33.4935433 ], [ 133.5567216, 33.4930579 ], [ 133.5567359, 33.4930075 ] ] } },
{ "type": "Feature", "properties": { "u": 6303772294, "v": 6303772299, "key": 0, "osmid": [ 673134093, 673134094 ], "lanes": null, "ref": null, "name": null, "highway": [ "residential", "service" ], "maxspeed": null, "oneway": false, "reversed": [ false, true ], "length": 78.252, "tunnel": null, "width": null, "bridge": null, "access": null, "service": null }, "geometry": { "type": "LineString", "coordinates": [ [ 133.5565535, 33.4935433 ], [ 133.556424099999987, 33.4935008 ], [ 133.5563984, 33.4934803 ], [ 133.556368099999986, 33.4934628 ], [ 133.5564019, 33.4933713 ], [ 133.5564626, 33.4932778 ], [ 133.556565799999987, 33.4929641 ] ] } },
{ "type": "Feature", "properties": { "u": 6303772296, "v": 6303772294, "key": 0, "osmid": "673134092", "lanes": null, "ref": null, "name": null, "highway": "residential", "maxspeed": null, "oneway": false, "reversed": "True", "length": 24.435, "tunnel": null, "width": null, "bridge": null, "access": null, "service": null }, "geometry": { "type": "LineString", "coordinates": [ [ 133.556497400000012, 33.4937569 ], [ 133.5565535, 33.4935822 ], [ 133.5565535, 33.4935433 ] ] } },
{ "type": "Feature", "properties": { "u": 6303772299, "v": 6303772292, "key": 0, "osmid": "129809749", "lanes": null, "ref": null, "name": null, "highway": "unclassified", "maxspeed": "30", "oneway": false, "reversed": "False", "length": 16.496, "tunnel": null, "width": null, "bridge": null, "access": null, "service": null }, "geometry": { "type": "LineString", "coordinates": [ [ 133.556565799999987, 33.4929641 ], [ 133.5566904, 33.492995 ], [ 133.5567359, 33.4930075 ] ] } },
{ "type": "Feature", "properties": { "u": 6303772299, "v": 1557771508, "key": 0, "osmid": "129809749", "lanes": null, "ref": null, "name": null, "highway": "unclassified", "maxspeed": "30", "oneway": false, "reversed": "True", "length": 98.266, "tunnel": null, "width": null, "bridge": null, "access": null, "service": null }, "geometry": { "type": "LineString", "coordinates": [ [ 133.556565799999987, 33.4929641 ], [ 133.5558054, 33.4927752 ], [ 133.555555700000014, 33.4926981 ] ] } },
{ "type": "Feature", "properties": { "u": 6303772299, "v": 6303772294, "key": 0, "osmid": [ 673134093, 673134094 ], "lanes": null, "ref": null, "name": null, "highway": [ "residential", "service" ], "maxspeed": null, "oneway": false, "reversed": [ false, true ], "length": 78.252, "tunnel": null, "width": null, "bridge": null, "access": null, "service": null }, "geometry": { "type": "LineString", "coordinates": [ [ 133.556565799999987, 33.4929641 ], [ 133.5564626, 33.4932778 ], [ 133.5564019, 33.4933713 ], [ 133.556368099999986, 33.4934628 ], [ 133.5563984, 33.4934803 ], [ 133.556424099999987, 33.4935008 ], [ 133.5565535, 33.4935433 ] ] } },
{ "type": "Feature", "properties": { "u": 6303772306, "v": 6303772292, "key": 0, "osmid": [ 673134096, 673134095 ], "lanes": null, "ref": null, "name": null, "highway": [ "residential", "service" ], "maxspeed": null, "oneway": false, "reversed": "True", "length": 83.257, "tunnel": null, "width": null, "bridge": null, "access": null, "service": null }, "geometry": { "type": "LineString", "coordinates": [ [ 133.5567207, 33.4923899 ], [ 133.556897600000013, 33.4924401 ], [ 133.5569171, 33.4924652 ], [ 133.556803800000012, 33.4927913 ], [ 133.5567359, 33.4930075 ] ] } },
{ "type": "Feature", "properties": { "u": 6303772318, "v": 6303772614, "key": 0, "osmid": "142325661", "lanes": null, "ref": null, "name": null, "highway": "path", "maxspeed": null, "oneway": false, "reversed": "False", "length": 29.329, "tunnel": null, "width": null, "bridge": null, "access": null, "service": null }, "geometry": { "type": "LineString", "coordinates": [ [ 133.5601364, 33.4925359 ], [ 133.56007, 33.4925136 ], [ 133.5598675, 33.4924476 ], [ 133.5598426, 33.4924383 ] ] } },
{ "type": "Feature", "properties": { "u": 6303772318, "v": 6303772621, "key": 0, "osmid": "142325661", "lanes": null, "ref": null, "name": null, "highway": "path", "maxspeed": null, "oneway": false, "reversed": "True", "length": 11.514, "tunnel": null, "width": null, "bridge": null, "access": null, "service": null }, "geometry": { "type": "LineString", "coordinates": [ [ 133.5601364, 33.4925359 ], [ 133.5601686, 33.492567 ], [ 133.560192699999988, 33.4925802 ], [ 133.560237, 33.4925907 ] ] } },
{ "type": "Feature", "properties": { "u": 6303772318, "v": 10179631148, "key": 0, "osmid": "673134121", "lanes": null, "ref": null, "name": null, "highway": "unclassified", "maxspeed": null, "oneway": false, "reversed": "False", "length": 20.289, "tunnel": null, "width": null, "bridge": null, "access": null, "service": null }, "geometry": { "type": "LineString", "coordinates": [ [ 133.5601364, 33.4925359 ], [ 133.5601417, 33.4924924 ], [ 133.5601446, 33.4924739 ], [ 133.5601933, 33.4923609 ] ] } },
{ "type": "Feature", "properties": { "u": 6303772566, "v": 564443121, "key": 0, "osmid": "44405079", "lanes": "2", "ref": "34", "name": "桂浜はりまや線", "highway": "primary", "maxspeed": "30", "oneway": false, "reversed": "False", "length": 11.322, "tunnel": null, "width": null, "bridge": null, "access": null, "service": null }, "geometry": { "type": "LineString", "coordinates": [ [ 133.563552, 33.494096 ], [ 133.5635124, 33.4941073 ], [ 133.5634375, 33.4941313 ] ] } },
{ "type": "Feature", "properties": { "u": 6303772566, "v": 6303772577, "key": 0, "osmid": "44405079", "lanes": "2", "ref": "34", "name": "桂浜はりまや線", "highway": "primary", "maxspeed": "30", "oneway": false, "reversed": "True", "length": 79.425, "tunnel": null, "width": null, "bridge": null, "access": null, "service": null }, "geometry": { "type": "LineString", "coordinates": [ [ 133.563552, 33.494096 ], [ 133.563593, 33.4940705 ], [ 133.5636486, 33.4940353 ], [ 133.563723, 33.4939723 ], [ 133.564144700000014, 33.4935825 ] ] } },
{ "type": "Feature", "properties": { "u": 6303772566, "v": 6310054046, "key": 0, "osmid": "142325215", "lanes": null, "ref": null, "name": null, "highway": "unclassified", "maxspeed": null, "oneway": false, "reversed": "True", "length": 91.844, "tunnel": null, "width": null, "bridge": null, "access": null, "service": null }, "geometry": { "type": "LineString", "coordinates": [ [ 133.563552, 33.494096 ], [ 133.5635733, 33.4941317 ], [ 133.563607499999989, 33.4941556 ], [ 133.5640577, 33.4942263 ], [ 133.564447, 33.4942639 ], [ 133.5644948, 33.4942674 ] ] } },
{ "type": "Feature", "properties": { "u": 6303772572, "v": 6303772576, "key": 0, "osmid": "673134109", "lanes": null, "ref": null, "name": null, "highway": "path", "maxspeed": null, "oneway": false, "reversed": "False", "length": 27.368, "tunnel": null, "width": null, "bridge": null, "access": null, "service": null }, "geometry": { "type": "LineString", "coordinates": [ [ 133.563565899999986, 33.493434 ], [ 133.5632855, 33.4933572 ] ] } },
{ "type": "Feature", "properties": { "u": 6303772572, "v": 564443121, "key": 0, "osmid": [ 673134104, 673134103 ], "lanes": null, "ref": null, "name": null, "highway": [ "path", "residential" ], "maxspeed": null, "oneway": false, "reversed": "True", "length": 78.776, "tunnel": null, "width": null, "bridge": null, "access": null, "service": null }, "geometry": { "type": "LineString", "coordinates": [ [ 133.563565899999986, 33.493434 ], [ 133.5635217, 33.4936431 ], [ 133.5634705, 33.4939161 ], [ 133.563459200000011, 33.4939757 ], [ 133.5634288, 33.4940666 ], [ 133.5634375, 33.4941313 ] ] } },
{ "type": "Feature", "properties": { "u": 6303772572, "v": 6303772577, "key": 0, "osmid": "673134109", "lanes": null, "ref": null, "name": null, "highway": "path", "maxspeed": null, "oneway": false, "reversed": "True", "length": 56.168, "tunnel": null, "width": null, "bridge": null, "access": null, "service": null }, "geometry": { "type": "LineString", "coordinates": [ [ 133.563565899999986, 33.493434 ], [ 133.5637671, 33.4934892 ], [ 133.564037899999988, 33.4935593 ], [ 133.564144700000014, 33.4935825 ] ] } },
{ "type": "Feature", "properties": { "u": 6303772573, "v": 6310054052, "key": 0, "osmid": "44405079", "lanes": "2", "ref": "34", "name": "桂浜はりまや線", "highway": "primary", "maxspeed": "30", "oneway": false, "reversed": "False", "length": 6.568, "tunnel": null, "width": null, "bridge": null, "access": null, "service": null }, "geometry": { "type": "LineString", "coordinates": [ [ 133.5630889, 33.4941132 ], [ 133.5630218, 33.4940943 ] ] } },
{ "type": "Feature", "properties": { "u": 6303772573, "v": 564443122, "key": 0, "osmid": "44405079", "lanes": "2", "ref": "34", "name": "桂浜はりまや線", "highway": "primary", "maxspeed": "30", "oneway": false, "reversed": "True", "length": 23.768, "tunnel": null, "width": null, "bridge": null, "access": null, "service": null }, "geometry": { "type": "LineString", "coordinates": [ [ 133.5630889, 33.4941132 ], [ 133.56319, 33.4941345 ], [ 133.5633416, 33.4941441 ] ] } },
{ "type": "Feature", "properties": { "u": 6303772573, "v": 6303772576, "key": 0, "osmid": [ 673134106, 673134107 ], "lanes": null, "ref": null, "name": null, "highway": [ "path", "residential" ], "maxspeed": null, "oneway": false, "reversed": "False", "length": 86.127, "tunnel": null, "width": null, "bridge": null, "access": null, "service": null }, "geometry": { "type": "LineString", "coordinates": [ [ 133.5630889, 33.4941132 ], [ 133.5631333, 33.4938884 ], [ 133.5631864, 33.4936494 ], [ 133.5632855, 33.4933572 ] ] } },
{ "type": "Feature", "properties": { "u": 6303772576, "v": 6303772572, "key": 0, "osmid": "673134109", "lanes": null, "ref": null, "name": null, "highway": "path", "maxspeed": null, "oneway": false, "reversed": "True", "length": 27.368, "tunnel": null, "width": null, "bridge": null, "access": null, "service": null }, "geometry": { "type": "LineString", "coordinates": [ [ 133.5632855, 33.4933572 ], [ 133.563565899999986, 33.493434 ] ] } },
{ "type": "Feature", "properties": { "u": 6303772576, "v": 6303772573, "key": 0, "osmid": [ 673134106, 673134107 ], "lanes": null, "ref": null, "name": null, "highway": [ "path", "residential" ], "maxspeed": null, "oneway": false, "reversed": "True", "length": 86.127, "tunnel": null, "width": null, "bridge": null, "access": null, "service": null }, "geometry": { "type": "LineString", "coordinates": [ [ 133.5632855, 33.4933572 ], [ 133.5631864, 33.4936494 ], [ 133.5631333, 33.4938884 ], [ 133.5630889, 33.4941132 ] ] } },
{ "type": "Feature", "properties": { "u": 6303772576, "v": 6303772584, "key": 0, "osmid": "673134109", "lanes": null, "ref": null, "name": null, "highway": "path", "maxspeed": null, "oneway": false, "reversed": "False", "length": 84.068, "tunnel": null, "width": null, "bridge": null, "access": null, "service": null }, "geometry": { "type": "LineString", "coordinates": [ [ 133.5632855, 33.4933572 ], [ 133.5630409, 33.4932887 ], [ 133.5628868, 33.4932419 ], [ 133.5627303, 33.4931952 ], [ 133.56247110000001, 33.4931212 ], [ 133.5624286, 33.4931106 ] ] } },
{ "type": "Feature", "properties": { "u": 6303772577, "v": 6303772566, "key": 0, "osmid": "44405079", "lanes": "2", "ref": "34", "name": "桂浜はりまや線", "highway": "primary", "maxspeed": "30", "oneway": false, "reversed": "False", "length": 79.425, "tunnel": null, "width": null, "bridge": null, "access": null, "service": null }, "geometry": { "type": "LineString", "coordinates": [ [ 133.564144700000014, 33.4935825 ], [ 133.563723, 33.4939723 ], [ 133.5636486, 33.4940353 ], [ 133.563593, 33.4940705 ], [ 133.563552, 33.494096 ] ] } },
{ "type": "Feature", "properties": { "u": 6303772577, "v": 10179631157, "key": 0, "osmid": "44405079", "lanes": "2", "ref": "34", "name": "桂浜はりまや線", "highway": "primary", "maxspeed": "30", "oneway": false, "reversed": "True", "length": 12.528, "tunnel": null, "width": null, "bridge": null, "access": null, "service": null }, "geometry": { "type": "LineString", "coordinates": [ [ 133.564144700000014, 33.4935825 ], [ 133.5641733, 33.4935453 ], [ 133.5642241, 33.4934915 ] ] } },
{ "type": "Feature", "properties": { "u": 6303772577, "v": 6303772572, "key": 0, "osmid": "673134109", "lanes": null, "ref": null, "name": null, "highway": "path", "maxspeed": null, "oneway": false, "reversed": "False", "length": 56.168, "tunnel": null, "width": null, "bridge": null, "access": null, "service": null }, "geometry": { "type": "LineString", "coordinates": [ [ 133.564144700000014, 33.4935825 ], [ 133.564037899999988, 33.4935593 ], [ 133.5637671, 33.4934892 ], [ 133.563565899999986, 33.493434 ] ] } },
{ "type": "Feature", "properties": { "u": 6303772584, "v": 6303772589, "key": 0, "osmid": "673134109", "lanes": null, "ref": null, "name": null, "highway": "path", "maxspeed": null, "oneway": false, "reversed": "False", "length": 60.992, "tunnel": null, "width": null, "bridge": null, "access": null, "service": null }, "geometry": { "type": "LineString", "coordinates": [ [ 133.5624286, 33.4931106 ], [ 133.56180040000001, 33.4929481 ] ] } },
{ "type": "Feature", "properties": { "u": 6303772584, "v": 12709933127, "key": 0, "osmid": "673799512", "lanes": null, "ref": null, "name": null, "highway": "residential", "maxspeed": null, "oneway": false, "reversed": "True", "length": 10.037, "tunnel": null, "width": null, "bridge": null, "access": null, "service": null }, "geometry": { "type": "LineString", "coordinates": [ [ 133.5624286, 33.4931106 ], [ 133.5624881, 33.4930352 ] ] } },
{ "type": "Feature", "properties": { "u": 6303772584, "v": 6303772576, "key": 0, "osmid": "673134109", "lanes": null, "ref": null, "name": null, "highway": "path", "maxspeed": null, "oneway": false, "reversed": "True", "length": 84.068, "tunnel": null, "width": null, "bridge": null, "access": null, "service": null }, "geometry": { "type": "LineString", "coordinates": [ [ 133.5624286, 33.4931106 ], [ 133.56247110000001, 33.4931212 ], [ 133.5627303, 33.4931952 ], [ 133.5628868, 33.4932419 ], [ 133.5630409, 33.4932887 ], [ 133.5632855, 33.4933572 ] ] } },
{ "type": "Feature", "properties": { "u": 6303772584, "v": 6310054050, "key": 0, "osmid": "673799512", "lanes": null, "ref": null, "name": null, "highway": "residential", "maxspeed": null, "oneway": false, "reversed": "False", "length": 97.867, "tunnel": null, "width": null, "bridge": null, "access": null, "service": null }, "geometry": { "type": "LineString", "coordinates": [ [ 133.5624286, 33.4931106 ], [ 133.5623373, 33.4932847 ], [ 133.5622804, 33.4935356 ], [ 133.562207699999988, 33.4939192 ], [ 133.562191899999988, 33.4939637 ] ] } },
{ "type": "Feature", "properties": { "u": 6303772589, "v": 6303772590, "key": 0, "osmid": "673134109", "lanes": null, "ref": null, "name": null, "highway": "path", "maxspeed": null, "oneway": false, "reversed": "False", "length": 18.765, "tunnel": null, "width": null, "bridge": null, "access": null, "service": null }, "geometry": { "type": "LineString", "coordinates": [ [ 133.56180040000001, 33.4929481 ], [ 133.5616028, 33.4929117 ] ] } },
{ "type": "Feature", "properties": { "u": 6303772589, "v": 6303772584, "key": 0, "osmid": "673134109", "lanes": null, "ref": null, "name": null, "highway": "path", "maxspeed": null, "oneway": false, "reversed": "True", "length": 60.992, "tunnel": null, "width": null, "bridge": null, "access": null, "service": null }, "geometry": { "type": "LineString", "coordinates": [ [ 133.56180040000001, 33.4929481 ], [ 133.5624286, 33.4931106 ] ] } },
{ "type": "Feature", "properties": { "u": 6303772589, "v": 6303772592, "key": 0, "osmid": "673134111", "lanes": null, "ref": null, "name": null, "highway": "path", "maxspeed": null, "oneway": false, "reversed": "False", "length": 10.86, "tunnel": null, "width": null, "bridge": null, "access": null, "service": null }, "geometry": { "type": "LineString", "coordinates": [ [ 133.56180040000001, 33.4929481 ], [ 133.5618407, 33.4928564 ] ] } },
{ "type": "Feature", "properties": { "u": 6303772589, "v": 6310054020, "key": 0, "osmid": "673799511", "lanes": null, "ref": null, "name": null, "highway": "path", "maxspeed": null, "oneway": false, "reversed": "False", "length": 107.863, "tunnel": null, "width": null, "bridge": null, "access": null, "service": null }, "geometry": { "type": "LineString", "coordinates": [ [ 133.56180040000001, 33.4929481 ], [ 133.561769700000013, 33.4930359 ], [ 133.561621800000012, 33.4933488 ], [ 133.5615118, 33.4938007 ], [ 133.5614998, 33.4938443 ], [ 133.5614809, 33.4938771 ] ] } },
{ "type": "Feature", "properties": { "u": 6303772590, "v": 6303772589, "key": 0, "osmid": "673134109", "lanes": null, "ref": null, "name": null, "highway": "path", "maxspeed": null, "oneway": false, "reversed": "True", "length": 18.765, "tunnel": null, "width": null, "bridge": null, "access": null, "service": null }, "geometry": { "type": "LineString", "coordinates": [ [ 133.5616028, 33.4929117 ], [ 133.56180040000001, 33.4929481 ] ] } },
{ "type": "Feature", "properties": { "u": 6303772590, "v": 10179631154, "key": 0, "osmid": "673799510", "lanes": null, "ref": null, "name": null, "highway": "residential", "maxspeed": null, "oneway": false, "reversed": "False", "length": 14.563, "tunnel": null, "width": null, "bridge": null, "access": null, "service": null }, "geometry": { "type": "LineString", "coordinates": [ [ 133.5616028, 33.4929117 ], [ 133.56170130000001, 33.4928097 ] ] } },
{ "type": "Feature", "properties": { "u": 6303772590, "v": 6303772627, "key": 0, "osmid": "142325661", "lanes": null, "ref": null, "name": null, "highway": "path", "maxspeed": null, "oneway": false, "reversed": "False", "length": 38.224, "tunnel": null, "width": null, "bridge": null, "access": null, "service": null }, "geometry": { "type": "LineString", "coordinates": [ [ 133.5616028, 33.4929117 ], [ 133.561268399999989, 33.4928379 ], [ 133.561210100000011, 33.4928116 ] ] } },
{ "type": "Feature", "properties": { "u": 6303772590, "v": 6310054235, "key": 0, "osmid": "673799510", "lanes": null, "ref": null, "name": null, "highway": "residential", "maxspeed": null, "oneway": false, "reversed": "True", "length": 108.488, "tunnel": null, "width": null, "bridge": null, "access": null, "service": null }, "geometry": { "type": "LineString", "coordinates": [ [ 133.5616028, 33.4929117 ], [ 133.5615291, 33.493022 ], [ 133.56141, 33.4932693 ], [ 133.5613423, 33.4934952 ], [ 133.561235, 33.4938336 ] ] } },
{ "type": "Feature", "properties": { "u": 6303772591, "v": 12709933128, "key": 0, "osmid": "35062133", "lanes": "2", "ref": "14", "name": "春野赤岡線", "highway": "primary", "maxspeed": "50", "oneway": false, "reversed": "False", "length": 78.095, "tunnel": null, "width": null, "bridge": null, "access": null, "service": null }, "geometry": { "type": "LineString", "coordinates": [ [ 133.56173050000001, 33.4927523 ], [ 133.5625311, 33.4929702 ] ] } },
{ "type": "Feature", "properties": { "u": 6303772591, "v": 10179631154, "key": 0, "osmid": "673799510", "lanes": null, "ref": null, "name": null, "highway": "residential", "maxspeed": null, "oneway": false, "reversed": "True", "length": 6.933, "tunnel": null, "width": null, "bridge": null, "access": null, "service": null }, "geometry": { "type": "LineString", "coordinates": [ [ 133.56173050000001, 33.4927523 ], [ 133.56170130000001, 33.4928097 ] ] } },
{ "type": "Feature", "properties": { "u": 6303772591, "v": 12709155883, "key": 0, "osmid": "35062133", "lanes": "2", "ref": "14", "name": "春野赤岡線", "highway": "primary", "maxspeed": "50", "oneway": false, "reversed": "True", "length": 72.113, "tunnel": null, "width": null, "bridge": null, "access": null, "service": null }, "geometry": { "type": "LineString", "coordinates": [ [ 133.56173050000001, 33.4927523 ], [ 133.5612868, 33.4926316 ], [ 133.560993, 33.4925467 ] ] } },
{ "type": "Feature", "properties": { "u": 6303772592, "v": 6303772589, "key": 0, "osmid": "673134111", "lanes": null, "ref": null, "name": null, "highway": "path", "maxspeed": null, "oneway": false, "reversed": "True", "length": 10.86, "tunnel": null, "width": null, "bridge": null, "access": null, "service": null }, "geometry": { "type": "LineString", "coordinates": [ [ 133.5618407, 33.4928564 ], [ 133.56180040000001, 33.4929481 ] ] } },
{ "type": "Feature", "properties": { "u": 6303772592, "v": 12709933127, "key": 0, "osmid": "1112618647", "lanes": null, "ref": null, "name": null, "highway": "footway", "maxspeed": null, "oneway": false, "reversed": "False", "length": 63.241, "tunnel": null, "width": null, "bridge": null, "access": null, "service": null }, "geometry": { "type": "LineString", "coordinates": [ [ 133.5618407, 33.4928564 ], [ 133.5624881, 33.4930352 ] ] } },
{ "type": "Feature", "properties": { "u": 6303772592, "v": 10179631154, "key": 0, "osmid": "1112618647", "lanes": null, "ref": null, "name": null, "highway": "footway", "maxspeed": null, "oneway": false, "reversed": "True", "length": 13.931, "tunnel": null, "width": null, "bridge": null, "access": null, "service": null }, "geometry": { "type": "LineString", "coordinates": [ [ 133.5618407, 33.4928564 ], [ 133.56170130000001, 33.4928097 ] ] } },
{ "type": "Feature", "properties": { "u": 6303772592, "v": 6303772595, "key": 0, "osmid": [ 673134113, 673134114 ], "lanes": null, "ref": null, "name": null, "highway": "path", "maxspeed": null, "oneway": false, "reversed": "False", "length": 29.085, "tunnel": "yes", "width": null, "bridge": null, "access": null, "service": null }, "geometry": { "type": "LineString", "coordinates": [ [ 133.5618407, 33.4928564 ], [ 133.561924800000014, 33.4927181 ], [ 133.561941100000013, 33.4926947 ], [ 133.56203450000001, 33.4927103 ] ] } },
{ "type": "Feature", "properties": { "u": 6303772595, "v": 6303772592, "key": 0, "osmid": [ 673134113, 673134114 ], "lanes": null, "ref": null, "name": null, "highway": "path", "maxspeed": null, "oneway": false, "reversed": "True", "length": 29.085, "tunnel": "yes", "width": null, "bridge": null, "access": null, "service": null }, "geometry": { "type": "LineString", "coordinates": [ [ 133.56203450000001, 33.4927103 ], [ 133.561941100000013, 33.4926947 ], [ 133.561924800000014, 33.4927181 ], [ 133.5618407, 33.4928564 ] ] } },
{ "type": "Feature", "properties": { "u": 6303772600, "v": 6303772601, "key": 0, "osmid": "673134115", "lanes": null, "ref": null, "name": null, "highway": "path", "maxspeed": null, "oneway": false, "reversed": "False", "length": 30.942, "tunnel": null, "width": null, "bridge": null, "access": null, "service": null }, "geometry": { "type": "LineString", "coordinates": [ [ 133.560690099999988, 33.4931471 ], [ 133.560370400000011, 33.4930674 ] ] } },
{ "type": "Feature", "properties": { "u": 6303772600, "v": 1557771520, "key": 0, "osmid": "142326138", "lanes": null, "ref": null, "name": null, "highway": "residential", "maxspeed": null, "oneway": false, "reversed": "False", "length": 50.027, "tunnel": null, "width": null, "bridge": null, "access": null, "service": null }, "geometry": { "type": "LineString", "coordinates": [ [ 133.560690099999988, 33.4931471 ], [ 133.5606957, 33.4931002 ], [ 133.5608326, 33.4928274 ], [ 133.5608901, 33.4927317 ] ] } },
{ "type": "Feature", "properties": { "u": 6303772600, "v": 1557771722, "key": 0, "osmid": "142326138", "lanes": null, "ref": null, "name": null, "highway": "residential", "maxspeed": null, "oneway": false, "reversed": "True", "length": 64.742, "tunnel": null, "width": null, "bridge": null, "access": null, "service": null }, "geometry": { "type": "LineString", "coordinates": [ [ 133.560690099999988, 33.4931471 ], [ 133.560681, 33.4932234 ], [ 133.5605773, 33.4935422 ], [ 133.5605383, 33.4937144 ] ] } },
{ "type": "Feature", "properties": { "u": 6303772601, "v": 6303772600, "key": 0, "osmid": "673134115", "lanes": null, "ref": null, "name": null, "highway": "path", "maxspeed": null, "oneway": false, "reversed": "True", "length": 30.942, "tunnel": null, "width": null, "bridge": null, "access": null, "service": null }, "geometry": { "type": "LineString", "coordinates": [ [ 133.560370400000011, 33.4930674 ], [ 133.560690099999988, 33.4931471 ] ] } },
{ "type": "Feature", "properties": { "u": 6303772602, "v": 6310054186, "key": 0, "osmid": "44405079", "lanes": "2", "ref": "34", "name": "桂浜はりまや線", "highway": "primary", "maxspeed": "30", "oneway": false, "reversed": "False", "length": 21.384, "tunnel": null, "width": null, "bridge": null, "access": null, "service": null }, "geometry": { "type": "LineString", "coordinates": [ [ 133.5600637, 33.493628 ], [ 133.5598384, 33.493587 ] ] } },
{ "type": "Feature", "properties": { "u": 6303772602, "v": 12709983196, "key": 0, "osmid": "44405079", "lanes": "2", "ref": "34", "name": "桂浜はりまや線", "highway": "primary", "maxspeed": "30", "oneway": false, "reversed": "True", "length": 26.917, "tunnel": null, "width": null, "bridge": null, "access": null, "service": null }, "geometry": { "type": "LineString", "coordinates": [ [ 133.5600637, 33.493628 ], [ 133.5601226, 33.4936387 ], [ 133.560347299999989, 33.4936796 ] ] } },
{ "type": "Feature", "properties": { "u": 6303772602, "v": 6303772605, "key": 0, "osmid": [ 673134116, 673134117 ], "lanes": null, "ref": null, "name": null, "highway": [ "path", "service" ], "maxspeed": null, "oneway": false, "reversed": "False", "length": 68.636, "tunnel": null, "width": null, "bridge": null, "access": null, "service": null }, "geometry": { "type": "LineString", "coordinates": [ [ 133.5600637, 33.493628 ], [ 133.560122400000012, 33.4933693 ], [ 133.5601455, 33.4932447 ], [ 133.560205599999989, 33.4930224 ] ] } },
{ "type": "Feature", "properties": { "u": 6303772605, "v": 6303772602, "key": 0, "osmid": [ 673134116, 673134117 ], "lanes": null, "ref": null, "name": null, "highway": [ "path", "service" ], "maxspeed": null, "oneway": false, "reversed": "True", "length": 68.636, "tunnel": null, "width": null, "bridge": null, "access": null, "service": null }, "geometry": { "type": "LineString", "coordinates": [ [ 133.560205599999989, 33.4930224 ], [ 133.5601455, 33.4932447 ], [ 133.560122400000012, 33.4933693 ], [ 133.5600637, 33.493628 ] ] } },
{ "type": "Feature", "properties": { "u": 6303772606, "v": 6310054187, "key": 0, "osmid": "44405079", "lanes": "2", "ref": "34", "name": "桂浜はりまや線", "highway": "primary", "maxspeed": "30", "oneway": false, "reversed": "False", "length": 55.281, "tunnel": null, "width": null, "bridge": null, "access": null, "service": null }, "geometry": { "type": "LineString", "coordinates": [ [ 133.5595999, 33.4935437 ], [ 133.559020299999986, 33.4934274 ] ] } },
{ "type": "Feature", "properties": { "u": 6303772606, "v": 6310054186, "key": 0, "osmid": "44405079", "lanes": "2", "ref": "34", "name": "桂浜はりまや線", "highway": "primary", "maxspeed": "30", "oneway": false, "reversed": "True", "length": 22.634, "tunnel": null, "width": null, "bridge": null, "access": null, "service": null }, "geometry": { "type": "LineString", "coordinates": [ [ 133.5595999, 33.4935437 ], [ 133.5598384, 33.493587 ] ] } },
{ "type": "Feature", "properties": { "u": 6303772606, "v": 6303772614, "key": 0, "osmid": [ 673134120, 673134118, 673134119 ], "lanes": null, "ref": null, "name": null, "highway": [ "path", "service" ], "maxspeed": null, "oneway": false, "reversed": [ false, true ], "length": 126.417, "tunnel": null, "width": null, "bridge": null, "access": null, "service": null }, "geometry": { "type": "LineString", "coordinates": [ [ 133.5595999, 33.4935437 ], [ 133.5596679, 33.493147 ], [ 133.559693399999986, 33.492975 ], [ 133.5597181, 33.4928547 ], [ 133.5597305, 33.4928267 ], [ 133.5597358, 33.492795 ], [ 133.5597287, 33.4926526 ], [ 133.559786300000013, 33.4925079 ], [ 133.5598426, 33.4924383 ] ] } },
{ "type": "Feature", "properties": { "u": 6303772614, "v": 1557771425, "key": 0, "osmid": "142325661", "lanes": null, "ref": null, "name": null, "highway": "path", "maxspeed": null, "oneway": false, "reversed": "False", "length": 48.181, "tunnel": null, "width": null, "bridge": null, "access": null, "service": null }, "geometry": { "type": "LineString", "coordinates": [ [ 133.5598426, 33.4924383 ], [ 133.559719, 33.492392 ], [ 133.5595095, 33.4923306 ], [ 133.5593986, 33.4923025 ], [ 133.5593534, 33.4922949 ] ] } },
{ "type": "Feature", "properties": { "u": 6303772614, "v": 6303772318, "key": 0, "osmid": "142325661", "lanes": null, "ref": null, "name": null, "highway": "path", "maxspeed": null, "oneway": false, "reversed": "True", "length": 29.329, "tunnel": null, "width": null, "bridge": null, "access": null, "service": null }, "geometry": { "type": "LineString", "coordinates": [ [ 133.5598426, 33.4924383 ], [ 133.5598675, 33.4924476 ], [ 133.56007, 33.4925136 ], [ 133.5601364, 33.4925359 ] ] } },
{ "type": "Feature", "properties": { "u": 6303772614, "v": 6303772606, "key": 0, "osmid": [ 673134120, 673134118, 673134119 ], "lanes": null, "ref": null, "name": null, "highway": [ "path", "service" ], "maxspeed": null, "oneway": false, "reversed": [ false, true ], "length": 126.417, "tunnel": null, "width": null, "bridge": null, "access": null, "service": null }, "geometry": { "type": "LineString", "coordinates": [ [ 133.5598426, 33.4924383 ], [ 133.559786300000013, 33.4925079 ], [ 133.5597287, 33.4926526 ], [ 133.5597358, 33.492795 ], [ 133.5597305, 33.4928267 ], [ 133.5597181, 33.4928547 ], [ 133.559693399999986, 33.492975 ], [ 133.5596679, 33.493147 ], [ 133.5595999, 33.4935437 ] ] } },
{ "type": "Feature", "properties": { "u": 6303772618, "v": 10179631148, "key": 0, "osmid": "673134121", "lanes": null, "ref": null, "name": null, "highway": "unclassified", "maxspeed": null, "oneway": false, "reversed": "True", "length": 6.536, "tunnel": null, "width": null, "bridge": null, "access": null, "service": null }, "geometry": { "type": "LineString", "coordinates": [ [ 133.560217200000011, 33.4923056 ], [ 133.5601933, 33.4923609 ] ] } },
{ "type": "Feature", "properties": { "u": 6303772618, "v": 12709155883, "key": 0, "osmid": "35062133", "lanes": "2", "ref": "14", "name": "春野赤岡線", "highway": "primary", "maxspeed": "50", "oneway": false, "reversed": "False", "length": 76.783, "tunnel": null, "width": null, "bridge": null, "access": null, "service": null }, "geometry": { "type": "LineString", "coordinates": [ [ 133.560217200000011, 33.4923056 ], [ 133.5607819, 33.4924857 ], [ 133.560993, 33.4925467 ] ] } },
{ "type": "Feature", "properties": { "u": 6303772618, "v": 564465183, "key": 0, "osmid": "35062133", "lanes": "2", "ref": "14", "name": "春野赤岡線", "highway": "primary", "maxspeed": "50", "oneway": false, "reversed": "True", "length": 162.0, "tunnel": null, "width": null, "bridge": null, "access": null, "service": null }, "geometry": { "type": "LineString", "coordinates": [ [ 133.560217200000011, 33.4923056 ], [ 133.5592828, 33.4920075 ], [ 133.5587262, 33.4918371 ], [ 133.5585816, 33.4917939 ] ] } },
{ "type": "Feature", "properties": { "u": 6303772621, "v": 6303772318, "key": 0, "osmid": "142325661", "lanes": null, "ref": null, "name": null, "highway": "path", "maxspeed": null, "oneway": false, "reversed": "False", "length": 11.514, "tunnel": null, "width": null, "bridge": null, "access": null, "service": null }, "geometry": { "type": "LineString", "coordinates": [ [ 133.560237, 33.4925907 ], [ 133.560192699999988, 33.4925802 ], [ 133.5601686, 33.492567 ], [ 133.5601364, 33.4925359 ] ] } },
{ "type": "Feature", "properties": { "u": 6303772621, "v": 1557771520, "key": 0, "osmid": "142325661", "lanes": null, "ref": null, "name": null, "highway": "path", "maxspeed": null, "oneway": false, "reversed": "True", "length": 62.758, "tunnel": null, "width": null, "bridge": null, "access": null, "service": null }, "geometry": { "type": "LineString", "coordinates": [ [ 133.560237, 33.4925907 ], [ 133.5603456, 33.4926165 ], [ 133.560359, 33.4926161 ], [ 133.5604545, 33.4926295 ], [ 133.560521599999987, 33.4926381 ], [ 133.5605478, 33.4926417 ], [ 133.560574800000012, 33.492646 ], [ 133.5607952, 33.4927084 ], [ 133.5608901, 33.4927317 ] ] } },
{ "type": "Feature", "properties": { "u": 6303772621, "v": 6303772624, "key": 0, "osmid": "673134122", "lanes": null, "ref": null, "name": null, "highway": "path", "maxspeed": null, "oneway": false, "reversed": "False", "length": 44.494, "tunnel": null, "width": null, "bridge": null, "access": null, "service": null }, "geometry": { "type": "LineString", "coordinates": [ [ 133.560237, 33.4925907 ], [ 133.560177399999986, 33.4927333 ], [ 133.5600809, 33.4927725 ], [ 133.5600272, 33.4929257 ] ] } },
{ "type": "Feature", "properties": { "u": 6303772624, "v": 6303772621, "key": 0, "osmid": "673134122", "lanes": null, "ref": null, "name": null, "highway": "path", "maxspeed": null, "oneway": false, "reversed": "True", "length": 44.494, "tunnel": null, "width": null, "bridge": null, "access": null, "service": null }, "geometry": { "type": "LineString", "coordinates": [ [ 133.5600272, 33.4929257 ], [ 133.5600809, 33.4927725 ], [ 133.560177399999986, 33.4927333 ], [ 133.560237, 33.4925907 ] ] } },
{ "type": "Feature", "properties": { "u": 6303772627, "v": 1557771520, "key": 0, "osmid": "142325661", "lanes": null, "ref": null, "name": null, "highway": "path", "maxspeed": null, "oneway": false, "reversed": "False", "length": 30.977, "tunnel": null, "width": null, "bridge": null, "access": null, "service": null }, "geometry": { "type": "LineString", "coordinates": [ [ 133.561210100000011, 33.4928116 ], [ 133.5610786, 33.4927803 ], [ 133.5608901, 33.4927317 ] ] } },
{ "type": "Feature", "properties": { "u": 6303772627, "v": 6303772590, "key": 0, "osmid": "142325661", "lanes": null, "ref": null, "name": null, "highway": "path", "maxspeed": null, "oneway": false, "reversed": "True", "length": 38.224, "tunnel": null, "width": null, "bridge": null, "access": null, "service": null }, "geometry": { "type": "LineString", "coordinates": [ [ 133.561210100000011, 33.4928116 ], [ 133.561268399999989, 33.4928379 ], [ 133.5616028, 33.4929117 ] ] } },
{ "type": "Feature", "properties": { "u": 6303772627, "v": 6310054230, "key": 0, "osmid": "673799509", "lanes": null, "ref": null, "name": null, "highway": "path", "maxspeed": null, "oneway": false, "reversed": "True", "length": 111.337, "tunnel": null, "width": null, "bridge": null, "access": null, "service": null }, "geometry": { "type": "LineString", "coordinates": [ [ 133.561210100000011, 33.4928116 ], [ 133.561166500000013, 33.4929194 ], [ 133.5611075, 33.493083 ], [ 133.5610852, 33.4931636 ], [ 133.5609165, 33.4936611 ], [ 133.5608978, 33.493777 ] ] } },
{ "type": "Feature", "properties": { "u": 6310054014, "v": 6310054067, "key": 0, "osmid": "673799495", "lanes": null, "ref": null, "name": null, "highway": "unclassified", "maxspeed": null, "oneway": false, "reversed": "False", "length": 61.25, "tunnel": null, "width": null, "bridge": null, "access": null, "service": null }, "geometry": { "type": "LineString", "coordinates": [ [ 133.5615942, 33.4946752 ], [ 133.5615344, 33.4947063 ], [ 133.5613588, 33.494759 ], [ 133.5613157, 33.4947834 ], [ 133.5612741, 33.4948258 ], [ 133.5611601, 33.4950442 ] ] } },
{ "type": "Feature", "properties": { "u": 6310054014, "v": 6310054021, "key": 0, "osmid": "673799495", "lanes": null, "ref": null, "name": null, "highway": "unclassified", "maxspeed": null, "oneway": false, "reversed": "True", "length": 28.829, "tunnel": null, "width": null, "bridge": null, "access": null, "service": null }, "geometry": { "type": "LineString", "coordinates": [ [ 133.5615942, 33.4946752 ], [ 133.5616546, 33.4946215 ], [ 133.5616793, 33.4945637 ], [ 133.5617044, 33.4944412 ] ] } },
{ "type": "Feature", "properties": { "u": 6310054014, "v": 6310054018, "key": 0, "osmid": "1372680598", "lanes": null, "ref": null, "name": null, "highway": "path", "maxspeed": null, "oneway": false, "reversed": "False", "length": 47.113, "tunnel": null, "width": null, "bridge": null, "access": null, "service": null }, "geometry": { "type": "LineString", "coordinates": [ [ 133.5615942, 33.4946752 ], [ 133.5613866, 33.4946431 ], [ 133.5613683, 33.4946296 ], [ 133.561352, 33.4946041 ], [ 133.561365599999988, 33.4945128 ], [ 133.5614048, 33.4944116 ] ] } },
{ "type": "Feature", "properties": { "u": 6310054014, "v": 1557771956, "key": 0, "osmid": "1372680598", "lanes": null, "ref": null, "name": null, "highway": "path", "maxspeed": null, "oneway": false, "reversed": "True", "length": 43.733, "tunnel": null, "width": null, "bridge": null, "access": null, "service": null }, "geometry": { "type": "LineString", "coordinates": [ [ 133.5615942, 33.4946752 ], [ 133.561982199999989, 33.4947228 ], [ 133.5620616, 33.4947206 ] ] } },
{ "type": "Feature", "properties": { "u": 6310054018, "v": 6310054021, "key": 0, "osmid": "673799492", "lanes": null, "ref": null, "name": null, "highway": "path", "maxspeed": null, "oneway": false, "reversed": "True", "length": 27.976, "tunnel": null, "width": null, "bridge": null, "access": null, "service": null }, "geometry": { "type": "LineString", "coordinates": [ [ 133.5614048, 33.4944116 ], [ 133.5617044, 33.4944412 ] ] } },
{ "type": "Feature", "properties": { "u": 6310054018, "v": 6310054225, "key": 0, "osmid": "1372680597", "lanes": null, "ref": null, "name": null, "highway": "service", "maxspeed": null, "oneway": false, "reversed": "False", "length": 22.684, "tunnel": null, "width": null, "bridge": null, "access": null, "service": null }, "geometry": { "type": "LineString", "coordinates": [ [ 133.5614048, 33.4944116 ], [ 133.5614344, 33.4942091 ] ] } },
{ "type": "Feature", "properties": { "u": 6310054018, "v": 6310054221, "key": 0, "osmid": "673799492", "lanes": null, "ref": null, "name": null, "highway": "path", "maxspeed": null, "oneway": false, "reversed": "False", "length": 28.551, "tunnel": null, "width": null, "bridge": null, "access": null, "service": null }, "geometry": { "type": "LineString", "coordinates": [ [ 133.5614048, 33.4944116 ], [ 133.5613203, 33.4944107 ], [ 133.5610972, 33.4944012 ] ] } },
{ "type": "Feature", "properties": { "u": 6310054018, "v": 6310054014, "key": 0, "osmid": "1372680598", "lanes": null, "ref": null, "name": null, "highway": "path", "maxspeed": null, "oneway": false, "reversed": "True", "length": 47.113, "tunnel": null, "width": null, "bridge": null, "access": null, "service": null }, "geometry": { "type": "LineString", "coordinates": [ [ 133.5614048, 33.4944116 ], [ 133.561365599999988, 33.4945128 ], [ 133.561352, 33.4946041 ], [ 133.5613683, 33.4946296 ], [ 133.5613866, 33.4946431 ], [ 133.5615942, 33.4946752 ] ] } },
{ "type": "Feature", "properties": { "u": 6310054020, "v": 6310054225, "key": 0, "osmid": "1372680597", "lanes": null, "ref": null, "name": null, "highway": "service", "maxspeed": null, "oneway": false, "reversed": "True", "length": 37.168, "tunnel": null, "width": null, "bridge": null, "access": null, "service": null }, "geometry": { "type": "LineString", "coordinates": [ [ 133.5614809, 33.4938771 ], [ 133.5614344, 33.4942091 ] ] } },
{ "type": "Feature", "properties": { "u": 6310054020, "v": 6310054235, "key": 0, "osmid": "44405079", "lanes": "2", "ref": "34", "name": "桂浜はりまや線", "highway": "primary", "maxspeed": "30", "oneway": false, "reversed": "False", "length": 23.312, "tunnel": null, "width": null, "bridge": null, "access": null, "service": null }, "geometry": { "type": "LineString", "coordinates": [ [ 133.5614809, 33.4938771 ], [ 133.5613736, 33.4938568 ], [ 133.561235, 33.4938336 ] ] } },
{ "type": "Feature", "properties": { "u": 6310054020, "v": 6310054056, "key": 0, "osmid": "44405079", "lanes": "2", "ref": "34", "name": "桂浜はりまや線", "highway": "primary", "maxspeed": "30", "oneway": false, "reversed": "True", "length": 30.551, "tunnel": null, "width": null, "bridge": null, "access": null, "service": null }, "geometry": { "type": "LineString", "coordinates": [ [ 133.5614809, 33.4938771 ], [ 133.561650899999989, 33.4939061 ], [ 133.5618045, 33.4939285 ] ] } },
{ "type": "Feature", "properties": { "u": 6310054020, "v": 6303772589, "key": 0, "osmid": "673799511", "lanes": null, "ref": null, "name": null, "highway": "path", "maxspeed": null, "oneway": false, "reversed": "True", "length": 107.863, "tunnel": null, "width": null, "bridge": null, "access": null, "service": null }, "geometry": { "type": "LineString", "coordinates": [ [ 133.5614809, 33.4938771 ], [ 133.5614998, 33.4938443 ], [ 133.5615118, 33.4938007 ], [ 133.561621800000012, 33.4933488 ], [ 133.561769700000013, 33.4930359 ], [ 133.56180040000001, 33.4929481 ] ] } },
{ "type": "Feature", "properties": { "u": 6310054021, "v": 6310054018, "key": 0, "osmid": "673799492", "lanes": null, "ref": null, "name": null, "highway": "path", "maxspeed": null, "oneway": false, "reversed": "False", "length": 27.976, "tunnel": null, "width": null, "bridge": null, "access": null, "service": null }, "geometry": { "type": "LineString", "coordinates": [ [ 133.5617044, 33.4944412 ], [ 133.5614048, 33.4944116 ] ] } },
{ "type": "Feature", "properties": { "u": 6310054021, "v": 1557771904, "key": 0, "osmid": "673799492", "lanes": null, "ref": null, "name": null, "highway": "path", "maxspeed": null, "oneway": false, "reversed": "True", "length": 36.609, "tunnel": null, "width": null, "bridge": null, "access": null, "service": null }, "geometry": { "type": "LineString", "coordinates": [ [ 133.5617044, 33.4944412 ], [ 133.562096, 33.494483 ] ] } },
{ "type": "Feature", "properties": { "u": 6310054021, "v": 6310054223, "key": 0, "osmid": "673799495", "lanes": null, "ref": null, "name": null, "highway": "unclassified", "maxspeed": null, "oneway": false, "reversed": "True", "length": 12.59, "tunnel": null, "width": null, "bridge": null, "access": null, "service": null }, "geometry": { "type": "LineString", "coordinates": [ [ 133.5617044, 33.4944412 ], [ 133.5617259, 33.4943294 ] ] } },
{ "type": "Feature", "properties": { "u": 6310054021, "v": 6310054014, "key": 0, "osmid": "673799495", "lanes": null, "ref": null, "name": null, "highway": "unclassified", "maxspeed": null, "oneway": false, "reversed": "False", "length": 28.829, "tunnel": null, "width": null, "bridge": null, "access": null, "service": null }, "geometry": { "type": "LineString", "coordinates": [ [ 133.5617044, 33.4944412 ], [ 133.5616793, 33.4945637 ], [ 133.5616546, 33.4946215 ], [ 133.5615942, 33.4946752 ] ] } },
{ "type": "Feature", "properties": { "u": 6310054040, "v": 1557771918, "key": 0, "osmid": "673799492", "lanes": null, "ref": null, "name": null, "highway": "path", "maxspeed": null, "oneway": false, "reversed": "True", "length": 63.661, "tunnel": null, "width": null, "bridge": null, "access": null, "service": null }, "geometry": { "type": "LineString", "coordinates": [ [ 133.560761500000012, 33.4951245 ], [ 133.5607651, 33.4950826 ], [ 133.5607973, 33.4950034 ], [ 133.5608109, 33.4949459 ], [ 133.560829500000011, 33.4948088 ], [ 133.560877299999987, 33.4945617 ] ] } },
{ "type": "Feature", "properties": { "u": 6310054040, "v": 6310054073, "key": 0, "osmid": [ 1372680600, 1372680599 ], "lanes": null, "ref": null, "name": null, "highway": [ "residential", "track" ], "maxspeed": null, "oneway": false, "reversed": "False", "length": 107.495, "tunnel": null, "width": null, "bridge": null, "access": null, "service": null }, "geometry": { "type": "LineString", "coordinates": [ [ 133.560761500000012, 33.4951245 ], [ 133.560482, 33.4950875 ], [ 133.5596132, 33.4949925 ] ] } },
{ "type": "Feature", "properties": { "u": 6310054040, "v": 6310054067, "key": 0, "osmid": [ 1372680600, 673799495 ], "lanes": null, "ref": null, "name": null, "highway": [ "residential", "unclassified" ], "maxspeed": null, "oneway": false, "reversed": "True", "length": 40.829, "tunnel": null, "width": null, "bridge": null, "access": null, "service": null }, "geometry": { "type": "LineString", "coordinates": [ [ 133.560761500000012, 33.4951245 ], [ 133.5610706, 33.4951242 ], [ 133.5611601, 33.4950442 ] ] } },
{ "type": "Feature", "properties": { "u": 6310054046, "v": 6310054047, "key": 0, "osmid": "673799493", "lanes": null, "ref": null, "name": null, "highway": "residential", "maxspeed": null, "oneway": false, "reversed": "False", "length": 26.448, "tunnel": null, "width": null, "bridge": null, "access": null, "service": null }, "geometry": { "type": "LineString", "coordinates": [ [ 133.5644948, 33.4942674 ], [ 133.564541100000014, 33.4940327 ] ] } },
{ "type": "Feature", "properties": { "u": 6310054046, "v": 6303772566, "key": 0, "osmid": "142325215", "lanes": null, "ref": null, "name": null, "highway": "unclassified", "maxspeed": null, "oneway": false, "reversed": "False", "length": 91.844, "tunnel": null, "width": null, "bridge": null, "access": null, "service": null }, "geometry": { "type": "LineString", "coordinates": [ [ 133.5644948, 33.4942674 ], [ 133.564447, 33.4942639 ], [ 133.5640577, 33.4942263 ], [ 133.563607499999989, 33.4941556 ], [ 133.5635733, 33.4941317 ], [ 133.563552, 33.494096 ] ] } },
{ "type": "Feature", "properties": { "u": 6310054046, "v": 1557772336, "key": 0, "osmid": "142325215", "lanes": null, "ref": null, "name": null, "highway": "unclassified", "maxspeed": null, "oneway": false, "reversed": "True", "length": 317.891, "tunnel": null, "width": null, "bridge": null, "access": null, "service": null }, "geometry": { "type": "LineString", "coordinates": [ [ 133.5644948, 33.4942674 ], [ 133.5647966, 33.4942898 ], [ 133.5648813, 33.4942972 ], [ 133.5649702, 33.4943136 ], [ 133.565024099999988, 33.4943298 ], [ 133.565071, 33.4943507 ], [ 133.5652704, 33.4945029 ], [ 133.5653292, 33.4945411 ], [ 133.565372200000013, 33.4945625 ], [ 133.5654102, 33.4945746 ], [ 133.565556500000014, 33.4946063 ], [ 133.565681, 33.4946382 ], [ 133.565838, 33.4946829 ], [ 133.5658685, 33.4946934 ], [ 133.5659102, 33.4947042 ], [ 133.566068199999989, 33.4947066 ], [ 133.56613680000001, 33.4947099 ], [ 133.5661823, 33.4947244 ], [ 133.566211, 33.4947353 ], [ 133.566241100000013, 33.4947525 ], [ 133.5662719, 33.4947755 ], [ 133.566303, 33.4948077 ], [ 133.5667525, 33.4952752 ], [ 133.5669246, 33.4954523 ], [ 133.566961099999986, 33.4955095 ], [ 133.5670069, 33.4955743 ], [ 133.567038700000012, 33.495612 ], [ 133.5671639, 33.4957236 ], [ 133.567203799999987, 33.495743 ] ] } },
{ "type": "Feature", "properties": { "u": 6310054047, "v": 6310054046, "key": 0, "osmid": "673799493", "lanes": null, "ref": null, "name": null, "highway": "residential", "maxspeed": null, "oneway": false, "reversed": "True", "length": 26.448, "tunnel": null, "width": null, "bridge": null, "access": null, "service": null }, "geometry": { "type": "LineString", "coordinates": [ [ 133.564541100000014, 33.4940327 ], [ 133.5644948, 33.4942674 ] ] } },
{ "type": "Feature", "properties": { "u": 6310054050, "v": 1557771904, "key": 0, "osmid": "673799490", "lanes": null, "ref": null, "name": null, "highway": "path", "maxspeed": null, "oneway": false, "reversed": "True", "length": 58.424, "tunnel": null, "width": null, "bridge": null, "access": null, "service": null }, "geometry": { "type": "LineString", "coordinates": [ [ 133.562191899999988, 33.4939637 ], [ 133.562096, 33.494483 ] ] } },
{ "type": "Feature", "properties": { "u": 6310054050, "v": 6310054056, "key": 0, "osmid": "44405079", "lanes": "2", "ref": "34", "name": "桂浜はりまや線", "highway": "primary", "maxspeed": "30", "oneway": false, "reversed": "False", "length": 36.143, "tunnel": null, "width": null, "bridge": null, "access": null, "service": null }, "geometry": { "type": "LineString", "coordinates": [ [ 133.562191899999988, 33.4939637 ], [ 133.5621563, 33.4939613 ], [ 133.561946400000011, 33.4939442 ], [ 133.5618045, 33.4939285 ] ] } },
{ "type": "Feature", "properties": { "u": 6310054050, "v": 6310054052, "key": 0, "osmid": "44405079", "lanes": "2", "ref": "34", "name": "桂浜はりまや線", "highway": "primary", "maxspeed": "30", "oneway": false, "reversed": "True", "length": 78.528, "tunnel": null, "width": null, "bridge": null, "access": null, "service": null }, "geometry": { "type": "LineString", "coordinates": [ [ 133.562191899999988, 33.4939637 ], [ 133.5625997, 33.4940073 ], [ 133.5627883, 33.4940342 ], [ 133.5630218, 33.4940943 ] ] } },
{ "type": "Feature", "properties": { "u": 6310054050, "v": 6303772584, "key": 0, "osmid": "673799512", "lanes": null, "ref": null, "name": null, "highway": "residential", "maxspeed": null, "oneway": false, "reversed": "True", "length": 97.867, "tunnel": null, "width": null, "bridge": null, "access": null, "service": null }, "geometry": { "type": "LineString", "coordinates": [ [ 133.562191899999988, 33.4939637 ], [ 133.562207699999988, 33.4939192 ], [ 133.5622804, 33.4935356 ], [ 133.5623373, 33.4932847 ], [ 133.5624286, 33.4931106 ] ] } },
{ "type": "Feature", "properties": { "u": 6310054052, "v": 6303772573, "key": 0, "osmid": "44405079", "lanes": "2", "ref": "34", "name": "桂浜はりまや線", "highway": "primary", "maxspeed": "30", "oneway": false, "reversed": "True", "length": 6.568, "tunnel": null, "width": null, "bridge": null, "access": null, "service": null }, "geometry": { "type": "LineString", "coordinates": [ [ 133.5630218, 33.4940943 ], [ 133.5630889, 33.4941132 ] ] } },
{ "type": "Feature", "properties": { "u": 6310054052, "v": 6310054050, "key": 0, "osmid": "44405079", "lanes": "2", "ref": "34", "name": "桂浜はりまや線", "highway": "primary", "maxspeed": "30", "oneway": false, "reversed": "False", "length": 78.528, "tunnel": null, "width": null, "bridge": null, "access": null, "service": null }, "geometry": { "type": "LineString", "coordinates": [ [ 133.5630218, 33.4940943 ], [ 133.5627883, 33.4940342 ], [ 133.5625997, 33.4940073 ], [ 133.562191899999988, 33.4939637 ] ] } },
{ "type": "Feature", "properties": { "u": 6310054052, "v": 1557771913, "key": 0, "osmid": "673799494", "lanes": null, "ref": null, "name": null, "highway": "residential", "maxspeed": null, "oneway": false, "reversed": "False", "length": 53.549, "tunnel": null, "width": null, "bridge": null, "access": null, "service": null }, "geometry": { "type": "LineString", "coordinates": [ [ 133.5630218, 33.4940943 ], [ 133.5630195, 33.4941359 ], [ 133.5629841, 33.4944699 ], [ 133.5629595, 33.4945725 ] ] } },
{ "type": "Feature", "properties": { "u": 6310054056, "v": 6310054223, "key": 0, "osmid": "673799495", "lanes": null, "ref": null, "name": null, "highway": "unclassified", "maxspeed": null, "oneway": false, "reversed": "False", "length": 45.17, "tunnel": null, "width": null, "bridge": null, "access": null, "service": null }, "geometry": { "type": "LineString", "coordinates": [ [ 133.5618045, 33.4939285 ], [ 133.5617259, 33.4943294 ] ] } },
{ "type": "Feature", "properties": { "u": 6310054056, "v": 6310054020, "key": 0, "osmid": "44405079", "lanes": "2", "ref": "34", "name": "桂浜はりまや線", "highway": "primary", "maxspeed": "30", "oneway": false, "reversed": "False", "length": 30.551, "tunnel": null, "width": null, "bridge": null, "access": null, "service": null }, "geometry": { "type": "LineString", "coordinates": [ [ 133.5618045, 33.4939285 ], [ 133.561650899999989, 33.4939061 ], [ 133.5614809, 33.4938771 ] ] } },
{ "type": "Feature", "properties": { "u": 6310054056, "v": 6310054050, "key": 0, "osmid": "44405079", "lanes": "2", "ref": "34", "name": "桂浜はりまや線", "highway": "primary", "maxspeed": "30", "oneway": false, "reversed": "True", "length": 36.143, "tunnel": null, "width": null, "bridge": null, "access": null, "service": null }, "geometry": { "type": "LineString", "coordinates": [ [ 133.5618045, 33.4939285 ], [ 133.561946400000011, 33.4939442 ], [ 133.5621563, 33.4939613 ], [ 133.562191899999988, 33.4939637 ] ] } },
{ "type": "Feature", "properties": { "u": 6310054067, "v": 6310054040, "key": 0, "osmid": [ 1372680600, 673799495 ], "lanes": null, "ref": null, "name": null, "highway": [ "residential", "unclassified" ], "maxspeed": null, "oneway": false, "reversed": "False", "length": 40.829, "tunnel": null, "width": null, "bridge": null, "access": null, "service": null }, "geometry": { "type": "LineString", "coordinates": [ [ 133.5611601, 33.4950442 ], [ 133.5610706, 33.4951242 ], [ 133.560761500000012, 33.4951245 ] ] } },
{ "type": "Feature", "properties": { "u": 6310054067, "v": 6310054014, "key": 0, "osmid": "673799495", "lanes": null, "ref": null, "name": null, "highway": "unclassified", "maxspeed": null, "oneway": false, "reversed": "True", "length": 61.25, "tunnel": null, "width": null, "bridge": null, "access": null, "service": null }, "geometry": { "type": "LineString", "coordinates": [ [ 133.5611601, 33.4950442 ], [ 133.5612741, 33.4948258 ], [ 133.5613157, 33.4947834 ], [ 133.5613588, 33.494759 ], [ 133.5615344, 33.4947063 ], [ 133.5615942, 33.4946752 ] ] } },
{ "type": "Feature", "properties": { "u": 6310054067, "v": 12709933162, "key": 0, "osmid": "1178534955", "lanes": null, "ref": null, "name": null, "highway": "unclassified", "maxspeed": null, "oneway": false, "reversed": "True", "length": 345.572, "tunnel": null, "width": null, "bridge": null, "access": null, "service": null }, "geometry": { "type": "LineString", "coordinates": [ [ 133.5611601, 33.4950442 ], [ 133.56130970000001, 33.4949938 ], [ 133.561589700000013, 33.4949297 ], [ 133.5617335, 33.4949463 ], [ 133.5618318, 33.4949957 ], [ 133.562187200000011, 33.4954341 ], [ 133.56220350000001, 33.495496 ], [ 133.562193400000012, 33.495569 ], [ 133.56216280000001, 33.4956445 ], [ 133.5621332, 33.4957284 ], [ 133.562069799999989, 33.4957704 ], [ 133.5619566, 33.4957796 ], [ 133.5618427, 33.4958045 ], [ 133.561720900000012, 33.4958888 ], [ 133.561652400000014, 33.496023 ], [ 133.5616444, 33.4960918 ], [ 133.561681599999986, 33.4962505 ], [ 133.561676, 33.496315 ], [ 133.561643, 33.4963723 ], [ 133.5614512, 33.496517 ], [ 133.5614237, 33.4965393 ], [ 133.5613983, 33.4965789 ], [ 133.5613959, 33.4966132 ], [ 133.5614123, 33.4966551 ], [ 133.5615019, 33.4967174 ], [ 133.5618517, 33.4968372 ] ] } },
{ "type": "Feature", "properties": { "u": 6310054073, "v": 6310054084, "key": 0, "osmid": "673799496", "lanes": null, "ref": null, "name": null, "highway": "track", "maxspeed": null, "oneway": false, "reversed": "False", "length": 72.409, "tunnel": null, "width": null, "bridge": null, "access": null, "service": null }, "geometry": { "type": "LineString", "coordinates": [ [ 133.5596132, 33.4949925 ], [ 133.5597684, 33.4943543 ] ] } },
{ "type": "Feature", "properties": { "u": 6310054073, "v": 6310054080, "key": 0, "osmid": "1372680599", "lanes": null, "ref": null, "name": null, "highway": "track", "maxspeed": null, "oneway": false, "reversed": "False", "length": 18.721, "tunnel": null, "width": null, "bridge": null, "access": null, "service": null }, "geometry": { "type": "LineString", "coordinates": [ [ 133.5596132, 33.4949925 ], [ 133.5594183, 33.4949486 ] ] } },
{ "type": "Feature", "properties": { "u": 6310054073, "v": 6310054040, "key": 0, "osmid": [ 1372680600, 1372680599 ], "lanes": null, "ref": null, "name": null, "highway": [ "residential", "track" ], "maxspeed": null, "oneway": false, "reversed": "True", "length": 107.495, "tunnel": null, "width": null, "bridge": null, "access": null, "service": null }, "geometry": { "type": "LineString", "coordinates": [ [ 133.5596132, 33.4949925 ], [ 133.560482, 33.4950875 ], [ 133.560761500000012, 33.4951245 ] ] } },
{ "type": "Feature", "properties": { "u": 6310054080, "v": 6310054073, "key": 0, "osmid": "1372680599", "lanes": null, "ref": null, "name": null, "highway": "track", "maxspeed": null, "oneway": false, "reversed": "True", "length": 18.721, "tunnel": null, "width": null, "bridge": null, "access": null, "service": null }, "geometry": { "type": "LineString", "coordinates": [ [ 133.5594183, 33.4949486 ], [ 133.5596132, 33.4949925 ] ] } },
{ "type": "Feature", "properties": { "u": 6310054084, "v": 6310054185, "key": 0, "osmid": "142326439", "lanes": null, "ref": null, "name": null, "highway": "residential", "maxspeed": null, "oneway": false, "reversed": "False", "length": 9.785, "tunnel": null, "width": null, "bridge": null, "access": null, "service": null }, "geometry": { "type": "LineString", "coordinates": [ [ 133.5597684, 33.4943543 ], [ 133.559664700000013, 33.494338 ] ] } },
{ "type": "Feature", "properties": { "u": 6310054084, "v": 6310054073, "key": 0, "osmid": "673799496", "lanes": null, "ref": null, "name": null, "highway": "track", "maxspeed": null, "oneway": false, "reversed": "True", "length": 72.409, "tunnel": null, "width": null, "bridge": null, "access": null, "service": null }, "geometry": { "type": "LineString", "coordinates": [ [ 133.5597684, 33.4943543 ], [ 133.5596132, 33.4949925 ] ] } },
{ "type": "Feature", "properties": { "u": 6310054084, "v": 6310054205, "key": 0, "osmid": "142326439", "lanes": null, "ref": null, "name": null, "highway": "residential", "maxspeed": null, "oneway": false, "reversed": "True", "length": 39.452, "tunnel": null, "width": null, "bridge": null, "access": null, "service": null }, "geometry": { "type": "LineString", "coordinates": [ [ 133.5597684, 33.4943543 ], [ 133.559868, 33.49437 ], [ 133.560184, 33.49443 ] ] } },
{ "type": "Feature", "properties": { "u": 6310054185, "v": 6310054191, "key": 0, "osmid": "142326439", "lanes": null, "ref": null, "name": null, "highway": "residential", "maxspeed": null, "oneway": false, "reversed": "False", "length": 77.152, "tunnel": null, "width": null, "bridge": null, "access": null, "service": null }, "geometry": { "type": "LineString", "coordinates": [ [ 133.559664700000013, 33.494338 ], [ 133.5588472, 33.494209 ] ] } },
{ "type": "Feature", "properties": { "u": 6310054185, "v": 6310054084, "key": 0, "osmid": "142326439", "lanes": null, "ref": null, "name": null, "highway": "residential", "maxspeed": null, "oneway": false, "reversed": "True", "length": 9.785, "tunnel": null, "width": null, "bridge": null, "access": null, "service": null }, "geometry": { "type": "LineString", "coordinates": [ [ 133.559664700000013, 33.494338 ], [ 133.5597684, 33.4943543 ] ] } },
{ "type": "Feature", "properties": { "u": 6310054185, "v": 6310054199, "key": 0, "osmid": "673799497", "lanes": null, "ref": null, "name": null, "highway": "residential", "maxspeed": null, "oneway": false, "reversed": "False", "length": 41.821, "tunnel": null, "width": null, "bridge": null, "access": null, "service": null }, "geometry": { "type": "LineString", "coordinates": [ [ 133.559664700000013, 33.494338 ], [ 133.5597501, 33.4939687 ] ] } },
{ "type": "Feature", "properties": { "u": 6310054186, "v": 6303772606, "key": 0, "osmid": "44405079", "lanes": "2", "ref": "34", "name": "桂浜はりまや線", "highway": "primary", "maxspeed": "30", "oneway": false, "reversed": "False", "length": 22.634, "tunnel": null, "width": null, "bridge": null, "access": null, "service": null }, "geometry": { "type": "LineString", "coordinates": [ [ 133.5598384, 33.493587 ], [ 133.5595999, 33.4935437 ] ] } },
{ "type": "Feature", "properties": { "u": 6310054186, "v": 6303772602, "key": 0, "osmid": "44405079", "lanes": "2", "ref": "34", "name": "桂浜はりまや線", "highway": "primary", "maxspeed": "30", "oneway": false, "reversed": "True", "length": 21.384, "tunnel": null, "width": null, "bridge": null, "access": null, "service": null }, "geometry": { "type": "LineString", "coordinates": [ [ 133.5598384, 33.493587 ], [ 133.5600637, 33.493628 ] ] } },
{ "type": "Feature", "properties": { "u": 6310054186, "v": 6310054199, "key": 0, "osmid": "673799497", "lanes": null, "ref": null, "name": null, "highway": "residential", "maxspeed": null, "oneway": false, "reversed": "True", "length": 43.226, "tunnel": null, "width": null, "bridge": null, "access": null, "service": null }, "geometry": { "type": "LineString", "coordinates": [ [ 133.5598384, 33.493587 ], [ 133.5597501, 33.4939687 ] ] } },
{ "type": "Feature", "properties": { "u": 6310054187, "v": 1557771678, "key": 0, "osmid": "44405079", "lanes": "2", "ref": "34", "name": "桂浜はりまや線", "highway": "primary", "maxspeed": "30", "oneway": false, "reversed": "False", "length": 3.481, "tunnel": null, "width": null, "bridge": null, "access": null, "service": null }, "geometry": { "type": "LineString", "coordinates": [ [ 133.559020299999986, 33.4934274 ], [ 133.5589838, 33.4934201 ] ] } },
{ "type": "Feature", "properties": { "u": 6310054187, "v": 6303772606, "key": 0, "osmid": "44405079", "lanes": "2", "ref": "34", "name": "桂浜はりまや線", "highway": "primary", "maxspeed": "30", "oneway": false, "reversed": "True", "length": 55.281, "tunnel": null, "width": null, "bridge": null, "access": null, "service": null }, "geometry": { "type": "LineString", "coordinates": [ [ 133.559020299999986, 33.4934274 ], [ 133.5595999, 33.4935437 ] ] } },
{ "type": "Feature", "properties": { "u": 6310054187, "v": 6310054189, "key": 0, "osmid": "673799498", "lanes": null, "ref": null, "name": null, "highway": "path", "maxspeed": null, "oneway": false, "reversed": "False", "length": 28.503, "tunnel": null, "width": null, "bridge": null, "access": null, "service": null }, "geometry": { "type": "LineString", "coordinates": [ [ 133.559020299999986, 33.4934274 ], [ 133.5589857, 33.4935419 ], [ 133.5589522, 33.4936773 ] ] } },
{ "type": "Feature", "properties": { "u": 6310054189, "v": 6310054191, "key": 0, "osmid": "673799498", "lanes": null, "ref": null, "name": null, "highway": "path", "maxspeed": null, "oneway": false, "reversed": "False", "length": 59.925, "tunnel": null, "width": null, "bridge": null, "access": null, "service": null }, "geometry": { "type": "LineString", "coordinates": [ [ 133.5589522, 33.4936773 ], [ 133.558850299999989, 33.4941828 ], [ 133.5588472, 33.494209 ] ] } },
{ "type": "Feature", "properties": { "u": 6310054189, "v": 6310054187, "key": 0, "osmid": "673799498", "lanes": null, "ref": null, "name": null, "highway": "path", "maxspeed": null, "oneway": false, "reversed": "True", "length": 28.503, "tunnel": null, "width": null, "bridge": null, "access": null, "service": null }, "geometry": { "type": "LineString", "coordinates": [ [ 133.5589522, 33.4936773 ], [ 133.5589857, 33.4935419 ], [ 133.559020299999986, 33.4934274 ] ] } },
{ "type": "Feature", "properties": { "u": 6310054189, "v": 6310054199, "key": 0, "osmid": "673799499", "lanes": null, "ref": null, "name": null, "highway": "path", "maxspeed": null, "oneway": false, "reversed": "False", "length": 90.965, "tunnel": null, "width": null, "bridge": null, "access": null, "service": null }, "geometry": { "type": "LineString", "coordinates": [ [ 133.5589522, 33.4936773 ], [ 133.5591104, 33.4937142 ], [ 133.55926740000001, 33.4937555 ], [ 133.559287500000011, 33.493769 ], [ 133.5593022, 33.4937947 ], [ 133.5593223, 33.4938103 ], [ 133.5595195, 33.4938394 ], [ 133.5594994, 33.4939289 ], [ 133.5597501, 33.4939687 ] ] } },
{ "type": "Feature", "properties": { "u": 6310054191, "v": 6310054185, "key": 0, "osmid": "142326439", "lanes": null, "ref": null, "name": null, "highway": "residential", "maxspeed": null, "oneway": false, "reversed": "True", "length": 77.152, "tunnel": null, "width": null, "bridge": null, "access": null, "service": null }, "geometry": { "type": "LineString", "coordinates": [ [ 133.5588472, 33.494209 ], [ 133.559664700000013, 33.494338 ] ] } },
{ "type": "Feature", "properties": { "u": 6310054191, "v": 6303772249, "key": 0, "osmid": "142326439", "lanes": null, "ref": null, "name": null, "highway": "residential", "maxspeed": null, "oneway": false, "reversed": "False", "length": 58.266, "tunnel": null, "width": null, "bridge": null, "access": null, "service": null }, "geometry": { "type": "LineString", "coordinates": [ [ 133.5588472, 33.494209 ], [ 133.558800600000012, 33.4942017 ], [ 133.5583733, 33.4941053 ], [ 133.558240399999988, 33.4940735 ] ] } },
{ "type": "Feature", "properties": { "u": 6310054191, "v": 6310054189, "key": 0, "osmid": "673799498", "lanes": null, "ref": null, "name": null, "highway": "path", "maxspeed": null, "oneway": false, "reversed": "True", "length": 59.925, "tunnel": null, "width": null, "bridge": null, "access": null, "service": null }, "geometry": { "type": "LineString", "coordinates": [ [ 133.5588472, 33.494209 ], [ 133.558850299999989, 33.4941828 ], [ 133.5589522, 33.4936773 ] ] } },
{ "type": "Feature", "properties": { "u": 6310054199, "v": 6310054186, "key": 0, "osmid": "673799497", "lanes": null, "ref": null, "name": null, "highway": "residential", "maxspeed": null, "oneway": false, "reversed": "False", "length": 43.226, "tunnel": null, "width": null, "bridge": null, "access": null, "service": null }, "geometry": { "type": "LineString", "coordinates": [ [ 133.5597501, 33.4939687 ], [ 133.5598384, 33.493587 ] ] } },
{ "type": "Feature", "properties": { "u": 6310054199, "v": 6310054185, "key": 0, "osmid": "673799497", "lanes": null, "ref": null, "name": null, "highway": "residential", "maxspeed": null, "oneway": false, "reversed": "True", "length": 41.821, "tunnel": null, "width": null, "bridge": null, "access": null, "service": null }, "geometry": { "type": "LineString", "coordinates": [ [ 133.5597501, 33.4939687 ], [ 133.559664700000013, 33.494338 ] ] } },
{ "type": "Feature", "properties": { "u": 6310054199, "v": 6310054200, "key": 0, "osmid": "673799500", "lanes": null, "ref": null, "name": null, "highway": "service", "maxspeed": null, "oneway": false, "reversed": "False", "length": 48.731, "tunnel": null, "width": null, "bridge": null, "access": null, "service": null }, "geometry": { "type": "LineString", "coordinates": [ [ 133.5597501, 33.4939687 ], [ 133.560269, 33.494038 ] ] } },
{ "type": "Feature", "properties": { "u": 6310054199, "v": 6310054189, "key": 0, "osmid": "673799499", "lanes": null, "ref": null, "name": null, "highway": "path", "maxspeed": null, "oneway": false, "reversed": "True", "length": 90.965, "tunnel": null, "width": null, "bridge": null, "access": null, "service": null }, "geometry": { "type": "LineString", "coordinates": [ [ 133.5597501, 33.4939687 ], [ 133.5594994, 33.4939289 ], [ 133.5595195, 33.4938394 ], [ 133.5593223, 33.4938103 ], [ 133.5593022, 33.4937947 ], [ 133.559287500000011, 33.493769 ], [ 133.55926740000001, 33.4937555 ], [ 133.5591104, 33.4937142 ], [ 133.5589522, 33.4936773 ] ] } },
{ "type": "Feature", "properties": { "u": 6310054200, "v": 6310054199, "key": 0, "osmid": "673799500", "lanes": null, "ref": null, "name": null, "highway": "service", "maxspeed": null, "oneway": false, "reversed": "True", "length": 48.731, "tunnel": null, "width": null, "bridge": null, "access": null, "service": null }, "geometry": { "type": "LineString", "coordinates": [ [ 133.560269, 33.494038 ], [ 133.5597501, 33.4939687 ] ] } },
{ "type": "Feature", "properties": { "u": 6310054200, "v": 6310054203, "key": 0, "osmid": "673799501", "lanes": null, "ref": null, "name": null, "highway": "service", "maxspeed": null, "oneway": false, "reversed": "False", "length": 20.327, "tunnel": null, "width": null, "bridge": null, "access": null, "service": null }, "geometry": { "type": "LineString", "coordinates": [ [ 133.560269, 33.494038 ], [ 133.5602419, 33.4942194 ] ] } },
{ "type": "Feature", "properties": { "u": 6310054200, "v": 12709983196, "key": 0, "osmid": "673799501", "lanes": null, "ref": null, "name": null, "highway": "service", "maxspeed": null, "oneway": false, "reversed": "True", "length": 40.508, "tunnel": null, "width": null, "bridge": null, "access": null, "service": null }, "geometry": { "type": "LineString", "coordinates": [ [ 133.560269, 33.494038 ], [ 133.560347299999989, 33.4936796 ] ] } },
{ "type": "Feature", "properties": { "u": 6310054203, "v": 6310054205, "key": 0, "osmid": "673799501", "lanes": null, "ref": null, "name": null, "highway": "service", "maxspeed": null, "oneway": false, "reversed": "False", "length": 24.025, "tunnel": null, "width": null, "bridge": null, "access": null, "service": null }, "geometry": { "type": "LineString", "coordinates": [ [ 133.5602419, 33.4942194 ], [ 133.560184, 33.49443 ] ] } },
{ "type": "Feature", "properties": { "u": 6310054203, "v": 6310054200, "key": 0, "osmid": "673799501", "lanes": null, "ref": null, "name": null, "highway": "service", "maxspeed": null, "oneway": false, "reversed": "True", "length": 20.327, "tunnel": null, "width": null, "bridge": null, "access": null, "service": null }, "geometry": { "type": "LineString", "coordinates": [ [ 133.5602419, 33.4942194 ], [ 133.560269, 33.494038 ] ] } },
{ "type": "Feature", "properties": { "u": 6310054203, "v": 6310054211, "key": 0, "osmid": "673799503", "lanes": null, "ref": null, "name": null, "highway": "service", "maxspeed": null, "oneway": false, "reversed": "True", "length": 14.961, "tunnel": null, "width": null, "bridge": null, "access": null, "service": null }, "geometry": { "type": "LineString", "coordinates": [ [ 133.5602419, 33.4942194 ], [ 133.560400499999986, 33.4942441 ] ] } },
{ "type": "Feature", "properties": { "u": 6310054205, "v": 6310054206, "key": 0, "osmid": "142326439", "lanes": null, "ref": null, "name": null, "highway": "residential", "maxspeed": null, "oneway": false, "reversed": "True", "length": 18.175, "tunnel": null, "width": null, "bridge": null, "access": null, "service": null }, "geometry": { "type": "LineString", "coordinates": [ [ 133.560184, 33.49443 ], [ 133.560375099999987, 33.4944663 ] ] } },
{ "type": "Feature", "properties": { "u": 6310054205, "v": 6310054203, "key": 0, "osmid": "673799501", "lanes": null, "ref": null, "name": null, "highway": "service", "maxspeed": null, "oneway": false, "reversed": "True", "length": 24.025, "tunnel": null, "width": null, "bridge": null, "access": null, "service": null }, "geometry": { "type": "LineString", "coordinates": [ [ 133.560184, 33.49443 ], [ 133.5602419, 33.4942194 ] ] } },
{ "type": "Feature", "properties": { "u": 6310054205, "v": 6310054084, "key": 0, "osmid": "142326439", "lanes": null, "ref": null, "name": null, "highway": "residential", "maxspeed": null, "oneway": false, "reversed": "False", "length": 39.452, "tunnel": null, "width": null, "bridge": null, "access": null, "service": null }, "geometry": { "type": "LineString", "coordinates": [ [ 133.560184, 33.49443 ], [ 133.559868, 33.49437 ], [ 133.5597684, 33.4943543 ] ] } },
{ "type": "Feature", "properties": { "u": 6310054206, "v": 6310054205, "key": 0, "osmid": "142326439", "lanes": null, "ref": null, "name": null, "highway": "residential", "maxspeed": null, "oneway": false, "reversed": "False", "length": 18.175, "tunnel": null, "width": null, "bridge": null, "access": null, "service": null }, "geometry": { "type": "LineString", "coordinates": [ [ 133.560375099999987, 33.4944663 ], [ 133.560184, 33.49443 ] ] } },
{ "type": "Feature", "properties": { "u": 6310054206, "v": 1557771918, "key": 0, "osmid": "142326439", "lanes": null, "ref": null, "name": null, "highway": "residential", "maxspeed": null, "oneway": false, "reversed": "True", "length": 47.762, "tunnel": null, "width": null, "bridge": null, "access": null, "service": null }, "geometry": { "type": "LineString", "coordinates": [ [ 133.560375099999987, 33.4944663 ], [ 133.560877299999987, 33.4945617 ] ] } },
{ "type": "Feature", "properties": { "u": 6310054206, "v": 6310054211, "key": 0, "osmid": "673799502", "lanes": null, "ref": null, "name": null, "highway": "service", "maxspeed": null, "oneway": false, "reversed": "False", "length": 24.82, "tunnel": null, "width": null, "bridge": null, "access": null, "service": null }, "geometry": { "type": "LineString", "coordinates": [ [ 133.560375099999987, 33.4944663 ], [ 133.560400499999986, 33.4942441 ] ] } },
{ "type": "Feature", "properties": { "u": 6310054208, "v": 1557771722, "key": 0, "osmid": "44405079", "lanes": "2", "ref": "34", "name": "桂浜はりまや線", "highway": "primary", "maxspeed": "30", "oneway": false, "reversed": "False", "length": 26.648, "tunnel": null, "width": null, "bridge": null, "access": null, "service": null }, "geometry": { "type": "LineString", "coordinates": [ [ 133.5608198, 33.4937626 ], [ 133.5605383, 33.4937144 ] ] } },
{ "type": "Feature", "properties": { "u": 6310054208, "v": 6310054209, "key": 0, "osmid": "673799503", "lanes": null, "ref": null, "name": null, "highway": "service", "maxspeed": null, "oneway": false, "reversed": "False", "length": 56.069, "tunnel": null, "width": null, "bridge": null, "access": null, "service": null }, "geometry": { "type": "LineString", "coordinates": [ [ 133.5608198, 33.4937626 ], [ 133.560719799999987, 33.4942599 ] ] } },
{ "type": "Feature", "properties": { "u": 6310054208, "v": 6310054230, "key": 0, "osmid": "44405079", "lanes": "2", "ref": "34", "name": "桂浜はりまや線", "highway": "primary", "maxspeed": "30", "oneway": false, "reversed": "True", "length": 7.408, "tunnel": null, "width": null, "bridge": null, "access": null, "service": null }, "geometry": { "type": "LineString", "coordinates": [ [ 133.5608198, 33.4937626 ], [ 133.5608846, 33.4937748 ], [ 133.5608978, 33.493777 ] ] } },
{ "type": "Feature", "properties": { "u": 6310054209, "v": 6310054211, "key": 0, "osmid": "673799503", "lanes": null, "ref": null, "name": null, "highway": "service", "maxspeed": null, "oneway": false, "reversed": "False", "length": 29.661, "tunnel": null, "width": null, "bridge": null, "access": null, "service": null }, "geometry": { "type": "LineString", "coordinates": [ [ 133.560719799999987, 33.4942599 ], [ 133.560400499999986, 33.4942441 ] ] } },
{ "type": "Feature", "properties": { "u": 6310054209, "v": 6310054208, "key": 0, "osmid": "673799503", "lanes": null, "ref": null, "name": null, "highway": "service", "maxspeed": null, "oneway": false, "reversed": "True", "length": 56.069, "tunnel": null, "width": null, "bridge": null, "access": null, "service": null }, "geometry": { "type": "LineString", "coordinates": [ [ 133.560719799999987, 33.4942599 ], [ 133.5608198, 33.4937626 ] ] } },
{ "type": "Feature", "properties": { "u": 6310054209, "v": 6310054215, "key": 0, "osmid": "673799504", "lanes": null, "ref": null, "name": null, "highway": "path", "maxspeed": null, "oneway": false, "reversed": "False", "length": 35.56, "tunnel": null, "width": null, "bridge": null, "access": null, "service": null }, "geometry": { "type": "LineString", "coordinates": [ [ 133.560719799999987, 33.4942599 ], [ 133.560976399999987, 33.4942878 ], [ 133.560956, 33.4943904 ] ] } },
{ "type": "Feature", "properties": { "u": 6310054211, "v": 6310054206, "key": 0, "osmid": "673799502", "lanes": null, "ref": null, "name": null, "highway": "service", "maxspeed": null, "oneway": false, "reversed": "True", "length": 24.82, "tunnel": null, "width": null, "bridge": null, "access": null, "service": null }, "geometry": { "type": "LineString", "coordinates": [ [ 133.560400499999986, 33.4942441 ], [ 133.560375099999987, 33.4944663 ] ] } },
{ "type": "Feature", "properties": { "u": 6310054211, "v": 6310054203, "key": 0, "osmid": "673799503", "lanes": null, "ref": null, "name": null, "highway": "service", "maxspeed": null, "oneway": false, "reversed": "False", "length": 14.961, "tunnel": null, "width": null, "bridge": null, "access": null, "service": null }, "geometry": { "type": "LineString", "coordinates": [ [ 133.560400499999986, 33.4942441 ], [ 133.5602419, 33.4942194 ] ] } },
{ "type": "Feature", "properties": { "u": 6310054211, "v": 6310054209, "key": 0, "osmid": "673799503", "lanes": null, "ref": null, "name": null, "highway": "service", "maxspeed": null, "oneway": false, "reversed": "True", "length": 29.661, "tunnel": null, "width": null, "bridge": null, "access": null, "service": null }, "geometry": { "type": "LineString", "coordinates": [ [ 133.560400499999986, 33.4942441 ], [ 133.560719799999987, 33.4942599 ] ] } },
{ "type": "Feature", "properties": { "u": 6310054211, "v": 1557771722, "key": 0, "osmid": "673799502", "lanes": null, "ref": null, "name": null, "highway": "service", "maxspeed": null, "oneway": false, "reversed": "False", "length": 60.28, "tunnel": null, "width": null, "bridge": null, "access": null, "service": null }, "geometry": { "type": "LineString", "coordinates": [ [ 133.560400499999986, 33.4942441 ], [ 133.5604448, 33.4940519 ], [ 133.5605383, 33.4937144 ] ] } },
{ "type": "Feature", "properties": { "u": 6310054215, "v": 1557771918, "key": 0, "osmid": "673799492", "lanes": null, "ref": null, "name": null, "highway": "path", "maxspeed": null, "oneway": false, "reversed": "False", "length": 24.625, "tunnel": null, "width": null, "bridge": null, "access": null, "service": null }, "geometry": { "type": "LineString", "coordinates": [ [ 133.560956, 33.4943904 ], [ 133.5609062, 33.4943839 ], [ 133.560877299999987, 33.4945617 ] ] } },
{ "type": "Feature", "properties": { "u": 6310054215, "v": 6310054221, "key": 0, "osmid": "673799492", "lanes": null, "ref": null, "name": null, "highway": "path", "maxspeed": null, "oneway": false, "reversed": "True", "length": 13.165, "tunnel": null, "width": null, "bridge": null, "access": null, "service": null }, "geometry": { "type": "LineString", "coordinates": [ [ 133.560956, 33.4943904 ], [ 133.5610105, 33.4943975 ], [ 133.5610972, 33.4944012 ] ] } },
{ "type": "Feature", "properties": { "u": 6310054215, "v": 6310054209, "key": 0, "osmid": "673799504", "lanes": null, "ref": null, "name": null, "highway": "path", "maxspeed": null, "oneway": false, "reversed": "True", "length": 35.56, "tunnel": null, "width": null, "bridge": null, "access": null, "service": null }, "geometry": { "type": "LineString", "coordinates": [ [ 133.560956, 33.4943904 ], [ 133.560976399999987, 33.4942878 ], [ 133.560719799999987, 33.4942599 ] ] } },
{ "type": "Feature", "properties": { "u": 6310054216, "v": 6310054230, "key": 0, "osmid": "44405079", "lanes": "2", "ref": "34", "name": "桂浜はりまや線", "highway": "primary", "maxspeed": "30", "oneway": false, "reversed": "False", "length": 25.303, "tunnel": null, "width": null, "bridge": null, "access": null, "service": null }, "geometry": { "type": "LineString", "coordinates": [ [ 133.5611653, 33.4938219 ], [ 133.5608978, 33.493777 ] ] } },
{ "type": "Feature", "properties": { "u": 6310054216, "v": 6310054235, "key": 0, "osmid": "44405079", "lanes": "2", "ref": "34", "name": "桂浜はりまや線", "highway": "primary", "maxspeed": "30", "oneway": false, "reversed": "True", "length": 6.593, "tunnel": null, "width": null, "bridge": null, "access": null, "service": null }, "geometry": { "type": "LineString", "coordinates": [ [ 133.5611653, 33.4938219 ], [ 133.561235, 33.4938336 ] ] } },
{ "type": "Feature", "properties": { "u": 6310054216, "v": 6310054221, "key": 0, "osmid": "673799505", "lanes": null, "ref": null, "name": null, "highway": "path", "maxspeed": null, "oneway": false, "reversed": "False", "length": 70.762, "tunnel": null, "width": null, "bridge": null, "access": null, "service": null }, "geometry": { "type": "LineString", "coordinates": [ [ 133.5611653, 33.4938219 ], [ 133.5611072, 33.4940078 ], [ 133.561182800000012, 33.4940309 ], [ 133.5610972, 33.4944012 ] ] } },
{ "type": "Feature", "properties": { "u": 6310054221, "v": 6310054215, "key": 0, "osmid": "673799492", "lanes": null, "ref": null, "name": null, "highway": "path", "maxspeed": null, "oneway": false, "reversed": "False", "length": 13.165, "tunnel": null, "width": null, "bridge": null, "access": null, "service": null }, "geometry": { "type": "LineString", "coordinates": [ [ 133.5610972, 33.4944012 ], [ 133.5610105, 33.4943975 ], [ 133.560956, 33.4943904 ] ] } },
{ "type": "Feature", "properties": { "u": 6310054221, "v": 6310054018, "key": 0, "osmid": "673799492", "lanes": null, "ref": null, "name": null, "highway": "path", "maxspeed": null, "oneway": false, "reversed": "True", "length": 28.551, "tunnel": null, "width": null, "bridge": null, "access": null, "service": null }, "geometry": { "type": "LineString", "coordinates": [ [ 133.5610972, 33.4944012 ], [ 133.5613203, 33.4944107 ], [ 133.5614048, 33.4944116 ] ] } },
{ "type": "Feature", "properties": { "u": 6310054221, "v": 6310054216, "key": 0, "osmid": "673799505", "lanes": null, "ref": null, "name": null, "highway": "path", "maxspeed": null, "oneway": false, "reversed": "True", "length": 70.762, "tunnel": null, "width": null, "bridge": null, "access": null, "service": null }, "geometry": { "type": "LineString", "coordinates": [ [ 133.5610972, 33.4944012 ], [ 133.561182800000012, 33.4940309 ], [ 133.5611072, 33.4940078 ], [ 133.5611653, 33.4938219 ] ] } },
{ "type": "Feature", "properties": { "u": 6310054223, "v": 6310054021, "key": 0, "osmid": "673799495", "lanes": null, "ref": null, "name": null, "highway": "unclassified", "maxspeed": null, "oneway": false, "reversed": "False", "length": 12.59, "tunnel": null, "width": null, "bridge": null, "access": null, "service": null }, "geometry": { "type": "LineString", "coordinates": [ [ 133.5617259, 33.4943294 ], [ 133.5617044, 33.4944412 ] ] } },
{ "type": "Feature", "properties": { "u": 6310054223, "v": 6310054056, "key": 0, "osmid": "673799495", "lanes": null, "ref": null, "name": null, "highway": "unclassified", "maxspeed": null, "oneway": false, "reversed": "True", "length": 45.17, "tunnel": null, "width": null, "bridge": null, "access": null, "service": null }, "geometry": { "type": "LineString", "coordinates": [ [ 133.5617259, 33.4943294 ], [ 133.5618045, 33.4939285 ] ] } },
{ "type": "Feature", "properties": { "u": 6310054223, "v": 6310054224, "key": 0, "osmid": "673799506", "lanes": null, "ref": null, "name": null, "highway": "service", "maxspeed": null, "oneway": false, "reversed": "False", "length": 21.652, "tunnel": null, "width": null, "bridge": null, "access": null, "service": null }, "geometry": { "type": "LineString", "coordinates": [ [ 133.5617259, 33.4943294 ], [ 133.561957299999989, 33.4943554 ] ] } },
{ "type": "Feature", "properties": { "u": 6310054224, "v": 6310054223, "key": 0, "osmid": "673799506", "lanes": null, "ref": null, "name": null, "highway": "service", "maxspeed": null, "oneway": false, "reversed": "True", "length": 21.652, "tunnel": null, "width": null, "bridge": null, "access": null, "service": null }, "geometry": { "type": "LineString", "coordinates": [ [ 133.561957299999989, 33.4943554 ], [ 133.5617259, 33.4943294 ] ] } },
{ "type": "Feature", "properties": { "u": 6310054225, "v": 6310054020, "key": 0, "osmid": "1372680597", "lanes": null, "ref": null, "name": null, "highway": "service", "maxspeed": null, "oneway": false, "reversed": "False", "length": 37.168, "tunnel": null, "width": null, "bridge": null, "access": null, "service": null }, "geometry": { "type": "LineString", "coordinates": [ [ 133.5614344, 33.4942091 ], [ 133.5614809, 33.4938771 ] ] } },
{ "type": "Feature", "properties": { "u": 6310054225, "v": 6310054018, "key": 0, "osmid": "1372680597", "lanes": null, "ref": null, "name": null, "highway": "service", "maxspeed": null, "oneway": false, "reversed": "True", "length": 22.684, "tunnel": null, "width": null, "bridge": null, "access": null, "service": null }, "geometry": { "type": "LineString", "coordinates": [ [ 133.5614344, 33.4942091 ], [ 133.5614048, 33.4944116 ] ] } },
{ "type": "Feature", "properties": { "u": 6310054225, "v": 6310054227, "key": 0, "osmid": "673799507", "lanes": null, "ref": null, "name": null, "highway": "service", "maxspeed": null, "oneway": false, "reversed": "False", "length": 12.396, "tunnel": null, "width": null, "bridge": null, "access": null, "service": null }, "geometry": { "type": "LineString", "coordinates": [ [ 133.5614344, 33.4942091 ], [ 133.561380899999989, 33.4942375 ], [ 133.5613109, 33.4942325 ] ] } },
{ "type": "Feature", "properties": { "u": 6310054227, "v": 6310054225, "key": 0, "osmid": "673799507", "lanes": null, "ref": null, "name": null, "highway": "service", "maxspeed": null, "oneway": false, "reversed": "True", "length": 12.396, "tunnel": null, "width": null, "bridge": null, "access": null, "service": null }, "geometry": { "type": "LineString", "coordinates": [ [ 133.5613109, 33.4942325 ], [ 133.561380899999989, 33.4942375 ], [ 133.5614344, 33.4942091 ] ] } },
{ "type": "Feature", "properties": { "u": 6310054230, "v": 6310054216, "key": 0, "osmid": "44405079", "lanes": "2", "ref": "34", "name": "桂浜はりまや線", "highway": "primary", "maxspeed": "30", "oneway": false, "reversed": "True", "length": 25.303, "tunnel": null, "width": null, "bridge": null, "access": null, "service": null }, "geometry": { "type": "LineString", "coordinates": [ [ 133.5608978, 33.493777 ], [ 133.5611653, 33.4938219 ] ] } },
{ "type": "Feature", "properties": { "u": 6310054230, "v": 6310054208, "key": 0, "osmid": "44405079", "lanes": "2", "ref": "34", "name": "桂浜はりまや線", "highway": "primary", "maxspeed": "30", "oneway": false, "reversed": "False", "length": 7.408, "tunnel": null, "width": null, "bridge": null, "access": null, "service": null }, "geometry": { "type": "LineString", "coordinates": [ [ 133.5608978, 33.493777 ], [ 133.5608846, 33.4937748 ], [ 133.5608198, 33.4937626 ] ] } },
{ "type": "Feature", "properties": { "u": 6310054230, "v": 6303772627, "key": 0, "osmid": "673799509", "lanes": null, "ref": null, "name": null, "highway": "path", "maxspeed": null, "oneway": false, "reversed": "False", "length": 111.337, "tunnel": null, "width": null, "bridge": null, "access": null, "service": null }, "geometry": { "type": "LineString", "coordinates": [ [ 133.5608978, 33.493777 ], [ 133.5609165, 33.4936611 ], [ 133.5610852, 33.4931636 ], [ 133.5611075, 33.493083 ], [ 133.561166500000013, 33.4929194 ], [ 133.561210100000011, 33.4928116 ] ] } },
{ "type": "Feature", "properties": { "u": 6310054235, "v": 6310054216, "key": 0, "osmid": "44405079", "lanes": "2", "ref": "34", "name": "桂浜はりまや線", "highway": "primary", "maxspeed": "30", "oneway": false, "reversed": "False", "length": 6.593, "tunnel": null, "width": null, "bridge": null, "access": null, "service": null }, "geometry": { "type": "LineString", "coordinates": [ [ 133.561235, 33.4938336 ], [ 133.5611653, 33.4938219 ] ] } },
{ "type": "Feature", "properties": { "u": 6310054235, "v": 6310054020, "key": 0, "osmid": "44405079", "lanes": "2", "ref": "34", "name": "桂浜はりまや線", "highway": "primary", "maxspeed": "30", "oneway": false, "reversed": "True", "length": 23.312, "tunnel": null, "width": null, "bridge": null, "access": null, "service": null }, "geometry": { "type": "LineString", "coordinates": [ [ 133.561235, 33.4938336 ], [ 133.5613736, 33.4938568 ], [ 133.5614809, 33.4938771 ] ] } },
{ "type": "Feature", "properties": { "u": 6310054235, "v": 6303772590, "key": 0, "osmid": "673799510", "lanes": null, "ref": null, "name": null, "highway": "residential", "maxspeed": null, "oneway": false, "reversed": "False", "length": 108.488, "tunnel": null, "width": null, "bridge": null, "access": null, "service": null }, "geometry": { "type": "LineString", "coordinates": [ [ 133.561235, 33.4938336 ], [ 133.5613423, 33.4934952 ], [ 133.56141, 33.4932693 ], [ 133.5615291, 33.493022 ], [ 133.5616028, 33.4929117 ] ] } },
{ "type": "Feature", "properties": { "u": 6310055102, "v": 1557771611, "key": 0, "osmid": "142325439", "lanes": null, "ref": null, "name": null, "highway": "residential", "maxspeed": null, "oneway": false, "reversed": "False", "length": 89.931, "tunnel": null, "width": null, "bridge": null, "access": null, "service": null }, "geometry": { "type": "LineString", "coordinates": [ [ 133.5578543, 33.4923963 ], [ 133.557577400000014, 33.4931714 ] ] } },
{ "type": "Feature", "properties": { "u": 6310055102, "v": 6310055103, "key": 0, "osmid": "673799530", "lanes": null, "ref": null, "name": null, "highway": "service", "maxspeed": null, "oneway": false, "reversed": "False", "length": 28.805, "tunnel": null, "width": null, "bridge": null, "access": null, "service": null }, "geometry": { "type": "LineString", "coordinates": [ [ 133.5578543, 33.4923963 ], [ 133.557553, 33.4923333 ] ] } },
{ "type": "Feature", "properties": { "u": 6310055102, "v": 6303771989, "key": 0, "osmid": [ 1372689705, 142325439 ], "lanes": null, "ref": null, "name": null, "highway": [ "path", "residential" ], "maxspeed": null, "oneway": false, "reversed": "True", "length": 56.899, "tunnel": null, "width": null, "bridge": null, "access": null, "service": null }, "geometry": { "type": "LineString", "coordinates": [ [ 133.5578543, 33.4923963 ], [ 133.5578606, 33.4923785 ], [ 133.557888600000013, 33.4923716 ], [ 133.5579315, 33.4923011 ], [ 133.5580898, 33.4919344 ] ] } },
{ "type": "Feature", "properties": { "u": 6310055103, "v": 6310055102, "key": 0, "osmid": "673799530", "lanes": null, "ref": null, "name": null, "highway": "service", "maxspeed": null, "oneway": false, "reversed": "True", "length": 28.805, "tunnel": null, "width": null, "bridge": null, "access": null, "service": null }, "geometry": { "type": "LineString", "coordinates": [ [ 133.557553, 33.4923333 ], [ 133.5578543, 33.4923963 ] ] } },
{ "type": "Feature", "properties": { "u": 6718716804, "v": 6718716806, "key": 0, "osmid": "714792068", "lanes": null, "ref": null, "name": null, "highway": "service", "maxspeed": null, "oneway": false, "reversed": "True", "length": 48.259, "tunnel": null, "width": null, "bridge": null, "access": null, "service": null }, "geometry": { "type": "LineString", "coordinates": [ [ 133.5485826, 33.4981035 ], [ 133.5488976, 33.4980415 ], [ 133.5488633, 33.4978799 ] ] } },
{ "type": "Feature", "properties": { "u": 6718716805, "v": 6718716806, "key": 0, "osmid": "714792069", "lanes": null, "ref": null, "name": null, "highway": "service", "maxspeed": null, "oneway": false, "reversed": "False", "length": 23.652, "tunnel": null, "width": null, "bridge": null, "access": null, "service": null }, "geometry": { "type": "LineString", "coordinates": [ [ 133.5486144, 33.4979264 ], [ 133.5488633, 33.4978799 ] ] } },
{ "type": "Feature", "properties": { "u": 6718716806, "v": 6718716808, "key": 0, "osmid": "714792068", "lanes": null, "ref": null, "name": null, "highway": "service", "maxspeed": null, "oneway": false, "reversed": "True", "length": 17.682, "tunnel": null, "width": null, "bridge": null, "access": null, "service": null }, "geometry": { "type": "LineString", "coordinates": [ [ 133.5488633, 33.4978799 ], [ 133.5488302, 33.4977233 ] ] } },
{ "type": "Feature", "properties": { "u": 6718716806, "v": 6718716805, "key": 0, "osmid": "714792069", "lanes": null, "ref": null, "name": null, "highway": "service", "maxspeed": null, "oneway": false, "reversed": "True", "length": 23.652, "tunnel": null, "width": null, "bridge": null, "access": null, "service": null }, "geometry": { "type": "LineString", "coordinates": [ [ 133.5488633, 33.4978799 ], [ 133.5486144, 33.4979264 ] ] } },
{ "type": "Feature", "properties": { "u": 6718716806, "v": 6718716804, "key": 0, "osmid": "714792068", "lanes": null, "ref": null, "name": null, "highway": "service", "maxspeed": null, "oneway": false, "reversed": "False", "length": 48.259, "tunnel": null, "width": null, "bridge": null, "access": null, "service": null }, "geometry": { "type": "LineString", "coordinates": [ [ 133.5488633, 33.4978799 ], [ 133.5488976, 33.4980415 ], [ 133.5485826, 33.4981035 ] ] } },
{ "type": "Feature", "properties": { "u": 6718716807, "v": 6718716808, "key": 0, "osmid": "714792070", "lanes": null, "ref": null, "name": null, "highway": "service", "maxspeed": null, "oneway": false, "reversed": "False", "length": 21.865, "tunnel": null, "width": null, "bridge": null, "access": null, "service": null }, "geometry": { "type": "LineString", "coordinates": [ [ 133.5486003, 33.497767 ], [ 133.5488302, 33.4977233 ] ] } },
{ "type": "Feature", "properties": { "u": 6718716808, "v": 6718716806, "key": 0, "osmid": "714792068", "lanes": null, "ref": null, "name": null, "highway": "service", "maxspeed": null, "oneway": false, "reversed": "False", "length": 17.682, "tunnel": null, "width": null, "bridge": null, "access": null, "service": null }, "geometry": { "type": "LineString", "coordinates": [ [ 133.5488302, 33.4977233 ], [ 133.5488633, 33.4978799 ] ] } },
{ "type": "Feature", "properties": { "u": 6718716808, "v": 1557772785, "key": 0, "osmid": "714792068", "lanes": null, "ref": null, "name": null, "highway": "service", "maxspeed": null, "oneway": false, "reversed": "True", "length": 24.085, "tunnel": null, "width": null, "bridge": null, "access": null, "service": null }, "geometry": { "type": "LineString", "coordinates": [ [ 133.5488302, 33.4977233 ], [ 133.548785, 33.49751 ] ] } },
{ "type": "Feature", "properties": { "u": 6718716808, "v": 6718716807, "key": 0, "osmid": "714792070", "lanes": null, "ref": null, "name": null, "highway": "service", "maxspeed": null, "oneway": false, "reversed": "True", "length": 21.865, "tunnel": null, "width": null, "bridge": null, "access": null, "service": null }, "geometry": { "type": "LineString", "coordinates": [ [ 133.5488302, 33.4977233 ], [ 133.5486003, 33.497767 ] ] } },
{ "type": "Feature", "properties": { "u": 6878715992, "v": 6878716004, "key": 0, "osmid": [ 667236228, 734500717 ], "lanes": null, "ref": null, "name": null, "highway": "residential", "maxspeed": null, "oneway": false, "reversed": "True", "length": 92.107, "tunnel": null, "width": null, "bridge": null, "access": null, "service": null }, "geometry": { "type": "LineString", "coordinates": [ [ 133.552378, 33.4970776 ], [ 133.5529287, 33.4969538 ], [ 133.5528162, 33.4966138 ] ] } },
{ "type": "Feature", "properties": { "u": 6878715993, "v": 564443165, "key": 0, "osmid": "44405081", "lanes": "1", "ref": "34", "name": "桂浜はりまや線", "highway": "primary", "maxspeed": null, "oneway": false, "reversed": "False", "length": 81.0, "tunnel": null, "width": null, "bridge": null, "access": null, "service": null }, "geometry": { "type": "LineString", "coordinates": [ [ 133.550043499999987, 33.4977774 ], [ 133.550038, 33.4979063 ], [ 133.5500098, 33.4982696 ], [ 133.5499475, 33.4984992 ] ] } },
{ "type": "Feature", "properties": { "u": 6878715993, "v": 10948633262, "key": 0, "osmid": "44405081", "lanes": "1", "ref": "34", "name": "桂浜はりまや線", "highway": "primary", "maxspeed": null, "oneway": false, "reversed": "True", "length": 72.952, "tunnel": null, "width": null, "bridge": null, "access": null, "service": null }, "geometry": { "type": "LineString", "coordinates": [ [ 133.550043499999987, 33.4977774 ], [ 133.550051700000012, 33.4976138 ], [ 133.5499833, 33.4974029 ], [ 133.5499711, 33.4972337 ], [ 133.5499939, 33.4971311 ] ] } },
{ "type": "Feature", "properties": { "u": 6878715993, "v": 10948633259, "key": 0, "osmid": "734500718", "lanes": null, "ref": null, "name": null, "highway": "residential", "maxspeed": null, "oneway": false, "reversed": "False", "length": 69.159, "tunnel": null, "width": null, "bridge": null, "access": null, "service": null }, "geometry": { "type": "LineString", "coordinates": [ [ 133.550043499999987, 33.4977774 ], [ 133.550488, 33.4977481 ], [ 133.550671200000011, 33.4977103 ], [ 133.550782199999986, 33.4977162 ] ] } },
{ "type": "Feature", "properties": { "u": 6878716001, "v": 6878716005, "key": 0, "osmid": "734500719", "lanes": null, "ref": null, "name": null, "highway": "residential", "maxspeed": null, "oneway": false, "reversed": "True", "length": 38.982, "tunnel": null, "width": null, "bridge": null, "access": null, "service": null }, "geometry": { "type": "LineString", "coordinates": [ [ 133.551739700000013, 33.4970165 ], [ 133.5515995, 33.496686 ] ] } },
{ "type": "Feature", "properties": { "u": 6878716001, "v": 6878716004, "key": 0, "osmid": "734500718", "lanes": null, "ref": null, "name": null, "highway": "residential", "maxspeed": null, "oneway": false, "reversed": "False", "length": 119.784, "tunnel": null, "width": null, "bridge": null, "access": null, "service": null }, "geometry": { "type": "LineString", "coordinates": [ [ 133.551739700000013, 33.4970165 ], [ 133.552152400000011, 33.4969081 ], [ 133.5521239, 33.4968013 ], [ 133.5528162, 33.4966138 ] ] } },
{ "type": "Feature", "properties": { "u": 6878716001, "v": 10948633270, "key": 0, "osmid": "734500718", "lanes": null, "ref": null, "name": null, "highway": "residential", "maxspeed": null, "oneway": false, "reversed": "True", "length": 59.431, "tunnel": null, "width": null, "bridge": null, "access": null, "service": null }, "geometry": { "type": "LineString", "coordinates": [ [ 133.551739700000013, 33.4970165 ], [ 133.5518332, 33.4972573 ], [ 133.551515599999988, 33.4973523 ] ] } },
{ "type": "Feature", "properties": { "u": 6878716004, "v": 6247275225, "key": 0, "osmid": "667236228", "lanes": null, "ref": null, "name": null, "highway": "residential", "maxspeed": null, "oneway": false, "reversed": "True", "length": 62.852, "tunnel": null, "width": null, "bridge": null, "access": null, "service": null }, "geometry": { "type": "LineString", "coordinates": [ [ 133.5528162, 33.4966138 ], [ 133.552636, 33.4960689 ] ] } },
{ "type": "Feature", "properties": { "u": 6878716004, "v": 6878715992, "key": 0, "osmid": [ 667236228, 734500717 ], "lanes": null, "ref": null, "name": null, "highway": "residential", "maxspeed": null, "oneway": false, "reversed": "False", "length": 92.107, "tunnel": null, "width": null, "bridge": null, "access": null, "service": null }, "geometry": { "type": "LineString", "coordinates": [ [ 133.5528162, 33.4966138 ], [ 133.5529287, 33.4969538 ], [ 133.552378, 33.4970776 ] ] } },
{ "type": "Feature", "properties": { "u": 6878716004, "v": 6878716001, "key": 0, "osmid": "734500718", "lanes": null, "ref": null, "name": null, "highway": "residential", "maxspeed": null, "oneway": false, "reversed": "True", "length": 119.784, "tunnel": null, "width": null, "bridge": null, "access": null, "service": null }, "geometry": { "type": "LineString", "coordinates": [ [ 133.5528162, 33.4966138 ], [ 133.5521239, 33.4968013 ], [ 133.552152400000011, 33.4969081 ], [ 133.551739700000013, 33.4970165 ] ] } },
{ "type": "Feature", "properties": { "u": 6878716005, "v": 6878716001, "key": 0, "osmid": "734500719", "lanes": null, "ref": null, "name": null, "highway": "residential", "maxspeed": null, "oneway": false, "reversed": "False", "length": 38.982, "tunnel": null, "width": null, "bridge": null, "access": null, "service": null }, "geometry": { "type": "LineString", "coordinates": [ [ 133.5515995, 33.496686 ], [ 133.551739700000013, 33.4970165 ] ] } },
{ "type": "Feature", "properties": { "u": 6878716022, "v": 1557772775, "key": 0, "osmid": "142325120", "lanes": null, "ref": null, "name": null, "highway": "residential", "maxspeed": null, "oneway": false, "reversed": "True", "length": 3.011, "tunnel": null, "width": null, "bridge": null, "access": null, "service": null }, "geometry": { "type": "LineString", "coordinates": [ [ 133.5489579, 33.4974617 ], [ 133.5489268, 33.4974695 ] ] } },
{ "type": "Feature", "properties": { "u": 6878716022, "v": 10699710734, "key": 0, "osmid": "142325120", "lanes": null, "ref": null, "name": null, "highway": "residential", "maxspeed": null, "oneway": false, "reversed": "False", "length": 64.715, "tunnel": null, "width": null, "bridge": null, "access": null, "service": null }, "geometry": { "type": "LineString", "coordinates": [ [ 133.5489579, 33.4974617 ], [ 133.5491988, 33.497401 ], [ 133.5496353, 33.4973236 ] ] } },
{ "type": "Feature", "properties": { "u": 6878716022, "v": 6878716024, "key": 0, "osmid": "734500722", "lanes": null, "ref": null, "name": null, "highway": "service", "maxspeed": null, "oneway": false, "reversed": "False", "length": 67.607, "tunnel": null, "width": null, "bridge": null, "access": null, "service": null }, "geometry": { "type": "LineString", "coordinates": [ [ 133.5489579, 33.4974617 ], [ 133.5490892, 33.4980024 ], [ 133.5491542, 33.4979871 ] ] } },
{ "type": "Feature", "properties": { "u": 6878716024, "v": 6878716022, "key": 0, "osmid": "734500722", "lanes": null, "ref": null, "name": null, "highway": "service", "maxspeed": null, "oneway": false, "reversed": "True", "length": 67.607, "tunnel": null, "width": null, "bridge": null, "access": null, "service": null }, "geometry": { "type": "LineString", "coordinates": [ [ 133.5491542, 33.4979871 ], [ 133.5490892, 33.4980024 ], [ 133.5489579, 33.4974617 ] ] } },
{ "type": "Feature", "properties": { "u": 6878716030, "v": 564465226, "key": 0, "osmid": "44407517", "lanes": null, "ref": null, "name": null, "highway": "unclassified", "maxspeed": null, "oneway": false, "reversed": "False", "length": 21.3, "tunnel": null, "width": null, "bridge": null, "access": null, "service": null }, "geometry": { "type": "LineString", "coordinates": [ [ 133.5648292, 33.4955059 ], [ 133.5648316, 33.4955317 ], [ 133.5648286, 33.4955803 ], [ 133.5648256, 33.495623 ], [ 133.56481, 33.4956961 ] ] } },
{ "type": "Feature", "properties": { "u": 6878716030, "v": 1557771827, "key": 0, "osmid": [ 44407515, 44407516, 44407517 ], "lanes": null, "ref": null, "name": null, "highway": "unclassified", "maxspeed": null, "oneway": false, "reversed": "True", "length": 216.853, "tunnel": "yes", "width": null, "bridge": null, "access": null, "service": null }, "geometry": { "type": "LineString", "coordinates": [ [ 133.5648292, 33.4955059 ], [ 133.5648272, 33.4954853 ], [ 133.5648228, 33.4954388 ], [ 133.564798200000013, 33.4953623 ], [ 133.564772799999986, 33.49528 ], [ 133.5646007, 33.4947246 ], [ 133.5645324, 33.4945156 ], [ 133.5644984, 33.4944583 ], [ 133.5644622, 33.4944088 ], [ 133.5644211, 33.4943715 ], [ 133.5643848, 33.4943477 ], [ 133.5643351, 33.4943227 ], [ 133.5642924, 33.4943056 ], [ 133.5642454, 33.4942931 ], [ 133.564184399999988, 33.4942805 ], [ 133.5635494, 33.4941982 ] ] } },
{ "type": "Feature", "properties": { "u": 6878716030, "v": 6878716036, "key": 0, "osmid": "734500725", "lanes": null, "ref": null, "name": null, "highway": "service", "maxspeed": null, "oneway": false, "reversed": "False", "length": 110.248, "tunnel": null, "width": null, "bridge": null, "access": null, "service": null }, "geometry": { "type": "LineString", "coordinates": [ [ 133.5648292, 33.4955059 ], [ 133.5650144, 33.4954762 ], [ 133.5652126, 33.4953522 ], [ 133.56526740000001, 33.4951737 ], [ 133.5652533, 33.4949995 ], [ 133.5654125, 33.4949995 ], [ 133.5655753, 33.4950069 ] ] } },
{ "type": "Feature", "properties": { "u": 6878716036, "v": 6878716030, "key": 0, "osmid": "734500725", "lanes": null, "ref": null, "name": null, "highway": "service", "maxspeed": null, "oneway": false, "reversed": "True", "length": 110.248, "tunnel": null, "width": null, "bridge": null, "access": null, "service": null }, "geometry": { "type": "LineString", "coordinates": [ [ 133.5655753, 33.4950069 ], [ 133.5654125, 33.4949995 ], [ 133.5652533, 33.4949995 ], [ 133.56526740000001, 33.4951737 ], [ 133.5652126, 33.4953522 ], [ 133.5650144, 33.4954762 ], [ 133.5648292, 33.4955059 ] ] } },
{ "type": "Feature", "properties": { "u": 9801818785, "v": 5348084049, "key": 0, "osmid": "554143358", "lanes": null, "ref": null, "name": null, "highway": "path", "maxspeed": null, "oneway": false, "reversed": "True", "length": 1.446, "tunnel": null, "width": null, "bridge": null, "access": null, "service": null }, "geometry": { "type": "LineString", "coordinates": [ [ 133.5515644, 33.4998686 ], [ 133.551559700000013, 33.499881 ] ] } },
{ "type": "Feature", "properties": { "u": 9801818785, "v": 5348277755, "key": 0, "osmid": [ 554143358, 554143359 ], "lanes": null, "ref": null, "name": null, "highway": "path", "maxspeed": null, "oneway": false, "reversed": "False", "length": 177.473, "tunnel": null, "width": null, "bridge": null, "access": null, "service": null }, "geometry": { "type": "LineString", "coordinates": [ [ 133.5515644, 33.4998686 ], [ 133.5515699, 33.4998405 ], [ 133.5520162, 33.4996289 ], [ 133.5523729, 33.499456 ], [ 133.552345300000013, 33.4993689 ], [ 133.552669400000013, 33.4992391 ], [ 133.5528717, 33.4989773 ], [ 133.5529205, 33.4988925 ] ] } },
{ "type": "Feature", "properties": { "u": 9801818785, "v": 9801862028, "key": 0, "osmid": "1067625659", "lanes": null, "ref": null, "name": null, "highway": "service", "maxspeed": null, "oneway": false, "reversed": "False", "length": 45.675, "tunnel": null, "width": null, "bridge": null, "access": null, "service": "parking_aisle" }, "geometry": { "type": "LineString", "coordinates": [ [ 133.5515644, 33.4998686 ], [ 133.5515336, 33.4997063 ], [ 133.5515213, 33.4995573 ], [ 133.551516600000014, 33.4994918 ], [ 133.551479, 33.499489 ] ] } },
{ "type": "Feature", "properties": { "u": 9801818789, "v": 9801862028, "key": 0, "osmid": "1067625659", "lanes": null, "ref": null, "name": null, "highway": "service", "maxspeed": null, "oneway": false, "reversed": "True", "length": 4.525, "tunnel": null, "width": null, "bridge": null, "access": null, "service": "parking_aisle" }, "geometry": { "type": "LineString", "coordinates": [ [ 133.551430399999987, 33.4994853 ], [ 133.551479, 33.499489 ] ] } },
{ "type": "Feature", "properties": { "u": 9801818789, "v": 9801818794, "key": 0, "osmid": "1067625659", "lanes": null, "ref": null, "name": null, "highway": "service", "maxspeed": null, "oneway": false, "reversed": "False", "length": 51.361, "tunnel": null, "width": null, "bridge": null, "access": null, "service": "parking_aisle" }, "geometry": { "type": "LineString", "coordinates": [ [ 133.551430399999987, 33.4994853 ], [ 133.551388800000012, 33.4995444 ], [ 133.5514011, 33.4996935 ], [ 133.5513626, 33.4997076 ], [ 133.551324099999988, 33.4997436 ], [ 133.5513435, 33.4999034 ] ] } },
{ "type": "Feature", "properties": { "u": 9801818789, "v": 9801818797, "key": 0, "osmid": "1067625660", "lanes": null, "ref": null, "name": null, "highway": "service", "maxspeed": null, "oneway": false, "reversed": "True", "length": 30.395, "tunnel": null, "width": null, "bridge": null, "access": null, "service": "parking_aisle" }, "geometry": { "type": "LineString", "coordinates": [ [ 133.551430399999987, 33.4994853 ], [ 133.5513718, 33.4994288 ], [ 133.5512316, 33.4992682 ] ] } },
{ "type": "Feature", "properties": { "u": 9801818794, "v": 5447091839, "key": 0, "osmid": "44407518", "lanes": null, "ref": null, "name": null, "highway": "unclassified", "maxspeed": null, "oneway": false, "reversed": "False", "length": 16.75, "tunnel": null, "width": null, "bridge": null, "access": null, "service": null }, "geometry": { "type": "LineString", "coordinates": [ [ 133.5513435, 33.4999034 ], [ 133.5514729, 33.4998863 ], [ 133.55152240000001, 33.4998833 ] ] } },
{ "type": "Feature", "properties": { "u": 9801818794, "v": 1431985109, "key": 0, "osmid": "44407518", "lanes": null, "ref": null, "name": null, "highway": "unclassified", "maxspeed": null, "oneway": false, "reversed": "True", "length": 140.744, "tunnel": null, "width": null, "bridge": null, "access": null, "service": null }, "geometry": { "type": "LineString", "coordinates": [ [ 133.5513435, 33.4999034 ], [ 133.5503023, 33.500041 ], [ 133.549847699999987, 33.5001172 ] ] } },
{ "type": "Feature", "properties": { "u": 9801818794, "v": 9801818789, "key": 0, "osmid": "1067625659", "lanes": null, "ref": null, "name": null, "highway": "service", "maxspeed": null, "oneway": false, "reversed": "True", "length": 51.361, "tunnel": null, "width": null, "bridge": null, "access": null, "service": "parking_aisle" }, "geometry": { "type": "LineString", "coordinates": [ [ 133.5513435, 33.4999034 ], [ 133.551324099999988, 33.4997436 ], [ 133.5513626, 33.4997076 ], [ 133.5514011, 33.4996935 ], [ 133.551388800000012, 33.4995444 ], [ 133.551430399999987, 33.4994853 ] ] } },
{ "type": "Feature", "properties": { "u": 9801818797, "v": 9801818789, "key": 0, "osmid": "1067625660", "lanes": null, "ref": null, "name": null, "highway": "service", "maxspeed": null, "oneway": false, "reversed": "False", "length": 30.395, "tunnel": null, "width": null, "bridge": null, "access": null, "service": "parking_aisle" }, "geometry": { "type": "LineString", "coordinates": [ [ 133.5512316, 33.4992682 ], [ 133.5513718, 33.4994288 ], [ 133.551430399999987, 33.4994853 ] ] } },
{ "type": "Feature", "properties": { "u": 9801818797, "v": 9801818797, "key": 0, "osmid": [ 1067625660, 1067625661 ], "lanes": null, "ref": null, "name": null, "highway": "service", "maxspeed": null, "oneway": false, "reversed": [ false, true ], "length": 96.557, "tunnel": null, "width": null, "bridge": null, "access": null, "service": "parking_aisle" }, "geometry": { "type": "LineString", "coordinates": [ [ 133.5512316, 33.4992682 ], [ 133.5511099, 33.4989342 ], [ 133.5510606, 33.4989535 ], [ 133.551073, 33.4992927 ], [ 133.5512316, 33.4992682 ] ] } },
{ "type": "Feature", "properties": { "u": 9801818797, "v": 9801818797, "key": 1, "osmid": [ 1067625660, 1067625661 ], "lanes": null, "ref": null, "name": null, "highway": "service", "maxspeed": null, "oneway": false, "reversed": [ false, true ], "length": 96.557, "tunnel": null, "width": null, "bridge": null, "access": null, "service": "parking_aisle" }, "geometry": { "type": "LineString", "coordinates": [ [ 133.5512316, 33.4992682 ], [ 133.551073, 33.4992927 ], [ 133.5510606, 33.4989535 ], [ 133.5511099, 33.4989342 ], [ 133.5512316, 33.4992682 ] ] } },
{ "type": "Feature", "properties": { "u": 9801862028, "v": 9801818789, "key": 0, "osmid": "1067625659", "lanes": null, "ref": null, "name": null, "highway": "service", "maxspeed": null, "oneway": false, "reversed": "False", "length": 4.525, "tunnel": null, "width": null, "bridge": null, "access": null, "service": "parking_aisle" }, "geometry": { "type": "LineString", "coordinates": [ [ 133.551479, 33.499489 ], [ 133.551430399999987, 33.4994853 ] ] } },
{ "type": "Feature", "properties": { "u": 9801862028, "v": 5348084060, "key": 0, "osmid": [ 554134381, 554134382 ], "lanes": null, "ref": null, "name": null, "highway": [ "path", "track" ], "maxspeed": null, "oneway": false, "reversed": "False", "length": 182.475, "tunnel": null, "width": null, "bridge": null, "access": null, "service": null }, "geometry": { "type": "LineString", "coordinates": [ [ 133.551479, 33.499489 ], [ 133.5514657, 33.4994347 ], [ 133.5514695, 33.4993934 ], [ 133.5513345, 33.4992411 ], [ 133.5513118, 33.4991644 ], [ 133.551301099999989, 33.4990493 ], [ 133.5512647, 33.4989376 ], [ 133.5513028, 33.4988639 ], [ 133.5513728, 33.4987121 ], [ 133.55149990000001, 33.4986098 ], [ 133.5516943, 33.4984943 ], [ 133.551922600000012, 33.4984736 ], [ 133.5520813, 33.4984759 ], [ 133.552238499999987, 33.4984656 ] ] } },
{ "type": "Feature", "properties": { "u": 9801862028, "v": 5348084049, "key": 0, "osmid": "554134381", "lanes": null, "ref": null, "name": null, "highway": "track", "maxspeed": null, "oneway": false, "reversed": "True", "length": 44.485, "tunnel": null, "width": null, "bridge": null, "access": null, "service": null }, "geometry": { "type": "LineString", "coordinates": [ [ 133.551479, 33.499489 ], [ 133.5514959, 33.4995682 ], [ 133.5514973, 33.4996515 ], [ 133.551497899999987, 33.4996894 ], [ 133.551559700000013, 33.499881 ] ] } },
{ "type": "Feature", "properties": { "u": 9801862028, "v": 9801818785, "key": 0, "osmid": "1067625659", "lanes": null, "ref": null, "name": null, "highway": "service", "maxspeed": null, "oneway": false, "reversed": "True", "length": 45.675, "tunnel": null, "width": null, "bridge": null, "access": null, "service": "parking_aisle" }, "geometry": { "type": "LineString", "coordinates": [ [ 133.551479, 33.499489 ], [ 133.551516600000014, 33.4994918 ], [ 133.5515213, 33.4995573 ], [ 133.5515336, 33.4997063 ], [ 133.5515644, 33.4998686 ] ] } },
{ "type": "Feature", "properties": { "u": 9935063178, "v": 1431985109, "key": 0, "osmid": "44407518", "lanes": null, "ref": null, "name": null, "highway": "unclassified", "maxspeed": null, "oneway": false, "reversed": "False", "length": 89.9, "tunnel": null, "width": null, "bridge": null, "access": null, "service": null }, "geometry": { "type": "LineString", "coordinates": [ [ 133.5488882, 33.5002064 ], [ 133.5489945, 33.5002044 ], [ 133.5492648, 33.5002044 ], [ 133.5494541, 33.5001875 ], [ 133.5496362, 33.5001562 ], [ 133.549847699999987, 33.5001172 ] ] } },
{ "type": "Feature", "properties": { "u": 9935063178, "v": 1557773430, "key": 0, "osmid": "44407518", "lanes": null, "ref": null, "name": null, "highway": "unclassified", "maxspeed": null, "oneway": false, "reversed": "True", "length": 98.309, "tunnel": null, "width": null, "bridge": null, "access": null, "service": null }, "geometry": { "type": "LineString", "coordinates": [ [ 133.5488882, 33.5002064 ], [ 133.54876, 33.5002089 ], [ 133.548216200000013, 33.5001934 ], [ 133.5478804, 33.5001779 ], [ 133.547828900000013, 33.5001801 ] ] } },
{ "type": "Feature", "properties": { "u": 9935063178, "v": 9935063181, "key": 0, "osmid": "1084173828", "lanes": null, "ref": null, "name": null, "highway": "unclassified", "maxspeed": null, "oneway": false, "reversed": "False", "length": 50.135, "tunnel": null, "width": null, "bridge": null, "access": null, "service": null }, "geometry": { "type": "LineString", "coordinates": [ [ 133.5488882, 33.5002064 ], [ 133.548876, 33.5000369 ], [ 133.5488516, 33.4999284 ], [ 133.548784, 33.4997673 ] ] } },
{ "type": "Feature", "properties": { "u": 9935063181, "v": 1557773242, "key": 0, "osmid": "142327182", "lanes": null, "ref": null, "name": null, "highway": "unclassified", "maxspeed": null, "oneway": false, "reversed": "False", "length": 108.063, "tunnel": null, "width": null, "bridge": null, "access": null, "service": null }, "geometry": { "type": "LineString", "coordinates": [ [ 133.548784, 33.4997673 ], [ 133.5488418, 33.4997401 ], [ 133.549042899999989, 33.4996641 ], [ 133.5492281, 33.4996157 ], [ 133.5493746, 33.499576 ], [ 133.549628, 33.499513 ], [ 133.5497877, 33.4995028 ], [ 133.5498925, 33.4994922 ] ] } },
{ "type": "Feature", "properties": { "u": 9935063181, "v": 1557773430, "key": 0, "osmid": "142327182", "lanes": null, "ref": null, "name": null, "highway": "unclassified", "maxspeed": null, "oneway": false, "reversed": "True", "length": 111.438, "tunnel": null, "width": null, "bridge": null, "access": null, "service": null }, "geometry": { "type": "LineString", "coordinates": [ [ 133.548784, 33.4997673 ], [ 133.548455600000011, 33.4999215 ], [ 133.548350199999987, 33.499961 ], [ 133.548063899999988, 33.4999747 ], [ 133.54793380000001, 33.4999862 ], [ 133.5478199, 33.5000533 ], [ 133.547828900000013, 33.5001801 ] ] } },
{ "type": "Feature", "properties": { "u": 9935063181, "v": 9935063178, "key": 0, "osmid": "1084173828", "lanes": null, "ref": null, "name": null, "highway": "unclassified", "maxspeed": null, "oneway": false, "reversed": "True", "length": 50.135, "tunnel": null, "width": null, "bridge": null, "access": null, "service": null }, "geometry": { "type": "LineString", "coordinates": [ [ 133.548784, 33.4997673 ], [ 133.5488516, 33.4999284 ], [ 133.548876, 33.5000369 ], [ 133.5488882, 33.5002064 ] ] } },
{ "type": "Feature", "properties": { "u": 9935063181, "v": 9935063186, "key": 0, "osmid": "1084173829", "lanes": null, "ref": null, "name": null, "highway": "residential", "maxspeed": null, "oneway": false, "reversed": "False", "length": 64.905, "tunnel": null, "width": null, "bridge": null, "access": null, "service": null }, "geometry": { "type": "LineString", "coordinates": [ [ 133.548784, 33.4997673 ], [ 133.5486846, 33.4995851 ], [ 133.548628, 33.4993995 ], [ 133.5485947, 33.4992095 ] ] } },
{ "type": "Feature", "properties": { "u": 9935063186, "v": 1557773073, "key": 0, "osmid": "1084173829", "lanes": null, "ref": null, "name": null, "highway": "residential", "maxspeed": null, "oneway": false, "reversed": "False", "length": 45.727, "tunnel": null, "width": null, "bridge": null, "access": null, "service": null }, "geometry": { "type": "LineString", "coordinates": [ [ 133.5485947, 33.4992095 ], [ 133.5485894, 33.4991792 ], [ 133.5485324, 33.4989656 ], [ 133.5484901, 33.4988077 ] ] } },
{ "type": "Feature", "properties": { "u": 9935063186, "v": 9935063181, "key": 0, "osmid": "1084173829", "lanes": null, "ref": null, "name": null, "highway": "residential", "maxspeed": null, "oneway": false, "reversed": "True", "length": 64.905, "tunnel": null, "width": null, "bridge": null, "access": null, "service": null }, "geometry": { "type": "LineString", "coordinates": [ [ 133.5485947, 33.4992095 ], [ 133.548628, 33.4993995 ], [ 133.5486846, 33.4995851 ], [ 133.548784, 33.4997673 ] ] } },
{ "type": "Feature", "properties": { "u": 9935063186, "v": 9935063191, "key": 0, "osmid": "1084173830", "lanes": null, "ref": null, "name": null, "highway": "residential", "maxspeed": null, "oneway": false, "reversed": "False", "length": 100.164, "tunnel": null, "width": null, "bridge": null, "access": null, "service": null }, "geometry": { "type": "LineString", "coordinates": [ [ 133.5485947, 33.4992095 ], [ 133.5481767, 33.4992622 ], [ 133.5480832, 33.4993148 ], [ 133.54801, 33.4993368 ], [ 133.547617699999989, 33.4992961 ], [ 133.5475466, 33.4992893 ] ] } },
{ "type": "Feature", "properties": { "u": 9935063191, "v": 9935063186, "key": 0, "osmid": "1084173830", "lanes": null, "ref": null, "name": null, "highway": "residential", "maxspeed": null, "oneway": false, "reversed": "True", "length": 100.164, "tunnel": null, "width": null, "bridge": null, "access": null, "service": null }, "geometry": { "type": "LineString", "coordinates": [ [ 133.5475466, 33.4992893 ], [ 133.547617699999989, 33.4992961 ], [ 133.54801, 33.4993368 ], [ 133.5480832, 33.4993148 ], [ 133.5481767, 33.4992622 ], [ 133.5485947, 33.4992095 ] ] } },
{ "type": "Feature", "properties": { "u": 9935063191, "v": 1557773088, "key": 0, "osmid": "1084173831", "lanes": null, "ref": null, "name": null, "highway": "unclassified", "maxspeed": null, "oneway": false, "reversed": "False", "length": 40.174, "tunnel": null, "width": null, "bridge": null, "access": null, "service": null }, "geometry": { "type": "LineString", "coordinates": [ [ 133.5475466, 33.4992893 ], [ 133.5475486, 33.4990232 ], [ 133.5475322, 33.498929 ] ] } },
{ "type": "Feature", "properties": { "u": 9935063191, "v": 9935063192, "key": 0, "osmid": "1084173831", "lanes": null, "ref": null, "name": null, "highway": "unclassified", "maxspeed": null, "oneway": false, "reversed": "True", "length": 113.304, "tunnel": null, "width": null, "bridge": null, "access": null, "service": null }, "geometry": { "type": "LineString", "coordinates": [ [ 133.5475466, 33.4992893 ], [ 133.547485599999987, 33.4994521 ], [ 133.5474022, 33.499586 ], [ 133.5473331, 33.4996589 ], [ 133.547296499999987, 33.4997521 ], [ 133.5473464, 33.5002569 ] ] } },
{ "type": "Feature", "properties": { "u": 9935063192, "v": 1557773430, "key": 0, "osmid": "44407518", "lanes": null, "ref": null, "name": null, "highway": "unclassified", "maxspeed": null, "oneway": false, "reversed": "False", "length": 45.548, "tunnel": null, "width": null, "bridge": null, "access": null, "service": null }, "geometry": { "type": "LineString", "coordinates": [ [ 133.5473464, 33.5002569 ], [ 133.5477272, 33.5001972 ], [ 133.547828900000013, 33.5001801 ] ] } },
{ "type": "Feature", "properties": { "u": 9935063192, "v": 1431985105, "key": 0, "osmid": "44407518", "lanes": null, "ref": null, "name": null, "highway": "unclassified", "maxspeed": null, "oneway": false, "reversed": "True", "length": 125.064, "tunnel": null, "width": null, "bridge": null, "access": null, "service": null }, "geometry": { "type": "LineString", "coordinates": [ [ 133.5473464, 33.5002569 ], [ 133.5472677, 33.5002692 ], [ 133.5470374, 33.5002973 ], [ 133.5467405, 33.5003296 ], [ 133.5466519, 33.5003193 ], [ 133.54656940000001, 33.5002892 ], [ 133.5464301, 33.5002185 ], [ 133.5462418, 33.5000973 ], [ 133.546125600000011, 33.5000104 ] ] } },
{ "type": "Feature", "properties": { "u": 9935063192, "v": 9935063191, "key": 0, "osmid": "1084173831", "lanes": null, "ref": null, "name": null, "highway": "unclassified", "maxspeed": null, "oneway": false, "reversed": "False", "length": 113.304, "tunnel": null, "width": null, "bridge": null, "access": null, "service": null }, "geometry": { "type": "LineString", "coordinates": [ [ 133.5473464, 33.5002569 ], [ 133.547296499999987, 33.4997521 ], [ 133.5473331, 33.4996589 ], [ 133.5474022, 33.499586 ], [ 133.547485599999987, 33.4994521 ], [ 133.5475466, 33.4992893 ] ] } },
{ "type": "Feature", "properties": { "u": 9935063198, "v": 1557773088, "key": 0, "osmid": "142326236", "lanes": null, "ref": null, "name": null, "highway": "residential", "maxspeed": null, "oneway": false, "reversed": "False", "length": 78.436, "tunnel": null, "width": null, "bridge": null, "access": null, "service": null }, "geometry": { "type": "LineString", "coordinates": [ [ 133.5466883, 33.4989774 ], [ 133.5475322, 33.498929 ] ] } },
{ "type": "Feature", "properties": { "u": 9935063198, "v": 1557773115, "key": 0, "osmid": "142326236", "lanes": null, "ref": null, "name": null, "highway": "residential", "maxspeed": null, "oneway": false, "reversed": "True", "length": 59.51, "tunnel": null, "width": null, "bridge": null, "access": null, "service": null }, "geometry": { "type": "LineString", "coordinates": [ [ 133.5466883, 33.4989774 ], [ 133.546688499999988, 33.4990682 ], [ 133.5461607, 33.4991295 ] ] } },
{ "type": "Feature", "properties": { "u": 9935063198, "v": 4942039747, "key": 0, "osmid": "1084173832", "lanes": null, "ref": null, "name": null, "highway": "residential", "maxspeed": null, "oneway": false, "reversed": "False", "length": 101.791, "tunnel": null, "width": null, "bridge": null, "access": null, "service": null }, "geometry": { "type": "LineString", "coordinates": [ [ 133.5466883, 33.4989774 ], [ 133.5466276, 33.498319 ], [ 133.5465758, 33.4980676 ] ] } },
{ "type": "Feature", "properties": { "u": 9935063199, "v": 1557773088, "key": 0, "osmid": "142326270", "lanes": null, "ref": null, "name": null, "highway": "residential", "maxspeed": null, "oneway": false, "reversed": "True", "length": 10.242, "tunnel": null, "width": null, "bridge": null, "access": null, "service": null }, "geometry": { "type": "LineString", "coordinates": [ [ 133.5475248, 33.4988371 ], [ 133.5475322, 33.498929 ] ] } },
{ "type": "Feature", "properties": { "u": 9935063199, "v": 1557772903, "key": 0, "osmid": "142326270", "lanes": null, "ref": null, "name": null, "highway": "residential", "maxspeed": null, "oneway": false, "reversed": "False", "length": 93.344, "tunnel": null, "width": null, "bridge": null, "access": null, "service": null }, "geometry": { "type": "LineString", "coordinates": [ [ 133.5475248, 33.4988371 ], [ 133.547515, 33.498716 ], [ 133.547427, 33.498186 ], [ 133.547412, 33.4980034 ] ] } },
{ "type": "Feature", "properties": { "u": 9935063199, "v": 1557773073, "key": 0, "osmid": "142327238", "lanes": null, "ref": null, "name": null, "highway": "residential", "maxspeed": null, "oneway": false, "reversed": "False", "length": 92.871, "tunnel": null, "width": null, "bridge": null, "access": null, "service": null }, "geometry": { "type": "LineString", "coordinates": [ [ 133.5475248, 33.4988371 ], [ 133.547786300000013, 33.4987985 ], [ 133.5479003, 33.4988399 ], [ 133.54798550000001, 33.4988792 ], [ 133.548227200000014, 33.4988662 ], [ 133.5484901, 33.4988077 ] ] } },
{ "type": "Feature", "properties": { "u": 9935063203, "v": 9935063206, "key": 0, "osmid": "44407513", "lanes": null, "ref": null, "name": null, "highway": "unclassified", "maxspeed": null, "oneway": false, "reversed": "True", "length": 33.399, "tunnel": null, "width": null, "bridge": null, "access": null, "service": null }, "geometry": { "type": "LineString", "coordinates": [ [ 133.5501046, 33.4965484 ], [ 133.5501607, 33.4962517 ] ] } },
{ "type": "Feature", "properties": { "u": 9935063203, "v": 9935063204, "key": 0, "osmid": "1084173833", "lanes": null, "ref": null, "name": null, "highway": "residential", "maxspeed": null, "oneway": false, "reversed": "False", "length": 46.341, "tunnel": null, "width": null, "bridge": null, "access": null, "service": null }, "geometry": { "type": "LineString", "coordinates": [ [ 133.5501046, 33.4965484 ], [ 133.54960650000001, 33.4965145 ] ] } },
{ "type": "Feature", "properties": { "u": 9935063203, "v": 564443107, "key": 0, "osmid": "44407513", "lanes": null, "ref": null, "name": null, "highway": "unclassified", "maxspeed": null, "oneway": false, "reversed": "False", "length": 41.643, "tunnel": null, "width": null, "bridge": null, "access": null, "service": null }, "geometry": { "type": "LineString", "coordinates": [ [ 133.5501046, 33.4965484 ], [ 133.5500568, 33.4968011 ], [ 133.5500309, 33.4969178 ] ] } },
{ "type": "Feature", "properties": { "u": 9935063204, "v": 9935063203, "key": 0, "osmid": "1084173833", "lanes": null, "ref": null, "name": null, "highway": "residential", "maxspeed": null, "oneway": false, "reversed": "True", "length": 46.341, "tunnel": null, "width": null, "bridge": null, "access": null, "service": null }, "geometry": { "type": "LineString", "coordinates": [ [ 133.54960650000001, 33.4965145 ], [ 133.5501046, 33.4965484 ] ] } },
{ "type": "Feature", "properties": { "u": 9935063204, "v": 10948633208, "key": 0, "osmid": "1178534965", "lanes": null, "ref": null, "name": null, "highway": "residential", "maxspeed": null, "oneway": false, "reversed": "False", "length": 19.568, "tunnel": null, "width": null, "bridge": null, "access": null, "service": null }, "geometry": { "type": "LineString", "coordinates": [ [ 133.54960650000001, 33.4965145 ], [ 133.5495821, 33.4966893 ] ] } },
{ "type": "Feature", "properties": { "u": 9935063204, "v": 9935063206, "key": 0, "osmid": "1084173833", "lanes": null, "ref": null, "name": null, "highway": "residential", "maxspeed": null, "oneway": false, "reversed": "False", "length": 80.897, "tunnel": null, "width": null, "bridge": null, "access": null, "service": null }, "geometry": { "type": "LineString", "coordinates": [ [ 133.54960650000001, 33.4965145 ], [ 133.5496415, 33.4962224 ], [ 133.5501607, 33.4962517 ] ] } },
{ "type": "Feature", "properties": { "u": 9935063206, "v": 9935063203, "key": 0, "osmid": "44407513", "lanes": null, "ref": null, "name": null, "highway": "unclassified", "maxspeed": null, "oneway": false, "reversed": "False", "length": 33.399, "tunnel": null, "width": null, "bridge": null, "access": null, "service": null }, "geometry": { "type": "LineString", "coordinates": [ [ 133.5501607, 33.4962517 ], [ 133.5501046, 33.4965484 ] ] } },
{ "type": "Feature", "properties": { "u": 9935063206, "v": 5505868003, "key": 0, "osmid": "44407513", "lanes": null, "ref": null, "name": null, "highway": "unclassified", "maxspeed": null, "oneway": false, "reversed": "True", "length": 123.418, "tunnel": null, "width": null, "bridge": null, "access": null, "service": null }, "geometry": { "type": "LineString", "coordinates": [ [ 133.5501607, 33.4962517 ], [ 133.5501657, 33.4962253 ], [ 133.5502081, 33.4959509 ], [ 133.5502491, 33.4952233 ], [ 133.550303500000012, 33.4951597 ] ] } },
{ "type": "Feature", "properties": { "u": 9935063206, "v": 9935063204, "key": 0, "osmid": "1084173833", "lanes": null, "ref": null, "name": null, "highway": "residential", "maxspeed": null, "oneway": false, "reversed": "True", "length": 80.897, "tunnel": null, "width": null, "bridge": null, "access": null, "service": null }, "geometry": { "type": "LineString", "coordinates": [ [ 133.5501607, 33.4962517 ], [ 133.5496415, 33.4962224 ], [ 133.54960650000001, 33.4965145 ] ] } },
{ "type": "Feature", "properties": { "u": 9935063207, "v": 5505868013, "key": 0, "osmid": "1084173834", "lanes": null, "ref": null, "name": null, "highway": "path", "maxspeed": null, "oneway": false, "reversed": "False", "length": 61.983, "tunnel": null, "width": null, "bridge": null, "access": null, "service": null }, "geometry": { "type": "LineString", "coordinates": [ [ 133.5499494, 33.4945453 ], [ 133.5501346, 33.4940097 ] ] } },
{ "type": "Feature", "properties": { "u": 9935063210, "v": 1557772139, "key": 0, "osmid": "129809967", "lanes": "2", "ref": "34", "name": "桂浜はりまや線", "highway": "primary", "maxspeed": null, "oneway": false, "reversed": "True", "length": 31.393, "tunnel": null, "width": null, "bridge": null, "access": null, "service": null }, "geometry": { "type": "LineString", "coordinates": [ [ 133.5530087, 33.4954764 ], [ 133.553255, 33.4952827 ] ] } },
{ "type": "Feature", "properties": { "u": 9935063210, "v": 564443103, "key": 0, "osmid": "129809967", "lanes": "2", "ref": "34", "name": "桂浜はりまや線", "highway": "primary", "maxspeed": null, "oneway": false, "reversed": "False", "length": 128.102, "tunnel": null, "width": null, "bridge": null, "access": null, "service": null }, "geometry": { "type": "LineString", "coordinates": [ [ 133.5530087, 33.4954764 ], [ 133.5522631, 33.4960401 ], [ 133.551954099999989, 33.4962174 ] ] } },
{ "type": "Feature", "properties": { "u": 9935063210, "v": 9935063216, "key": 0, "osmid": "1084173835", "lanes": null, "ref": null, "name": null, "highway": "residential", "maxspeed": null, "oneway": false, "reversed": "False", "length": 93.478, "tunnel": null, "width": null, "bridge": null, "access": null, "service": null }, "geometry": { "type": "LineString", "coordinates": [ [ 133.5530087, 33.4954764 ], [ 133.553410899999989, 33.4954579 ], [ 133.5540069, 33.4953699 ] ] } },
{ "type": "Feature", "properties": { "u": 9935063212, "v": 12710040445, "key": 0, "osmid": "1084173835", "lanes": null, "ref": null, "name": null, "highway": "residential", "maxspeed": null, "oneway": false, "reversed": "True", "length": 17.244, "tunnel": null, "width": null, "bridge": null, "access": null, "service": null }, "geometry": { "type": "LineString", "coordinates": [ [ 133.5543175, 33.495324 ], [ 133.5541344, 33.4953511 ] ] } },
{ "type": "Feature", "properties": { "u": 9935063213, "v": 9935063215, "key": 0, "osmid": "1084173836", "lanes": null, "ref": null, "name": null, "highway": "residential", "maxspeed": null, "oneway": false, "reversed": "False", "length": 17.042, "tunnel": null, "width": null, "bridge": null, "access": null, "service": null }, "geometry": { "type": "LineString", "coordinates": [ [ 133.5538886, 33.4956969 ], [ 133.5540698, 33.4956713 ] ] } },
{ "type": "Feature", "properties": { "u": 9935063214, "v": 9935063215, "key": 0, "osmid": "1084173836", "lanes": null, "ref": null, "name": null, "highway": "residential", "maxspeed": null, "oneway": false, "reversed": "True", "length": 8.622, "tunnel": null, "width": null, "bridge": null, "access": null, "service": null }, "geometry": { "type": "LineString", "coordinates": [ [ 133.554161, 33.4956562 ], [ 133.5540698, 33.4956713 ] ] } },
{ "type": "Feature", "properties": { "u": 9935063215, "v": 9935063214, "key": 0, "osmid": "1084173836", "lanes": null, "ref": null, "name": null, "highway": "residential", "maxspeed": null, "oneway": false, "reversed": "False", "length": 8.622, "tunnel": null, "width": null, "bridge": null, "access": null, "service": null }, "geometry": { "type": "LineString", "coordinates": [ [ 133.5540698, 33.4956713 ], [ 133.554161, 33.4956562 ] ] } },
{ "type": "Feature", "properties": { "u": 9935063215, "v": 9935063213, "key": 0, "osmid": "1084173836", "lanes": null, "ref": null, "name": null, "highway": "residential", "maxspeed": null, "oneway": false, "reversed": "True", "length": 17.042, "tunnel": null, "width": null, "bridge": null, "access": null, "service": null }, "geometry": { "type": "LineString", "coordinates": [ [ 133.5540698, 33.4956713 ], [ 133.5538886, 33.4956969 ] ] } },
{ "type": "Feature", "properties": { "u": 9935063215, "v": 9935063216, "key": 0, "osmid": "1084173837", "lanes": null, "ref": null, "name": null, "highway": "residential", "maxspeed": null, "oneway": false, "reversed": "False", "length": 34.018, "tunnel": null, "width": null, "bridge": null, "access": null, "service": null }, "geometry": { "type": "LineString", "coordinates": [ [ 133.5540698, 33.4956713 ], [ 133.5540069, 33.4953699 ] ] } },
{ "type": "Feature", "properties": { "u": 9935063216, "v": 12710040445, "key": 0, "osmid": "1084173835", "lanes": null, "ref": null, "name": null, "highway": "residential", "maxspeed": null, "oneway": false, "reversed": "False", "length": 12.006, "tunnel": null, "width": null, "bridge": null, "access": null, "service": null }, "geometry": { "type": "LineString", "coordinates": [ [ 133.5540069, 33.4953699 ], [ 133.5541344, 33.4953511 ] ] } },
{ "type": "Feature", "properties": { "u": 9935063216, "v": 9935063215, "key": 0, "osmid": "1084173837", "lanes": null, "ref": null, "name": null, "highway": "residential", "maxspeed": null, "oneway": false, "reversed": "True", "length": 34.018, "tunnel": null, "width": null, "bridge": null, "access": null, "service": null }, "geometry": { "type": "LineString", "coordinates": [ [ 133.5540069, 33.4953699 ], [ 133.5540698, 33.4956713 ] ] } },
{ "type": "Feature", "properties": { "u": 9935063216, "v": 9935063210, "key": 0, "osmid": "1084173835", "lanes": null, "ref": null, "name": null, "highway": "residential", "maxspeed": null, "oneway": false, "reversed": "True", "length": 93.478, "tunnel": null, "width": null, "bridge": null, "access": null, "service": null }, "geometry": { "type": "LineString", "coordinates": [ [ 133.5540069, 33.4953699 ], [ 133.553410899999989, 33.4954579 ], [ 133.5530087, 33.4954764 ] ] } },
{ "type": "Feature", "properties": { "u": 9935108917, "v": 9935108926, "key": 0, "osmid": "1084173838", "lanes": null, "ref": null, "name": null, "highway": "unclassified", "maxspeed": null, "oneway": false, "reversed": "False", "length": 89.119, "tunnel": null, "width": null, "bridge": null, "access": null, "service": null }, "geometry": { "type": "LineString", "coordinates": [ [ 133.554478100000011, 33.4958512 ], [ 133.5545046, 33.4956172 ], [ 133.5546103, 33.4955477 ], [ 133.554772899999989, 33.4955342 ], [ 133.5549213, 33.4955172 ], [ 133.554972099999986, 33.4954664 ], [ 133.5549593, 33.49534 ] ] } },
{ "type": "Feature", "properties": { "u": 9935108926, "v": 9935108927, "key": 0, "osmid": "1084173839", "lanes": null, "ref": null, "name": null, "highway": "residential", "maxspeed": null, "oneway": false, "reversed": "False", "length": 70.69, "tunnel": null, "width": null, "bridge": null, "access": null, "service": null }, "geometry": { "type": "LineString", "coordinates": [ [ 133.5549593, 33.49534 ], [ 133.555721, 33.4953142 ] ] } },
{ "type": "Feature", "properties": { "u": 9935108926, "v": 1557771999, "key": 0, "osmid": "1084173838", "lanes": null, "ref": null, "name": null, "highway": "unclassified", "maxspeed": null, "oneway": false, "reversed": "False", "length": 55.686, "tunnel": null, "width": null, "bridge": null, "access": null, "service": null }, "geometry": { "type": "LineString", "coordinates": [ [ 133.5549593, 33.49534 ], [ 133.554955799999988, 33.4953053 ], [ 133.554907, 33.4950883 ], [ 133.5548623, 33.4950239 ], [ 133.5548373, 33.4948544 ] ] } },
{ "type": "Feature", "properties": { "u": 9935108926, "v": 9935108917, "key": 0, "osmid": "1084173838", "lanes": null, "ref": null, "name": null, "highway": "unclassified", "maxspeed": null, "oneway": false, "reversed": "True", "length": 89.119, "tunnel": null, "width": null, "bridge": null, "access": null, "service": null }, "geometry": { "type": "LineString", "coordinates": [ [ 133.5549593, 33.49534 ], [ 133.554972099999986, 33.4954664 ], [ 133.5549213, 33.4955172 ], [ 133.554772899999989, 33.4955342 ], [ 133.5546103, 33.4955477 ], [ 133.5545046, 33.4956172 ], [ 133.554478100000011, 33.4958512 ] ] } },
{ "type": "Feature", "properties": { "u": 9935108927, "v": 9935108929, "key": 0, "osmid": "1084173839", "lanes": null, "ref": null, "name": null, "highway": "residential", "maxspeed": null, "oneway": false, "reversed": "False", "length": 19.081, "tunnel": null, "width": null, "bridge": null, "access": null, "service": null }, "geometry": { "type": "LineString", "coordinates": [ [ 133.555721, 33.4953142 ], [ 133.555925699999989, 33.4952967 ] ] } },
{ "type": "Feature", "properties": { "u": 9935108927, "v": 9935108926, "key": 0, "osmid": "1084173839", "lanes": null, "ref": null, "name": null, "highway": "residential", "maxspeed": null, "oneway": false, "reversed": "True", "length": 70.69, "tunnel": null, "width": null, "bridge": null, "access": null, "service": null }, "geometry": { "type": "LineString", "coordinates": [ [ 133.555721, 33.4953142 ], [ 133.5549593, 33.49534 ] ] } },
{ "type": "Feature", "properties": { "u": 9935108927, "v": 9935108930, "key": 0, "osmid": "1084173840", "lanes": null, "ref": null, "name": null, "highway": "service", "maxspeed": null, "oneway": false, "reversed": "True", "length": 21.098, "tunnel": null, "width": null, "bridge": null, "access": null, "service": null }, "geometry": { "type": "LineString", "coordinates": [ [ 133.555721, 33.4953142 ], [ 133.555732299999988, 33.4955037 ] ] } },
{ "type": "Feature", "properties": { "u": 9935108929, "v": 9935108927, "key": 0, "osmid": "1084173839", "lanes": null, "ref": null, "name": null, "highway": "residential", "maxspeed": null, "oneway": false, "reversed": "True", "length": 19.081, "tunnel": null, "width": null, "bridge": null, "access": null, "service": null }, "geometry": { "type": "LineString", "coordinates": [ [ 133.555925699999989, 33.4952967 ], [ 133.555721, 33.4953142 ] ] } },
{ "type": "Feature", "properties": { "u": 9935108930, "v": 9935108927, "key": 0, "osmid": "1084173840", "lanes": null, "ref": null, "name": null, "highway": "service", "maxspeed": null, "oneway": false, "reversed": "False", "length": 21.098, "tunnel": null, "width": null, "bridge": null, "access": null, "service": null }, "geometry": { "type": "LineString", "coordinates": [ [ 133.555732299999988, 33.4955037 ], [ 133.555721, 33.4953142 ] ] } },
{ "type": "Feature", "properties": { "u": 9935108932, "v": 1431985079, "key": 0, "osmid": "129854034", "lanes": null, "ref": null, "name": null, "highway": "unclassified", "maxspeed": null, "oneway": false, "reversed": "False", "length": 82.281, "tunnel": null, "width": null, "bridge": null, "access": null, "service": null }, "geometry": { "type": "LineString", "coordinates": [ [ 133.5444353, 33.49955 ], [ 133.5443814, 33.4995496 ], [ 133.5441971, 33.4995691 ], [ 133.543884600000013, 33.4996354 ], [ 133.543709400000012, 33.4996866 ], [ 133.5435847, 33.4997389 ] ] } },
{ "type": "Feature", "properties": { "u": 9935108932, "v": 1557773271, "key": 0, "osmid": "129854034", "lanes": null, "ref": null, "name": null, "highway": "unclassified", "maxspeed": null, "oneway": false, "reversed": "True", "length": 49.443, "tunnel": null, "width": null, "bridge": null, "access": null, "service": null }, "geometry": { "type": "LineString", "coordinates": [ [ 133.5444353, 33.49955 ], [ 133.5446492, 33.4995516 ], [ 133.5448241, 33.4995691 ], [ 133.5449658, 33.4995861 ] ] } },
{ "type": "Feature", "properties": { "u": 9935108932, "v": 1557773002, "key": 0, "osmid": "1084173841", "lanes": null, "ref": null, "name": null, "highway": "unclassified", "maxspeed": null, "oneway": false, "reversed": "True", "length": 113.108, "tunnel": null, "width": null, "bridge": null, "access": null, "service": null }, "geometry": { "type": "LineString", "coordinates": [ [ 133.5444353, 33.49955 ], [ 133.544431, 33.4991437 ], [ 133.5444009, 33.499039 ], [ 133.5443625, 33.4985368 ] ] } },
{ "type": "Feature", "properties": { "u": 10179631132, "v": 10255230944, "key": 0, "osmid": "1121177292", "lanes": null, "ref": null, "name": null, "highway": "unclassified", "maxspeed": null, "oneway": false, "reversed": "False", "length": 23.35, "tunnel": null, "width": null, "bridge": null, "access": null, "service": null }, "geometry": { "type": "LineString", "coordinates": [ [ 133.5525925, 33.4899824 ], [ 133.5525139, 33.4901819 ] ] } },
{ "type": "Feature", "properties": { "u": 10179631132, "v": 564465182, "key": 0, "osmid": "1121177292", "lanes": null, "ref": null, "name": null, "highway": "unclassified", "maxspeed": null, "oneway": false, "reversed": "True", "length": 9.58, "tunnel": null, "width": null, "bridge": null, "access": null, "service": null }, "geometry": { "type": "LineString", "coordinates": [ [ 133.5525925, 33.4899824 ], [ 133.552627699999988, 33.4899014 ] ] } },
{ "type": "Feature", "properties": { "u": 10179631132, "v": 10179631140, "key": 0, "osmid": "1112618647", "lanes": null, "ref": null, "name": null, "highway": "footway", "maxspeed": null, "oneway": false, "reversed": "False", "length": 554.263, "tunnel": null, "width": null, "bridge": null, "access": null, "service": null }, "geometry": { "type": "LineString", "coordinates": [ [ 133.5525925, 33.4899824 ], [ 133.553482800000012, 33.4902598 ], [ 133.5545137, 33.4905743 ], [ 133.5552644, 33.4908099 ], [ 133.5561821, 33.4910971 ], [ 133.5573951, 33.4914759 ], [ 133.557884300000012, 33.4916141 ], [ 133.5581003, 33.4917018 ], [ 133.5581826, 33.4917406 ] ] } },
{ "type": "Feature", "properties": { "u": 10179631140, "v": 6303771998, "key": 0, "osmid": "1372689706", "lanes": null, "ref": null, "name": null, "highway": "residential", "maxspeed": null, "oneway": false, "reversed": "True", "length": 7.72, "tunnel": null, "width": null, "bridge": null, "access": null, "service": null }, "geometry": { "type": "LineString", "coordinates": [ [ 133.5581826, 33.4917406 ], [ 133.5582095, 33.4916749 ] ] } },
{ "type": "Feature", "properties": { "u": 10179631140, "v": 10179631143, "key": 0, "osmid": "1112618647", "lanes": null, "ref": null, "name": null, "highway": "footway", "maxspeed": null, "oneway": false, "reversed": "False", "length": 40.959, "tunnel": null, "width": null, "bridge": null, "access": null, "service": null }, "geometry": { "type": "LineString", "coordinates": [ [ 133.5581826, 33.4917406 ], [ 133.5584225, 33.4918254 ], [ 133.558448199999987, 33.4918965 ], [ 133.558535799999987, 33.4919202 ] ] } },
{ "type": "Feature", "properties": { "u": 10179631140, "v": 10179631132, "key": 0, "osmid": "1112618647", "lanes": null, "ref": null, "name": null, "highway": "footway", "maxspeed": null, "oneway": false, "reversed": "True", "length": 554.263, "tunnel": null, "width": null, "bridge": null, "access": null, "service": null }, "geometry": { "type": "LineString", "coordinates": [ [ 133.5581826, 33.4917406 ], [ 133.5581003, 33.4917018 ], [ 133.557884300000012, 33.4916141 ], [ 133.5573951, 33.4914759 ], [ 133.5561821, 33.4910971 ], [ 133.5552644, 33.4908099 ], [ 133.5545137, 33.4905743 ], [ 133.553482800000012, 33.4902598 ], [ 133.5525925, 33.4899824 ] ] } },
{ "type": "Feature", "properties": { "u": 10179631140, "v": 6303771989, "key": 0, "osmid": "1372689706", "lanes": null, "ref": null, "name": null, "highway": "residential", "maxspeed": null, "oneway": false, "reversed": "False", "length": 23.29, "tunnel": null, "width": null, "bridge": null, "access": null, "service": null }, "geometry": { "type": "LineString", "coordinates": [ [ 133.5581826, 33.4917406 ], [ 133.5581219, 33.4918884 ], [ 133.5580898, 33.4919344 ] ] } },
{ "type": "Feature", "properties": { "u": 10179631143, "v": 1557771371, "key": 0, "osmid": "44407514", "lanes": null, "ref": "34", "name": "桂浜はりまや線", "highway": "primary", "maxspeed": null, "oneway": false, "reversed": "False", "length": 14.451, "tunnel": null, "width": null, "bridge": null, "access": null, "service": null }, "geometry": { "type": "LineString", "coordinates": [ [ 133.558535799999987, 33.4919202 ], [ 133.5584911, 33.4920447 ] ] } },
{ "type": "Feature", "properties": { "u": 10179631143, "v": 564465183, "key": 0, "osmid": "44407514", "lanes": null, "ref": "34", "name": "桂浜はりまや線", "highway": "primary", "maxspeed": null, "oneway": false, "reversed": "True", "length": 14.672, "tunnel": null, "width": null, "bridge": null, "access": null, "service": null }, "geometry": { "type": "LineString", "coordinates": [ [ 133.558535799999987, 33.4919202 ], [ 133.5585457, 33.4918926 ], [ 133.5585816, 33.4917939 ] ] } },
{ "type": "Feature", "properties": { "u": 10179631143, "v": 10179631148, "key": 0, "osmid": "1112618647", "lanes": null, "ref": null, "name": null, "highway": "footway", "maxspeed": null, "oneway": false, "reversed": "False", "length": 163.314, "tunnel": null, "width": null, "bridge": null, "access": null, "service": null }, "geometry": { "type": "LineString", "coordinates": [ [ 133.558535799999987, 33.4919202 ], [ 133.558618700000011, 33.4919413 ], [ 133.5587074, 33.491915 ], [ 133.558999300000011, 33.4920016 ], [ 133.5592725, 33.492064 ], [ 133.5601933, 33.4923609 ] ] } },
{ "type": "Feature", "properties": { "u": 10179631143, "v": 10179631140, "key": 0, "osmid": "1112618647", "lanes": null, "ref": null, "name": null, "highway": "footway", "maxspeed": null, "oneway": false, "reversed": "True", "length": 40.959, "tunnel": null, "width": null, "bridge": null, "access": null, "service": null }, "geometry": { "type": "LineString", "coordinates": [ [ 133.558535799999987, 33.4919202 ], [ 133.558448199999987, 33.4918965 ], [ 133.5584225, 33.4918254 ], [ 133.5581826, 33.4917406 ] ] } },
{ "type": "Feature", "properties": { "u": 10179631148, "v": 6303772618, "key": 0, "osmid": "673134121", "lanes": null, "ref": null, "name": null, "highway": "unclassified", "maxspeed": null, "oneway": false, "reversed": "False", "length": 6.536, "tunnel": null, "width": null, "bridge": null, "access": null, "service": null }, "geometry": { "type": "LineString", "coordinates": [ [ 133.5601933, 33.4923609 ], [ 133.560217200000011, 33.4923056 ] ] } },
{ "type": "Feature", "properties": { "u": 10179631148, "v": 6303772318, "key": 0, "osmid": "673134121", "lanes": null, "ref": null, "name": null, "highway": "unclassified", "maxspeed": null, "oneway": false, "reversed": "True", "length": 20.289, "tunnel": null, "width": null, "bridge": null, "access": null, "service": null }, "geometry": { "type": "LineString", "coordinates": [ [ 133.5601933, 33.4923609 ], [ 133.5601446, 33.4924739 ], [ 133.5601417, 33.4924924 ], [ 133.5601364, 33.4925359 ] ] } },
{ "type": "Feature", "properties": { "u": 10179631148, "v": 12709155884, "key": 0, "osmid": "1112618647", "lanes": null, "ref": null, "name": null, "highway": "footway", "maxspeed": null, "oneway": false, "reversed": "False", "length": 76.183, "tunnel": null, "width": null, "bridge": null, "access": null, "service": null }, "geometry": { "type": "LineString", "coordinates": [ [ 133.5601933, 33.4923609 ], [ 133.5609058, 33.4925839 ], [ 133.5609627, 33.4926011 ] ] } },
{ "type": "Feature", "properties": { "u": 10179631148, "v": 10179631143, "key": 0, "osmid": "1112618647", "lanes": null, "ref": null, "name": null, "highway": "footway", "maxspeed": null, "oneway": false, "reversed": "True", "length": 163.314, "tunnel": null, "width": null, "bridge": null, "access": null, "service": null }, "geometry": { "type": "LineString", "coordinates": [ [ 133.5601933, 33.4923609 ], [ 133.5592725, 33.492064 ], [ 133.558999300000011, 33.4920016 ], [ 133.5587074, 33.491915 ], [ 133.558618700000011, 33.4919413 ], [ 133.558535799999987, 33.4919202 ] ] } },
{ "type": "Feature", "properties": { "u": 10179631154, "v": 6303772591, "key": 0, "osmid": "673799510", "lanes": null, "ref": null, "name": null, "highway": "residential", "maxspeed": null, "oneway": false, "reversed": "False", "length": 6.933, "tunnel": null, "width": null, "bridge": null, "access": null, "service": null }, "geometry": { "type": "LineString", "coordinates": [ [ 133.56170130000001, 33.4928097 ], [ 133.56173050000001, 33.4927523 ] ] } },
{ "type": "Feature", "properties": { "u": 10179631154, "v": 6303772590, "key": 0, "osmid": "673799510", "lanes": null, "ref": null, "name": null, "highway": "residential", "maxspeed": null, "oneway": false, "reversed": "True", "length": 14.563, "tunnel": null, "width": null, "bridge": null, "access": null, "service": null }, "geometry": { "type": "LineString", "coordinates": [ [ 133.56170130000001, 33.4928097 ], [ 133.5616028, 33.4929117 ] ] } },
{ "type": "Feature", "properties": { "u": 10179631154, "v": 6303772592, "key": 0, "osmid": "1112618647", "lanes": null, "ref": null, "name": null, "highway": "footway", "maxspeed": null, "oneway": false, "reversed": "False", "length": 13.931, "tunnel": null, "width": null, "bridge": null, "access": null, "service": null }, "geometry": { "type": "LineString", "coordinates": [ [ 133.56170130000001, 33.4928097 ], [ 133.5618407, 33.4928564 ] ] } },
{ "type": "Feature", "properties": { "u": 10179631154, "v": 12709155884, "key": 0, "osmid": "1112618647", "lanes": null, "ref": null, "name": null, "highway": "footway", "maxspeed": null, "oneway": false, "reversed": "True", "length": 72.409, "tunnel": null, "width": null, "bridge": null, "access": null, "service": null }, "geometry": { "type": "LineString", "coordinates": [ [ 133.56170130000001, 33.4928097 ], [ 133.5612719, 33.4927028 ], [ 133.5611638, 33.4926728 ], [ 133.561006600000013, 33.4926144 ], [ 133.5609627, 33.4926011 ] ] } },
{ "type": "Feature", "properties": { "u": 10179631157, "v": 564443130, "key": 0, "osmid": "44405079", "lanes": "2", "ref": "34", "name": "桂浜はりまや線", "highway": "primary", "maxspeed": "30", "oneway": false, "reversed": "True", "length": 7.199, "tunnel": null, "width": null, "bridge": null, "access": null, "service": null }, "geometry": { "type": "LineString", "coordinates": [ [ 133.5642241, 33.4934915 ], [ 133.5642571, 33.4934329 ] ] } },
{ "type": "Feature", "properties": { "u": 10179631157, "v": 6303772577, "key": 0, "osmid": "44405079", "lanes": "2", "ref": "34", "name": "桂浜はりまや線", "highway": "primary", "maxspeed": "30", "oneway": false, "reversed": "False", "length": 12.528, "tunnel": null, "width": null, "bridge": null, "access": null, "service": null }, "geometry": { "type": "LineString", "coordinates": [ [ 133.5642241, 33.4934915 ], [ 133.5641733, 33.4935453 ], [ 133.564144700000014, 33.4935825 ] ] } },
{ "type": "Feature", "properties": { "u": 10179631157, "v": 12709155897, "key": 0, "osmid": "1112618647", "lanes": null, "ref": null, "name": null, "highway": "footway", "maxspeed": null, "oneway": false, "reversed": "False", "length": 200.376, "tunnel": null, "width": null, "bridge": null, "access": null, "service": null }, "geometry": { "type": "LineString", "coordinates": [ [ 133.5642241, 33.4934915 ], [ 133.5643627, 33.493527 ], [ 133.5648344, 33.4936617 ], [ 133.5656914, 33.4938993 ], [ 133.566008900000014, 33.4940112 ], [ 133.5662668, 33.4940763 ] ] } },
{ "type": "Feature", "properties": { "u": 10179631157, "v": 12709933127, "key": 0, "osmid": "1112618647", "lanes": null, "ref": null, "name": null, "highway": "footway", "maxspeed": null, "oneway": false, "reversed": "True", "length": 168.827, "tunnel": null, "width": null, "bridge": null, "access": null, "service": null }, "geometry": { "type": "LineString", "coordinates": [ [ 133.5642241, 33.4934915 ], [ 133.564123099999989, 33.493458 ], [ 133.5629372, 33.4931593 ], [ 133.5624881, 33.4930352 ] ] } },
{ "type": "Feature", "properties": { "u": 10179631165, "v": 1085590488, "key": 0, "osmid": "142326837", "lanes": null, "ref": null, "name": null, "highway": "unclassified", "maxspeed": null, "oneway": false, "reversed": "True", "length": 7.004, "tunnel": null, "width": null, "bridge": null, "access": null, "service": null }, "geometry": { "type": "LineString", "coordinates": [ [ 133.567585900000012, 33.4944201 ], [ 133.5676005, 33.4943583 ] ] } },
{ "type": "Feature", "properties": { "u": 10179631165, "v": 1557772336, "key": 0, "osmid": "142326837", "lanes": null, "ref": null, "name": null, "highway": "unclassified", "maxspeed": null, "oneway": false, "reversed": "False", "length": 154.861, "tunnel": null, "width": null, "bridge": null, "access": null, "service": null }, "geometry": { "type": "LineString", "coordinates": [ [ 133.567585900000012, 33.4944201 ], [ 133.567580099999986, 33.4944444 ], [ 133.567484799999988, 33.4946989 ], [ 133.5674673, 33.4947545 ], [ 133.567469499999987, 33.4948072 ], [ 133.5674894, 33.4948954 ], [ 133.5674735, 33.4950906 ], [ 133.5674669, 33.4951204 ], [ 133.5674393, 33.4951715 ], [ 133.5673893, 33.4952573 ], [ 133.5673749, 33.4952942 ], [ 133.5673586, 33.4953444 ], [ 133.567348399999986, 33.4953844 ], [ 133.5672992, 33.4956473 ], [ 133.5672897, 33.4956693 ], [ 133.567203799999987, 33.495743 ] ] } },
{ "type": "Feature", "properties": { "u": 10179631165, "v": 5520410420, "key": 0, "osmid": [ 671744434, 671744435, 1112618647 ], "lanes": null, "ref": null, "name": null, "highway": "footway", "maxspeed": null, "oneway": false, "reversed": [ false, true ], "length": 88.168, "tunnel": null, "width": null, "bridge": null, "access": null, "service": null }, "geometry": { "type": "LineString", "coordinates": [ [ 133.567585900000012, 33.4944201 ], [ 133.5676379, 33.4944292 ], [ 133.5684496, 33.4946652 ], [ 133.5684858, 33.494675 ] ] } },
{ "type": "Feature", "properties": { "u": 10179631165, "v": 12709155897, "key": 0, "osmid": "1112618647", "lanes": null, "ref": null, "name": null, "highway": "footway", "maxspeed": null, "oneway": false, "reversed": "True", "length": 128.188, "tunnel": null, "width": null, "bridge": null, "access": null, "service": null }, "geometry": { "type": "LineString", "coordinates": [ [ 133.567585900000012, 33.4944201 ], [ 133.5675173, 33.4944075 ], [ 133.566660399999989, 33.4941826 ], [ 133.566437400000012, 33.4941193 ], [ 133.5662668, 33.4940763 ] ] } },
{ "type": "Feature", "properties": { "u": 10180235167, "v": 10180235169, "key": 0, "osmid": "1112664429", "lanes": null, "ref": null, "name": null, "highway": "unclassified", "maxspeed": null, "oneway": false, "reversed": "False", "length": 21.082, "tunnel": null, "width": null, "bridge": null, "access": null, "service": null }, "geometry": { "type": "LineString", "coordinates": [ [ 133.549519800000013, 33.4920002 ], [ 133.5495871, 33.4918191 ] ] } },
{ "type": "Feature", "properties": { "u": 10180235167, "v": 10255231919, "key": 0, "osmid": "1112664428", "lanes": null, "ref": null, "name": null, "highway": "path", "maxspeed": null, "oneway": false, "reversed": "False", "length": 55.741, "tunnel": null, "width": null, "bridge": null, "access": null, "service": null }, "geometry": { "type": "LineString", "coordinates": [ [ 133.549519800000013, 33.4920002 ], [ 133.5492217, 33.4919109 ], [ 133.548997500000013, 33.4918336 ], [ 133.5489785, 33.4918026 ] ] } },
{ "type": "Feature", "properties": { "u": 10180235167, "v": 1557771475, "key": 0, "osmid": "1112664428", "lanes": null, "ref": null, "name": null, "highway": "path", "maxspeed": null, "oneway": false, "reversed": "True", "length": 158.137, "tunnel": null, "width": null, "bridge": null, "access": null, "service": null }, "geometry": { "type": "LineString", "coordinates": [ [ 133.549519800000013, 33.4920002 ], [ 133.5499113, 33.49213 ], [ 133.5502169, 33.4922341 ], [ 133.5504885, 33.4923439 ], [ 133.5507986, 33.4924539 ], [ 133.5509123, 33.4924797 ], [ 133.5510887, 33.4925533 ] ] } },
{ "type": "Feature", "properties": { "u": 10180235168, "v": 564465174, "key": 0, "osmid": "129809749", "lanes": null, "ref": null, "name": null, "highway": "unclassified", "maxspeed": "30", "oneway": false, "reversed": "False", "length": 200.961, "tunnel": null, "width": null, "bridge": null, "access": null, "service": null }, "geometry": { "type": "LineString", "coordinates": [ [ 133.549772499999989, 33.4912785 ], [ 133.5518539, 33.4917817 ] ] } },
{ "type": "Feature", "properties": { "u": 10180235168, "v": 1431444809, "key": 0, "osmid": "129809749", "lanes": null, "ref": null, "name": null, "highway": "unclassified", "maxspeed": "30", "oneway": false, "reversed": "True", "length": 28.776, "tunnel": null, "width": null, "bridge": null, "access": null, "service": null }, "geometry": { "type": "LineString", "coordinates": [ [ 133.549772499999989, 33.4912785 ], [ 133.5494728, 33.4912114 ] ] } },
{ "type": "Feature", "properties": { "u": 10180235168, "v": 10180235172, "key": 0, "osmid": "1112664429", "lanes": null, "ref": null, "name": null, "highway": "unclassified", "maxspeed": null, "oneway": false, "reversed": "True", "length": 32.097, "tunnel": null, "width": null, "bridge": null, "access": null, "service": null }, "geometry": { "type": "LineString", "coordinates": [ [ 133.549772499999989, 33.4912785 ], [ 133.549680200000012, 33.4915567 ] ] } },
{ "type": "Feature", "properties": { "u": 10180235169, "v": 10180235172, "key": 0, "osmid": "1112664429", "lanes": null, "ref": null, "name": null, "highway": "unclassified", "maxspeed": null, "oneway": false, "reversed": "False", "length": 30.428, "tunnel": null, "width": null, "bridge": null, "access": null, "service": null }, "geometry": { "type": "LineString", "coordinates": [ [ 133.5495871, 33.4918191 ], [ 133.549680200000012, 33.4915567 ] ] } },
{ "type": "Feature", "properties": { "u": 10180235169, "v": 10180235167, "key": 0, "osmid": "1112664429", "lanes": null, "ref": null, "name": null, "highway": "unclassified", "maxspeed": null, "oneway": false, "reversed": "True", "length": 21.082, "tunnel": null, "width": null, "bridge": null, "access": null, "service": null }, "geometry": { "type": "LineString", "coordinates": [ [ 133.5495871, 33.4918191 ], [ 133.549519800000013, 33.4920002 ] ] } },
{ "type": "Feature", "properties": { "u": 10180235169, "v": 10180235170, "key": 0, "osmid": "1121177325", "lanes": null, "ref": null, "name": null, "highway": "unclassified", "maxspeed": null, "oneway": false, "reversed": "False", "length": 27.069, "tunnel": null, "width": null, "bridge": null, "access": null, "service": null }, "geometry": { "type": "LineString", "coordinates": [ [ 133.5495871, 33.4918191 ], [ 133.5493056, 33.4917547 ] ] } },
{ "type": "Feature", "properties": { "u": 10180235170, "v": 10180235169, "key": 0, "osmid": "1121177325", "lanes": null, "ref": null, "name": null, "highway": "unclassified", "maxspeed": null, "oneway": false, "reversed": "True", "length": 27.069, "tunnel": null, "width": null, "bridge": null, "access": null, "service": null }, "geometry": { "type": "LineString", "coordinates": [ [ 133.5493056, 33.4917547 ], [ 133.5495871, 33.4918191 ] ] } },
{ "type": "Feature", "properties": { "u": 10180235172, "v": 10180235168, "key": 0, "osmid": "1112664429", "lanes": null, "ref": null, "name": null, "highway": "unclassified", "maxspeed": null, "oneway": false, "reversed": "False", "length": 32.097, "tunnel": null, "width": null, "bridge": null, "access": null, "service": null }, "geometry": { "type": "LineString", "coordinates": [ [ 133.549680200000012, 33.4915567 ], [ 133.549772499999989, 33.4912785 ] ] } },
{ "type": "Feature", "properties": { "u": 10180235172, "v": 10180235169, "key": 0, "osmid": "1112664429", "lanes": null, "ref": null, "name": null, "highway": "unclassified", "maxspeed": null, "oneway": false, "reversed": "True", "length": 30.428, "tunnel": null, "width": null, "bridge": null, "access": null, "service": null }, "geometry": { "type": "LineString", "coordinates": [ [ 133.549680200000012, 33.4915567 ], [ 133.5495871, 33.4918191 ] ] } },
{ "type": "Feature", "properties": { "u": 10180235172, "v": 10255231916, "key": 0, "osmid": "1112664431", "lanes": null, "ref": null, "name": null, "highway": "unclassified", "maxspeed": null, "oneway": false, "reversed": "True", "length": 26.453, "tunnel": null, "width": null, "bridge": null, "access": null, "service": null }, "geometry": { "type": "LineString", "coordinates": [ [ 133.549680200000012, 33.4915567 ], [ 133.549405799999988, 33.4914917 ] ] } },
{ "type": "Feature", "properties": { "u": 10180235200, "v": 4942039758, "key": 0, "osmid": "503976739", "lanes": null, "ref": null, "name": null, "highway": "residential", "maxspeed": null, "oneway": false, "reversed": "True", "length": 28.831, "tunnel": null, "width": null, "bridge": null, "access": null, "service": null }, "geometry": { "type": "LineString", "coordinates": [ [ 133.5479048, 33.4965647 ], [ 133.5482141, 33.4965383 ] ] } },
{ "type": "Feature", "properties": { "u": 10180235200, "v": 10180235201, "key": 0, "osmid": "1112664437", "lanes": null, "ref": null, "name": null, "highway": "unclassified", "maxspeed": null, "oneway": false, "reversed": "False", "length": 53.371, "tunnel": null, "width": null, "bridge": null, "access": null, "service": null }, "geometry": { "type": "LineString", "coordinates": [ [ 133.5479048, 33.4965647 ], [ 133.5478419, 33.4960876 ] ] } },
{ "type": "Feature", "properties": { "u": 10180235200, "v": 4942039755, "key": 0, "osmid": "1178534951", "lanes": null, "ref": null, "name": null, "highway": "residential", "maxspeed": null, "oneway": false, "reversed": "True", "length": 37.634, "tunnel": null, "width": null, "bridge": null, "access": null, "service": null }, "geometry": { "type": "LineString", "coordinates": [ [ 133.5479048, 33.4965647 ], [ 133.547963399999986, 33.4968996 ] ] } },
{ "type": "Feature", "properties": { "u": 10180235200, "v": 4942039753, "key": 0, "osmid": "503976739", "lanes": null, "ref": null, "name": null, "highway": "residential", "maxspeed": null, "oneway": false, "reversed": "False", "length": 32.874, "tunnel": null, "width": null, "bridge": null, "access": null, "service": null }, "geometry": { "type": "LineString", "coordinates": [ [ 133.5479048, 33.4965647 ], [ 133.5476214, 33.4965909 ], [ 133.5475542, 33.4966053 ] ] } },
{ "type": "Feature", "properties": { "u": 10180235201, "v": 1557772417, "key": 0, "osmid": "503976740", "lanes": null, "ref": null, "name": null, "highway": "residential", "maxspeed": null, "oneway": false, "reversed": "True", "length": 36.095, "tunnel": null, "width": null, "bridge": null, "access": null, "service": null }, "geometry": { "type": "LineString", "coordinates": [ [ 133.5478419, 33.4960876 ], [ 133.5474528, 33.4960783 ] ] } },
{ "type": "Feature", "properties": { "u": 10180235201, "v": 10180235200, "key": 0, "osmid": "1112664437", "lanes": null, "ref": null, "name": null, "highway": "unclassified", "maxspeed": null, "oneway": false, "reversed": "True", "length": 53.371, "tunnel": null, "width": null, "bridge": null, "access": null, "service": null }, "geometry": { "type": "LineString", "coordinates": [ [ 133.5478419, 33.4960876 ], [ 133.5479048, 33.4965647 ] ] } },
{ "type": "Feature", "properties": { "u": 10180235201, "v": 4942039761, "key": 0, "osmid": "503976740", "lanes": null, "ref": null, "name": null, "highway": "residential", "maxspeed": null, "oneway": false, "reversed": "False", "length": 57.825, "tunnel": null, "width": null, "bridge": null, "access": null, "service": null }, "geometry": { "type": "LineString", "coordinates": [ [ 133.5478419, 33.4960876 ], [ 133.5481685, 33.4960954 ], [ 133.548184600000013, 33.4963426 ] ] } },
{ "type": "Feature", "properties": { "u": 10247222792, "v": 10255230925, "key": 0, "osmid": "142326450", "lanes": null, "ref": null, "name": null, "highway": "service", "maxspeed": null, "oneway": false, "reversed": "False", "length": 47.646, "tunnel": null, "width": null, "bridge": null, "access": null, "service": null }, "geometry": { "type": "LineString", "coordinates": [ [ 133.5577069, 33.4918347 ], [ 133.5572213, 33.4916947 ] ] } },
{ "type": "Feature", "properties": { "u": 10247222792, "v": 10247222797, "key": 0, "osmid": "1120384358", "lanes": null, "ref": null, "name": null, "highway": "service", "maxspeed": null, "oneway": false, "reversed": "True", "length": 16.438, "tunnel": null, "width": null, "bridge": null, "access": null, "service": null }, "geometry": { "type": "LineString", "coordinates": [ [ 133.5577069, 33.4918347 ], [ 133.5576479, 33.4919741 ] ] } },
{ "type": "Feature", "properties": { "u": 10247222792, "v": 6303771989, "key": 0, "osmid": "142326450", "lanes": null, "ref": null, "name": null, "highway": "service", "maxspeed": null, "oneway": false, "reversed": "True", "length": 37.212, "tunnel": null, "width": null, "bridge": null, "access": null, "service": null }, "geometry": { "type": "LineString", "coordinates": [ [ 133.5577069, 33.4918347 ], [ 133.557884800000011, 33.4918859 ], [ 133.5580898, 33.4919344 ] ] } },
{ "type": "Feature", "properties": { "u": 10247222797, "v": 10247222792, "key": 0, "osmid": "1120384358", "lanes": null, "ref": null, "name": null, "highway": "service", "maxspeed": null, "oneway": false, "reversed": "False", "length": 16.438, "tunnel": null, "width": null, "bridge": null, "access": null, "service": null }, "geometry": { "type": "LineString", "coordinates": [ [ 133.5576479, 33.4919741 ], [ 133.5577069, 33.4918347 ] ] } },
{ "type": "Feature", "properties": { "u": 10247222797, "v": 10247222797, "key": 0, "osmid": "1120384357", "lanes": null, "ref": null, "name": null, "highway": "service", "maxspeed": null, "oneway": false, "reversed": "False", "length": 114.431, "tunnel": null, "width": null, "bridge": null, "access": null, "service": null }, "geometry": { "type": "LineString", "coordinates": [ [ 133.5576479, 33.4919741 ], [ 133.5578467, 33.4920329 ], [ 133.5577815, 33.4921864 ], [ 133.557384, 33.4920691 ], [ 133.5574492, 33.4919155 ], [ 133.5576479, 33.4919741 ] ] } },
{ "type": "Feature", "properties": { "u": 10247222797, "v": 10247222797, "key": 1, "osmid": "1120384357", "lanes": null, "ref": null, "name": null, "highway": "service", "maxspeed": null, "oneway": false, "reversed": "True", "length": 114.431, "tunnel": null, "width": null, "bridge": null, "access": null, "service": null }, "geometry": { "type": "LineString", "coordinates": [ [ 133.5576479, 33.4919741 ], [ 133.5574492, 33.4919155 ], [ 133.557384, 33.4920691 ], [ 133.5577815, 33.4921864 ], [ 133.5578467, 33.4920329 ], [ 133.5576479, 33.4919741 ] ] } },
{ "type": "Feature", "properties": { "u": 10255230925, "v": 10255230928, "key": 0, "osmid": "142326450", "lanes": null, "ref": null, "name": null, "highway": "service", "maxspeed": null, "oneway": false, "reversed": "False", "length": 23.411, "tunnel": null, "width": null, "bridge": null, "access": null, "service": null }, "geometry": { "type": "LineString", "coordinates": [ [ 133.5572213, 33.4916947 ], [ 133.5569827, 33.4916259 ] ] } },
{ "type": "Feature", "properties": { "u": 10255230925, "v": 10255230928, "key": 1, "osmid": "1121177290", "lanes": null, "ref": null, "name": null, "highway": "service", "maxspeed": null, "oneway": true, "reversed": "False", "length": 72.037, "tunnel": null, "width": null, "bridge": null, "access": null, "service": null }, "geometry": { "type": "LineString", "coordinates": [ [ 133.5572213, 33.4916947 ], [ 133.557148500000011, 33.4918999 ], [ 133.556906700000013, 33.4918403 ], [ 133.5569827, 33.4916259 ] ] } },
{ "type": "Feature", "properties": { "u": 10255230925, "v": 10247222792, "key": 0, "osmid": "142326450", "lanes": null, "ref": null, "name": null, "highway": "service", "maxspeed": null, "oneway": false, "reversed": "True", "length": 47.646, "tunnel": null, "width": null, "bridge": null, "access": null, "service": null }, "geometry": { "type": "LineString", "coordinates": [ [ 133.5572213, 33.4916947 ], [ 133.5577069, 33.4918347 ] ] } },
{ "type": "Feature", "properties": { "u": 10255230928, "v": 10255230925, "key": 0, "osmid": "142326450", "lanes": null, "ref": null, "name": null, "highway": "service", "maxspeed": null, "oneway": false, "reversed": "True", "length": 23.411, "tunnel": null, "width": null, "bridge": null, "access": null, "service": null }, "geometry": { "type": "LineString", "coordinates": [ [ 133.5569827, 33.4916259 ], [ 133.5572213, 33.4916947 ] ] } },
{ "type": "Feature", "properties": { "u": 10255230928, "v": 1557771248, "key": 0, "osmid": "142326450", "lanes": null, "ref": null, "name": null, "highway": "service", "maxspeed": null, "oneway": false, "reversed": "False", "length": 96.452, "tunnel": null, "width": null, "bridge": null, "access": null, "service": null }, "geometry": { "type": "LineString", "coordinates": [ [ 133.5569827, 33.4916259 ], [ 133.5569082, 33.4915983 ], [ 133.556337500000012, 33.4914395 ], [ 133.5563066, 33.4914335 ], [ 133.555998, 33.4913479 ] ] } },
{ "type": "Feature", "properties": { "u": 10255230944, "v": 564465176, "key": 0, "osmid": "142325228", "lanes": null, "ref": null, "name": null, "highway": "unclassified", "maxspeed": null, "oneway": false, "reversed": "False", "length": 3.427, "tunnel": null, "width": null, "bridge": null, "access": null, "service": null }, "geometry": { "type": "LineString", "coordinates": [ [ 133.5525139, 33.4901819 ], [ 133.5524778, 33.4901753 ] ] } },
{ "type": "Feature", "properties": { "u": 10255230944, "v": 10179631132, "key": 0, "osmid": "1121177292", "lanes": null, "ref": null, "name": null, "highway": "unclassified", "maxspeed": null, "oneway": false, "reversed": "True", "length": 23.35, "tunnel": null, "width": null, "bridge": null, "access": null, "service": null }, "geometry": { "type": "LineString", "coordinates": [ [ 133.5525139, 33.4901819 ], [ 133.5525925, 33.4899824 ] ] } },
{ "type": "Feature", "properties": { "u": 10255230944, "v": 1557771248, "key": 0, "osmid": "142325228", "lanes": null, "ref": null, "name": null, "highway": "unclassified", "maxspeed": null, "oneway": false, "reversed": "True", "length": 348.286, "tunnel": null, "width": null, "bridge": null, "access": null, "service": null }, "geometry": { "type": "LineString", "coordinates": [ [ 133.5525139, 33.4901819 ], [ 133.5525568, 33.4901897 ], [ 133.553394200000014, 33.4904898 ], [ 133.554052, 33.4907245 ], [ 133.5541809, 33.4907661 ], [ 133.5548259, 33.4909873 ], [ 133.555998, 33.4913479 ] ] } },
{ "type": "Feature", "properties": { "u": 10255231855, "v": 10255231873, "key": 0, "osmid": "1121177317", "lanes": null, "ref": null, "name": null, "highway": "service", "maxspeed": null, "oneway": false, "reversed": "True", "length": 12.022, "tunnel": null, "width": null, "bridge": null, "access": null, "service": null }, "geometry": { "type": "LineString", "coordinates": [ [ 133.5520685, 33.4901822 ], [ 133.5521895, 33.490221 ] ] } },
{ "type": "Feature", "properties": { "u": 10255231855, "v": 10255231873, "key": 1, "osmid": "1121177316", "lanes": null, "ref": null, "name": null, "highway": "service", "maxspeed": null, "oneway": false, "reversed": "False", "length": 108.632, "tunnel": null, "width": null, "bridge": null, "access": null, "service": null }, "geometry": { "type": "LineString", "coordinates": [ [ 133.5520685, 33.4901822 ], [ 133.5519157, 33.490511 ], [ 133.5521281, 33.4905796 ], [ 133.5522808, 33.4902508 ], [ 133.5521895, 33.490221 ] ] } },
{ "type": "Feature", "properties": { "u": 10255231855, "v": 10255231856, "key": 0, "osmid": "1121177317", "lanes": null, "ref": null, "name": null, "highway": "service", "maxspeed": null, "oneway": false, "reversed": "False", "length": 65.564, "tunnel": null, "width": null, "bridge": null, "access": null, "service": null }, "geometry": { "type": "LineString", "coordinates": [ [ 133.5520685, 33.4901822 ], [ 133.552054, 33.4901574 ], [ 133.551713, 33.4900444 ], [ 133.551646799999986, 33.4901881 ], [ 133.5516264, 33.4902064 ], [ 133.551592699999986, 33.4902782 ] ] } },
{ "type": "Feature", "properties": { "u": 10255231856, "v": 10255231855, "key": 0, "osmid": "1121177317", "lanes": null, "ref": null, "name": null, "highway": "service", "maxspeed": null, "oneway": false, "reversed": "True", "length": 65.564, "tunnel": null, "width": null, "bridge": null, "access": null, "service": null }, "geometry": { "type": "LineString", "coordinates": [ [ 133.551592699999986, 33.4902782 ], [ 133.5516264, 33.4902064 ], [ 133.551646799999986, 33.4901881 ], [ 133.551713, 33.4900444 ], [ 133.552054, 33.4901574 ], [ 133.5520685, 33.4901822 ] ] } },
{ "type": "Feature", "properties": { "u": 10255231873, "v": 10255231855, "key": 0, "osmid": "1121177317", "lanes": null, "ref": null, "name": null, "highway": "service", "maxspeed": null, "oneway": false, "reversed": "False", "length": 12.022, "tunnel": null, "width": null, "bridge": null, "access": null, "service": null }, "geometry": { "type": "LineString", "coordinates": [ [ 133.5521895, 33.490221 ], [ 133.5520685, 33.4901822 ] ] } },
{ "type": "Feature", "properties": { "u": 10255231873, "v": 10255231855, "key": 1, "osmid": "1121177316", "lanes": null, "ref": null, "name": null, "highway": "service", "maxspeed": null, "oneway": false, "reversed": "True", "length": 108.632, "tunnel": null, "width": null, "bridge": null, "access": null, "service": null }, "geometry": { "type": "LineString", "coordinates": [ [ 133.5521895, 33.490221 ], [ 133.5522808, 33.4902508 ], [ 133.5521281, 33.4905796 ], [ 133.5519157, 33.490511 ], [ 133.5520685, 33.4901822 ] ] } },
{ "type": "Feature", "properties": { "u": 10255231873, "v": 10255231874, "key": 0, "osmid": "1121177317", "lanes": null, "ref": null, "name": null, "highway": "service", "maxspeed": null, "oneway": false, "reversed": "True", "length": 13.837, "tunnel": null, "width": null, "bridge": null, "access": null, "service": null }, "geometry": { "type": "LineString", "coordinates": [ [ 133.5521895, 33.490221 ], [ 133.55224290000001, 33.4901048 ] ] } },
{ "type": "Feature", "properties": { "u": 10255231874, "v": 10255231873, "key": 0, "osmid": "1121177317", "lanes": null, "ref": null, "name": null, "highway": "service", "maxspeed": null, "oneway": false, "reversed": "False", "length": 13.837, "tunnel": null, "width": null, "bridge": null, "access": null, "service": null }, "geometry": { "type": "LineString", "coordinates": [ [ 133.55224290000001, 33.4901048 ], [ 133.5521895, 33.490221 ] ] } },
{ "type": "Feature", "properties": { "u": 10255231874, "v": 564465176, "key": 0, "osmid": "142325228", "lanes": null, "ref": null, "name": null, "highway": "unclassified", "maxspeed": null, "oneway": false, "reversed": "True", "length": 23.174, "tunnel": null, "width": null, "bridge": null, "access": null, "service": null }, "geometry": { "type": "LineString", "coordinates": [ [ 133.55224290000001, 33.4901048 ], [ 133.5524369, 33.4901667 ], [ 133.5524778, 33.4901753 ] ] } },
{ "type": "Feature", "properties": { "u": 10255231908, "v": 564465189, "key": 0, "osmid": "44407513", "lanes": null, "ref": null, "name": null, "highway": "unclassified", "maxspeed": null, "oneway": false, "reversed": "False", "length": 64.691, "tunnel": null, "width": null, "bridge": null, "access": null, "service": null }, "geometry": { "type": "LineString", "coordinates": [ [ 133.5517317, 33.4921132 ], [ 133.551679299999989, 33.4922892 ], [ 133.5515212, 33.4926673 ] ] } },
{ "type": "Feature", "properties": { "u": 10255231908, "v": 564465174, "key": 0, "osmid": "44407513", "lanes": null, "ref": null, "name": null, "highway": "unclassified", "maxspeed": null, "oneway": false, "reversed": "True", "length": 38.616, "tunnel": null, "width": null, "bridge": null, "access": null, "service": null }, "geometry": { "type": "LineString", "coordinates": [ [ 133.5517317, 33.4921132 ], [ 133.5517422, 33.4920744 ], [ 133.551820600000013, 33.4918488 ], [ 133.5518539, 33.4917817 ] ] } },
{ "type": "Feature", "properties": { "u": 10255231908, "v": 10255231910, "key": 0, "osmid": "1121177324", "lanes": null, "ref": null, "name": null, "highway": "service", "maxspeed": null, "oneway": false, "reversed": "False", "length": 74.619, "tunnel": null, "width": null, "bridge": null, "access": null, "service": null }, "geometry": { "type": "LineString", "coordinates": [ [ 133.5517317, 33.4921132 ], [ 133.5518774, 33.4921351 ], [ 133.55183980000001, 33.4926818 ] ] } },
{ "type": "Feature", "properties": { "u": 10255231910, "v": 10255231908, "key": 0, "osmid": "1121177324", "lanes": null, "ref": null, "name": null, "highway": "service", "maxspeed": null, "oneway": false, "reversed": "True", "length": 74.619, "tunnel": null, "width": null, "bridge": null, "access": null, "service": null }, "geometry": { "type": "LineString", "coordinates": [ [ 133.55183980000001, 33.4926818 ], [ 133.5518774, 33.4921351 ], [ 133.5517317, 33.4921132 ] ] } },
{ "type": "Feature", "properties": { "u": 10255231916, "v": 10180235172, "key": 0, "osmid": "1112664431", "lanes": null, "ref": null, "name": null, "highway": "unclassified", "maxspeed": null, "oneway": false, "reversed": "False", "length": 26.453, "tunnel": null, "width": null, "bridge": null, "access": null, "service": null }, "geometry": { "type": "LineString", "coordinates": [ [ 133.549405799999988, 33.4914917 ], [ 133.549680200000012, 33.4915567 ] ] } },
{ "type": "Feature", "properties": { "u": 10255231917, "v": 1431444809, "key": 0, "osmid": "1112664430", "lanes": null, "ref": null, "name": null, "highway": "unclassified", "maxspeed": null, "oneway": false, "reversed": "False", "length": 58.439, "tunnel": null, "width": null, "bridge": null, "access": null, "service": null }, "geometry": { "type": "LineString", "coordinates": [ [ 133.5493004, 33.4917169 ], [ 133.5493803, 33.4914844 ], [ 133.5494728, 33.4912114 ] ] } },
{ "type": "Feature", "properties": { "u": 10255231919, "v": 4942039765, "key": 0, "osmid": "503976744", "lanes": null, "ref": null, "name": null, "highway": "residential", "maxspeed": null, "oneway": false, "reversed": "True", "length": 29.259, "tunnel": null, "width": null, "bridge": null, "access": null, "service": null }, "geometry": { "type": "LineString", "coordinates": [ [ 133.5489785, 33.4918026 ], [ 133.548687699999988, 33.4917005 ] ] } },
{ "type": "Feature", "properties": { "u": 10255231919, "v": 4942039767, "key": 0, "osmid": "1121177326", "lanes": null, "ref": null, "name": null, "highway": "residential", "maxspeed": null, "oneway": false, "reversed": "False", "length": 75.197, "tunnel": null, "width": null, "bridge": null, "access": null, "service": null }, "geometry": { "type": "LineString", "coordinates": [ [ 133.5489785, 33.4918026 ], [ 133.5492056, 33.4911534 ] ] } },
{ "type": "Feature", "properties": { "u": 10255231919, "v": 10180235167, "key": 0, "osmid": "1112664428", "lanes": null, "ref": null, "name": null, "highway": "path", "maxspeed": null, "oneway": false, "reversed": "True", "length": 55.741, "tunnel": null, "width": null, "bridge": null, "access": null, "service": null }, "geometry": { "type": "LineString", "coordinates": [ [ 133.5489785, 33.4918026 ], [ 133.548997500000013, 33.4918336 ], [ 133.5492217, 33.4919109 ], [ 133.549519800000013, 33.4920002 ] ] } },
{ "type": "Feature", "properties": { "u": 10699710734, "v": 564465077, "key": 0, "osmid": "1150184484", "lanes": null, "ref": null, "name": null, "highway": "unclassified", "maxspeed": null, "oneway": false, "reversed": "False", "length": 56.209, "tunnel": null, "width": null, "bridge": null, "access": null, "service": null }, "geometry": { "type": "LineString", "coordinates": [ [ 133.5496353, 33.4973236 ], [ 133.5492495, 33.4969337 ] ] } },
{ "type": "Feature", "properties": { "u": 10699710734, "v": 564443109, "key": 0, "osmid": "142325120", "lanes": null, "ref": null, "name": null, "highway": "residential", "maxspeed": null, "oneway": false, "reversed": "False", "length": 45.004, "tunnel": null, "width": null, "bridge": null, "access": null, "service": null }, "geometry": { "type": "LineString", "coordinates": [ [ 133.5496353, 33.4973236 ], [ 133.5497198, 33.4973087 ], [ 133.549926699999986, 33.4971322 ], [ 133.5500059, 33.4970773 ] ] } },
{ "type": "Feature", "properties": { "u": 10699710734, "v": 6878716022, "key": 0, "osmid": "142325120", "lanes": null, "ref": null, "name": null, "highway": "residential", "maxspeed": null, "oneway": false, "reversed": "True", "length": 64.715, "tunnel": null, "width": null, "bridge": null, "access": null, "service": null }, "geometry": { "type": "LineString", "coordinates": [ [ 133.5496353, 33.4973236 ], [ 133.5491988, 33.497401 ], [ 133.5489579, 33.4974617 ] ] } },
{ "type": "Feature", "properties": { "u": 10948632340, "v": 10948632341, "key": 0, "osmid": "1178534952", "lanes": null, "ref": null, "name": null, "highway": "residential", "maxspeed": null, "oneway": false, "reversed": "True", "length": 13.017, "tunnel": null, "width": null, "bridge": null, "access": null, "service": null }, "geometry": { "type": "LineString", "coordinates": [ [ 133.5675703, 33.4971965 ], [ 133.567472400000014, 33.4971126 ] ] } },
{ "type": "Feature", "properties": { "u": 10948632341, "v": 10948632340, "key": 0, "osmid": "1178534952", "lanes": null, "ref": null, "name": null, "highway": "residential", "maxspeed": null, "oneway": false, "reversed": "False", "length": 13.017, "tunnel": null, "width": null, "bridge": null, "access": null, "service": null }, "geometry": { "type": "LineString", "coordinates": [ [ 133.567472400000014, 33.4971126 ], [ 133.5675703, 33.4971965 ] ] } },
{ "type": "Feature", "properties": { "u": 10948632341, "v": 564465465, "key": 0, "osmid": "142326029", "lanes": null, "ref": null, "name": null, "highway": "unclassified", "maxspeed": null, "oneway": false, "reversed": "False", "length": 57.62, "tunnel": null, "width": null, "bridge": null, "access": null, "service": null }, "geometry": { "type": "LineString", "coordinates": [ [ 133.567472400000014, 33.4971126 ], [ 133.567424100000011, 33.4971176 ], [ 133.5673644, 33.4971469 ], [ 133.567167500000011, 33.4975333 ] ] } },
{ "type": "Feature", "properties": { "u": 10948632341, "v": 1557772336, "key": 0, "osmid": [ 142326993, 1178534957, 142326029 ], "lanes": null, "ref": null, "name": null, "highway": [ "residential", "path", "unclassified" ], "maxspeed": null, "oneway": false, "reversed": "True", "length": 165.154, "tunnel": null, "width": null, "bridge": null, "access": null, "service": null }, "geometry": { "type": "LineString", "coordinates": [ [ 133.567472400000014, 33.4971126 ], [ 133.5675314, 33.4971053 ], [ 133.567580099999986, 33.4969371 ], [ 133.5675493, 33.4967651 ], [ 133.5675291, 33.4966211 ], [ 133.5675435, 33.4964692 ], [ 133.5675478, 33.4963463 ], [ 133.5674434, 33.4961431 ], [ 133.567203799999987, 33.495743 ] ] } },
{ "type": "Feature", "properties": { "u": 10948632398, "v": 10948632399, "key": 0, "osmid": "1178534961", "lanes": null, "ref": null, "name": null, "highway": "residential", "maxspeed": null, "oneway": false, "reversed": "True", "length": 28.008, "tunnel": null, "width": null, "bridge": null, "access": null, "service": null }, "geometry": { "type": "LineString", "coordinates": [ [ 133.5479432, 33.4973245 ], [ 133.5476442, 33.4973602 ] ] } },
{ "type": "Feature", "properties": { "u": 10948632399, "v": 564465076, "key": 0, "osmid": "142326256", "lanes": null, "ref": null, "name": null, "highway": "residential", "maxspeed": null, "oneway": false, "reversed": "False", "length": 35.201, "tunnel": null, "width": null, "bridge": null, "access": null, "service": null }, "geometry": { "type": "LineString", "coordinates": [ [ 133.5476442, 33.4973602 ], [ 133.5476521, 33.4970437 ] ] } },
{ "type": "Feature", "properties": { "u": 10948632399, "v": 10948632398, "key": 0, "osmid": "1178534961", "lanes": null, "ref": null, "name": null, "highway": "residential", "maxspeed": null, "oneway": false, "reversed": "False", "length": 28.008, "tunnel": null, "width": null, "bridge": null, "access": null, "service": null }, "geometry": { "type": "LineString", "coordinates": [ [ 133.5476442, 33.4973602 ], [ 133.5479432, 33.4973245 ] ] } },
{ "type": "Feature", "properties": { "u": 10948632399, "v": 1557772882, "key": 0, "osmid": "142326256", "lanes": null, "ref": null, "name": null, "highway": "residential", "maxspeed": null, "oneway": false, "reversed": "True", "length": 57.978, "tunnel": null, "width": null, "bridge": null, "access": null, "service": null }, "geometry": { "type": "LineString", "coordinates": [ [ 133.5476442, 33.4973602 ], [ 133.547642, 33.497448 ], [ 133.547636, 33.497538 ], [ 133.547583800000012, 33.4978244 ], [ 133.547597700000011, 33.4978769 ] ] } },
{ "type": "Feature", "properties": { "u": 10948632402, "v": 5505868004, "key": 0, "osmid": "1178534963", "lanes": null, "ref": null, "name": null, "highway": "service", "maxspeed": null, "oneway": false, "reversed": "True", "length": 87.749, "tunnel": null, "width": null, "bridge": null, "access": null, "service": null }, "geometry": { "type": "LineString", "coordinates": [ [ 133.5504645, 33.4959355 ], [ 133.550454, 33.4951464 ] ] } },
{ "type": "Feature", "properties": { "u": 10948632403, "v": 10948633207, "key": 0, "osmid": "1178534964", "lanes": null, "ref": null, "name": null, "highway": "residential", "maxspeed": null, "oneway": false, "reversed": "True", "length": 43.838, "tunnel": null, "width": null, "bridge": null, "access": null, "service": null }, "geometry": { "type": "LineString", "coordinates": [ [ 133.5511364, 33.4962017 ], [ 133.5511163, 33.4962934 ], [ 133.5512544, 33.4963068 ], [ 133.551257099999987, 33.4964164 ], [ 133.551298, 33.4964837 ] ] } },
{ "type": "Feature", "properties": { "u": 10948633207, "v": 564443107, "key": 0, "osmid": "129809967", "lanes": "2", "ref": "34", "name": "桂浜はりまや線", "highway": "primary", "maxspeed": null, "oneway": false, "reversed": "False", "length": 127.024, "tunnel": null, "width": null, "bridge": null, "access": null, "service": null }, "geometry": { "type": "LineString", "coordinates": [ [ 133.551298, 33.4964837 ], [ 133.5500309, 33.4969178 ] ] } },
{ "type": "Feature", "properties": { "u": 10948633207, "v": 564443103, "key": 0, "osmid": "129809967", "lanes": "2", "ref": "34", "name": "桂浜はりまや線", "highway": "primary", "maxspeed": null, "oneway": false, "reversed": "True", "length": 67.808, "tunnel": null, "width": null, "bridge": null, "access": null, "service": null }, "geometry": { "type": "LineString", "coordinates": [ [ 133.551298, 33.4964837 ], [ 133.551490300000012, 33.4964178 ], [ 133.5517245, 33.4963318 ], [ 133.551954099999989, 33.4962174 ] ] } },
{ "type": "Feature", "properties": { "u": 10948633207, "v": 10948632403, "key": 0, "osmid": "1178534964", "lanes": null, "ref": null, "name": null, "highway": "residential", "maxspeed": null, "oneway": false, "reversed": "False", "length": 43.838, "tunnel": null, "width": null, "bridge": null, "access": null, "service": null }, "geometry": { "type": "LineString", "coordinates": [ [ 133.551298, 33.4964837 ], [ 133.551257099999987, 33.4964164 ], [ 133.5512544, 33.4963068 ], [ 133.5511163, 33.4962934 ], [ 133.5511364, 33.4962017 ] ] } },
{ "type": "Feature", "properties": { "u": 10948633208, "v": 9935063204, "key": 0, "osmid": "1178534965", "lanes": null, "ref": null, "name": null, "highway": "residential", "maxspeed": null, "oneway": false, "reversed": "True", "length": 19.568, "tunnel": null, "width": null, "bridge": null, "access": null, "service": null }, "geometry": { "type": "LineString", "coordinates": [ [ 133.5495821, 33.4966893 ], [ 133.54960650000001, 33.4965145 ] ] } },
{ "type": "Feature", "properties": { "u": 10948633209, "v": 10948633210, "key": 0, "osmid": "1178534966", "lanes": null, "ref": null, "name": null, "highway": "residential", "maxspeed": null, "oneway": false, "reversed": "True", "length": 23.303, "tunnel": null, "width": null, "bridge": null, "access": null, "service": null }, "geometry": { "type": "LineString", "coordinates": [ [ 133.551009, 33.4970326 ], [ 133.5507756, 33.4971103 ] ] } },
{ "type": "Feature", "properties": { "u": 10948633210, "v": 10948633209, "key": 0, "osmid": "1178534966", "lanes": null, "ref": null, "name": null, "highway": "residential", "maxspeed": null, "oneway": false, "reversed": "False", "length": 23.303, "tunnel": null, "width": null, "bridge": null, "access": null, "service": null }, "geometry": { "type": "LineString", "coordinates": [ [ 133.5507756, 33.4971103 ], [ 133.551009, 33.4970326 ] ] } },
{ "type": "Feature", "properties": { "u": 10948633210, "v": 10948633264, "key": 0, "osmid": "1178534983", "lanes": null, "ref": null, "name": null, "highway": "residential", "maxspeed": null, "oneway": false, "reversed": "True", "length": 32.636, "tunnel": null, "width": null, "bridge": null, "access": null, "service": null }, "geometry": { "type": "LineString", "coordinates": [ [ 133.5507756, 33.4971103 ], [ 133.5508963, 33.497386 ] ] } },
{ "type": "Feature", "properties": { "u": 10948633210, "v": 10948633262, "key": 0, "osmid": "1178534983", "lanes": null, "ref": null, "name": null, "highway": "residential", "maxspeed": null, "oneway": false, "reversed": "False", "length": 87.848, "tunnel": null, "width": null, "bridge": null, "access": null, "service": null }, "geometry": { "type": "LineString", "coordinates": [ [ 133.5507756, 33.4971103 ], [ 133.5507059, 33.496951 ], [ 133.5499939, 33.4971311 ] ] } },
{ "type": "Feature", "properties": { "u": 10948633213, "v": 10948633214, "key": 0, "osmid": "1178534968", "lanes": null, "ref": null, "name": null, "highway": "residential", "maxspeed": null, "oneway": false, "reversed": "True", "length": 28.081, "tunnel": null, "width": null, "bridge": null, "access": null, "service": null }, "geometry": { "type": "LineString", "coordinates": [ [ 133.5496397, 33.499011 ], [ 133.5499336, 33.4989501 ] ] } },
{ "type": "Feature", "properties": { "u": 10948633214, "v": 10948633213, "key": 0, "osmid": "1178534968", "lanes": null, "ref": null, "name": null, "highway": "residential", "maxspeed": null, "oneway": false, "reversed": "False", "length": 28.081, "tunnel": null, "width": null, "bridge": null, "access": null, "service": null }, "geometry": { "type": "LineString", "coordinates": [ [ 133.5499336, 33.4989501 ], [ 133.5496397, 33.499011 ] ] } },
{ "type": "Feature", "properties": { "u": 10948633214, "v": 1557773242, "key": 0, "osmid": "44405081", "lanes": "1", "ref": "34", "name": "桂浜はりまや線", "highway": "primary", "maxspeed": null, "oneway": false, "reversed": "False", "length": 61.659, "tunnel": null, "width": null, "bridge": null, "access": null, "service": null }, "geometry": { "type": "LineString", "coordinates": [ [ 133.5499336, 33.4989501 ], [ 133.5499677, 33.4991682 ], [ 133.5499724, 33.4992698 ], [ 133.5499288, 33.4994211 ], [ 133.5498925, 33.4994922 ] ] } },
{ "type": "Feature", "properties": { "u": 10948633214, "v": 564443165, "key": 0, "osmid": "44405081", "lanes": "1", "ref": "34", "name": "桂浜はりまや線", "highway": "primary", "maxspeed": null, "oneway": false, "reversed": "True", "length": 50.249, "tunnel": null, "width": null, "bridge": null, "access": null, "service": null }, "geometry": { "type": "LineString", "coordinates": [ [ 133.5499336, 33.4989501 ], [ 133.5499255, 33.4988986 ], [ 133.549930499999988, 33.4986942 ], [ 133.5499475, 33.4984992 ] ] } },
{ "type": "Feature", "properties": { "u": 10948633255, "v": 10948633257, "key": 0, "osmid": "1178534980", "lanes": null, "ref": null, "name": null, "highway": "residential", "maxspeed": null, "oneway": false, "reversed": "True", "length": 38.245, "tunnel": null, "width": null, "bridge": null, "access": null, "service": null }, "geometry": { "type": "LineString", "coordinates": [ [ 133.5512249, 33.4978009 ], [ 133.5508293, 33.4978982 ] ] } },
{ "type": "Feature", "properties": { "u": 10948633256, "v": 10948633257, "key": 0, "osmid": "1178534981", "lanes": null, "ref": null, "name": null, "highway": "residential", "maxspeed": null, "oneway": false, "reversed": "True", "length": 28.95, "tunnel": null, "width": null, "bridge": null, "access": null, "service": null }, "geometry": { "type": "LineString", "coordinates": [ [ 133.550892299999987, 33.4981532 ], [ 133.5508293, 33.4978982 ] ] } },
{ "type": "Feature", "properties": { "u": 10948633257, "v": 10948633255, "key": 0, "osmid": "1178534980", "lanes": null, "ref": null, "name": null, "highway": "residential", "maxspeed": null, "oneway": false, "reversed": "False", "length": 38.245, "tunnel": null, "width": null, "bridge": null, "access": null, "service": null }, "geometry": { "type": "LineString", "coordinates": [ [ 133.5508293, 33.4978982 ], [ 133.5512249, 33.4978009 ] ] } },
{ "type": "Feature", "properties": { "u": 10948633257, "v": 10948633256, "key": 0, "osmid": "1178534981", "lanes": null, "ref": null, "name": null, "highway": "residential", "maxspeed": null, "oneway": false, "reversed": "False", "length": 28.95, "tunnel": null, "width": null, "bridge": null, "access": null, "service": null }, "geometry": { "type": "LineString", "coordinates": [ [ 133.5508293, 33.4978982 ], [ 133.550892299999987, 33.4981532 ] ] } },
{ "type": "Feature", "properties": { "u": 10948633257, "v": 10948633259, "key": 0, "osmid": "1178534981", "lanes": null, "ref": null, "name": null, "highway": "residential", "maxspeed": null, "oneway": false, "reversed": "True", "length": 20.865, "tunnel": null, "width": null, "bridge": null, "access": null, "service": null }, "geometry": { "type": "LineString", "coordinates": [ [ 133.5508293, 33.4978982 ], [ 133.5508092, 33.4977696 ], [ 133.550782199999986, 33.4977162 ] ] } },
{ "type": "Feature", "properties": { "u": 10948633259, "v": 10948633265, "key": 0, "osmid": "734500718", "lanes": null, "ref": null, "name": null, "highway": "residential", "maxspeed": null, "oneway": false, "reversed": "False", "length": 29.624, "tunnel": null, "width": null, "bridge": null, "access": null, "service": null }, "geometry": { "type": "LineString", "coordinates": [ [ 133.550782199999986, 33.4977162 ], [ 133.550853499999988, 33.49772 ], [ 133.5508616, 33.4976048 ], [ 133.5509655, 33.4975756 ] ] } },
{ "type": "Feature", "properties": { "u": 10948633259, "v": 6878715993, "key": 0, "osmid": "734500718", "lanes": null, "ref": null, "name": null, "highway": "residential", "maxspeed": null, "oneway": false, "reversed": "True", "length": 69.159, "tunnel": null, "width": null, "bridge": null, "access": null, "service": null }, "geometry": { "type": "LineString", "coordinates": [ [ 133.550782199999986, 33.4977162 ], [ 133.550671200000011, 33.4977103 ], [ 133.550488, 33.4977481 ], [ 133.550043499999987, 33.4977774 ] ] } },
{ "type": "Feature", "properties": { "u": 10948633259, "v": 10948633257, "key": 0, "osmid": "1178534981", "lanes": null, "ref": null, "name": null, "highway": "residential", "maxspeed": null, "oneway": false, "reversed": "False", "length": 20.865, "tunnel": null, "width": null, "bridge": null, "access": null, "service": null }, "geometry": { "type": "LineString", "coordinates": [ [ 133.550782199999986, 33.4977162 ], [ 133.5508092, 33.4977696 ], [ 133.5508293, 33.4978982 ] ] } },
{ "type": "Feature", "properties": { "u": 10948633260, "v": 564465077, "key": 0, "osmid": "44405093", "lanes": null, "ref": null, "name": null, "highway": "tertiary", "maxspeed": null, "oneway": false, "reversed": "False", "length": 44.831, "tunnel": null, "width": null, "bridge": null, "access": null, "service": null }, "geometry": { "type": "LineString", "coordinates": [ [ 133.548767, 33.4969593 ], [ 133.5492495, 33.4969337 ] ] } },
{ "type": "Feature", "properties": { "u": 10948633260, "v": 4942039756, "key": 0, "osmid": "44405093", "lanes": null, "ref": null, "name": null, "highway": "tertiary", "maxspeed": null, "oneway": false, "reversed": "True", "length": 45.807, "tunnel": null, "width": null, "bridge": null, "access": null, "service": null }, "geometry": { "type": "LineString", "coordinates": [ [ 133.548767, 33.4969593 ], [ 133.548274, 33.4969855 ] ] } },
{ "type": "Feature", "properties": { "u": 10948633260, "v": 1557772775, "key": 0, "osmid": "1178534982", "lanes": null, "ref": null, "name": null, "highway": "residential", "maxspeed": null, "oneway": false, "reversed": "True", "length": 58.679, "tunnel": null, "width": null, "bridge": null, "access": null, "service": null }, "geometry": { "type": "LineString", "coordinates": [ [ 133.548767, 33.4969593 ], [ 133.5488632, 33.4973044 ], [ 133.5489268, 33.4974695 ] ] } },
{ "type": "Feature", "properties": { "u": 10948633262, "v": 564443109, "key": 0, "osmid": "44405081", "lanes": "1", "ref": "34", "name": "桂浜はりまや線", "highway": "primary", "maxspeed": null, "oneway": false, "reversed": "True", "length": 6.085, "tunnel": null, "width": null, "bridge": null, "access": null, "service": null }, "geometry": { "type": "LineString", "coordinates": [ [ 133.5499939, 33.4971311 ], [ 133.5500059, 33.4970773 ] ] } },
{ "type": "Feature", "properties": { "u": 10948633262, "v": 6878715993, "key": 0, "osmid": "44405081", "lanes": "1", "ref": "34", "name": "桂浜はりまや線", "highway": "primary", "maxspeed": null, "oneway": false, "reversed": "False", "length": 72.952, "tunnel": null, "width": null, "bridge": null, "access": null, "service": null }, "geometry": { "type": "LineString", "coordinates": [ [ 133.5499939, 33.4971311 ], [ 133.5499711, 33.4972337 ], [ 133.5499833, 33.4974029 ], [ 133.550051700000012, 33.4976138 ], [ 133.550043499999987, 33.4977774 ] ] } },
{ "type": "Feature", "properties": { "u": 10948633262, "v": 10948633210, "key": 0, "osmid": "1178534983", "lanes": null, "ref": null, "name": null, "highway": "residential", "maxspeed": null, "oneway": false, "reversed": "True", "length": 87.848, "tunnel": null, "width": null, "bridge": null, "access": null, "service": null }, "geometry": { "type": "LineString", "coordinates": [ [ 133.5499939, 33.4971311 ], [ 133.5507059, 33.496951 ], [ 133.5507756, 33.4971103 ] ] } },
{ "type": "Feature", "properties": { "u": 10948633264, "v": 10948633210, "key": 0, "osmid": "1178534983", "lanes": null, "ref": null, "name": null, "highway": "residential", "maxspeed": null, "oneway": false, "reversed": "False", "length": 32.636, "tunnel": null, "width": null, "bridge": null, "access": null, "service": null }, "geometry": { "type": "LineString", "coordinates": [ [ 133.5508963, 33.497386 ], [ 133.5507756, 33.4971103 ] ] } },
{ "type": "Feature", "properties": { "u": 10948633264, "v": 10948633265, "key": 0, "osmid": "1178534983", "lanes": null, "ref": null, "name": null, "highway": "residential", "maxspeed": null, "oneway": false, "reversed": "True", "length": 22.037, "tunnel": null, "width": null, "bridge": null, "access": null, "service": null }, "geometry": { "type": "LineString", "coordinates": [ [ 133.5508963, 33.497386 ], [ 133.5509655, 33.4975756 ] ] } },
{ "type": "Feature", "properties": { "u": 10948633264, "v": 10948633268, "key": 0, "osmid": "1178534967", "lanes": null, "ref": null, "name": null, "highway": "residential", "maxspeed": null, "oneway": false, "reversed": "False", "length": 59.865, "tunnel": null, "width": null, "bridge": null, "access": null, "service": null }, "geometry": { "type": "LineString", "coordinates": [ [ 133.5508963, 33.497386 ], [ 133.5510224, 33.4973458 ], [ 133.551235600000012, 33.4972541 ], [ 133.551473, 33.4971456 ] ] } },
{ "type": "Feature", "properties": { "u": 10948633265, "v": 10948633264, "key": 0, "osmid": "1178534983", "lanes": null, "ref": null, "name": null, "highway": "residential", "maxspeed": null, "oneway": false, "reversed": "False", "length": 22.037, "tunnel": null, "width": null, "bridge": null, "access": null, "service": null }, "geometry": { "type": "LineString", "coordinates": [ [ 133.5509655, 33.4975756 ], [ 133.5508963, 33.497386 ] ] } },
{ "type": "Feature", "properties": { "u": 10948633265, "v": 10948633270, "key": 0, "osmid": "734500718", "lanes": null, "ref": null, "name": null, "highway": "residential", "maxspeed": null, "oneway": false, "reversed": "False", "length": 57.666, "tunnel": null, "width": null, "bridge": null, "access": null, "service": null }, "geometry": { "type": "LineString", "coordinates": [ [ 133.5509655, 33.4975756 ], [ 133.5512783, 33.4974878 ], [ 133.5514308, 33.4973776 ], [ 133.551515599999988, 33.4973523 ] ] } },
{ "type": "Feature", "properties": { "u": 10948633265, "v": 10948633259, "key": 0, "osmid": "734500718", "lanes": null, "ref": null, "name": null, "highway": "residential", "maxspeed": null, "oneway": false, "reversed": "True", "length": 29.624, "tunnel": null, "width": null, "bridge": null, "access": null, "service": null }, "geometry": { "type": "LineString", "coordinates": [ [ 133.5509655, 33.4975756 ], [ 133.5508616, 33.4976048 ], [ 133.550853499999988, 33.49772 ], [ 133.550782199999986, 33.4977162 ] ] } },
{ "type": "Feature", "properties": { "u": 10948633266, "v": 10948633268, "key": 0, "osmid": "1178534984", "lanes": null, "ref": null, "name": null, "highway": "residential", "maxspeed": null, "oneway": false, "reversed": "True", "length": 21.17, "tunnel": null, "width": null, "bridge": null, "access": null, "service": null }, "geometry": { "type": "LineString", "coordinates": [ [ 133.5513362, 33.4970673 ], [ 133.5514167, 33.4970382 ], [ 133.551473, 33.4971456 ] ] } },
{ "type": "Feature", "properties": { "u": 10948633268, "v": 10948633264, "key": 0, "osmid": "1178534967", "lanes": null, "ref": null, "name": null, "highway": "residential", "maxspeed": null, "oneway": false, "reversed": "True", "length": 59.865, "tunnel": null, "width": null, "bridge": null, "access": null, "service": null }, "geometry": { "type": "LineString", "coordinates": [ [ 133.551473, 33.4971456 ], [ 133.551235600000012, 33.4972541 ], [ 133.5510224, 33.4973458 ], [ 133.5508963, 33.497386 ] ] } },
{ "type": "Feature", "properties": { "u": 10948633268, "v": 10948633266, "key": 0, "osmid": "1178534984", "lanes": null, "ref": null, "name": null, "highway": "residential", "maxspeed": null, "oneway": false, "reversed": "False", "length": 21.17, "tunnel": null, "width": null, "bridge": null, "access": null, "service": null }, "geometry": { "type": "LineString", "coordinates": [ [ 133.551473, 33.4971456 ], [ 133.5514167, 33.4970382 ], [ 133.5513362, 33.4970673 ] ] } },
{ "type": "Feature", "properties": { "u": 10948633268, "v": 10948633270, "key": 0, "osmid": "1178534984", "lanes": null, "ref": null, "name": null, "highway": "residential", "maxspeed": null, "oneway": false, "reversed": "True", "length": 23.652, "tunnel": null, "width": null, "bridge": null, "access": null, "service": null }, "geometry": { "type": "LineString", "coordinates": [ [ 133.551473, 33.4971456 ], [ 133.551465, 33.4971948 ], [ 133.551515599999988, 33.4973523 ] ] } },
{ "type": "Feature", "properties": { "u": 10948633270, "v": 6878716001, "key": 0, "osmid": "734500718", "lanes": null, "ref": null, "name": null, "highway": "residential", "maxspeed": null, "oneway": false, "reversed": "False", "length": 59.431, "tunnel": null, "width": null, "bridge": null, "access": null, "service": null }, "geometry": { "type": "LineString", "coordinates": [ [ 133.551515599999988, 33.4973523 ], [ 133.5518332, 33.4972573 ], [ 133.551739700000013, 33.4970165 ] ] } },
{ "type": "Feature", "properties": { "u": 10948633270, "v": 10948633265, "key": 0, "osmid": "734500718", "lanes": null, "ref": null, "name": null, "highway": "residential", "maxspeed": null, "oneway": false, "reversed": "True", "length": 57.666, "tunnel": null, "width": null, "bridge": null, "access": null, "service": null }, "geometry": { "type": "LineString", "coordinates": [ [ 133.551515599999988, 33.4973523 ], [ 133.5514308, 33.4973776 ], [ 133.5512783, 33.4974878 ], [ 133.5509655, 33.4975756 ] ] } },
{ "type": "Feature", "properties": { "u": 10948633270, "v": 10948633268, "key": 0, "osmid": "1178534984", "lanes": null, "ref": null, "name": null, "highway": "residential", "maxspeed": null, "oneway": false, "reversed": "False", "length": 23.652, "tunnel": null, "width": null, "bridge": null, "access": null, "service": null }, "geometry": { "type": "LineString", "coordinates": [ [ 133.551515599999988, 33.4973523 ], [ 133.551465, 33.4971948 ], [ 133.551473, 33.4971456 ] ] } },
{ "type": "Feature", "properties": { "u": 11063288404, "v": 1557772421, "key": 0, "osmid": "142325234", "lanes": null, "ref": null, "name": null, "highway": "unclassified", "maxspeed": null, "oneway": false, "reversed": "False", "length": 319.536, "tunnel": null, "width": null, "bridge": null, "access": null, "service": null }, "geometry": { "type": "LineString", "coordinates": [ [ 133.5582913, 33.4966769 ], [ 133.558366400000011, 33.4968829 ], [ 133.558348, 33.4969903 ], [ 133.5583074, 33.4970503 ], [ 133.5582512, 33.4971059 ], [ 133.5580893, 33.4972327 ], [ 133.557639200000011, 33.4975075 ], [ 133.5575797, 33.4975251 ], [ 133.5575039, 33.4975358 ], [ 133.5574092, 33.497537 ], [ 133.557337, 33.4975242 ], [ 133.557279, 33.4974927 ], [ 133.557227, 33.4974509 ], [ 133.5571903, 33.4974025 ], [ 133.5569893, 33.4970588 ], [ 133.55678420000001, 33.4964431 ], [ 133.5567543, 33.4963572 ], [ 133.556737, 33.4963236 ], [ 133.5566873, 33.4962823 ], [ 133.5566297, 33.4962491 ], [ 133.5565566, 33.4962465 ] ] } },
{ "type": "Feature", "properties": { "u": 11063288404, "v": 1557772389, "key": 0, "osmid": [ 429962194, 142325363, 672284007 ], "lanes": null, "ref": null, "name": null, "highway": "residential", "maxspeed": null, "oneway": false, "reversed": "True", "length": 262.645, "tunnel": null, "width": null, "bridge": "yes", "access": null, "service": null }, "geometry": { "type": "LineString", "coordinates": [ [ 133.5582913, 33.4966769 ], [ 133.5572204, 33.4968875 ], [ 133.5571539, 33.496594 ], [ 133.5571079, 33.4965492 ], [ 133.5570726, 33.4964675 ], [ 133.5570502, 33.4963373 ], [ 133.5570093, 33.4962479 ], [ 133.556836, 33.4960535 ], [ 133.5567278, 33.4960167 ], [ 133.5566806, 33.4960184 ], [ 133.55621, 33.4960494 ] ] } },
{ "type": "Feature", "properties": { "u": 11063288404, "v": 11063288404, "key": 0, "osmid": "1112664588", "lanes": null, "ref": null, "name": null, "highway": "unclassified", "maxspeed": null, "oneway": false, "reversed": "False", "length": 78.939, "tunnel": null, "width": null, "bridge": null, "access": null, "service": null }, "geometry": { "type": "LineString", "coordinates": [ [ 133.5582913, 33.4966769 ], [ 133.5584332, 33.4966137 ], [ 133.5584474, 33.496573 ], [ 133.558423, 33.4964187 ], [ 133.5583743, 33.4964103 ], [ 133.5582868, 33.4964137 ], [ 133.5582913, 33.4966769 ] ] } },
{ "type": "Feature", "properties": { "u": 11063288404, "v": 11063288404, "key": 1, "osmid": "1112664588", "lanes": null, "ref": null, "name": null, "highway": "unclassified", "maxspeed": null, "oneway": false, "reversed": "True", "length": 78.939, "tunnel": null, "width": null, "bridge": null, "access": null, "service": null }, "geometry": { "type": "LineString", "coordinates": [ [ 133.5582913, 33.4966769 ], [ 133.5582868, 33.4964137 ], [ 133.5583743, 33.4964103 ], [ 133.558423, 33.4964187 ], [ 133.5584474, 33.496573 ], [ 133.5584332, 33.4966137 ], [ 133.5582913, 33.4966769 ] ] } },
{ "type": "Feature", "properties": { "u": 11063296205, "v": 6247275225, "key": 0, "osmid": "734500720", "lanes": null, "ref": null, "name": null, "highway": "service", "maxspeed": null, "oneway": false, "reversed": "True", "length": 202.644, "tunnel": null, "width": null, "bridge": null, "access": null, "service": null }, "geometry": { "type": "LineString", "coordinates": [ [ 133.5543633, 33.4963839 ], [ 133.553796799999986, 33.4963988 ], [ 133.5537172, 33.495962 ], [ 133.552636, 33.4960689 ] ] } },
{ "type": "Feature", "properties": { "u": 12709155883, "v": 12709155884, "key": 0, "osmid": "142326138", "lanes": null, "ref": null, "name": null, "highway": "residential", "maxspeed": null, "oneway": false, "reversed": "True", "length": 6.67, "tunnel": null, "width": null, "bridge": null, "access": null, "service": null }, "geometry": { "type": "LineString", "coordinates": [ [ 133.560993, 33.4925467 ], [ 133.5609627, 33.4926011 ] ] } },
{ "type": "Feature", "properties": { "u": 12709155883, "v": 6303772591, "key": 0, "osmid": "35062133", "lanes": "2", "ref": "14", "name": "春野赤岡線", "highway": "primary", "maxspeed": "50", "oneway": false, "reversed": "False", "length": 72.113, "tunnel": null, "width": null, "bridge": null, "access": null, "service": null }, "geometry": { "type": "LineString", "coordinates": [ [ 133.560993, 33.4925467 ], [ 133.5612868, 33.4926316 ], [ 133.56173050000001, 33.4927523 ] ] } },
{ "type": "Feature", "properties": { "u": 12709155883, "v": 6303772618, "key": 0, "osmid": "35062133", "lanes": "2", "ref": "14", "name": "春野赤岡線", "highway": "primary", "maxspeed": "50", "oneway": false, "reversed": "True", "length": 76.783, "tunnel": null, "width": null, "bridge": null, "access": null, "service": null }, "geometry": { "type": "LineString", "coordinates": [ [ 133.560993, 33.4925467 ], [ 133.5607819, 33.4924857 ], [ 133.560217200000011, 33.4923056 ] ] } },
{ "type": "Feature", "properties": { "u": 12709155884, "v": 12709155883, "key": 0, "osmid": "142326138", "lanes": null, "ref": null, "name": null, "highway": "residential", "maxspeed": null, "oneway": false, "reversed": "False", "length": 6.67, "tunnel": null, "width": null, "bridge": null, "access": null, "service": null }, "geometry": { "type": "LineString", "coordinates": [ [ 133.5609627, 33.4926011 ], [ 133.560993, 33.4925467 ] ] } },
{ "type": "Feature", "properties": { "u": 12709155884, "v": 1557771520, "key": 0, "osmid": "142326138", "lanes": null, "ref": null, "name": null, "highway": "residential", "maxspeed": null, "oneway": false, "reversed": "True", "length": 16.007, "tunnel": null, "width": null, "bridge": null, "access": null, "service": null }, "geometry": { "type": "LineString", "coordinates": [ [ 133.5609627, 33.4926011 ], [ 133.5608901, 33.4927317 ] ] } },
{ "type": "Feature", "properties": { "u": 12709155884, "v": 10179631154, "key": 0, "osmid": "1112618647", "lanes": null, "ref": null, "name": null, "highway": "footway", "maxspeed": null, "oneway": false, "reversed": "False", "length": 72.409, "tunnel": null, "width": null, "bridge": null, "access": null, "service": null }, "geometry": { "type": "LineString", "coordinates": [ [ 133.5609627, 33.4926011 ], [ 133.561006600000013, 33.4926144 ], [ 133.5611638, 33.4926728 ], [ 133.5612719, 33.4927028 ], [ 133.56170130000001, 33.4928097 ] ] } },
{ "type": "Feature", "properties": { "u": 12709155884, "v": 10179631148, "key": 0, "osmid": "1112618647", "lanes": null, "ref": null, "name": null, "highway": "footway", "maxspeed": null, "oneway": false, "reversed": "True", "length": 76.183, "tunnel": null, "width": null, "bridge": null, "access": null, "service": null }, "geometry": { "type": "LineString", "coordinates": [ [ 133.5609627, 33.4926011 ], [ 133.5609058, 33.4925839 ], [ 133.5601933, 33.4923609 ] ] } },
{ "type": "Feature", "properties": { "u": 12709155895, "v": 12709155897, "key": 0, "osmid": "1372582352", "lanes": null, "ref": null, "name": null, "highway": "path", "maxspeed": null, "oneway": false, "reversed": "True", "length": 29.596, "tunnel": null, "width": null, "bridge": null, "access": null, "service": null }, "geometry": { "type": "LineString", "coordinates": [ [ 133.566088900000011, 33.494297 ], [ 133.566115599999989, 33.4942564 ], [ 133.5662668, 33.4940763 ] ] } },
{ "type": "Feature", "properties": { "u": 12709155897, "v": 10179631165, "key": 0, "osmid": "1112618647", "lanes": null, "ref": null, "name": null, "highway": "footway", "maxspeed": null, "oneway": false, "reversed": "False", "length": 128.188, "tunnel": null, "width": null, "bridge": null, "access": null, "service": null }, "geometry": { "type": "LineString", "coordinates": [ [ 133.5662668, 33.4940763 ], [ 133.566437400000012, 33.4941193 ], [ 133.566660399999989, 33.4941826 ], [ 133.5675173, 33.4944075 ], [ 133.567585900000012, 33.4944201 ] ] } },
{ "type": "Feature", "properties": { "u": 12709155897, "v": 10179631157, "key": 0, "osmid": "1112618647", "lanes": null, "ref": null, "name": null, "highway": "footway", "maxspeed": null, "oneway": false, "reversed": "True", "length": 200.376, "tunnel": null, "width": null, "bridge": null, "access": null, "service": null }, "geometry": { "type": "LineString", "coordinates": [ [ 133.5662668, 33.4940763 ], [ 133.566008900000014, 33.4940112 ], [ 133.5656914, 33.4938993 ], [ 133.5648344, 33.4936617 ], [ 133.5643627, 33.493527 ], [ 133.5642241, 33.4934915 ] ] } },
{ "type": "Feature", "properties": { "u": 12709155897, "v": 12709155895, "key": 0, "osmid": "1372582352", "lanes": null, "ref": null, "name": null, "highway": "path", "maxspeed": null, "oneway": false, "reversed": "False", "length": 29.596, "tunnel": null, "width": null, "bridge": null, "access": null, "service": null }, "geometry": { "type": "LineString", "coordinates": [ [ 133.5662668, 33.4940763 ], [ 133.566115599999989, 33.4942564 ], [ 133.566088900000011, 33.494297 ] ] } },
{ "type": "Feature", "properties": { "u": 12709933127, "v": 6303772584, "key": 0, "osmid": "673799512", "lanes": null, "ref": null, "name": null, "highway": "residential", "maxspeed": null, "oneway": false, "reversed": "False", "length": 10.037, "tunnel": null, "width": null, "bridge": null, "access": null, "service": null }, "geometry": { "type": "LineString", "coordinates": [ [ 133.5624881, 33.4930352 ], [ 133.5624286, 33.4931106 ] ] } },
{ "type": "Feature", "properties": { "u": 12709933127, "v": 12709933128, "key": 0, "osmid": "673799512", "lanes": null, "ref": null, "name": null, "highway": "residential", "maxspeed": null, "oneway": false, "reversed": "True", "length": 8.255, "tunnel": null, "width": null, "bridge": null, "access": null, "service": null }, "geometry": { "type": "LineString", "coordinates": [ [ 133.5624881, 33.4930352 ], [ 133.5625311, 33.4929702 ] ] } },
{ "type": "Feature", "properties": { "u": 12709933127, "v": 6303772592, "key": 0, "osmid": "1112618647", "lanes": null, "ref": null, "name": null, "highway": "footway", "maxspeed": null, "oneway": false, "reversed": "True", "length": 63.241, "tunnel": null, "width": null, "bridge": null, "access": null, "service": null }, "geometry": { "type": "LineString", "coordinates": [ [ 133.5624881, 33.4930352 ], [ 133.5618407, 33.4928564 ] ] } },
{ "type": "Feature", "properties": { "u": 12709933127, "v": 10179631157, "key": 0, "osmid": "1112618647", "lanes": null, "ref": null, "name": null, "highway": "footway", "maxspeed": null, "oneway": false, "reversed": "False", "length": 168.827, "tunnel": null, "width": null, "bridge": null, "access": null, "service": null }, "geometry": { "type": "LineString", "coordinates": [ [ 133.5624881, 33.4930352 ], [ 133.5629372, 33.4931593 ], [ 133.564123099999989, 33.493458 ], [ 133.5642241, 33.4934915 ] ] } },
{ "type": "Feature", "properties": { "u": 12709933128, "v": 6303772591, "key": 0, "osmid": "35062133", "lanes": "2", "ref": "14", "name": "春野赤岡線", "highway": "primary", "maxspeed": "50", "oneway": false, "reversed": "True", "length": 78.095, "tunnel": null, "width": null, "bridge": null, "access": null, "service": null }, "geometry": { "type": "LineString", "coordinates": [ [ 133.5625311, 33.4929702 ], [ 133.56173050000001, 33.4927523 ] ] } },
{ "type": "Feature", "properties": { "u": 12709933128, "v": 12709933127, "key": 0, "osmid": "673799512", "lanes": null, "ref": null, "name": null, "highway": "residential", "maxspeed": null, "oneway": false, "reversed": "False", "length": 8.255, "tunnel": null, "width": null, "bridge": null, "access": null, "service": null }, "geometry": { "type": "LineString", "coordinates": [ [ 133.5625311, 33.4929702 ], [ 133.5624881, 33.4930352 ] ] } },
{ "type": "Feature", "properties": { "u": 12709933128, "v": 564443130, "key": 0, "osmid": "35062133", "lanes": "2", "ref": "14", "name": "春野赤岡線", "highway": "primary", "maxspeed": "50", "oneway": false, "reversed": "False", "length": 168.133, "tunnel": null, "width": null, "bridge": null, "access": null, "service": null }, "geometry": { "type": "LineString", "coordinates": [ [ 133.5625311, 33.4929702 ], [ 133.5640664, 33.493388 ], [ 133.5642571, 33.4934329 ] ] } },
{ "type": "Feature", "properties": { "u": 12709933131, "v": 1557771928, "key": 0, "osmid": "1372680601", "lanes": null, "ref": null, "name": null, "highway": "service", "maxspeed": null, "oneway": false, "reversed": "True", "length": 59.093, "tunnel": null, "width": null, "bridge": null, "access": null, "service": null }, "geometry": { "type": "LineString", "coordinates": [ [ 133.5626797, 33.4951269 ], [ 133.5627399, 33.4949635 ], [ 133.5627576, 33.4946033 ] ] } },
{ "type": "Feature", "properties": { "u": 12709933134, "v": 1557771913, "key": 0, "osmid": "142325275", "lanes": null, "ref": null, "name": null, "highway": "residential", "maxspeed": null, "oneway": false, "reversed": "False", "length": 45.502, "tunnel": null, "width": null, "bridge": null, "access": null, "service": null }, "geometry": { "type": "LineString", "coordinates": [ [ 133.5634498, 33.4945889 ], [ 133.5629595, 33.4945725 ] ] } },
{ "type": "Feature", "properties": { "u": 12709933134, "v": 1557771827, "key": 0, "osmid": [ 1372680602, 142325275 ], "lanes": null, "ref": null, "name": null, "highway": [ "path", "residential" ], "maxspeed": null, "oneway": false, "reversed": "True", "length": 48.927, "tunnel": null, "width": null, "bridge": null, "access": null, "service": null }, "geometry": { "type": "LineString", "coordinates": [ [ 133.5634498, 33.4945889 ], [ 133.563504599999987, 33.4945907 ], [ 133.5635494, 33.4941982 ] ] } },
{ "type": "Feature", "properties": { "u": 12709933134, "v": 12709933137, "key": 0, "osmid": "1372680603", "lanes": null, "ref": null, "name": null, "highway": "service", "maxspeed": null, "oneway": false, "reversed": "False", "length": 63.713, "tunnel": null, "width": null, "bridge": null, "access": null, "service": null }, "geometry": { "type": "LineString", "coordinates": [ [ 133.5634498, 33.4945889 ], [ 133.563381, 33.4948474 ], [ 133.5633312, 33.4949162 ], [ 133.563081899999986, 33.4950094 ] ] } },
{ "type": "Feature", "properties": { "u": 12709933137, "v": 12709933134, "key": 0, "osmid": "1372680603", "lanes": null, "ref": null, "name": null, "highway": "service", "maxspeed": null, "oneway": false, "reversed": "True", "length": 63.713, "tunnel": null, "width": null, "bridge": null, "access": null, "service": null }, "geometry": { "type": "LineString", "coordinates": [ [ 133.563081899999986, 33.4950094 ], [ 133.5633312, 33.4949162 ], [ 133.563381, 33.4948474 ], [ 133.5634498, 33.4945889 ] ] } },
{ "type": "Feature", "properties": { "u": 12709933162, "v": 6310054067, "key": 0, "osmid": "1178534955", "lanes": null, "ref": null, "name": null, "highway": "unclassified", "maxspeed": null, "oneway": false, "reversed": "False", "length": 345.572, "tunnel": null, "width": null, "bridge": null, "access": null, "service": null }, "geometry": { "type": "LineString", "coordinates": [ [ 133.5618517, 33.4968372 ], [ 133.5615019, 33.4967174 ], [ 133.5614123, 33.4966551 ], [ 133.5613959, 33.4966132 ], [ 133.5613983, 33.4965789 ], [ 133.5614237, 33.4965393 ], [ 133.5614512, 33.496517 ], [ 133.561643, 33.4963723 ], [ 133.561676, 33.496315 ], [ 133.561681599999986, 33.4962505 ], [ 133.5616444, 33.4960918 ], [ 133.561652400000014, 33.496023 ], [ 133.561720900000012, 33.4958888 ], [ 133.5618427, 33.4958045 ], [ 133.5619566, 33.4957796 ], [ 133.562069799999989, 33.4957704 ], [ 133.5621332, 33.4957284 ], [ 133.56216280000001, 33.4956445 ], [ 133.562193400000012, 33.495569 ], [ 133.56220350000001, 33.495496 ], [ 133.562187200000011, 33.4954341 ], [ 133.5618318, 33.4949957 ], [ 133.5617335, 33.4949463 ], [ 133.561589700000013, 33.4949297 ], [ 133.56130970000001, 33.4949938 ], [ 133.5611601, 33.4950442 ] ] } },
{ "type": "Feature", "properties": { "u": 12709933162, "v": 1431984919, "key": 0, "osmid": "1178534955", "lanes": null, "ref": null, "name": null, "highway": "unclassified", "maxspeed": null, "oneway": false, "reversed": "True", "length": 56.227, "tunnel": null, "width": null, "bridge": null, "access": null, "service": null }, "geometry": { "type": "LineString", "coordinates": [ [ 133.5618517, 33.4968372 ], [ 133.5619701, 33.4968777 ], [ 133.5620677, 33.4968794 ], [ 133.5624456, 33.4968405 ] ] } },
{ "type": "Feature", "properties": { "u": 12709933162, "v": 1431984910, "key": 0, "osmid": "1178534956", "lanes": null, "ref": null, "name": null, "highway": "residential", "maxspeed": null, "oneway": false, "reversed": "True", "length": 81.834, "tunnel": null, "width": null, "bridge": null, "access": null, "service": null }, "geometry": { "type": "LineString", "coordinates": [ [ 133.5618517, 33.4968372 ], [ 133.5619599, 33.4966024 ], [ 133.562531299999989, 33.4966896 ] ] } },
{ "type": "Feature", "properties": { "u": 12709983195, "v": 564465226, "key": 0, "osmid": "1372682811", "lanes": null, "ref": null, "name": null, "highway": "unclassified", "maxspeed": null, "oneway": false, "reversed": "True", "length": 252.493, "tunnel": null, "width": null, "bridge": null, "access": null, "service": null }, "geometry": { "type": "LineString", "coordinates": [ [ 133.5663666, 33.4964891 ], [ 133.5664224, 33.4964065 ], [ 133.5664224, 33.4963393 ], [ 133.5663477, 33.4962635 ], [ 133.566225, 33.496181 ], [ 133.5661513, 33.4961079 ], [ 133.566105099999987, 33.496038 ], [ 133.5660762, 33.4960035 ], [ 133.5660246, 33.4959777 ], [ 133.56595440000001, 33.4959777 ], [ 133.565886299999988, 33.496007 ], [ 133.5658182, 33.496069 ], [ 133.565715, 33.4962153 ], [ 133.5656737, 33.4963013 ], [ 133.5656654, 33.4963461 ], [ 133.565642700000012, 33.4963857 ], [ 133.5655932, 33.4964012 ], [ 133.5655209, 33.4963736 ], [ 133.565393, 33.4962635 ], [ 133.565277400000014, 33.4960724 ], [ 133.565201, 33.4959089 ], [ 133.565104, 33.4958142 ], [ 133.5649678, 33.495735 ], [ 133.56481, 33.4956961 ] ] } },
{ "type": "Feature", "properties": { "u": 12709983196, "v": 1557771722, "key": 0, "osmid": "44405079", "lanes": "2", "ref": "34", "name": "桂浜はりまや線", "highway": "primary", "maxspeed": "30", "oneway": false, "reversed": "True", "length": 18.129, "tunnel": null, "width": null, "bridge": null, "access": null, "service": null }, "geometry": { "type": "LineString", "coordinates": [ [ 133.560347299999989, 33.4936796 ], [ 133.5605383, 33.4937144 ] ] } },
{ "type": "Feature", "properties": { "u": 12709983196, "v": 6310054200, "key": 0, "osmid": "673799501", "lanes": null, "ref": null, "name": null, "highway": "service", "maxspeed": null, "oneway": false, "reversed": "False", "length": 40.508, "tunnel": null, "width": null, "bridge": null, "access": null, "service": null }, "geometry": { "type": "LineString", "coordinates": [ [ 133.560347299999989, 33.4936796 ], [ 133.560269, 33.494038 ] ] } },
{ "type": "Feature", "properties": { "u": 12709983196, "v": 6303772602, "key": 0, "osmid": "44405079", "lanes": "2", "ref": "34", "name": "桂浜はりまや線", "highway": "primary", "maxspeed": "30", "oneway": false, "reversed": "False", "length": 26.917, "tunnel": null, "width": null, "bridge": null, "access": null, "service": null }, "geometry": { "type": "LineString", "coordinates": [ [ 133.560347299999989, 33.4936796 ], [ 133.5601226, 33.4936387 ], [ 133.5600637, 33.493628 ] ] } },
{ "type": "Feature", "properties": { "u": 12709993835, "v": 6303772069, "key": 0, "osmid": [ 1372684393, 673134081 ], "lanes": null, "ref": null, "name": null, "highway": [ "track", "service" ], "maxspeed": null, "oneway": false, "reversed": "True", "length": 275.405, "tunnel": null, "width": null, "bridge": null, "access": null, "service": null }, "geometry": { "type": "LineString", "coordinates": [ [ 133.5585257, 33.4951621 ], [ 133.5584455, 33.4950272 ], [ 133.5583066, 33.4948971 ], [ 133.5581664, 33.4948648 ], [ 133.55789870000001, 33.4948565 ], [ 133.5576639, 33.4948075 ], [ 133.557359, 33.4948147 ], [ 133.5572774, 33.4947896 ], [ 133.5572731, 33.494712 ], [ 133.55730890000001, 33.4946201 ], [ 133.5574891, 33.4945567 ], [ 133.5577179, 33.4944788 ], [ 133.5577759, 33.494477 ], [ 133.5578428, 33.4944749 ], [ 133.5580354, 33.4945138 ], [ 133.5581288, 33.4940548 ] ] } },
{ "type": "Feature", "properties": { "u": 12709993839, "v": 6303772044, "key": 0, "osmid": "673134076", "lanes": null, "ref": null, "name": null, "highway": "service", "maxspeed": null, "oneway": false, "reversed": "True", "length": 11.472, "tunnel": null, "width": null, "bridge": null, "access": null, "service": null }, "geometry": { "type": "LineString", "coordinates": [ [ 133.5560401, 33.494576 ], [ 133.556119099999989, 33.4946554 ] ] } },
{ "type": "Feature", "properties": { "u": 12709993839, "v": 6303772050, "key": 0, "osmid": [ 1372684394, 673134077 ], "lanes": null, "ref": null, "name": null, "highway": "service", "maxspeed": null, "oneway": false, "reversed": "False", "length": 54.407, "tunnel": null, "width": null, "bridge": null, "access": null, "service": null }, "geometry": { "type": "LineString", "coordinates": [ [ 133.5560401, 33.494576 ], [ 133.555937300000011, 33.4945713 ], [ 133.5559374, 33.4943821 ], [ 133.5556805, 33.4943827 ] ] } },
{ "type": "Feature", "properties": { "u": 12709993839, "v": 12709993841, "key": 0, "osmid": "1372684394", "lanes": null, "ref": null, "name": null, "highway": "service", "maxspeed": null, "oneway": false, "reversed": "True", "length": 18.325, "tunnel": null, "width": null, "bridge": null, "access": null, "service": null }, "geometry": { "type": "LineString", "coordinates": [ [ 133.5560401, 33.494576 ], [ 133.5561241, 33.4945807 ], [ 133.5561291, 33.4944862 ] ] } },
{ "type": "Feature", "properties": { "u": 12709993841, "v": 12709993839, "key": 0, "osmid": "1372684394", "lanes": null, "ref": null, "name": null, "highway": "service", "maxspeed": null, "oneway": false, "reversed": "False", "length": 18.325, "tunnel": null, "width": null, "bridge": null, "access": null, "service": null }, "geometry": { "type": "LineString", "coordinates": [ [ 133.5561291, 33.4944862 ], [ 133.5561241, 33.4945807 ], [ 133.5560401, 33.494576 ] ] } },
{ "type": "Feature", "properties": { "u": 12709993883, "v": 1557772002, "key": 0, "osmid": "142326971", "lanes": null, "ref": null, "name": null, "highway": "tertiary", "maxspeed": null, "oneway": false, "reversed": "True", "length": 23.798, "tunnel": null, "width": null, "bridge": null, "access": null, "service": null }, "geometry": { "type": "LineString", "coordinates": [ [ 133.5563989, 33.4951164 ], [ 133.556362900000011, 33.4949045 ] ] } },
{ "type": "Feature", "properties": { "u": 12709993883, "v": 12709993884, "key": 0, "osmid": "1372684404", "lanes": null, "ref": null, "name": null, "highway": "service", "maxspeed": null, "oneway": false, "reversed": "False", "length": 13.139, "tunnel": null, "width": null, "bridge": null, "access": null, "service": "driveway" }, "geometry": { "type": "LineString", "coordinates": [ [ 133.5563989, 33.4951164 ], [ 133.5562581, 33.4951296 ] ] } },
{ "type": "Feature", "properties": { "u": 12709993883, "v": 1557772421, "key": 0, "osmid": "142326971", "lanes": null, "ref": null, "name": null, "highway": "tertiary", "maxspeed": null, "oneway": false, "reversed": "False", "length": 126.522, "tunnel": null, "width": null, "bridge": null, "access": null, "service": null }, "geometry": { "type": "LineString", "coordinates": [ [ 133.5563989, 33.4951164 ], [ 133.5564463, 33.4953957 ], [ 133.5565566, 33.4962465 ] ] } },
{ "type": "Feature", "properties": { "u": 12709993884, "v": 12709993883, "key": 0, "osmid": "1372684404", "lanes": null, "ref": null, "name": null, "highway": "service", "maxspeed": null, "oneway": false, "reversed": "True", "length": 13.139, "tunnel": null, "width": null, "bridge": null, "access": null, "service": "driveway" }, "geometry": { "type": "LineString", "coordinates": [ [ 133.5562581, 33.4951296 ], [ 133.5563989, 33.4951164 ] ] } },
{ "type": "Feature", "properties": { "u": 12710040445, "v": 9935063212, "key": 0, "osmid": "1084173835", "lanes": null, "ref": null, "name": null, "highway": "residential", "maxspeed": null, "oneway": false, "reversed": "False", "length": 17.244, "tunnel": null, "width": null, "bridge": null, "access": null, "service": null }, "geometry": { "type": "LineString", "coordinates": [ [ 133.5541344, 33.4953511 ], [ 133.5543175, 33.495324 ] ] } },
{ "type": "Feature", "properties": { "u": 12710040445, "v": 9935063216, "key": 0, "osmid": "1084173835", "lanes": null, "ref": null, "name": null, "highway": "residential", "maxspeed": null, "oneway": false, "reversed": "True", "length": 12.006, "tunnel": null, "width": null, "bridge": null, "access": null, "service": null }, "geometry": { "type": "LineString", "coordinates": [ [ 133.5541344, 33.4953511 ], [ 133.5540069, 33.4953699 ] ] } },
{ "type": "Feature", "properties": { "u": 12710040445, "v": 12710040447, "key": 0, "osmid": "1372689698", "lanes": null, "ref": null, "name": null, "highway": "service", "maxspeed": null, "oneway": false, "reversed": "False", "length": 27.555, "tunnel": null, "width": null, "bridge": null, "access": null, "service": "parking_aisle" }, "geometry": { "type": "LineString", "coordinates": [ [ 133.5541344, 33.4953511 ], [ 133.5541097, 33.4952334 ], [ 133.5539583, 33.4952563 ] ] } },
{ "type": "Feature", "properties": { "u": 12710040447, "v": 12710040445, "key": 0, "osmid": "1372689698", "lanes": null, "ref": null, "name": null, "highway": "service", "maxspeed": null, "oneway": false, "reversed": "True", "length": 27.555, "tunnel": null, "width": null, "bridge": null, "access": null, "service": "parking_aisle" }, "geometry": { "type": "LineString", "coordinates": [ [ 133.5539583, 33.4952563 ], [ 133.5541097, 33.4952334 ], [ 133.5541344, 33.4953511 ] ] } },
{ "type": "Feature", "properties": { "u": 12710040482, "v": 1557771611, "key": 0, "osmid": "129809749", "lanes": null, "ref": null, "name": null, "highway": "unclassified", "maxspeed": "30", "oneway": false, "reversed": "True", "length": 27.188, "tunnel": null, "width": null, "bridge": null, "access": null, "service": null }, "geometry": { "type": "LineString", "coordinates": [ [ 133.5578643, 33.4932218 ], [ 133.557577400000014, 33.4931714 ] ] } },
{ "type": "Feature", "properties": { "u": 12710040482, "v": 12710040483, "key": 0, "osmid": "1372689712", "lanes": null, "ref": null, "name": null, "highway": "service", "maxspeed": null, "oneway": false, "reversed": "False", "length": 35.046, "tunnel": null, "width": null, "bridge": null, "access": null, "service": null }, "geometry": { "type": "LineString", "coordinates": [ [ 133.5578643, 33.4932218 ], [ 133.5579553, 33.4929159 ] ] } },
{ "type": "Feature", "properties": { "u": 12710040482, "v": 564443111, "key": 0, "osmid": "129809749", "lanes": null, "ref": null, "name": null, "highway": "unclassified", "maxspeed": "30", "oneway": false, "reversed": "False", "length": 22.257, "tunnel": null, "width": null, "bridge": null, "access": null, "service": null }, "geometry": { "type": "LineString", "coordinates": [ [ 133.5578643, 33.4932218 ], [ 133.557943, 33.4932356 ], [ 133.5581009, 33.4932549 ] ] } },
{ "type": "Feature", "properties": { "u": 12710040483, "v": 12710040482, "key": 0, "osmid": "1372689712", "lanes": null, "ref": null, "name": null, "highway": "service", "maxspeed": null, "oneway": false, "reversed": "True", "length": 35.046, "tunnel": null, "width": null, "bridge": null, "access": null, "service": null }, "geometry": { "type": "LineString", "coordinates": [ [ 133.5579553, 33.4929159 ], [ 133.5578643, 33.4932218 ] ] } }
]
}
