{
"type": "FeatureCollection",
"crs": { "type": "name", "properties": { "name": "urn:ogc:def:crs:OGC:1.3:CRS84" } },
"features": [
{ "type": "Feature", "properties": { "id": 1, "school_district": "浦戸", "town_div": "浦戸", "elm_school_dist": "浦戸", "No": "浦戸１", "name": "桂浜荘", "address": "高知市浦戸830－25", "type": "鉄筋コンクリート造　　", "basement": 1, "stories": 5.0, "evac_area": "各階廊下，展望デッキ，大・小会議室，大・小広間", "area_m2": 1105.0, "capacity_per": "170", "year": null, "eq_resis": null, "elev_m": 52.7, "eq_int": "6強", "tsu_depth": "－", "tsu_arriv": "－", "long_period_inund": "-", "site_entrance": "進入道路", "bldg_entrance": "1階エントランス", "to_enter_and_unlock": "常に有人で管理されており、休日・夜間についても避難者の進入が可能", "stairs_condition": "屋内1箇所", "other": null, "lon": 133.57098, "lat": 33.49749 }, "geometry": { "type": "Point", "coordinates": [ 133.57098, 33.49749 ] } },
{ "type": "Feature", "properties": { "id": 101, "school_district": "長浜", "town_div": "長浜", "elm_school_dist": "長浜", "No": "長浜１", "name": "長浜小学校", "address": "高知市長浜4811", "type": "鉄筋コンクリート造", "basement": 0, "stories": 4.0, "evac_area": "校舎4階及び屋上", "area_m2": 2422.0, "capacity_per": "2,422", "year": "昭和51年", "eq_resis": "平成17年、21年耐震補強", "elev_m": 3.4, "eq_int": "6強", "tsu_depth": "1～2ｍ", "tsu_arriv": "40～60分", "long_period_inund": "-", "site_entrance": "正門、東門", "bldg_entrance": "南舎：西側昇降口、北舎：外付階段", "to_enter_and_unlock": "南舎：平日7時～17時は開錠。それ以外は自動解錠装置付キーボックスあり。屋上への扉は施錠有。\n北舎：北側外付階段を蹴破り24時間進入可。", "stairs_condition": "屋内3箇所", "other": null, "lon": 133.54684, "lat": 33.4996 }, "geometry": { "type": "Point", "coordinates": [ 133.54684, 33.4996 ] } },
{ "type": "Feature", "properties": { "id": 102, "school_district": "長浜", "town_div": "長浜", "elm_school_dist": "長浜", "No": "長浜２", "name": "旧御畳瀬小学校", "address": "高知市長浜209", "type": "鉄筋コンクリート造", "basement": 0, "stories": 3.0, "evac_area": "屋上", "area_m2": 255.0, "capacity_per": "255", "year": "昭和57年", "eq_resis": "新耐震", "elev_m": 3.6, "eq_int": "6強", "tsu_depth": "1～2ｍ", "tsu_arriv": "40～60分", "long_period_inund": "-", "site_entrance": "正門、北門", "bldg_entrance": "東側外階段", "to_enter_and_unlock": "外階段から自由に進入可", "stairs_condition": "外階段1箇所", "other": null, "lon": 133.55487, "lat": 33.50471 }, "geometry": { "type": "Point", "coordinates": [ 133.55487, 33.50471 ] } },
{ "type": "Feature", "properties": { "id": 103, "school_district": "長浜", "town_div": "長浜", "elm_school_dist": "長浜", "No": "長浜３", "name": "南海中学校", "address": "高知市長浜5235", "type": "鉄筋コンクリート造", "basement": 0, "stories": 4.0, "evac_area": "中舎４階廊下及び教室", "area_m2": 552.0, "capacity_per": "551", "year": "昭和47年", "eq_resis": null, "elev_m": 4.7, "eq_int": "6強", "tsu_depth": "1～2ｍ", "tsu_arriv": "40～60分", "long_period_inund": "-", "site_entrance": "北門、南門", "bldg_entrance": "北舎中舎間昇降口", "to_enter_and_unlock": "平日7時～19時開錠。夜間休日は施錠、自動解錠装置付キーボックスあり", "stairs_condition": "階段1箇所（各階施錠あり）", "other": null, "lon": 133.54666, "lat": 33.49662 }, "geometry": { "type": "Point", "coordinates": [ 133.54666, 33.49662 ] } },
{ "type": "Feature", "properties": { "id": 104, "school_district": "長浜", "town_div": "長浜", "elm_school_dist": "長浜", "No": "長浜４", "name": "特別養護老人ホームつむぐ", "address": "高知市長浜6598-4", "type": "鉄筋コンクリート造", "basement": 0, "stories": 4.0, "evac_area": "４階津波避難スペース、地域交流スペース及び屋外活動スペース", "area_m2": 509.0, "capacity_per": "509", "year": "平成27年", "eq_resis": "新耐震", "elev_m": 7.5, "eq_int": "６強", "tsu_depth": "1～2ｍ", "tsu_arriv": "30～40分", "long_period_inund": "-", "site_entrance": "－", "bldg_entrance": "北西側外階段、南西側外階段、正面玄関", "to_enter_and_unlock": "外階段は常時開放、正面玄関は夜間施錠。４階地域交流スペースは施錠、職員が開錠", "stairs_condition": "外階段２箇所、屋内１箇所", "other": null, "lon": 133.54755, "lat": 33.48984 }, "geometry": { "type": "Point", "coordinates": [ 133.54755, 33.48984 ] } },
{ "type": "Feature", "properties": { "id": 105, "school_district": "長浜", "town_div": "長浜", "elm_school_dist": "長浜", "No": "長浜５", "name": "ユニット型特別養護老人もとちか", "address": "高知市長浜4975番地", "type": "鉄骨造", "basement": 0, "stories": 7.0, "evac_area": "７階地域交流ホール及び屋上", "area_m2": 818.0, "capacity_per": "818", "year": "平成30年", "eq_resis": "新耐震", "elev_m": 2.3, "eq_int": "６強", "tsu_depth": "2～3ｍ", "tsu_arriv": "30～40分", "long_period_inund": "0.5～1m", "site_entrance": null, "bldg_entrance": "外付階段\n正面玄関", "to_enter_and_unlock": "外付け階段より進入可能", "stairs_condition": "外階段１箇所", "other": null, "lon": 133.5553, "lat": 33.50032 }, "geometry": { "type": "Point", "coordinates": [ 133.5553, 33.50032 ] } },
{ "type": "Feature", "properties": { "id": 201, "school_district": "三里", "town_div": "三里", "elm_school_dist": "三里", "No": "三里１", "name": "種崎地区津波避難センター", "address": "高知市種崎405－６", "type": "鉄筋コンクリート造", "basement": 0, "stories": 4.0, "evac_area": "３階バルコニー，屋上，階段，\n４階屋上", "area_m2": 400.0, "capacity_per": "800", "year": null, "eq_resis": null, "elev_m": 3.3, "eq_int": "6弱", "tsu_depth": "2～3ｍ", "tsu_arriv": "30～40分", "long_period_inund": "-", "site_entrance": "－", "bldg_entrance": "避難スロープ、北入口、西入口", "to_enter_and_unlock": "自動解錠装置\n地域が鍵管理", "stairs_condition": "避難スロープ、屋内階段２箇所", "other": null, "lon": 133.56741, "lat": 33.50661 }, "geometry": { "type": "Point", "coordinates": [ 133.56741, 33.50661 ] } },
{ "type": "Feature", "properties": { "id": 202, "school_district": "三里", "town_div": "三里", "elm_school_dist": "三里", "No": "三里２", "name": "パールマリン", "address": "高知市仁井田1618－18", "type": "鉄筋コンクリート造", "basement": 0, "stories": 9.0, "evac_area": "４階屋上，食堂，談話ホール\n５～８階談話ホール\n９階屋上及び屋内", "area_m2": 1463.0, "capacity_per": "1,463", "year": null, "eq_resis": null, "elev_m": 6.4, "eq_int": "6強", "tsu_depth": "1～2ｍ", "tsu_arriv": "30～40分", "long_period_inund": "-", "site_entrance": "南東道路", "bldg_entrance": "北西外階段、南玄関、東玄関", "to_enter_and_unlock": "外階段は２４時間進入可能。玄関からは夜間施錠", "stairs_condition": "外階段１箇所、屋内１箇所", "other": null, "lon": 133.57069, "lat": 33.51214 }, "geometry": { "type": "Point", "coordinates": [ 133.57069, 33.51214 ] } },
{ "type": "Feature", "properties": { "id": 203, "school_district": "三里", "town_div": "三里", "elm_school_dist": "三里", "No": "三里３", "name": "三里小学校", "address": "高知市仁井田1356", "type": "鉄筋コンクリート造", "basement": 0, "stories": 4.0, "evac_area": "北西舎４階及び屋上（音楽室を除く）、北東舎４階廊下及び教室", "area_m2": 1602.0, "capacity_per": "1,602", "year": "昭和55年", "eq_resis": "平成22年耐震補強", "elev_m": 10.9, "eq_int": "7", "tsu_depth": "1～2ｍ", "tsu_arriv": "30～40分", "long_period_inund": "-", "site_entrance": "南門", "bldg_entrance": "中舎から北舎への渡り廊下ドア", "to_enter_and_unlock": "平日7時頃～18時頃まで開錠。自動解錠装置付キーボックスあり", "stairs_condition": "屋内2箇所", "other": null, "lon": 133.58182, "lat": 33.52012 }, "geometry": { "type": "Point", "coordinates": [ 133.58182, 33.52012 ] } },
{ "type": "Feature", "properties": { "id": 204, "school_district": "三里", "town_div": "三里", "elm_school_dist": "三里", "No": "三里４", "name": "三里中学校", "address": "高知市仁井田3363", "type": "鉄筋コンクリート造", "basement": 0, "stories": 4.0, "evac_area": "４階学習室", "area_m2": 1447.0, "capacity_per": "1,446", "year": "昭和51年", "eq_resis": "平成15年耐震補強", "elev_m": 9.3, "eq_int": "7", "tsu_depth": "3～5ｍ", "tsu_arriv": "30～40分", "long_period_inund": "-", "site_entrance": "南門、北門", "bldg_entrance": "中舎北側玄関", "to_enter_and_unlock": "平日8時～18時開錠。自動解錠装置付キーボックスあり（入口及び４階・屋上の鍵）。", "stairs_condition": "外階段2箇所\n屋内2箇所", "other": null, "lon": 133.58441, "lat": 33.51816 }, "geometry": { "type": "Point", "coordinates": [ 133.58441, 33.51816 ] } },
{ "type": "Feature", "properties": { "id": 205, "school_district": "三里", "town_div": "三里", "elm_school_dist": "三里", "No": "三里５", "name": "てくたね", "address": "高知市種崎593－１", "type": "鉄筋コンクリート造", "basement": 0, "stories": 3.0, "evac_area": "屋上", "area_m2": 275.0, "capacity_per": "274", "year": null, "eq_resis": null, "elev_m": 4.5, "eq_int": "6弱", "tsu_depth": "3～5ｍ", "tsu_arriv": "20～30分", "long_period_inund": "-", "site_entrance": "－", "bldg_entrance": "正面玄関、外階段", "to_enter_and_unlock": "外階段は24時間進入可能。正面玄関は夜間施錠（21時～6時半：職員が開錠）", "stairs_condition": "外階段1箇所\n屋内1箇所", "other": null, "lon": 133.56813, "lat": 33.50547 }, "geometry": { "type": "Point", "coordinates": [ 133.56813, 33.50547 ] } },
{ "type": "Feature", "properties": { "id": 206, "school_district": "三里", "town_div": "三里", "elm_school_dist": "三里", "No": "三里６", "name": "三里交番", "address": "高知市仁井田1612－３", "type": "鉄筋コンクリート造", "basement": 0, "stories": 4.0, "evac_area": "４階ホール及び屋上", "area_m2": 110.0, "capacity_per": "110", "year": "平成26年", "eq_resis": "新耐震", "elev_m": 5.3, "eq_int": "6強", "tsu_depth": "0.3～1ｍ", "tsu_arriv": "30～40分", "long_period_inund": "-", "site_entrance": "－", "bldg_entrance": "外階段", "to_enter_and_unlock": "屋上へは外階段より24時間進入可能であるが、4階入口の扉は地震自動解錠装置で開く設定となっている", "stairs_condition": "外階段1箇所", "other": null, "lon": 133.57069, "lat": 33.51214 }, "geometry": { "type": "Point", "coordinates": [ 133.57069, 33.51214 ] } },
{ "type": "Feature", "properties": { "id": 208, "school_district": "三里", "town_div": "三里", "elm_school_dist": "三里", "No": "三里８", "name": "高知高等技術学校", "address": "高知市仁井田1188番地", "type": "鉄筋コンクリート造", "basement": 0, "stories": 3.0, "evac_area": "本館棟屋上", "area_m2": 456.0, "capacity_per": "456", "year": null, "eq_resis": null, "elev_m": 4.9, "eq_int": "６強", "tsu_depth": "3～5ｍ", "tsu_arriv": "30～40分", "long_period_inund": "-", "site_entrance": "正門，通用門", "bldg_entrance": "外階段", "to_enter_and_unlock": "外付け階段より24時間進入可能。\n蹴破り式扉から外付け階段をりようすることがが可能。", "stairs_condition": "外階段１箇所", "other": null, "lon": 133.59457, "lat": 33.52189 }, "geometry": { "type": "Point", "coordinates": [ 133.59457, 33.52189 ] } },
{ "type": "Feature", "properties": { "id": 209, "school_district": "三里", "town_div": "三里", "elm_school_dist": "三里", "No": "三里９", "name": "大旺新洋（株）地震・津波対策ビル", "address": "高知市仁井田1625番地２", "type": "鉄骨造", "basement": 0, "stories": 6.0, "evac_area": "５階屋上", "area_m2": 156.0, "capacity_per": "156", "year": "令和元年", "eq_resis": "新耐震", "elev_m": 6.0, "eq_int": "６強", "tsu_depth": "1～2ｍ", "tsu_arriv": "30～40分", "long_period_inund": "-", "site_entrance": "―", "bldg_entrance": "外階段", "to_enter_and_unlock": "外付け階段より24時間進入可能。", "stairs_condition": "外階段１箇所", "other": null, "lon": 133.57069, "lat": 33.51214 }, "geometry": { "type": "Point", "coordinates": [ 133.57069, 33.51214 ] } },
{ "type": "Feature", "properties": { "id": 301, "school_district": "高須", "town_div": "高須", "elm_school_dist": "高須", "No": "高須１", "name": "セリーズ", "address": "高知市高須砂地155", "type": "鉄筋コンクリート造", "basement": 0, "stories": 5.0, "evac_area": "２階ロビー，３階ロビー", "area_m2": 384.0, "capacity_per": "384", "year": null, "eq_resis": null, "elev_m": 2.3, "eq_int": "7", "tsu_depth": "1～2ｍ", "tsu_arriv": "40～60分", "long_period_inund": "0～0.5m", "site_entrance": "西側", "bldg_entrance": "正面玄関", "to_enter_and_unlock": "６時～２４時開錠。常に有人で管理されており、休日・夜間についても避難者の進入が可能", "stairs_condition": "屋内１箇所", "other": null, "lon": 133.57593, "lat": 33.56949 }, "geometry": { "type": "Point", "coordinates": [ 133.57593, 33.56949 ] } },
{ "type": "Feature", "properties": { "id": 302, "school_district": "高須", "town_div": "高須", "elm_school_dist": "高須", "No": "高須２", "name": "高須小学校", "address": "高知市高須１丁目１－55", "type": "鉄筋コンクリート造", "basement": 0, "stories": 4.0, "evac_area": "北舎４階及び屋上，\n南舎４階（第二音楽室を除く）", "area_m2": 1089.0, "capacity_per": "1,089", "year": "北：昭和51年、\n南：昭和52年", "eq_resis": "北：平成17年、南：平成16年耐震補強", "elev_m": 0.7, "eq_int": "7", "tsu_depth": "2～3ｍ", "tsu_arriv": "30～40分", "long_period_inund": "2～5m", "site_entrance": "西側正門", "bldg_entrance": "昇降口", "to_enter_and_unlock": "平日7時半～17時頃まで開錠。夜間休日は自動解錠装置により中央正面玄関のキーボックスが作動", "stairs_condition": "屋内１箇所\n外階段１箇所（４階まで）", "other": null, "lon": 133.58089, "lat": 33.55843 }, "geometry": { "type": "Point", "coordinates": [ 133.58089, 33.55843 ] } },
{ "type": "Feature", "properties": { "id": 303, "school_district": "高須", "town_div": "高須", "elm_school_dist": "高須", "No": "高須３", "name": "四電葛島アパート", "address": "高知市葛島４丁目４－３", "type": "鉄筋コンクリート造", "basement": 0, "stories": 6.0, "evac_area": "屋上", "area_m2": 479.0, "capacity_per": "478", "year": null, "eq_resis": null, "elev_m": 1.1, "eq_int": "7", "tsu_depth": "2～3ｍ", "tsu_arriv": "30～40分", "long_period_inund": "2～5m", "site_entrance": "北側", "bldg_entrance": "北側玄関", "to_enter_and_unlock": "入口ドア、屋上ドアは常時開放されているため常時避難可能", "stairs_condition": "屋内１箇所", "other": null, "lon": 133.57411, "lat": 33.55505 }, "geometry": { "type": "Point", "coordinates": [ 133.57411, 33.55505 ] } },
{ "type": "Feature", "properties": { "id": 304, "school_district": "高須", "town_div": "高須", "elm_school_dist": "高須", "No": "高須４", "name": "岡林マンション", "address": "高知市高須２丁目17－36", "type": "鉄筋コンクリート造", "basement": 0, "stories": 4.0, "evac_area": "４階廊下", "area_m2": 58.0, "capacity_per": "58", "year": null, "eq_resis": null, "elev_m": 0.7, "eq_int": "7", "tsu_depth": "2～3ｍ", "tsu_arriv": "60分以上", "long_period_inund": "1～2m", "site_entrance": "－", "bldg_entrance": "南側外階段", "to_enter_and_unlock": "開放された外階段があり、24時間の避難が可能", "stairs_condition": "外階段2箇所", "other": null, "lon": 133.5891, "lat": 33.56037 }, "geometry": { "type": "Point", "coordinates": [ 133.5891, 33.56037 ] } },
{ "type": "Feature", "properties": { "id": 305, "school_district": "高須", "town_div": "高須", "elm_school_dist": "高須", "No": "高須５", "name": "アーバンヒル青山", "address": "高知市高須２丁目６－64", "type": "鉄筋コンクリート造", "basement": 0, "stories": 4.0, "evac_area": "３～４階廊下及び階段室，\n５階室及び屋上", "area_m2": 82.0, "capacity_per": "82", "year": null, "eq_resis": null, "elev_m": 0.9, "eq_int": "7", "tsu_depth": "2～3ｍ", "tsu_arriv": "40～60分", "long_period_inund": "2～5m", "site_entrance": "－", "bldg_entrance": "南北外階段", "to_enter_and_unlock": "開放された外階段があり、避難可能", "stairs_condition": "外階段２箇所", "other": null, "lon": 133.58803, "lat": 33.55878 }, "geometry": { "type": "Point", "coordinates": [ 133.58803, 33.55878 ] } },
{ "type": "Feature", "properties": { "id": 306, "school_district": "高須", "town_div": "高須", "elm_school_dist": "高須", "No": "高須６", "name": "ボンジュール宗円", "address": "高知市高須２丁目13－10", "type": "鉄筋コンクリート造", "basement": 0, "stories": 5.0, "evac_area": "４階廊下及びベランダ，５階廊下", "area_m2": 61.0, "capacity_per": "60", "year": "昭和60年", "eq_resis": "新耐震", "elev_m": 0.6, "eq_int": "7", "tsu_depth": "2～3ｍ", "tsu_arriv": "40～60分", "long_period_inund": "2～5m", "site_entrance": "－", "bldg_entrance": "西側外階段", "to_enter_and_unlock": "外部に開放された外階段があり、24時間避難が可能", "stairs_condition": "外階段1箇所", "other": null, "lon": 133.58585, "lat": 33.56087 }, "geometry": { "type": "Point", "coordinates": [ 133.58585, 33.56087 ] } },
{ "type": "Feature", "properties": { "id": 307, "school_district": "高須", "town_div": "高須", "elm_school_dist": "高須", "No": "高須７", "name": "ホワイエ高須", "address": "高知市高須新木３－36", "type": "鉄筋コンクリート造", "basement": 0, "stories": 5.0, "evac_area": "４階及び５階廊下，屋上", "area_m2": 135.0, "capacity_per": "135", "year": "昭和62年", "eq_resis": "新耐震", "elev_m": 0.7, "eq_int": "7", "tsu_depth": "2～3ｍ", "tsu_arriv": "40～60分", "long_period_inund": "2～5m", "site_entrance": "－", "bldg_entrance": "１階東西入口", "to_enter_and_unlock": "外階段から24時間進入可能", "stairs_condition": "外階段1箇所", "other": null, "lon": 133.58617, "lat": 33.56258 }, "geometry": { "type": "Point", "coordinates": [ 133.58617, 33.56258 ] } },
{ "type": "Feature", "properties": { "id": 308, "school_district": "高須", "town_div": "高須", "elm_school_dist": "高須", "No": "高須８", "name": "セレクト高須", "address": "高知市高須２丁目13－21", "type": "鉄筋コンクリート造", "basement": 0, "stories": 5.0, "evac_area": "４階及び５階廊下", "area_m2": 37.0, "capacity_per": "36", "year": "昭和63年", "eq_resis": "新耐震", "elev_m": 1.1, "eq_int": "7", "tsu_depth": "2～3ｍ", "tsu_arriv": "40～60分", "long_period_inund": "1～2m", "site_entrance": "北側道路", "bldg_entrance": "東側入口", "to_enter_and_unlock": "階段への入口ドアはオートロックであるが、停電すれば手動開錠", "stairs_condition": "外階段（入口内）", "other": null, "lon": 133.58585, "lat": 33.56087 }, "geometry": { "type": "Point", "coordinates": [ 133.58585, 33.56087 ] } },
{ "type": "Feature", "properties": { "id": 309, "school_district": "高須", "town_div": "高須", "elm_school_dist": "高須", "No": "高須９", "name": "ルーカス高須", "address": "高知市葛島１丁目10－68", "type": "鉄筋コンクリート造", "basement": 0, "stories": 10.0, "evac_area": "４階～10階廊下", "area_m2": 215.0, "capacity_per": "214", "year": "平成元年", "eq_resis": "新耐震", "elev_m": 0.8, "eq_int": "7", "tsu_depth": "2～3ｍ", "tsu_arriv": "20～30分", "long_period_inund": "2～5m", "site_entrance": "－", "bldg_entrance": "１階東西入口", "to_enter_and_unlock": "外階段から24時間進入可能", "stairs_condition": "外階段1箇所", "other": null, "lon": 133.57236, "lat": 33.5593 }, "geometry": { "type": "Point", "coordinates": [ 133.57236, 33.5593 ] } },
{ "type": "Feature", "properties": { "id": 310, "school_district": "高須", "town_div": "高須", "elm_school_dist": "高須", "No": "高須10", "name": "マイセル高須", "address": "高知市葛島１丁目10－68", "type": "鉄筋コンクリート造", "basement": 0, "stories": 5.0, "evac_area": "４階及び５階廊下", "area_m2": 47.0, "capacity_per": "46", "year": "平成元年", "eq_resis": "新耐震", "elev_m": 0.7, "eq_int": "7", "tsu_depth": "2～3ｍ", "tsu_arriv": "10～20分", "long_period_inund": "2～5m", "site_entrance": "－", "bldg_entrance": "１階玄関", "to_enter_and_unlock": "外階段から24時間進入可能", "stairs_condition": "外階段1箇所", "other": null, "lon": 133.57236, "lat": 33.5593 }, "geometry": { "type": "Point", "coordinates": [ 133.57236, 33.5593 ] } },
{ "type": "Feature", "properties": { "id": 311, "school_district": "高須", "town_div": "高須", "elm_school_dist": "高須", "No": "高須11", "name": "マンションベスタ", "address": "高知市高須２丁目３－21", "type": "鉄筋コンクリート造", "basement": 0, "stories": 4.0, "evac_area": "４階廊下", "area_m2": 63.0, "capacity_per": "62", "year": "平成元年", "eq_resis": "新耐震", "elev_m": 0.8, "eq_int": "7", "tsu_depth": "2～3ｍ", "tsu_arriv": "40～60分", "long_period_inund": "2～5m", "site_entrance": "北側", "bldg_entrance": "外階段", "to_enter_and_unlock": "外階段から24時間進入可能", "stairs_condition": "外階段2箇所", "other": null, "lon": 133.58549, "lat": 33.55979 }, "geometry": { "type": "Point", "coordinates": [ 133.58549, 33.55979 ] } },
{ "type": "Feature", "properties": { "id": 312, "school_district": "高須", "town_div": "高須", "elm_school_dist": "高須", "No": "高須12", "name": "カーサローズヴェール", "address": "高知市高須３丁目１－59", "type": "鉄筋コンクリート造", "basement": 0, "stories": 5.0, "evac_area": "４階及び５階\n廊下及びエレベーターホール", "area_m2": 94.0, "capacity_per": "94", "year": "平成14年", "eq_resis": "新耐震", "elev_m": 0.9, "eq_int": "7", "tsu_depth": "2～3ｍ", "tsu_arriv": "40～60分", "long_period_inund": "1～2m", "site_entrance": "北側及び西側道路", "bldg_entrance": "建物北側外階段", "to_enter_and_unlock": "外階段へは進入可能であるが、階段から避難場所へのドアは施錠されているため、地震時には４，５階の住民の方に開錠をするように貼り紙をしている。", "stairs_condition": "外階段1箇所（施錠）", "other": null, "lon": 133.58842, "lat": 33.56255 }, "geometry": { "type": "Point", "coordinates": [ 133.58842, 33.56255 ] } },
{ "type": "Feature", "properties": { "id": 313, "school_district": "高須", "town_div": "高須", "elm_school_dist": "高須", "No": "高須13", "name": "ドルフ高須", "address": "高知市高須新木１－29", "type": "鉄筋コンクリート造", "basement": 0, "stories": 5.0, "evac_area": "４階及び５階廊下", "area_m2": 146.0, "capacity_per": "146", "year": "昭和63年", "eq_resis": "新耐震", "elev_m": 1.0, "eq_int": "7", "tsu_depth": "2～3ｍ", "tsu_arriv": "40～60分", "long_period_inund": "1～2m", "site_entrance": "－", "bldg_entrance": "北側外階段及び南側入口", "to_enter_and_unlock": "外階段から24時間進入可能", "stairs_condition": "外階段1箇所\n屋内1箇所", "other": "施錠しているが、ドアノブに開錠の鍵を設置済み", "lon": 133.58348, "lat": 33.56085 }, "geometry": { "type": "Point", "coordinates": [ 133.58348, 33.56085 ] } },
{ "type": "Feature", "properties": { "id": 314, "school_district": "高須", "town_div": "高須", "elm_school_dist": "高須", "No": "高須14", "name": "メゾン・ド・ケイ", "address": "高知市高須３丁目２－47", "type": "鉄骨造", "basement": 0, "stories": 4.0, "evac_area": "４階廊下", "area_m2": 11.0, "capacity_per": "11", "year": "平成9年", "eq_resis": "新耐震", "elev_m": 1.0, "eq_int": "7", "tsu_depth": "2～3ｍ", "tsu_arriv": "60分以上", "long_period_inund": "1～2m", "site_entrance": "南西道路", "bldg_entrance": "外階段", "to_enter_and_unlock": "通常の出入口階段から24時間進入可能", "stairs_condition": "外階段3箇所", "other": null, "lon": 133.58939, "lat": 33.56192 }, "geometry": { "type": "Point", "coordinates": [ 133.58939, 33.56192 ] } },
{ "type": "Feature", "properties": { "id": 315, "school_district": "高須", "town_div": "高須", "elm_school_dist": "高須", "No": "高須15", "name": "アバイド", "address": "高知市高須３丁目４－44", "type": "鉄骨造", "basement": 0, "stories": 4.0, "evac_area": "４階廊下", "area_m2": 68.0, "capacity_per": "68", "year": "平成14年", "eq_resis": "新耐震", "elev_m": 1.2, "eq_int": "7", "tsu_depth": "2～3ｍ", "tsu_arriv": "60分以上", "long_period_inund": "1～2m", "site_entrance": "南側道路", "bldg_entrance": "南側外階段", "to_enter_and_unlock": "外階段から24時間進入可能", "stairs_condition": "外階段1箇所", "other": null, "lon": 133.5905, "lat": 33.56085 }, "geometry": { "type": "Point", "coordinates": [ 133.5905, 33.56085 ] } },
{ "type": "Feature", "properties": { "id": 316, "school_district": "高須", "town_div": "高須", "elm_school_dist": "高須", "No": "高須16", "name": "インペリアル西本１", "address": "高知市葛島１丁目６－37", "type": "鉄筋コンクリート造", "basement": 0, "stories": 4.0, "evac_area": "４階廊下", "area_m2": 80.0, "capacity_per": "80", "year": "昭和63年", "eq_resis": "新耐震", "elev_m": 0.7, "eq_int": "6強", "tsu_depth": "2～3ｍ", "tsu_arriv": "10～20分", "long_period_inund": "2～5m", "site_entrance": "－", "bldg_entrance": "南側及び北側の外階段", "to_enter_and_unlock": "外階段から24時間進入可能", "stairs_condition": "外階段2箇所", "other": null, "lon": 133.57114, "lat": 33.55854 }, "geometry": { "type": "Point", "coordinates": [ 133.57114, 33.55854 ] } },
{ "type": "Feature", "properties": { "id": 317, "school_district": "高須", "town_div": "高須", "elm_school_dist": "高須", "No": "高須17", "name": "インペリアル西本２", "address": "高知市葛島１丁目６－28", "type": "鉄筋コンクリート造", "basement": 0, "stories": 7.0, "evac_area": "４階以上廊下", "area_m2": 173.0, "capacity_per": "172", "year": "平成3年", "eq_resis": "新耐震", "elev_m": 0.7, "eq_int": "6強", "tsu_depth": "2～3ｍ", "tsu_arriv": "20～30分", "long_period_inund": "2～5m", "site_entrance": "南側道路", "bldg_entrance": "北側外階段", "to_enter_and_unlock": "外階段から24時間進入可能", "stairs_condition": "外階段2箇所", "other": null, "lon": 133.57114, "lat": 33.55854 }, "geometry": { "type": "Point", "coordinates": [ 133.57114, 33.55854 ] } },
{ "type": "Feature", "properties": { "id": 318, "school_district": "高須", "town_div": "高須", "elm_school_dist": "高須", "No": "高須18", "name": "ヴィラージュ葛島", "address": "高知市葛島１丁目７－９", "type": "鉄筋コンクリート造", "basement": 0, "stories": 4.0, "evac_area": "４階廊下", "area_m2": 39.0, "capacity_per": "39", "year": "平成元年", "eq_resis": "新耐震", "elev_m": 0.7, "eq_int": "6強", "tsu_depth": "2～3ｍ", "tsu_arriv": "10～20分", "long_period_inund": "2～5m", "site_entrance": "南側道路", "bldg_entrance": "正面玄関", "to_enter_and_unlock": "外階段から24時間進入可能", "stairs_condition": "外階段1箇所", "other": null, "lon": 133.57155, "lat": 33.55909 }, "geometry": { "type": "Point", "coordinates": [ 133.57155, 33.55909 ] } },
{ "type": "Feature", "properties": { "id": 319, "school_district": "高須", "town_div": "高須", "elm_school_dist": "高須", "No": "高須19", "name": "パークサイド高須Ⅱ", "address": "高知市高須新町１丁目５－11", "type": "鉄筋コンクリート造", "basement": 0, "stories": 8.0, "evac_area": "４階以上廊下", "area_m2": 304.0, "capacity_per": "303", "year": "平成9年", "eq_resis": "新耐震", "elev_m": 0.9, "eq_int": "7", "tsu_depth": "2～3ｍ", "tsu_arriv": "30～40分", "long_period_inund": "2～5m", "site_entrance": "南北道路", "bldg_entrance": "１階北側玄関", "to_enter_and_unlock": "階段への入口ドアはオートロックであるが、緊急時にはドアを壊しても構わない", "stairs_condition": "外階段２箇所（入口内）", "other": null, "lon": 133.57724, "lat": 33.55768 }, "geometry": { "type": "Point", "coordinates": [ 133.57724, 33.55768 ] } },
{ "type": "Feature", "properties": { "id": 320, "school_district": "高須", "town_div": "高須", "elm_school_dist": "高須", "No": "高須20", "name": "ロイヤルガーデン２", "address": "高知市葛島１丁目６－６", "type": "鉄筋コンクリート造", "basement": 0, "stories": 7.0, "evac_area": "４階以上廊下", "area_m2": 317.0, "capacity_per": "317", "year": "平成8年", "eq_resis": "新耐震", "elev_m": 0.7, "eq_int": "7", "tsu_depth": "2～3ｍ", "tsu_arriv": "20～30分", "long_period_inund": "2～5m", "site_entrance": "西側道路", "bldg_entrance": "北側外階段", "to_enter_and_unlock": "外階段から24時間進入可能", "stairs_condition": "外階段1箇所\n屋内1箇所", "other": null, "lon": 133.57114, "lat": 33.55854 }, "geometry": { "type": "Point", "coordinates": [ 133.57114, 33.55854 ] } },
{ "type": "Feature", "properties": { "id": 321, "school_district": "高須", "town_div": "高須", "elm_school_dist": "高須", "No": "高須21", "name": "ロイヤルガーデン", "address": "高知市葛島１丁目６－８", "type": "鉄骨造", "basement": 0, "stories": 8.0, "evac_area": "４階～７階廊下", "area_m2": 262.0, "capacity_per": "261", "year": "平成3年", "eq_resis": "新耐震", "elev_m": 1.0, "eq_int": "6強", "tsu_depth": "2～3ｍ", "tsu_arriv": "20～30分", "long_period_inund": "2～5m", "site_entrance": "南側道路", "bldg_entrance": "北側外階段2箇所及び正面入口", "to_enter_and_unlock": "外階段から24時間進入可能", "stairs_condition": "外階段2箇所\n屋内1箇所", "other": null, "lon": 133.57114, "lat": 33.55854 }, "geometry": { "type": "Point", "coordinates": [ 133.57114, 33.55854 ] } },
{ "type": "Feature", "properties": { "id": 322, "school_district": "高須", "town_div": "高須", "elm_school_dist": "高須", "No": "高須22", "name": "ピュアコート高須", "address": "高知市高須２丁目18－11", "type": "鉄骨造", "basement": 0, "stories": 4.0, "evac_area": "４階廊下", "area_m2": 38.0, "capacity_per": "38", "year": null, "eq_resis": null, "elev_m": 1.2, "eq_int": "7", "tsu_depth": "2～3ｍ", "tsu_arriv": "60分以上", "long_period_inund": "1～2m", "site_entrance": "－", "bldg_entrance": "南西入口", "to_enter_and_unlock": "通常の出入口から24時間進入可能", "stairs_condition": "外階段1箇所", "other": null, "lon": 133.58961, "lat": 33.56003 }, "geometry": { "type": "Point", "coordinates": [ 133.58961, 33.56003 ] } },
{ "type": "Feature", "properties": { "id": 323, "school_district": "高須", "town_div": "高須", "elm_school_dist": "高須", "No": "高須23", "name": "高知厚生病院", "address": "高知市葛島１丁目９－50", "type": "鉄骨造", "basement": 0, "stories": 6.0, "evac_area": "５階職員ラウンジ，\n６階屋上デッキ及び屋上庭園", "area_m2": 491.0, "capacity_per": "490", "year": "平成8年", "eq_resis": "新耐震", "elev_m": 0.5, "eq_int": "7", "tsu_depth": "2～3ｍ", "tsu_arriv": "30～40分", "long_period_inund": "2～5m", "site_entrance": "南側県道", "bldg_entrance": "主出入口（南側）\n副出入口（北側）", "to_enter_and_unlock": "毎日6時～21時開錠。施錠時には２階ナースステーション当直者にて開錠可。", "stairs_condition": "屋内3箇所", "other": null, "lon": 133.57207, "lat": 33.55882 }, "geometry": { "type": "Point", "coordinates": [ 133.57207, 33.55882 ] } },
{ "type": "Feature", "properties": { "id": 324, "school_district": "高須", "town_div": "高須", "elm_school_dist": "高須", "No": "高須24", "name": "ジューヌ高須", "address": "高知市高須東町13－１", "type": "鉄骨造", "basement": 0, "stories": 4.0, "evac_area": "４階廊下", "area_m2": 9.0, "capacity_per": "8", "year": null, "eq_resis": null, "elev_m": 0.6, "eq_int": "7", "tsu_depth": "2～3ｍ", "tsu_arriv": "60分以上", "long_period_inund": "2～5m", "site_entrance": "－", "bldg_entrance": "外階段", "to_enter_and_unlock": "通常の出入口から24時間進入可能", "stairs_condition": "外階段1箇所", "other": null, "lon": 133.59496, "lat": 33.55823 }, "geometry": { "type": "Point", "coordinates": [ 133.59496, 33.55823 ] } },
{ "type": "Feature", "properties": { "id": 326, "school_district": "高須", "town_div": "高須", "elm_school_dist": "高須", "No": "高須26", "name": "東ノ丸マンション", "address": "高知市高須本町２－50", "type": "鉄筋コンクリート造", "basement": 0, "stories": 5.0, "evac_area": "４階以上廊下", "area_m2": 58.0, "capacity_per": "58", "year": "平成14年", "eq_resis": "新耐震", "elev_m": 1.0, "eq_int": "7", "tsu_depth": "2～3ｍ", "tsu_arriv": "40～60分", "long_period_inund": "2～5m", "site_entrance": "南側", "bldg_entrance": "北側外階段", "to_enter_and_unlock": "通常の出入口（外階段）から２４時間進入可能", "stairs_condition": "外階段１箇所", "other": null, "lon": 133.578, "lat": 33.55969 }, "geometry": { "type": "Point", "coordinates": [ 133.578, 33.55969 ] } },
{ "type": "Feature", "properties": { "id": 327, "school_district": "高須", "town_div": "高須", "elm_school_dist": "高須", "No": "高須27", "name": "レオパレスヴィラ高須", "address": "高知市高須３丁目16-７", "type": "鉄骨造", "basement": 0, "stories": 4.0, "evac_area": "４階廊下", "area_m2": 37.0, "capacity_per": "37", "year": null, "eq_resis": null, "elev_m": 1.1, "eq_int": "7", "tsu_depth": "2～3ｍ", "tsu_arriv": "60分以上", "long_period_inund": "1～2m", "site_entrance": "－", "bldg_entrance": "外階段", "to_enter_and_unlock": "通常の出入口（外階段）から２４時間進入可能", "stairs_condition": "外階段１箇所", "other": null, "lon": 133.59059, "lat": 33.56421 }, "geometry": { "type": "Point", "coordinates": [ 133.59059, 33.56421 ] } },
{ "type": "Feature", "properties": { "id": 328, "school_district": "高須", "town_div": "高須", "elm_school_dist": "高須", "No": "高須28", "name": "メゾン・レーヴ高須", "address": "高知市高須２丁目17－20", "type": "鉄骨造", "basement": 0, "stories": 4.0, "evac_area": "４階廊下", "area_m2": 25.0, "capacity_per": "24", "year": null, "eq_resis": null, "elev_m": 0.9, "eq_int": "7", "tsu_depth": "2～3ｍ", "tsu_arriv": "60分以上", "long_period_inund": "1～2m", "site_entrance": "－", "bldg_entrance": "1階外階段", "to_enter_and_unlock": "通常の出入口（外階段）から24時間進入可能", "stairs_condition": "外階段1箇所", "other": null, "lon": 133.5891, "lat": 33.56037 }, "geometry": { "type": "Point", "coordinates": [ 133.5891, 33.56037 ] } },
{ "type": "Feature", "properties": { "id": 329, "school_district": "高須", "town_div": "高須", "elm_school_dist": "高須", "No": "高須29", "name": "アムールハイツ高須", "address": "高知市高須１丁目４－６", "type": "鉄骨造", "basement": 0, "stories": 4.0, "evac_area": "４階廊下", "area_m2": 36.0, "capacity_per": "35", "year": null, "eq_resis": null, "elev_m": 0.7, "eq_int": "7", "tsu_depth": "2～3ｍ", "tsu_arriv": "30～40分", "long_period_inund": "2～5m", "site_entrance": "－", "bldg_entrance": "西側中央玄関", "to_enter_and_unlock": "通常の出入口（外階段）から24時間進入可能", "stairs_condition": "外階段1箇所", "other": null, "lon": 133.58203, "lat": 33.55909 }, "geometry": { "type": "Point", "coordinates": [ 133.58203, 33.55909 ] } },
{ "type": "Feature", "properties": { "id": 331, "school_district": "高須", "town_div": "高須", "elm_school_dist": "高須", "No": "高須31", "name": "百万石ビル", "address": "高知市高須１丁目18－８", "type": "鉄骨造", "basement": 0, "stories": 5.0, "evac_area": "５階廊下及び屋上", "area_m2": 54.0, "capacity_per": "54", "year": null, "eq_resis": null, "elev_m": 0.6, "eq_int": "7", "tsu_depth": "2～3ｍ", "tsu_arriv": "40～60分", "long_period_inund": "2～5m", "site_entrance": "－", "bldg_entrance": "正面入口", "to_enter_and_unlock": "10時～18時開錠。4階住人が在宅時は開錠可能。それ以外はカギを壊して構わないが、正面入口はアクリルで割るのが困難、北側正面玄関のサイドはガラスを割ることが可能", "stairs_condition": "屋内1箇所", "other": null, "lon": 133.58806, "lat": 33.55827 }, "geometry": { "type": "Point", "coordinates": [ 133.58806, 33.55827 ] } },
{ "type": "Feature", "properties": { "id": 333, "school_district": "高須", "town_div": "高須", "elm_school_dist": "高須", "No": "高須33", "name": "ピクシー高須", "address": "高知市高須１丁目４－５", "type": "鉄骨造", "basement": 0, "stories": 5.0, "evac_area": "４階及び５階廊下", "area_m2": 32.0, "capacity_per": "32", "year": null, "eq_resis": null, "elev_m": 0.7, "eq_int": "7", "tsu_depth": "2～3ｍ", "tsu_arriv": "30～40分", "long_period_inund": "2～5m", "site_entrance": "－", "bldg_entrance": "外階段", "to_enter_and_unlock": "外階段から24時間進入可能", "stairs_condition": "外階段1箇所", "other": null, "lon": 133.58203, "lat": 33.55909 }, "geometry": { "type": "Point", "coordinates": [ 133.58203, 33.55909 ] } },
{ "type": "Feature", "properties": { "id": 334, "school_district": "高須", "town_div": "高須", "elm_school_dist": "高須", "No": "高須34", "name": "コーポ田中１号館", "address": "高知市葛島４丁目10－７", "type": "鉄筋コンクリート造", "basement": 0, "stories": 4.0, "evac_area": "４階廊下", "area_m2": 40.0, "capacity_per": "39", "year": "昭和59年", "eq_resis": "新耐震", "elev_m": 0.8, "eq_int": "7", "tsu_depth": "2～3ｍ", "tsu_arriv": "30～40分", "long_period_inund": "2～5m", "site_entrance": "－", "bldg_entrance": "外階段2箇所", "to_enter_and_unlock": "外階段から24時間進入可能", "stairs_condition": "外階段2箇所", "other": null, "lon": 133.57219, "lat": 33.55337 }, "geometry": { "type": "Point", "coordinates": [ 133.57219, 33.55337 ] } },
{ "type": "Feature", "properties": { "id": 335, "school_district": "高須", "town_div": "高須", "elm_school_dist": "高須", "No": "高須35", "name": "コーポ田中２号館", "address": "高知市葛島４丁目10－８", "type": "鉄筋コンクリート造", "basement": 0, "stories": 4.0, "evac_area": "４階廊下", "area_m2": 40.0, "capacity_per": "39", "year": "昭和59年", "eq_resis": "新耐震", "elev_m": 1.0, "eq_int": "7", "tsu_depth": "2～3ｍ", "tsu_arriv": "30～40分", "long_period_inund": "2～5m", "site_entrance": "－", "bldg_entrance": "外階段2箇所", "to_enter_and_unlock": "外階段から24時間進入可能", "stairs_condition": "外階段2箇所", "other": null, "lon": 133.57219, "lat": 33.55337 }, "geometry": { "type": "Point", "coordinates": [ 133.57219, 33.55337 ] } },
{ "type": "Feature", "properties": { "id": 336, "school_district": "高須", "town_div": "高須", "elm_school_dist": "高須", "No": "高須36", "name": "コーポ田中５号館", "address": "高知市葛島４丁目７－20", "type": "鉄筋コンクリート造", "basement": 0, "stories": 6.0, "evac_area": "４階以上廊下及びエレベーターホール", "area_m2": 188.0, "capacity_per": "188", "year": "昭和60年", "eq_resis": "新耐震", "elev_m": 0.9, "eq_int": "7", "tsu_depth": "2～3ｍ", "tsu_arriv": "30～40分", "long_period_inund": "2～5m", "site_entrance": "－", "bldg_entrance": "正面玄関\n外階段", "to_enter_and_unlock": "外階段から24時間進入可能", "stairs_condition": "外階段1箇所\n屋内1箇所", "other": null, "lon": 133.57414, "lat": 33.55457 }, "geometry": { "type": "Point", "coordinates": [ 133.57414, 33.55457 ] } },
{ "type": "Feature", "properties": { "id": 338, "school_district": "高須", "town_div": "高須", "elm_school_dist": "高須", "No": "高須38", "name": "高須ハウス２０", "address": "高知市高須新町３丁目５－13", "type": "鉄筋コンクリート造", "basement": 0, "stories": 4.0, "evac_area": "４階廊下", "area_m2": 50.0, "capacity_per": "49", "year": "昭和57年", "eq_resis": "新耐震", "elev_m": 0.7, "eq_int": "7", "tsu_depth": "2～3ｍ", "tsu_arriv": "30～40分", "long_period_inund": "2～5m", "site_entrance": "－", "bldg_entrance": "北側", "to_enter_and_unlock": "外階段から24時間進入可能", "stairs_condition": "外階段2箇所", "other": null, "lon": 133.57605, "lat": 33.55516 }, "geometry": { "type": "Point", "coordinates": [ 133.57605, 33.55516 ] } },
{ "type": "Feature", "properties": { "id": 339, "school_district": "高須", "town_div": "高須", "elm_school_dist": "高須", "No": "高須39", "name": "コーポ浜田", "address": "高知市高須新町３丁目７－５", "type": "鉄骨造", "basement": 0, "stories": 4.0, "evac_area": "４階廊下", "area_m2": 21.0, "capacity_per": "20", "year": "昭和58年", "eq_resis": "新耐震", "elev_m": 0.5, "eq_int": "7", "tsu_depth": "2～3ｍ", "tsu_arriv": "40～60分", "long_period_inund": "2～5m", "site_entrance": "－", "bldg_entrance": "北側外階段", "to_enter_and_unlock": "外階段から24時間進入可能", "stairs_condition": "外階段1箇所", "other": null, "lon": 133.57722, "lat": 33.55476 }, "geometry": { "type": "Point", "coordinates": [ 133.57722, 33.55476 ] } },
{ "type": "Feature", "properties": { "id": 340, "school_district": "高須", "town_div": "高須", "elm_school_dist": "高須", "No": "高須40", "name": "コーポマルミ", "address": "高知市葛島３丁目14－３", "type": "鉄骨造", "basement": 0, "stories": 4.0, "evac_area": "４階廊下", "area_m2": 21.0, "capacity_per": "20", "year": "平成元年", "eq_resis": "新耐震", "elev_m": 0.6, "eq_int": "7", "tsu_depth": "2～3ｍ", "tsu_arriv": "30～40分", "long_period_inund": "2～5m", "site_entrance": "－", "bldg_entrance": "北側外階段", "to_enter_and_unlock": "外階段から24時間進入可能", "stairs_condition": "外階段1箇所", "other": null, "lon": 133.57033, "lat": 33.55269 }, "geometry": { "type": "Point", "coordinates": [ 133.57033, 33.55269 ] } },
{ "type": "Feature", "properties": { "id": 341, "school_district": "高須", "town_div": "高須", "elm_school_dist": "高須", "No": "高須41", "name": "青木脳神経外科形成外科", "address": "高知市高須新町１丁目６－26", "type": "鉄筋コンクリート造", "basement": 0, "stories": 4.0, "evac_area": "４階テラス", "area_m2": 24.0, "capacity_per": "23", "year": "平成3年", "eq_resis": "新耐震", "elev_m": 0.5, "eq_int": "7", "tsu_depth": "2～3ｍ", "tsu_arriv": "10～20分", "long_period_inund": "2～5m", "site_entrance": "－", "bldg_entrance": "正面玄関", "to_enter_and_unlock": "7時～19時開錠。夜間も職員がおり避難経路の開錠が可能", "stairs_condition": "外階段1箇所\n屋内1箇所", "other": "テラス入口に施錠あり", "lon": 133.57726, "lat": 33.55821 }, "geometry": { "type": "Point", "coordinates": [ 133.57726, 33.55821 ] } },
{ "type": "Feature", "properties": { "id": 342, "school_district": "高須", "town_div": "高須", "elm_school_dist": "高須", "No": "高須42", "name": "コーポ山﨑", "address": "高知市高須新町４丁目２－12", "type": "鉄筋コンクリート造", "basement": 0, "stories": 4.0, "evac_area": "４階廊下", "area_m2": 53.0, "capacity_per": "53", "year": "昭和57年", "eq_resis": "新耐震", "elev_m": 1.0, "eq_int": "7", "tsu_depth": "2～3ｍ", "tsu_arriv": "40～60分", "long_period_inund": "2～5m", "site_entrance": "－", "bldg_entrance": "外階段2箇所", "to_enter_and_unlock": "外階段から24時間進入可能", "stairs_condition": "外階段2箇所", "other": null, "lon": 133.57846, "lat": 33.55581 }, "geometry": { "type": "Point", "coordinates": [ 133.57846, 33.55581 ] } },
{ "type": "Feature", "properties": { "id": 343, "school_district": "高須", "town_div": "高須", "elm_school_dist": "高須", "No": "高須43", "name": "ルミエールSawa", "address": "高知市高須新町２丁目７－８", "type": "鉄筋コンクリート造", "basement": 0, "stories": 4.0, "evac_area": "４階廊下", "area_m2": 63.0, "capacity_per": "62", "year": "平成9年", "eq_resis": "新耐震", "elev_m": 0.4, "eq_int": "7", "tsu_depth": "2～3ｍ", "tsu_arriv": "30～40分", "long_period_inund": "2～5m", "site_entrance": "－", "bldg_entrance": "1階中央外階段", "to_enter_and_unlock": "外階段から24時間進入可能", "stairs_condition": "外階段1箇所", "other": null, "lon": 133.57999, "lat": 33.55834 }, "geometry": { "type": "Point", "coordinates": [ 133.57999, 33.55834 ] } },
{ "type": "Feature", "properties": { "id": 344, "school_district": "高須", "town_div": "高須", "elm_school_dist": "高須", "No": "高須44", "name": "第３山崎マンション", "address": "高知市高須新町４丁目７－８", "type": "鉄筋コンクリート造", "basement": 0, "stories": 6.0, "evac_area": "４階以上廊下及びエレベーターホール", "area_m2": 145.0, "capacity_per": "144", "year": "平成6年", "eq_resis": "新耐震", "elev_m": 0.6, "eq_int": "7", "tsu_depth": "2～3ｍ", "tsu_arriv": "40～60分", "long_period_inund": "2～5m", "site_entrance": "－", "bldg_entrance": "北側及び西側外階段", "to_enter_and_unlock": "外階段から24時間進入可能", "stairs_condition": "外階段2箇所", "other": null, "lon": 133.5784, "lat": 33.55449 }, "geometry": { "type": "Point", "coordinates": [ 133.5784, 33.55449 ] } },
{ "type": "Feature", "properties": { "id": 345, "school_district": "高須", "town_div": "高須", "elm_school_dist": "高須", "No": "高須45", "name": "ピュア高須新町", "address": "高知市高須新町１丁目７－７", "type": "鉄骨造", "basement": 0, "stories": 4.0, "evac_area": "４階廊下", "area_m2": 17.0, "capacity_per": "16", "year": "平成6年", "eq_resis": "新耐震", "elev_m": 0.7, "eq_int": "7", "tsu_depth": "2～3ｍ", "tsu_arriv": "20～30分", "long_period_inund": "2～5m", "site_entrance": "－", "bldg_entrance": "北側外階段", "to_enter_and_unlock": "外階段から24時間進入可能", "stairs_condition": "外階段1箇所", "other": null, "lon": 133.57619, "lat": 33.55818 }, "geometry": { "type": "Point", "coordinates": [ 133.57619, 33.55818 ] } },
{ "type": "Feature", "properties": { "id": 346, "school_district": "高須", "town_div": "高須", "elm_school_dist": "高須", "No": "高須46", "name": "ピュア高須Ⅱ", "address": "高知市高須東町14－11", "type": "鉄骨造", "basement": 0, "stories": 4.0, "evac_area": "４階廊下", "area_m2": 10.0, "capacity_per": "10", "year": "平成8年", "eq_resis": "新耐震", "elev_m": 0.6, "eq_int": "7", "tsu_depth": "2～3ｍ", "tsu_arriv": "60分以上", "long_period_inund": "2～5m", "site_entrance": "－", "bldg_entrance": "北側外階段", "to_enter_and_unlock": "外階段から24時間進入可能", "stairs_condition": "外階段1箇所", "other": null, "lon": 133.59483, "lat": 33.55852 }, "geometry": { "type": "Point", "coordinates": [ 133.59483, 33.55852 ] } },
{ "type": "Feature", "properties": { "id": 347, "school_district": "高須", "town_div": "高須", "elm_school_dist": "高須", "No": "高須47", "name": "美和ハイツ３", "address": "高知市高須２丁目15－44", "type": "鉄筋コンクリート造", "basement": 0, "stories": 6.0, "evac_area": "４階以上廊下及びエレベーターホール", "area_m2": 179.0, "capacity_per": "179", "year": "平成元年", "eq_resis": "新耐震", "elev_m": 1.0, "eq_int": "7", "tsu_depth": "2～3ｍ", "tsu_arriv": "60分以上", "long_period_inund": "1～2m", "site_entrance": "南側道路", "bldg_entrance": "外階段2箇所", "to_enter_and_unlock": "外階段から24時間進入可能", "stairs_condition": "外階段2箇所", "other": null, "lon": 133.58801, "lat": 33.56107 }, "geometry": { "type": "Point", "coordinates": [ 133.58801, 33.56107 ] } },
{ "type": "Feature", "properties": { "id": 348, "school_district": "高須", "town_div": "高須", "elm_school_dist": "高須", "No": "高須48", "name": "土佐塾高須教室", "address": "高知市高須新町２丁目６－９", "type": "鉄骨造", "basement": 0, "stories": 4.0, "evac_area": "４階廊下及び教室", "area_m2": 87.0, "capacity_per": "86", "year": "平成元年", "eq_resis": "新耐震", "elev_m": 0.7, "eq_int": "7", "tsu_depth": "2～3ｍ", "tsu_arriv": "20～30分", "long_period_inund": "2～5m", "site_entrance": "－", "bldg_entrance": "外階段", "to_enter_and_unlock": "平日・土：14時～22時開錠", "stairs_condition": "外階段１箇所", "other": null, "lon": 133.57997, "lat": 33.55801 }, "geometry": { "type": "Point", "coordinates": [ 133.57997, 33.55801 ] } },
{ "type": "Feature", "properties": { "id": 349, "school_district": "高須", "town_div": "高須", "elm_school_dist": "高須", "No": "高須49", "name": "平成ビル", "address": "高知市葛島３丁目14－１", "type": "鉄骨造", "basement": 0, "stories": 4.0, "evac_area": "４階廊下", "area_m2": 32.0, "capacity_per": "32", "year": "平成2年", "eq_resis": "新耐震", "elev_m": 0.6, "eq_int": "7", "tsu_depth": "2～3ｍ", "tsu_arriv": "30～40分", "long_period_inund": "1～2m", "site_entrance": "－", "bldg_entrance": "北側外階段", "to_enter_and_unlock": "外階段から24時間進入可能", "stairs_condition": "外階段1箇所", "other": null, "lon": 133.57033, "lat": 33.55269 }, "geometry": { "type": "Point", "coordinates": [ 133.57033, 33.55269 ] } },
{ "type": "Feature", "properties": { "id": 350, "school_district": "高須", "town_div": "高須", "elm_school_dist": "高須", "No": "高須50", "name": "サーパス高須中央", "address": "高知市高須１丁目16－２", "type": "鉄筋コンクリート造", "basement": 0, "stories": 10.0, "evac_area": "４階から６階の廊下", "area_m2": 160.0, "capacity_per": "150", "year": "平成18年", "eq_resis": "新耐震", "elev_m": 0.6, "eq_int": "7", "tsu_depth": "2～3ｍ", "tsu_arriv": "40～60分", "long_period_inund": "2～5m", "site_entrance": "－", "bldg_entrance": "正面入口及び外階段", "to_enter_and_unlock": "正面入口及び外階段入口より進入可能であるが、いずれもオートロックで施錠。各入口のドアは在宅住民が開錠する。緊急時にはドアを壊しても構わない。", "stairs_condition": "外階段2箇所（入口施錠）", "other": null, "lon": 133.58574, "lat": 33.55785 }, "geometry": { "type": "Point", "coordinates": [ 133.58574, 33.55785 ] } },
{ "type": "Feature", "properties": { "id": 351, "school_district": "高須", "town_div": "高須", "elm_school_dist": "高須", "No": "高須51", "name": "サーパス高須", "address": "高知市葛島４丁目３－14", "type": "鉄筋コンクリート造", "basement": 0, "stories": 8.0, "evac_area": "４階以上廊下", "area_m2": 392.0, "capacity_per": "392", "year": "昭和63年", "eq_resis": "新耐震", "elev_m": 0.6, "eq_int": "7", "tsu_depth": "2～3ｍ", "tsu_arriv": "30～40分", "long_period_inund": "2～5m", "site_entrance": "北側道路", "bldg_entrance": "東側及び西側外階段", "to_enter_and_unlock": "外階段から24時間進入可能", "stairs_condition": "外階段2箇所\n屋内1箇所", "other": null, "lon": 133.57408, "lat": 33.55555 }, "geometry": { "type": "Point", "coordinates": [ 133.57408, 33.55555 ] } },
{ "type": "Feature", "properties": { "id": 352, "school_district": "高須", "town_div": "高須", "elm_school_dist": "高須", "No": "高須52", "name": "グランディ", "address": "高知市高須新町３丁目１－36", "type": "鉄筋コンクリート造", "basement": 0, "stories": 7.0, "evac_area": "４階以上廊下", "area_m2": 125.0, "capacity_per": "124", "year": "平成10年", "eq_resis": "新耐震", "elev_m": 0.8, "eq_int": "7", "tsu_depth": "2～3ｍ", "tsu_arriv": "40～60分", "long_period_inund": "2～5m", "site_entrance": "南側道路", "bldg_entrance": "外階段", "to_enter_and_unlock": "オートロック\n緊急時にはドアを壊しても構わない", "stairs_condition": "外階段1箇所（入口内）", "other": null, "lon": 133.57523, "lat": 33.55622 }, "geometry": { "type": "Point", "coordinates": [ 133.57523, 33.55622 ] } },
{ "type": "Feature", "properties": { "id": 353, "school_district": "高須", "town_div": "高須", "elm_school_dist": "高須", "No": "高須53", "name": "パル・グランディ", "address": "高知市高須新町３丁目１－20", "type": "鉄筋コンクリート造", "basement": 0, "stories": 4.0, "evac_area": "４階廊下", "area_m2": 31.0, "capacity_per": "31", "year": "平成14年", "eq_resis": "新耐震", "elev_m": 1.2, "eq_int": "7", "tsu_depth": "2～3ｍ", "tsu_arriv": "30～40分", "long_period_inund": "2～5m", "site_entrance": "－", "bldg_entrance": "外階段", "to_enter_and_unlock": "外階段から24時間進入可能", "stairs_condition": "外階段1箇所", "other": null, "lon": 133.57523, "lat": 33.55622 }, "geometry": { "type": "Point", "coordinates": [ 133.57523, 33.55622 ] } },
{ "type": "Feature", "properties": { "id": 354, "school_district": "高須", "town_div": "高須", "elm_school_dist": "高須", "No": "高須54", "name": "高須グランドハイツ", "address": "高知市高須新町３丁目２－４", "type": "鉄筋コンクリート造", "basement": 0, "stories": 6.0, "evac_area": "４階以上廊下及びエレベーターホール", "area_m2": 124.0, "capacity_per": "123", "year": "昭和58年", "eq_resis": "新耐震", "elev_m": 0.7, "eq_int": "7", "tsu_depth": "2～3ｍ", "tsu_arriv": "30～40分", "long_period_inund": "2～5m", "site_entrance": "－", "bldg_entrance": "北側外階段", "to_enter_and_unlock": "外階段より24時間進入可能", "stairs_condition": "外階段2箇所", "other": null, "lon": 133.57526, "lat": 33.55563 }, "geometry": { "type": "Point", "coordinates": [ 133.57526, 33.55563 ] } },
{ "type": "Feature", "properties": { "id": 355, "school_district": "高須", "town_div": "高須", "elm_school_dist": "高須", "No": "高須55", "name": "ハイツフジオ", "address": "高知市高須２丁目１－７", "type": "鉄筋コンクリート造", "basement": 0, "stories": 8.0, "evac_area": "４階～７階：廊下及びエレベーターホール\n８階：廊下，バルコニー及びエレベーターホール", "area_m2": 311.0, "capacity_per": "311", "year": "平成3年", "eq_resis": "新耐震", "elev_m": 0.5, "eq_int": "7", "tsu_depth": "2～3ｍ", "tsu_arriv": "40～60分", "long_period_inund": "2～5m", "site_entrance": "－", "bldg_entrance": "外階段", "to_enter_and_unlock": "外階段より24時間進入可能", "stairs_condition": "外階段2箇所", "other": "入居者が自分の部屋へ戻れなくなった場合、入居者がどこまでまもられるのかが課題", "lon": 133.58383, "lat": 33.56006 }, "geometry": { "type": "Point", "coordinates": [ 133.58383, 33.56006 ] } },
{ "type": "Feature", "properties": { "id": 356, "school_district": "高須", "town_div": "高須", "elm_school_dist": "高須", "No": "高須56", "name": "ロゼ１", "address": "高知市高須新町１丁目13－26", "type": "鉄筋コンクリート造", "basement": 0, "stories": 5.0, "evac_area": "４階以上廊下", "area_m2": 73.0, "capacity_per": "73", "year": "昭和62年", "eq_resis": "新耐震", "elev_m": 0.6, "eq_int": "7", "tsu_depth": "2～3ｍ", "tsu_arriv": "30～40分", "long_period_inund": "2～5m", "site_entrance": "－", "bldg_entrance": "外階段", "to_enter_and_unlock": "外付け階段より24時間進入可能", "stairs_condition": "外階段1箇所", "other": "入居者が自分の部屋へ戻れなくなった場合、入居者がどこまでまもられるのかが課題", "lon": 133.57727, "lat": 33.55864 }, "geometry": { "type": "Point", "coordinates": [ 133.57727, 33.55864 ] } },
{ "type": "Feature", "properties": { "id": 357, "school_district": "高須", "town_div": "高須", "elm_school_dist": "高須", "No": "高須57", "name": "コスモハイツ高須２ A棟", "address": "高知市高須３丁目３－14", "type": "鉄筋コンクリート造", "basement": 0, "stories": 5.0, "evac_area": "４階以上廊下", "area_m2": 43.0, "capacity_per": "42", "year": "平成2年", "eq_resis": "新耐震", "elev_m": 1.3, "eq_int": "7", "tsu_depth": "2～3ｍ", "tsu_arriv": "60分以上", "long_period_inund": "1～2m", "site_entrance": "北側道路", "bldg_entrance": "外階段", "to_enter_and_unlock": "外付け階段より24時間進入可能", "stairs_condition": "外階段1箇所", "other": null, "lon": 133.58983, "lat": 33.5614 }, "geometry": { "type": "Point", "coordinates": [ 133.58983, 33.5614 ] } },
{ "type": "Feature", "properties": { "id": 358, "school_district": "高須", "town_div": "高須", "elm_school_dist": "高須", "No": "高須58", "name": "コスモハイツ高須２ B棟", "address": "高知市高須３丁目３－15", "type": "鉄筋コンクリート造", "basement": 0, "stories": 5.0, "evac_area": "４階以上廊下", "area_m2": 43.0, "capacity_per": "42", "year": "平成2年", "eq_resis": "新耐震", "elev_m": 1.3, "eq_int": "7", "tsu_depth": "2～3ｍ", "tsu_arriv": "60分以上", "long_period_inund": "1～2m", "site_entrance": "北側道路", "bldg_entrance": "外階段", "to_enter_and_unlock": "外付け階段より24時間進入可能", "stairs_condition": "外階段1箇所", "other": null, "lon": 133.58983, "lat": 33.5614 }, "geometry": { "type": "Point", "coordinates": [ 133.58983, 33.5614 ] } },
{ "type": "Feature", "properties": { "id": 359, "school_district": "高須", "town_div": "高須", "elm_school_dist": "高須", "No": "高須59", "name": "コスモハイツ高須２ C棟", "address": "高知市高須３丁目３－16", "type": "鉄筋コンクリート造", "basement": 0, "stories": 5.0, "evac_area": "４階以上廊下", "area_m2": 44.0, "capacity_per": "43", "year": "平成2年", "eq_resis": "新耐震", "elev_m": 1.3, "eq_int": "7", "tsu_depth": "2～3ｍ", "tsu_arriv": "60分以上", "long_period_inund": "1～2m", "site_entrance": "北側道路", "bldg_entrance": "外階段", "to_enter_and_unlock": "外付け階段より24時間進入可能", "stairs_condition": "外階段1箇所", "other": null, "lon": 133.58983, "lat": 33.5614 }, "geometry": { "type": "Point", "coordinates": [ 133.58983, 33.5614 ] } },
{ "type": "Feature", "properties": { "id": 360, "school_district": "高須", "town_div": "高須", "elm_school_dist": "高須", "No": "高須60", "name": "コーポ高須", "address": "高知市高須新町１丁目１－14", "type": "鉄筋コンクリート造", "basement": 0, "stories": 7.0, "evac_area": "4階から６階までの廊下及び物入通路", "area_m2": 170.0, "capacity_per": "168", "year": null, "eq_resis": "H24に耐震改修実施", "elev_m": 0.4, "eq_int": "7", "tsu_depth": "2～3ｍ", "tsu_arriv": "10～20分", "long_period_inund": "2～5m", "site_entrance": "－", "bldg_entrance": "外階段", "to_enter_and_unlock": "外付け階段より24時間進入可能", "stairs_condition": "外階段2箇所", "other": null, "lon": 133.5752, "lat": 33.55688 }, "geometry": { "type": "Point", "coordinates": [ 133.5752, 33.55688 ] } },
{ "type": "Feature", "properties": { "id": 361, "school_district": "高須", "town_div": "高須", "elm_school_dist": "高須", "No": "高須61", "name": "アルファステイツ高須", "address": "高知市葛島1丁目10－57", "type": "北館：鉄骨鉄筋コンクリート造、\n南館：鉄筋コンクリート造", "basement": 0, "stories": 15.0, "evac_area": "北館：４階以上廊下及びエレベーターホール\n南館：４階以上廊下及びエレベーターホール", "area_m2": 455.0, "capacity_per": "448", "year": "平成3年", "eq_resis": "新耐震", "elev_m": 0.5, "eq_int": "7", "tsu_depth": "2～3ｍ", "tsu_arriv": "0～5分", "long_period_inund": "2～5m", "site_entrance": "－", "bldg_entrance": "南館正面玄関", "to_enter_and_unlock": "オートロック、平日昼間の管理人勤務時は開錠可能\n各館東西の非常階段は逆マスターの錠がかかっている", "stairs_condition": "北館外階段２箇所（入口内）\n南館外階段２箇所（入口内）", "other": null, "lon": 133.57236, "lat": 33.5593 }, "geometry": { "type": "Point", "coordinates": [ 133.57236, 33.5593 ] } },
{ "type": "Feature", "properties": { "id": 362, "school_district": "高須", "town_div": "高須", "elm_school_dist": "高須", "No": "高須62", "name": "サーパス高須二番館", "address": "高知市高須三丁目14-31", "type": "鉄筋コンクリート造", "basement": 0, "stories": 10.0, "evac_area": "4階以上廊下", "area_m2": 420.0, "capacity_per": "413", "year": null, "eq_resis": null, "elev_m": 1.2, "eq_int": "7", "tsu_depth": "2～3ｍ", "tsu_arriv": "40～60分", "long_period_inund": "1～2m", "site_entrance": "北側道路\n西側道路", "bldg_entrance": "外階段2箇所", "to_enter_and_unlock": "オートロック\n緊急時にはドアを壊しても構わない", "stairs_condition": "外階段2箇所（施錠）", "other": null, "lon": 133.58934, "lat": 33.56356 }, "geometry": { "type": "Point", "coordinates": [ 133.58934, 33.56356 ] } },
{ "type": "Feature", "properties": { "id": 363, "school_district": "高須", "town_div": "高須", "elm_school_dist": "高須", "No": "高須63", "name": "メゾンキタムラ", "address": "高知市高須３丁目1-45", "type": "鉄筋コンクリート造", "basement": 0, "stories": 4.0, "evac_area": "４階廊下", "area_m2": 60.0, "capacity_per": "60", "year": null, "eq_resis": null, "elev_m": 1.0, "eq_int": "7", "tsu_depth": "2～3ｍ", "tsu_arriv": "40～60分", "long_period_inund": "1～2m", "site_entrance": "南西側道路", "bldg_entrance": "南西入口", "to_enter_and_unlock": "外階段から２４時間進入可能", "stairs_condition": "外階段２箇所", "other": null, "lon": 133.58842, "lat": 33.56255 }, "geometry": { "type": "Point", "coordinates": [ 133.58842, 33.56255 ] } },
{ "type": "Feature", "properties": { "id": 364, "school_district": "高須", "town_div": "高須", "elm_school_dist": "高須", "No": "高須64", "name": "メゾン北村Ⅱ", "address": "高知市高須３丁目2-20", "type": "鉄筋コンクリート造", "basement": 0, "stories": 4.0, "evac_area": "４階廊下", "area_m2": 38.0, "capacity_per": "37", "year": null, "eq_resis": null, "elev_m": 1.1, "eq_int": "7", "tsu_depth": "2～3ｍ", "tsu_arriv": "60分以上", "long_period_inund": "1～2m", "site_entrance": "北東側道路", "bldg_entrance": "北東外階段", "to_enter_and_unlock": "外階段より24時間進入可能", "stairs_condition": "外階段１箇所", "other": null, "lon": 133.58939, "lat": 33.56192 }, "geometry": { "type": "Point", "coordinates": [ 133.58939, 33.56192 ] } },
{ "type": "Feature", "properties": { "id": 365, "school_district": "高須", "town_div": "高須", "elm_school_dist": "高須", "No": "高須65", "name": "サーパス高須一番館", "address": "高知市高須３丁目14－30", "type": "鉄筋コンクリート造", "basement": 0, "stories": 11.0, "evac_area": "４階から１１階廊下", "area_m2": 276.0, "capacity_per": "272", "year": null, "eq_resis": null, "elev_m": 1.4, "eq_int": "7", "tsu_depth": "2～3ｍ", "tsu_arriv": "60分以上", "long_period_inund": "1～2m", "site_entrance": "－", "bldg_entrance": "外部階段", "to_enter_and_unlock": "オートロック\n緊急時にはドアを壊しても構わない", "stairs_condition": "外階段２箇所", "other": null, "lon": 133.58934, "lat": 33.56356 }, "geometry": { "type": "Point", "coordinates": [ 133.58934, 33.56356 ] } },
{ "type": "Feature", "properties": { "id": 366, "school_district": "高須", "town_div": "高須", "elm_school_dist": "高須", "No": "高須66", "name": "サーパス高須第３", "address": "高知高須１丁目8－15", "type": "南棟：鉄骨鉄筋コンクリート造\n東棟：鉄筋コンクリート造", "basement": 0, "stories": 12.0, "evac_area": "南棟：４階から９階までの廊下\n東棟：４階から７階までの廊下", "area_m2": 457.0, "capacity_per": "450", "year": "1993年", "eq_resis": "新耐震基準", "elev_m": 0.9, "eq_int": "7", "tsu_depth": "2～3ｍ", "tsu_arriv": "40～60分", "long_period_inund": "1～2m", "site_entrance": "－", "bldg_entrance": "外階段２箇所", "to_enter_and_unlock": "オートロック　\n緊急時にはドアを壊しても構わない", "stairs_condition": "外階段２箇所", "other": null, "lon": 133.5825, "lat": 33.55868 }, "geometry": { "type": "Point", "coordinates": [ 133.5825, 33.55868 ] } },
{ "type": "Feature", "properties": { "id": 401, "school_district": "介良", "town_div": "介良", "elm_school_dist": "介良", "No": "介良１", "name": "高知東郵便局", "address": "高知市介良乙952－１", "type": "鉄筋コンクリート造", "basement": 0, "stories": 3.0, "evac_area": "屋上駐車場，事務所棟３階食堂", "area_m2": 2126.0, "capacity_per": "2,126", "year": null, "eq_resis": null, "elev_m": 1.4, "eq_int": "7", "tsu_depth": "1～2ｍ", "tsu_arriv": "60分以上", "long_period_inund": "1～2m", "site_entrance": "－", "bldg_entrance": "北側駐車場スロープ、南西側通用口", "to_enter_and_unlock": "スロープは常時開錠、通用口は施錠しているが、職員が24時間対応可能", "stairs_condition": "屋内階段１箇所\nスロープ", "other": null, "lon": 133.59505, "lat": 33.56166 }, "geometry": { "type": "Point", "coordinates": [ 133.59505, 33.56166 ] } },
{ "type": "Feature", "properties": { "id": 402, "school_district": "介良", "town_div": "介良", "elm_school_dist": "介良", "No": "介良２", "name": "介良小学校", "address": "高知市介良乙2735－1", "type": "鉄筋コンクリート造", "basement": 0, "stories": 3.0, "evac_area": "南舎３階屋上", "area_m2": 770.0, "capacity_per": "769", "year": "昭和53年", "eq_resis": null, "elev_m": 2.0, "eq_int": "7", "tsu_depth": "1～2ｍ", "tsu_arriv": "60分以上", "long_period_inund": "1～2m", "site_entrance": "北門、西門", "bldg_entrance": "南舎西側避難階段", "to_enter_and_unlock": "外階段より24時間進入可能（蹴破り）", "stairs_condition": "外階段1箇所", "other": "南舎屋上が避難場所となっているため、風雨をしのげない。あくまで一時避難場所である。", "lon": 133.60228, "lat": 33.55669 }, "geometry": { "type": "Point", "coordinates": [ 133.60228, 33.55669 ] } },
{ "type": "Feature", "properties": { "id": 403, "school_district": "介良", "town_div": "介良", "elm_school_dist": "介良", "No": "介良３", "name": "サーパス高須東弐番館", "address": "高知市介良乙1028-１", "type": "鉄筋コンクリート造", "basement": 0, "stories": 10.0, "evac_area": "４階から８階までの廊下", "area_m2": 223.0, "capacity_per": "220", "year": null, "eq_resis": null, "elev_m": 1.2, "eq_int": "7", "tsu_depth": "2～3ｍ", "tsu_arriv": "60分以上", "long_period_inund": "1～2m", "site_entrance": "－", "bldg_entrance": "正面玄関\n北側２箇所の外階段", "to_enter_and_unlock": "オートロック\n玄関ホールを通らず、直接外階段下の扉を破って進入する", "stairs_condition": "外階段2箇所（施錠）", "other": null, "lon": 133.59552, "lat": 33.56067 }, "geometry": { "type": "Point", "coordinates": [ 133.59552, 33.56067 ] } },
{ "type": "Feature", "properties": { "id": 404, "school_district": "介良", "town_div": "介良", "elm_school_dist": "介良", "No": "介良４", "name": "介良中学校", "address": "高知市介良乙2620", "type": "鉄筋コンクリート造", "basement": 0, "stories": 3.0, "evac_area": "中舎及び中西舎３階屋上", "area_m2": 442.0, "capacity_per": "441", "year": "中：昭和51年、\n中西：昭和57年", "eq_resis": "\n新耐震", "elev_m": 1.6, "eq_int": "7", "tsu_depth": "1～2ｍ", "tsu_arriv": "60分以上", "long_period_inund": "1～2m", "site_entrance": "正門、北門、東門", "bldg_entrance": "北側外付階段", "to_enter_and_unlock": "外付階段より24時間進入可能（蹴破り）", "stairs_condition": "外階段1箇所\n屋内1箇所", "other": null, "lon": 133.60376, "lat": 33.55634 }, "geometry": { "type": "Point", "coordinates": [ 133.60376, 33.55634 ] } },
{ "type": "Feature", "properties": { "id": 405, "school_district": "介良", "town_div": "介良", "elm_school_dist": "介良", "No": "介良５", "name": "イチゴいちえ", "address": "高知市介良乙3042-１", "type": "鉄筋コンクリート造", "basement": 0, "stories": 4.0, "evac_area": "３階屋上，４階廊下及び談話室", "area_m2": 170.0, "capacity_per": "170", "year": null, "eq_resis": null, "elev_m": 1.6, "eq_int": "7", "tsu_depth": "1～2ｍ", "tsu_arriv": "60分以上", "long_period_inund": "1～2m", "site_entrance": "－", "bldg_entrance": "北側正面\n南側外階段", "to_enter_and_unlock": "正面は６時～２１時開錠。外階段から屋上へは常時避難可（但し施設入口は施錠の可能性大、住人が開錠）", "stairs_condition": "屋内１箇所\n外階段１箇所", "other": "勤務者（特に夜間）が一人のときの対応が難しい", "lon": 133.60091, "lat": 33.55802 }, "geometry": { "type": "Point", "coordinates": [ 133.60091, 33.55802 ] } },
{ "type": "Feature", "properties": { "id": 406, "school_district": "介良", "town_div": "介良", "elm_school_dist": "介良", "No": "介良６", "name": "本江田川排水機場", "address": "高知市介良乙3659－2", "type": "鉄筋コンクリート造", "basement": 0, "stories": 3.0, "evac_area": "３階避難スペース", "area_m2": 38.0, "capacity_per": "38", "year": null, "eq_resis": null, "elev_m": 2.8, "eq_int": "６強", "tsu_depth": "0.3～１ｍ", "tsu_arriv": "60分以上", "long_period_inund": "1～2m", "site_entrance": "西門", "bldg_entrance": "正面玄関", "to_enter_and_unlock": "通常鍵がかかっている\n緊急時にはドアを壊しても構わない", "stairs_condition": "内階段１箇所", "other": null, "lon": 133.59938, "lat": 33.55265 }, "geometry": { "type": "Point", "coordinates": [ 133.59938, 33.55265 ] } },
{ "type": "Feature", "properties": { "id": 501, "school_district": "大津", "town_div": "大津", "elm_school_dist": "大津", "No": "大津１", "name": "大津中学校", "address": "高知市大津乙740－１", "type": "鉄筋コンクリート造", "basement": 0, "stories": 4.0, "evac_area": "校舎４階", "area_m2": 614.0, "capacity_per": "614", "year": "昭和56年", "eq_resis": "平成22年耐震補強", "elev_m": 1.6, "eq_int": "7", "tsu_depth": "1～2ｍ", "tsu_arriv": "60分以上", "long_period_inund": "1～2m", "site_entrance": "北門", "bldg_entrance": "北側正面玄関", "to_enter_and_unlock": "平日7時～17時開錠、自動解錠装置付キーボックスあり", "stairs_condition": "屋内1箇所", "other": null, "lon": 133.59604, "lat": 33.5691 }, "geometry": { "type": "Point", "coordinates": [ 133.59604, 33.5691 ] } },
{ "type": "Feature", "properties": { "id": 502, "school_district": "大津", "town_div": "大津", "elm_school_dist": "大津", "No": "大津２", "name": "ハーモナイズおおつ1号棟", "address": "高知市大津乙845", "type": "鉄筋コンクリート造", "basement": 0, "stories": 7.0, "evac_area": "４～７階廊下及びエレベーターホール", "area_m2": 562.0, "capacity_per": "562", "year": null, "eq_resis": null, "elev_m": 2.0, "eq_int": "7", "tsu_depth": "1～2ｍ", "tsu_arriv": "60分以上", "long_period_inund": "1～2m", "site_entrance": "東西道路", "bldg_entrance": "外階段２箇所\n北側正面玄関\n南側入口", "to_enter_and_unlock": "入口は開放されており、避難場所へは24時間進入可能", "stairs_condition": "外階段2箇所\n屋内1箇所", "other": null, "lon": 133.59491, "lat": 33.56947 }, "geometry": { "type": "Point", "coordinates": [ 133.59491, 33.56947 ] } },
{ "type": "Feature", "properties": { "id": 503, "school_district": "大津", "town_div": "大津", "elm_school_dist": "大津", "No": "大津３", "name": "ハーモナイズおおつ2号棟", "address": "高知市大津乙845", "type": "鉄筋コンクリート造", "basement": 0, "stories": 8.0, "evac_area": "４～８階廊下及びエレベーターホール", "area_m2": 766.0, "capacity_per": "766", "year": null, "eq_resis": null, "elev_m": 2.0, "eq_int": "7", "tsu_depth": "1～2ｍ", "tsu_arriv": "60分以上", "long_period_inund": "1～2m", "site_entrance": "東西道路", "bldg_entrance": "外階段２箇所\n南側正面玄関\n北側入口", "to_enter_and_unlock": "入口は開放されており、避難場所へは24時間進入可能", "stairs_condition": "外階段2箇所\n屋内1箇所", "other": null, "lon": 133.59491, "lat": 33.56947 }, "geometry": { "type": "Point", "coordinates": [ 133.59491, 33.56947 ] } },
{ "type": "Feature", "properties": { "id": 504, "school_district": "大津", "town_div": "大津", "elm_school_dist": "大津", "No": "大津４", "name": "県営住宅大津団地１号棟", "address": "高知市大津乙318", "type": "鉄筋コンクリート造", "basement": 0, "stories": 5.0, "evac_area": "４階以上廊下，エレベーターホール\n（居住スペースを除く）", "area_m2": 110.0, "capacity_per": "109", "year": null, "eq_resis": null, "elev_m": 5.4, "eq_int": "7", "tsu_depth": "－", "tsu_arriv": "－", "long_period_inund": "-", "site_entrance": "北側進入路", "bldg_entrance": "西側及び東側外階段", "to_enter_and_unlock": "外階段から進入可能", "stairs_condition": "外階段2箇所", "other": null, "lon": 133.60309, "lat": 33.56718 }, "geometry": { "type": "Point", "coordinates": [ 133.60309, 33.56718 ] } },
{ "type": "Feature", "properties": { "id": 505, "school_district": "大津", "town_div": "大津", "elm_school_dist": "大津", "No": "大津５", "name": "県営住宅大津団地２号棟", "address": "高知市大津乙318", "type": "鉄筋コンクリート造", "basement": 0, "stories": 4.0, "evac_area": "４階廊下，エレベーターホール\n（居住スペースを除く）", "area_m2": 45.0, "capacity_per": "44", "year": null, "eq_resis": null, "elev_m": 5.5, "eq_int": "7", "tsu_depth": "－", "tsu_arriv": "－", "long_period_inund": "-", "site_entrance": "北側進入路", "bldg_entrance": "西側及び東側外階段", "to_enter_and_unlock": "外階段から進入可能", "stairs_condition": "外階段2箇所", "other": null, "lon": 133.60309, "lat": 33.56718 }, "geometry": { "type": "Point", "coordinates": [ 133.60309, 33.56718 ] } },
{ "type": "Feature", "properties": { "id": 506, "school_district": "大津", "town_div": "大津", "elm_school_dist": "大津", "No": "大津６", "name": "土佐リハビリテーションカレッジ（講義棟）", "address": "高知市大津乙2500－２", "type": "鉄筋コンクリート造", "basement": 0, "stories": 4.0, "evac_area": "屋上,４階廊下", "area_m2": 1187.0, "capacity_per": "1,187", "year": null, "eq_resis": null, "elev_m": 2.2, "eq_int": "7", "tsu_depth": "1～2ｍ", "tsu_arriv": "60分以上", "long_period_inund": "1～2m", "site_entrance": "西側正門", "bldg_entrance": "北側正面\n南側入口", "to_enter_and_unlock": "平日7時半～9時半開錠。休日・夜間は入口が施錠されるが、津波襲来の恐れがある際には破壊して進入することが出来る", "stairs_condition": "屋内２箇所", "other": null, "lon": 133.58702, "lat": 33.56474 }, "geometry": { "type": "Point", "coordinates": [ 133.58702, 33.56474 ] } },
{ "type": "Feature", "properties": { "id": 507, "school_district": "大津", "town_div": "大津", "elm_school_dist": "大津", "No": "大津７", "name": "（株）青柳本社工場", "address": "高知市大津乙1741", "type": "鉄骨造", "basement": 0, "stories": 3.0, "evac_area": "屋上", "area_m2": 376.0, "capacity_per": "376", "year": null, "eq_resis": null, "elev_m": 1.9, "eq_int": "7", "tsu_depth": "1～2ｍ", "tsu_arriv": "60分以上", "long_period_inund": "1～2m", "site_entrance": "南側道路", "bldg_entrance": "外付階段\n正面玄関\n北側入口\n南側入口", "to_enter_and_unlock": "外付階段を利用して2階入口に到達し、閉場時には非常スイッチを押して施設内に進入し、施設内の階段から避難スペースの屋上へ上がる。", "stairs_condition": "外階段及び屋内階段１箇所", "other": null, "lon": 133.59488, "lat": 33.57386 }, "geometry": { "type": "Point", "coordinates": [ 133.59488, 33.57386 ] } },
{ "type": "Feature", "properties": { "id": 508, "school_district": "大津", "town_div": "大津", "elm_school_dist": "大津", "No": "大津８", "name": "テポーレヒル", "address": "高知市大津乙1245－７", "type": "鉄筋コンクリート造", "basement": 0, "stories": 4.0, "evac_area": "４階廊下", "area_m2": 19.0, "capacity_per": "18", "year": null, "eq_resis": null, "elev_m": 3.5, "eq_int": "7", "tsu_depth": "0.3～1ｍ", "tsu_arriv": "60分以上", "long_period_inund": "0～0.5m", "site_entrance": "南側道路", "bldg_entrance": "外階段", "to_enter_and_unlock": "通常の出入口から24時間進入可能", "stairs_condition": "外階段1箇所", "other": null, "lon": 133.60544, "lat": 33.57578 }, "geometry": { "type": "Point", "coordinates": [ 133.60544, 33.57578 ] } },
{ "type": "Feature", "properties": { "id": 509, "school_district": "大津", "town_div": "大津", "elm_school_dist": "大津", "No": "大津９", "name": "マリベールグローリエ", "address": "高知市大津乙1245－２", "type": "鉄筋コンクリート造", "basement": 0, "stories": 4.0, "evac_area": "４階廊下", "area_m2": 31.0, "capacity_per": "31", "year": null, "eq_resis": null, "elev_m": 3.5, "eq_int": "7", "tsu_depth": "0.3～1ｍ", "tsu_arriv": "60分以上", "long_period_inund": "0～0.5m", "site_entrance": "－", "bldg_entrance": "外階段", "to_enter_and_unlock": "通常の出入口（外階段）から24時間進入可能", "stairs_condition": "外階段1箇所", "other": null, "lon": 133.60544, "lat": 33.57578 }, "geometry": { "type": "Point", "coordinates": [ 133.60544, 33.57578 ] } },
{ "type": "Feature", "properties": { "id": 510, "school_district": "大津", "town_div": "大津", "elm_school_dist": "大津", "No": "大津10", "name": "サンシティ２", "address": "高知市大津乙879－２", "type": "鉄筋コンクリート造", "basement": 0, "stories": 5.0, "evac_area": "４階以上廊下", "area_m2": 61.0, "capacity_per": "60", "year": "平成6年", "eq_resis": "新耐震", "elev_m": 2.5, "eq_int": "7", "tsu_depth": "1～2ｍ", "tsu_arriv": "60分以上", "long_period_inund": "1～2m", "site_entrance": "－", "bldg_entrance": "北側外階段", "to_enter_and_unlock": "外階段より24時間進入可能", "stairs_condition": "外階段1箇所", "other": null, "lon": 133.59406, "lat": 33.57106 }, "geometry": { "type": "Point", "coordinates": [ 133.59406, 33.57106 ] } },
{ "type": "Feature", "properties": { "id": 511, "school_district": "大津", "town_div": "大津", "elm_school_dist": "大津", "No": "大津11", "name": "ロゼ３", "address": "高知市大津乙878－１", "type": "鉄筋コンクリート造", "basement": 0, "stories": 11.0, "evac_area": "４階以上廊下", "area_m2": 432.0, "capacity_per": "432", "year": "平成5年", "eq_resis": "新耐震", "elev_m": 2.4, "eq_int": "7", "tsu_depth": "1～2ｍ", "tsu_arriv": "60分以上", "long_period_inund": "1～2m", "site_entrance": "北側道路", "bldg_entrance": "外階段2箇所", "to_enter_and_unlock": "外階段より24時間進入可能", "stairs_condition": "外階段2箇所", "other": "外部の人が一斉に避難してきた場合、入居者が部屋に戻れるのか、入居者をどうして守るかが課題", "lon": 133.59708, "lat": 33.57038 }, "geometry": { "type": "Point", "coordinates": [ 133.59708, 33.57038 ] } },
{ "type": "Feature", "properties": { "id": 512, "school_district": "大津", "town_div": "大津", "elm_school_dist": "大津", "No": "大津12", "name": "大津小学校", "address": "高知市大津乙972", "type": "鉄筋コンクリート造", "basement": 0, "stories": 3.0, "evac_area": "北東舎及び南東舎屋上", "area_m2": 681.0, "capacity_per": "680", "year": "北東：昭和48年、南東：昭和47年", "eq_resis": "平成22年耐震補強", "elev_m": 2.1, "eq_int": "7", "tsu_depth": "1～2ｍ", "tsu_arriv": "60分以上", "long_period_inund": "0.5～1m", "site_entrance": "北門、東門、南門", "bldg_entrance": "北側外階段", "to_enter_and_unlock": "外階段より24時間進入可能（蹴破り）", "stairs_condition": "外階段1箇所", "other": null, "lon": 133.59897, "lat": 33.57177 }, "geometry": { "type": "Point", "coordinates": [ 133.59897, 33.57177 ] } },
{ "type": "Feature", "properties": { "id": 513, "school_district": "大津", "town_div": "大津", "elm_school_dist": "大津", "No": "大津13", "name": "高知県教育センター", "address": "高知市大津乙181", "type": "鉄筋コンクリート造", "basement": 0, "stories": 4.0, "evac_area": "西棟屋上及び東棟屋上", "area_m2": 292.0, "capacity_per": "292", "year": null, "eq_resis": "平成29年耐震改修", "elev_m": 1.9, "eq_int": "7", "tsu_depth": "1～2ｍ", "tsu_arriv": "60分以上", "long_period_inund": "0.5～１ｍ", "site_entrance": "西門", "bldg_entrance": "西側入り口", "to_enter_and_unlock": "自動解錠装置付キーボックス設置予定", "stairs_condition": "内階段２箇所", "other": null, "lon": 133.60188, "lat": 33.57012 }, "geometry": { "type": "Point", "coordinates": [ 133.60188, 33.57012 ] } },
{ "type": "Feature", "properties": { "id": 602, "school_district": "潮江東", "town_div": "潮江", "elm_school_dist": "潮江東", "No": "潮江東２", "name": "ステラ桟橋", "address": "高知市桟橋通５丁目６－12", "type": "鉄筋コンクリート造", "basement": 0, "stories": 8.0, "evac_area": "屋上，３階以上廊下\n（居住スペースを除く）", "area_m2": 302.0, "capacity_per": "302", "year": null, "eq_resis": null, "elev_m": 1.7, "eq_int": "6強", "tsu_depth": "2～3ｍ", "tsu_arriv": "30～40分", "long_period_inund": "1～2m", "site_entrance": "東側道路", "bldg_entrance": "玄関", "to_enter_and_unlock": "24時間進入可能", "stairs_condition": "外階段1箇所", "other": null, "lon": 133.55096, "lat": 33.53914 }, "geometry": { "type": "Point", "coordinates": [ 133.55096, 33.53914 ] } },
{ "type": "Feature", "properties": { "id": 603, "school_district": "潮江東", "town_div": "潮江", "elm_school_dist": "潮江東", "No": "潮江東３", "name": "潮江東小学校", "address": "高知市潮新町２丁目１－54", "type": "鉄筋コンクリート造", "basement": 0, "stories": 3.0, "evac_area": "北舎及び南舎屋上", "area_m2": 922.0, "capacity_per": "921", "year": "北：平成6年\n南：昭和31年", "eq_resis": "新耐震\n", "elev_m": 0.5, "eq_int": "6強", "tsu_depth": "3～5ｍ", "tsu_arriv": "30～40分", "long_period_inund": "2～5m", "site_entrance": "西門、東門", "bldg_entrance": "南舎：外階段\n北舎：南入口", "to_enter_and_unlock": "自動解錠装置付キーボックス（北舎）、外階段（南舎、蹴破り）", "stairs_condition": "外階段1箇所\n屋内2箇所", "other": null, "lon": 133.55148, "lat": 33.55088 }, "geometry": { "type": "Point", "coordinates": [ 133.55148, 33.55088 ] } },
{ "type": "Feature", "properties": { "id": 604, "school_district": "潮江東", "town_div": "潮江", "elm_school_dist": "潮江東", "No": "潮江東４", "name": "高知市青年センター（あすぱる高知）", "address": "高知市桟橋通２丁目１－50", "type": "鉄筋コンクリート造", "basement": 0, "stories": 7.0, "evac_area": "４階以上\n（４階あったかスペースを除く）", "area_m2": 1645.0, "capacity_per": "1,645", "year": null, "eq_resis": null, "elev_m": 1.0, "eq_int": "6弱", "tsu_depth": "2～3ｍ", "tsu_arriv": "40～60分", "long_period_inund": "1～2m", "site_entrance": "－", "bldg_entrance": "西入口、東入口", "to_enter_and_unlock": "8時半～22時開錠。夜間及び祝祭日、毎月20日（休館日）は施錠。南海地震と思われる地震発生の際には、対象となる施設の扉、窓等を住民が破壊して入室することも可能", "stairs_condition": "屋内2箇所", "other": null, "lon": 133.54739, "lat": 33.54991 }, "geometry": { "type": "Point", "coordinates": [ 133.54739, 33.54991 ] } },
{ "type": "Feature", "properties": { "id": 605, "school_district": "潮江東", "town_div": "潮江", "elm_school_dist": "潮江東", "No": "潮江東５", "name": "潮江水再生センター（管理棟）", "address": "高知市南新田町５－69", "type": "鉄筋コンクリート造", "basement": 0, "stories": 3.0, "evac_area": "３階会議室（監視操作室を除く），屋上", "area_m2": 830.0, "capacity_per": "830", "year": null, "eq_resis": null, "elev_m": 2.0, "eq_int": "7", "tsu_depth": "1～2ｍ", "tsu_arriv": "30～40分", "long_period_inund": "0.5～1m", "site_entrance": "北側正門", "bldg_entrance": "北側入口", "to_enter_and_unlock": "24時間体制で職員あるいは外部委託スタッフがおり、開錠等に対応が可能", "stairs_condition": "屋内2箇所", "other": null, "lon": 133.55827, "lat": 33.54713 }, "geometry": { "type": "Point", "coordinates": [ 133.55827, 33.54713 ] } },
{ "type": "Feature", "properties": { "id": 606, "school_district": "潮江東", "town_div": "潮江", "elm_school_dist": "潮江東", "No": "潮江東６", "name": "（株）四電工高知支店", "address": "高知市桟橋通２丁目２－25", "type": "鉄骨造", "basement": 0, "stories": 4.0, "evac_area": "４階廊下等共用スペース及び屋上", "area_m2": 332.0, "capacity_per": "331", "year": null, "eq_resis": null, "elev_m": 1.1, "eq_int": "6弱", "tsu_depth": "3～5ｍ", "tsu_arriv": "40～60分", "long_period_inund": "1～2m", "site_entrance": "西側入口\n東側入口", "bldg_entrance": "建物東側外階段", "to_enter_and_unlock": "屋上まで通じる外階段があり、24時間進入可能", "stairs_condition": "外階段1箇所\n屋内1箇所", "other": null, "lon": 133.54773, "lat": 33.54863 }, "geometry": { "type": "Point", "coordinates": [ 133.54773, 33.54863 ] } },
{ "type": "Feature", "properties": { "id": 607, "school_district": "潮江東", "town_div": "潮江", "elm_school_dist": "潮江東", "No": "潮江東７", "name": "シンセイ高知店（立体駐車場）", "address": "高知市桟橋通１丁目１－30", "type": "鉄骨造", "basement": 0, "stories": 4.0, "evac_area": "４階以上", "area_m2": 2835.0, "capacity_per": "2,834", "year": null, "eq_resis": null, "elev_m": 1.2, "eq_int": "6強", "tsu_depth": "2～3ｍ", "tsu_arriv": "40～60分", "long_period_inund": "1～2m", "site_entrance": "－", "bldg_entrance": "東側及び西側入口", "to_enter_and_unlock": "駐車場部分は２４時間解放されており、避難が可能", "stairs_condition": "外階段１箇所\nスロープ", "other": null, "lon": 133.54521, "lat": 33.55237 }, "geometry": { "type": "Point", "coordinates": [ 133.54521, 33.55237 ] } },
{ "type": "Feature", "properties": { "id": 608, "school_district": "潮江東", "town_div": "潮江", "elm_school_dist": "潮江東", "No": "潮江東８", "name": "アステールＫ", "address": "高知市桟橋通１丁目10－６", "type": "鉄筋コンクリート造", "basement": 0, "stories": 7.0, "evac_area": "４～７階廊下", "area_m2": 301.0, "capacity_per": "300", "year": "昭和58年", "eq_resis": "新耐震", "elev_m": 0.8, "eq_int": "6強", "tsu_depth": "3～5ｍ", "tsu_arriv": "40～60分", "long_period_inund": "1～2m", "site_entrance": "－", "bldg_entrance": "南北2箇所の外階段", "to_enter_and_unlock": "24時間進入可能", "stairs_condition": "外階段2箇所", "other": null, "lon": 133.54651, "lat": 33.55075 }, "geometry": { "type": "Point", "coordinates": [ 133.54651, 33.55075 ] } },
{ "type": "Feature", "properties": { "id": 609, "school_district": "潮江東", "town_div": "潮江", "elm_school_dist": "潮江東", "No": "潮江東９", "name": "高知南中学校・高校", "address": "高知市桟橋通６丁目２－１", "type": "鉄骨鉄筋コンクリート造", "basement": 0, "stories": 4.0, "evac_area": "北舎４階及び屋上，南舎４階", "area_m2": 2367.0, "capacity_per": "2,366", "year": null, "eq_resis": null, "elev_m": 1.3, "eq_int": "6強", "tsu_depth": "3～5ｍ", "tsu_arriv": "30～40分", "long_period_inund": "1～2m", "site_entrance": "南門、西門、東門", "bldg_entrance": "外階段", "to_enter_and_unlock": "正門は昼間開錠、東門は常時施錠（地元等は合鍵あり）\n北舎屋上へは外付階段（蹴破りあり）によって24時間の避難が可能", "stairs_condition": "外階段1箇所\n屋内3箇所", "other": null, "lon": 133.55338, "lat": 33.54266 }, "geometry": { "type": "Point", "coordinates": [ 133.55338, 33.54266 ] } },
{ "type": "Feature", "properties": { "id": 610, "school_district": "潮江東", "town_div": "潮江", "elm_school_dist": "潮江東", "No": "潮江東10", "name": "フィッシングハヤシ", "address": "高知市梅ノ辻５－１", "type": "鉄筋コンクリート造", "basement": 0, "stories": 5.0, "evac_area": "４階通路及び事務所，\n５階通路及びバルコニ－", "area_m2": 507.0, "capacity_per": "506", "year": null, "eq_resis": null, "elev_m": 2.1, "eq_int": "6強", "tsu_depth": "1～2ｍ", "tsu_arriv": "40～60分", "long_period_inund": "0.5～1m", "site_entrance": "－", "bldg_entrance": "西側正面\n東側通用口", "to_enter_and_unlock": "平日9時～21時、日祝9時～19時開錠。夜間等閉店時には建物東側の通用口から進入（施錠しているが、開錠可）", "stairs_condition": "外階段１箇所\n屋内１箇所", "other": null, "lon": 133.54381, "lat": 33.55449 }, "geometry": { "type": "Point", "coordinates": [ 133.54381, 33.55449 ] } },
{ "type": "Feature", "properties": { "id": 611, "school_district": "潮江東", "town_div": "潮江", "elm_school_dist": "潮江東", "No": "潮江東11", "name": "有料老人ホームつばさ", "address": "高知市桟橋通１丁目７－18", "type": "鉄筋コンクリート造", "basement": 0, "stories": 4.0, "evac_area": "４階エレベーターホール，４階屋上", "area_m2": 294.0, "capacity_per": "294", "year": null, "eq_resis": null, "elev_m": 1.1, "eq_int": "6強", "tsu_depth": "2～3ｍ", "tsu_arriv": "40～60分", "long_period_inund": "1～2m", "site_entrance": "－", "bldg_entrance": "正面玄関", "to_enter_and_unlock": "7時～18時開錠。２４時間の有人管理がされており、避難が可能", "stairs_condition": "屋内１箇所", "other": null, "lon": 133.54613, "lat": 33.55111 }, "geometry": { "type": "Point", "coordinates": [ 133.54613, 33.55111 ] } },
{ "type": "Feature", "properties": { "id": 612, "school_district": "潮江東", "town_div": "潮江", "elm_school_dist": "潮江東", "No": "潮江東12", "name": "介護老人保健施設　梅壽苑", "address": "高知市土居町９－18", "type": "鉄筋コンクリート造", "basement": 0, "stories": 7.0, "evac_area": "４階及び５階：廊下及びバルコニー\n６階：廊下，バルコニー及び脱衣室\n７階：廊下，会議室及び屋上", "area_m2": 605.0, "capacity_per": "604", "year": null, "eq_resis": null, "elev_m": 1.4, "eq_int": "6強", "tsu_depth": "2～3ｍ", "tsu_arriv": "40～60分", "long_period_inund": "1～2m", "site_entrance": "－", "bldg_entrance": "西側正面入口\n西側通用口", "to_enter_and_unlock": "19時～5時施錠。昼間は各出入り口から進入可能\n夜間は常時待機の病院関係者が開錠", "stairs_condition": "屋内2箇所", "other": null, "lon": 133.54469, "lat": 33.55445 }, "geometry": { "type": "Point", "coordinates": [ 133.54469, 33.55445 ] } },
{ "type": "Feature", "properties": { "id": 613, "school_district": "潮江東", "town_div": "潮江", "elm_school_dist": "潮江東", "No": "潮江東13", "name": "潮江高橋病院　北棟", "address": "高知市土居町９－18", "type": "鉄筋コンクリート造（一部鉄骨造）", "basement": 0, "stories": 6.0, "evac_area": "６階：職員食堂及び休憩室", "area_m2": 74.0, "capacity_per": "73", "year": null, "eq_resis": null, "elev_m": 2.2, "eq_int": "6強", "tsu_depth": "1～2ｍ", "tsu_arriv": "40～60分", "long_period_inund": "1～2m", "site_entrance": "－", "bldg_entrance": "西側通用口\n南側通用口", "to_enter_and_unlock": "昼間は各出入り口から進入可能\n夜間は常時待機の病院関係者が開錠", "stairs_condition": "屋内2箇所", "other": null, "lon": 133.54469, "lat": 33.55445 }, "geometry": { "type": "Point", "coordinates": [ 133.54469, 33.55445 ] } },
{ "type": "Feature", "properties": { "id": 614, "school_district": "潮江東", "town_div": "潮江", "elm_school_dist": "潮江東", "No": "潮江東14", "name": "Ｈｏｔｅｌ　Ｋｏ’ｓ　Ｓｔｙｌｅ", "address": "高知市土居町８－８", "type": "鉄筋コンクリート造", "basement": 0, "stories": 6.0, "evac_area": "４階及び５階：廊下，バルコニーお\nよびエレベーターホール\n６階：屋外テラス，バルコニー及び\nエレベーターホール", "area_m2": 191.0, "capacity_per": "191", "year": "平成18年", "eq_resis": "新耐震", "elev_m": 2.2, "eq_int": "6強", "tsu_depth": "1～2ｍ", "tsu_arriv": "30～40分", "long_period_inund": "1～2m", "site_entrance": "－", "bldg_entrance": "1階南西外階段", "to_enter_and_unlock": "外階段各階のドアは施錠されているが、24時間常駐している施設従業員が開錠できるので、そこから進入可能\n緊急時には、ドアを壊しても構わない", "stairs_condition": "外階段1箇所（各階施錠）", "other": null, "lon": 133.54443, "lat": 33.5549 }, "geometry": { "type": "Point", "coordinates": [ 133.54443, 33.5549 ] } },
{ "type": "Feature", "properties": { "id": 615, "school_district": "潮江東", "town_div": "潮江", "elm_school_dist": "潮江東", "No": "潮江東15", "name": "メゾン・レーヴ潮江", "address": "高知市土居町16－４", "type": "鉄骨造", "basement": 0, "stories": 4.0, "evac_area": "４階廊下", "area_m2": 34.0, "capacity_per": "33", "year": null, "eq_resis": null, "elev_m": 1.3, "eq_int": "6強", "tsu_depth": "2～3ｍ", "tsu_arriv": "40～60分", "long_period_inund": "1～2m", "site_entrance": "－", "bldg_entrance": "外階段", "to_enter_and_unlock": "通常の出入口（外階段）から24時間進入可能", "stairs_condition": "外階段1箇所", "other": null, "lon": 133.54536, "lat": 33.55349 }, "geometry": { "type": "Point", "coordinates": [ 133.54536, 33.55349 ] } },
{ "type": "Feature", "properties": { "id": 616, "school_district": "潮江東", "town_div": "潮江", "elm_school_dist": "潮江東", "No": "潮江東16", "name": "潮江マンションＡ", "address": "高知市桟橋通１丁目２－28", "type": "鉄骨鉄筋コンクリート造", "basement": 0, "stories": 10.0, "evac_area": "４階以上廊下及びエレベーターホール", "area_m2": 532.0, "capacity_per": "531", "year": "－", "eq_resis": "－", "elev_m": 1.3, "eq_int": "6強", "tsu_depth": "2～3ｍ", "tsu_arriv": "40～60分", "long_period_inund": "1～2m", "site_entrance": "－", "bldg_entrance": "正面玄関\n外階段", "to_enter_and_unlock": "２４時間進入可能。ただし、屋上へは施錠有", "stairs_condition": "外階段２箇所", "other": null, "lon": 133.54572, "lat": 33.5528 }, "geometry": { "type": "Point", "coordinates": [ 133.54572, 33.5528 ] } },
{ "type": "Feature", "properties": { "id": 617, "school_district": "潮江東", "town_div": "潮江", "elm_school_dist": "潮江東", "No": "潮江東17", "name": "ポートハイム28", "address": "高知市桟橋通５丁目６－１", "type": "鉄骨鉄筋コンクリート造", "basement": 0, "stories": 9.0, "evac_area": "４階以上廊下及びエレベーターホール", "area_m2": 164.0, "capacity_per": "164", "year": "平成4年", "eq_resis": "新耐震", "elev_m": 1.7, "eq_int": "6強", "tsu_depth": "3～5ｍ", "tsu_arriv": "30～40分", "long_period_inund": "2～5m", "site_entrance": "－", "bldg_entrance": "外階段", "to_enter_and_unlock": "外階段から24時間進入可能", "stairs_condition": "外階段1箇所", "other": null, "lon": 133.55096, "lat": 33.53914 }, "geometry": { "type": "Point", "coordinates": [ 133.55096, 33.53914 ] } },
{ "type": "Feature", "properties": { "id": 618, "school_district": "潮江東", "town_div": "潮江", "elm_school_dist": "潮江東", "No": "潮江東18", "name": "（株）轟組", "address": "高知市萩町１丁目５－13", "type": "鉄筋コンクリート造", "basement": 0, "stories": 4.0, "evac_area": "４階ホール，和室及びテラス", "area_m2": 599.0, "capacity_per": "599", "year": "平成7年", "eq_resis": "新耐震", "elev_m": 1.8, "eq_int": "7", "tsu_depth": "1～2ｍ", "tsu_arriv": "30～40分", "long_period_inund": "1～2m", "site_entrance": "南側入口", "bldg_entrance": "正面入口", "to_enter_and_unlock": "夜間休日は施錠", "stairs_condition": "屋内1箇所", "other": null, "lon": 133.5547, "lat": 33.54687 }, "geometry": { "type": "Point", "coordinates": [ 133.5547, 33.54687 ] } },
{ "type": "Feature", "properties": { "id": 619, "school_district": "潮江東", "town_div": "潮江", "elm_school_dist": "潮江東", "No": "潮江東19", "name": "高知港湾合同庁舎", "address": "高知市桟橋通五丁目4-55", "type": "鉄筋コンクリート造", "basement": 0, "stories": 3.0, "evac_area": "屋上一部", "area_m2": 126.0, "capacity_per": "125", "year": null, "eq_resis": null, "elev_m": 2.7, "eq_int": "6強", "tsu_depth": "1～2ｍ", "tsu_arriv": "30～40分", "long_period_inund": "0～0.5m", "site_entrance": "北側道路", "bldg_entrance": "正面入口", "to_enter_and_unlock": "緊急時にはドアを壊しても構わない", "stairs_condition": "屋内1箇所", "other": null, "lon": 133.55237, "lat": 33.53874 }, "geometry": { "type": "Point", "coordinates": [ 133.55237, 33.53874 ] } },
{ "type": "Feature", "properties": { "id": 620, "school_district": "潮江東", "town_div": "潮江", "elm_school_dist": "潮江東", "No": "潮江東20", "name": "潮江市民図書館", "address": "高知市桟橋通２丁目１番50号", "type": "鉄筋コンクリート造", "basement": 0, "stories": 4.0, "evac_area": "４階：プレイルーム，和室，廊下，ベランダ\n屋上", "area_m2": 424.0, "capacity_per": "424", "year": null, "eq_resis": "令和２年耐震補強", "elev_m": 2.0, "eq_int": "６弱", "tsu_depth": "2～3ｍ", "tsu_arriv": "40～60分", "long_period_inund": "1～2m", "site_entrance": "西側道路", "bldg_entrance": "正面入口", "to_enter_and_unlock": "自動解錠装置付キーボックスを設置予定", "stairs_condition": "屋内１か所\n外階段１か所", "other": null, "lon": 133.54739, "lat": 33.54991 }, "geometry": { "type": "Point", "coordinates": [ 133.54739, 33.54991 ] } },
{ "type": "Feature", "properties": { "id": 621, "school_district": "潮江東", "town_div": "潮江", "elm_school_dist": "潮江東", "No": "潮江東21", "name": "トランスポート避難ビル", "address": "高知市桟橋通６丁目１番２号", "type": "鉄骨造", "basement": 0, "stories": 2.0, "evac_area": "２階屋上", "area_m2": 126.0, "capacity_per": "126", "year": null, "eq_resis": "新耐震", "elev_m": 2.4, "eq_int": "６強", "tsu_depth": "1～2ｍ", "tsu_arriv": "40～60分", "long_period_inund": "0.5～１m", "site_entrance": "南側道路", "bldg_entrance": "外階段", "to_enter_and_unlock": null, "stairs_condition": "屋外１箇所", "other": null, "lon": 133.55292, "lat": 33.54149 }, "geometry": { "type": "Point", "coordinates": [ 133.55292, 33.54149 ] } },
{ "type": "Feature", "properties": { "id": 701, "school_district": "潮江", "town_div": "潮江", "elm_school_dist": "潮江", "No": "潮江１", "name": "土佐中学校・高校", "address": "高知市塩屋崎町１丁目１－10", "type": "鉄筋コンクリート造", "basement": 0, "stories": 3.0, "evac_area": "体育館棟アリーナ", "area_m2": 1736.0, "capacity_per": "1,736", "year": null, "eq_resis": null, "elev_m": 1.5, "eq_int": "6強", "tsu_depth": "2～3ｍ", "tsu_arriv": "40～60分", "long_period_inund": "1～2m", "site_entrance": "北側正門\n南門、東門", "bldg_entrance": "アリーナ外階段", "to_enter_and_unlock": "7時～17時半開錠\n４町内会に鍵（門・アリーナ）を貸与（百石町一丁目町内会、梅ノ辻町内会、潮江中央町内会、塩屋崎町内会）", "stairs_condition": "アリーナ外階段２箇所", "other": null, "lon": 133.5426, "lat": 33.55235 }, "geometry": { "type": "Point", "coordinates": [ 133.5426, 33.55235 ] } },
{ "type": "Feature", "properties": { "id": 702, "school_district": "潮江", "town_div": "潮江", "elm_school_dist": "潮江", "No": "潮江２", "name": "潮江中学校", "address": "高知市塩屋崎町1丁目２－20", "type": "鉄筋コンクリート造", "basement": 0, "stories": 4.0, "evac_area": "校舎４階及び屋上", "area_m2": 1921.0, "capacity_per": "1,921", "year": "北：昭和61年\n南：昭和50年", "eq_resis": "北：新耐震、南：平成16年耐震補強", "elev_m": 1.5, "eq_int": "6強", "tsu_depth": "2～3ｍ", "tsu_arriv": "40～60分", "long_period_inund": "1～2m", "site_entrance": "南門、東門、北門", "bldg_entrance": "正面玄関（南）", "to_enter_and_unlock": "平日7時半～20時開錠、自動解錠装置付キーボックスあり（入口、屋上鍵）", "stairs_condition": "屋内階段4箇所", "other": null, "lon": 133.54068, "lat": 33.55291 }, "geometry": { "type": "Point", "coordinates": [ 133.54068, 33.55291 ] } },
{ "type": "Feature", "properties": { "id": 703, "school_district": "潮江", "town_div": "潮江", "elm_school_dist": "潮江", "No": "潮江３", "name": "百石町市営住宅", "address": "高知市百石町３丁目１－33", "type": "鉄筋コンクリート造", "basement": 0, "stories": 10.0, "evac_area": "４階以上廊下，エレベーターホール\n（居住スペースを除く）", "area_m2": 1204.0, "capacity_per": "1,204", "year": "平成10年", "eq_resis": "新耐震", "elev_m": 0.7, "eq_int": "6強", "tsu_depth": "3～5ｍ", "tsu_arriv": "40～60分", "long_period_inund": "2～5m", "site_entrance": "東西道路", "bldg_entrance": "外階段", "to_enter_and_unlock": "進入可能", "stairs_condition": "外階段２箇所\n屋内1箇所", "other": null, "lon": 133.54802, "lat": 33.54528 }, "geometry": { "type": "Point", "coordinates": [ 133.54802, 33.54528 ] } },
{ "type": "Feature", "properties": { "id": 704, "school_district": "潮江", "town_div": "潮江", "elm_school_dist": "潮江", "No": "潮江４", "name": "北竹島町市営住宅１号棟", "address": "高知市北竹島町29-1", "type": "鉄筋コンクリート造", "basement": 0, "stories": 11.0, "evac_area": "４階以上廊下，エレベーターホール\n（居住スペースを除く）", "area_m2": 1280.0, "capacity_per": "1,280", "year": "平成5年", "eq_resis": "新耐震", "elev_m": 1.0, "eq_int": "6強", "tsu_depth": "3～5ｍ", "tsu_arriv": "40～60分", "long_period_inund": "2～5m", "site_entrance": "－", "bldg_entrance": "外階段", "to_enter_and_unlock": "進入可能", "stairs_condition": "外階段2箇所\n屋内1箇所", "other": null, "lon": 133.53958, "lat": 33.54538 }, "geometry": { "type": "Point", "coordinates": [ 133.53958, 33.54538 ] } },
{ "type": "Feature", "properties": { "id": 705, "school_district": "潮江", "town_div": "潮江", "elm_school_dist": "潮江", "No": "潮江５", "name": "北竹島町市営住宅２号棟", "address": "高知市北竹島町29－１", "type": "鉄筋コンクリート造", "basement": 0, "stories": 11.0, "evac_area": "４階以上廊下，エレベーターホール\n（居住スペースを除く）", "area_m2": 1200.0, "capacity_per": "1,200", "year": "平成7年", "eq_resis": "新耐震", "elev_m": 1.0, "eq_int": "6強", "tsu_depth": "3～5ｍ", "tsu_arriv": "40～60分", "long_period_inund": "2～5m", "site_entrance": "－", "bldg_entrance": "外階段", "to_enter_and_unlock": "進入可能", "stairs_condition": "外階段2箇所\n屋内1箇所", "other": null, "lon": 133.53958, "lat": 33.54538 }, "geometry": { "type": "Point", "coordinates": [ 133.53958, 33.54538 ] } },
{ "type": "Feature", "properties": { "id": 706, "school_district": "潮江", "town_div": "潮江", "elm_school_dist": "潮江", "No": "潮江６", "name": "潮江第一コミュニティ住宅", "address": "高知市百石町４丁目15－４", "type": "鉄筋コンクリート造", "basement": 0, "stories": 4.0, "evac_area": "４階廊下（居住スペースを除く）", "area_m2": 45.0, "capacity_per": "45", "year": "平成11年", "eq_resis": "新耐震", "elev_m": 0.5, "eq_int": "6強", "tsu_depth": "3～5ｍ", "tsu_arriv": "40～60分", "long_period_inund": "2～5m", "site_entrance": "－", "bldg_entrance": "外階段", "to_enter_and_unlock": "外階段より24時間進入可能", "stairs_condition": "外階段2箇所", "other": null, "lon": 133.54498, "lat": 33.54372 }, "geometry": { "type": "Point", "coordinates": [ 133.54498, 33.54372 ] } },
{ "type": "Feature", "properties": { "id": 707, "school_district": "潮江", "town_div": "潮江", "elm_school_dist": "潮江", "No": "潮江７", "name": "潮江第二コミュニティ住宅", "address": "高知市百石町３丁目６－８", "type": "鉄筋コンクリート造", "basement": 0, "stories": 7.0, "evac_area": "４階以上廊下，バルコニー,コミュニティスペース（居住スペースを除く）", "area_m2": 704.0, "capacity_per": "704", "year": "平成13年", "eq_resis": "新耐震", "elev_m": 0.8, "eq_int": "6強", "tsu_depth": "3～5ｍ", "tsu_arriv": "40～60分", "long_period_inund": "2～5m", "site_entrance": "－", "bldg_entrance": "外階段", "to_enter_and_unlock": "外階段より24時間進入可能", "stairs_condition": "外階段2箇所\n屋内1箇所", "other": null, "lon": 133.54596, "lat": 33.54639 }, "geometry": { "type": "Point", "coordinates": [ 133.54596, 33.54639 ] } },
{ "type": "Feature", "properties": { "id": 708, "school_district": "潮江", "town_div": "潮江", "elm_school_dist": "潮江", "No": "潮江８", "name": "潮江第三コミュニティ住宅", "address": "高知市桟橋通３丁目32－26", "type": "鉄筋コンクリート造", "basement": 0, "stories": 5.0, "evac_area": "４階以上廊下\n（居住スペースを除く）", "area_m2": 116.0, "capacity_per": "116", "year": "平成17年", "eq_resis": "新耐震", "elev_m": 0.8, "eq_int": "6強", "tsu_depth": "3～5ｍ", "tsu_arriv": "40～60分", "long_period_inund": "2～5m", "site_entrance": "－", "bldg_entrance": "外階段", "to_enter_and_unlock": "外階段より24時間進入可能", "stairs_condition": "外階段2箇所", "other": null, "lon": 133.54698, "lat": 33.54682 }, "geometry": { "type": "Point", "coordinates": [ 133.54698, 33.54682 ] } },
{ "type": "Feature", "properties": { "id": 709, "school_district": "潮江", "town_div": "潮江", "elm_school_dist": "潮江", "No": "潮江９", "name": "高知市上下水道局", "address": "高知市桟橋通３丁目31－11", "type": "鉄筋コンクリート造", "basement": 0, "stories": 4.0, "evac_area": "４階及び屋上\n（倉庫，事務室を除く）", "area_m2": 1368.0, "capacity_per": "1,367", "year": null, "eq_resis": null, "elev_m": 0.9, "eq_int": "6強", "tsu_depth": "3～5ｍ", "tsu_arriv": "40～60分", "long_period_inund": "2～5m", "site_entrance": "東、南、西門", "bldg_entrance": "正面玄関、通用口", "to_enter_and_unlock": "1階駐車場からの入口は24時間開錠", "stairs_condition": "屋内2箇所", "other": null, "lon": 133.54794, "lat": 33.547 }, "geometry": { "type": "Point", "coordinates": [ 133.54794, 33.547 ] } },
{ "type": "Feature", "properties": { "id": 710, "school_district": "潮江", "town_div": "潮江", "elm_school_dist": "潮江", "No": "潮江10", "name": "高知工業高校", "address": "高知市桟橋通２丁目11－６", "type": "鉄筋コンクリート造", "basement": 0, "stories": 4.0, "evac_area": "１号館，２号館及び３号館の４階教室及び廊下，２号館屋上", "area_m2": 2214.0, "capacity_per": "2,213", "year": null, "eq_resis": null, "elev_m": 1.1, "eq_int": "6強", "tsu_depth": "2～3ｍ", "tsu_arriv": "40～60分", "long_period_inund": "1～2m", "site_entrance": "東門、南門、西門、北門", "bldg_entrance": "１，２号館は北側及び南側入口\n３号館は東側及び西側通路", "to_enter_and_unlock": "昼間は開錠、夜間は警備員が常駐", "stairs_condition": "屋内4箇所", "other": null, "lon": 133.54599, "lat": 33.54826 }, "geometry": { "type": "Point", "coordinates": [ 133.54599, 33.54826 ] } },
{ "type": "Feature", "properties": { "id": 711, "school_district": "潮江", "town_div": "潮江", "elm_school_dist": "潮江", "No": "潮江11", "name": "リヴィエール大高", "address": "高知市梅ノ辻21－14", "type": "鉄筋コンクリート造", "basement": 0, "stories": 8.0, "evac_area": "４～８階廊下及び屋上", "area_m2": 469.0, "capacity_per": "468", "year": null, "eq_resis": null, "elev_m": 1.8, "eq_int": "6強", "tsu_depth": "1～2ｍ", "tsu_arriv": "30～40分", "long_period_inund": "1～2m", "site_entrance": "－", "bldg_entrance": "正面入口", "to_enter_and_unlock": "入口はオートロック式であるが、停電と同時に手動で解放可能・地震発生のみで停電が無い場合には閉鎖されたままとなるが、その場合には住民が破壊して入室することを所有者が了解", "stairs_condition": "外階段１箇所（入口内）", "other": "８階から屋上への扉は施錠", "lon": 133.54156, "lat": 33.55506 }, "geometry": { "type": "Point", "coordinates": [ 133.54156, 33.55506 ] } },
{ "type": "Feature", "properties": { "id": 712, "school_district": "潮江", "town_div": "潮江", "elm_school_dist": "潮江", "No": "潮江12", "name": "ジョンマンマンション", "address": "高知市天神町４－21", "type": "鉄筋コンクリート造", "basement": 0, "stories": 6.0, "evac_area": "４階以上廊下等共用スペース\n(居住スペースを除く）", "area_m2": 37.0, "capacity_per": "36", "year": null, "eq_resis": null, "elev_m": 1.9, "eq_int": "6強", "tsu_depth": "2～3ｍ", "tsu_arriv": "40～60分", "long_period_inund": "1～2m", "site_entrance": "北側道路", "bldg_entrance": "北側外階段", "to_enter_and_unlock": "外部に解放された外階段があり、２４時間避難が可能", "stairs_condition": "外階段１箇所", "other": null, "lon": 133.54115, "lat": 33.55415 }, "geometry": { "type": "Point", "coordinates": [ 133.54115, 33.55415 ] } },
{ "type": "Feature", "properties": { "id": 713, "school_district": "潮江", "town_div": "潮江", "elm_school_dist": "潮江", "No": "潮江13", "name": "セントラルディーボ桟橋店（立体駐車場）", "address": "高知市桟橋通４丁目16－６", "type": "鉄骨造", "basement": 0, "stories": 5.0, "evac_area": "立体駐車場４階以上", "area_m2": 2075.0, "capacity_per": "2,075", "year": null, "eq_resis": null, "elev_m": 1.0, "eq_int": "6強", "tsu_depth": "3～5ｍ", "tsu_arriv": "40～60分", "long_period_inund": "2～5m", "site_entrance": "－", "bldg_entrance": "東側入口、北側入口", "to_enter_and_unlock": "車両入口は閉店時にはチェーンにより閉鎖\n非常階段は常時開放", "stairs_condition": "階段２箇所", "other": null, "lon": 133.54895, "lat": 33.54473 }, "geometry": { "type": "Point", "coordinates": [ 133.54895, 33.54473 ] } },
{ "type": "Feature", "properties": { "id": 714, "school_district": "潮江", "town_div": "潮江", "elm_school_dist": "潮江", "No": "潮江14", "name": "潮江小学校", "address": "高知市百石町２丁目４－40", "type": "鉄筋コンクリート造", "basement": 0, "stories": 3.0, "evac_area": "中舎及び南舎屋上", "area_m2": 1423.0, "capacity_per": "1,422", "year": "昭和45年", "eq_resis": "平成22年耐震補強", "elev_m": 1.2, "eq_int": "6強", "tsu_depth": "2～3ｍ", "tsu_arriv": "40～60分", "long_period_inund": "1～2m", "site_entrance": "東門、西門", "bldg_entrance": "中舎及び南舎避難階段", "to_enter_and_unlock": "外階段（蹴破り）", "stairs_condition": "外階段2箇所", "other": null, "lon": 133.5425, "lat": 33.54883 }, "geometry": { "type": "Point", "coordinates": [ 133.5425, 33.54883 ] } },
{ "type": "Feature", "properties": { "id": 715, "school_district": "潮江", "town_div": "潮江", "elm_school_dist": "潮江", "No": "潮江15", "name": "エルミタージュ天神", "address": "高知市天神町２－６", "type": "鉄筋コンクリート造", "basement": 0, "stories": 6.0, "evac_area": "４階以上廊下", "area_m2": 66.0, "capacity_per": "66", "year": "平成11年", "eq_resis": "新耐震", "elev_m": 1.8, "eq_int": "6強", "tsu_depth": "1～2ｍ", "tsu_arriv": "30～40分", "long_period_inund": "1～2m", "site_entrance": "南側、北側", "bldg_entrance": "南側正面玄関、北側入口", "to_enter_and_unlock": "外階段から２４時間進入可能", "stairs_condition": "外階段１箇所", "other": null, "lon": 133.54092, "lat": 33.55476 }, "geometry": { "type": "Point", "coordinates": [ 133.54092, 33.55476 ] } },
{ "type": "Feature", "properties": { "id": 716, "school_district": "潮江", "town_div": "潮江", "elm_school_dist": "潮江", "No": "潮江16", "name": "クレアフジモト", "address": "高知市天神町14－23", "type": "鉄骨鉄筋コンクリート造", "basement": 0, "stories": 8.0, "evac_area": "４階以上廊下", "area_m2": 105.0, "capacity_per": "104", "year": "平成17年", "eq_resis": "新耐震", "elev_m": 2.7, "eq_int": "6強", "tsu_depth": "1～2ｍ", "tsu_arriv": "40～60分", "long_period_inund": "1～2m", "site_entrance": "南側、北側", "bldg_entrance": "北側正面玄関、南側出入口", "to_enter_and_unlock": "オートロック\n緊急時にはドアを壊しても構わない", "stairs_condition": "外階段１箇所", "other": null, "lon": 133.53845, "lat": 33.55386 }, "geometry": { "type": "Point", "coordinates": [ 133.53845, 33.55386 ] } },
{ "type": "Feature", "properties": { "id": 717, "school_district": "潮江", "town_div": "潮江", "elm_school_dist": "潮江", "No": "潮江17", "name": "パル・ボナール", "address": "高知市梅ノ辻９－７", "type": "鉄筋コンクリート造", "basement": 0, "stories": 4.0, "evac_area": "４階廊下", "area_m2": 18.0, "capacity_per": "18", "year": "平成9年", "eq_resis": "新耐震", "elev_m": 1.5, "eq_int": "6強", "tsu_depth": "2～3ｍ", "tsu_arriv": "40～60分", "long_period_inund": "1～2m", "site_entrance": "－", "bldg_entrance": "1階東側外階段", "to_enter_and_unlock": "外階段より24時間進入可能", "stairs_condition": "外階段1箇所", "other": null, "lon": 133.54298, "lat": 33.55347 }, "geometry": { "type": "Point", "coordinates": [ 133.54298, 33.55347 ] } },
{ "type": "Feature", "properties": { "id": 718, "school_district": "潮江", "town_div": "潮江", "elm_school_dist": "潮江", "No": "潮江18", "name": "セントヴィレッジ", "address": "高知市桟橋通１丁目11-13", "type": "鉄筋コンクリート造", "basement": 0, "stories": 7.0, "evac_area": "４階以上廊下", "area_m2": 47.0, "capacity_per": "47", "year": "平成4年", "eq_resis": "新耐震", "elev_m": 1.1, "eq_int": "6強", "tsu_depth": "2～3ｍ", "tsu_arriv": "40～60分", "long_period_inund": "1～2m", "site_entrance": "－", "bldg_entrance": "1階外階段", "to_enter_and_unlock": "外階段より24時間進入可能", "stairs_condition": "外階段1箇所", "other": null, "lon": 133.54562, "lat": 33.55046 }, "geometry": { "type": "Point", "coordinates": [ 133.54562, 33.55046 ] } },
{ "type": "Feature", "properties": { "id": 719, "school_district": "潮江", "town_div": "潮江", "elm_school_dist": "潮江", "No": "潮江19", "name": "カームリヴ", "address": "高知市桟橋通１丁目13－12", "type": "鉄骨鉄筋コンクリート造", "basement": 0, "stories": 8.0, "evac_area": "４階以上廊下", "area_m2": 150.0, "capacity_per": "150", "year": "平成9年", "eq_resis": "新耐震", "elev_m": 1.1, "eq_int": "6強", "tsu_depth": "2～3ｍ", "tsu_arriv": "40～60分", "long_period_inund": "1～2m", "site_entrance": "－", "bldg_entrance": "西側正面入口\n南東側通路", "to_enter_and_unlock": "外階段より24時間進入可能", "stairs_condition": "外階段1箇所", "other": null, "lon": 133.54478, "lat": 33.5517 }, "geometry": { "type": "Point", "coordinates": [ 133.54478, 33.5517 ] } },
{ "type": "Feature", "properties": { "id": 720, "school_district": "潮江", "town_div": "潮江", "elm_school_dist": "潮江", "No": "潮江20", "name": "オリザビル", "address": "高知市桟橋通１丁目12－17", "type": "鉄筋コンクリート造", "basement": 0, "stories": 8.0, "evac_area": "５階：廊下，エレベーターホール，休憩室，デイルーム\n８階：屋上庭園", "area_m2": 320.0, "capacity_per": "319", "year": "平成16年", "eq_resis": "新耐震", "elev_m": 1.0, "eq_int": "6強", "tsu_depth": "2～3ｍ", "tsu_arriv": "40～60分", "long_period_inund": "1～2m", "site_entrance": "－", "bldg_entrance": "北側外階段\n正面入口", "to_enter_and_unlock": "外階段から２４時間進入可能", "stairs_condition": "外階段１箇所（施錠）\n屋内１箇所", "other": null, "lon": 133.54518, "lat": 33.55105 }, "geometry": { "type": "Point", "coordinates": [ 133.54518, 33.55105 ] } },
{ "type": "Feature", "properties": { "id": 721, "school_district": "潮江", "town_div": "潮江", "elm_school_dist": "潮江", "No": "潮江21", "name": "梅ノ辻クリニック", "address": "高知市梅ノ辻８－７", "type": "鉄骨造", "basement": 0, "stories": 5.0, "evac_area": "４階：エレベーターホール，パワーリハビリテーション室，バルコニー\n５階：廊下，エレベーターホール，会議室，医局", "area_m2": 229.0, "capacity_per": "228", "year": "平成3年", "eq_resis": "新耐震", "elev_m": 1.5, "eq_int": "6強", "tsu_depth": "2～3ｍ", "tsu_arriv": "40～60分", "long_period_inund": "1～2m", "site_entrance": "－", "bldg_entrance": "正面入口\n南西側入口", "to_enter_and_unlock": "月～土の開館時間は開錠。日・祝・夜間は施錠しているが、緊急時にはドアを壊して進入する。", "stairs_condition": "屋内１箇所", "other": null, "lon": 133.54364, "lat": 33.55346 }, "geometry": { "type": "Point", "coordinates": [ 133.54364, 33.55346 ] } },
{ "type": "Feature", "properties": { "id": 722, "school_district": "潮江", "town_div": "潮江", "elm_school_dist": "潮江", "No": "潮江22", "name": "四国銀行　潮江支店", "address": "高知市桟橋通３丁目31番３号", "type": "鉄筋コンクリート造", "basement": 0, "stories": 3.0, "evac_area": "２階屋上及び３階屋上", "area_m2": 160.0, "capacity_per": "160", "year": "平成28年", "eq_resis": "新耐震", "elev_m": 0.8, "eq_int": "6強", "tsu_depth": "3～5ｍ", "tsu_arriv": "40～60分", "long_period_inund": "1～2m", "site_entrance": "―", "bldg_entrance": "正面入口\n外階段", "to_enter_and_unlock": "外部階段あり。扉は施錠されているが震度５弱以上の揺れを感知した場合，自動で扉が開く仕組みになっている。", "stairs_condition": "外部階段１箇所，内部階段１箇所", "other": null, "lon": 133.54794, "lat": 33.547 }, "geometry": { "type": "Point", "coordinates": [ 133.54794, 33.547 ] } },
{ "type": "Feature", "properties": { "id": 723, "school_district": "潮江", "town_div": "潮江", "elm_school_dist": "潮江", "No": "潮江23", "name": "桟橋住宅", "address": "高知市桟橋通１丁目12-15", "type": "鉄骨鉄筋コンクリート造一部鉄筋コンクリート造", "basement": 0, "stories": 10.0, "evac_area": "屋上", "area_m2": 249.0, "capacity_per": "249", "year": "昭和53年", "eq_resis": "耐震診断によって確認済み（検査年月日：令和２年２月12日）", "elev_m": 1.1, "eq_int": "6強", "tsu_depth": "2～3ｍ", "tsu_arriv": "40～60分", "long_period_inund": "1～2m", "site_entrance": "―", "bldg_entrance": "北東入口\n南西入口", "to_enter_and_unlock": "屋上入口に南京錠あり。同住宅に在住の管理者が開錠する。", "stairs_condition": "内部階段２箇所", "other": null, "lon": 133.54518, "lat": 33.55105 }, "geometry": { "type": "Point", "coordinates": [ 133.54518, 33.55105 ] } },
{ "type": "Feature", "properties": { "id": 724, "school_district": "潮江", "town_div": "潮江", "elm_school_dist": "潮江", "No": "潮江24", "name": "ライフ", "address": "高知市桟橋通１丁目14‐２", "type": "鉄筋コンクリート造", "basement": 0, "stories": 7.0, "evac_area": "４階～７階廊下", "area_m2": 86.0, "capacity_per": "84", "year": "令和３年", "eq_resis": "新耐震", "elev_m": 1.5, "eq_int": "6強", "tsu_depth": "2～3ｍ", "tsu_arriv": "40～60分", "long_period_inund": "1～2m", "site_entrance": "―", "bldg_entrance": "西側階段", "to_enter_and_unlock": null, "stairs_condition": "外階段１箇所", "other": null, "lon": 133.54408, "lat": 33.55276 }, "geometry": { "type": "Point", "coordinates": [ 133.54408, 33.55276 ] } },
{ "type": "Feature", "properties": { "id": 801, "school_district": "潮江南", "town_div": "潮江", "elm_school_dist": "潮江南", "No": "潮江南１", "name": "潮江南小学校", "address": "高知市高見町248－１", "type": "鉄筋コンクリート造", "basement": 0, "stories": 4.0, "evac_area": "北舎４階及び屋上，南舎屋上\n（コンピュータ室を除く）", "area_m2": 1700.0, "capacity_per": "1,699", "year": "昭和48年", "eq_resis": "平成14年耐震補強", "elev_m": 1.2, "eq_int": "7", "tsu_depth": "2～3ｍ", "tsu_arriv": "40～60分", "long_period_inund": "1～2m", "site_entrance": "東門、西門", "bldg_entrance": "東昇降口、西昇降口", "to_enter_and_unlock": "平日7時半～17時開錠。夜間休日は施錠。自動解錠装置付キーボックスあり（東西昇降口）。", "stairs_condition": "屋内2箇所", "other": "H29.6.　指定避難場所の変更（南舎屋上を追加）", "lon": 133.53964, "lat": 33.54123 }, "geometry": { "type": "Point", "coordinates": [ 133.53964, 33.54123 ] } },
{ "type": "Feature", "properties": { "id": 802, "school_district": "潮江南", "town_div": "潮江", "elm_school_dist": "潮江南", "No": "潮江南２", "name": "高知河川国道事務所", "address": "高知市六泉寺町９６－７", "type": "鉄筋コンクリート造", "basement": 0, "stories": 4.0, "evac_area": "４階大会議室", "area_m2": 50.0, "capacity_per": "50", "year": null, "eq_resis": null, "elev_m": 2.6, "eq_int": "7", "tsu_depth": "1～2ｍ", "tsu_arriv": "60分以上", "long_period_inund": "0.5～1m", "site_entrance": "西側入口", "bldg_entrance": "北側玄関", "to_enter_and_unlock": "休日・夜間は情報連絡員（当直）がおり、24時間進入可能", "stairs_condition": "屋内2箇所", "other": null, "lon": 133.54549, "lat": 33.53714 }, "geometry": { "type": "Point", "coordinates": [ 133.54549, 33.53714 ] } },
{ "type": "Feature", "properties": { "id": 804, "school_district": "潮江南", "town_div": "潮江", "elm_school_dist": "潮江南", "No": "潮江南４", "name": "第２六泉寺ビル", "address": "高知市六泉寺町221－１", "type": "鉄筋コンクリート造", "basement": 0, "stories": 4.0, "evac_area": "４階廊下", "area_m2": 46.0, "capacity_per": "45", "year": null, "eq_resis": null, "elev_m": 1.2, "eq_int": "7", "tsu_depth": "2～3ｍ", "tsu_arriv": "40～60分", "long_period_inund": "1～2m", "site_entrance": "－", "bldg_entrance": "南西側外階段", "to_enter_and_unlock": "通常の出入口（外階段）から２４時間進入可能", "stairs_condition": "外階段１箇所", "other": null, "lon": 133.5416, "lat": 33.53857 }, "geometry": { "type": "Point", "coordinates": [ 133.5416, 33.53857 ] } },
{ "type": "Feature", "properties": { "id": 805, "school_district": "潮江南", "town_div": "潮江", "elm_school_dist": "潮江南", "No": "潮江南５", "name": "新高産業社屋", "address": "高知市南竹島町53－３", "type": "鉄骨造", "basement": 0, "stories": 4.0, "evac_area": "事務所棟及び工場棟屋上", "area_m2": 486.0, "capacity_per": "485", "year": null, "eq_resis": null, "elev_m": 0.8, "eq_int": "6強", "tsu_depth": "3～5ｍ", "tsu_arriv": "30～40分", "long_period_inund": "2～5m", "site_entrance": "北側入口", "bldg_entrance": "外階段\n正面入口", "to_enter_and_unlock": "工場棟屋上へは、外階段から24時間進入可能であり、事務所棟屋上へは通常入口から進入可能ではあるが、夜間等施錠時にはドアを壊しても構わない", "stairs_condition": "外階段1箇所\n屋内1箇所", "other": null, "lon": 133.54715, "lat": 33.53935 }, "geometry": { "type": "Point", "coordinates": [ 133.54715, 33.53935 ] } },
{ "type": "Feature", "properties": { "id": 806, "school_district": "潮江南", "town_div": "潮江", "elm_school_dist": "潮江南", "No": "潮江南６", "name": "マルハン高知桟橋店（立体駐車場）", "address": "高知市南ノ丸町３－１", "type": "鉄骨造", "basement": 0, "stories": 4.0, "evac_area": "立体駐車場（４階及び屋上）", "area_m2": 3469.0, "capacity_per": "3,469", "year": "平成22年", "eq_resis": "新耐震", "elev_m": 1.0, "eq_int": "6弱", "tsu_depth": "3～5ｍ", "tsu_arriv": "40～60分", "long_period_inund": "1～2m", "site_entrance": "北西入口", "bldg_entrance": "外階段、スロープ", "to_enter_and_unlock": "２４時間開放されており避難が可能", "stairs_condition": "外階段２箇所\nスロープ", "other": null, "lon": 133.54817, "lat": 33.54177 }, "geometry": { "type": "Point", "coordinates": [ 133.54817, 33.54177 ] } },
{ "type": "Feature", "properties": { "id": 807, "school_district": "潮江南", "town_div": "潮江", "elm_school_dist": "潮江南", "No": "潮江南７", "name": "高知県トラック会館", "address": "高知市南ノ丸町５－17", "type": "鉄筋コンクリート造", "basement": 0, "stories": 4.0, "evac_area": "屋上", "area_m2": 78.0, "capacity_per": "78", "year": "昭和59年", "eq_resis": "新耐震", "elev_m": 0.7, "eq_int": "6弱", "tsu_depth": "3～5ｍ", "tsu_arriv": "40～60分", "long_period_inund": "2～5m", "site_entrance": "－", "bldg_entrance": "正面玄関", "to_enter_and_unlock": "平日8時半～17時開錠、夜間休日は施錠", "stairs_condition": "屋内1箇所", "other": null, "lon": 133.54826, "lat": 33.54254 }, "geometry": { "type": "Point", "coordinates": [ 133.54826, 33.54254 ] } },
{ "type": "Feature", "properties": { "id": 808, "school_district": "潮江南", "town_div": "潮江", "elm_school_dist": "潮江南", "No": "潮江南８", "name": "（株）戸口商会", "address": "高知市南ノ丸町41", "type": "鉄骨造", "basement": 0, "stories": 4.0, "evac_area": "４階倉庫", "area_m2": 52.0, "capacity_per": "52", "year": "昭和58年", "eq_resis": "新耐震", "elev_m": 1.0, "eq_int": "6弱", "tsu_depth": "3～5ｍ", "tsu_arriv": "40～60分", "long_period_inund": "2～5m", "site_entrance": "－", "bldg_entrance": "正面玄関", "to_enter_and_unlock": "平日8時から18時開錠。夜間休日は施錠。", "stairs_condition": "屋内1箇所", "other": null, "lon": 133.54773, "lat": 33.54189 }, "geometry": { "type": "Point", "coordinates": [ 133.54773, 33.54189 ] } },
{ "type": "Feature", "properties": { "id": 809, "school_district": "潮江南", "town_div": "潮江", "elm_school_dist": "潮江南", "No": "潮江南９", "name": "Balcony８南の丸", "address": "高知市南ノ丸町15-２", "type": "鉄筋コンクリート造", "basement": 0, "stories": 8.0, "evac_area": "４階以上廊下", "area_m2": 101.0, "capacity_per": "100", "year": "平成15年", "eq_resis": "新耐震", "elev_m": 1.2, "eq_int": "6強", "tsu_depth": "2～3ｍ", "tsu_arriv": "40～60分", "long_period_inund": "1～2m", "site_entrance": "－", "bldg_entrance": "北側入口", "to_enter_and_unlock": "外階段から24時間進入可能。７階から８階へは施錠有（管理人が開錠）", "stairs_condition": "外階段1箇所", "other": null, "lon": 133.54773, "lat": 33.54189 }, "geometry": { "type": "Point", "coordinates": [ 133.54773, 33.54189 ] } },
{ "type": "Feature", "properties": { "id": 901, "school_district": "昭和", "town_div": "下知", "elm_school_dist": "昭和", "No": "昭和１", "name": "（一財）四国電気保安協会", "address": "高知市南久保５－８", "type": "鉄骨造", "basement": 0, "stories": 3.0, "evac_area": "事務所棟屋上，駐車場棟屋上", "area_m2": 800.0, "capacity_per": "800", "year": null, "eq_resis": null, "elev_m": 1.9, "eq_int": "6強", "tsu_depth": "1～2ｍ", "tsu_arriv": "60分以上", "long_period_inund": "1～2m", "site_entrance": "北側及び西側", "bldg_entrance": "事務所棟：南側外階段、駐車場棟：北入口", "to_enter_and_unlock": "施錠はなし、外階段から直接屋上に通じている", "stairs_condition": "外階段１箇所\n屋内１箇所", "other": null, "lon": 133.56512, "lat": 33.56578 }, "geometry": { "type": "Point", "coordinates": [ 133.56512, 33.56578 ] } },
{ "type": "Feature", "properties": { "id": 902, "school_district": "昭和", "town_div": "下知", "elm_school_dist": "昭和", "No": "昭和２", "name": "昭和小学校", "address": "高知市日の出町７－61", "type": "鉄筋コンクリート造", "basement": 0, "stories": 4.0, "evac_area": "校舎４階及び屋上\n（コンピュータ室を除く）", "area_m2": 1246.0, "capacity_per": "1,246", "year": "昭和57年", "eq_resis": "新耐震", "elev_m": 0.8, "eq_int": "6強", "tsu_depth": "2～3ｍ", "tsu_arriv": "40～60分", "long_period_inund": "2～5m", "site_entrance": "西門、南門", "bldg_entrance": "南正面玄関", "to_enter_and_unlock": "平日7時～17時開錠、自動解錠装置付キーボックスあり（玄関、屋上、防災倉庫鍵）", "stairs_condition": "屋内3箇所", "other": null, "lon": 133.55818, "lat": 33.55991 }, "geometry": { "type": "Point", "coordinates": [ 133.55818, 33.55991 ] } },
{ "type": "Feature", "properties": { "id": 903, "school_district": "昭和", "town_div": "下知", "elm_school_dist": "昭和", "No": "昭和３", "name": "JA高知ビル", "address": "高知市北御座２-27", "type": "鉄骨造", "basement": 0, "stories": 7.0, "evac_area": "４階以上廊下等共用スペース", "area_m2": 509.0, "capacity_per": "508", "year": null, "eq_resis": null, "elev_m": 1.4, "eq_int": "6強", "tsu_depth": "1～2ｍ", "tsu_arriv": "60分以上", "long_period_inund": "1～2m", "site_entrance": "南東及び北西", "bldg_entrance": "南東玄関、北西入口", "to_enter_and_unlock": "平日8時～18時開錠。夜間休日は施錠しているが、管理人が開錠可。", "stairs_condition": "屋内２箇所", "other": null, "lon": 133.55945, "lat": 33.56873 }, "geometry": { "type": "Point", "coordinates": [ 133.55945, 33.56873 ] } },
{ "type": "Feature", "properties": { "id": 904, "school_district": "昭和", "town_div": "下知", "elm_school_dist": "昭和", "No": "昭和４", "name": "下知水再生センター（管理棟）", "address": "高知市小倉町５－25", "type": "鉄筋コンクリート造", "basement": 1, "stories": 3.0, "evac_area": "屋上", "area_m2": 428.0, "capacity_per": "428", "year": "令和２年", "eq_resis": "新耐震", "elev_m": 2.6, "eq_int": "6弱", "tsu_depth": "0.3～1ｍ", "tsu_arriv": "60分以上", "long_period_inund": "1～2m", "site_entrance": "北西正門\n南西避難通路門", "bldg_entrance": "西側玄関", "to_enter_and_unlock": "24時間体制で職員あるいは外部委託スタッフがおり、進入部の開錠等の対応は可能", "stairs_condition": "外階段1箇所\n屋内1箇所", "other": null, "lon": 133.56613, "lat": 33.56041 }, "geometry": { "type": "Point", "coordinates": [ 133.56613, 33.56041 ] } },
{ "type": "Feature", "properties": { "id": 905, "school_district": "昭和", "town_div": "下知", "elm_school_dist": "昭和", "No": "昭和５", "name": "セントラルディーボ知寄店（立体駐車場）", "address": "高知市青柳町35－１", "type": "鉄骨造", "basement": 0, "stories": 5.0, "evac_area": "立体駐車場４階以上", "area_m2": 2488.0, "capacity_per": "2,487", "year": null, "eq_resis": null, "elev_m": 1.5, "eq_int": "7", "tsu_depth": "2～3ｍ", "tsu_arriv": "30～40分", "long_period_inund": "1～2m", "site_entrance": "－", "bldg_entrance": "西側正面入口（メイン入口、駐車場入口）", "to_enter_and_unlock": "メイン入口は８時半～２３時半開錠。立体駐車場入口は常に開いている。", "stairs_condition": "屋内階段１箇所\nスロープ", "other": null, "lon": 133.56496, "lat": 33.55508 }, "geometry": { "type": "Point", "coordinates": [ 133.56496, 33.55508 ] } },
{ "type": "Feature", "properties": { "id": 906, "school_district": "昭和", "town_div": "下知", "elm_school_dist": "昭和", "No": "昭和６", "name": "セントラル宝永店（立体駐車場）", "address": "高知市中宝永町10－４", "type": "鉄骨造", "basement": 0, "stories": 6.0, "evac_area": "立体駐車場４階以上", "area_m2": 4612.0, "capacity_per": "4,612", "year": null, "eq_resis": null, "elev_m": 0.4, "eq_int": "6強", "tsu_depth": "3～5ｍ", "tsu_arriv": "40～60分", "long_period_inund": "2～5m", "site_entrance": "－", "bldg_entrance": "外階段\nスロープ", "to_enter_and_unlock": "非常階段と立体駐車場をつなぐ扉は常時開放\n車を待避させる方がいる可能性があるため、避難時には注意が必要", "stairs_condition": "外階段２箇所\nスロープ", "other": null, "lon": 133.55399, "lat": 33.55836 }, "geometry": { "type": "Point", "coordinates": [ 133.55399, 33.55836 ] } },
{ "type": "Feature", "properties": { "id": 907, "school_district": "昭和", "town_div": "下知", "elm_school_dist": "昭和", "No": "昭和７", "name": "SAN　MIGEL", "address": "高知市南川添24", "type": "鉄筋コンクリート造", "basement": 0, "stories": 3.0, "evac_area": "屋上", "area_m2": 135.0, "capacity_per": "135", "year": null, "eq_resis": null, "elev_m": 1.3, "eq_int": "6強", "tsu_depth": "2～3ｍ", "tsu_arriv": "60分以上", "long_period_inund": "1～2m", "site_entrance": "南側道路", "bldg_entrance": "北側外階段", "to_enter_and_unlock": "外階段から24時間進入可能", "stairs_condition": "外階段１箇所", "other": null, "lon": 133.56274, "lat": 33.57241 }, "geometry": { "type": "Point", "coordinates": [ 133.56274, 33.57241 ] } },
{ "type": "Feature", "properties": { "id": 908, "school_district": "昭和", "town_div": "下知", "elm_school_dist": "昭和", "No": "昭和８", "name": "高知土木事務所", "address": "高知市稲荷町11－26", "type": "鉄筋コンクリート造", "basement": 0, "stories": 3.0, "evac_area": "屋上", "area_m2": 240.0, "capacity_per": "240", "year": null, "eq_resis": "耐震改修済み", "elev_m": 0.9, "eq_int": "6強", "tsu_depth": "2～3ｍ", "tsu_arriv": "30～40分", "long_period_inund": "2～5m", "site_entrance": "東側及び南側道路", "bldg_entrance": "北側専用外階段", "to_enter_and_unlock": "外付階段の登り口は緊急時に容易に破壊して進入することが可能", "stairs_condition": "外階段1箇所", "other": null, "lon": 133.56042, "lat": 33.55667 }, "geometry": { "type": "Point", "coordinates": [ 133.56042, 33.55667 ] } },
{ "type": "Feature", "properties": { "id": 909, "school_district": "昭和", "town_div": "下知", "elm_school_dist": "昭和", "No": "昭和９", "name": "下知コミュニティセンター", "address": "高知市二葉町10－７", "type": "鉄筋コンクリート造", "basement": 0, "stories": 5.0, "evac_area": "４階多目的ホール，廊下，エレベーターホール，バルコニー，屋上", "area_m2": 533.0, "capacity_per": "532", "year": null, "eq_resis": null, "elev_m": 0.4, "eq_int": "6強", "tsu_depth": "3～5ｍ", "tsu_arriv": "30～40分", "long_period_inund": "2～5m", "site_entrance": "－", "bldg_entrance": "1階正面\n外階段", "to_enter_and_unlock": "地震感知式解錠装置で6箇所を開錠\n・外階段で屋上\n・1階正面から屋内階段", "stairs_condition": "外階段1箇所\n屋内1箇所", "other": null, "lon": 133.55692, "lat": 33.55668 }, "geometry": { "type": "Point", "coordinates": [ 133.55692, 33.55668 ] } },
{ "type": "Feature", "properties": { "id": 910, "school_district": "昭和", "town_div": "下知", "elm_school_dist": "昭和", "No": "昭和10", "name": "セルヴィ２１知寄町", "address": "高知市稲荷町170－１", "type": "鉄骨鉄筋コンクリート造", "basement": 0, "stories": 14.0, "evac_area": "４階以上廊下及びエレベーターホール", "area_m2": 1332.0, "capacity_per": "1,331", "year": "平成2年", "eq_resis": "新耐震", "elev_m": 0.5, "eq_int": "6強", "tsu_depth": "3～5ｍ", "tsu_arriv": "30～40分", "long_period_inund": "2～5m", "site_entrance": "－", "bldg_entrance": "西側玄関", "to_enter_and_unlock": "外階段から24時間進入可能", "stairs_condition": "外階段１箇所\n屋内1箇所", "other": null, "lon": 133.56209, "lat": 33.55597 }, "geometry": { "type": "Point", "coordinates": [ 133.56209, 33.55597 ] } },
{ "type": "Feature", "properties": { "id": 911, "school_district": "昭和", "town_div": "下知", "elm_school_dist": "昭和", "No": "昭和11", "name": "サーパス知寄町Ⅱ", "address": "高知市知寄町２丁目４－９", "type": "鉄骨鉄筋コンクリート造", "basement": 0, "stories": 14.0, "evac_area": "４階以上廊下", "area_m2": 711.0, "capacity_per": "711", "year": "平成2年", "eq_resis": "新耐震", "elev_m": 0.5, "eq_int": "6強", "tsu_depth": "3～5ｍ", "tsu_arriv": "30～40分", "long_period_inund": "2～5m", "site_entrance": "－", "bldg_entrance": "外階段\n西側入口、東側入口", "to_enter_and_unlock": "外階段から24時間進入可能", "stairs_condition": "外階段１箇所\n屋内１箇所", "other": null, "lon": 133.56085, "lat": 33.55764 }, "geometry": { "type": "Point", "coordinates": [ 133.56085, 33.55764 ] } },
{ "type": "Feature", "properties": { "id": 912, "school_district": "昭和", "town_div": "下知", "elm_school_dist": "昭和", "No": "昭和12", "name": "有料老人ホームとも", "address": "高知市北久保２－39", "type": "鉄筋コンクリート造", "basement": 0, "stories": 5.0, "evac_area": "屋上", "area_m2": 516.0, "capacity_per": "516", "year": "－", "eq_resis": "－", "elev_m": 1.5, "eq_int": "6強", "tsu_depth": "1～2ｍ", "tsu_arriv": "60分以上", "long_period_inund": "1～2m", "site_entrance": "－", "bldg_entrance": "南側正面玄関\n北側外階段", "to_enter_and_unlock": "7時～20時開錠。管理者が常駐しているため、管理者による開錠が可能", "stairs_condition": "外階段1箇所（施錠）\n屋内1箇所", "other": null, "lon": 133.5649, "lat": 33.56939 }, "geometry": { "type": "Point", "coordinates": [ 133.5649, 33.56939 ] } },
{ "type": "Feature", "properties": { "id": 913, "school_district": "昭和", "town_div": "下知", "elm_school_dist": "昭和", "No": "昭和13", "name": "アルファステイツ知寄Ⅱ", "address": "高知市小倉町４－３", "type": "鉄筋コンクリート造", "basement": 0, "stories": 10.0, "evac_area": "４階以上廊下", "area_m2": 993.0, "capacity_per": "993", "year": "平成14年", "eq_resis": "新耐震", "elev_m": 0.8, "eq_int": "6強", "tsu_depth": "3～5ｍ", "tsu_arriv": "30～40分", "long_period_inund": "2～5m", "site_entrance": "－", "bldg_entrance": "東側外階段", "to_enter_and_unlock": "自動解錠装置付キーボックスあり", "stairs_condition": "外階段３箇所（各階施錠）", "other": null, "lon": 133.56602, "lat": 33.5599 }, "geometry": { "type": "Point", "coordinates": [ 133.56602, 33.5599 ] } },
{ "type": "Feature", "properties": { "id": 914, "school_district": "昭和", "town_div": "下知", "elm_school_dist": "昭和", "No": "昭和14", "name": "サーパス知寄町Ⅰ", "address": "高知市知寄町２丁目４－10", "type": "鉄骨鉄筋コンクリート造", "basement": 0, "stories": 14.0, "evac_area": "４階以上廊下（11階を除く）", "area_m2": 1016.0, "capacity_per": "1,014", "year": "平成元年", "eq_resis": "新耐震", "elev_m": 0.5, "eq_int": "6強", "tsu_depth": "3～5ｍ", "tsu_arriv": "30～40分", "long_period_inund": "2～5m", "site_entrance": "－", "bldg_entrance": "外階段\n西側入口、東側入口、南側入口", "to_enter_and_unlock": "外階段から24時間進入可能", "stairs_condition": "外階段1箇所\n屋内1箇所", "other": null, "lon": 133.56085, "lat": 33.55764 }, "geometry": { "type": "Point", "coordinates": [ 133.56085, 33.55764 ] } },
{ "type": "Feature", "properties": { "id": 915, "school_district": "昭和", "town_div": "下知", "elm_school_dist": "昭和", "No": "昭和15", "name": "ＤＣＭダイキ御座店", "address": "高知市北御座４－６", "type": "鉄骨造", "basement": 0, "stories": 3.0, "evac_area": "屋上駐車場", "area_m2": 4115.0, "capacity_per": "4,115", "year": "－", "eq_resis": "－", "elev_m": 1.2, "eq_int": "6強", "tsu_depth": "2～3ｍ", "tsu_arriv": "60分以上", "long_period_inund": "1～2m", "site_entrance": "西側、南側", "bldg_entrance": "西側店舗入口、駐車場スロープ", "to_enter_and_unlock": "店舗入口は７時～20時開錠。スロープは24時間避難可能。", "stairs_condition": "屋内1箇所\nスロープ1箇所", "other": null, "lon": 133.56128, "lat": 33.56972 }, "geometry": { "type": "Point", "coordinates": [ 133.56128, 33.56972 ] } },
{ "type": "Feature", "properties": { "id": 916, "school_district": "昭和", "town_div": "下知", "elm_school_dist": "昭和", "No": "昭和16", "name": "高知県立弓道場", "address": "高知市高埇12-1", "type": "鉄筋コンクリート造，一部鉄骨造", "basement": 0, "stories": 2.0, "evac_area": "２階屋上", "area_m2": 214.0, "capacity_per": "214", "year": "平成25年", "eq_resis": "新耐震", "elev_m": 1.9, "eq_int": "6強", "tsu_depth": "0.3～1ｍ", "tsu_arriv": "60分以上", "long_period_inund": "1～2m", "site_entrance": "－", "bldg_entrance": "玄関、北側非常口", "to_enter_and_unlock": "玄関8時～21時開錠、非常口の鍵は非常用カバー付きであるため、緊急時にはこれを壊して開錠する", "stairs_condition": "2階へ屋内階段、屋上へは外階段", "other": null, "lon": 133.53636, "lat": 33.54144 }, "geometry": { "type": "Point", "coordinates": [ 133.53636, 33.54144 ] } },
{ "type": "Feature", "properties": { "id": 917, "school_district": "昭和", "town_div": "下知", "elm_school_dist": "昭和", "No": "昭和17", "name": "ロゼ２", "address": "高知市青柳町62－1", "type": "鉄筋コンクリート造", "basement": 0, "stories": 11.0, "evac_area": "４階以上廊下", "area_m2": 320.0, "capacity_per": "319", "year": "平成3年", "eq_resis": "新耐震", "elev_m": 0.5, "eq_int": "7", "tsu_depth": "3～5ｍ", "tsu_arriv": "30～40分", "long_period_inund": "2～5m", "site_entrance": "東西道路", "bldg_entrance": "北側外階段", "to_enter_and_unlock": "外階段より24時間進入可能", "stairs_condition": "外階段1箇所", "other": null, "lon": 133.56293, "lat": 33.5543 }, "geometry": { "type": "Point", "coordinates": [ 133.56293, 33.5543 ] } },
{ "type": "Feature", "properties": { "id": 918, "school_district": "昭和", "town_div": "下知", "elm_school_dist": "昭和", "No": "昭和18", "name": "シャルム葛島", "address": "高知市知寄町３丁目601－１", "type": "鉄骨鉄筋コンクリート造", "basement": 0, "stories": 8.0, "evac_area": "４階から７階までの廊下及びエレベーターホール　　　　", "area_m2": 168.0, "capacity_per": "167", "year": "昭和61年", "eq_resis": "新耐震", "elev_m": 1.7, "eq_int": "7", "tsu_depth": "2～3ｍ", "tsu_arriv": "30～40分", "long_period_inund": "1～2m", "site_entrance": "－", "bldg_entrance": "西側正面玄関", "to_enter_and_unlock": "外階段より24時間進入可能", "stairs_condition": "外階段2箇所", "other": null, "lon": 133.56621, "lat": 33.55715 }, "geometry": { "type": "Point", "coordinates": [ 133.56621, 33.55715 ] } },
{ "type": "Feature", "properties": { "id": 919, "school_district": "昭和", "town_div": "下知", "elm_school_dist": "昭和", "No": "昭和19", "name": "アルファステイツ知寄Ⅲ", "address": "高知市青柳町45－１", "type": "鉄筋コンクリート造", "basement": 0, "stories": 9.0, "evac_area": "４階以上廊下", "area_m2": 461.0, "capacity_per": "456", "year": "平成16年", "eq_resis": "新耐震", "elev_m": 1.4, "eq_int": "7", "tsu_depth": "2～3ｍ", "tsu_arriv": "30～40分", "long_period_inund": "1～2m", "site_entrance": "西側道路", "bldg_entrance": "西側正面入口", "to_enter_and_unlock": "オートロック\n常時施錠しているが、管理員が開錠可", "stairs_condition": "外階段2箇所（入口内）", "other": null, "lon": 133.56584, "lat": 33.55565 }, "geometry": { "type": "Point", "coordinates": [ 133.56584, 33.55565 ] } },
{ "type": "Feature", "properties": { "id": 920, "school_district": "昭和", "town_div": "下知", "elm_school_dist": "昭和", "No": "昭和20", "name": "アルファステイツ東雲町Ⅱ", "address": "高知市東雲町８－55", "type": "鉄筋コンクリート造", "basement": 0, "stories": 10.0, "evac_area": "４階以上廊下", "area_m2": 345.0, "capacity_per": "342", "year": "－", "eq_resis": "－", "elev_m": 0.7, "eq_int": "6強", "tsu_depth": "2～3ｍ", "tsu_arriv": "40～60分", "long_period_inund": "2～5m", "site_entrance": "－", "bldg_entrance": "正面玄関", "to_enter_and_unlock": "オートロック\n常時施錠しているが、管理人が開錠可（平日9時～17時）", "stairs_condition": "外階段2箇所（入口内）", "other": null, "lon": 133.56378, "lat": 33.55923 }, "geometry": { "type": "Point", "coordinates": [ 133.56378, 33.55923 ] } },
{ "type": "Feature", "properties": { "id": 921, "school_district": "昭和", "town_div": "下知", "elm_school_dist": "昭和", "No": "昭和21", "name": "岡村ビル", "address": "高知市二葉町７-10", "type": "鉄筋コンクリート造", "basement": 0, "stories": 6.0, "evac_area": "４階以上廊下及び屋上", "area_m2": 114.0, "capacity_per": "114", "year": "昭和63年", "eq_resis": "新耐震", "elev_m": 0.3, "eq_int": "6強", "tsu_depth": "3～5ｍ", "tsu_arriv": "40～60分", "long_period_inund": "2～5m", "site_entrance": "－", "bldg_entrance": "北側外階段", "to_enter_and_unlock": "外付け階段より24時間進入可能", "stairs_condition": "外階段1箇所", "other": null, "lon": 133.55504, "lat": 33.55735 }, "geometry": { "type": "Point", "coordinates": [ 133.55504, 33.55735 ] } },
{ "type": "Feature", "properties": { "id": 922, "school_district": "昭和", "town_div": "下知", "elm_school_dist": "昭和", "No": "昭和22", "name": "サーパス知寄", "address": "高知市東雲町１－23", "type": "鉄筋コンクリート造", "basement": 0, "stories": 8.0, "evac_area": "４階から７階までの廊下及びエレベーターホール", "area_m2": 46.0, "capacity_per": "44", "year": "平成18年", "eq_resis": "新耐震", "elev_m": 0.8, "eq_int": "6強", "tsu_depth": "2～3ｍ", "tsu_arriv": "40～60分", "long_period_inund": "1～2m", "site_entrance": "－", "bldg_entrance": "外階段(施錠）", "to_enter_and_unlock": "オートロック\n緊急時にはドアを壊して構わない", "stairs_condition": "外階段1箇所（入口内）", "other": null, "lon": 133.56105, "lat": 33.55907 }, "geometry": { "type": "Point", "coordinates": [ 133.56105, 33.55907 ] } },
{ "type": "Feature", "properties": { "id": 923, "school_district": "昭和", "town_div": "下知", "elm_school_dist": "昭和", "No": "昭和23", "name": "パチンコタマイ（立体駐車場）", "address": "高知市知寄町２丁目２ー７", "type": "鉄骨造", "basement": 0, "stories": 4.0, "evac_area": "立体駐車場４階", "area_m2": 268.0, "capacity_per": "267", "year": "平成3年", "eq_resis": "新耐震", "elev_m": 0.8, "eq_int": "6強", "tsu_depth": "3～5ｍ", "tsu_arriv": "40～60分", "long_period_inund": "2～5m", "site_entrance": "西側道路、東側道路", "bldg_entrance": "西側入口、東側入口、東側避難用扉", "to_enter_and_unlock": "7時半～23時の間は開錠。それ以外は管理者及び東雲町町内会役員が鍵を管理", "stairs_condition": "スロープ\n屋内1箇所", "other": null, "lon": 133.56088, "lat": 33.5583 }, "geometry": { "type": "Point", "coordinates": [ 133.56088, 33.5583 ] } },
{ "type": "Feature", "properties": { "id": 924, "school_district": "昭和", "town_div": "下知", "elm_school_dist": "昭和", "No": "昭和24", "name": "マイセルⅡ", "address": "高知市若松町１－６", "type": "鉄筋コンクリート造", "basement": 0, "stories": 5.0, "evac_area": "４階以上廊下", "area_m2": 65.0, "capacity_per": "64", "year": "平成元年", "eq_resis": "新耐震", "elev_m": 0.3, "eq_int": "6強", "tsu_depth": "3～5ｍ", "tsu_arriv": "30～40分", "long_period_inund": "2～5m", "site_entrance": "－", "bldg_entrance": "1階入口", "to_enter_and_unlock": "オートロック\n緊急時にはドアを壊しても構わない", "stairs_condition": "外階段1箇所（入口内）", "other": null, "lon": 133.55779, "lat": 33.55542 }, "geometry": { "type": "Point", "coordinates": [ 133.55779, 33.55542 ] } },
{ "type": "Feature", "properties": { "id": 925, "school_district": "昭和", "town_div": "下知", "elm_school_dist": "昭和", "No": "昭和25", "name": "サーパス青柳町", "address": "高知市青柳町53－3", "type": "鉄筋コンクリート造", "basement": 0, "stories": 12.0, "evac_area": "４階から９階までの廊下及びエレベーターホール", "area_m2": 338.0, "capacity_per": "336", "year": "平成18年", "eq_resis": "新耐震", "elev_m": 0.3, "eq_int": "6強", "tsu_depth": "3～5ｍ", "tsu_arriv": "20～30分", "long_period_inund": "2～5m", "site_entrance": "西側入口", "bldg_entrance": "北側玄関", "to_enter_and_unlock": "オートロック\n緊急時にはドアを壊しても構わない", "stairs_condition": "外階段2箇所（入口内）", "other": null, "lon": 133.56496, "lat": 33.55508 }, "geometry": { "type": "Point", "coordinates": [ 133.56496, 33.55508 ] } },
{ "type": "Feature", "properties": { "id": 926, "school_district": "昭和", "town_div": "下知", "elm_school_dist": "昭和", "No": "昭和26", "name": "ちより街テラス", "address": "高知市知寄町２丁目1-37", "type": "鉄骨造", "basement": 0, "stories": 7.0, "evac_area": "西側屋上駐車場", "area_m2": 1922.0, "capacity_per": "1,922", "year": "－", "eq_resis": "－", "elev_m": 0.4, "eq_int": "6強", "tsu_depth": "3～5ｍ", "tsu_arriv": "40～60分", "long_period_inund": "2～5m", "site_entrance": "－", "bldg_entrance": "東、南、西入口", "to_enter_and_unlock": "外付け階段及び1階駐車場スロープから24時間進入可能", "stairs_condition": "外階段1箇所\nスロープ1箇所", "other": null, "lon": 133.55923, "lat": 33.5586 }, "geometry": { "type": "Point", "coordinates": [ 133.55923, 33.5586 ] } },
{ "type": "Feature", "properties": { "id": 927, "school_district": "昭和", "town_div": "下知", "elm_school_dist": "昭和", "No": "昭和27", "name": "スカイパレス二葉", "address": "高知市二葉町14－33", "type": "鉄筋コンクリート造", "basement": 0, "stories": 4.0, "evac_area": "４階廊下", "area_m2": 20.0, "capacity_per": "20", "year": "昭和62年", "eq_resis": "新耐震", "elev_m": 0.9, "eq_int": "6強", "tsu_depth": "2～3ｍ", "tsu_arriv": "30～40分", "long_period_inund": "2～5m", "site_entrance": "－", "bldg_entrance": "西側入口", "to_enter_and_unlock": "外付け階段より24時間進入可能", "stairs_condition": "外階段1箇所", "other": null, "lon": 133.55661, "lat": 33.55597 }, "geometry": { "type": "Point", "coordinates": [ 133.55661, 33.55597 ] } },
{ "type": "Feature", "properties": { "id": 928, "school_district": "昭和", "town_div": "下知", "elm_school_dist": "昭和", "No": "昭和28", "name": "ハイツ六泉Ⅲ", "address": "高知市二葉町13－３0", "type": "鉄骨造", "basement": 0, "stories": 4.0, "evac_area": "４階廊下", "area_m2": 15.0, "capacity_per": "15", "year": null, "eq_resis": null, "elev_m": 0.6, "eq_int": "6強", "tsu_depth": "3～5ｍ", "tsu_arriv": "30～40分", "long_period_inund": "2～5m", "site_entrance": "－", "bldg_entrance": "北側外階段", "to_enter_and_unlock": "外付け階段より24時間進入可能", "stairs_condition": "外階段1箇所", "other": null, "lon": 133.55687, "lat": 33.55631 }, "geometry": { "type": "Point", "coordinates": [ 133.55687, 33.55631 ] } },
{ "type": "Feature", "properties": { "id": 929, "school_district": "昭和", "town_div": "下知", "elm_school_dist": "昭和", "No": "昭和29", "name": "町田ビル", "address": "高知市二葉町15－1", "type": "鉄筋コンクリート造", "basement": 0, "stories": 6.0, "evac_area": "5階屋上", "area_m2": 71.0, "capacity_per": "71", "year": "昭和60年", "eq_resis": "新耐震", "elev_m": 0.8, "eq_int": "6強", "tsu_depth": "2～3ｍ", "tsu_arriv": "40～60分", "long_period_inund": "2～5m", "site_entrance": "－", "bldg_entrance": "1階北側", "to_enter_and_unlock": "屋上入口施錠あり、緊急時は壊して進入する", "stairs_condition": "屋内1箇所", "other": null, "lon": 133.55531, "lat": 33.55642 }, "geometry": { "type": "Point", "coordinates": [ 133.55531, 33.55642 ] } },
{ "type": "Feature", "properties": { "id": 930, "school_district": "昭和", "town_div": "下知", "elm_school_dist": "昭和", "No": "昭和30", "name": "サーパスシティ桜井町", "address": "高知市桜井町二丁目7-32", "type": "鉄筋コンクリート造　", "basement": 0, "stories": 14.0, "evac_area": "4階以上廊下及びエレベーターホール", "area_m2": 1130.0, "capacity_per": "1,122", "year": "平成21年", "eq_resis": "新耐震", "elev_m": 1.2, "eq_int": "6強", "tsu_depth": "2～3ｍ", "tsu_arriv": "40～60分", "long_period_inund": "2～5m", "site_entrance": "－", "bldg_entrance": "南玄関", "to_enter_and_unlock": "オートロック\n緊急時にはドアを壊しても構わない", "stairs_condition": "外階段2箇所（施錠）", "other": null, "lon": 133.55229, "lat": 33.56203 }, "geometry": { "type": "Point", "coordinates": [ 133.55229, 33.56203 ] } },
{ "type": "Feature", "properties": { "id": 931, "school_district": "昭和", "town_div": "下知", "elm_school_dist": "昭和", "No": "昭和31", "name": "四国開発（株）高知本社", "address": "高知市日の出町2-12", "type": "鉄骨造", "basement": 0, "stories": 6.0, "evac_area": "5階、6階及び屋上", "area_m2": 423.0, "capacity_per": "422", "year": "平成9年", "eq_resis": "新耐震", "elev_m": 0.7, "eq_int": "6強", "tsu_depth": "2～3ｍ", "tsu_arriv": "40～60分", "long_period_inund": "2～5m", "site_entrance": null, "bldg_entrance": "外階段", "to_enter_and_unlock": "外付け階段より進入（外付階段入口のカギ番号：413）\n※カギ番号は隣のファミリーマート、日の出町の前田会長に連絡済", "stairs_condition": "屋内1箇所、外階段1箇所", "other": null, "lon": 133.55547, "lat": 33.56026 }, "geometry": { "type": "Point", "coordinates": [ 133.55547, 33.56026 ] } },
{ "type": "Feature", "properties": { "id": 933, "school_district": "昭和", "town_div": "下知", "elm_school_dist": "昭和", "No": "昭和33", "name": "株式会社ラウンドワン　高知店", "address": "高知市南宝永町4－12", "type": "鉄骨造", "basement": 0, "stories": 6.0, "evac_area": "立体駐車場　４階以上", "area_m2": 2866.0, "capacity_per": "2,865", "year": null, "eq_resis": "新耐震", "elev_m": 0.6, "eq_int": "６強", "tsu_depth": "3～5ｍ", "tsu_arriv": "40～60分", "long_period_inund": "2～5m", "site_entrance": "―", "bldg_entrance": "北側入口", "to_enter_and_unlock": "駐車場部分は24時間開放されており避難が可能。", "stairs_condition": "外階段１箇所", "other": null, "lon": 133.55423, "lat": 33.55786 }, "geometry": { "type": "Point", "coordinates": [ 133.55423, 33.55786 ] } },
{ "type": "Feature", "properties": { "id": 935, "school_district": "昭和", "town_div": "下知", "elm_school_dist": "昭和", "No": "昭和35", "name": "朝日プラザ知寄町パサージュ", "address": "高知市知寄町３丁目216", "type": "鉄筋コンクリート造", "basement": 0, "stories": 8.0, "evac_area": "４階以上廊下", "area_m2": 113.0, "capacity_per": "110", "year": null, "eq_resis": "新耐震", "elev_m": 0.6, "eq_int": "7", "tsu_depth": "3～5ｍ", "tsu_arriv": "40～60分", "long_period_inund": "2～5m", "site_entrance": "―", "bldg_entrance": "外階段", "to_enter_and_unlock": null, "stairs_condition": "内部階段１箇所\n外階段１箇所", "other": null, "lon": 133.56346, "lat": 33.55789 }, "geometry": { "type": "Point", "coordinates": [ 133.56346, 33.55789 ] } },
{ "type": "Feature", "properties": { "id": 936, "school_district": "昭和", "town_div": "下知", "elm_school_dist": "昭和", "No": "昭和36", "name": "高知市勤労者交流館", "address": "高知市丸池町１番１-14", "type": "鉄筋コンクリート造", "basement": 0, "stories": 2.0, "evac_area": "屋上", "area_m2": 359.0, "capacity_per": "359", "year": null, "eq_resis": "新耐震", "elev_m": 0.6, "eq_int": "６強", "tsu_depth": "2～3ｍ", "tsu_arriv": "40～60分", "long_period_inund": "1～2m", "site_entrance": "―", "bldg_entrance": "外階段", "to_enter_and_unlock": null, "stairs_condition": "外階段", "other": null, "lon": 133.56081, "lat": 33.56078 }, "geometry": { "type": "Point", "coordinates": [ 133.56081, 33.56078 ] } },
{ "type": "Feature", "properties": { "id": 937, "school_district": "昭和", "town_div": "南街", "elm_school_dist": "昭和", "No": "昭和37", "name": "高知市中央卸売市場　管理棟", "address": "高知市弘化台12－12", "type": "鉄骨造", "basement": 0, "stories": 3.0, "evac_area": "３階会議室（大）及び廊下", "area_m2": 392.0, "capacity_per": "392", "year": "昭和56年以降", "eq_resis": "新耐震", "elev_m": 3.2, "eq_int": "６強", "tsu_depth": "1～2ｍ", "tsu_arriv": "40～60分", "long_period_inund": "0.5～１m", "site_entrance": "正門", "bldg_entrance": "内階段２箇所", "to_enter_and_unlock": "24時間有人", "stairs_condition": "内階段２箇所", "other": null, "lon": 133.56506, "lat": 33.54434 }, "geometry": { "type": "Point", "coordinates": [ 133.56506, 33.54434 ] } },
{ "type": "Feature", "properties": { "id": 938, "school_district": "昭和", "town_div": "下知", "elm_school_dist": "昭和", "No": "昭和38", "name": "福留開発社屋", "address": "高知市南宝永町19番11号", "type": "鉄骨造", "basement": 0, "stories": 4.0, "evac_area": "４階大会議室及びホール", "area_m2": 226.0, "capacity_per": "226", "year": "平成30年", "eq_resis": "新耐震", "elev_m": 2.3, "eq_int": "６強", "tsu_depth": "1～2ｍ", "tsu_arriv": "40～60分", "long_period_inund": "1～2m", "site_entrance": "北側道路", "bldg_entrance": "正面入口", "to_enter_and_unlock": null, "stairs_condition": "内階段２箇所", "other": null, "lon": 133.55383, "lat": 33.55605 }, "geometry": { "type": "Point", "coordinates": [ 133.55383, 33.55605 ] } },
{ "type": "Feature", "properties": { "id": 939, "school_district": "昭和", "town_div": "下知", "elm_school_dist": "昭和", "No": "昭和39", "name": "マチレス若松", "address": "高知市若松町９番41号", "type": "鉄筋コンクリート造　", "basement": 0, "stories": 7.0, "evac_area": "４階～７階廊下", "area_m2": 82.0, "capacity_per": "80", "year": "平成９年", "eq_resis": "新耐震", "elev_m": 0.3, "eq_int": "６強", "tsu_depth": "3～5ｍ", "tsu_arriv": "30～40分", "long_period_inund": "2～5m", "site_entrance": null, "bldg_entrance": "外階段", "to_enter_and_unlock": null, "stairs_condition": "外階段１箇所", "other": null, "lon": 133.56142, "lat": 33.55315 }, "geometry": { "type": "Point", "coordinates": [ 133.56142, 33.55315 ] } },
{ "type": "Feature", "properties": { "id": 940, "school_district": "昭和", "town_div": "下知", "elm_school_dist": "昭和", "No": "昭和40", "name": "ホテルベストプライス高知", "address": "高知市南宝永町16番12号", "type": "鉄骨造", "basement": 0, "stories": 8.0, "evac_area": "４階～８階廊下", "area_m2": 204.0, "capacity_per": "203", "year": "令和３年６月", "eq_resis": "新耐震", "elev_m": 1.1, "eq_int": "６強", "tsu_depth": "2～3ｍ", "tsu_arriv": "40～60分", "long_period_inund": "1～2m", "site_entrance": null, "bldg_entrance": "屋外避難階段", "to_enter_and_unlock": null, "stairs_condition": "外階段１箇所", "other": null, "lon": 133.55411, "lat": 33.55637 }, "geometry": { "type": "Point", "coordinates": [ 133.55411, 33.55637 ] } },
{ "type": "Feature", "properties": { "id": 941, "school_district": "昭和", "town_div": "下知", "elm_school_dist": "昭和", "No": "昭和41", "name": "ソレイユe", "address": "高知市海老ノ丸11-10", "type": "鉄筋コンクリート造", "basement": 0, "stories": 8.0, "evac_area": "４階～８階廊下", "area_m2": 165.0, "capacity_per": "160", "year": "令和３年３月", "eq_resis": "新耐震", "elev_m": 2.5, "eq_int": "６弱", "tsu_depth": "1～2ｍ", "tsu_arriv": "60分以上", "long_period_inund": "0.5～１m", "site_entrance": "北側・南側道路", "bldg_entrance": "階段", "to_enter_and_unlock": null, "stairs_condition": "外階段１箇所", "other": null, "lon": 133.56702, "lat": 33.56417 }, "geometry": { "type": "Point", "coordinates": [ 133.56702, 33.56417 ] } },
{ "type": "Feature", "properties": { "id": 1001, "school_district": "はりまや橋", "town_div": "北街", "elm_school_dist": "はりまや橋", "No": "はりまや橋１", "name": "はりまや橋小学校", "address": "高知市はりまや町２丁目14－８", "type": "鉄筋コンクリート造", "basement": 0, "stories": 4.0, "evac_area": "校舎４階及び屋上\n（放送室を除く）", "area_m2": 1570.0, "capacity_per": "1,570", "year": "昭和49年", "eq_resis": "平成20年耐震補強", "elev_m": 2.1, "eq_int": "6強", "tsu_depth": "1～2ｍ", "tsu_arriv": "40～60分", "long_period_inund": "0.5～1m", "site_entrance": "北門、東門、西門", "bldg_entrance": "南側児童玄関", "to_enter_and_unlock": "自動解錠装置付キーボックス（1階玄関、4階防災倉庫、屋上出入口）", "stairs_condition": "屋内2箇所", "other": "校舎4階は児童の一次避難場所", "lon": 133.54654, "lat": 33.56126 }, "geometry": { "type": "Point", "coordinates": [ 133.54654, 33.56126 ] } },
{ "type": "Feature", "properties": { "id": 1002, "school_district": "はりまや橋", "town_div": "高知街", "elm_school_dist": "はりまや橋", "No": "はりまや橋２", "name": "高知県庁北庁舎", "address": "高知市丸ノ内２丁目４－１", "type": "鉄筋コンクリート造", "basement": 0, "stories": 5.0, "evac_area": "４階廊下，休養室，\n打合せ室及び屋上", "area_m2": 130.0, "capacity_per": "129", "year": null, "eq_resis": null, "elev_m": 3.2, "eq_int": "6強", "tsu_depth": "0.3～1ｍ", "tsu_arriv": "60分以上", "long_period_inund": "0～0.5m", "site_entrance": "南側道路", "bldg_entrance": "正面入口\n北側外階段", "to_enter_and_unlock": "正面玄関は平日7時～18時開錠。玄関ホール北側は開庁・閉庁日を問わず６時から23時開錠。", "stairs_condition": "外階段1箇所\n屋内1箇所", "other": null, "lon": 133.53116, "lat": 33.56304 }, "geometry": { "type": "Point", "coordinates": [ 133.53116, 33.56304 ] } },
{ "type": "Feature", "properties": { "id": 1003, "school_district": "はりまや橋", "town_div": "南街", "elm_school_dist": "はりまや橋", "No": "はりまや橋３", "name": "かるぽーと", "address": "高知市九反田２－１", "type": "鉄筋コンクリート造", "basement": 0, "stories": 11.0, "evac_area": "３階，７階～11階廊下，\nロビー等共用スペース", "area_m2": 2049.0, "capacity_per": "2,049", "year": null, "eq_resis": null, "elev_m": 2.7, "eq_int": "7", "tsu_depth": "1～2ｍ", "tsu_arriv": "40～60分", "long_period_inund": "1～2m", "site_entrance": "－", "bldg_entrance": "正面大階段", "to_enter_and_unlock": "非常用キーカバー付ドア\n避難経路が複雑なため、自主防代表に説明", "stairs_condition": "3階までは正面階段\n3階以上は屋内3箇所", "other": null, "lon": 133.54736, "lat": 33.5582 }, "geometry": { "type": "Point", "coordinates": [ 133.54736, 33.5582 ] } },
{ "type": "Feature", "properties": { "id": 1004, "school_district": "はりまや橋", "town_div": "高知街", "elm_school_dist": "はりまや橋", "No": "はりまや橋４", "name": "高知丸の内高校", "address": "高知市丸ノ内２丁目２－40", "type": "鉄筋コンクリート造", "basement": 0, "stories": 4.0, "evac_area": "南校舎４階及び北校舎４階", "area_m2": 1346.0, "capacity_per": "1,345", "year": null, "eq_resis": null, "elev_m": 2.3, "eq_int": "6強", "tsu_depth": "1～2ｍ", "tsu_arriv": "60分以上", "long_period_inund": "0.5～1m", "site_entrance": "北門、正門、東門", "bldg_entrance": "北舎：正面玄関、東舎南入口、北舎北入口、南舎：東南北入口", "to_enter_and_unlock": "平日、土日昼間は開錠。建物入口は夜間施錠されるが、緊急時にはドアを壊して構わない", "stairs_condition": "各棟とも屋内2箇所", "other": null, "lon": 133.53297, "lat": 33.5635 }, "geometry": { "type": "Point", "coordinates": [ 133.53297, 33.5635 ] } },
{ "type": "Feature", "properties": { "id": 1005, "school_district": "はりまや橋", "town_div": "高知街", "elm_school_dist": "はりまや橋", "No": "はりまや橋５", "name": "ウェルカムホテル高知", "address": "高知市追手筋１丁目８－25", "type": "鉄骨鉄筋ｺﾝｸﾘｰﾄ造", "basement": 0, "stories": 10.0, "evac_area": "４階以上廊下，１０階", "area_m2": 927.0, "capacity_per": "927", "year": null, "eq_resis": null, "elev_m": 1.9, "eq_int": "6強", "tsu_depth": "1～2ｍ", "tsu_arriv": "60分以上", "long_period_inund": "1～2m", "site_entrance": "－", "bldg_entrance": "正面入口\n非常階段", "to_enter_and_unlock": "フロントは２４時間有人\n１階非常階段は通常時は施錠（内部からは開錠可）", "stairs_condition": "外階段１箇所\n屋内１箇所", "other": null, "lon": 133.5392, "lat": 33.56161 }, "geometry": { "type": "Point", "coordinates": [ 133.5392, 33.56161 ] } },
{ "type": "Feature", "properties": { "id": 1006, "school_district": "はりまや橋", "town_div": "高知街", "elm_school_dist": "はりまや橋", "No": "はりまや橋６", "name": "高知パレスホテル　新館", "address": "高知市廿代町１－18", "type": "鉄筋コンクリート造", "basement": 0, "stories": 10.0, "evac_area": "４～１０階廊下", "area_m2": 577.0, "capacity_per": "577", "year": null, "eq_resis": null, "elev_m": 1.7, "eq_int": "6強", "tsu_depth": "1～2ｍ", "tsu_arriv": "60分以上", "long_period_inund": "1～2m", "site_entrance": "－", "bldg_entrance": "北側正面玄関、南入口、北側外階段", "to_enter_and_unlock": "24時間体制でフロントスタッフによる避難誘導対応が可能、外階段から屋内へは施錠有", "stairs_condition": "屋内1箇所\n外階段２箇所", "other": null, "lon": 133.54195, "lat": 33.56298 }, "geometry": { "type": "Point", "coordinates": [ 133.54195, 33.56298 ] } },
{ "type": "Feature", "properties": { "id": 1007, "school_district": "はりまや橋", "town_div": "高知街", "elm_school_dist": "はりまや橋", "No": "はりまや橋７", "name": "高知パレスホテル　禁煙館", "address": "高知市廿代町４－１", "type": "鉄筋コンクリート造", "basement": 0, "stories": 8.0, "evac_area": "４～８階廊下", "area_m2": 160.0, "capacity_per": "160", "year": null, "eq_resis": null, "elev_m": 1.8, "eq_int": "6強", "tsu_depth": "1～2ｍ", "tsu_arriv": "60分以上", "long_period_inund": "1～2m", "site_entrance": "－", "bldg_entrance": "北側外階段", "to_enter_and_unlock": "正面入口は10時～15時、0時～6時は施錠しているが、管理人が開錠可、外階段から屋内へは施錠している", "stairs_condition": "外階段1箇所", "other": null, "lon": 133.54071, "lat": 33.56314 }, "geometry": { "type": "Point", "coordinates": [ 133.54071, 33.56314 ] } },
{ "type": "Feature", "properties": { "id": 1008, "school_district": "はりまや橋", "town_div": "高知街", "elm_school_dist": "はりまや橋", "No": "はりまや橋８", "name": "高知県庁本庁舎", "address": "高知市丸ノ内１丁目２－20", "type": "鉄筋コンクリート造", "basement": 0, "stories": 6.0, "evac_area": "４階以上廊下，屋上", "area_m2": 2681.0, "capacity_per": "2,681", "year": null, "eq_resis": null, "elev_m": 4.0, "eq_int": "6弱", "tsu_depth": "－", "tsu_arriv": "－", "long_period_inund": "-", "site_entrance": "南側道路", "bldg_entrance": "正面入口、東西出入口", "to_enter_and_unlock": "正面入口は常時開錠。東西出入口は宿直がおり、守衛室で開錠可能", "stairs_condition": "屋内3箇所", "other": null, "lon": 133.52954, "lat": 33.56137 }, "geometry": { "type": "Point", "coordinates": [ 133.52954, 33.56137 ] } },
{ "type": "Feature", "properties": { "id": 1009, "school_district": "はりまや橋", "town_div": "高知街", "elm_school_dist": "はりまや橋", "No": "はりまや橋９", "name": "ＡＰパーク高知（立体駐車場）", "address": "高知市帯屋町２丁目５－11", "type": "鉄骨造", "basement": 0, "stories": 4.0, "evac_area": "４階以上", "area_m2": 1980.0, "capacity_per": "1,980", "year": null, "eq_resis": null, "elev_m": 1.9, "eq_int": "6強", "tsu_depth": "1～2ｍ", "tsu_arriv": "60分以上", "long_period_inund": "1～2m", "site_entrance": "－", "bldg_entrance": "正面入口", "to_enter_and_unlock": "夜間休日も出入口が開放されており、２４時間の避難が可能", "stairs_condition": "屋内１箇所\nスロープ", "other": null, "lon": 133.53481, "lat": 33.55954 }, "geometry": { "type": "Point", "coordinates": [ 133.53481, 33.55954 ] } },
{ "type": "Feature", "properties": { "id": 1010, "school_district": "はりまや橋", "town_div": "南街", "elm_school_dist": "はりまや橋", "No": "はりまや橋10", "name": "サウスブリーズホテル", "address": "高知市農人町５－29", "type": "鉄骨鉄筋コンクリート造", "basement": 0, "stories": 8.0, "evac_area": "４階以上廊下等共用スペース，\n８階リネン室，脱衣場，屋上", "area_m2": 419.0, "capacity_per": "418", "year": null, "eq_resis": null, "elev_m": 1.6, "eq_int": "6強", "tsu_depth": "2～3ｍ", "tsu_arriv": "40～60分", "long_period_inund": "1～2m", "site_entrance": "－", "bldg_entrance": "南正面玄関、北通用口", "to_enter_and_unlock": "24時間体制でフロントスタッフによる避難誘導対応が可能", "stairs_condition": "屋内2箇所", "other": null, "lon": 133.54984, "lat": 33.55817 }, "geometry": { "type": "Point", "coordinates": [ 133.54984, 33.55817 ] } },
{ "type": "Feature", "properties": { "id": 1011, "school_district": "はりまや橋", "town_div": "高知街", "elm_school_dist": "はりまや橋", "No": "はりまや橋11", "name": "高知地方裁判所", "address": "高知市丸ノ内１丁目３－５", "type": "鉄骨鉄筋コンクリート造", "basement": 0, "stories": 6.0, "evac_area": "４階以上廊下及びエレベーターホール", "area_m2": 862.0, "capacity_per": "862", "year": null, "eq_resis": null, "elev_m": 3.4, "eq_int": "6弱", "tsu_depth": "0.01～0.3ｍ", "tsu_arriv": "60分以上", "long_period_inund": "-", "site_entrance": "東、南、西門", "bldg_entrance": "南正面玄関、北入口", "to_enter_and_unlock": "平日８時半～17時開錠、宿直がいるため、夜間及び休日の開錠等についても対応は可能。", "stairs_condition": "屋内2箇所", "other": null, "lon": 133.52907, "lat": 33.55981 }, "geometry": { "type": "Point", "coordinates": [ 133.52907, 33.55981 ] } },
{ "type": "Feature", "properties": { "id": 1012, "school_district": "はりまや橋", "town_div": "高知街", "elm_school_dist": "はりまや橋", "No": "はりまや橋12", "name": "Ｊ．ビルディング", "address": "高知市丸ノ内２丁目８－17", "type": "鉄筋コンクリート造", "basement": 0, "stories": 4.0, "evac_area": "４階廊下及び屋上", "area_m2": 137.0, "capacity_per": "137", "year": "昭和48年", "eq_resis": "平成23年耐震補強", "elev_m": 2.9, "eq_int": "7", "tsu_depth": "1～2ｍ", "tsu_arriv": "60分以上", "long_period_inund": "0.5～1m", "site_entrance": "－", "bldg_entrance": "北側正面玄関", "to_enter_and_unlock": "平日9時～18時開錠。夜間休日は施錠。当該施設に在中している株式会社はりまや住宅職員が開錠する。職員不在時には、鍵を預かっている丸ノ内2丁目町内会長が開錠する", "stairs_condition": "外階段1箇所\n屋内1箇所", "other": null, "lon": 133.52988, "lat": 33.56298 }, "geometry": { "type": "Point", "coordinates": [ 133.52988, 33.56298 ] } },
{ "type": "Feature", "properties": { "id": 1013, "school_district": "はりまや橋", "town_div": "北街", "elm_school_dist": "はりまや橋", "No": "はりまや橋13", "name": "土佐塾本館", "address": "高知市はりまや町３丁目７－８", "type": "鉄骨鉄筋コンクリート造", "basement": 0, "stories": 7.0, "evac_area": "７階テラス", "area_m2": 144.0, "capacity_per": "143", "year": null, "eq_resis": null, "elev_m": 1.9, "eq_int": "6強", "tsu_depth": "1～2ｍ", "tsu_arriv": "60分以上", "long_period_inund": "1～2m", "site_entrance": "－", "bldg_entrance": "北側正面", "to_enter_and_unlock": "平日土曜8時半～22時開錠。日曜は施錠しているが管理人が開錠可能", "stairs_condition": "外階段1箇所\n屋内1箇所", "other": null, "lon": 133.54434, "lat": 33.56336 }, "geometry": { "type": "Point", "coordinates": [ 133.54434, 33.56336 ] } },
{ "type": "Feature", "properties": { "id": 1014, "school_district": "はりまや橋", "town_div": "北街", "elm_school_dist": "はりまや橋", "No": "はりまや橋14", "name": "ＬＢ－１", "address": "高知市桜井町１丁目３－36", "type": "鉄骨鉄筋コンクリート造", "basement": 0, "stories": 11.0, "evac_area": "４階以上廊下", "area_m2": 67.0, "capacity_per": "66", "year": "昭和63年", "eq_resis": "新耐震", "elev_m": 1.1, "eq_int": "7", "tsu_depth": "2～3ｍ", "tsu_arriv": "40～60分", "long_period_inund": "1～2m", "site_entrance": "南側道路", "bldg_entrance": "北側外階段", "to_enter_and_unlock": "外階段より24時間進入可能", "stairs_condition": "外階段1箇所", "other": null, "lon": 133.54955, "lat": 33.56068 }, "geometry": { "type": "Point", "coordinates": [ 133.54955, 33.56068 ] } },
{ "type": "Feature", "properties": { "id": 1015, "school_district": "はりまや橋", "town_div": "高知街", "elm_school_dist": "はりまや橋", "No": "はりまや橋15", "name": "伊予銀行高知支店", "address": "高知市本町２丁目１－９", "type": "鉄骨鉄筋コンクリート造　一部鉄筋コンクリート造", "basement": 0, "stories": 3.0, "evac_area": "屋上", "area_m2": 163.0, "capacity_per": "163", "year": null, "eq_resis": null, "elev_m": 2.1, "eq_int": "6強", "tsu_depth": "1～2ｍ", "tsu_arriv": "60分以上", "long_period_inund": "0.5～1m", "site_entrance": "駐車場出入口", "bldg_entrance": "東側外階段", "to_enter_and_unlock": "外付階段を利用して屋上に上がるものであるが、階段入口の鍵は非常用カバー付きであるため、緊急時にはこれを壊して開錠する", "stairs_condition": "外階段1箇所", "other": null, "lon": 133.53722, "lat": 33.55943 }, "geometry": { "type": "Point", "coordinates": [ 133.53722, 33.55943 ] } },
{ "type": "Feature", "properties": { "id": 1016, "school_district": "はりまや橋", "town_div": "北街", "elm_school_dist": "はりまや橋", "No": "はりまや橋16", "name": "ビ・ウェル播磨屋", "address": "高知市はりまや町３丁目21－２", "type": "鉄筋コンクリート造", "basement": 0, "stories": 10.0, "evac_area": "４階以上廊下", "area_m2": 120.0, "capacity_per": "120", "year": "平成26年", "eq_resis": "新耐震", "elev_m": 1.9, "eq_int": "6強", "tsu_depth": "1～2ｍ", "tsu_arriv": "40～60分", "long_period_inund": "1～2m", "site_entrance": "－", "bldg_entrance": "西側正面\n南側駐車場", "to_enter_and_unlock": "入口はオートロックとなっているが、自動解錠装置が設置されているため、緊急時には手動での開錠が可能", "stairs_condition": "外階段1箇所", "other": null, "lon": 133.54651, "lat": 33.56227 }, "geometry": { "type": "Point", "coordinates": [ 133.54651, 33.56227 ] } },
{ "type": "Feature", "properties": { "id": 1017, "school_district": "はりまや橋", "town_div": "南街", "elm_school_dist": "はりまや橋", "No": "はりまや橋17", "name": "ホテル日航高知旭ロイヤル", "address": "高知市九反田９－15", "type": "鉄骨鉄筋コンクリート造", "basement": 1, "stories": 22.0, "evac_area": "３階：大宴会場及びロビー\n５階：レストラン及び廊下\n６階：待合ホール及び廊下", "area_m2": 1468.0, "capacity_per": "1,467", "year": "平成9年", "eq_resis": "新耐震", "elev_m": 1.5, "eq_int": "6強", "tsu_depth": "1～2ｍ", "tsu_arriv": "40～60分", "long_period_inund": "1～2m", "site_entrance": "－", "bldg_entrance": "南正面入口、北西入口", "to_enter_and_unlock": "24時間常駐している従業員により開錠が可能なほか、緊急時にはドアを壊しても構わない", "stairs_condition": "屋内2箇所", "other": null, "lon": 133.54932, "lat": 33.55747 }, "geometry": { "type": "Point", "coordinates": [ 133.54932, 33.55747 ] } },
{ "type": "Feature", "properties": { "id": 1018, "school_district": "はりまや橋", "town_div": "高知街", "elm_school_dist": "はりまや橋", "No": "はりまや橋18", "name": "高知追手前高校", "address": "高知市追手筋２丁目２－10", "type": "鉄筋コンクリート造", "basement": 0, "stories": 4.0, "evac_area": "新館４階教室及び廊下", "area_m2": 547.0, "capacity_per": "547", "year": null, "eq_resis": null, "elev_m": 2.5, "eq_int": "6強", "tsu_depth": "1～2ｍ", "tsu_arriv": "60分以上", "long_period_inund": "0.5～1m", "site_entrance": "東門、南門", "bldg_entrance": "外階段、南北入口", "to_enter_and_unlock": "平日・土日祝の昼間は開錠。夜間は施錠。緊急時にはドアを壊してもよい", "stairs_condition": "外階段1箇所\n屋内1箇所", "other": null, "lon": 133.53651, "lat": 33.5621 }, "geometry": { "type": "Point", "coordinates": [ 133.53651, 33.5621 ] } },
{ "type": "Feature", "properties": { "id": 1019, "school_district": "はりまや橋", "town_div": "高知街", "elm_school_dist": "はりまや橋", "No": "はりまや橋19", "name": "帯屋町チェントロ", "address": "高知市帯屋町2丁目2-9", "type": "鉄筋コンクリート", "basement": 0, "stories": 14.0, "evac_area": "４階テラス", "area_m2": 335.0, "capacity_per": "335", "year": "平成27年", "eq_resis": "新耐震", "elev_m": 1.8, "eq_int": "6強", "tsu_depth": "1～2ｍ", "tsu_arriv": "60分以上", "long_period_inund": "0.5～1m", "site_entrance": "東西道路", "bldg_entrance": "北側外部非常階段", "to_enter_and_unlock": "避難経路入口（1階）ドアは、地震の揺れを感知したらエレベータが自動停止するのと連動して開錠される。\n避難スペースまでのドア（3階）も、エレベーター自動停止と連動して開錠される。", "stairs_condition": "屋外1箇所", "other": null, "lon": 133.537, "lat": 33.56042 }, "geometry": { "type": "Point", "coordinates": [ 133.537, 33.56042 ] } },
{ "type": "Feature", "properties": { "id": 1020, "school_district": "はりまや橋", "town_div": "小高坂", "elm_school_dist": "はりまや橋", "No": "はりまや橋20", "name": "ピッコロビル", "address": "高知市帯屋町2丁目2-13-3", "type": "鉄骨造", "basement": 0, "stories": 3.0, "evac_area": "3階屋上避難スペース", "area_m2": 53.0, "capacity_per": "52", "year": "平成27年", "eq_resis": "新耐震", "elev_m": 1.8, "eq_int": "6強", "tsu_depth": "1～2ｍ", "tsu_arriv": "60分以上", "long_period_inund": "0.5～1m", "site_entrance": "－", "bldg_entrance": "1階ホール", "to_enter_and_unlock": "避難経路入口（1階）ドアは、地震の揺れを感知したらエレベータが自動停止するのと連動して開錠される。\n避難スペースまでのドア（3階）は、常に開錠。", "stairs_condition": "屋内1箇所", "other": null, "lon": 133.537, "lat": 33.56042 }, "geometry": { "type": "Point", "coordinates": [ 133.537, 33.56042 ] } },
{ "type": "Feature", "properties": { "id": 1021, "school_district": "はりまや橋", "town_div": "南街", "elm_school_dist": "はりまや橋", "No": "はりまや橋21", "name": "サーパス中の島　桜通り", "address": "高知市中の島1-93", "type": "鉄筋コンクリート造", "basement": 0, "stories": 8.0, "evac_area": "４階以上廊下", "area_m2": 297.0, "capacity_per": "295", "year": null, "eq_resis": "新耐震", "elev_m": 1.7, "eq_int": "6強", "tsu_depth": "1～2ｍ", "tsu_arriv": "30～40分", "long_period_inund": "1～2m", "site_entrance": "西側道路", "bldg_entrance": "玄関、外階段", "to_enter_and_unlock": "オートロック", "stairs_condition": "外階段2箇所（施錠）", "other": null, "lon": 133.55486, "lat": 33.55502 }, "geometry": { "type": "Point", "coordinates": [ 133.55486, 33.55502 ] } },
{ "type": "Feature", "properties": { "id": 1022, "school_district": "はりまや橋", "town_div": "北街", "elm_school_dist": "はりまや橋", "No": "はりまや橋22", "name": "北街ビル", "address": "高知市はりまや町三丁目20-1", "type": "鉄骨造", "basement": 0, "stories": 5.0, "evac_area": "4階以上廊下及び屋上", "area_m2": 114.0, "capacity_per": "112", "year": "昭和57年", "eq_resis": "新耐震", "elev_m": 1.8, "eq_int": "６強", "tsu_depth": "1～2ｍ", "tsu_arriv": "60分以上", "long_period_inund": "1～2m", "site_entrance": "－", "bldg_entrance": "南玄関", "to_enter_and_unlock": "24時間進入可能。屋上入口への扉は施錠されており、緊急時には壊して解錠する。", "stairs_condition": "屋内1箇所", "other": null, "lon": 133.54655, "lat": 33.56271 }, "geometry": { "type": "Point", "coordinates": [ 133.54655, 33.56271 ] } },
{ "type": "Feature", "properties": { "id": 1023, "school_district": "はりまや橋", "town_div": "南街", "elm_school_dist": "はりまや橋", "No": "はりまや橋23", "name": "サーパス城見", "address": "高知市城見町9-12", "type": "鉄筋コンクリート造", "basement": 0, "stories": 8.0, "evac_area": "4階以上廊下及びエレベーターホール", "area_m2": 164.0, "capacity_per": "162", "year": null, "eq_resis": "新耐震", "elev_m": 0.5, "eq_int": "６強", "tsu_depth": "3～5ｍ", "tsu_arriv": "40～60分", "long_period_inund": "2～5m", "site_entrance": null, "bldg_entrance": "外階段", "to_enter_and_unlock": "外階段入口は蹴破りになっている", "stairs_condition": "外階段1箇所", "other": null, "lon": 133.55179, "lat": 33.55854 }, "geometry": { "type": "Point", "coordinates": [ 133.55179, 33.55854 ] } },
{ "type": "Feature", "properties": { "id": 1024, "school_district": "はりまや橋", "town_div": "北街", "elm_school_dist": "はりまや橋", "No": "はりまや橋24", "name": "土佐塾予備校SEIZO館", "address": "高知市はりまや町３丁目７－18", "type": "鉄骨造", "basement": 0, "stories": 6.0, "evac_area": "４階以上及び屋上", "area_m2": 325.0, "capacity_per": "325", "year": null, "eq_resis": "新耐震", "elev_m": 2.2, "eq_int": "６強", "tsu_depth": "1～2ｍ", "tsu_arriv": "60分以上", "long_period_inund": "0.5～1m", "site_entrance": null, "bldg_entrance": "南北入口", "to_enter_and_unlock": null, "stairs_condition": "屋内１箇所", "other": null, "lon": 133.54434, "lat": 33.56336 }, "geometry": { "type": "Point", "coordinates": [ 133.54434, 33.56336 ] } },
{ "type": "Feature", "properties": { "id": 1025, "school_district": "はりまや橋", "town_div": "北街", "elm_school_dist": "はりまや橋", "No": "はりまや橋25", "name": "ビ･ウェル新堀", "address": "高知市桜井町一丁目５－28", "type": "鉄筋コンクリート造", "basement": 0, "stories": 14.0, "evac_area": "４階以上廊下", "area_m2": 303.0, "capacity_per": "297", "year": null, "eq_resis": null, "elev_m": 1.7, "eq_int": "7", "tsu_depth": "2～3ｍ", "tsu_arriv": "40～60分", "long_period_inund": "1～2m", "site_entrance": "外部階段", "bldg_entrance": null, "to_enter_and_unlock": null, "stairs_condition": null, "other": null, "lon": 133.5485258, "lat": 33.5611618 }, "geometry": { "type": "Point", "coordinates": [ 133.5485258, 33.5611618 ] } },
{ "type": "Feature", "properties": { "id": 1026, "school_district": "はりまや橋", "town_div": "高知街", "elm_school_dist": "はりまや橋", "No": "はりまや橋26", "name": "高知県立高知城歴史博物館", "address": "高知市追手筋２丁目7－5", "type": "１階：鉄筋コンクリート造\n２･３階：鉄骨鉄筋コンクリート造，１部鉄骨造", "basement": 0, "stories": 13.0, "evac_area": "３階避難スペース", "area_m2": 151.0, "capacity_per": "151", "year": null, "eq_resis": null, "elev_m": 2.6, "eq_int": "６強", "tsu_depth": "1～2ｍ", "tsu_arriv": "60分以上", "long_period_inund": "0.5～1m", "site_entrance": null, "bldg_entrance": "北入口，南入口", "to_enter_and_unlock": null, "stairs_condition": null, "other": null, "lon": 133.53429, "lat": 33.56043 }, "geometry": { "type": "Point", "coordinates": [ 133.53429, 33.56043 ] } },
{ "type": "Feature", "properties": { "id": 1027, "school_district": "はりまや橋", "town_div": "南街", "elm_school_dist": "はりまや橋", "No": "はりまや橋２７", "name": "１２３＋Nはりまや橋店", "address": "高知市南はりまや町１丁目8ー1", "type": "鉄筋コンクリート造，一部鉄骨造", "basement": 1, "stories": 6.0, "evac_area": "立体駐車場　４階以上", "area_m2": 9495.0, "capacity_per": "9,493", "year": null, "eq_resis": "新耐震", "elev_m": 2.5, "eq_int": "６強", "tsu_depth": "1～2ｍ", "tsu_arriv": "40～60分", "long_period_inund": "0.5～1m", "site_entrance": "－", "bldg_entrance": "南側入口", "to_enter_and_unlock": "夜間は立体駐車場入口は閉まっているが，緊急時には壊しても構わない。", "stairs_condition": "内階段１箇所", "other": null, "lon": 133.54329, "lat": 33.55913 }, "geometry": { "type": "Point", "coordinates": [ 133.54329, 33.55913 ] } },
{ "type": "Feature", "properties": { "id": 1028, "school_district": "はりまや橋", "town_div": "高知街", "elm_school_dist": "はりまや橋", "No": "はりまや橋28", "name": "オーテピア", "address": "高知市追手筋２丁目１番１号", "type": "鉄骨鉄筋コンクリート造，鉄筋コンクリート造，鉄骨造", "basement": 1, "stories": 9.0, "evac_area": "３階：EVホール及び視聴コーナー\n４階：EVホール及び廊下，研修室，集会室，学習室，救護室，ホール，テラス，休憩コーナー\nM５階：廊下及び学習・研究室\n５階：EVホール及びプラネタリウム\n屋上\n", "area_m2": 1912.0, "capacity_per": "1,910", "year": "平成29年度", "eq_resis": "新耐震", "elev_m": 2.0, "eq_int": "６強", "tsu_depth": "1～2ｍ", "tsu_arriv": "60分以上", "long_period_inund": "―", "site_entrance": "―", "bldg_entrance": "正面入口、北入口、南入口", "to_enter_and_unlock": "外階段若しくは内階段からの避難", "stairs_condition": "外階段１箇所\n内階段３箇所", "other": null, "lon": 133.53683, "lat": 33.56094 }, "geometry": { "type": "Point", "coordinates": [ 133.53683, 33.56094 ] } },
{ "type": "Feature", "properties": { "id": 1029, "school_district": "はりまや橋", "town_div": "北街", "elm_school_dist": "はりまや橋", "No": "はりまや橋２９", "name": "ロイヤルガーデンはりまや町", "address": "高知市はりまや町１丁目13番20号", "type": "鉄筋コンクリート造", "basement": 0, "stories": 15.0, "evac_area": "４階以上廊下", "area_m2": 175.0, "capacity_per": "168", "year": null, "eq_resis": "新耐震", "elev_m": 2.3, "eq_int": "６強", "tsu_depth": "1～2ｍ", "tsu_arriv": "40～60分", "long_period_inund": "0～0.5m", "site_entrance": "南側道路", "bldg_entrance": "北側外部階段", "to_enter_and_unlock": null, "stairs_condition": "外部階段１箇所，内階段", "other": null, "lon": 133.54628, "lat": 33.55968 }, "geometry": { "type": "Point", "coordinates": [ 133.54628, 33.55968 ] } },
{ "type": "Feature", "properties": { "id": 1030, "school_district": "はりまや橋", "town_div": "高知街", "elm_school_dist": "はりまや橋", "No": "はりまや橋30", "name": "百十四銀行高知支店", "address": "高知市本町３丁目３番36号", "type": "鉄筋コンクリート造", "basement": 0, "stories": 3.0, "evac_area": "３階屋上津波避難スペース", "area_m2": 50.0, "capacity_per": "50", "year": "平成31年度", "eq_resis": "新耐震", "elev_m": 2.5, "eq_int": "６強", "tsu_depth": "1～2ｍ", "tsu_arriv": "60分以上", "long_period_inund": "0.5～1m", "site_entrance": "西側道路、\n北側道路", "bldg_entrance": "外階段", "to_enter_and_unlock": "外階段からの避難（外階段入口の鉄扉には鍵が掛かっているが，揺れを感知すると自動で解錠する機能が付いている）", "stairs_condition": "外階段１箇所，内階段", "other": null, "lon": 133.53526, "lat": 33.55819 }, "geometry": { "type": "Point", "coordinates": [ 133.53526, 33.55819 ] } },
{ "type": "Feature", "properties": { "id": 1031, "school_district": "はりまや橋", "town_div": "北街", "elm_school_dist": "はりまや橋", "No": "はりまや橋31", "name": "ライオンズマンション高知桜井町", "address": "高知市桜井町１丁目８番32号", "type": "鉄骨鉄筋コンクリート造", "basement": 0, "stories": 14.0, "evac_area": "４階から14階までの廊下及びエレベーターホール", "area_m2": 125.0, "capacity_per": "121", "year": "昭和63年", "eq_resis": "新耐震", "elev_m": 1.1, "eq_int": "7", "tsu_depth": "2～3ｍ", "tsu_arriv": "40～60分", "long_period_inund": "1～2m", "site_entrance": "南側道路", "bldg_entrance": "外階段", "to_enter_and_unlock": "外階段からの避難（外階段入口には鍵が掛かっている。鍵は警備員と住人が所持）", "stairs_condition": "外階段１箇所", "other": null, "lon": 133.54849, "lat": 33.56231 }, "geometry": { "type": "Point", "coordinates": [ 133.54849, 33.56231 ] } },
{ "type": "Feature", "properties": { "id": 1032, "school_district": "はりまや橋", "town_div": "高知街", "elm_school_dist": "はりまや橋", "No": "はりまや橋32", "name": "ビ・ウェルおびさんロード", "address": "高知市帯屋町１丁目13番８号", "type": "鉄筋コンクリート造", "basement": 0, "stories": 13.0, "evac_area": "４階以上共用廊下", "area_m2": 175.0, "capacity_per": "170", "year": "令和３年", "eq_resis": "新耐震", "elev_m": 1.6, "eq_int": "６強", "tsu_depth": "1～2ｍ", "tsu_arriv": "60分以上", "long_period_inund": null, "site_entrance": null, "bldg_entrance": null, "to_enter_and_unlock": null, "stairs_condition": null, "other": null, "lon": 133.53867, "lat": 33.56026 }, "geometry": { "type": "Point", "coordinates": [ 133.53867, 33.56026 ] } },
{ "type": "Feature", "properties": { "id": 1033, "school_district": "はりまや橋", "town_div": "高知街", "elm_school_dist": "はりまや橋", "No": "はりまや橋33", "name": "高知県公立大学法人　永国寺キャンパス教育研究棟", "address": "高知市永国寺町２番22号", "type": "鉄筋コンクリート造", "basement": 0, "stories": 6.0, "evac_area": "４階廊下及びセミナー室", "area_m2": 1580.0, "capacity_per": "1,580", "year": "平成27年", "eq_resis": "新耐震", "elev_m": 2.1, "eq_int": "６弱", "tsu_depth": "1～2ｍ", "tsu_arriv": "60分以上", "long_period_inund": "0.5～１ｍ", "site_entrance": "西側道路", "bldg_entrance": "外階段", "to_enter_and_unlock": "24時間警備員が２名常駐。", "stairs_condition": "外階段２箇所\n内階段１箇所", "other": null, "lon": 133.53571, "lat": 33.56427 }, "geometry": { "type": "Point", "coordinates": [ 133.53571, 33.56427 ] } },
{ "type": "Feature", "properties": { "id": 1034, "school_district": "はりまや橋", "town_div": "南街", "elm_school_dist": "はりまや橋", "No": "はりまや橋34", "name": "ビ・ウェル九反田【RIVER　FRONT】", "address": "高知市九反田14番５号", "type": "鉄筋コンクリート造", "basement": 0, "stories": 8.0, "evac_area": "４階以上廊下", "area_m2": 203.0, "capacity_per": "170", "year": "平成19年", "eq_resis": "新耐震", "elev_m": 2.2, "eq_int": "６強", "tsu_depth": "1～2ｍ", "tsu_arriv": "40～60分", "long_period_inund": "0.5～１m", "site_entrance": null, "bldg_entrance": null, "to_enter_and_unlock": null, "stairs_condition": null, "other": null, "lon": 133.55064, "lat": 33.55596 }, "geometry": { "type": "Point", "coordinates": [ 133.55064, 33.55596 ] } },
{ "type": "Feature", "properties": { "id": 1035, "school_district": "はりまや橋", "town_div": "高知街", "elm_school_dist": "はりまや橋", "No": "はりまや橋35", "name": "岡村ビル", "address": "高知市帯屋町二丁目２番22号", "type": "鉄筋コンクリート造", "basement": 0, "stories": 9.0, "evac_area": "屋上", "area_m2": 58.0, "capacity_per": "58", "year": "平成４年以降", "eq_resis": "新耐震", "elev_m": 1.9, "eq_int": "６強", "tsu_depth": "1～2ｍ", "tsu_arriv": "60分以上", "long_period_inund": "0.5～１ｍ", "site_entrance": "―", "bldg_entrance": "西側入口", "to_enter_and_unlock": "常時開放", "stairs_condition": "内階段１箇所", "other": null, "lon": 133.55504, "lat": 33.55735 }, "geometry": { "type": "Point", "coordinates": [ 133.55504, 33.55735 ] } },
{ "type": "Feature", "properties": { "id": 1036, "school_district": "はりまや橋", "town_div": "高知街", "elm_school_dist": "はりまや橋", "No": "はりまや橋36", "name": "高知サンライズホテル新館", "address": "高知市本町二丁目２番31号", "type": "鉄骨鉄筋コンクリート造", "basement": 0, "stories": 9.0, "evac_area": "４階～８階廊下", "area_m2": 287.0, "capacity_per": "285", "year": "昭和60年", "eq_resis": "新耐震", "elev_m": 2.0, "eq_int": "６強", "tsu_depth": "1～2ｍ", "tsu_arriv": "60分以上", "long_period_inund": "0.5～１ｍ", "site_entrance": "―", "bldg_entrance": "正面玄関，非常階段", "to_enter_and_unlock": "非常階段が２４時間開放", "stairs_condition": "内階段２箇所\n非常階段２箇所", "other": null, "lon": 133.53738, "lat": 33.55887 }, "geometry": { "type": "Point", "coordinates": [ 133.53738, 33.55887 ] } },
{ "type": "Feature", "properties": { "id": 1037, "school_district": "はりまや橋", "town_div": "高知街", "elm_school_dist": "はりまや橋", "No": "はりまや橋37", "name": "ビ・ウェル播磨屋弐番館", "address": "高知市はりまや町３丁目21番23号", "type": "鉄筋コンクリート造", "basement": 0, "stories": 14.0, "evac_area": "４階以上廊下", "area_m2": null, "capacity_per": null, "year": "平成29年", "eq_resis": "新耐震", "elev_m": 2.1, "eq_int": "６強", "tsu_depth": "1～2ｍ", "tsu_arriv": "60分以上", "long_period_inund": "0.5～１ｍ", "site_entrance": "南道路", "bldg_entrance": "正面玄関，東側入口", "to_enter_and_unlock": null, "stairs_condition": "内階段１箇所", "other": null, "lon": 133.54651, "lat": 33.56227 }, "geometry": { "type": "Point", "coordinates": [ 133.54651, 33.56227 ] } },
{ "type": "Feature", "properties": { "id": 1101, "school_district": "江陽", "town_div": "江ノ口", "elm_school_dist": "江陽", "No": "江陽１", "name": "城東中学校", "address": "高知市江陽町１－20", "type": "鉄筋コンクリート造", "basement": 0, "stories": 4.0, "evac_area": "東舎４階（理科室を除く）", "area_m2": 221.0, "capacity_per": "221", "year": "昭和58年", "eq_resis": "新耐震", "elev_m": 0.9, "eq_int": "6強", "tsu_depth": "2～3ｍ", "tsu_arriv": "60分以上", "long_period_inund": "1～2m", "site_entrance": "南正門", "bldg_entrance": "南昇降口", "to_enter_and_unlock": "生徒昇降口より自動解錠装置付キーボックス\n（平日7時半～18時半開錠、土日・夜間施錠）", "stairs_condition": "屋内2箇所", "other": "4階の各教室は、日ごろ施錠している", "lon": 133.55281, "lat": 33.56715 }, "geometry": { "type": "Point", "coordinates": [ 133.55281, 33.56715 ] } },
{ "type": "Feature", "properties": { "id": 1102, "school_district": "江陽", "town_div": "江ノ口", "elm_school_dist": "江陽", "No": "江陽２", "name": "比島町市営住宅", "address": "高知市比島町２丁目２－１", "type": "鉄筋コンクリート造", "basement": 0, "stories": 10.0, "evac_area": "4階以上廊下及び屋上\n（居住スペースを除く）", "area_m2": 1144.0, "capacity_per": "1,144", "year": "平成13年", "eq_resis": "新耐震", "elev_m": 1.1, "eq_int": "7", "tsu_depth": "2～3ｍ", "tsu_arriv": "60分以上", "long_period_inund": "1～2m", "site_entrance": "－", "bldg_entrance": "南北入口", "to_enter_and_unlock": "24時間進入可能", "stairs_condition": "屋内2箇所", "other": null, "lon": 133.54918, "lat": 33.56923 }, "geometry": { "type": "Point", "coordinates": [ 133.54918, 33.56923 ] } },
{ "type": "Feature", "properties": { "id": 1103, "school_district": "江陽", "town_div": "江ノ口", "elm_school_dist": "江陽", "No": "江陽３", "name": "土佐国道事務所", "address": "高知市江陽町２－２", "type": "鉄筋コンクリート造", "basement": 0, "stories": 4.0, "evac_area": "屋上", "area_m2": 280.0, "capacity_per": "280", "year": null, "eq_resis": null, "elev_m": 1.3, "eq_int": "6強", "tsu_depth": "2～3ｍ", "tsu_arriv": "60分以上", "long_period_inund": "1～2m", "site_entrance": "西側入口", "bldg_entrance": "北側正面玄関", "to_enter_and_unlock": "平日7時半～20時開錠。24時間体制で情報連絡員がおり、休日・夜間の開錠等についても対応が可能", "stairs_condition": "屋内１箇所", "other": null, "lon": 133.55215, "lat": 33.56787 }, "geometry": { "type": "Point", "coordinates": [ 133.55215, 33.56787 ] } },
{ "type": "Feature", "properties": { "id": 1104, "school_district": "江陽", "town_div": "江ノ口", "elm_school_dist": "江陽", "No": "江陽４", "name": "高知よさこい咲都合同庁舎", "address": "高知市栄田町２丁目２－10", "type": "鉄骨造一部鉄骨鉄筋コンクリート造", "basement": 0, "stories": 10.0, "evac_area": "４～９階廊下，７階食堂", "area_m2": 928.0, "capacity_per": "927", "year": null, "eq_resis": null, "elev_m": 1.1, "eq_int": "6強", "tsu_depth": "1～2ｍ", "tsu_arriv": "60分以上", "long_period_inund": "1～2m", "site_entrance": "－", "bldg_entrance": "西側正面入口", "to_enter_and_unlock": "平日7時半～18時開錠、自動解錠装置あり", "stairs_condition": "屋内2箇所", "other": null, "lon": 133.54462, "lat": 33.56755 }, "geometry": { "type": "Point", "coordinates": [ 133.54462, 33.56755 ] } },
{ "type": "Feature", "properties": { "id": 1105, "school_district": "江陽", "town_div": "下知", "elm_school_dist": "江陽", "No": "江陽５", "name": "ハピネス杉井流", "address": "高知市杉井流６－10", "type": "鉄骨造", "basement": 0, "stories": 5.0, "evac_area": "４階廊下及び５階ベランダ", "area_m2": 112.0, "capacity_per": "111", "year": null, "eq_resis": null, "elev_m": 1.0, "eq_int": "6強", "tsu_depth": "2～3ｍ", "tsu_arriv": "60分以上", "long_period_inund": "1～2m", "site_entrance": "－", "bldg_entrance": "北側玄関", "to_enter_and_unlock": "管理人（402号谷岡）またはさんとう店主が開錠", "stairs_condition": "外階段1箇所（入口内）", "other": null, "lon": 133.55484, "lat": 33.56966 }, "geometry": { "type": "Point", "coordinates": [ 133.55484, 33.56966 ] } },
{ "type": "Feature", "properties": { "id": 1106, "school_district": "江陽", "town_div": "江ノ口", "elm_school_dist": "江陽", "No": "江陽６", "name": "ホテル ロス・イン高知", "address": "高知市北本町２丁目４－８", "type": "鉄筋コンクリート造", "basement": 0, "stories": 7.0, "evac_area": "４階以上廊下及びベランダ", "area_m2": 178.0, "capacity_per": "178", "year": "昭和61年", "eq_resis": "新耐震", "elev_m": 1.4, "eq_int": "6強", "tsu_depth": "2～3ｍ", "tsu_arriv": "60分以上", "long_period_inund": "1～2m", "site_entrance": "－", "bldg_entrance": "１階正面入口\n１階外階段", "to_enter_and_unlock": "常時開錠、24時間職員在駐", "stairs_condition": "外階段1箇所（各階施錠）、屋内1箇所", "other": null, "lon": 133.54704, "lat": 33.56579 }, "geometry": { "type": "Point", "coordinates": [ 133.54704, 33.56579 ] } },
{ "type": "Feature", "properties": { "id": 1107, "school_district": "江陽", "town_div": "江ノ口", "elm_school_dist": "江陽", "No": "江陽７", "name": "高知龍馬ホテル", "address": "高知市北本町２丁目３－４", "type": "鉄筋コンクリート造", "basement": 0, "stories": 7.0, "evac_area": "４階以上廊下", "area_m2": 134.0, "capacity_per": "134", "year": "平成17年", "eq_resis": "新耐震", "elev_m": 1.1, "eq_int": "6強", "tsu_depth": "2～3ｍ", "tsu_arriv": "60分以上", "long_period_inund": "1～2m", "site_entrance": "－", "bldg_entrance": "外階段", "to_enter_and_unlock": "各階非常口は施錠している。24時間職員在駐", "stairs_condition": "外階段1箇所（各階施錠）", "other": null, "lon": 133.54704, "lat": 33.56543 }, "geometry": { "type": "Point", "coordinates": [ 133.54704, 33.56543 ] } },
{ "type": "Feature", "properties": { "id": 1108, "school_district": "江陽", "town_div": "江ノ口", "elm_school_dist": "江陽", "No": "江陽８", "name": "オリエントホテル高知和風別館吉萬", "address": "高知市北本町２丁目１－22", "type": "鉄筋コンクリート造", "basement": 0, "stories": 7.0, "evac_area": "４階以上廊下", "area_m2": 105.0, "capacity_per": "105", "year": "昭和58年", "eq_resis": "新耐震", "elev_m": 1.3, "eq_int": "6強", "tsu_depth": "2～3ｍ", "tsu_arriv": "60分以上", "long_period_inund": "1～2m", "site_entrance": "－", "bldg_entrance": "1階南西", "to_enter_and_unlock": "6時～24時開錠。それ以外はホテル従業員が対応可能。", "stairs_condition": "外階段1箇所（各階施錠）、屋内1箇所", "other": null, "lon": 133.54477, "lat": 33.56569 }, "geometry": { "type": "Point", "coordinates": [ 133.54477, 33.56569 ] } },
{ "type": "Feature", "properties": { "id": 1109, "school_district": "江陽", "town_div": "江ノ口", "elm_school_dist": "江陽", "No": "江陽９", "name": "高知さくらホテル", "address": "高知市北本町２丁目３－11", "type": "鉄骨造", "basement": 0, "stories": 5.0, "evac_area": "４階廊下及びベランダ，\n５階廊下，屋上", "area_m2": 54.0, "capacity_per": "54", "year": null, "eq_resis": null, "elev_m": 1.1, "eq_int": "6強", "tsu_depth": "2～3ｍ", "tsu_arriv": "60分以上", "long_period_inund": "1～2m", "site_entrance": "－", "bldg_entrance": "北側正面", "to_enter_and_unlock": "6時半から10時及び16時から22時開錠。なお、外階段部は常時開錠されている（室内へは施錠）。", "stairs_condition": "外階段1箇所（各階施錠）", "other": null, "lon": 133.54704, "lat": 33.56543 }, "geometry": { "type": "Point", "coordinates": [ 133.54704, 33.56543 ] } },
{ "type": "Feature", "properties": { "id": 1110, "school_district": "江陽", "town_div": "江ノ口", "elm_school_dist": "江陽", "No": "江陽10", "name": "高知中央自動車学校", "address": "高知市江陽町４－50", "type": "鉄骨造", "basement": 0, "stories": 3.0, "evac_area": "３階", "area_m2": 290.0, "capacity_per": "290", "year": null, "eq_resis": null, "elev_m": 1.0, "eq_int": "6強", "tsu_depth": "2～3ｍ", "tsu_arriv": "60分以上", "long_period_inund": "2～5m", "site_entrance": "東門、西門", "bldg_entrance": "外階段\nスロープ", "to_enter_and_unlock": "入口のドアは常時開錠しており、24時間避難が可能\nただし、東入口のアコーディオン扉は夜間施錠", "stairs_condition": "外階段2箇所", "other": null, "lon": 133.5533, "lat": 33.56865 }, "geometry": { "type": "Point", "coordinates": [ 133.5533, 33.56865 ] } },
{ "type": "Feature", "properties": { "id": 1111, "school_district": "江陽", "town_div": "江ノ口", "elm_school_dist": "江陽", "No": "江陽11", "name": "ライオンズヒルズ高知", "address": "高知市比島町２丁目10-45", "type": "鉄骨鉄筋コンクリート", "basement": 0, "stories": 15.0, "evac_area": "１階以上廊下，駐車場２階及び屋上", "area_m2": 4431.0, "capacity_per": "4,431", "year": "平成5年", "eq_resis": "新耐震", "elev_m": 9.7, "eq_int": "6強", "tsu_depth": "－", "tsu_arriv": "－", "long_period_inund": "-", "site_entrance": "－", "bldg_entrance": "正面玄関", "to_enter_and_unlock": "オートロック（日中は管理人が対応）\n緊急時にはドアを壊しても構わない", "stairs_condition": "外階段複数（入口内）", "other": null, "lon": 133.55121, "lat": 33.57135 }, "geometry": { "type": "Point", "coordinates": [ 133.55121, 33.57135 ] } },
{ "type": "Feature", "properties": { "id": 1112, "school_district": "江陽", "town_div": "江ノ口", "elm_school_dist": "江陽", "No": "江陽12", "name": "サーパス北本町第２", "address": "高知市北本町４丁目２－33", "type": "鉄筋コンクリート造", "basement": 0, "stories": 11.0, "evac_area": "４階以上廊下", "area_m2": 473.0, "capacity_per": "470", "year": "平成8年", "eq_resis": "新耐震", "elev_m": 0.5, "eq_int": "6強", "tsu_depth": "2～3ｍ", "tsu_arriv": "60分以上", "long_period_inund": "1～2m", "site_entrance": "－", "bldg_entrance": "外階段2箇所（施錠）", "to_enter_and_unlock": "オートロック\n緊急時にはドアを壊しても構わない", "stairs_condition": "外階段2箇所", "other": null, "lon": 133.55249, "lat": 33.56443 }, "geometry": { "type": "Point", "coordinates": [ 133.55249, 33.56443 ] } },
{ "type": "Feature", "properties": { "id": 1113, "school_district": "江陽", "town_div": "江ノ口", "elm_school_dist": "江陽", "No": "江陽13", "name": "塩田町マンション", "address": "高知市塩田町13-14", "type": "鉄筋コンクリート造", "basement": 0, "stories": 7.0, "evac_area": "４階以上廊下", "area_m2": 161.0, "capacity_per": "160", "year": "平成元年", "eq_resis": "新耐震", "elev_m": 1.7, "eq_int": "6強", "tsu_depth": "2～3ｍ", "tsu_arriv": "60分以上", "long_period_inund": "1～2m", "site_entrance": "－", "bldg_entrance": "東外階段", "to_enter_and_unlock": "外付階段より24時間進入可能", "stairs_condition": "外階段2箇所", "other": null, "lon": 133.54634, "lat": 33.57159 }, "geometry": { "type": "Point", "coordinates": [ 133.54634, 33.57159 ] } },
{ "type": "Feature", "properties": { "id": 1114, "school_district": "江陽", "town_div": "江ノ口", "elm_school_dist": "江陽", "No": "江陽14", "name": "コーポミライクリエイト", "address": "高知市塩田町13-4", "type": "鉄筋コンクリート造", "basement": 0, "stories": 4.0, "evac_area": "４階ホール及び屋上", "area_m2": 140.0, "capacity_per": "139", "year": "平成4年", "eq_resis": "新耐震", "elev_m": 1.4, "eq_int": "6強", "tsu_depth": "2～3ｍ", "tsu_arriv": "60分以上", "long_period_inund": "1～2m", "site_entrance": "－", "bldg_entrance": "西正面", "to_enter_and_unlock": "外階段より24時間進入可能", "stairs_condition": "外階段1箇所", "other": null, "lon": 133.54634, "lat": 33.57159 }, "geometry": { "type": "Point", "coordinates": [ 133.54634, 33.57159 ] } },
{ "type": "Feature", "properties": { "id": 1115, "school_district": "江陽", "town_div": "下知", "elm_school_dist": "江陽", "No": "江陽15", "name": "高知ハーモニー・ホスピタル （入院棟）", "address": "高知市南金田９－８", "type": "鉄筋コンクリート造", "basement": 1, "stories": 5.0, "evac_area": "４階屋上", "area_m2": 158.0, "capacity_per": "158", "year": "平成14年", "eq_resis": "新耐震", "elev_m": 1.5, "eq_int": "6強", "tsu_depth": "1～2ｍ", "tsu_arriv": "60分以上", "long_period_inund": "1～2m", "site_entrance": "－", "bldg_entrance": "外階段", "to_enter_and_unlock": "1階から2階の途中が施錠されており、病院職員が開錠する。開錠不可の場合、扉を乗り越えて避難する。", "stairs_condition": "外階段2箇所", "other": null, "lon": 133.55841, "lat": 33.56443 }, "geometry": { "type": "Point", "coordinates": [ 133.55841, 33.56443 ] } },
{ "type": "Feature", "properties": { "id": 1116, "school_district": "江陽", "town_div": "江ノ口", "elm_school_dist": "江陽", "No": "江陽16", "name": "サーパス北本町", "address": "高知市比島町１丁目４-10", "type": "鉄筋コンクリート造", "basement": 0, "stories": 8.0, "evac_area": "４階から７階までの廊下及びエレベーターホール", "area_m2": 302.0, "capacity_per": "301", "year": "平成2年", "eq_resis": "新耐震", "elev_m": 1.0, "eq_int": "6強", "tsu_depth": "2～3ｍ", "tsu_arriv": "60分以上", "long_period_inund": "1～2m", "site_entrance": "－", "bldg_entrance": "正面入口\n外階段", "to_enter_and_unlock": "施設入口は開錠されているため、24時間進入可能", "stairs_condition": "外階段2箇所（入口内）", "other": null, "lon": 133.55016, "lat": 33.56756 }, "geometry": { "type": "Point", "coordinates": [ 133.55016, 33.56756 ] } },
{ "type": "Feature", "properties": { "id": 1117, "school_district": "江陽", "town_div": "下知", "elm_school_dist": "江陽", "No": "江陽17", "name": "サーパス南金田", "address": "高知市南金田８－７", "type": "鉄筋コンクリート造", "basement": 0, "stories": 10.0, "evac_area": "４階から８階までの廊下", "area_m2": 128.0, "capacity_per": "125", "year": "平成１８年", "eq_resis": "新耐震", "elev_m": 1.6, "eq_int": "6強", "tsu_depth": "1～2ｍ", "tsu_arriv": "60分以上", "long_period_inund": "1～2m", "site_entrance": "－", "bldg_entrance": "外階段（施錠）、正面玄関", "to_enter_and_unlock": "オートロック\n緊急時にはドアを壊しても構わない", "stairs_condition": "外階段１箇所（入口内）", "other": null, "lon": 133.55769, "lat": 33.56422 }, "geometry": { "type": "Point", "coordinates": [ 133.55769, 33.56422 ] } },
{ "type": "Feature", "properties": { "id": 1118, "school_district": "江陽", "town_div": "下知", "elm_school_dist": "江陽", "No": "江陽18", "name": "高知労働総合庁舎", "address": "高知市南金田1-39", "type": "鉄筋コンクリート造", "basement": 0, "stories": 5.0, "evac_area": "４階廊下、ミーティングルーム及び中庭、屋上", "area_m2": 288.0, "capacity_per": "287", "year": null, "eq_resis": null, "elev_m": 1.2, "eq_int": "6強", "tsu_depth": "2～3ｍ", "tsu_arriv": "40～60分", "long_period_inund": "1～2m", "site_entrance": null, "bldg_entrance": null, "to_enter_and_unlock": null, "stairs_condition": null, "other": null, "lon": 133.55524, "lat": 33.56471 }, "geometry": { "type": "Point", "coordinates": [ 133.55524, 33.56471 ] } },
{ "type": "Feature", "properties": { "id": 1119, "school_district": "江陽", "town_div": "江ノ口", "elm_school_dist": "江陽", "No": "江陽19", "name": "江陽小学校", "address": "高知市江陽町1－30", "type": "鉄筋コンクリート造", "basement": 0, "stories": 3.0, "evac_area": "北舎３階及び屋上テラス（音楽準備室，調整室，倉庫，理科準備室を除く）", "area_m2": 1008.0, "capacity_per": "1,008", "year": null, "eq_resis": null, "elev_m": 0.9, "eq_int": "６強", "tsu_depth": "2～3ｍ", "tsu_arriv": "60分以上", "long_period_inund": "1～2m", "site_entrance": null, "bldg_entrance": "外階段２箇所\n内階段２箇所", "to_enter_and_unlock": "外付け階段があるが，屋上入口部分に鍵がかかっている。\n緊急時にはドアを壊しても構わないとの了承を得ている。", "stairs_condition": "外階段２箇所\n内階段２箇所", "other": null, "lon": 133.55281, "lat": 33.56715 }, "geometry": { "type": "Point", "coordinates": [ 133.55281, 33.56715 ] } },
{ "type": "Feature", "properties": { "id": 1201, "school_district": "布師田", "town_div": "布師田", "elm_school_dist": "布師田", "No": "布師田１", "name": "布師田小学校", "address": "高知市布師田1781－１", "type": "鉄筋コンクリート造", "basement": 0, "stories": 3.0, "evac_area": "校舎屋上", "area_m2": 598.0, "capacity_per": "598", "year": "昭和57年", "eq_resis": "新耐震", "elev_m": 3.4, "eq_int": "7", "tsu_depth": "0.3～1ｍ", "tsu_arriv": "60分以上", "long_period_inund": "0～0.5m", "site_entrance": "北門", "bldg_entrance": "北側正面玄関", "to_enter_and_unlock": "平日7時半～17時開錠、夜間休日施錠、自動解錠装置付キーボックスあり", "stairs_condition": "屋内1箇所", "other": "屋上入口施錠", "lon": 133.59146, "lat": 33.58303 }, "geometry": { "type": "Point", "coordinates": [ 133.59146, 33.58303 ] } },
{ "type": "Feature", "properties": { "id": 1203, "school_district": "布師田", "town_div": "布師田", "elm_school_dist": "布師田", "No": "布師田３", "name": "（有）マルキ南工場", "address": "高知市布師田3962", "type": "鉄骨造", "basement": 0, "stories": 2.0, "evac_area": "２階屋上", "area_m2": 262.0, "capacity_per": "262", "year": null, "eq_resis": null, "elev_m": 2.7, "eq_int": "7", "tsu_depth": "0.3～1ｍ", "tsu_arriv": "60分以上", "long_period_inund": "0～0.5m", "site_entrance": "南東正門", "bldg_entrance": "北側外階段", "to_enter_and_unlock": "門はお盆・正月休み以外は開錠。", "stairs_condition": "外階段1箇所", "other": null, "lon": 133.57298, "lat": 33.57346 }, "geometry": { "type": "Point", "coordinates": [ 133.57298, 33.57346 ] } },
{ "type": "Feature", "properties": { "id": 1204, "school_district": "布師田", "town_div": "布師田", "elm_school_dist": "布師田", "No": "布師田４", "name": "高知県中小企業会館", "address": "高知市布師田3992番地２", "type": "鉄筋コンクリート造", "basement": 0, "stories": 5.0, "evac_area": "４階・５階廊下及びベランダ", "area_m2": 103.0, "capacity_per": "102", "year": "昭和61年", "eq_resis": "新耐震", "elev_m": 2.4, "eq_int": "7", "tsu_depth": "0.3～１ｍ", "tsu_arriv": "60分以上", "long_period_inund": "0.5～１ｍ", "site_entrance": "北側道路", "bldg_entrance": "正面玄関\n非常階段", "to_enter_and_unlock": "自動解錠装置付キーボックスを設置予定", "stairs_condition": "屋内１箇所・内部非常階段", "other": null, "lon": 133.57825, "lat": 33.57304 }, "geometry": { "type": "Point", "coordinates": [ 133.57825, 33.57304 ] } },
{ "type": "Feature", "properties": { "id": 1301, "school_district": "一宮", "town_div": "一宮", "elm_school_dist": "一宮", "No": "一宮１", "name": "一宮中学校", "address": "高知市一宮南町１丁目３-１", "type": "鉄筋コンクリート造", "basement": 0, "stories": 4.0, "evac_area": "校舎４階及び屋上", "area_m2": 1569.0, "capacity_per": "1,569", "year": "昭和59年", "eq_resis": "新耐震", "elev_m": 2.3, "eq_int": "7", "tsu_depth": "1～2ｍ", "tsu_arriv": "40～60分", "long_period_inund": "0.5～1m", "site_entrance": "北側門", "bldg_entrance": "北側正面玄関", "to_enter_and_unlock": "平日7時半～17時開錠。夜間休日は施錠されるが、自動解錠装置付キーボックスあり（正面玄関、音楽室、防災ルーム、１年６組）", "stairs_condition": "屋内4箇所", "other": null, "lon": 133.5654, "lat": 33.57702 }, "geometry": { "type": "Point", "coordinates": [ 133.5654, 33.57702 ] } },
{ "type": "Feature", "properties": { "id": 1302, "school_district": "一宮", "town_div": "一宮", "elm_school_dist": "一宮", "No": "一宮２", "name": "マルハン高知一宮店（立体駐車場）", "address": "高知市一宮南町１丁目11－11", "type": "鉄骨造", "basement": 0, "stories": 5.0, "evac_area": "店舗屋上駐車場及び\n立体駐車場４階以上", "area_m2": 6388.0, "capacity_per": "6,387", "year": null, "eq_resis": null, "elev_m": 3.5, "eq_int": "7", "tsu_depth": "0.3～1ｍ", "tsu_arriv": "60分以上", "long_period_inund": "-", "site_entrance": "－", "bldg_entrance": "北側入口、南西入口", "to_enter_and_unlock": "駐車場部分は２４時間解放されており避難が可能", "stairs_condition": "外階段２箇所", "other": null, "lon": 133.56352, "lat": 33.58018 }, "geometry": { "type": "Point", "coordinates": [ 133.56352, 33.58018 ] } },
{ "type": "Feature", "properties": { "id": 1303, "school_district": "一宮", "town_div": "一宮", "elm_school_dist": "一宮", "No": "一宮３", "name": "サーパスシティ高知Ⅰ棟", "address": "高知市一宮南町１丁目１－５", "type": "鉄筋コンクリート造", "basement": 0, "stories": 14.0, "evac_area": "４階以上廊下", "area_m2": 852.0, "capacity_per": "848", "year": "平成5年", "eq_resis": "新耐震", "elev_m": 2.3, "eq_int": "7", "tsu_depth": "1～2ｍ", "tsu_arriv": "40～60分", "long_period_inund": "0.5～1m", "site_entrance": "北側道路", "bldg_entrance": "外階段2箇所", "to_enter_and_unlock": "外階段より24時間進入可能", "stairs_condition": "外階段3箇所", "other": null, "lon": 133.56583, "lat": 33.5756 }, "geometry": { "type": "Point", "coordinates": [ 133.56583, 33.5756 ] } },
{ "type": "Feature", "properties": { "id": 1304, "school_district": "一宮", "town_div": "一宮", "elm_school_dist": "一宮", "No": "一宮４", "name": "サーパスシティ高知Ⅱ棟", "address": "高知市一宮南町１丁目１－６", "type": "鉄筋コンクリート造", "basement": 0, "stories": 14.0, "evac_area": "４階以上廊下", "area_m2": 963.0, "capacity_per": "957", "year": "平成5年", "eq_resis": "新耐震", "elev_m": 2.3, "eq_int": "7", "tsu_depth": "1～2ｍ", "tsu_arriv": "40～60分", "long_period_inund": "0.5～1m", "site_entrance": "北側道路", "bldg_entrance": "外階段", "to_enter_and_unlock": "外階段より24時間進入可能", "stairs_condition": "外階段3箇所", "other": null, "lon": 133.56583, "lat": 33.5756 }, "geometry": { "type": "Point", "coordinates": [ 133.56583, 33.5756 ] } },
{ "type": "Feature", "properties": { "id": 1305, "school_district": "一宮", "town_div": "一宮", "elm_school_dist": "一宮", "No": "一宮５", "name": "一宮小学校", "address": "高知市一宮西町1丁目9-1", "type": "鉄筋コンクリート造", "basement": 0, "stories": 3.0, "evac_area": "南舎屋上", "area_m2": 846.0, "capacity_per": "845", "year": null, "eq_resis": null, "elev_m": 2.4, "eq_int": "7", "tsu_depth": "0.3～1ｍ", "tsu_arriv": "60分以上", "long_period_inund": "0～0.5m", "site_entrance": "東側正門", "bldg_entrance": "南舎北東入口", "to_enter_and_unlock": "平日7時半～17時開錠、夜間休日は無人で機械警備\n自動解錠装置付キーボックス設置予定", "stairs_condition": "屋内1箇所", "other": null, "lon": 133.56766, "lat": 33.58472 }, "geometry": { "type": "Point", "coordinates": [ 133.56766, 33.58472 ] } },
{ "type": "Feature", "properties": { "id": 1401, "school_district": "一宮東", "town_div": "一宮", "elm_school_dist": "一宮東", "No": "一宮東１", "name": "一宮東小学校", "address": "高知市一宮東町１丁目20－1", "type": "鉄筋コンクリート造", "basement": 0, "stories": 4.0, "evac_area": "校舎４階", "area_m2": 565.0, "capacity_per": "565", "year": "西：昭和47年\n東：昭和52年", "eq_resis": "平成11年耐震補強", "elev_m": 2.0, "eq_int": "7", "tsu_depth": "1～2ｍ", "tsu_arriv": "60分以上", "long_period_inund": "0.5～1m", "site_entrance": "南門、西門", "bldg_entrance": "正面玄関", "to_enter_and_unlock": "平日8時半～17時開錠。夜間休日は施錠されるが、自動解錠装置付キーボックスあり", "stairs_condition": "屋内3箇所", "other": null, "lon": 133.57669, "lat": 33.58425 }, "geometry": { "type": "Point", "coordinates": [ 133.57669, 33.58425 ] } },
{ "type": "Feature", "properties": { "id": 1402, "school_district": "一宮東", "town_div": "一宮", "elm_school_dist": "一宮東", "No": "一宮東２", "name": "高知東高校", "address": "高知市一宮徳谷23－１", "type": "鉄筋コンクリート造", "basement": 0, "stories": 4.0, "evac_area": "北校舎４階教室及び廊下\n中校舎４階地学室，視聴覚室，音楽室及び廊下\n本館4階教室及び廊下", "area_m2": 1638.0, "capacity_per": "1,637", "year": null, "eq_resis": null, "elev_m": 2.0, "eq_int": "7", "tsu_depth": "1～2ｍ", "tsu_arriv": "60分以上", "long_period_inund": "1～2m", "site_entrance": "西門", "bldg_entrance": "本館玄関", "to_enter_and_unlock": "平日７時～19時半開錠、休日8時半～17時開錠\n各校舎間通路は施錠", "stairs_condition": "各棟とも屋内階段", "other": null, "lon": 133.58153, "lat": 33.58413 }, "geometry": { "type": "Point", "coordinates": [ 133.58153, 33.58413 ] } },
{ "type": "Feature", "properties": { "id": 1501, "school_district": "小高坂", "town_div": "小高坂", "elm_school_dist": "小高坂", "No": "小高坂１", "name": "城北中学校", "address": "高知市八反町1丁目８－14", "type": "鉄筋コンクリート造", "basement": 0, "stories": 4.0, "evac_area": "校舎４階", "area_m2": 771.0, "capacity_per": "771", "year": "南・北西：昭和49年、北東：昭和59年", "eq_resis": "平成17，19年耐震補強", "elev_m": 2.6, "eq_int": "6強", "tsu_depth": "1～2ｍ", "tsu_arriv": "60分以上", "long_period_inund": "0.5～1m", "site_entrance": "南門", "bldg_entrance": "南玄関", "to_enter_and_unlock": "平日7時半～18時半開錠。自動解錠装置付キーボックスあり　。各教室は施錠", "stairs_condition": "屋内2箇所", "other": null, "lon": 133.52559, "lat": 33.56796 }, "geometry": { "type": "Point", "coordinates": [ 133.52559, 33.56796 ] } },
{ "type": "Feature", "properties": { "id": 1502, "school_district": "小高坂", "town_div": "小高坂", "elm_school_dist": "小高坂", "No": "小高坂２", "name": "高知小津高校", "address": "高知市城北町１－14", "type": "本館：鉄骨鉄筋コンクリート造、\n芸術棟：鉄筋コンクリート造", "basement": 0, "stories": 6.0, "evac_area": "本館（中央）屋上，本館（東）4～6階，本館（西）4～5階，芸術棟4階", "area_m2": 4344.0, "capacity_per": "4,343", "year": null, "eq_resis": null, "elev_m": 3.0, "eq_int": "6強", "tsu_depth": "0.3～1ｍ", "tsu_arriv": "60分以上", "long_period_inund": "-", "site_entrance": "北門\n南門", "bldg_entrance": "本館（西、中央、東）においては南側入口より、芸術棟においては西側入口", "to_enter_and_unlock": "平日7時10分～19時、休日8時～17時開錠", "stairs_condition": "各棟屋内階段", "other": null, "lon": 133.52631, "lat": 33.56424 }, "geometry": { "type": "Point", "coordinates": [ 133.52631, 33.56424 ] } },
{ "type": "Feature", "properties": { "id": 1503, "school_district": "小高坂", "town_div": "小高坂", "elm_school_dist": "小高坂", "No": "小高坂３", "name": "県営住宅八反町団地１号棟", "address": "高知市八反町２－11－23", "type": "鉄筋コンクリート造", "basement": 0, "stories": 4.0, "evac_area": "４階廊下，エレベータホール（居住スペースを除く）", "area_m2": 123.0, "capacity_per": "122", "year": "－", "eq_resis": "－", "elev_m": 3.1, "eq_int": "7", "tsu_depth": "0.3～1ｍ", "tsu_arriv": "60分以上", "long_period_inund": "-", "site_entrance": "北側道路", "bldg_entrance": "玄関及び駐車場", "to_enter_and_unlock": "常時開放", "stairs_condition": "外階段1箇所\n屋内1箇所", "other": null, "lon": 133.52328, "lat": 33.56661 }, "geometry": { "type": "Point", "coordinates": [ 133.52328, 33.56661 ] } },
{ "type": "Feature", "properties": { "id": 1504, "school_district": "小高坂", "town_div": "小高坂", "elm_school_dist": "小高坂", "No": "小高坂４", "name": "ビ・ウェル高知城公園", "address": "高知市小津町２－３", "type": "鉄筋コンクリート造", "basement": 0, "stories": 11.0, "evac_area": "４階以上廊下", "area_m2": 129.0, "capacity_per": "129", "year": null, "eq_resis": "新耐震", "elev_m": 2.7, "eq_int": "7", "tsu_depth": "0.3～1ｍ", "tsu_arriv": "60分以上", "long_period_inund": "0～0.5m", "site_entrance": "－", "bldg_entrance": "南側正面玄関", "to_enter_and_unlock": "入口はオートロックとなっているが、自動解除装置が設置されてるため、緊急時には手動での開錠が可能である", "stairs_condition": "外階段１箇所（入口内）", "other": "避難場所は廊下のみで、各戸への立入は想定しない", "lon": 133.53055, "lat": 33.56422 }, "geometry": { "type": "Point", "coordinates": [ 133.53055, 33.56422 ] } },
{ "type": "Feature", "properties": { "id": 1505, "school_district": "小高坂", "town_div": "小高坂", "elm_school_dist": "小高坂", "No": "小高坂５", "name": "城西中学校", "address": "高知市大膳町３－４", "type": "鉄筋コンクリート造", "basement": 0, "stories": 4.0, "evac_area": "北舎４階廊下及び教室", "area_m2": 319.0, "capacity_per": "318", "year": "昭和53年", "eq_resis": null, "elev_m": 3.7, "eq_int": "6強", "tsu_depth": "－", "tsu_arriv": "－", "long_period_inund": "-", "site_entrance": "南門", "bldg_entrance": "北舎南西入口", "to_enter_and_unlock": "平日7時～17時半開錠。夜間休日は管理人が開錠可。", "stairs_condition": "外階段1箇所\n屋内1箇所", "other": null, "lon": 133.52432, "lat": 33.55974 }, "geometry": { "type": "Point", "coordinates": [ 133.52432, 33.55974 ] } },
{ "type": "Feature", "properties": { "id": 1506, "school_district": "小高坂", "town_div": "小高坂", "elm_school_dist": "小高坂", "No": "小高坂６", "name": "サーパスシティ城西桜通り", "address": "高知市桜馬場２－28", "type": "鉄筋コンクリート造", "basement": 0, "stories": 10.0, "evac_area": "４階から７階までの廊下及びエレベーターホール", "area_m2": 447.0, "capacity_per": "446", "year": null, "eq_resis": "新耐震", "elev_m": 2.5, "eq_int": "6強", "tsu_depth": "1～2ｍ", "tsu_arriv": "60分以上", "long_period_inund": "0～0.5m", "site_entrance": "－", "bldg_entrance": "外階段4箇所（施錠）", "to_enter_and_unlock": "オートロック\n緊急時にはドアを壊しても構わない", "stairs_condition": "外階段4箇所（入口内）", "other": null, "lon": 133.52641, "lat": 33.56109 }, "geometry": { "type": "Point", "coordinates": [ 133.52641, 33.56109 ] } },
{ "type": "Feature", "properties": { "id": 1507, "school_district": "小高坂", "town_div": "小高坂", "elm_school_dist": "小高坂", "No": "小高坂７", "name": "小高坂小学校", "address": "高知市新屋敷１丁目11-5", "type": "鉄筋コンクリート造", "basement": 0, "stories": 4.0, "evac_area": "南舎４階及び屋上、北舎4階（昔の物教室を除く）", "area_m2": 1912.0, "capacity_per": "1,911", "year": "昭和55年", "eq_resis": null, "elev_m": 3.2, "eq_int": "6強", "tsu_depth": "0.3～1ｍ", "tsu_arriv": "60分以上", "long_period_inund": "-", "site_entrance": "北門、南門、東門", "bldg_entrance": "南舎昇降所", "to_enter_and_unlock": "平日7時～17時開錠。自動解錠装置付キーボックスあり（入口及び屋上の鍵）", "stairs_condition": "外階段1箇所\n屋内1箇所", "other": null, "lon": 133.52422, "lat": 33.56498 }, "geometry": { "type": "Point", "coordinates": [ 133.52422, 33.56498 ] } },
{ "type": "Feature", "properties": { "id": 1508, "school_district": "小高坂", "town_div": "小高坂", "elm_school_dist": "小高坂", "No": "小高坂８", "name": "生涯学習健康センター（キラヴィ）", "address": "高知市小津町３番19号", "type": "鉄骨造", "basement": 0, "stories": 4.0, "evac_area": "４階教室及びホール", "area_m2": 370.0, "capacity_per": "369", "year": null, "eq_resis": "新耐震", "elev_m": 2.4, "eq_int": "7", "tsu_depth": "0.3～1ｍ", "tsu_arriv": "60分以上", "long_period_inund": "0～0.5m", "site_entrance": "－", "bldg_entrance": "正面玄関，西入口", "to_enter_and_unlock": null, "stairs_condition": "内部階段\n外部階段", "other": null, "lon": 133.52963, "lat": 33.56379 }, "geometry": { "type": "Point", "coordinates": [ 133.52963, 33.56379 ] } },
{ "type": "Feature", "properties": { "id": 1509, "school_district": "小高坂", "town_div": "小高坂", "elm_school_dist": "小高坂", "No": "小高坂９", "name": "高知県立塩見記念青少年プラザ", "address": "高知市小津町６番４号", "type": "鉄筋コンクリート造", "basement": 0, "stories": 5.0, "evac_area": "５階多目的室及びEVホール", "area_m2": 178.0, "capacity_per": "178", "year": "平成30年", "eq_resis": "新耐震", "elev_m": 2.7, "eq_int": "6強", "tsu_depth": "1～2ｍ", "tsu_arriv": "60分以上", "long_period_inund": "0～0.5m", "site_entrance": "－", "bldg_entrance": "正面玄関，外階段", "to_enter_and_unlock": "外階段から4階の非常用ドアから侵入し，中から5階へ上がる", "stairs_condition": null, "other": null, "lon": 133.5271, "lat": 33.56355 }, "geometry": { "type": "Point", "coordinates": [ 133.5271, 33.56355 ] } },
{ "type": "Feature", "properties": { "id": 1510, "school_district": "小高坂", "town_div": "小高坂", "elm_school_dist": "小高坂", "No": "小高坂10", "name": "高知大学教育学部附属小学校", "address": "高知市小津町10番13号", "type": "鉄筋コンクリート造一部鉄骨造", "basement": 0, "stories": 3.0, "evac_area": "屋上", "area_m2": 625.0, "capacity_per": "625", "year": null, "eq_resis": "耐震補強\n（平成19年）", "elev_m": 2.8, "eq_int": "6強", "tsu_depth": "0.3～１m", "tsu_arriv": "60分以上", "long_period_inund": "-", "site_entrance": "－", "bldg_entrance": "正面玄関", "to_enter_and_unlock": null, "stairs_condition": null, "other": null, "lon": 133.52881, "lat": 33.56532 }, "geometry": { "type": "Point", "coordinates": [ 133.52881, 33.56532 ] } },
{ "type": "Feature", "properties": { "id": 1601, "school_district": "旭", "town_div": "旭街", "elm_school_dist": "旭", "No": "旭１", "name": "鏡川町市営住宅１号棟", "address": "高知市鏡川町16", "type": "鉄筋コンクリート造", "basement": 0, "stories": 6.0, "evac_area": "４階以上廊下及び屋上\n（居住スペースを除く）", "area_m2": 240.0, "capacity_per": "240", "year": "平成16年", "eq_resis": "新耐震", "elev_m": 6.6, "eq_int": "6弱", "tsu_depth": "－", "tsu_arriv": "－", "long_period_inund": "-", "site_entrance": "－", "bldg_entrance": "外階段", "to_enter_and_unlock": "外階段から24時間進入可能", "stairs_condition": "外階段2箇所", "other": null, "lon": 133.50835, "lat": 33.55412 }, "geometry": { "type": "Point", "coordinates": [ 133.50835, 33.55412 ] } },
{ "type": "Feature", "properties": { "id": 1602, "school_district": "旭", "town_div": "旭街", "elm_school_dist": "旭", "No": "旭２", "name": "鏡川町市営住宅２号棟", "address": "高知市鏡川町16", "type": "鉄筋コンクリート造", "basement": 0, "stories": 3.0, "evac_area": "屋上", "area_m2": 615.0, "capacity_per": "615", "year": "平成16年", "eq_resis": "新耐震", "elev_m": 6.6, "eq_int": "6弱", "tsu_depth": "－", "tsu_arriv": "－", "long_period_inund": "-", "site_entrance": "－", "bldg_entrance": "外階段", "to_enter_and_unlock": "外階段から24時間進入可能", "stairs_condition": "外階段2箇所", "other": null, "lon": 133.50835, "lat": 33.55412 }, "geometry": { "type": "Point", "coordinates": [ 133.50835, 33.55412 ] } },
{ "type": "Feature", "properties": { "id": 1701, "school_district": "第六", "town_div": "潮江", "elm_school_dist": "第六", "No": "第六１", "name": "潮江市営住宅", "address": "高知市小石木町204", "type": "鉄筋コンクリート造", "basement": 0, "stories": 5.0, "evac_area": "４階以上廊下\n（居住スペースを除く）", "area_m2": 241.0, "capacity_per": "241", "year": "平成20年", "eq_resis": "新耐震", "elev_m": 3.7, "eq_int": "6強", "tsu_depth": "-", "tsu_arriv": "-", "long_period_inund": "-", "site_entrance": "－", "bldg_entrance": "外階段", "to_enter_and_unlock": "外階段から24時間進入可能", "stairs_condition": "外階段2箇所\n屋内1箇所", "other": null, "lon": 133.52518, "lat": 33.54953 }, "geometry": { "type": "Point", "coordinates": [ 133.52518, 33.54953 ] } },
{ "type": "Feature", "properties": { "id": 1702, "school_district": "第六", "town_div": "高知街", "elm_school_dist": "第六", "No": "第六２", "name": "高知市役所第二庁舎", "address": "高知市本町５丁目１－45", "type": "鉄筋コンクリート造", "basement": 1, "stories": 3.0, "evac_area": "屋上", "area_m2": 883.0, "capacity_per": "882", "year": "昭和60年", "eq_resis": "新耐震", "elev_m": 3.2, "eq_int": "6弱", "tsu_depth": "0.3～1ｍ", "tsu_arriv": "60分以上", "long_period_inund": "-", "site_entrance": "－", "bldg_entrance": "北東正面入口", "to_enter_and_unlock": "宿直がおり、休日・夜間の開錠等に対応", "stairs_condition": "屋内1箇所", "other": null, "lon": 133.53117, "lat": 33.55852 }, "geometry": { "type": "Point", "coordinates": [ 133.53117, 33.55852 ] } },
{ "type": "Feature", "properties": { "id": 1703, "school_district": "第六", "town_div": "高知街", "elm_school_dist": "第六", "No": "第六３", "name": "高知市役所たかじょう庁舎", "address": "高知市鷹匠町２丁目１－43", "type": "鉄骨鉄筋コンクリート造", "basement": 0, "stories": 7.0, "evac_area": "４階以上廊下等共用スペース，\n会議室及び屋上", "area_m2": 875.0, "capacity_per": "874", "year": "平成13年", "eq_resis": "新耐震", "elev_m": 2.4, "eq_int": "6強", "tsu_depth": "1～2ｍ", "tsu_arriv": "60分以上", "long_period_inund": "0.5～1m", "site_entrance": "－", "bldg_entrance": "正面玄関", "to_enter_and_unlock": "宿直がおり、休日・夜間の開錠等に対応", "stairs_condition": "外階段1箇所\n屋内1箇所", "other": null, "lon": 133.53169, "lat": 33.55648 }, "geometry": { "type": "Point", "coordinates": [ 133.53169, 33.55648 ] } },
{ "type": "Feature", "properties": { "id": 1704, "school_district": "第六", "town_div": "高知街", "elm_school_dist": "第六", "No": "第六４", "name": "高知県庁西庁舎", "address": "高知市丸ノ内１丁目７－52", "type": "鉄筋コンクリート造", "basement": 0, "stories": 7.0, "evac_area": "４階以上廊下及び屋上", "area_m2": 349.0, "capacity_per": "348", "year": null, "eq_resis": null, "elev_m": 3.3, "eq_int": "6弱", "tsu_depth": "0.3～1ｍ", "tsu_arriv": "60分以上", "long_period_inund": "-", "site_entrance": "－", "bldg_entrance": "東側入口", "to_enter_and_unlock": "6時～23時開錠、宿直がおり、休日・夜間の開錠等に対応", "stairs_condition": "屋内2箇所", "other": null, "lon": 133.528, "lat": 33.56004 }, "geometry": { "type": "Point", "coordinates": [ 133.528, 33.56004 ] } },
{ "type": "Feature", "properties": { "id": 1705, "school_district": "第六", "town_div": "高知街", "elm_school_dist": "第六", "No": "第六５", "name": "県民文化ホール", "address": "高知市本町４丁目３－30", "type": "鉄筋コンクリート造", "basement": 0, "stories": 4.0, "evac_area": "４階会議室，大会議室，和室\n及び廊下等共用スペース，屋上", "area_m2": 1904.0, "capacity_per": "1,903", "year": null, "eq_resis": null, "elev_m": 2.3, "eq_int": "6強", "tsu_depth": "1～2ｍ", "tsu_arriv": "60分以上", "long_period_inund": "0.5～1m", "site_entrance": "－", "bldg_entrance": "西正面入口、南入口", "to_enter_and_unlock": "８時半～１７時半開錠。宿直がおり、休日・夜間の開錠等に対応", "stairs_condition": "屋内2箇所", "other": null, "lon": 133.53363, "lat": 33.55689 }, "geometry": { "type": "Point", "coordinates": [ 133.53363, 33.55689 ] } },
{ "type": "Feature", "properties": { "id": 1706, "school_district": "第六", "town_div": "高知街", "elm_school_dist": "第六", "No": "第六６", "name": "高知電気ビル", "address": "高知市本町４丁目１－16", "type": "鉄筋コンクリート造", "basement": 0, "stories": 8.0, "evac_area": "４階以上廊下及び共用部分", "area_m2": 336.0, "capacity_per": "335", "year": null, "eq_resis": null, "elev_m": 2.3, "eq_int": "6強", "tsu_depth": "1～2ｍ", "tsu_arriv": "60分以上", "long_period_inund": "0.5～1m", "site_entrance": "－", "bldg_entrance": "南側正面入口\n北側副入口", "to_enter_and_unlock": "南側正面は平日日中開錠、北側は日中開錠。24時間保安員が常駐のため開錠可能。", "stairs_condition": "屋内2箇所", "other": null, "lon": 133.53308, "lat": 33.55886 }, "geometry": { "type": "Point", "coordinates": [ 133.53308, 33.55886 ] } },
{ "type": "Feature", "properties": { "id": 1707, "school_district": "第六", "town_div": "高知街", "elm_school_dist": "第六", "No": "第六７", "name": "オリエントホテル高知", "address": "高知市升形５-37", "type": "鉄骨鉄筋コンクリート造", "basement": 0, "stories": 10.0, "evac_area": "４階以上廊下及びベランダ，\n屋上ホール", "area_m2": 679.0, "capacity_per": "679", "year": null, "eq_resis": null, "elev_m": 3.3, "eq_int": "6強", "tsu_depth": "0.3～1ｍ", "tsu_arriv": "60分以上", "long_period_inund": "-", "site_entrance": "－", "bldg_entrance": "北正面入口、南通用口", "to_enter_and_unlock": "24時間職員在駐", "stairs_condition": "外階段1箇所（各階施錠）、屋内1箇所", "other": null, "lon": 133.52856, "lat": 33.55713 }, "geometry": { "type": "Point", "coordinates": [ 133.52856, 33.55713 ] } },
{ "type": "Feature", "properties": { "id": 1708, "school_district": "第六", "town_div": "高知街", "elm_school_dist": "第六", "No": "第六８", "name": "高知会館", "address": "高知市本町５丁目６－42", "type": "鉄筋コンクリート造（一部鉄骨鉄筋コンクリート造）", "basement": 1, "stories": 6.0, "evac_area": "４階以上廊下，４階会議室及びテラス\n屋上", "area_m2": 784.0, "capacity_per": "784", "year": "昭和51年", "eq_resis": "耐震補強（平成25年）", "elev_m": 2.6, "eq_int": "6強", "tsu_depth": "0.3～1ｍ", "tsu_arriv": "60分以上", "long_period_inund": "0～0.5m", "site_entrance": "－", "bldg_entrance": "北側正面玄関", "to_enter_and_unlock": "6時～24時開錠、0時～6時施錠(警備員待機）", "stairs_condition": "屋内2箇所", "other": null, "lon": 133.53149, "lat": 33.55742 }, "geometry": { "type": "Point", "coordinates": [ 133.53149, 33.55742 ] } },
{ "type": "Feature", "properties": { "id": 1709, "school_district": "第六", "town_div": "高知街", "elm_school_dist": "第六", "No": "第六９", "name": "ザ　クラウンパレス新阪急高知", "address": "高知市本町４丁目２－50", "type": "鉄骨鉄筋コンクリート造", "basement": 1, "stories": 13.0, "evac_area": "５階ビアガーデン及び和宴会場", "area_m2": 700.0, "capacity_per": "700", "year": "昭和60年", "eq_resis": "新耐震", "elev_m": 2.2, "eq_int": "6強", "tsu_depth": "1～2ｍ", "tsu_arriv": "60分以上", "long_period_inund": "0.5～1m", "site_entrance": "－", "bldg_entrance": "北側玄関\n南側入口", "to_enter_and_unlock": "北側玄関は終日施錠なし。南側入口は23時～5時まで閉鎖（非常口有）", "stairs_condition": "フロント横屋内階段", "other": null, "lon": 133.53336, "lat": 33.55777 }, "geometry": { "type": "Point", "coordinates": [ 133.53336, 33.55777 ] } },
{ "type": "Feature", "properties": { "id": 1710, "school_district": "第六", "town_div": "潮江", "elm_school_dist": "第六", "No": "第六10", "name": "杉本ビル大原町", "address": "高知市大原町87－１", "type": "鉄筋コンクリート造", "basement": 0, "stories": 7.0, "evac_area": "４階から６階までの廊下，７階ホール及び屋上", "area_m2": 200.0, "capacity_per": "199", "year": "平成3年", "eq_resis": "新耐震", "elev_m": 4.7, "eq_int": "6強", "tsu_depth": "1～2ｍ", "tsu_arriv": "30～40分", "long_period_inund": "-", "site_entrance": "－", "bldg_entrance": "北西外階段", "to_enter_and_unlock": "外階段より24時間進入可能。屋上は施錠", "stairs_condition": "外階段1箇所", "other": null, "lon": 133.52684, "lat": 33.55257 }, "geometry": { "type": "Point", "coordinates": [ 133.52684, 33.55257 ] } },
{ "type": "Feature", "properties": { "id": 1711, "school_district": "第六", "town_div": "上街", "elm_school_dist": "第六", "No": "第六11", "name": "アーバンシンフォニー美門", "address": "高知市上町１丁目10－44", "type": "鉄筋コンクリート造", "basement": 0, "stories": 7.0, "evac_area": "４階から６階までの廊下及び\nエレベーターホール", "area_m2": 104.0, "capacity_per": "104", "year": null, "eq_resis": null, "elev_m": 3.5, "eq_int": "6強", "tsu_depth": "0.01～0.3ｍ", "tsu_arriv": "60分以上", "long_period_inund": "-", "site_entrance": "－", "bldg_entrance": "外階段", "to_enter_and_unlock": "緊急時はドアを壊しても構わない\n施設入口はオートロックのため、電気が止まれば手動での開錠が可能である", "stairs_condition": "外階段1箇所（入口内）", "other": null, "lon": 133.5262, "lat": 33.55564 }, "geometry": { "type": "Point", "coordinates": [ 133.5262, 33.55564 ] } },
{ "type": "Feature", "properties": { "id": 1712, "school_district": "第六", "town_div": "上街", "elm_school_dist": "第六", "No": "第六12", "name": "ヤイロハイツ", "address": "高知市上町１丁目11－43", "type": "鉄筋コンクリート造", "basement": 0, "stories": 7.0, "evac_area": "４階以上廊下", "area_m2": 121.0, "capacity_per": "120", "year": "平成2年", "eq_resis": "新耐震", "elev_m": 3.2, "eq_int": "6強", "tsu_depth": "0.3～1ｍ", "tsu_arriv": "60分以上", "long_period_inund": "-", "site_entrance": "－", "bldg_entrance": "外階段", "to_enter_and_unlock": "外階段より24時間進入可能", "stairs_condition": "外階段1箇所", "other": null, "lon": 133.52618, "lat": 33.5551 }, "geometry": { "type": "Point", "coordinates": [ 133.52618, 33.5551 ] } },
{ "type": "Feature", "properties": { "id": 1713, "school_district": "第六", "town_div": "高知街", "elm_school_dist": "第六", "No": "第六13", "name": "高知法務総合庁舎", "address": "高知市丸の内1丁目4-1", "type": "鉄筋コンクリート造", "basement": 0, "stories": 7.0, "evac_area": "4階及び5階：エレベーターホール、6階及び7階：エレベーターホール及び会議室", "area_m2": 326.0, "capacity_per": "323", "year": "平成24年", "eq_resis": "新耐震", "elev_m": 3.2, "eq_int": "6弱", "tsu_depth": "0.3～1ｍ", "tsu_arriv": "60分以上", "long_period_inund": "-", "site_entrance": "－", "bldg_entrance": "正面玄関", "to_enter_and_unlock": "自動解錠装置により開錠", "stairs_condition": "屋内2箇所", "other": null, "lon": 133.52838, "lat": 33.5589 }, "geometry": { "type": "Point", "coordinates": [ 133.52838, 33.5589 ] } },
{ "type": "Feature", "properties": { "id": 1714, "school_district": "第六", "town_div": "高知街", "elm_school_dist": "第六", "No": "第六14", "name": "第六小学校", "address": "高知市升形9-4", "type": "鉄筋コンクリート造", "basement": 0, "stories": 3.0, "evac_area": "東舎屋上", "area_m2": 435.0, "capacity_per": "435", "year": "昭和9年", "eq_resis": "耐震補強（平成24年）", "elev_m": 3.0, "eq_int": "6強", "tsu_depth": "0.3～1ｍ", "tsu_arriv": "60分以上", "long_period_inund": "-", "site_entrance": "－", "bldg_entrance": "東昇降所", "to_enter_and_unlock": null, "stairs_condition": "屋内1箇所", "other": null, "lon": 133.52875, "lat": 33.55576 }, "geometry": { "type": "Point", "coordinates": [ 133.52875, 33.55576 ] } },
{ "type": "Feature", "properties": { "id": 1715, "school_district": "第六", "town_div": "高知街", "elm_school_dist": "第六", "No": "第六15", "name": "高知地方合同庁舎", "address": "高知市本町４丁目3-41", "type": "鉄筋コンクリート造", "basement": 0, "stories": 6.0, "evac_area": "４階廊下及びホール、５階屋上、６階ホール並びに塔屋ホール", "area_m2": 457.0, "capacity_per": "455", "year": "昭和51年", "eq_resis": null, "elev_m": 2.4, "eq_int": "6強", "tsu_depth": "1～2ｍ", "tsu_arriv": "60分以上", "long_period_inund": "0.5～1m", "site_entrance": null, "bldg_entrance": "北側正面玄関", "to_enter_and_unlock": "平日８時半～１７時１５分開錠、夜間休日施錠", "stairs_condition": "屋内2箇所", "other": null, "lon": 133.53363, "lat": 33.55689 }, "geometry": { "type": "Point", "coordinates": [ 133.53363, 33.55689 ] } },
{ "type": "Feature", "properties": { "id": 1716, "school_district": "第六", "town_div": "高知街", "elm_school_dist": "第六", "No": "第六16", "name": "高知県自治会館", "address": "高知市本町４丁目１-35", "type": "鉄筋コンクリート造\n（一部木造）", "basement": 0, "stories": 6.0, "evac_area": "３階第１会議室及びホール", "area_m2": 398.0, "capacity_per": "397", "year": "平成28年", "eq_resis": "新耐震", "elev_m": 2.2, "eq_int": "6強", "tsu_depth": "1～2ｍ", "tsu_arriv": "60分以上", "long_period_inund": "0～0.5m", "site_entrance": "北側道路", "bldg_entrance": "北側正面玄関", "to_enter_and_unlock": "正面入口，３階第１会議室北側入口は，自動解錠装置により解錠", "stairs_condition": "屋内２箇所", "other": null, "lon": 133.53308, "lat": 33.55886 }, "geometry": { "type": "Point", "coordinates": [ 133.53308, 33.55886 ] } },
{ "type": "Feature", "properties": { "id": 1717, "school_district": "第六", "town_div": "高知街", "elm_school_dist": "第六", "No": "第六17", "name": "高知県建設会館", "address": "高知市本町４丁目２番15号", "type": "鉄骨造", "basement": 0, "stories": 4.0, "evac_area": "屋上，会議室，ホール，エレベーターホール", "area_m2": 441.0, "capacity_per": "441", "year": "平成30年", "eq_resis": "新耐震", "elev_m": 2.1, "eq_int": "６強", "tsu_depth": "0.3～１m", "tsu_arriv": "60分以上", "long_period_inund": "0～0.5m", "site_entrance": "南側道路", "bldg_entrance": "外階段", "to_enter_and_unlock": "外階段入口鉄扉の非常解錠装置を解錠し屋上に進入。", "stairs_condition": "外階段１箇所，屋内階段１箇所", "other": null, "lon": 133.53336, "lat": 33.55777 }, "geometry": { "type": "Point", "coordinates": [ 133.53336, 33.55777 ] } },
{ "type": "Feature", "properties": { "id": 1718, "school_district": "第六", "town_div": "高知街", "elm_school_dist": "第六", "No": "第六18", "name": "高知市役所本庁舎", "address": "高知市本町５丁目１-45", "type": "鉄骨鉄筋コンクリート造，鉄骨造，鉄筋コンクリート造（地下１階柱頭免震構造）", "basement": 1, "stories": 6.0, "evac_area": "３階～６階通路", "area_m2": 2063.0, "capacity_per": "2,061", "year": "令和元年", "eq_resis": "新耐震", "elev_m": 3.2, "eq_int": "６強", "tsu_depth": "０～１m", "tsu_arriv": "60分以上", "long_period_inund": "-", "site_entrance": "ー", "bldg_entrance": "北側，南側，東側入り口", "to_enter_and_unlock": "宿直がおり、休日・夜間の開錠等に対応", "stairs_condition": "屋内２箇所", "other": null, "lon": 133.53117, "lat": 33.55852 }, "geometry": { "type": "Point", "coordinates": [ 133.53117, 33.55852 ] } },
{ "type": "Feature", "properties": { "id": 1719, "school_district": "第六", "town_div": "高知街", "elm_school_dist": "第六", "No": "第六19", "name": "ビ・ウェル本町", "address": "高知市本町４丁目１番48号", "type": "鉄筋コンクリート造", "basement": 1, "stories": 13.0, "evac_area": "４階以上廊下及びエレベーターホール", "area_m2": 123.0, "capacity_per": "120", "year": "令和２年", "eq_resis": "新耐震", "elev_m": 2.4, "eq_int": "６強", "tsu_depth": "1～2ｍ", "tsu_arriv": "60分以上", "long_period_inund": null, "site_entrance": null, "bldg_entrance": null, "to_enter_and_unlock": null, "stairs_condition": null, "other": null, "lon": 133.53308, "lat": 33.55886 }, "geometry": { "type": "Point", "coordinates": [ 133.53308, 33.55886 ] } },
{ "type": "Feature", "properties": { "id": 1720, "school_district": "第六", "town_div": "高知街", "elm_school_dist": "第六", "No": "第六20", "name": "不二興産ビル（立体駐車場）", "address": "高知市本町５丁目４番21号", "type": "鉄骨造", "basement": 0, "stories": 4.0, "evac_area": "立体駐車場　４階屋上", "area_m2": 956.0, "capacity_per": "955", "year": "平成30年", "eq_resis": "新耐震", "elev_m": 3.3, "eq_int": "６弱", "tsu_depth": "0.3～１ｍ", "tsu_arriv": "60分以上", "long_period_inund": "―", "site_entrance": "西側道路", "bldg_entrance": "西側スロープ\n外階段", "to_enter_and_unlock": "西側スロープから24時間進入可能", "stairs_condition": "外階段１箇所", "other": null, "lon": 133.53, "lat": 33.55738 }, "geometry": { "type": "Point", "coordinates": [ 133.53, 33.55738 ] } },
{ "type": "Feature", "properties": { "id": 1721, "school_district": "第六", "town_div": "高知街", "elm_school_dist": "第六", "No": "第六21", "name": "高知共済会館", "address": "高知市本町５丁目３番20号", "type": "鉄骨鉄筋コンクリート造　", "basement": 1, "stories": 8.0, "evac_area": "４階廊下及びエレベーターホール", "area_m2": 67.0, "capacity_per": "67", "year": "昭和59年", "eq_resis": "新耐震", "elev_m": 2.9, "eq_int": "６弱", "tsu_depth": "0.3～１ｍ", "tsu_arriv": "60分以上", "long_period_inund": "―", "site_entrance": "ー", "bldg_entrance": "北側入口", "to_enter_and_unlock": "24時間有人", "stairs_condition": "屋内２箇所", "other": null, "lon": 133.52983, "lat": 33.55798 }, "geometry": { "type": "Point", "coordinates": [ 133.52983, 33.55798 ] } },
{ "type": "Feature", "properties": { "id": 1722, "school_district": "第六", "town_div": "高知街", "elm_school_dist": "第六", "No": "第六22", "name": "高知県立高知江の口特別支援学校", "address": "高知市大原町120番地５", "type": "鉄筋コンクリート造", "basement": 0, "stories": 4.0, "evac_area": "校舎４階廊下一部及び作業実習室（１）・（２），高等部選択教室", "area_m2": 246.0, "capacity_per": "246", "year": "令和２年", "eq_resis": "新耐震", "elev_m": 3.6, "eq_int": "7", "tsu_depth": "0.3～１ｍ", "tsu_arriv": "60分以上", "long_period_inund": "－", "site_entrance": null, "bldg_entrance": null, "to_enter_and_unlock": null, "stairs_condition": null, "other": null, "lon": 133.53036, "lat": 33.55281 }, "geometry": { "type": "Point", "coordinates": [ 133.53036, 33.55281 ] } },
{ "type": "Feature", "properties": { "id": 1801, "school_district": "鴨田", "town_div": "鴨田", "elm_school_dist": "鴨田", "No": "鴨田１", "name": "鴨部市営住宅２号棟", "address": "高知市鴨部１丁目13－２", "type": "鉄筋コンクリート造", "basement": 0, "stories": 10.0, "evac_area": "４階以上廊下，エレベーターホール\n（居住スペースを除く）", "area_m2": 1001.0, "capacity_per": "1,001", "year": "昭和58年", "eq_resis": "新耐震", "elev_m": 7.5, "eq_int": "6強", "tsu_depth": "－", "tsu_arriv": "－", "long_period_inund": "-", "site_entrance": "－", "bldg_entrance": "外階段", "to_enter_and_unlock": "外階段から24時間進入可能", "stairs_condition": "外階段2箇所\n屋内1箇所", "other": null, "lon": 133.50302, "lat": 33.55174 }, "geometry": { "type": "Point", "coordinates": [ 133.50302, 33.55174 ] } },
{ "type": "Feature", "properties": { "id": 1802, "school_district": "鴨田", "town_div": "鴨田", "elm_school_dist": null, "No": "鴨田２", "name": "高知西高校", "address": "高知市鴨部２丁目５－70", "type": "鉄筋コンクリート造", "basement": 0, "stories": 3.0, "evac_area": "２階アリーナ，３階ギャラリー", "area_m2": 1928.0, "capacity_per": "1,927", "year": null, "eq_resis": null, "elev_m": 7.8, "eq_int": "6強", "tsu_depth": "－", "tsu_arriv": "－", "long_period_inund": "-", "site_entrance": "北門", "bldg_entrance": "玄関ホール", "to_enter_and_unlock": "常時施錠、日中職員がいるときは開錠可能", "stairs_condition": "外階段2箇所", "other": null, "lon": 133.50172, "lat": 33.55038 }, "geometry": { "type": "Point", "coordinates": [ 133.50172, 33.55038 ] } },
{ "type": "Feature", "properties": { "id": 1901, "school_district": "江ノ口", "town_div": "江ノ口", "elm_school_dist": "江ノ口", "No": "江ノ口１", "name": "昭和町コミュニティ住宅", "address": "高知市昭和町８－18", "type": "鉄筋コンクリート造", "basement": 0, "stories": 7.0, "evac_area": "４階以上廊下\n（居住スペースを除く）", "area_m2": 698.0, "capacity_per": "698", "year": "平成11年", "eq_resis": "新耐震", "elev_m": 1.1, "eq_int": "7", "tsu_depth": "2～3ｍ", "tsu_arriv": "60分以上", "long_period_inund": "1～2m", "site_entrance": "－", "bldg_entrance": "外階段", "to_enter_and_unlock": "外階段から24時間進入可能", "stairs_condition": "外階段2箇所\n屋内1箇所", "other": null, "lon": 133.54129, "lat": 33.56966 }, "geometry": { "type": "Point", "coordinates": [ 133.54129, 33.56966 ] } },
{ "type": "Feature", "properties": { "id": 1902, "school_district": "江ノ口", "town_div": "江ノ口", "elm_school_dist": "江ノ口", "No": "江ノ口２", "name": "栄田町コミュニティ住宅1号棟", "address": "高知市栄田町１丁目５－12", "type": "鉄筋コンクリート造", "basement": 0, "stories": 5.0, "evac_area": "４階以上廊下及び屋上\n（居住スペースを除く）", "area_m2": 400.0, "capacity_per": "400", "year": "平成15年", "eq_resis": "新耐震", "elev_m": 1.4, "eq_int": "6弱", "tsu_depth": "2～3ｍ", "tsu_arriv": "60分以上", "long_period_inund": "1～2m", "site_entrance": "－", "bldg_entrance": "外階段\n中央エントランス", "to_enter_and_unlock": "外階段から24時間進入可能", "stairs_condition": "外階段2箇所\n屋内1箇所", "other": null, "lon": 133.54088, "lat": 33.5674 }, "geometry": { "type": "Point", "coordinates": [ 133.54088, 33.5674 ] } },
{ "type": "Feature", "properties": { "id": 1903, "school_district": "江ノ口", "town_div": "江ノ口", "elm_school_dist": "江ノ口", "No": "江ノ口３", "name": "栄田町コミュニティ住宅2号棟", "address": "高知市栄田町１丁目６－20", "type": "鉄筋コンクリート造", "basement": 0, "stories": 5.0, "evac_area": "４階以上廊下及び屋上\n（居住スペースを除く）", "area_m2": 198.0, "capacity_per": "198", "year": "平成16年", "eq_resis": null, "elev_m": 1.5, "eq_int": "6弱", "tsu_depth": "2～3ｍ", "tsu_arriv": "60分以上", "long_period_inund": "1～2m", "site_entrance": "－", "bldg_entrance": "南北入口", "to_enter_and_unlock": "外階段から24時間進入可能", "stairs_condition": "外階段1箇所", "other": null, "lon": 133.54102, "lat": 33.56784 }, "geometry": { "type": "Point", "coordinates": [ 133.54102, 33.56784 ] } },
{ "type": "Feature", "properties": { "id": 1904, "school_district": "江ノ口", "town_div": "江ノ口", "elm_school_dist": "江ノ口", "No": "江ノ口４", "name": "愛宕中学校", "address": "高知市相模町１－54", "type": "鉄筋コンクリート造", "basement": 0, "stories": 3.0, "evac_area": "北舎屋上", "area_m2": 549.0, "capacity_per": "549", "year": "昭和36年～43年", "eq_resis": "平成23年耐震補強", "elev_m": 2.0, "eq_int": "6強", "tsu_depth": "1～2ｍ", "tsu_arriv": "60分以上", "long_period_inund": "1～2m", "site_entrance": "北門、西門（施錠）", "bldg_entrance": "北舎西側入口", "to_enter_and_unlock": "平日8時～17時開錠。自動解錠装置付キーボックスあり", "stairs_condition": "屋内２箇所", "other": null, "lon": 133.53545, "lat": 33.57006 }, "geometry": { "type": "Point", "coordinates": [ 133.53545, 33.57006 ] } },
{ "type": "Feature", "properties": { "id": 1905, "school_district": "江ノ口", "town_div": "江ノ口", "elm_school_dist": "江ノ口", "No": "江ノ口５", "name": "江ノ口コミュニティセンター", "address": "高知市愛宕町１丁目10－７", "type": "鉄筋コンクリート造", "basement": 0, "stories": 6.0, "evac_area": "４階以上廊下及びエレベーターホール，４階和室，会議室，５階大ホール，屋上", "area_m2": 584.0, "capacity_per": "584", "year": null, "eq_resis": null, "elev_m": 1.7, "eq_int": "6強", "tsu_depth": "1～2ｍ", "tsu_arriv": "60分以上", "long_period_inund": "1～2m", "site_entrance": "－", "bldg_entrance": "1階玄関", "to_enter_and_unlock": "施錠", "stairs_condition": "外階段1箇所\n屋内1箇所", "other": null, "lon": 133.5363, "lat": 33.56636 }, "geometry": { "type": "Point", "coordinates": [ 133.5363, 33.56636 ] } },
{ "type": "Feature", "properties": { "id": 1907, "school_district": "江ノ口", "town_div": "江ノ口", "elm_school_dist": "江ノ口", "No": "江ノ口７", "name": "高知中央郵便局", "address": "高知市北本町１丁目10－18", "type": "鉄筋コンクリート造", "basement": 0, "stories": 5.0, "evac_area": "４階ホール及び廊下，５階廊下，屋上", "area_m2": 1226.0, "capacity_per": "1,226", "year": null, "eq_resis": null, "elev_m": 1.7, "eq_int": "6強", "tsu_depth": "1～2ｍ", "tsu_arriv": "60分以上", "long_period_inund": "1～2m", "site_entrance": "－", "bldg_entrance": "南西側入口", "to_enter_and_unlock": "施錠しているが、２４時間勤務体系をとっているため、深夜休日を問わず受入が可能", "stairs_condition": "屋内２箇所", "other": null, "lon": 133.53972, "lat": 33.56643 }, "geometry": { "type": "Point", "coordinates": [ 133.53972, 33.56643 ] } },
{ "type": "Feature", "properties": { "id": 1908, "school_district": "江ノ口", "town_div": "江ノ口", "elm_school_dist": "江ノ口", "No": "江ノ口８", "name": "ビ・ウェル相模公園WEST", "address": "高知市相模町17－14", "type": "鉄筋コンクリート造", "basement": 0, "stories": 8.0, "evac_area": "４階以上廊下", "area_m2": 140.0, "capacity_per": "140", "year": "平成24年", "eq_resis": "新耐震", "elev_m": 1.7, "eq_int": "6強", "tsu_depth": "1～2ｍ", "tsu_arriv": "60分以上", "long_period_inund": "1～2m", "site_entrance": "－", "bldg_entrance": "北側正面入口", "to_enter_and_unlock": "自動解錠装置あり、停電時及び感震時に自動解錠", "stairs_condition": "外階段１箇所（入口内）", "other": null, "lon": 133.53258, "lat": 33.5705 }, "geometry": { "type": "Point", "coordinates": [ 133.53258, 33.5705 ] } },
{ "type": "Feature", "properties": { "id": 1909, "school_district": "江ノ口", "town_div": "江ノ口", "elm_school_dist": "江ノ口", "No": "江ノ口９", "name": "ＳＴ愛宕", "address": "高知市愛宕町１丁目11－６", "type": "鉄筋コンクリート造", "basement": 0, "stories": 6.0, "evac_area": "４階以上廊下", "area_m2": 66.0, "capacity_per": "65", "year": null, "eq_resis": null, "elev_m": 1.5, "eq_int": "7", "tsu_depth": "1～2ｍ", "tsu_arriv": "60分以上", "long_period_inund": "1～2m", "site_entrance": "南側道路", "bldg_entrance": "外階段", "to_enter_and_unlock": "通常の出入口（外階段）から24時間進入可能。６階以上への鍵は管理人が所有。", "stairs_condition": "外階段1箇所", "other": null, "lon": 133.53641, "lat": 33.56687 }, "geometry": { "type": "Point", "coordinates": [ 133.53641, 33.56687 ] } },
{ "type": "Feature", "properties": { "id": 1910, "school_district": "江ノ口", "town_div": "江ノ口", "elm_school_dist": "江ノ口", "No": "江ノ口10", "name": "江ノ口小学校", "address": "高知市新本町１丁目８－12　　", "type": "鉄筋コンクリート造", "basement": 0, "stories": 3.0, "evac_area": "南舎屋上", "area_m2": 724.0, "capacity_per": "723", "year": "昭和56年", "eq_resis": null, "elev_m": 1.5, "eq_int": "6強", "tsu_depth": "2～3ｍ", "tsu_arriv": "60分以上", "long_period_inund": "1～2m", "site_entrance": "南門、西門", "bldg_entrance": "西側児童昇降口、南舎玄関", "to_enter_and_unlock": "平日8時20分～16時50分開錠。夜間休日は施錠されるが、自動解錠装置付キーボックスあり（昇降口鍵・屋上鍵）", "stairs_condition": "屋内1箇所", "other": null, "lon": 133.53864, "lat": 33.56903 }, "geometry": { "type": "Point", "coordinates": [ 133.53864, 33.56903 ] } },
{ "type": "Feature", "properties": { "id": 1911, "school_district": "江ノ口", "town_div": "江ノ口", "elm_school_dist": "江ノ口", "No": "江ノ口11", "name": "いずみビル", "address": "高知市和泉町６－１", "type": "鉄筋コンクリート造", "basement": 0, "stories": 4.0, "evac_area": "４階廊下", "area_m2": 35.0, "capacity_per": "34", "year": "平成3年", "eq_resis": "新耐震", "elev_m": 1.5, "eq_int": "6強", "tsu_depth": "2～3ｍ", "tsu_arriv": "60分以上", "long_period_inund": "1～2m", "site_entrance": "南玄関、東側", "bldg_entrance": "外階段", "to_enter_and_unlock": "外階段より24時間進入可能", "stairs_condition": "外階段1箇所", "other": null, "lon": 133.53978, "lat": 33.57128 }, "geometry": { "type": "Point", "coordinates": [ 133.53978, 33.57128 ] } },
{ "type": "Feature", "properties": { "id": 1912, "school_district": "江ノ口", "town_div": "江ノ口", "elm_school_dist": "江ノ口", "No": "江ノ口12", "name": "高知情報ビジネス＆フード専門学校", "address": "高知市北本町１丁目12－６", "type": "鉄骨鉄筋コンクリート造", "basement": 0, "stories": 9.0, "evac_area": "本館：４階から８階の廊下及び教室，\n９階資料室及びバルコニー、1号館：4階以上廊下及び教室", "area_m2": 1634.0, "capacity_per": "1,631", "year": "昭和62年", "eq_resis": "新耐震", "elev_m": 1.5, "eq_int": "6弱", "tsu_depth": "1～2ｍ", "tsu_arriv": "60分以上", "long_period_inund": "1～2m", "site_entrance": "－", "bldg_entrance": "南側正面入口\n外階段", "to_enter_and_unlock": "平日８時～１８時開錠。夜間休日は施錠。緊急時にはドアを壊して入館。", "stairs_condition": "外階段1箇所\n屋内1箇所", "other": null, "lon": 133.53929, "lat": 33.56675 }, "geometry": { "type": "Point", "coordinates": [ 133.53929, 33.56675 ] } },
{ "type": "Feature", "properties": { "id": 1913, "school_district": "江ノ口", "town_div": "江ノ口", "elm_school_dist": "江ノ口", "No": "江ノ口13", "name": "龍馬看護ふくし専門学校", "address": "高知市北本町１丁目５－３", "type": "鉄骨造", "basement": 0, "stories": 6.0, "evac_area": "６階講堂", "area_m2": 159.0, "capacity_per": "158", "year": null, "eq_resis": null, "elev_m": 1.4, "eq_int": "6強", "tsu_depth": "1～2ｍ", "tsu_arriv": "60分以上", "long_period_inund": "1～2m", "site_entrance": "－", "bldg_entrance": "南側入口", "to_enter_and_unlock": "平日8時～18時開錠、夜間休日は施錠。", "stairs_condition": "外階段1箇所\n屋内2箇所", "other": null, "lon": 133.5386, "lat": 33.56593 }, "geometry": { "type": "Point", "coordinates": [ 133.5386, 33.56593 ] } },
{ "type": "Feature", "properties": { "id": 1914, "school_district": "江ノ口", "town_div": "江ノ口", "elm_school_dist": "江ノ口", "No": "江ノ口14", "name": "ロイヤル新本町", "address": "高知市新本町１丁目３－２", "type": "鉄筋コンクリート造", "basement": 0, "stories": 8.0, "evac_area": "４階以上廊下及びエレベーターホール，屋上", "area_m2": 185.0, "capacity_per": "185", "year": "平成17年", "eq_resis": "新耐震", "elev_m": 1.3, "eq_int": "6強", "tsu_depth": "2～3ｍ", "tsu_arriv": "60分以上", "long_period_inund": "1～2m", "site_entrance": "－", "bldg_entrance": "正面玄関", "to_enter_and_unlock": "オートロック", "stairs_condition": "外階段1箇所", "other": null, "lon": 133.54207, "lat": 33.56831 }, "geometry": { "type": "Point", "coordinates": [ 133.54207, 33.56831 ] } },
{ "type": "Feature", "properties": { "id": 1915, "school_district": "江ノ口", "town_div": "江ノ口", "elm_school_dist": "江ノ口", "No": "江ノ口15", "name": "エレガンテ大川筋", "address": "高知市大川筋２丁目６－８", "type": "鉄筋コンクリート造", "basement": 0, "stories": 8.0, "evac_area": "４階以上廊下及びエレベーターホール", "area_m2": 151.0, "capacity_per": "150", "year": "平成2年", "eq_resis": "新耐震", "elev_m": 2.2, "eq_int": "6強", "tsu_depth": "1～2ｍ", "tsu_arriv": "60分以上", "long_period_inund": "0.5～1m", "site_entrance": "南側道路及び北側道路", "bldg_entrance": "北側外階段", "to_enter_and_unlock": "外階段より24時間進入可能", "stairs_condition": "外階段1箇所", "other": null, "lon": 133.53253, "lat": 33.56517 }, "geometry": { "type": "Point", "coordinates": [ 133.53253, 33.56517 ] } },
{ "type": "Feature", "properties": { "id": 1916, "school_district": "江ノ口", "town_div": "江ノ口", "elm_school_dist": "江ノ口", "No": "江ノ口16", "name": "木村病院", "address": "高知市寿町８－８", "type": "鉄筋コンクリート造", "basement": 0, "stories": 5.0, "evac_area": "３階屋上及び４階屋上", "area_m2": 231.0, "capacity_per": "231", "year": "平成12年", "eq_resis": "新耐震", "elev_m": 1.4, "eq_int": "6強", "tsu_depth": "1～2ｍ", "tsu_arriv": "60分以上", "long_period_inund": "1～2m", "site_entrance": "－", "bldg_entrance": "北西正面入口", "to_enter_and_unlock": "６時～２１時開錠", "stairs_condition": "外階段1箇所\n屋内1箇所", "other": null, "lon": 133.53546, "lat": 33.56652 }, "geometry": { "type": "Point", "coordinates": [ 133.53546, 33.56652 ] } },
{ "type": "Feature", "properties": { "id": 1917, "school_district": "江ノ口", "town_div": "江ノ口", "elm_school_dist": "江ノ口", "No": "江ノ口17", "name": "よんでんライフケア高知", "address": "高知市愛宕町３丁目11－38", "type": "鉄骨造", "basement": 0, "stories": 3.0, "evac_area": "３階屋上", "area_m2": 389.0, "capacity_per": "389", "year": null, "eq_resis": null, "elev_m": 1.5, "eq_int": "6強", "tsu_depth": "1～2ｍ", "tsu_arriv": "60分以上", "long_period_inund": "1～2m", "site_entrance": "東側道路", "bldg_entrance": "西側外階段", "to_enter_and_unlock": "常時避難可能。プラスチックの非常用カバードアノブを壊して扉を開ける", "stairs_condition": "外階段１箇所", "other": null, "lon": 133.53809, "lat": 33.57145 }, "geometry": { "type": "Point", "coordinates": [ 133.53809, 33.57145 ] } },
{ "type": "Feature", "properties": { "id": 1918, "school_district": "江ノ口", "town_div": "江ノ口", "elm_school_dist": "江ノ口", "No": "江ノ口18", "name": "更生保護施設高坂寮", "address": "高知市北本町１丁目3－3", "type": "鉄筋コンクリート造", "basement": 0, "stories": 4.0, "evac_area": "４階廊下及びテラス", "area_m2": 80.0, "capacity_per": "80", "year": "平成29年", "eq_resis": "新耐震", "elev_m": 1.6, "eq_int": "6強", "tsu_depth": "1～2ｍ", "tsu_arriv": "60分以上", "long_period_inund": "1～2m", "site_entrance": "－", "bldg_entrance": "外階段", "to_enter_and_unlock": "外階段より24時間進入可能。また，施設内に24時間宿直在住のため，建物入り口を開けることも可能", "stairs_condition": "外階段１箇所\n内階段１箇所", "other": null, "lon": 133.53986, "lat": 33.56526 }, "geometry": { "type": "Point", "coordinates": [ 133.53986, 33.56526 ] } },
{ "type": "Feature", "properties": { "id": 1919, "school_district": "江ノ口", "town_div": "江ノ口", "elm_school_dist": "江ノ口", "No": "江ノ口19", "name": "セントラルディーボ相模店（立体駐車場）", "address": "高知市相模町16番29号", "type": "鉄骨造", "basement": 0, "stories": 4.0, "evac_area": "立体駐車場４階以上", "area_m2": 3264.0, "capacity_per": "3,264", "year": "平成30年", "eq_resis": null, "elev_m": null, "eq_int": "６強", "tsu_depth": "1～2ｍ", "tsu_arriv": "60分以上", "long_period_inund": "0.5～1m", "site_entrance": null, "bldg_entrance": null, "to_enter_and_unlock": null, "stairs_condition": null, "other": null, "lon": 133.53392, "lat": 33.57055 }, "geometry": { "type": "Point", "coordinates": [ 133.53392, 33.57055 ] } },
{ "type": "Feature", "properties": { "id": 1920, "school_district": "江ノ口", "town_div": "江ノ口", "elm_school_dist": "江ノ口", "No": "江ノ口20", "name": "ホテル高砂", "address": "高知市駅前町２-１", "type": "鉄骨鉄筋コンクリート造", "basement": 1, "stories": 8.0, "evac_area": "４階～７階：廊下及びエレベーターホール", "area_m2": 162.0, "capacity_per": "160", "year": "昭和64年", "eq_resis": "新耐震", "elev_m": 2.4, "eq_int": "６強", "tsu_depth": "1～2ｍ", "tsu_arriv": "60分以上", "long_period_inund": "0.5～１m", "site_entrance": "ー", "bldg_entrance": "東側玄関", "to_enter_and_unlock": null, "stairs_condition": "外階段１箇所\n内階段１箇所", "other": null, "lon": 133.54311, "lat": 33.56442 }, "geometry": { "type": "Point", "coordinates": [ 133.54311, 33.56442 ] } },
{ "type": "Feature", "properties": { "id": 1921, "school_district": "江ノ口", "town_div": "江ノ口", "elm_school_dist": "江ノ口", "No": "江ノ口21", "name": "JRクレメントイン高知", "address": "高知市北本町１丁目10番59号", "type": "鉄骨造一部鉄筋コンクリート造", "basement": 0, "stories": 8.0, "evac_area": "（ホテル）４階～８階通路及び（立体駐車場）４階～５階", "area_m2": 2200.0, "capacity_per": "2,195", "year": "令和２年", "eq_resis": "新耐震", "elev_m": 1.7, "eq_int": "６強", "tsu_depth": "1～2ｍ", "tsu_arriv": "60分以上", "long_period_inund": "0.5～１m", "site_entrance": null, "bldg_entrance": null, "to_enter_and_unlock": null, "stairs_condition": null, "other": null, "lon": 133.53972, "lat": 33.56643 }, "geometry": { "type": "Point", "coordinates": [ 133.53972, 33.56643 ] } },
{ "type": "Feature", "properties": { "id": 2001, "school_district": "春野東", "town_div": "春野", "elm_school_dist": "春野東", "No": "春野東１", "name": "春野中学校", "address": "高知市春野町西分328", "type": "鉄筋コンクリート造", "basement": 0, "stories": 3.0, "evac_area": "屋上", "area_m2": 1403.0, "capacity_per": "1,403", "year": "北・南西：昭和48年、南東：昭和57年", "eq_resis": "平成12年耐震補強", "elev_m": 10.0, "eq_int": "6強", "tsu_depth": "－", "tsu_arriv": "－", "long_period_inund": "-", "site_entrance": "北門", "bldg_entrance": "昇降口", "to_enter_and_unlock": "平日昼間（7：30頃から夕刻）は開錠。南海地震と思われる地震発生の際には、対象となる施設の扉、窓等を住民が破壊して入室することも可能。屋上への出入口の鍵は南舎2階職員室の校長机の右下（内側)に保管。", "stairs_condition": "屋内2箇所", "other": null, "lon": 133.48914, "lat": 33.50086 }, "geometry": { "type": "Point", "coordinates": [ 133.48914, 33.50086 ] } },
{ "type": "Feature", "properties": { "id": 2002, "school_district": "春野東", "town_div": "春野", "elm_school_dist": "春野東", "No": "春野東２", "name": "春野東小学校", "address": "高知市春野町東諸木3978", "type": "鉄筋コンクリート造", "basement": 0, "stories": 3.0, "evac_area": "北舎３階屋上", "area_m2": 930.0, "capacity_per": "930", "year": "昭和41年", "eq_resis": "平成11年耐震補強", "elev_m": 3.5, "eq_int": "6強", "tsu_depth": "1～2ｍ", "tsu_arriv": "40～60分", "long_period_inund": "-", "site_entrance": "南門、西門、東門", "bldg_entrance": "北舎正面玄関", "to_enter_and_unlock": "自動解錠装置付キーボックス\n平日８時２５分～１６時５５分開錠", "stairs_condition": "屋内2箇所", "other": null, "lon": 133.51846, "lat": 33.49636 }, "geometry": { "type": "Point", "coordinates": [ 133.51846, 33.49636 ] } },
{ "type": "Feature", "properties": { "id": 2101, "school_district": "春野西", "town_div": "春野", "elm_school_dist": "春野西", "No": "春野西１", "name": "ニッポン高度紙工業株式会社N-1号工場棟屋上", "address": "高知市春野町弘岡上648", "type": "鉄骨造", "basement": 0, "stories": null, "evac_area": "屋上", "area_m2": 450.0, "capacity_per": "450", "year": null, "eq_resis": null, "elev_m": 7.1, "eq_int": "7", "tsu_depth": "－", "tsu_arriv": "－", "long_period_inund": "-", "site_entrance": "西側正門", "bldg_entrance": "北西外付階段", "to_enter_and_unlock": "７時～１８時半開門。夜間は閉門しているが守衛が開門可（地震時は緊急地震速報で自動的に開門）", "stairs_condition": "避難用外付階段", "other": null, "lon": 133.45692, "lat": 33.49702 }, "geometry": { "type": "Point", "coordinates": [ 133.45692, 33.49702 ] } },
{ "type": "Feature", "properties": { "id": 2102, "school_district": "春野西", "town_div": "春野", "elm_school_dist": "春野西", "No": "春野西２", "name": "ニッポン高度紙工業株式会社８号工場棟屋上", "address": "高知市春野町弘岡上648", "type": "鉄骨鉄筋ｺﾝｸﾘｰﾄ造", "basement": 0, "stories": null, "evac_area": "屋上", "area_m2": 800.0, "capacity_per": "800", "year": null, "eq_resis": null, "elev_m": 7.2, "eq_int": "7", "tsu_depth": "－", "tsu_arriv": "－", "long_period_inund": "-", "site_entrance": "西側正門", "bldg_entrance": "南東外付階段", "to_enter_and_unlock": "７時～１８時半開門。夜間は閉門しているが守衛が開門可（地震時は緊急地震速報で自動的に開門）", "stairs_condition": "避難用外付階段", "other": null, "lon": 133.45692, "lat": 33.49702 }, "geometry": { "type": "Point", "coordinates": [ 133.45692, 33.49702 ] } },
{ "type": "Feature", "properties": { "id": 2201, "school_district": "泉野", "town_div": "一宮", "elm_school_dist": "泉野", "No": "泉野１", "name": "セントラルディーボ一宮店（立体駐車場）", "address": "高知市薊野南町27－28", "type": "鉄骨造", "basement": 0, "stories": 5.0, "evac_area": "立体駐車場４階以上", "area_m2": 3484.0, "capacity_per": "3,483", "year": null, "eq_resis": null, "elev_m": 3.1, "eq_int": "6強", "tsu_depth": "1～2ｍ", "tsu_arriv": "60分以上", "long_period_inund": "-", "site_entrance": "－", "bldg_entrance": "正面車両入口、正面横通用口", "to_enter_and_unlock": "車両入口は１時半頃から８時頃まで施錠。非常用階段は常時施錠。", "stairs_condition": "屋内１箇所\nスロープ", "other": null, "lon": 133.56238, "lat": 33.57824 }, "geometry": { "type": "Point", "coordinates": [ 133.56238, 33.57824 ] } },
{ "type": "Feature", "properties": { "id": 2202, "school_district": "泉野", "town_div": "一宮", "elm_school_dist": "泉野", "No": "泉野２", "name": "株式会社高知丸高", "address": "高知市薊野南町12番31号", "type": "鉄骨造", "basement": 0, "stories": 3.0, "evac_area": "屋上", "area_m2": 392.0, "capacity_per": "392", "year": null, "eq_resis": "新耐震", "elev_m": 2.9, "eq_int": "６強", "tsu_depth": "0.3～１ｍ", "tsu_arriv": "60分以上", "long_period_inund": "―", "site_entrance": "―", "bldg_entrance": "外部階段", "to_enter_and_unlock": null, "stairs_condition": "外部階段１箇所，内階段", "other": null, "lon": 133.56042, "lat": 33.57658 }, "geometry": { "type": "Point", "coordinates": [ 133.56042, 33.57658 ] } },
{ "type": "Feature", "properties": { "id": 2301, "school_district": "秦", "town_div": "秦", "elm_school_dist": "秦", "No": "秦１", "name": "秦住宅１号棟", "address": "高知市秦南町１丁目４－113", "type": "鉄筋コンクリート造", "basement": 0, "stories": 8.0, "evac_area": "４階以上廊下", "area_m2": 855.0, "capacity_per": "854", "year": null, "eq_resis": null, "elev_m": 2.8, "eq_int": "6強", "tsu_depth": "0.3～1ｍ", "tsu_arriv": "60分以上", "long_period_inund": "-", "site_entrance": "東西道路", "bldg_entrance": "南北入口", "to_enter_and_unlock": "開放された外階段があり、休日・夜間についても進入が可能", "stairs_condition": "外階段2箇所\n屋内1箇所", "other": null, "lon": 133.54262, "lat": 33.57641 }, "geometry": { "type": "Point", "coordinates": [ 133.54262, 33.57641 ] } },
{ "type": "Feature", "properties": { "id": 2302, "school_district": "秦", "town_div": "秦", "elm_school_dist": "秦", "No": "秦２", "name": "秦住宅２号棟", "address": "高知市秦南町１丁目４－107", "type": "鉄筋コンクリート造", "basement": 0, "stories": 8.0, "evac_area": "４階以上廊下", "area_m2": 768.0, "capacity_per": "767", "year": null, "eq_resis": null, "elev_m": 2.8, "eq_int": "6強", "tsu_depth": "0.3～1ｍ", "tsu_arriv": "60分以上", "long_period_inund": "-", "site_entrance": "東西道路", "bldg_entrance": "南北入口", "to_enter_and_unlock": "開放された外階段があり、休日・夜間についても進入が可能", "stairs_condition": "外階段2箇所\n屋内1箇所", "other": null, "lon": 133.54262, "lat": 33.57641 }, "geometry": { "type": "Point", "coordinates": [ 133.54262, 33.57641 ] } },
{ "type": "Feature", "properties": { "id": 2303, "school_district": "秦", "town_div": "秦", "elm_school_dist": "秦", "No": "秦３", "name": "ガーデンハイム西村", "address": "高知市秦南町１丁目５－46", "type": "鉄筋コンクリート造", "basement": 0, "stories": 8.0, "evac_area": "４階以上廊下", "area_m2": 228.0, "capacity_per": "227", "year": "平成13年", "eq_resis": "新耐震", "elev_m": 2.8, "eq_int": "6強", "tsu_depth": "0.3～1ｍ", "tsu_arriv": "60分以上", "long_period_inund": "0.5～1m", "site_entrance": "北側道路", "bldg_entrance": "北側外階段", "to_enter_and_unlock": "通常時施錠。管理人が開錠", "stairs_condition": "外階段2箇所", "other": null, "lon": 133.54292, "lat": 33.57404 }, "geometry": { "type": "Point", "coordinates": [ 133.54292, 33.57404 ] } },
{ "type": "Feature", "properties": { "id": 2304, "school_district": "秦", "town_div": "秦", "elm_school_dist": "秦", "No": "秦４", "name": "イオンモール高知", "address": "高知市秦南町１丁目４－８", "type": "鉄骨鉄筋コンクリート造", "basement": 0, "stories": 6.0, "evac_area": "４階以上の駐車場，エレベーター/エスカレーターホール及び機械室", "area_m2": 71645.0, "capacity_per": "71,645", "year": "平成12年", "eq_resis": "新耐震", "elev_m": 3.2, "eq_int": "6強", "tsu_depth": "0.3～1ｍ", "tsu_arriv": "60分以上", "long_period_inund": "-", "site_entrance": "東側3箇所\n西側3箇所\n北側1箇所", "bldg_entrance": "東側スロープ\n西側スロープ\n北側スロープ", "to_enter_and_unlock": "６時～２４時まで開錠", "stairs_condition": "スロープ3箇所", "other": null, "lon": 133.54262, "lat": 33.57641 }, "geometry": { "type": "Point", "coordinates": [ 133.54262, 33.57641 ] } },
{ "type": "Feature", "properties": { "id": 2401, "school_district": "五台山", "town_div": "五台山", "elm_school_dist": "五台山", "No": "五台山１", "name": "五台山小学校", "address": "高知市五台山3371", "type": "鉄筋コンクリート造", "basement": 0, "stories": 4.0, "evac_area": "東舎４階及び屋上（音楽室を除く）", "area_m2": 899.0, "capacity_per": "899", "year": "昭和53年", "eq_resis": "平成24年耐震補強", "elev_m": 2.0, "eq_int": "7", "tsu_depth": "2～3ｍ", "tsu_arriv": "40～60分", "long_period_inund": "0.5～1m", "site_entrance": "東門、南門、西門", "bldg_entrance": "南側正面昇降口", "to_enter_and_unlock": "平日7時半～16時50分開錠。夜間土日は施錠、自動解錠装置付キーボックスあり", "stairs_condition": "屋内2箇所", "other": null, "lon": 133.57864, "lat": 33.54408 }, "geometry": { "type": "Point", "coordinates": [ 133.57864, 33.54408 ] } },
{ "type": "Feature", "properties": { "id": 2402, "school_district": "五台山", "town_div": "五台山", "elm_school_dist": "五台山", "No": "五台山２", "name": "リバーサイドハイツ", "address": "高知市吸江239", "type": "鉄筋コンクリート造", "basement": 0, "stories": 7.0, "evac_area": "４階以上廊下", "area_m2": 137.0, "capacity_per": "137", "year": null, "eq_resis": null, "elev_m": 2.3, "eq_int": "7", "tsu_depth": "2～3ｍ", "tsu_arriv": "30～40分", "long_period_inund": "0.5～1m", "site_entrance": "東側", "bldg_entrance": "北側外階段", "to_enter_and_unlock": "通常の出入口（外階段）から２４時間進入可能", "stairs_condition": "外階段２箇所", "other": null, "lon": 133.56979, "lat": 33.54623 }, "geometry": { "type": "Point", "coordinates": [ 133.56979, 33.54623 ] } },
{ "type": "Feature", "properties": { "id": 2403, "school_district": "五台山", "town_div": "五台山", "elm_school_dist": "五台山", "No": "五台山３", "name": "青柳中学校", "address": "高知市五台山3923", "type": "鉄筋コンクリート造", "basement": 0, "stories": 4.0, "evac_area": "校舎４階及び屋上（コンピュータ室を除く）", "area_m2": 1241.0, "capacity_per": "1,240", "year": "東：昭和54年\n西：昭和59年", "eq_resis": null, "elev_m": 0.9, "eq_int": "7", "tsu_depth": "2～3ｍ", "tsu_arriv": "60分以上", "long_period_inund": "2～5m", "site_entrance": "北門、西門", "bldg_entrance": "正面玄関左端", "to_enter_and_unlock": "自動解錠装置付キーボックス", "stairs_condition": "屋内2箇所", "other": null, "lon": 133.59015, "lat": 33.55037 }, "geometry": { "type": "Point", "coordinates": [ 133.59015, 33.55037 ] } },
{ "type": "Feature", "properties": { "id": 2404, "school_district": "五台山", "town_div": "五台山", "elm_school_dist": "五台山", "No": "五台山４", "name": "高知県農業協同組合　本所", "address": "高知市五台山5015番地１", "type": "鉄骨造", "basement": 0, "stories": 4.0, "evac_area": "３階屋上", "area_m2": 458.0, "capacity_per": "457", "year": "平成12年", "eq_resis": "新耐震", "elev_m": 4.0, "eq_int": "7", "tsu_depth": "0.3～１ｍ", "tsu_arriv": "60分以上", "long_period_inund": "－", "site_entrance": "東側", "bldg_entrance": "正面玄関", "to_enter_and_unlock": null, "stairs_condition": "屋内１箇所", "other": null, "lon": 133.5713, "lat": 33.54191 }, "geometry": { "type": "Point", "coordinates": [ 133.5713, 33.54191 ] } },
{ "type": "Feature", "properties": { "id": 2501, "school_district": "一ツ橋", "town_div": "江ノ口", "elm_school_dist": "一ツ橋", "No": "一ツ橋１", "name": "一ツ橋小学校", "address": "高知市吉田町４－10", "type": "鉄筋コンクリート造", "basement": 0, "stories": 4.0, "evac_area": "北舎４階及び屋上", "area_m2": 1324.0, "capacity_per": "1,323", "year": "昭和46年", "eq_resis": "平成24年耐震補強", "elev_m": 2.4, "eq_int": "7", "tsu_depth": "1～2ｍ", "tsu_arriv": "60分以上", "long_period_inund": "0.5～1m", "site_entrance": "南門、東門、西門", "bldg_entrance": "東側入口", "to_enter_and_unlock": "平日8時半～17時開錠。夜間休日は施錠されるが、自動解錠装置付キーボックスあり（入口鍵、屋上鍵）", "stairs_condition": "屋内2箇所", "other": null, "lon": 133.53282, "lat": 33.57171 }, "geometry": { "type": "Point", "coordinates": [ 133.53282, 33.57171 ] } },
{ "type": "Feature", "properties": { "id": 2502, "school_district": "一ツ橋", "town_div": "初月", "elm_school_dist": "一ツ橋", "No": "一ツ橋２", "name": "カーサ一ツ橋", "address": "高知市一ツ橋町２丁目61", "type": "鉄筋コンクリート造", "basement": 0, "stories": 4.0, "evac_area": "４階廊下", "area_m2": 57.0, "capacity_per": "56", "year": "昭和62年", "eq_resis": "新耐震", "elev_m": 3.2, "eq_int": "6強", "tsu_depth": "0.3～1ｍ", "tsu_arriv": "60分以上", "long_period_inund": "-", "site_entrance": "－", "bldg_entrance": "外階段2箇所", "to_enter_and_unlock": "外階段から24時間進入可能", "stairs_condition": "外階段2箇所", "other": null, "lon": 133.52957, "lat": 33.57362 }, "geometry": { "type": "Point", "coordinates": [ 133.52957, 33.57362 ] } },
{ "type": "Feature", "properties": { "id": 2503, "school_district": "一ツ橋", "town_div": "初月", "elm_school_dist": "一ツ橋", "No": "一ツ橋３", "name": "一ツ橋レジデンス", "address": "高知市一ツ橋町２丁目52", "type": "鉄筋コンクリート造", "basement": 0, "stories": 4.0, "evac_area": "４階廊下", "area_m2": 47.0, "capacity_per": "47", "year": "昭和61年", "eq_resis": "新耐震", "elev_m": 2.8, "eq_int": "6強", "tsu_depth": "0.3～1ｍ", "tsu_arriv": "60分以上", "long_period_inund": "-", "site_entrance": "－", "bldg_entrance": "外階段", "to_enter_and_unlock": "外階段より24時間進入可能", "stairs_condition": "外階段2箇所", "other": null, "lon": 133.52963, "lat": 33.57323 }, "geometry": { "type": "Point", "coordinates": [ 133.52963, 33.57323 ] } },
{ "type": "Feature", "properties": { "id": 2601, "school_district": "第四", "town_div": "上街", "elm_school_dist": "第四", "No": "第四１", "name": "クオリア上街鷹城館", "address": "高知市上町３丁目１－16", "type": "鉄筋コンクリート造", "basement": 0, "stories": 5.0, "evac_area": "４階以上廊下", "area_m2": 151.0, "capacity_per": "151", "year": null, "eq_resis": null, "elev_m": 3.8, "eq_int": "6強", "tsu_depth": "－", "tsu_arriv": "－", "long_period_inund": "-", "site_entrance": "－", "bldg_entrance": "南側正面玄関", "to_enter_and_unlock": "24時間進入可能", "stairs_condition": "外階段2箇所", "other": null, "lon": 133.52194, "lat": 33.55857 }, "geometry": { "type": "Point", "coordinates": [ 133.52194, 33.55857 ] } },
{ "type": "Feature", "properties": { "id": 2602, "school_district": "第四", "town_div": "上街", "elm_school_dist": "第四", "No": "第四２", "name": "城西館　千寿館", "address": "高知市上町２丁目５－34", "type": "鉄筋コンクリート造", "basement": 0, "stories": 8.0, "evac_area": "５階以上廊下及び８階脱衣室等", "area_m2": 455.0, "capacity_per": "454", "year": null, "eq_resis": null, "elev_m": 4.0, "eq_int": "6強", "tsu_depth": "－", "tsu_arriv": "－", "long_period_inund": "-", "site_entrance": "－", "bldg_entrance": "正面西側階段", "to_enter_and_unlock": "各階段各階のドアは施錠されているが、２４時間常駐している施設従業員が開錠できるので、そこから進入が可能\n緊急時には、ドアを壊しても構わない", "stairs_condition": "外階段１箇所（施錠）", "other": null, "lon": 133.52437, "lat": 33.55702 }, "geometry": { "type": "Point", "coordinates": [ 133.52437, 33.55702 ] } },
{ "type": "Feature", "properties": { "id": 2603, "school_district": "第四", "town_div": "上街", "elm_school_dist": "第四", "No": "第四３", "name": "アーバンハイツ上町", "address": "高知市上町３丁目７－26", "type": "鉄筋コンクリート造\n", "basement": 0, "stories": 10.0, "evac_area": "４階以上廊下", "area_m2": 267.0, "capacity_per": "267", "year": null, "eq_resis": null, "elev_m": 4.5, "eq_int": "6強", "tsu_depth": "－", "tsu_arriv": "－", "long_period_inund": "-", "site_entrance": "－", "bldg_entrance": "正面入口、外階段", "to_enter_and_unlock": "外階段から24時間進入可能であるが、階段から避難場所へのドアは施錠されているため、緊急時にはドアを壊しても構わない。また、管理会社が一階に在中しているため、営業時間内は速やかな開錠が可能", "stairs_condition": "外階段1箇所（施錠）\n屋内1箇所", "other": null, "lon": 133.52159, "lat": 33.55701 }, "geometry": { "type": "Point", "coordinates": [ 133.52159, 33.55701 ] } },
{ "type": "Feature", "properties": { "id": 2604, "school_district": "第四", "town_div": "上街", "elm_school_dist": "第四", "No": "第四４", "name": "土佐塾上町教室", "address": "高知市上町１丁目３－15", "type": "鉄骨造", "basement": 0, "stories": 6.0, "evac_area": "４階：廊下，教室及びバルコニー\n５階：教室及び廊下\n６階：廊下，教室及びバルコニー", "area_m2": 167.0, "capacity_per": "167", "year": "平成3年", "eq_resis": "新耐震", "elev_m": 3.6, "eq_int": "6強", "tsu_depth": "0.3ｍ未満", "tsu_arriv": "60分以上", "long_period_inund": "-", "site_entrance": "－", "bldg_entrance": "正面入口", "to_enter_and_unlock": "緊急時にはドアを壊しても構わない", "stairs_condition": "屋内1箇所", "other": null, "lon": 133.52591, "lat": 33.5583 }, "geometry": { "type": "Point", "coordinates": [ 133.52591, 33.5583 ] } },
{ "type": "Feature", "properties": { "id": 2605, "school_district": "第四", "town_div": "上街", "elm_school_dist": "第四", "No": "第四５", "name": "高知県信用保証協会", "address": "高知市上町３丁目13－14", "type": "鉄筋コンクリート造", "basement": 0, "stories": 6.0, "evac_area": "５階（書庫を除く）及び屋上", "area_m2": 491.0, "capacity_per": "490", "year": null, "eq_resis": null, "elev_m": 4.1, "eq_int": "6強", "tsu_depth": "－", "tsu_arriv": "－", "long_period_inund": "-", "site_entrance": "北側道路", "bldg_entrance": "西側外階段、正面入口", "to_enter_and_unlock": "平日8時50分～17時15分開錠。夜間休日は施錠。5階フロアー入口は施錠。", "stairs_condition": "外階段1箇所\n屋内1箇所", "other": null, "lon": 133.52208, "lat": 33.55507 }, "geometry": { "type": "Point", "coordinates": [ 133.52208, 33.55507 ] } },
{ "type": "Feature", "properties": { "id": 2606, "school_district": "第四", "town_div": "上街", "elm_school_dist": "第四", "No": "第四６", "name": "県営住宅鏡水団地", "address": "高知市上町４丁目９－１４", "type": "鉄筋コンクリート造", "basement": 0, "stories": 4.0, "evac_area": "４階廊下及び屋上", "area_m2": 269.0, "capacity_per": "269", "year": null, "eq_resis": null, "elev_m": 4.5, "eq_int": "6強", "tsu_depth": "－", "tsu_arriv": "－", "long_period_inund": "-", "site_entrance": "西側道路、南側道路", "bldg_entrance": "北側及び南側", "to_enter_and_unlock": "外付階段より24時間進入可能であり、屋上へは蹴破り扉から進入可能", "stairs_condition": "外階段2箇所", "other": null, "lon": 133.52031, "lat": 33.55561 }, "geometry": { "type": "Point", "coordinates": [ 133.52031, 33.55561 ] } },
{ "type": "Feature", "properties": { "id": 2607, "school_district": "第四", "town_div": "上街", "elm_school_dist": "第四", "No": "第四７", "name": "第四小学校", "address": "高知市上町2丁目1-11", "type": "鉄筋コンクリート造", "basement": 0, "stories": 4.0, "evac_area": "東舎4階教室及び廊下（備蓄品庫を除く）", "area_m2": 534.0, "capacity_per": "533", "year": null, "eq_resis": null, "elev_m": 3.8, "eq_int": "6強", "tsu_depth": "－", "tsu_arriv": "－", "long_period_inund": "-", "site_entrance": "南門、東門", "bldg_entrance": "昇降口", "to_enter_and_unlock": null, "stairs_condition": "屋内2箇所", "other": null, "lon": 133.52396, "lat": 33.55827 }, "geometry": { "type": "Point", "coordinates": [ 133.52396, 33.55827 ] } },
{ "type": "Feature", "properties": { "id": 2608, "school_district": "第四", "town_div": "上街", "elm_school_dist": "第四", "No": "第四８", "name": "サーパス月の瀬橋", "address": "高知市東石立町40番地１", "type": "鉄筋コンクリート造", "basement": 0, "stories": 12.0, "evac_area": "４階から10階までの廊下", "area_m2": 211.0, "capacity_per": "210", "year": null, "eq_resis": null, "elev_m": 5.6, "eq_int": "7", "tsu_depth": "－", "tsu_arriv": "－", "long_period_inund": "-", "site_entrance": null, "bldg_entrance": "外階段", "to_enter_and_unlock": "外階段から24時間進入可能であるが，階段から避難場所へのドアは施錠されているため，緊急時にはドアを壊しても構わない。", "stairs_condition": "外階段１箇所（施錠）", "other": null, "lon": 133.5226, "lat": 33.55275 }, "geometry": { "type": "Point", "coordinates": [ 133.5226, 33.55275 ] } },
{ "type": "Feature", "properties": { "id": 2609, "school_district": "第四", "town_div": "上街", "elm_school_dist": "第四", "No": "第四９", "name": "グループホームさくらんぼ", "address": "高知市上町３丁目４－24", "type": "鉄筋コンクリート造", "basement": 0, "stories": 4.0, "evac_area": "屋上，職員休憩室，会議室", "area_m2": 66.0, "capacity_per": "66", "year": null, "eq_resis": null, "elev_m": 4.2, "eq_int": "６強", "tsu_depth": "－", "tsu_arriv": "－", "long_period_inund": "-", "site_entrance": "北側道路", "bldg_entrance": "正面入口", "to_enter_and_unlock": "昼間は施設入口から進入可能。夜間は常時待機の施設関係者が開錠。", "stairs_condition": "屋内２箇所", "other": null, "lon": 133.52158, "lat": 33.55769 }, "geometry": { "type": "Point", "coordinates": [ 133.52158, 33.55769 ] } },
{ "type": "Feature", "properties": { "id": 2610, "school_district": "第四", "town_div": "潮江", "elm_school_dist": "第四", "No": "第四10", "name": "東石立町市営住宅1号棟", "address": "高知市東石立町81", "type": "鉄筋コンクリート", "basement": 0, "stories": 7.0, "evac_area": "４階～７階廊下", "area_m2": 355.0, "capacity_per": "352", "year": "平成30年度", "eq_resis": "新耐震", "elev_m": 4.7, "eq_int": "7", "tsu_depth": "-", "tsu_arriv": "-", "long_period_inund": "-", "site_entrance": null, "bldg_entrance": "北側入口，屋外階段", "to_enter_and_unlock": "24時間進入可能", "stairs_condition": "屋内２箇所", "other": null, "lon": 133.52104, "lat": 33.55141 }, "geometry": { "type": "Point", "coordinates": [ 133.52104, 33.55141 ] } },
{ "type": "Feature", "properties": { "id": 2611, "school_district": "第四", "town_div": "潮江", "elm_school_dist": "第四", "No": "第四11", "name": "東石立町市営住宅２号棟", "address": "高知市東石立町81-２", "type": "鉄筋コンクリート", "basement": 0, "stories": 7.0, "evac_area": "４階～７階廊下", "area_m2": 355.0, "capacity_per": "352", "year": "平成30年度", "eq_resis": "新耐震", "elev_m": 4.8, "eq_int": "7", "tsu_depth": "-", "tsu_arriv": "-", "long_period_inund": "-", "site_entrance": null, "bldg_entrance": "北側入口，屋外階段", "to_enter_and_unlock": "24時間進入可能", "stairs_condition": "屋内２箇所", "other": null, "lon": 133.52104, "lat": 33.55141 }, "geometry": { "type": "Point", "coordinates": [ 133.52104, 33.55141 ] } },
{ "type": "Feature", "properties": { "id": 2701, "school_district": "横浜", "town_div": "長浜", "elm_school_dist": "横浜", "No": "横浜１", "name": "総合福祉施設ヘリオス", "address": "高知市横浜20－１", "type": "鉄骨鉄筋コンクリート造（一部鉄筋コンクリート造）", "basement": 0, "stories": 13.0, "evac_area": "４階レストラン，５階ホール，６階～11階談話室，12階リラックスルーム，居室（１）及び居室（２）", "area_m2": 520.0, "capacity_per": "519", "year": null, "eq_resis": null, "elev_m": 6.0, "eq_int": "7", "tsu_depth": "－", "tsu_arriv": "－", "long_period_inund": "-", "site_entrance": "南側正面", "bldg_entrance": "正面入口\n北側玄関", "to_enter_and_unlock": "正面入口は7時～17時半開錠、夜間等は守衛が対応。北入口は5時から22時開錠、それ以外が守衛が対応", "stairs_condition": "外階段2箇所\n屋内2箇所", "other": null, "lon": 133.5553, "lat": 33.53036 }, "geometry": { "type": "Point", "coordinates": [ 133.5553, 33.53036 ] } },
{ "type": "Feature", "properties": { "id": 2801, "school_district": "初月", "town_div": "初月", "elm_school_dist": "初月", "No": "初月１", "name": "初月小学校", "address": "高知市南久万128", "type": "鉄筋コンクリート造", "basement": 0, "stories": 5.0, "evac_area": "北西舎:４階廊下及び教室（理科室，理科準備室を除く），屋上広場\n北東舎:４階以上廊下及び教室（防災ルームを除く）", "area_m2": 1255.0, "capacity_per": "1,253", "year": "北西：昭和56年\n北東：平成21年", "eq_resis": "北西：平成20年耐震補強、北東：新耐震", "elev_m": 6.4, "eq_int": "6強", "tsu_depth": "－", "tsu_arriv": "－", "long_period_inund": "-", "site_entrance": "北門、西門", "bldg_entrance": "昇降口（北、西）", "to_enter_and_unlock": "平日7時半～17時開錠、夜間休日施錠", "stairs_condition": "外階段1箇所\n屋内2箇所", "other": null, "lon": 133.51892, "lat": 33.5744 }, "geometry": { "type": "Point", "coordinates": [ 133.51892, 33.5744 ] } },
{ "type": "Feature", "properties": { "id": 2901, "school_district": "市外", "town_div": "南国市", "elm_school_dist": "市外", "No": "南国１", "name": "岡豊高校", "address": "南国市岡豊町中島511－１", "type": "鉄筋コンクリート造", "basement": 0, "stories": 4.0, "evac_area": "校舎４階", "area_m2": 1984.0, "capacity_per": "1,984", "year": null, "eq_resis": null, "elev_m": 4.0, "eq_int": "7", "tsu_depth": "0.3ｍ未満", "tsu_arriv": "60分以上", "long_period_inund": "-", "site_entrance": "正門、西門、東門", "bldg_entrance": "南玄関、東西昇降口", "to_enter_and_unlock": "夜間は施錠。北校舎への１階渡り廊下は夜間休日は施錠されているので、２階を使用する。", "stairs_condition": "各棟屋内3箇所", "other": null, "lon": 133.6106, "lat": 33.58227 }, "geometry": { "type": "Point", "coordinates": [ 133.6106, 33.58227 ] } }
]
}
