{
"type": "FeatureCollection",
"name": "kochi-shi_mesh4_crs4326",
"crs": { "type": "name", "properties": { "name": "urn:ogc:def:crs:OGC:1.3:CRS84" } },
"features": [
{ "type": "Feature", "properties": { "fid": 1, "OBJECTID": 5375, "KEY_CODE": "503313512", "Pref_CODE": 39, "Pref_Name": "高知県", "Shape_Length": 0.020833334000030845, "Shape_Area": 2.6041668750049021e-05 }, "geometry": { "type": "Polygon", "coordinates": [ [ [ 133.4, 33.4625 ], [ 133.4, 33.458385369 ], [ 133.39435083, 33.458385369 ], [ 133.39435083, 33.4625 ], [ 133.4, 33.4625 ] ] ] } },
{ "type": "Feature", "properties": { "fid": 2, "OBJECTID": 5377, "KEY_CODE": "503313514", "Pref_CODE": 39, "Pref_Name": "高知県", "Shape_Length": 0.020833334000030845, "Shape_Area": 2.6041668750049021e-05 }, "geometry": { "type": "Polygon", "coordinates": [ [ [ 133.4, 33.466666667000027 ], [ 133.4, 33.4625 ], [ 133.39435083, 33.4625 ], [ 133.39435083, 33.466666667000027 ], [ 133.4, 33.466666667000027 ] ] ] } },
{ "type": "Feature", "properties": { "fid": 3, "OBJECTID": 5378, "KEY_CODE": "503313521", "Pref_CODE": 39, "Pref_Name": "高知県", "Shape_Length": 0.020833334000030845, "Shape_Area": 2.6041668750049021e-05 }, "geometry": { "type": "Polygon", "coordinates": [ [ [ 133.4, 33.4625 ], [ 133.406250000000114, 33.4625 ], [ 133.406250000000114, 33.458385369 ], [ 133.4, 33.458385369 ], [ 133.4, 33.4625 ] ] ] } },
{ "type": "Feature", "properties": { "fid": 4, "OBJECTID": 5379, "KEY_CODE": "503313522", "Pref_CODE": 39, "Pref_Name": "高知県", "Shape_Length": 0.020833333999803472, "Shape_Area": 2.6041668749575326e-05 }, "geometry": { "type": "Polygon", "coordinates": [ [ [ 133.406250000000114, 33.4625 ], [ 133.4125, 33.4625 ], [ 133.4125, 33.458385369 ], [ 133.406250000000114, 33.458385369 ], [ 133.406250000000114, 33.4625 ] ] ] } },
{ "type": "Feature", "properties": { "fid": 5, "OBJECTID": 5380, "KEY_CODE": "503313523", "Pref_CODE": 39, "Pref_Name": "高知県", "Shape_Length": 0.020833334000030845, "Shape_Area": 2.6041668750049021e-05 }, "geometry": { "type": "Polygon", "coordinates": [ [ [ 133.4, 33.4625 ], [ 133.4, 33.466666667000027 ], [ 133.406250000000114, 33.466666667000027 ], [ 133.406250000000114, 33.4625 ], [ 133.4, 33.4625 ] ] ] } },
{ "type": "Feature", "properties": { "fid": 6, "OBJECTID": 5381, "KEY_CODE": "503313524", "Pref_CODE": 39, "Pref_Name": "高知県", "Shape_Length": 0.020833333999803472, "Shape_Area": 2.6041668749575326e-05 }, "geometry": { "type": "Polygon", "coordinates": [ [ [ 133.406250000000114, 33.4625 ], [ 133.406250000000114, 33.466666667000027 ], [ 133.4125, 33.466666667000027 ], [ 133.4125, 33.4625 ], [ 133.406250000000114, 33.4625 ] ] ] } },
{ "type": "Feature", "properties": { "fid": 7, "OBJECTID": 5382, "KEY_CODE": "503313531", "Pref_CODE": 39, "Pref_Name": "高知県", "Shape_Length": 0.020833334000030845, "Shape_Area": 2.6041668750049021e-05 }, "geometry": { "type": "Polygon", "coordinates": [ [ [ 133.4125, 33.4625 ], [ 133.41875, 33.4625 ], [ 133.41875, 33.458385369 ], [ 133.4125, 33.458385369 ], [ 133.4125, 33.4625 ] ] ] } },
{ "type": "Feature", "properties": { "fid": 8, "OBJECTID": 5383, "KEY_CODE": "503313532", "Pref_CODE": 39, "Pref_Name": "高知県", "Shape_Length": 0.020833334000030845, "Shape_Area": 2.6041668750049021e-05 }, "geometry": { "type": "Polygon", "coordinates": [ [ [ 133.41875, 33.4625 ], [ 133.425, 33.4625 ], [ 133.425, 33.458385369 ], [ 133.41875, 33.458385369 ], [ 133.41875, 33.4625 ] ] ] } },
{ "type": "Feature", "properties": { "fid": 9, "OBJECTID": 5384, "KEY_CODE": "503313533", "Pref_CODE": 39, "Pref_Name": "高知県", "Shape_Length": 0.020833334000030845, "Shape_Area": 2.6041668750049021e-05 }, "geometry": { "type": "Polygon", "coordinates": [ [ [ 133.4125, 33.4625 ], [ 133.4125, 33.466666667000027 ], [ 133.41875, 33.466666667000027 ], [ 133.41875, 33.4625 ], [ 133.4125, 33.4625 ] ] ] } },
{ "type": "Feature", "properties": { "fid": 10, "OBJECTID": 5385, "KEY_CODE": "503313534", "Pref_CODE": 39, "Pref_Name": "高知県", "Shape_Length": 0.020833334000030845, "Shape_Area": 2.6041668750049021e-05 }, "geometry": { "type": "Polygon", "coordinates": [ [ [ 133.41875, 33.4625 ], [ 133.41875, 33.466666667000027 ], [ 133.425, 33.466666667000027 ], [ 133.425, 33.4625 ], [ 133.41875, 33.4625 ] ] ] } },
{ "type": "Feature", "properties": { "fid": 11, "OBJECTID": 5386, "KEY_CODE": "503313541", "Pref_CODE": 39, "Pref_Name": "高知県", "Shape_Length": 0.020833334000030845, "Shape_Area": 2.6041668750049021e-05 }, "geometry": { "type": "Polygon", "coordinates": [ [ [ 133.425, 33.4625 ], [ 133.43125, 33.4625 ], [ 133.43125, 33.458385369 ], [ 133.425, 33.458385369 ], [ 133.425, 33.4625 ] ] ] } },
{ "type": "Feature", "properties": { "fid": 12, "OBJECTID": 5387, "KEY_CODE": "503313542", "Pref_CODE": 39, "Pref_Name": "高知県", "Shape_Length": 0.020833334000030845, "Shape_Area": 2.6041668750049021e-05 }, "geometry": { "type": "Polygon", "coordinates": [ [ [ 133.43125, 33.4625 ], [ 133.437500000000114, 33.4625 ], [ 133.437500000000114, 33.458385369 ], [ 133.43125, 33.458385369 ], [ 133.43125, 33.4625 ] ] ] } },
{ "type": "Feature", "properties": { "fid": 13, "OBJECTID": 5388, "KEY_CODE": "503313543", "Pref_CODE": 39, "Pref_Name": "高知県", "Shape_Length": 0.020833334000030845, "Shape_Area": 2.6041668750049021e-05 }, "geometry": { "type": "Polygon", "coordinates": [ [ [ 133.425, 33.4625 ], [ 133.425, 33.466666667000027 ], [ 133.43125, 33.466666667000027 ], [ 133.43125, 33.4625 ], [ 133.425, 33.4625 ] ] ] } },
{ "type": "Feature", "properties": { "fid": 14, "OBJECTID": 5389, "KEY_CODE": "503313544", "Pref_CODE": 39, "Pref_Name": "高知県", "Shape_Length": 0.020833334000030845, "Shape_Area": 2.6041668750049021e-05 }, "geometry": { "type": "Polygon", "coordinates": [ [ [ 133.43125, 33.4625 ], [ 133.43125, 33.466666667000027 ], [ 133.437500000000114, 33.466666667000027 ], [ 133.437500000000114, 33.4625 ], [ 133.43125, 33.4625 ] ] ] } },
{ "type": "Feature", "properties": { "fid": 15, "OBJECTID": 5390, "KEY_CODE": "503313551", "Pref_CODE": 39, "Pref_Name": "高知県", "Shape_Length": 0.020833333999803472, "Shape_Area": 2.6041668749575326e-05 }, "geometry": { "type": "Polygon", "coordinates": [ [ [ 133.437500000000114, 33.4625 ], [ 133.44375, 33.4625 ], [ 133.44375, 33.458385369 ], [ 133.437500000000114, 33.458385369 ], [ 133.437500000000114, 33.4625 ] ] ] } },
{ "type": "Feature", "properties": { "fid": 16, "OBJECTID": 5391, "KEY_CODE": "503313552", "Pref_CODE": 39, "Pref_Name": "高知県", "Shape_Length": 0.020833334000030845, "Shape_Area": 2.6041668750049021e-05 }, "geometry": { "type": "Polygon", "coordinates": [ [ [ 133.44375, 33.4625 ], [ 133.45, 33.4625 ], [ 133.45, 33.458385369 ], [ 133.44375, 33.458385369 ], [ 133.44375, 33.4625 ] ] ] } },
{ "type": "Feature", "properties": { "fid": 17, "OBJECTID": 5392, "KEY_CODE": "503313553", "Pref_CODE": 39, "Pref_Name": "高知県", "Shape_Length": 0.020833333999803472, "Shape_Area": 2.6041668749575326e-05 }, "geometry": { "type": "Polygon", "coordinates": [ [ [ 133.437500000000114, 33.4625 ], [ 133.437500000000114, 33.466666667000027 ], [ 133.44375, 33.466666667000027 ], [ 133.44375, 33.4625 ], [ 133.437500000000114, 33.4625 ] ] ] } },
{ "type": "Feature", "properties": { "fid": 18, "OBJECTID": 5393, "KEY_CODE": "503313554", "Pref_CODE": 39, "Pref_Name": "高知県", "Shape_Length": 0.020833334000030845, "Shape_Area": 2.6041668750049021e-05 }, "geometry": { "type": "Polygon", "coordinates": [ [ [ 133.44375, 33.4625 ], [ 133.44375, 33.466666667000027 ], [ 133.45, 33.466666667000027 ], [ 133.45, 33.4625 ], [ 133.44375, 33.4625 ] ] ] } },
{ "type": "Feature", "properties": { "fid": 19, "OBJECTID": 5394, "KEY_CODE": "503313561", "Pref_CODE": 39, "Pref_Name": "高知県", "Shape_Length": 0.020833334000030845, "Shape_Area": 2.6041668750049021e-05 }, "geometry": { "type": "Polygon", "coordinates": [ [ [ 133.45, 33.4625 ], [ 133.45625, 33.4625 ], [ 133.45625, 33.458385369 ], [ 133.45, 33.458385369 ], [ 133.45, 33.4625 ] ] ] } },
{ "type": "Feature", "properties": { "fid": 20, "OBJECTID": 5395, "KEY_CODE": "503313562", "Pref_CODE": 39, "Pref_Name": "高知県", "Shape_Length": 0.020833334000030845, "Shape_Area": 2.6041668750049021e-05 }, "geometry": { "type": "Polygon", "coordinates": [ [ [ 133.45625, 33.4625 ], [ 133.4625, 33.4625 ], [ 133.4625, 33.458385369 ], [ 133.45625, 33.458385369 ], [ 133.45625, 33.4625 ] ] ] } },
{ "type": "Feature", "properties": { "fid": 21, "OBJECTID": 5396, "KEY_CODE": "503313563", "Pref_CODE": 39, "Pref_Name": "高知県", "Shape_Length": 0.020833334000030845, "Shape_Area": 2.6041668750049021e-05 }, "geometry": { "type": "Polygon", "coordinates": [ [ [ 133.45, 33.4625 ], [ 133.45, 33.466666667000027 ], [ 133.45625, 33.466666667000027 ], [ 133.45625, 33.4625 ], [ 133.45, 33.4625 ] ] ] } },
{ "type": "Feature", "properties": { "fid": 22, "OBJECTID": 5397, "KEY_CODE": "503313564", "Pref_CODE": 39, "Pref_Name": "高知県", "Shape_Length": 0.020833334000030845, "Shape_Area": 2.6041668750049021e-05 }, "geometry": { "type": "Polygon", "coordinates": [ [ [ 133.45625, 33.4625 ], [ 133.45625, 33.466666667000027 ], [ 133.4625, 33.466666667000027 ], [ 133.4625, 33.4625 ], [ 133.45625, 33.4625 ] ] ] } },
{ "type": "Feature", "properties": { "fid": 23, "OBJECTID": 5398, "KEY_CODE": "503313571", "Pref_CODE": 39, "Pref_Name": "高知県", "Shape_Length": 0.020833334000030845, "Shape_Area": 2.6041668750049021e-05 }, "geometry": { "type": "Polygon", "coordinates": [ [ [ 133.4625, 33.4625 ], [ 133.468750000000114, 33.4625 ], [ 133.468750000000114, 33.458385369 ], [ 133.4625, 33.458385369 ], [ 133.4625, 33.4625 ] ] ] } },
{ "type": "Feature", "properties": { "fid": 24, "OBJECTID": 5399, "KEY_CODE": "503313572", "Pref_CODE": 39, "Pref_Name": "高知県", "Shape_Length": 0.020833333999803472, "Shape_Area": 2.6041668749575326e-05 }, "geometry": { "type": "Polygon", "coordinates": [ [ [ 133.468750000000114, 33.4625 ], [ 133.475, 33.4625 ], [ 133.475, 33.458385369 ], [ 133.468750000000114, 33.458385369 ], [ 133.468750000000114, 33.4625 ] ] ] } },
{ "type": "Feature", "properties": { "fid": 25, "OBJECTID": 5400, "KEY_CODE": "503313573", "Pref_CODE": 39, "Pref_Name": "高知県", "Shape_Length": 0.020833334000030845, "Shape_Area": 2.6041668750049021e-05 }, "geometry": { "type": "Polygon", "coordinates": [ [ [ 133.4625, 33.4625 ], [ 133.4625, 33.466666667000027 ], [ 133.468750000000114, 33.466666667000027 ], [ 133.468750000000114, 33.4625 ], [ 133.4625, 33.4625 ] ] ] } },
{ "type": "Feature", "properties": { "fid": 26, "OBJECTID": 5401, "KEY_CODE": "503313574", "Pref_CODE": 39, "Pref_Name": "高知県", "Shape_Length": 0.020833333999803472, "Shape_Area": 2.6041668749575326e-05 }, "geometry": { "type": "Polygon", "coordinates": [ [ [ 133.468750000000114, 33.4625 ], [ 133.468750000000114, 33.466666667000027 ], [ 133.475, 33.466666667000027 ], [ 133.475, 33.4625 ], [ 133.468750000000114, 33.4625 ] ] ] } },
{ "type": "Feature", "properties": { "fid": 27, "OBJECTID": 5402, "KEY_CODE": "503313581", "Pref_CODE": 39, "Pref_Name": "高知県", "Shape_Length": 0.020833334000030845, "Shape_Area": 2.6041668750049021e-05 }, "geometry": { "type": "Polygon", "coordinates": [ [ [ 133.475, 33.4625 ], [ 133.48125, 33.4625 ], [ 133.48125, 33.458385369 ], [ 133.475, 33.458385369 ], [ 133.475, 33.4625 ] ] ] } },
{ "type": "Feature", "properties": { "fid": 28, "OBJECTID": 5403, "KEY_CODE": "503313583", "Pref_CODE": 39, "Pref_Name": "高知県", "Shape_Length": 0.020833334000030845, "Shape_Area": 2.6041668750049021e-05 }, "geometry": { "type": "Polygon", "coordinates": [ [ [ 133.475, 33.4625 ], [ 133.475, 33.466666667000027 ], [ 133.48125, 33.466666667000027 ], [ 133.48125, 33.4625 ], [ 133.475, 33.4625 ] ] ] } },
{ "type": "Feature", "properties": { "fid": 29, "OBJECTID": 5404, "KEY_CODE": "503313584", "Pref_CODE": 39, "Pref_Name": "高知県", "Shape_Length": 0.020833334000030845, "Shape_Area": 2.6041668750049021e-05 }, "geometry": { "type": "Polygon", "coordinates": [ [ [ 133.48125, 33.4625 ], [ 133.48125, 33.466666667000027 ], [ 133.4875, 33.466666667000027 ], [ 133.4875, 33.4625 ], [ 133.48125, 33.4625 ] ] ] } },
{ "type": "Feature", "properties": { "fid": 30, "OBJECTID": 5405, "KEY_CODE": "503313593", "Pref_CODE": 39, "Pref_Name": "高知県", "Shape_Length": 0.020833334000030845, "Shape_Area": 2.6041668750049021e-05 }, "geometry": { "type": "Polygon", "coordinates": [ [ [ 133.4875, 33.4625 ], [ 133.4875, 33.466666667000027 ], [ 133.49375, 33.466666667000027 ], [ 133.49375, 33.4625 ], [ 133.4875, 33.4625 ] ] ] } },
{ "type": "Feature", "properties": { "fid": 31, "OBJECTID": 5411, "KEY_CODE": "503313612", "Pref_CODE": 39, "Pref_Name": "高知県", "Shape_Length": 0.020833332000051996, "Shape_Area": 2.6041662500115118e-05 }, "geometry": { "type": "Polygon", "coordinates": [ [ [ 133.4, 33.47083333300003 ], [ 133.4, 33.466666667000027 ], [ 133.39435083, 33.466666667000027 ], [ 133.39435083, 33.47083333300003 ], [ 133.4, 33.47083333300003 ] ] ] } },
{ "type": "Feature", "properties": { "fid": 32, "OBJECTID": 5413, "KEY_CODE": "503313614", "Pref_CODE": 39, "Pref_Name": "高知県", "Shape_Length": 0.020833334000144532, "Shape_Area": 2.6041668750404293e-05 }, "geometry": { "type": "Polygon", "coordinates": [ [ [ 133.4, 33.475 ], [ 133.4, 33.47083333300003 ], [ 133.39435083, 33.47083333300003 ], [ 133.39435083, 33.475 ], [ 133.4, 33.475 ] ] ] } },
{ "type": "Feature", "properties": { "fid": 33, "OBJECTID": 5414, "KEY_CODE": "503313621", "Pref_CODE": 39, "Pref_Name": "高知県", "Shape_Length": 0.020833332000051996, "Shape_Area": 2.6041662500115118e-05 }, "geometry": { "type": "Polygon", "coordinates": [ [ [ 133.4, 33.466666667000027 ], [ 133.4, 33.47083333300003 ], [ 133.406250000000114, 33.47083333300003 ], [ 133.406250000000114, 33.466666667000027 ], [ 133.4, 33.466666667000027 ] ] ] } },
{ "type": "Feature", "properties": { "fid": 34, "OBJECTID": 5415, "KEY_CODE": "503313622", "Pref_CODE": 39, "Pref_Name": "高知県", "Shape_Length": 0.020833331999824622, "Shape_Area": 2.6041662499641423e-05 }, "geometry": { "type": "Polygon", "coordinates": [ [ [ 133.406250000000114, 33.466666667000027 ], [ 133.406250000000114, 33.47083333300003 ], [ 133.4125, 33.47083333300003 ], [ 133.4125, 33.466666667000027 ], [ 133.406250000000114, 33.466666667000027 ] ] ] } },
{ "type": "Feature", "properties": { "fid": 35, "OBJECTID": 5416, "KEY_CODE": "503313623", "Pref_CODE": 39, "Pref_Name": "高知県", "Shape_Length": 0.020833334000144532, "Shape_Area": 2.6041668750404293e-05 }, "geometry": { "type": "Polygon", "coordinates": [ [ [ 133.4, 33.47083333300003 ], [ 133.4, 33.475 ], [ 133.406250000000114, 33.475 ], [ 133.406250000000114, 33.47083333300003 ], [ 133.4, 33.47083333300003 ] ] ] } },
{ "type": "Feature", "properties": { "fid": 36, "OBJECTID": 5417, "KEY_CODE": "503313624", "Pref_CODE": 39, "Pref_Name": "高知県", "Shape_Length": 0.020833333999917159, "Shape_Area": 2.6041668749930599e-05 }, "geometry": { "type": "Polygon", "coordinates": [ [ [ 133.406250000000114, 33.47083333300003 ], [ 133.406250000000114, 33.475 ], [ 133.4125, 33.475 ], [ 133.4125, 33.47083333300003 ], [ 133.406250000000114, 33.47083333300003 ] ] ] } },
{ "type": "Feature", "properties": { "fid": 37, "OBJECTID": 5418, "KEY_CODE": "503313631", "Pref_CODE": 39, "Pref_Name": "高知県", "Shape_Length": 0.020833332000051996, "Shape_Area": 2.6041662500115118e-05 }, "geometry": { "type": "Polygon", "coordinates": [ [ [ 133.4125, 33.466666667000027 ], [ 133.4125, 33.47083333300003 ], [ 133.41875, 33.47083333300003 ], [ 133.41875, 33.466666667000027 ], [ 133.4125, 33.466666667000027 ] ] ] } },
{ "type": "Feature", "properties": { "fid": 38, "OBJECTID": 5419, "KEY_CODE": "503313632", "Pref_CODE": 39, "Pref_Name": "高知県", "Shape_Length": 0.020833332000051996, "Shape_Area": 2.6041662500115118e-05 }, "geometry": { "type": "Polygon", "coordinates": [ [ [ 133.41875, 33.466666667000027 ], [ 133.41875, 33.47083333300003 ], [ 133.425, 33.47083333300003 ], [ 133.425, 33.466666667000027 ], [ 133.41875, 33.466666667000027 ] ] ] } },
{ "type": "Feature", "properties": { "fid": 39, "OBJECTID": 5420, "KEY_CODE": "503313633", "Pref_CODE": 39, "Pref_Name": "高知県", "Shape_Length": 0.020833334000144532, "Shape_Area": 2.6041668750404293e-05 }, "geometry": { "type": "Polygon", "coordinates": [ [ [ 133.4125, 33.47083333300003 ], [ 133.4125, 33.475 ], [ 133.41875, 33.475 ], [ 133.41875, 33.47083333300003 ], [ 133.4125, 33.47083333300003 ] ] ] } },
{ "type": "Feature", "properties": { "fid": 40, "OBJECTID": 5421, "KEY_CODE": "503313634", "Pref_CODE": 39, "Pref_Name": "高知県", "Shape_Length": 0.020833334000144532, "Shape_Area": 2.6041668750404293e-05 }, "geometry": { "type": "Polygon", "coordinates": [ [ [ 133.41875, 33.47083333300003 ], [ 133.41875, 33.475 ], [ 133.425, 33.475 ], [ 133.425, 33.47083333300003 ], [ 133.41875, 33.47083333300003 ] ] ] } },
{ "type": "Feature", "properties": { "fid": 41, "OBJECTID": 5422, "KEY_CODE": "503313641", "Pref_CODE": 39, "Pref_Name": "高知県", "Shape_Length": 0.020833332000051996, "Shape_Area": 2.6041662500115118e-05 }, "geometry": { "type": "Polygon", "coordinates": [ [ [ 133.425, 33.466666667000027 ], [ 133.425, 33.47083333300003 ], [ 133.43125, 33.47083333300003 ], [ 133.43125, 33.466666667000027 ], [ 133.425, 33.466666667000027 ] ] ] } },
{ "type": "Feature", "properties": { "fid": 42, "OBJECTID": 5423, "KEY_CODE": "503313642", "Pref_CODE": 39, "Pref_Name": "高知県", "Shape_Length": 0.020833332000051996, "Shape_Area": 2.6041662500115118e-05 }, "geometry": { "type": "Polygon", "coordinates": [ [ [ 133.43125, 33.466666667000027 ], [ 133.43125, 33.47083333300003 ], [ 133.437500000000114, 33.47083333300003 ], [ 133.437500000000114, 33.466666667000027 ], [ 133.43125, 33.466666667000027 ] ] ] } },
{ "type": "Feature", "properties": { "fid": 43, "OBJECTID": 5424, "KEY_CODE": "503313643", "Pref_CODE": 39, "Pref_Name": "高知県", "Shape_Length": 0.020833334000144532, "Shape_Area": 2.6041668750404293e-05 }, "geometry": { "type": "Polygon", "coordinates": [ [ [ 133.425, 33.47083333300003 ], [ 133.425, 33.475 ], [ 133.43125, 33.475 ], [ 133.43125, 33.47083333300003 ], [ 133.425, 33.47083333300003 ] ] ] } },
{ "type": "Feature", "properties": { "fid": 44, "OBJECTID": 5425, "KEY_CODE": "503313644", "Pref_CODE": 39, "Pref_Name": "高知県", "Shape_Length": 0.020833334000144532, "Shape_Area": 2.6041668750404293e-05 }, "geometry": { "type": "Polygon", "coordinates": [ [ [ 133.43125, 33.47083333300003 ], [ 133.43125, 33.475 ], [ 133.437500000000114, 33.475 ], [ 133.437500000000114, 33.47083333300003 ], [ 133.43125, 33.47083333300003 ] ] ] } },
{ "type": "Feature", "properties": { "fid": 45, "OBJECTID": 5426, "KEY_CODE": "503313651", "Pref_CODE": 39, "Pref_Name": "高知県", "Shape_Length": 0.020833331999824622, "Shape_Area": 2.6041662499641423e-05 }, "geometry": { "type": "Polygon", "coordinates": [ [ [ 133.437500000000114, 33.466666667000027 ], [ 133.437500000000114, 33.47083333300003 ], [ 133.44375, 33.47083333300003 ], [ 133.44375, 33.466666667000027 ], [ 133.437500000000114, 33.466666667000027 ] ] ] } },
{ "type": "Feature", "properties": { "fid": 46, "OBJECTID": 5427, "KEY_CODE": "503313652", "Pref_CODE": 39, "Pref_Name": "高知県", "Shape_Length": 0.020833332000051996, "Shape_Area": 2.6041662500115118e-05 }, "geometry": { "type": "Polygon", "coordinates": [ [ [ 133.44375, 33.466666667000027 ], [ 133.44375, 33.47083333300003 ], [ 133.45, 33.47083333300003 ], [ 133.45, 33.466666667000027 ], [ 133.44375, 33.466666667000027 ] ] ] } },
{ "type": "Feature", "properties": { "fid": 47, "OBJECTID": 5428, "KEY_CODE": "503313653", "Pref_CODE": 39, "Pref_Name": "高知県", "Shape_Length": 0.020833333999917159, "Shape_Area": 2.6041668749930599e-05 }, "geometry": { "type": "Polygon", "coordinates": [ [ [ 133.437500000000114, 33.47083333300003 ], [ 133.437500000000114, 33.475 ], [ 133.44375, 33.475 ], [ 133.44375, 33.47083333300003 ], [ 133.437500000000114, 33.47083333300003 ] ] ] } },
{ "type": "Feature", "properties": { "fid": 48, "OBJECTID": 5429, "KEY_CODE": "503313654", "Pref_CODE": 39, "Pref_Name": "高知県", "Shape_Length": 0.020833334000144532, "Shape_Area": 2.6041668750404293e-05 }, "geometry": { "type": "Polygon", "coordinates": [ [ [ 133.44375, 33.47083333300003 ], [ 133.44375, 33.475 ], [ 133.45, 33.475 ], [ 133.45, 33.47083333300003 ], [ 133.44375, 33.47083333300003 ] ] ] } },
{ "type": "Feature", "properties": { "fid": 49, "OBJECTID": 5430, "KEY_CODE": "503313661", "Pref_CODE": 39, "Pref_Name": "高知県", "Shape_Length": 0.020833332000051996, "Shape_Area": 2.6041662500115118e-05 }, "geometry": { "type": "Polygon", "coordinates": [ [ [ 133.45, 33.466666667000027 ], [ 133.45, 33.47083333300003 ], [ 133.45625, 33.47083333300003 ], [ 133.45625, 33.466666667000027 ], [ 133.45, 33.466666667000027 ] ] ] } },
{ "type": "Feature", "properties": { "fid": 50, "OBJECTID": 5431, "KEY_CODE": "503313662", "Pref_CODE": 39, "Pref_Name": "高知県", "Shape_Length": 0.020833332000051996, "Shape_Area": 2.6041662500115118e-05 }, "geometry": { "type": "Polygon", "coordinates": [ [ [ 133.45625, 33.466666667000027 ], [ 133.45625, 33.47083333300003 ], [ 133.4625, 33.47083333300003 ], [ 133.4625, 33.466666667000027 ], [ 133.45625, 33.466666667000027 ] ] ] } },
{ "type": "Feature", "properties": { "fid": 51, "OBJECTID": 5432, "KEY_CODE": "503313663", "Pref_CODE": 39, "Pref_Name": "高知県", "Shape_Length": 0.020833334000144532, "Shape_Area": 2.6041668750404293e-05 }, "geometry": { "type": "Polygon", "coordinates": [ [ [ 133.45, 33.47083333300003 ], [ 133.45, 33.475 ], [ 133.45625, 33.475 ], [ 133.45625, 33.47083333300003 ], [ 133.45, 33.47083333300003 ] ] ] } },
{ "type": "Feature", "properties": { "fid": 52, "OBJECTID": 5433, "KEY_CODE": "503313664", "Pref_CODE": 39, "Pref_Name": "高知県", "Shape_Length": 0.020833334000144532, "Shape_Area": 2.6041668750404293e-05 }, "geometry": { "type": "Polygon", "coordinates": [ [ [ 133.45625, 33.47083333300003 ], [ 133.45625, 33.475 ], [ 133.4625, 33.475 ], [ 133.4625, 33.47083333300003 ], [ 133.45625, 33.47083333300003 ] ] ] } },
{ "type": "Feature", "properties": { "fid": 53, "OBJECTID": 5434, "KEY_CODE": "503313671", "Pref_CODE": 39, "Pref_Name": "高知県", "Shape_Length": 0.020833332000051996, "Shape_Area": 2.6041662500115118e-05 }, "geometry": { "type": "Polygon", "coordinates": [ [ [ 133.4625, 33.466666667000027 ], [ 133.4625, 33.47083333300003 ], [ 133.468750000000114, 33.47083333300003 ], [ 133.468750000000114, 33.466666667000027 ], [ 133.4625, 33.466666667000027 ] ] ] } },
{ "type": "Feature", "properties": { "fid": 54, "OBJECTID": 5435, "KEY_CODE": "503313672", "Pref_CODE": 39, "Pref_Name": "高知県", "Shape_Length": 0.020833331999824622, "Shape_Area": 2.6041662499641423e-05 }, "geometry": { "type": "Polygon", "coordinates": [ [ [ 133.468750000000114, 33.466666667000027 ], [ 133.468750000000114, 33.47083333300003 ], [ 133.475, 33.47083333300003 ], [ 133.475, 33.466666667000027 ], [ 133.468750000000114, 33.466666667000027 ] ] ] } },
{ "type": "Feature", "properties": { "fid": 55, "OBJECTID": 5436, "KEY_CODE": "503313673", "Pref_CODE": 39, "Pref_Name": "高知県", "Shape_Length": 0.020833334000144532, "Shape_Area": 2.6041668750404293e-05 }, "geometry": { "type": "Polygon", "coordinates": [ [ [ 133.4625, 33.47083333300003 ], [ 133.4625, 33.475 ], [ 133.468750000000114, 33.475 ], [ 133.468750000000114, 33.47083333300003 ], [ 133.4625, 33.47083333300003 ] ] ] } },
{ "type": "Feature", "properties": { "fid": 56, "OBJECTID": 5437, "KEY_CODE": "503313674", "Pref_CODE": 39, "Pref_Name": "高知県", "Shape_Length": 0.020833333999917159, "Shape_Area": 2.6041668749930599e-05 }, "geometry": { "type": "Polygon", "coordinates": [ [ [ 133.468750000000114, 33.47083333300003 ], [ 133.468750000000114, 33.475 ], [ 133.475, 33.475 ], [ 133.475, 33.47083333300003 ], [ 133.468750000000114, 33.47083333300003 ] ] ] } },
{ "type": "Feature", "properties": { "fid": 57, "OBJECTID": 5438, "KEY_CODE": "503313681", "Pref_CODE": 39, "Pref_Name": "高知県", "Shape_Length": 0.020833332000051996, "Shape_Area": 2.6041662500115118e-05 }, "geometry": { "type": "Polygon", "coordinates": [ [ [ 133.475, 33.466666667000027 ], [ 133.475, 33.47083333300003 ], [ 133.48125, 33.47083333300003 ], [ 133.48125, 33.466666667000027 ], [ 133.475, 33.466666667000027 ] ] ] } },
{ "type": "Feature", "properties": { "fid": 58, "OBJECTID": 5439, "KEY_CODE": "503313682", "Pref_CODE": 39, "Pref_Name": "高知県", "Shape_Length": 0.020833332000051996, "Shape_Area": 2.6041662500115118e-05 }, "geometry": { "type": "Polygon", "coordinates": [ [ [ 133.48125, 33.466666667000027 ], [ 133.48125, 33.47083333300003 ], [ 133.4875, 33.47083333300003 ], [ 133.4875, 33.466666667000027 ], [ 133.48125, 33.466666667000027 ] ] ] } },
{ "type": "Feature", "properties": { "fid": 59, "OBJECTID": 5440, "KEY_CODE": "503313683", "Pref_CODE": 39, "Pref_Name": "高知県", "Shape_Length": 0.020833334000144532, "Shape_Area": 2.6041668750404293e-05 }, "geometry": { "type": "Polygon", "coordinates": [ [ [ 133.475, 33.47083333300003 ], [ 133.475, 33.475 ], [ 133.48125, 33.475 ], [ 133.48125, 33.47083333300003 ], [ 133.475, 33.47083333300003 ] ] ] } },
{ "type": "Feature", "properties": { "fid": 60, "OBJECTID": 5441, "KEY_CODE": "503313684", "Pref_CODE": 39, "Pref_Name": "高知県", "Shape_Length": 0.020833334000144532, "Shape_Area": 2.6041668750404293e-05 }, "geometry": { "type": "Polygon", "coordinates": [ [ [ 133.48125, 33.47083333300003 ], [ 133.48125, 33.475 ], [ 133.4875, 33.475 ], [ 133.4875, 33.47083333300003 ], [ 133.48125, 33.47083333300003 ] ] ] } },
{ "type": "Feature", "properties": { "fid": 61, "OBJECTID": 5442, "KEY_CODE": "503313691", "Pref_CODE": 39, "Pref_Name": "高知県", "Shape_Length": 0.020833332000051996, "Shape_Area": 2.6041662500115118e-05 }, "geometry": { "type": "Polygon", "coordinates": [ [ [ 133.4875, 33.466666667000027 ], [ 133.4875, 33.47083333300003 ], [ 133.49375, 33.47083333300003 ], [ 133.49375, 33.466666667000027 ], [ 133.4875, 33.466666667000027 ] ] ] } },
{ "type": "Feature", "properties": { "fid": 62, "OBJECTID": 5443, "KEY_CODE": "503313692", "Pref_CODE": 39, "Pref_Name": "高知県", "Shape_Length": 0.020833332000051996, "Shape_Area": 2.6041662500115118e-05 }, "geometry": { "type": "Polygon", "coordinates": [ [ [ 133.49375, 33.466666667000027 ], [ 133.49375, 33.47083333300003 ], [ 133.500000000000114, 33.47083333300003 ], [ 133.500000000000114, 33.466666667000027 ], [ 133.49375, 33.466666667000027 ] ] ] } },
{ "type": "Feature", "properties": { "fid": 63, "OBJECTID": 5444, "KEY_CODE": "503313693", "Pref_CODE": 39, "Pref_Name": "高知県", "Shape_Length": 0.020833334000144532, "Shape_Area": 2.6041668750404293e-05 }, "geometry": { "type": "Polygon", "coordinates": [ [ [ 133.4875, 33.47083333300003 ], [ 133.4875, 33.475 ], [ 133.49375, 33.475 ], [ 133.49375, 33.47083333300003 ], [ 133.4875, 33.47083333300003 ] ] ] } },
{ "type": "Feature", "properties": { "fid": 64, "OBJECTID": 5445, "KEY_CODE": "503313694", "Pref_CODE": 39, "Pref_Name": "高知県", "Shape_Length": 0.020833334000144532, "Shape_Area": 2.6041668750404293e-05 }, "geometry": { "type": "Polygon", "coordinates": [ [ [ 133.49375, 33.47083333300003 ], [ 133.49375, 33.475 ], [ 133.500000000000114, 33.475 ], [ 133.500000000000114, 33.47083333300003 ], [ 133.49375, 33.47083333300003 ] ] ] } },
{ "type": "Feature", "properties": { "fid": 65, "OBJECTID": 5451, "KEY_CODE": "503313712", "Pref_CODE": 39, "Pref_Name": "高知県", "Shape_Length": 0.020833334000030845, "Shape_Area": 2.6041668750049021e-05 }, "geometry": { "type": "Polygon", "coordinates": [ [ [ 133.4, 33.479166667000072 ], [ 133.4, 33.475 ], [ 133.39435083, 33.475 ], [ 133.39435083, 33.479166667000072 ], [ 133.4, 33.479166667000072 ] ] ] } },
{ "type": "Feature", "properties": { "fid": 66, "OBJECTID": 5453, "KEY_CODE": "503313714", "Pref_CODE": 39, "Pref_Name": "高知県", "Shape_Length": 0.020833332000051996, "Shape_Area": 2.6041662500115118e-05 }, "geometry": { "type": "Polygon", "coordinates": [ [ [ 133.4, 33.483333333000076 ], [ 133.4, 33.479166667000072 ], [ 133.39435083, 33.479166667000072 ], [ 133.39435083, 33.483333333000076 ], [ 133.4, 33.483333333000076 ] ] ] } },
{ "type": "Feature", "properties": { "fid": 67, "OBJECTID": 5454, "KEY_CODE": "503313721", "Pref_CODE": 39, "Pref_Name": "高知県", "Shape_Length": 0.020833334000030845, "Shape_Area": 2.6041668750049021e-05 }, "geometry": { "type": "Polygon", "coordinates": [ [ [ 133.4, 33.475 ], [ 133.4, 33.479166667000072 ], [ 133.406250000000114, 33.479166667000072 ], [ 133.406250000000114, 33.475 ], [ 133.4, 33.475 ] ] ] } },
{ "type": "Feature", "properties": { "fid": 68, "OBJECTID": 5455, "KEY_CODE": "503313722", "Pref_CODE": 39, "Pref_Name": "高知県", "Shape_Length": 0.020833333999803472, "Shape_Area": 2.6041668749575326e-05 }, "geometry": { "type": "Polygon", "coordinates": [ [ [ 133.406250000000114, 33.475 ], [ 133.406250000000114, 33.479166667000072 ], [ 133.4125, 33.479166667000072 ], [ 133.4125, 33.475 ], [ 133.406250000000114, 33.475 ] ] ] } },
{ "type": "Feature", "properties": { "fid": 69, "OBJECTID": 5456, "KEY_CODE": "503313723", "Pref_CODE": 39, "Pref_Name": "高知県", "Shape_Length": 0.020833332000051996, "Shape_Area": 2.6041662500115118e-05 }, "geometry": { "type": "Polygon", "coordinates": [ [ [ 133.4, 33.479166667000072 ], [ 133.4, 33.483333333000076 ], [ 133.406250000000114, 33.483333333000076 ], [ 133.406250000000114, 33.479166667000072 ], [ 133.4, 33.479166667000072 ] ] ] } },
{ "type": "Feature", "properties": { "fid": 70, "OBJECTID": 5457, "KEY_CODE": "503313724", "Pref_CODE": 39, "Pref_Name": "高知県", "Shape_Length": 0.020833331999824622, "Shape_Area": 2.6041662499641423e-05 }, "geometry": { "type": "Polygon", "coordinates": [ [ [ 133.406250000000114, 33.479166667000072 ], [ 133.406250000000114, 33.483333333000076 ], [ 133.4125, 33.483333333000076 ], [ 133.4125, 33.479166667000072 ], [ 133.406250000000114, 33.479166667000072 ] ] ] } },
{ "type": "Feature", "properties": { "fid": 71, "OBJECTID": 5458, "KEY_CODE": "503313731", "Pref_CODE": 39, "Pref_Name": "高知県", "Shape_Length": 0.020833334000030845, "Shape_Area": 2.6041668750049021e-05 }, "geometry": { "type": "Polygon", "coordinates": [ [ [ 133.4125, 33.475 ], [ 133.4125, 33.479166667000072 ], [ 133.41875, 33.479166667000072 ], [ 133.41875, 33.475 ], [ 133.4125, 33.475 ] ] ] } },
{ "type": "Feature", "properties": { "fid": 72, "OBJECTID": 5459, "KEY_CODE": "503313732", "Pref_CODE": 39, "Pref_Name": "高知県", "Shape_Length": 0.020833334000030845, "Shape_Area": 2.6041668750049021e-05 }, "geometry": { "type": "Polygon", "coordinates": [ [ [ 133.41875, 33.475 ], [ 133.41875, 33.479166667000072 ], [ 133.425, 33.479166667000072 ], [ 133.425, 33.475 ], [ 133.41875, 33.475 ] ] ] } },
{ "type": "Feature", "properties": { "fid": 73, "OBJECTID": 5460, "KEY_CODE": "503313733", "Pref_CODE": 39, "Pref_Name": "高知県", "Shape_Length": 0.020833332000051996, "Shape_Area": 2.6041662500115118e-05 }, "geometry": { "type": "Polygon", "coordinates": [ [ [ 133.4125, 33.479166667000072 ], [ 133.4125, 33.483333333000076 ], [ 133.41875, 33.483333333000076 ], [ 133.41875, 33.479166667000072 ], [ 133.4125, 33.479166667000072 ] ] ] } },
{ "type": "Feature", "properties": { "fid": 74, "OBJECTID": 5461, "KEY_CODE": "503313734", "Pref_CODE": 39, "Pref_Name": "高知県", "Shape_Length": 0.020833332000051996, "Shape_Area": 2.6041662500115118e-05 }, "geometry": { "type": "Polygon", "coordinates": [ [ [ 133.41875, 33.479166667000072 ], [ 133.41875, 33.483333333000076 ], [ 133.425, 33.483333333000076 ], [ 133.425, 33.479166667000072 ], [ 133.41875, 33.479166667000072 ] ] ] } },
{ "type": "Feature", "properties": { "fid": 75, "OBJECTID": 5462, "KEY_CODE": "503313741", "Pref_CODE": 39, "Pref_Name": "高知県", "Shape_Length": 0.020833334000030845, "Shape_Area": 2.6041668750049021e-05 }, "geometry": { "type": "Polygon", "coordinates": [ [ [ 133.425, 33.475 ], [ 133.425, 33.479166667000072 ], [ 133.43125, 33.479166667000072 ], [ 133.43125, 33.475 ], [ 133.425, 33.475 ] ] ] } },
{ "type": "Feature", "properties": { "fid": 76, "OBJECTID": 5463, "KEY_CODE": "503313742", "Pref_CODE": 39, "Pref_Name": "高知県", "Shape_Length": 0.020833334000030845, "Shape_Area": 2.6041668750049021e-05 }, "geometry": { "type": "Polygon", "coordinates": [ [ [ 133.43125, 33.475 ], [ 133.43125, 33.479166667000072 ], [ 133.437500000000114, 33.479166667000072 ], [ 133.437500000000114, 33.475 ], [ 133.43125, 33.475 ] ] ] } },
{ "type": "Feature", "properties": { "fid": 77, "OBJECTID": 5464, "KEY_CODE": "503313743", "Pref_CODE": 39, "Pref_Name": "高知県", "Shape_Length": 0.020833332000051996, "Shape_Area": 2.6041662500115118e-05 }, "geometry": { "type": "Polygon", "coordinates": [ [ [ 133.425, 33.479166667000072 ], [ 133.425, 33.483333333000076 ], [ 133.43125, 33.483333333000076 ], [ 133.43125, 33.479166667000072 ], [ 133.425, 33.479166667000072 ] ] ] } },
{ "type": "Feature", "properties": { "fid": 78, "OBJECTID": 5465, "KEY_CODE": "503313744", "Pref_CODE": 39, "Pref_Name": "高知県", "Shape_Length": 0.020833332000051996, "Shape_Area": 2.6041662500115118e-05 }, "geometry": { "type": "Polygon", "coordinates": [ [ [ 133.43125, 33.479166667000072 ], [ 133.43125, 33.483333333000076 ], [ 133.437500000000114, 33.483333333000076 ], [ 133.437500000000114, 33.479166667000072 ], [ 133.43125, 33.479166667000072 ] ] ] } },
{ "type": "Feature", "properties": { "fid": 79, "OBJECTID": 5466, "KEY_CODE": "503313751", "Pref_CODE": 39, "Pref_Name": "高知県", "Shape_Length": 0.020833333999803472, "Shape_Area": 2.6041668749575326e-05 }, "geometry": { "type": "Polygon", "coordinates": [ [ [ 133.437500000000114, 33.475 ], [ 133.437500000000114, 33.479166667000072 ], [ 133.44375, 33.479166667000072 ], [ 133.44375, 33.475 ], [ 133.437500000000114, 33.475 ] ] ] } },
{ "type": "Feature", "properties": { "fid": 80, "OBJECTID": 5467, "KEY_CODE": "503313752", "Pref_CODE": 39, "Pref_Name": "高知県", "Shape_Length": 0.020833334000030845, "Shape_Area": 2.6041668750049021e-05 }, "geometry": { "type": "Polygon", "coordinates": [ [ [ 133.44375, 33.475 ], [ 133.44375, 33.479166667000072 ], [ 133.45, 33.479166667000072 ], [ 133.45, 33.475 ], [ 133.44375, 33.475 ] ] ] } },
{ "type": "Feature", "properties": { "fid": 81, "OBJECTID": 5468, "KEY_CODE": "503313753", "Pref_CODE": 39, "Pref_Name": "高知県", "Shape_Length": 0.020833331999824622, "Shape_Area": 2.6041662499641423e-05 }, "geometry": { "type": "Polygon", "coordinates": [ [ [ 133.437500000000114, 33.479166667000072 ], [ 133.437500000000114, 33.483333333000076 ], [ 133.44375, 33.483333333000076 ], [ 133.44375, 33.479166667000072 ], [ 133.437500000000114, 33.479166667000072 ] ] ] } },
{ "type": "Feature", "properties": { "fid": 82, "OBJECTID": 5469, "KEY_CODE": "503313754", "Pref_CODE": 39, "Pref_Name": "高知県", "Shape_Length": 0.020833332000051996, "Shape_Area": 2.6041662500115118e-05 }, "geometry": { "type": "Polygon", "coordinates": [ [ [ 133.44375, 33.479166667000072 ], [ 133.44375, 33.483333333000076 ], [ 133.45, 33.483333333000076 ], [ 133.45, 33.479166667000072 ], [ 133.44375, 33.479166667000072 ] ] ] } },
{ "type": "Feature", "properties": { "fid": 83, "OBJECTID": 5470, "KEY_CODE": "503313761", "Pref_CODE": 39, "Pref_Name": "高知県", "Shape_Length": 0.020833334000030845, "Shape_Area": 2.6041668750049021e-05 }, "geometry": { "type": "Polygon", "coordinates": [ [ [ 133.45, 33.475 ], [ 133.45, 33.479166667000072 ], [ 133.45625, 33.479166667000072 ], [ 133.45625, 33.475 ], [ 133.45, 33.475 ] ] ] } },
{ "type": "Feature", "properties": { "fid": 84, "OBJECTID": 5471, "KEY_CODE": "503313762", "Pref_CODE": 39, "Pref_Name": "高知県", "Shape_Length": 0.020833334000030845, "Shape_Area": 2.6041668750049021e-05 }, "geometry": { "type": "Polygon", "coordinates": [ [ [ 133.45625, 33.475 ], [ 133.45625, 33.479166667000072 ], [ 133.4625, 33.479166667000072 ], [ 133.4625, 33.475 ], [ 133.45625, 33.475 ] ] ] } },
{ "type": "Feature", "properties": { "fid": 85, "OBJECTID": 5472, "KEY_CODE": "503313763", "Pref_CODE": 39, "Pref_Name": "高知県", "Shape_Length": 0.020833332000051996, "Shape_Area": 2.6041662500115118e-05 }, "geometry": { "type": "Polygon", "coordinates": [ [ [ 133.45, 33.479166667000072 ], [ 133.45, 33.483333333000076 ], [ 133.45625, 33.483333333000076 ], [ 133.45625, 33.479166667000072 ], [ 133.45, 33.479166667000072 ] ] ] } },
{ "type": "Feature", "properties": { "fid": 86, "OBJECTID": 5473, "KEY_CODE": "503313764", "Pref_CODE": 39, "Pref_Name": "高知県", "Shape_Length": 0.020833332000051996, "Shape_Area": 2.6041662500115118e-05 }, "geometry": { "type": "Polygon", "coordinates": [ [ [ 133.45625, 33.479166667000072 ], [ 133.45625, 33.483333333000076 ], [ 133.4625, 33.483333333000076 ], [ 133.4625, 33.479166667000072 ], [ 133.45625, 33.479166667000072 ] ] ] } },
{ "type": "Feature", "properties": { "fid": 87, "OBJECTID": 5474, "KEY_CODE": "503313771", "Pref_CODE": 39, "Pref_Name": "高知県", "Shape_Length": 0.020833334000030845, "Shape_Area": 2.6041668750049021e-05 }, "geometry": { "type": "Polygon", "coordinates": [ [ [ 133.4625, 33.475 ], [ 133.4625, 33.479166667000072 ], [ 133.468750000000114, 33.479166667000072 ], [ 133.468750000000114, 33.475 ], [ 133.4625, 33.475 ] ] ] } },
{ "type": "Feature", "properties": { "fid": 88, "OBJECTID": 5475, "KEY_CODE": "503313772", "Pref_CODE": 39, "Pref_Name": "高知県", "Shape_Length": 0.020833333999803472, "Shape_Area": 2.6041668749575326e-05 }, "geometry": { "type": "Polygon", "coordinates": [ [ [ 133.468750000000114, 33.475 ], [ 133.468750000000114, 33.479166667000072 ], [ 133.475, 33.479166667000072 ], [ 133.475, 33.475 ], [ 133.468750000000114, 33.475 ] ] ] } },
{ "type": "Feature", "properties": { "fid": 89, "OBJECTID": 5476, "KEY_CODE": "503313773", "Pref_CODE": 39, "Pref_Name": "高知県", "Shape_Length": 0.020833332000051996, "Shape_Area": 2.6041662500115118e-05 }, "geometry": { "type": "Polygon", "coordinates": [ [ [ 133.4625, 33.479166667000072 ], [ 133.4625, 33.483333333000076 ], [ 133.468750000000114, 33.483333333000076 ], [ 133.468750000000114, 33.479166667000072 ], [ 133.4625, 33.479166667000072 ] ] ] } },
{ "type": "Feature", "properties": { "fid": 90, "OBJECTID": 5477, "KEY_CODE": "503313774", "Pref_CODE": 39, "Pref_Name": "高知県", "Shape_Length": 0.020833331999824622, "Shape_Area": 2.6041662499641423e-05 }, "geometry": { "type": "Polygon", "coordinates": [ [ [ 133.468750000000114, 33.479166667000072 ], [ 133.468750000000114, 33.483333333000076 ], [ 133.475, 33.483333333000076 ], [ 133.475, 33.479166667000072 ], [ 133.468750000000114, 33.479166667000072 ] ] ] } },
{ "type": "Feature", "properties": { "fid": 91, "OBJECTID": 5478, "KEY_CODE": "503313781", "Pref_CODE": 39, "Pref_Name": "高知県", "Shape_Length": 0.020833334000030845, "Shape_Area": 2.6041668750049021e-05 }, "geometry": { "type": "Polygon", "coordinates": [ [ [ 133.475, 33.475 ], [ 133.475, 33.479166667000072 ], [ 133.48125, 33.479166667000072 ], [ 133.48125, 33.475 ], [ 133.475, 33.475 ] ] ] } },
{ "type": "Feature", "properties": { "fid": 92, "OBJECTID": 5479, "KEY_CODE": "503313782", "Pref_CODE": 39, "Pref_Name": "高知県", "Shape_Length": 0.020833334000030845, "Shape_Area": 2.6041668750049021e-05 }, "geometry": { "type": "Polygon", "coordinates": [ [ [ 133.48125, 33.475 ], [ 133.48125, 33.479166667000072 ], [ 133.4875, 33.479166667000072 ], [ 133.4875, 33.475 ], [ 133.48125, 33.475 ] ] ] } },
{ "type": "Feature", "properties": { "fid": 93, "OBJECTID": 5480, "KEY_CODE": "503313783", "Pref_CODE": 39, "Pref_Name": "高知県", "Shape_Length": 0.020833332000051996, "Shape_Area": 2.6041662500115118e-05 }, "geometry": { "type": "Polygon", "coordinates": [ [ [ 133.475, 33.479166667000072 ], [ 133.475, 33.483333333000076 ], [ 133.48125, 33.483333333000076 ], [ 133.48125, 33.479166667000072 ], [ 133.475, 33.479166667000072 ] ] ] } },
{ "type": "Feature", "properties": { "fid": 94, "OBJECTID": 5481, "KEY_CODE": "503313784", "Pref_CODE": 39, "Pref_Name": "高知県", "Shape_Length": 0.020833332000051996, "Shape_Area": 2.6041662500115118e-05 }, "geometry": { "type": "Polygon", "coordinates": [ [ [ 133.48125, 33.479166667000072 ], [ 133.48125, 33.483333333000076 ], [ 133.4875, 33.483333333000076 ], [ 133.4875, 33.479166667000072 ], [ 133.48125, 33.479166667000072 ] ] ] } },
{ "type": "Feature", "properties": { "fid": 95, "OBJECTID": 5482, "KEY_CODE": "503313791", "Pref_CODE": 39, "Pref_Name": "高知県", "Shape_Length": 0.020833334000030845, "Shape_Area": 2.6041668750049021e-05 }, "geometry": { "type": "Polygon", "coordinates": [ [ [ 133.4875, 33.475 ], [ 133.4875, 33.479166667000072 ], [ 133.49375, 33.479166667000072 ], [ 133.49375, 33.475 ], [ 133.4875, 33.475 ] ] ] } },
{ "type": "Feature", "properties": { "fid": 96, "OBJECTID": 5483, "KEY_CODE": "503313792", "Pref_CODE": 39, "Pref_Name": "高知県", "Shape_Length": 0.020833334000030845, "Shape_Area": 2.6041668750049021e-05 }, "geometry": { "type": "Polygon", "coordinates": [ [ [ 133.49375, 33.475 ], [ 133.49375, 33.479166667000072 ], [ 133.500000000000114, 33.479166667000072 ], [ 133.500000000000114, 33.475 ], [ 133.49375, 33.475 ] ] ] } },
{ "type": "Feature", "properties": { "fid": 97, "OBJECTID": 5484, "KEY_CODE": "503313793", "Pref_CODE": 39, "Pref_Name": "高知県", "Shape_Length": 0.020833332000051996, "Shape_Area": 2.6041662500115118e-05 }, "geometry": { "type": "Polygon", "coordinates": [ [ [ 133.4875, 33.479166667000072 ], [ 133.4875, 33.483333333000076 ], [ 133.49375, 33.483333333000076 ], [ 133.49375, 33.479166667000072 ], [ 133.4875, 33.479166667000072 ] ] ] } },
{ "type": "Feature", "properties": { "fid": 98, "OBJECTID": 5485, "KEY_CODE": "503313794", "Pref_CODE": 39, "Pref_Name": "高知県", "Shape_Length": 0.020833332000051996, "Shape_Area": 2.6041662500115118e-05 }, "geometry": { "type": "Polygon", "coordinates": [ [ [ 133.49375, 33.479166667000072 ], [ 133.49375, 33.483333333000076 ], [ 133.500000000000114, 33.483333333000076 ], [ 133.500000000000114, 33.479166667000072 ], [ 133.49375, 33.479166667000072 ] ] ] } },
{ "type": "Feature", "properties": { "fid": 99, "OBJECTID": 5491, "KEY_CODE": "503313812", "Pref_CODE": 39, "Pref_Name": "高知県", "Shape_Length": 0.020833334000030845, "Shape_Area": 2.6041668750049021e-05 }, "geometry": { "type": "Polygon", "coordinates": [ [ [ 133.4, 33.4875 ], [ 133.4, 33.483333333000076 ], [ 133.39435083, 33.483333333000076 ], [ 133.39435083, 33.4875 ], [ 133.4, 33.4875 ] ] ] } },
{ "type": "Feature", "properties": { "fid": 100, "OBJECTID": 5493, "KEY_CODE": "503313814", "Pref_CODE": 39, "Pref_Name": "高知県", "Shape_Length": 0.020833334000030845, "Shape_Area": 2.6041668750049021e-05 }, "geometry": { "type": "Polygon", "coordinates": [ [ [ 133.4, 33.491666667000061 ], [ 133.4, 33.4875 ], [ 133.39435083, 33.4875 ], [ 133.39435083, 33.491666667000061 ], [ 133.4, 33.491666667000061 ] ] ] } },
{ "type": "Feature", "properties": { "fid": 101, "OBJECTID": 5494, "KEY_CODE": "503313821", "Pref_CODE": 39, "Pref_Name": "高知県", "Shape_Length": 0.020833334000030845, "Shape_Area": 2.6041668750049021e-05 }, "geometry": { "type": "Polygon", "coordinates": [ [ [ 133.4, 33.483333333000076 ], [ 133.4, 33.4875 ], [ 133.406250000000114, 33.4875 ], [ 133.406250000000114, 33.483333333000076 ], [ 133.4, 33.483333333000076 ] ] ] } },
{ "type": "Feature", "properties": { "fid": 102, "OBJECTID": 5495, "KEY_CODE": "503313822", "Pref_CODE": 39, "Pref_Name": "高知県", "Shape_Length": 0.020833333999803472, "Shape_Area": 2.6041668749575326e-05 }, "geometry": { "type": "Polygon", "coordinates": [ [ [ 133.406250000000114, 33.483333333000076 ], [ 133.406250000000114, 33.4875 ], [ 133.4125, 33.4875 ], [ 133.4125, 33.483333333000076 ], [ 133.406250000000114, 33.483333333000076 ] ] ] } },
{ "type": "Feature", "properties": { "fid": 103, "OBJECTID": 5496, "KEY_CODE": "503313823", "Pref_CODE": 39, "Pref_Name": "高知県", "Shape_Length": 0.020833334000030845, "Shape_Area": 2.6041668750049021e-05 }, "geometry": { "type": "Polygon", "coordinates": [ [ [ 133.4, 33.4875 ], [ 133.4, 33.491666667000061 ], [ 133.406250000000114, 33.491666667000061 ], [ 133.406250000000114, 33.4875 ], [ 133.4, 33.4875 ] ] ] } },
{ "type": "Feature", "properties": { "fid": 104, "OBJECTID": 5497, "KEY_CODE": "503313824", "Pref_CODE": 39, "Pref_Name": "高知県", "Shape_Length": 0.020833333999803472, "Shape_Area": 2.6041668749575326e-05 }, "geometry": { "type": "Polygon", "coordinates": [ [ [ 133.406250000000114, 33.4875 ], [ 133.406250000000114, 33.491666667000061 ], [ 133.4125, 33.491666667000061 ], [ 133.4125, 33.4875 ], [ 133.406250000000114, 33.4875 ] ] ] } },
{ "type": "Feature", "properties": { "fid": 105, "OBJECTID": 5498, "KEY_CODE": "503313831", "Pref_CODE": 39, "Pref_Name": "高知県", "Shape_Length": 0.020833334000030845, "Shape_Area": 2.6041668750049021e-05 }, "geometry": { "type": "Polygon", "coordinates": [ [ [ 133.4125, 33.483333333000076 ], [ 133.4125, 33.4875 ], [ 133.41875, 33.4875 ], [ 133.41875, 33.483333333000076 ], [ 133.4125, 33.483333333000076 ] ] ] } },
{ "type": "Feature", "properties": { "fid": 106, "OBJECTID": 5499, "KEY_CODE": "503313832", "Pref_CODE": 39, "Pref_Name": "高知県", "Shape_Length": 0.020833334000030845, "Shape_Area": 2.6041668750049021e-05 }, "geometry": { "type": "Polygon", "coordinates": [ [ [ 133.41875, 33.483333333000076 ], [ 133.41875, 33.4875 ], [ 133.425, 33.4875 ], [ 133.425, 33.483333333000076 ], [ 133.41875, 33.483333333000076 ] ] ] } },
{ "type": "Feature", "properties": { "fid": 107, "OBJECTID": 5500, "KEY_CODE": "503313833", "Pref_CODE": 39, "Pref_Name": "高知県", "Shape_Length": 0.020833334000030845, "Shape_Area": 2.6041668750049021e-05 }, "geometry": { "type": "Polygon", "coordinates": [ [ [ 133.4125, 33.4875 ], [ 133.4125, 33.491666667000061 ], [ 133.41875, 33.491666667000061 ], [ 133.41875, 33.4875 ], [ 133.4125, 33.4875 ] ] ] } },
{ "type": "Feature", "properties": { "fid": 108, "OBJECTID": 5501, "KEY_CODE": "503313834", "Pref_CODE": 39, "Pref_Name": "高知県", "Shape_Length": 0.020833334000030845, "Shape_Area": 2.6041668750049021e-05 }, "geometry": { "type": "Polygon", "coordinates": [ [ [ 133.41875, 33.4875 ], [ 133.41875, 33.491666667000061 ], [ 133.425, 33.491666667000061 ], [ 133.425, 33.4875 ], [ 133.41875, 33.4875 ] ] ] } },
{ "type": "Feature", "properties": { "fid": 109, "OBJECTID": 5502, "KEY_CODE": "503313841", "Pref_CODE": 39, "Pref_Name": "高知県", "Shape_Length": 0.020833334000030845, "Shape_Area": 2.6041668750049021e-05 }, "geometry": { "type": "Polygon", "coordinates": [ [ [ 133.425, 33.483333333000076 ], [ 133.425, 33.4875 ], [ 133.43125, 33.4875 ], [ 133.43125, 33.483333333000076 ], [ 133.425, 33.483333333000076 ] ] ] } },
{ "type": "Feature", "properties": { "fid": 110, "OBJECTID": 5503, "KEY_CODE": "503313842", "Pref_CODE": 39, "Pref_Name": "高知県", "Shape_Length": 0.020833334000030845, "Shape_Area": 2.6041668750049021e-05 }, "geometry": { "type": "Polygon", "coordinates": [ [ [ 133.43125, 33.483333333000076 ], [ 133.43125, 33.4875 ], [ 133.437500000000114, 33.4875 ], [ 133.437500000000114, 33.483333333000076 ], [ 133.43125, 33.483333333000076 ] ] ] } },
{ "type": "Feature", "properties": { "fid": 111, "OBJECTID": 5504, "KEY_CODE": "503313843", "Pref_CODE": 39, "Pref_Name": "高知県", "Shape_Length": 0.020833334000030845, "Shape_Area": 2.6041668750049021e-05 }, "geometry": { "type": "Polygon", "coordinates": [ [ [ 133.425, 33.4875 ], [ 133.425, 33.491666667000061 ], [ 133.43125, 33.491666667000061 ], [ 133.43125, 33.4875 ], [ 133.425, 33.4875 ] ] ] } },
{ "type": "Feature", "properties": { "fid": 112, "OBJECTID": 5505, "KEY_CODE": "503313844", "Pref_CODE": 39, "Pref_Name": "高知県", "Shape_Length": 0.020833334000030845, "Shape_Area": 2.6041668750049021e-05 }, "geometry": { "type": "Polygon", "coordinates": [ [ [ 133.43125, 33.4875 ], [ 133.43125, 33.491666667000061 ], [ 133.437500000000114, 33.491666667000061 ], [ 133.437500000000114, 33.4875 ], [ 133.43125, 33.4875 ] ] ] } },
{ "type": "Feature", "properties": { "fid": 113, "OBJECTID": 5506, "KEY_CODE": "503313851", "Pref_CODE": 39, "Pref_Name": "高知県", "Shape_Length": 0.020833333999803472, "Shape_Area": 2.6041668749575326e-05 }, "geometry": { "type": "Polygon", "coordinates": [ [ [ 133.437500000000114, 33.483333333000076 ], [ 133.437500000000114, 33.4875 ], [ 133.44375, 33.4875 ], [ 133.44375, 33.483333333000076 ], [ 133.437500000000114, 33.483333333000076 ] ] ] } },
{ "type": "Feature", "properties": { "fid": 114, "OBJECTID": 5507, "KEY_CODE": "503313852", "Pref_CODE": 39, "Pref_Name": "高知県", "Shape_Length": 0.020833334000030845, "Shape_Area": 2.6041668750049021e-05 }, "geometry": { "type": "Polygon", "coordinates": [ [ [ 133.44375, 33.483333333000076 ], [ 133.44375, 33.4875 ], [ 133.45, 33.4875 ], [ 133.45, 33.483333333000076 ], [ 133.44375, 33.483333333000076 ] ] ] } },
{ "type": "Feature", "properties": { "fid": 115, "OBJECTID": 5508, "KEY_CODE": "503313853", "Pref_CODE": 39, "Pref_Name": "高知県", "Shape_Length": 0.020833333999803472, "Shape_Area": 2.6041668749575326e-05 }, "geometry": { "type": "Polygon", "coordinates": [ [ [ 133.437500000000114, 33.4875 ], [ 133.437500000000114, 33.491666667000061 ], [ 133.44375, 33.491666667000061 ], [ 133.44375, 33.4875 ], [ 133.437500000000114, 33.4875 ] ] ] } },
{ "type": "Feature", "properties": { "fid": 116, "OBJECTID": 5509, "KEY_CODE": "503313854", "Pref_CODE": 39, "Pref_Name": "高知県", "Shape_Length": 0.020833334000030845, "Shape_Area": 2.6041668750049021e-05 }, "geometry": { "type": "Polygon", "coordinates": [ [ [ 133.44375, 33.4875 ], [ 133.44375, 33.491666667000061 ], [ 133.45, 33.491666667000061 ], [ 133.45, 33.4875 ], [ 133.44375, 33.4875 ] ] ] } },
{ "type": "Feature", "properties": { "fid": 117, "OBJECTID": 5510, "KEY_CODE": "503313861", "Pref_CODE": 39, "Pref_Name": "高知県", "Shape_Length": 0.020833334000030845, "Shape_Area": 2.6041668750049021e-05 }, "geometry": { "type": "Polygon", "coordinates": [ [ [ 133.45, 33.483333333000076 ], [ 133.45, 33.4875 ], [ 133.45625, 33.4875 ], [ 133.45625, 33.483333333000076 ], [ 133.45, 33.483333333000076 ] ] ] } },
{ "type": "Feature", "properties": { "fid": 118, "OBJECTID": 5511, "KEY_CODE": "503313862", "Pref_CODE": 39, "Pref_Name": "高知県", "Shape_Length": 0.020833334000030845, "Shape_Area": 2.6041668750049021e-05 }, "geometry": { "type": "Polygon", "coordinates": [ [ [ 133.45625, 33.483333333000076 ], [ 133.45625, 33.4875 ], [ 133.4625, 33.4875 ], [ 133.4625, 33.483333333000076 ], [ 133.45625, 33.483333333000076 ] ] ] } },
{ "type": "Feature", "properties": { "fid": 119, "OBJECTID": 5512, "KEY_CODE": "503313863", "Pref_CODE": 39, "Pref_Name": "高知県", "Shape_Length": 0.020833334000030845, "Shape_Area": 2.6041668750049021e-05 }, "geometry": { "type": "Polygon", "coordinates": [ [ [ 133.45, 33.4875 ], [ 133.45, 33.491666667000061 ], [ 133.45625, 33.491666667000061 ], [ 133.45625, 33.4875 ], [ 133.45, 33.4875 ] ] ] } },
{ "type": "Feature", "properties": { "fid": 120, "OBJECTID": 5513, "KEY_CODE": "503313864", "Pref_CODE": 39, "Pref_Name": "高知県", "Shape_Length": 0.020833334000030845, "Shape_Area": 2.6041668750049021e-05 }, "geometry": { "type": "Polygon", "coordinates": [ [ [ 133.45625, 33.4875 ], [ 133.45625, 33.491666667000061 ], [ 133.4625, 33.491666667000061 ], [ 133.4625, 33.4875 ], [ 133.45625, 33.4875 ] ] ] } },
{ "type": "Feature", "properties": { "fid": 121, "OBJECTID": 5514, "KEY_CODE": "503313871", "Pref_CODE": 39, "Pref_Name": "高知県", "Shape_Length": 0.020833334000030845, "Shape_Area": 2.6041668750049021e-05 }, "geometry": { "type": "Polygon", "coordinates": [ [ [ 133.4625, 33.483333333000076 ], [ 133.4625, 33.4875 ], [ 133.468750000000114, 33.4875 ], [ 133.468750000000114, 33.483333333000076 ], [ 133.4625, 33.483333333000076 ] ] ] } },
{ "type": "Feature", "properties": { "fid": 122, "OBJECTID": 5515, "KEY_CODE": "503313872", "Pref_CODE": 39, "Pref_Name": "高知県", "Shape_Length": 0.020833333999803472, "Shape_Area": 2.6041668749575326e-05 }, "geometry": { "type": "Polygon", "coordinates": [ [ [ 133.468750000000114, 33.483333333000076 ], [ 133.468750000000114, 33.4875 ], [ 133.475, 33.4875 ], [ 133.475, 33.483333333000076 ], [ 133.468750000000114, 33.483333333000076 ] ] ] } },
{ "type": "Feature", "properties": { "fid": 123, "OBJECTID": 5516, "KEY_CODE": "503313873", "Pref_CODE": 39, "Pref_Name": "高知県", "Shape_Length": 0.020833334000030845, "Shape_Area": 2.6041668750049021e-05 }, "geometry": { "type": "Polygon", "coordinates": [ [ [ 133.4625, 33.4875 ], [ 133.4625, 33.491666667000061 ], [ 133.468750000000114, 33.491666667000061 ], [ 133.468750000000114, 33.4875 ], [ 133.4625, 33.4875 ] ] ] } },
{ "type": "Feature", "properties": { "fid": 124, "OBJECTID": 5517, "KEY_CODE": "503313874", "Pref_CODE": 39, "Pref_Name": "高知県", "Shape_Length": 0.020833333999803472, "Shape_Area": 2.6041668749575326e-05 }, "geometry": { "type": "Polygon", "coordinates": [ [ [ 133.468750000000114, 33.4875 ], [ 133.468750000000114, 33.491666667000061 ], [ 133.475, 33.491666667000061 ], [ 133.475, 33.4875 ], [ 133.468750000000114, 33.4875 ] ] ] } },
{ "type": "Feature", "properties": { "fid": 125, "OBJECTID": 5518, "KEY_CODE": "503313881", "Pref_CODE": 39, "Pref_Name": "高知県", "Shape_Length": 0.020833334000030845, "Shape_Area": 2.6041668750049021e-05 }, "geometry": { "type": "Polygon", "coordinates": [ [ [ 133.475, 33.483333333000076 ], [ 133.475, 33.4875 ], [ 133.48125, 33.4875 ], [ 133.48125, 33.483333333000076 ], [ 133.475, 33.483333333000076 ] ] ] } },
{ "type": "Feature", "properties": { "fid": 126, "OBJECTID": 5519, "KEY_CODE": "503313882", "Pref_CODE": 39, "Pref_Name": "高知県", "Shape_Length": 0.020833334000030845, "Shape_Area": 2.6041668750049021e-05 }, "geometry": { "type": "Polygon", "coordinates": [ [ [ 133.48125, 33.483333333000076 ], [ 133.48125, 33.4875 ], [ 133.4875, 33.4875 ], [ 133.4875, 33.483333333000076 ], [ 133.48125, 33.483333333000076 ] ] ] } },
{ "type": "Feature", "properties": { "fid": 127, "OBJECTID": 5520, "KEY_CODE": "503313883", "Pref_CODE": 39, "Pref_Name": "高知県", "Shape_Length": 0.020833334000030845, "Shape_Area": 2.6041668750049021e-05 }, "geometry": { "type": "Polygon", "coordinates": [ [ [ 133.475, 33.4875 ], [ 133.475, 33.491666667000061 ], [ 133.48125, 33.491666667000061 ], [ 133.48125, 33.4875 ], [ 133.475, 33.4875 ] ] ] } },
{ "type": "Feature", "properties": { "fid": 128, "OBJECTID": 5521, "KEY_CODE": "503313884", "Pref_CODE": 39, "Pref_Name": "高知県", "Shape_Length": 0.020833334000030845, "Shape_Area": 2.6041668750049021e-05 }, "geometry": { "type": "Polygon", "coordinates": [ [ [ 133.48125, 33.4875 ], [ 133.48125, 33.491666667000061 ], [ 133.4875, 33.491666667000061 ], [ 133.4875, 33.4875 ], [ 133.48125, 33.4875 ] ] ] } },
{ "type": "Feature", "properties": { "fid": 129, "OBJECTID": 5522, "KEY_CODE": "503313891", "Pref_CODE": 39, "Pref_Name": "高知県", "Shape_Length": 0.020833334000030845, "Shape_Area": 2.6041668750049021e-05 }, "geometry": { "type": "Polygon", "coordinates": [ [ [ 133.4875, 33.483333333000076 ], [ 133.4875, 33.4875 ], [ 133.49375, 33.4875 ], [ 133.49375, 33.483333333000076 ], [ 133.4875, 33.483333333000076 ] ] ] } },
{ "type": "Feature", "properties": { "fid": 130, "OBJECTID": 5523, "KEY_CODE": "503313892", "Pref_CODE": 39, "Pref_Name": "高知県", "Shape_Length": 0.020833334000030845, "Shape_Area": 2.6041668750049021e-05 }, "geometry": { "type": "Polygon", "coordinates": [ [ [ 133.49375, 33.483333333000076 ], [ 133.49375, 33.4875 ], [ 133.500000000000114, 33.4875 ], [ 133.500000000000114, 33.483333333000076 ], [ 133.49375, 33.483333333000076 ] ] ] } },
{ "type": "Feature", "properties": { "fid": 131, "OBJECTID": 5524, "KEY_CODE": "503313893", "Pref_CODE": 39, "Pref_Name": "高知県", "Shape_Length": 0.020833334000030845, "Shape_Area": 2.6041668750049021e-05 }, "geometry": { "type": "Polygon", "coordinates": [ [ [ 133.4875, 33.4875 ], [ 133.4875, 33.491666667000061 ], [ 133.49375, 33.491666667000061 ], [ 133.49375, 33.4875 ], [ 133.4875, 33.4875 ] ] ] } },
{ "type": "Feature", "properties": { "fid": 132, "OBJECTID": 5525, "KEY_CODE": "503313894", "Pref_CODE": 39, "Pref_Name": "高知県", "Shape_Length": 0.020833334000030845, "Shape_Area": 2.6041668750049021e-05 }, "geometry": { "type": "Polygon", "coordinates": [ [ [ 133.49375, 33.4875 ], [ 133.49375, 33.491666667000061 ], [ 133.500000000000114, 33.491666667000061 ], [ 133.500000000000114, 33.4875 ], [ 133.49375, 33.4875 ] ] ] } },
{ "type": "Feature", "properties": { "fid": 133, "OBJECTID": 5531, "KEY_CODE": "503313912", "Pref_CODE": 39, "Pref_Name": "高知県", "Shape_Length": 0.020833332000051996, "Shape_Area": 2.6041662500115118e-05 }, "geometry": { "type": "Polygon", "coordinates": [ [ [ 133.4, 33.495833333000064 ], [ 133.4, 33.491666667000061 ], [ 133.39435083, 33.491666667000061 ], [ 133.39435083, 33.495833333000064 ], [ 133.4, 33.495833333000064 ] ] ] } },
{ "type": "Feature", "properties": { "fid": 134, "OBJECTID": 5533, "KEY_CODE": "503313914", "Pref_CODE": 39, "Pref_Name": "高知県", "Shape_Length": 0.020833334000030845, "Shape_Area": 2.6041668750049021e-05 }, "geometry": { "type": "Polygon", "coordinates": [ [ [ 133.4, 33.5 ], [ 133.4, 33.495833333000064 ], [ 133.39435083, 33.495833333000064 ], [ 133.39435083, 33.5 ], [ 133.4, 33.5 ] ] ] } },
{ "type": "Feature", "properties": { "fid": 135, "OBJECTID": 5534, "KEY_CODE": "503313921", "Pref_CODE": 39, "Pref_Name": "高知県", "Shape_Length": 0.020833332000051996, "Shape_Area": 2.6041662500115118e-05 }, "geometry": { "type": "Polygon", "coordinates": [ [ [ 133.4, 33.491666667000061 ], [ 133.4, 33.495833333000064 ], [ 133.406250000000114, 33.495833333000064 ], [ 133.406250000000114, 33.491666667000061 ], [ 133.4, 33.491666667000061 ] ] ] } },
{ "type": "Feature", "properties": { "fid": 136, "OBJECTID": 5535, "KEY_CODE": "503313922", "Pref_CODE": 39, "Pref_Name": "高知県", "Shape_Length": 0.020833331999824622, "Shape_Area": 2.6041662499641423e-05 }, "geometry": { "type": "Polygon", "coordinates": [ [ [ 133.406250000000114, 33.491666667000061 ], [ 133.406250000000114, 33.495833333000064 ], [ 133.4125, 33.495833333000064 ], [ 133.4125, 33.491666667000061 ], [ 133.406250000000114, 33.491666667000061 ] ] ] } },
{ "type": "Feature", "properties": { "fid": 137, "OBJECTID": 5536, "KEY_CODE": "503313923", "Pref_CODE": 39, "Pref_Name": "高知県", "Shape_Length": 0.020833334000030845, "Shape_Area": 2.6041668750049021e-05 }, "geometry": { "type": "Polygon", "coordinates": [ [ [ 133.4, 33.495833333000064 ], [ 133.4, 33.5 ], [ 133.406250000000114, 33.5 ], [ 133.406250000000114, 33.495833333000064 ], [ 133.4, 33.495833333000064 ] ] ] } },
{ "type": "Feature", "properties": { "fid": 138, "OBJECTID": 5537, "KEY_CODE": "503313924", "Pref_CODE": 39, "Pref_Name": "高知県", "Shape_Length": 0.020833333999803472, "Shape_Area": 2.6041668749575326e-05 }, "geometry": { "type": "Polygon", "coordinates": [ [ [ 133.406250000000114, 33.495833333000064 ], [ 133.406250000000114, 33.5 ], [ 133.4125, 33.5 ], [ 133.4125, 33.495833333000064 ], [ 133.406250000000114, 33.495833333000064 ] ] ] } },
{ "type": "Feature", "properties": { "fid": 139, "OBJECTID": 5538, "KEY_CODE": "503313931", "Pref_CODE": 39, "Pref_Name": "高知県", "Shape_Length": 0.020833332000051996, "Shape_Area": 2.6041662500115118e-05 }, "geometry": { "type": "Polygon", "coordinates": [ [ [ 133.4125, 33.491666667000061 ], [ 133.4125, 33.495833333000064 ], [ 133.41875, 33.495833333000064 ], [ 133.41875, 33.491666667000061 ], [ 133.4125, 33.491666667000061 ] ] ] } },
{ "type": "Feature", "properties": { "fid": 140, "OBJECTID": 5539, "KEY_CODE": "503313932", "Pref_CODE": 39, "Pref_Name": "高知県", "Shape_Length": 0.020833332000051996, "Shape_Area": 2.6041662500115118e-05 }, "geometry": { "type": "Polygon", "coordinates": [ [ [ 133.41875, 33.491666667000061 ], [ 133.41875, 33.495833333000064 ], [ 133.425, 33.495833333000064 ], [ 133.425, 33.491666667000061 ], [ 133.41875, 33.491666667000061 ] ] ] } },
{ "type": "Feature", "properties": { "fid": 141, "OBJECTID": 5540, "KEY_CODE": "503313933", "Pref_CODE": 39, "Pref_Name": "高知県", "Shape_Length": 0.020833334000030845, "Shape_Area": 2.6041668750049021e-05 }, "geometry": { "type": "Polygon", "coordinates": [ [ [ 133.4125, 33.495833333000064 ], [ 133.4125, 33.5 ], [ 133.41875, 33.5 ], [ 133.41875, 33.495833333000064 ], [ 133.4125, 33.495833333000064 ] ] ] } },
{ "type": "Feature", "properties": { "fid": 142, "OBJECTID": 5541, "KEY_CODE": "503313934", "Pref_CODE": 39, "Pref_Name": "高知県", "Shape_Length": 0.020833334000030845, "Shape_Area": 2.6041668750049021e-05 }, "geometry": { "type": "Polygon", "coordinates": [ [ [ 133.41875, 33.495833333000064 ], [ 133.41875, 33.5 ], [ 133.425, 33.5 ], [ 133.425, 33.495833333000064 ], [ 133.41875, 33.495833333000064 ] ] ] } },
{ "type": "Feature", "properties": { "fid": 143, "OBJECTID": 5542, "KEY_CODE": "503313941", "Pref_CODE": 39, "Pref_Name": "高知県", "Shape_Length": 0.020833332000051996, "Shape_Area": 2.6041662500115118e-05 }, "geometry": { "type": "Polygon", "coordinates": [ [ [ 133.425, 33.491666667000061 ], [ 133.425, 33.495833333000064 ], [ 133.43125, 33.495833333000064 ], [ 133.43125, 33.491666667000061 ], [ 133.425, 33.491666667000061 ] ] ] } },
{ "type": "Feature", "properties": { "fid": 144, "OBJECTID": 5543, "KEY_CODE": "503313942", "Pref_CODE": 39, "Pref_Name": "高知県", "Shape_Length": 0.020833332000051996, "Shape_Area": 2.6041662500115118e-05 }, "geometry": { "type": "Polygon", "coordinates": [ [ [ 133.43125, 33.491666667000061 ], [ 133.43125, 33.495833333000064 ], [ 133.437500000000114, 33.495833333000064 ], [ 133.437500000000114, 33.491666667000061 ], [ 133.43125, 33.491666667000061 ] ] ] } },
{ "type": "Feature", "properties": { "fid": 145, "OBJECTID": 5544, "KEY_CODE": "503313943", "Pref_CODE": 39, "Pref_Name": "高知県", "Shape_Length": 0.020833334000030845, "Shape_Area": 2.6041668750049021e-05 }, "geometry": { "type": "Polygon", "coordinates": [ [ [ 133.425, 33.495833333000064 ], [ 133.425, 33.5 ], [ 133.43125, 33.5 ], [ 133.43125, 33.495833333000064 ], [ 133.425, 33.495833333000064 ] ] ] } },
{ "type": "Feature", "properties": { "fid": 146, "OBJECTID": 5545, "KEY_CODE": "503313944", "Pref_CODE": 39, "Pref_Name": "高知県", "Shape_Length": 0.020833334000030845, "Shape_Area": 2.6041668750049021e-05 }, "geometry": { "type": "Polygon", "coordinates": [ [ [ 133.43125, 33.495833333000064 ], [ 133.43125, 33.5 ], [ 133.437500000000114, 33.5 ], [ 133.437500000000114, 33.495833333000064 ], [ 133.43125, 33.495833333000064 ] ] ] } },
{ "type": "Feature", "properties": { "fid": 147, "OBJECTID": 5546, "KEY_CODE": "503313951", "Pref_CODE": 39, "Pref_Name": "高知県", "Shape_Length": 0.020833331999824622, "Shape_Area": 2.6041662499641423e-05 }, "geometry": { "type": "Polygon", "coordinates": [ [ [ 133.437500000000114, 33.491666667000061 ], [ 133.437500000000114, 33.495833333000064 ], [ 133.44375, 33.495833333000064 ], [ 133.44375, 33.491666667000061 ], [ 133.437500000000114, 33.491666667000061 ] ] ] } },
{ "type": "Feature", "properties": { "fid": 148, "OBJECTID": 5547, "KEY_CODE": "503313952", "Pref_CODE": 39, "Pref_Name": "高知県", "Shape_Length": 0.020833332000051996, "Shape_Area": 2.6041662500115118e-05 }, "geometry": { "type": "Polygon", "coordinates": [ [ [ 133.44375, 33.491666667000061 ], [ 133.44375, 33.495833333000064 ], [ 133.45, 33.495833333000064 ], [ 133.45, 33.491666667000061 ], [ 133.44375, 33.491666667000061 ] ] ] } },
{ "type": "Feature", "properties": { "fid": 149, "OBJECTID": 5548, "KEY_CODE": "503313953", "Pref_CODE": 39, "Pref_Name": "高知県", "Shape_Length": 0.020833333999803472, "Shape_Area": 2.6041668749575326e-05 }, "geometry": { "type": "Polygon", "coordinates": [ [ [ 133.437500000000114, 33.495833333000064 ], [ 133.437500000000114, 33.5 ], [ 133.44375, 33.5 ], [ 133.44375, 33.495833333000064 ], [ 133.437500000000114, 33.495833333000064 ] ] ] } },
{ "type": "Feature", "properties": { "fid": 150, "OBJECTID": 5549, "KEY_CODE": "503313954", "Pref_CODE": 39, "Pref_Name": "高知県", "Shape_Length": 0.020833334000030845, "Shape_Area": 2.6041668750049021e-05 }, "geometry": { "type": "Polygon", "coordinates": [ [ [ 133.44375, 33.495833333000064 ], [ 133.44375, 33.5 ], [ 133.45, 33.5 ], [ 133.45, 33.495833333000064 ], [ 133.44375, 33.495833333000064 ] ] ] } },
{ "type": "Feature", "properties": { "fid": 151, "OBJECTID": 5550, "KEY_CODE": "503313961", "Pref_CODE": 39, "Pref_Name": "高知県", "Shape_Length": 0.020833332000051996, "Shape_Area": 2.6041662500115118e-05 }, "geometry": { "type": "Polygon", "coordinates": [ [ [ 133.45, 33.491666667000061 ], [ 133.45, 33.495833333000064 ], [ 133.45625, 33.495833333000064 ], [ 133.45625, 33.491666667000061 ], [ 133.45, 33.491666667000061 ] ] ] } },
{ "type": "Feature", "properties": { "fid": 152, "OBJECTID": 5551, "KEY_CODE": "503313962", "Pref_CODE": 39, "Pref_Name": "高知県", "Shape_Length": 0.020833332000051996, "Shape_Area": 2.6041662500115118e-05 }, "geometry": { "type": "Polygon", "coordinates": [ [ [ 133.45625, 33.491666667000061 ], [ 133.45625, 33.495833333000064 ], [ 133.4625, 33.495833333000064 ], [ 133.4625, 33.491666667000061 ], [ 133.45625, 33.491666667000061 ] ] ] } },
{ "type": "Feature", "properties": { "fid": 153, "OBJECTID": 5552, "KEY_CODE": "503313963", "Pref_CODE": 39, "Pref_Name": "高知県", "Shape_Length": 0.020833334000030845, "Shape_Area": 2.6041668750049021e-05 }, "geometry": { "type": "Polygon", "coordinates": [ [ [ 133.45, 33.495833333000064 ], [ 133.45, 33.5 ], [ 133.45625, 33.5 ], [ 133.45625, 33.495833333000064 ], [ 133.45, 33.495833333000064 ] ] ] } },
{ "type": "Feature", "properties": { "fid": 154, "OBJECTID": 5553, "KEY_CODE": "503313964", "Pref_CODE": 39, "Pref_Name": "高知県", "Shape_Length": 0.020833334000030845, "Shape_Area": 2.6041668750049021e-05 }, "geometry": { "type": "Polygon", "coordinates": [ [ [ 133.45625, 33.495833333000064 ], [ 133.45625, 33.5 ], [ 133.4625, 33.5 ], [ 133.4625, 33.495833333000064 ], [ 133.45625, 33.495833333000064 ] ] ] } },
{ "type": "Feature", "properties": { "fid": 155, "OBJECTID": 5554, "KEY_CODE": "503313971", "Pref_CODE": 39, "Pref_Name": "高知県", "Shape_Length": 0.020833332000051996, "Shape_Area": 2.6041662500115118e-05 }, "geometry": { "type": "Polygon", "coordinates": [ [ [ 133.4625, 33.491666667000061 ], [ 133.4625, 33.495833333000064 ], [ 133.468750000000114, 33.495833333000064 ], [ 133.468750000000114, 33.491666667000061 ], [ 133.4625, 33.491666667000061 ] ] ] } },
{ "type": "Feature", "properties": { "fid": 156, "OBJECTID": 5555, "KEY_CODE": "503313972", "Pref_CODE": 39, "Pref_Name": "高知県", "Shape_Length": 0.020833331999824622, "Shape_Area": 2.6041662499641423e-05 }, "geometry": { "type": "Polygon", "coordinates": [ [ [ 133.468750000000114, 33.491666667000061 ], [ 133.468750000000114, 33.495833333000064 ], [ 133.475, 33.495833333000064 ], [ 133.475, 33.491666667000061 ], [ 133.468750000000114, 33.491666667000061 ] ] ] } },
{ "type": "Feature", "properties": { "fid": 157, "OBJECTID": 5556, "KEY_CODE": "503313973", "Pref_CODE": 39, "Pref_Name": "高知県", "Shape_Length": 0.020833334000030845, "Shape_Area": 2.6041668750049021e-05 }, "geometry": { "type": "Polygon", "coordinates": [ [ [ 133.4625, 33.495833333000064 ], [ 133.4625, 33.5 ], [ 133.468750000000114, 33.5 ], [ 133.468750000000114, 33.495833333000064 ], [ 133.4625, 33.495833333000064 ] ] ] } },
{ "type": "Feature", "properties": { "fid": 158, "OBJECTID": 5557, "KEY_CODE": "503313974", "Pref_CODE": 39, "Pref_Name": "高知県", "Shape_Length": 0.020833333999803472, "Shape_Area": 2.6041668749575326e-05 }, "geometry": { "type": "Polygon", "coordinates": [ [ [ 133.468750000000114, 33.495833333000064 ], [ 133.468750000000114, 33.5 ], [ 133.475, 33.5 ], [ 133.475, 33.495833333000064 ], [ 133.468750000000114, 33.495833333000064 ] ] ] } },
{ "type": "Feature", "properties": { "fid": 159, "OBJECTID": 5558, "KEY_CODE": "503313981", "Pref_CODE": 39, "Pref_Name": "高知県", "Shape_Length": 0.020833332000051996, "Shape_Area": 2.6041662500115118e-05 }, "geometry": { "type": "Polygon", "coordinates": [ [ [ 133.475, 33.491666667000061 ], [ 133.475, 33.495833333000064 ], [ 133.48125, 33.495833333000064 ], [ 133.48125, 33.491666667000061 ], [ 133.475, 33.491666667000061 ] ] ] } },
{ "type": "Feature", "properties": { "fid": 160, "OBJECTID": 5559, "KEY_CODE": "503313982", "Pref_CODE": 39, "Pref_Name": "高知県", "Shape_Length": 0.020833332000051996, "Shape_Area": 2.6041662500115118e-05 }, "geometry": { "type": "Polygon", "coordinates": [ [ [ 133.48125, 33.491666667000061 ], [ 133.48125, 33.495833333000064 ], [ 133.4875, 33.495833333000064 ], [ 133.4875, 33.491666667000061 ], [ 133.48125, 33.491666667000061 ] ] ] } },
{ "type": "Feature", "properties": { "fid": 161, "OBJECTID": 5560, "KEY_CODE": "503313983", "Pref_CODE": 39, "Pref_Name": "高知県", "Shape_Length": 0.020833334000030845, "Shape_Area": 2.6041668750049021e-05 }, "geometry": { "type": "Polygon", "coordinates": [ [ [ 133.475, 33.495833333000064 ], [ 133.475, 33.5 ], [ 133.48125, 33.5 ], [ 133.48125, 33.495833333000064 ], [ 133.475, 33.495833333000064 ] ] ] } },
{ "type": "Feature", "properties": { "fid": 162, "OBJECTID": 5561, "KEY_CODE": "503313984", "Pref_CODE": 39, "Pref_Name": "高知県", "Shape_Length": 0.020833334000030845, "Shape_Area": 2.6041668750049021e-05 }, "geometry": { "type": "Polygon", "coordinates": [ [ [ 133.48125, 33.495833333000064 ], [ 133.48125, 33.5 ], [ 133.4875, 33.5 ], [ 133.4875, 33.495833333000064 ], [ 133.48125, 33.495833333000064 ] ] ] } },
{ "type": "Feature", "properties": { "fid": 163, "OBJECTID": 5562, "KEY_CODE": "503313991", "Pref_CODE": 39, "Pref_Name": "高知県", "Shape_Length": 0.020833332000051996, "Shape_Area": 2.6041662500115118e-05 }, "geometry": { "type": "Polygon", "coordinates": [ [ [ 133.4875, 33.491666667000061 ], [ 133.4875, 33.495833333000064 ], [ 133.49375, 33.495833333000064 ], [ 133.49375, 33.491666667000061 ], [ 133.4875, 33.491666667000061 ] ] ] } },
{ "type": "Feature", "properties": { "fid": 164, "OBJECTID": 5563, "KEY_CODE": "503313992", "Pref_CODE": 39, "Pref_Name": "高知県", "Shape_Length": 0.020833332000051996, "Shape_Area": 2.6041662500115118e-05 }, "geometry": { "type": "Polygon", "coordinates": [ [ [ 133.49375, 33.491666667000061 ], [ 133.49375, 33.495833333000064 ], [ 133.500000000000114, 33.495833333000064 ], [ 133.500000000000114, 33.491666667000061 ], [ 133.49375, 33.491666667000061 ] ] ] } },
{ "type": "Feature", "properties": { "fid": 165, "OBJECTID": 5564, "KEY_CODE": "503313993", "Pref_CODE": 39, "Pref_Name": "高知県", "Shape_Length": 0.020833334000030845, "Shape_Area": 2.6041668750049021e-05 }, "geometry": { "type": "Polygon", "coordinates": [ [ [ 133.4875, 33.495833333000064 ], [ 133.4875, 33.5 ], [ 133.49375, 33.5 ], [ 133.49375, 33.495833333000064 ], [ 133.4875, 33.495833333000064 ] ] ] } },
{ "type": "Feature", "properties": { "fid": 166, "OBJECTID": 5565, "KEY_CODE": "503313994", "Pref_CODE": 39, "Pref_Name": "高知県", "Shape_Length": 0.020833334000030845, "Shape_Area": 2.6041668750049021e-05 }, "geometry": { "type": "Polygon", "coordinates": [ [ [ 133.49375, 33.495833333000064 ], [ 133.49375, 33.5 ], [ 133.500000000000114, 33.5 ], [ 133.500000000000114, 33.495833333000064 ], [ 133.49375, 33.495833333000064 ] ] ] } },
{ "type": "Feature", "properties": { "fid": 167, "OBJECTID": 5566, "KEY_CODE": "503314601", "Pref_CODE": 39, "Pref_Name": "高知県", "Shape_Length": 0.020833331999824622, "Shape_Area": 2.6041662499641423e-05 }, "geometry": { "type": "Polygon", "coordinates": [ [ [ 133.500000000000114, 33.466666667000027 ], [ 133.500000000000114, 33.47083333300003 ], [ 133.50625, 33.47083333300003 ], [ 133.50625, 33.466666667000027 ], [ 133.500000000000114, 33.466666667000027 ] ] ] } },
{ "type": "Feature", "properties": { "fid": 168, "OBJECTID": 5567, "KEY_CODE": "503314603", "Pref_CODE": 39, "Pref_Name": "高知県", "Shape_Length": 0.020833333999917159, "Shape_Area": 2.6041668749930599e-05 }, "geometry": { "type": "Polygon", "coordinates": [ [ [ 133.500000000000114, 33.47083333300003 ], [ 133.500000000000114, 33.475 ], [ 133.50625, 33.475 ], [ 133.50625, 33.47083333300003 ], [ 133.500000000000114, 33.47083333300003 ] ] ] } },
{ "type": "Feature", "properties": { "fid": 169, "OBJECTID": 5568, "KEY_CODE": "503314604", "Pref_CODE": 39, "Pref_Name": "高知県", "Shape_Length": 0.020833334000144532, "Shape_Area": 2.6041668750404293e-05 }, "geometry": { "type": "Polygon", "coordinates": [ [ [ 133.50625, 33.47083333300003 ], [ 133.50625, 33.475 ], [ 133.5125, 33.475 ], [ 133.5125, 33.47083333300003 ], [ 133.50625, 33.47083333300003 ] ] ] } },
{ "type": "Feature", "properties": { "fid": 170, "OBJECTID": 5569, "KEY_CODE": "503314701", "Pref_CODE": 39, "Pref_Name": "高知県", "Shape_Length": 0.020833333999803472, "Shape_Area": 2.6041668749575326e-05 }, "geometry": { "type": "Polygon", "coordinates": [ [ [ 133.500000000000114, 33.475 ], [ 133.500000000000114, 33.479166667000072 ], [ 133.50625, 33.479166667000072 ], [ 133.50625, 33.475 ], [ 133.500000000000114, 33.475 ] ] ] } },
{ "type": "Feature", "properties": { "fid": 171, "OBJECTID": 5570, "KEY_CODE": "503314702", "Pref_CODE": 39, "Pref_Name": "高知県", "Shape_Length": 0.020833334000030845, "Shape_Area": 2.6041668750049021e-05 }, "geometry": { "type": "Polygon", "coordinates": [ [ [ 133.50625, 33.475 ], [ 133.50625, 33.479166667000072 ], [ 133.5125, 33.479166667000072 ], [ 133.5125, 33.475 ], [ 133.50625, 33.475 ] ] ] } },
{ "type": "Feature", "properties": { "fid": 172, "OBJECTID": 5571, "KEY_CODE": "503314703", "Pref_CODE": 39, "Pref_Name": "高知県", "Shape_Length": 0.020833331999824622, "Shape_Area": 2.6041662499641423e-05 }, "geometry": { "type": "Polygon", "coordinates": [ [ [ 133.500000000000114, 33.479166667000072 ], [ 133.500000000000114, 33.483333333000076 ], [ 133.50625, 33.483333333000076 ], [ 133.50625, 33.479166667000072 ], [ 133.500000000000114, 33.479166667000072 ] ] ] } },
{ "type": "Feature", "properties": { "fid": 173, "OBJECTID": 5572, "KEY_CODE": "503314704", "Pref_CODE": 39, "Pref_Name": "高知県", "Shape_Length": 0.020833332000051996, "Shape_Area": 2.6041662500115118e-05 }, "geometry": { "type": "Polygon", "coordinates": [ [ [ 133.50625, 33.479166667000072 ], [ 133.50625, 33.483333333000076 ], [ 133.5125, 33.483333333000076 ], [ 133.5125, 33.479166667000072 ], [ 133.50625, 33.479166667000072 ] ] ] } },
{ "type": "Feature", "properties": { "fid": 174, "OBJECTID": 5573, "KEY_CODE": "503314711", "Pref_CODE": 39, "Pref_Name": "高知県", "Shape_Length": 0.020833334000030845, "Shape_Area": 2.6041668750049021e-05 }, "geometry": { "type": "Polygon", "coordinates": [ [ [ 133.5125, 33.475 ], [ 133.5125, 33.479166667000072 ], [ 133.51875, 33.479166667000072 ], [ 133.51875, 33.475 ], [ 133.5125, 33.475 ] ] ] } },
{ "type": "Feature", "properties": { "fid": 175, "OBJECTID": 5574, "KEY_CODE": "503314713", "Pref_CODE": 39, "Pref_Name": "高知県", "Shape_Length": 0.020833332000051996, "Shape_Area": 2.6041662500115118e-05 }, "geometry": { "type": "Polygon", "coordinates": [ [ [ 133.5125, 33.479166667000072 ], [ 133.5125, 33.483333333000076 ], [ 133.51875, 33.483333333000076 ], [ 133.51875, 33.479166667000072 ], [ 133.5125, 33.479166667000072 ] ] ] } },
{ "type": "Feature", "properties": { "fid": 176, "OBJECTID": 5575, "KEY_CODE": "503314714", "Pref_CODE": 39, "Pref_Name": "高知県", "Shape_Length": 0.020833332000051996, "Shape_Area": 2.6041662500115118e-05 }, "geometry": { "type": "Polygon", "coordinates": [ [ [ 133.51875, 33.479166667000072 ], [ 133.51875, 33.483333333000076 ], [ 133.525, 33.483333333000076 ], [ 133.525, 33.479166667000072 ], [ 133.51875, 33.479166667000072 ] ] ] } },
{ "type": "Feature", "properties": { "fid": 177, "OBJECTID": 5576, "KEY_CODE": "503314723", "Pref_CODE": 39, "Pref_Name": "高知県", "Shape_Length": 0.020833332000051996, "Shape_Area": 2.6041662500115118e-05 }, "geometry": { "type": "Polygon", "coordinates": [ [ [ 133.525, 33.479166667000072 ], [ 133.525, 33.483333333000076 ], [ 133.531250000000114, 33.483333333000076 ], [ 133.531250000000114, 33.479166667000072 ], [ 133.525, 33.479166667000072 ] ] ] } },
{ "type": "Feature", "properties": { "fid": 178, "OBJECTID": 5577, "KEY_CODE": "503314801", "Pref_CODE": 39, "Pref_Name": "高知県", "Shape_Length": 0.020833333999803472, "Shape_Area": 2.6041668749575326e-05 }, "geometry": { "type": "Polygon", "coordinates": [ [ [ 133.500000000000114, 33.483333333000076 ], [ 133.500000000000114, 33.4875 ], [ 133.50625, 33.4875 ], [ 133.50625, 33.483333333000076 ], [ 133.500000000000114, 33.483333333000076 ] ] ] } },
{ "type": "Feature", "properties": { "fid": 179, "OBJECTID": 5578, "KEY_CODE": "503314802", "Pref_CODE": 39, "Pref_Name": "高知県", "Shape_Length": 0.020833334000030845, "Shape_Area": 2.6041668750049021e-05 }, "geometry": { "type": "Polygon", "coordinates": [ [ [ 133.50625, 33.483333333000076 ], [ 133.50625, 33.4875 ], [ 133.5125, 33.4875 ], [ 133.5125, 33.483333333000076 ], [ 133.50625, 33.483333333000076 ] ] ] } },
{ "type": "Feature", "properties": { "fid": 180, "OBJECTID": 5579, "KEY_CODE": "503314803", "Pref_CODE": 39, "Pref_Name": "高知県", "Shape_Length": 0.020833333999803472, "Shape_Area": 2.6041668749575326e-05 }, "geometry": { "type": "Polygon", "coordinates": [ [ [ 133.500000000000114, 33.4875 ], [ 133.500000000000114, 33.491666667000061 ], [ 133.50625, 33.491666667000061 ], [ 133.50625, 33.4875 ], [ 133.500000000000114, 33.4875 ] ] ] } },
{ "type": "Feature", "properties": { "fid": 181, "OBJECTID": 5580, "KEY_CODE": "503314804", "Pref_CODE": 39, "Pref_Name": "高知県", "Shape_Length": 0.020833334000030845, "Shape_Area": 2.6041668750049021e-05 }, "geometry": { "type": "Polygon", "coordinates": [ [ [ 133.50625, 33.4875 ], [ 133.50625, 33.491666667000061 ], [ 133.5125, 33.491666667000061 ], [ 133.5125, 33.4875 ], [ 133.50625, 33.4875 ] ] ] } },
{ "type": "Feature", "properties": { "fid": 182, "OBJECTID": 5581, "KEY_CODE": "503314811", "Pref_CODE": 39, "Pref_Name": "高知県", "Shape_Length": 0.020833334000030845, "Shape_Area": 2.6041668750049021e-05 }, "geometry": { "type": "Polygon", "coordinates": [ [ [ 133.5125, 33.483333333000076 ], [ 133.5125, 33.4875 ], [ 133.51875, 33.4875 ], [ 133.51875, 33.483333333000076 ], [ 133.5125, 33.483333333000076 ] ] ] } },
{ "type": "Feature", "properties": { "fid": 183, "OBJECTID": 5582, "KEY_CODE": "503314812", "Pref_CODE": 39, "Pref_Name": "高知県", "Shape_Length": 0.020833334000030845, "Shape_Area": 2.6041668750049021e-05 }, "geometry": { "type": "Polygon", "coordinates": [ [ [ 133.51875, 33.483333333000076 ], [ 133.51875, 33.4875 ], [ 133.525, 33.4875 ], [ 133.525, 33.483333333000076 ], [ 133.51875, 33.483333333000076 ] ] ] } },
{ "type": "Feature", "properties": { "fid": 184, "OBJECTID": 5583, "KEY_CODE": "503314813", "Pref_CODE": 39, "Pref_Name": "高知県", "Shape_Length": 0.020833334000030845, "Shape_Area": 2.6041668750049021e-05 }, "geometry": { "type": "Polygon", "coordinates": [ [ [ 133.5125, 33.4875 ], [ 133.5125, 33.491666667000061 ], [ 133.51875, 33.491666667000061 ], [ 133.51875, 33.4875 ], [ 133.5125, 33.4875 ] ] ] } },
{ "type": "Feature", "properties": { "fid": 185, "OBJECTID": 5584, "KEY_CODE": "503314814", "Pref_CODE": 39, "Pref_Name": "高知県", "Shape_Length": 0.020833334000030845, "Shape_Area": 2.6041668750049021e-05 }, "geometry": { "type": "Polygon", "coordinates": [ [ [ 133.51875, 33.4875 ], [ 133.51875, 33.491666667000061 ], [ 133.525, 33.491666667000061 ], [ 133.525, 33.4875 ], [ 133.51875, 33.4875 ] ] ] } },
{ "type": "Feature", "properties": { "fid": 186, "OBJECTID": 5585, "KEY_CODE": "503314821", "Pref_CODE": 39, "Pref_Name": "高知県", "Shape_Length": 0.020833334000030845, "Shape_Area": 2.6041668750049021e-05 }, "geometry": { "type": "Polygon", "coordinates": [ [ [ 133.525, 33.483333333000076 ], [ 133.525, 33.4875 ], [ 133.531250000000114, 33.4875 ], [ 133.531250000000114, 33.483333333000076 ], [ 133.525, 33.483333333000076 ] ] ] } },
{ "type": "Feature", "properties": { "fid": 187, "OBJECTID": 5586, "KEY_CODE": "503314822", "Pref_CODE": 39, "Pref_Name": "高知県", "Shape_Length": 0.020833333999803472, "Shape_Area": 2.6041668749575326e-05 }, "geometry": { "type": "Polygon", "coordinates": [ [ [ 133.531250000000114, 33.483333333000076 ], [ 133.531250000000114, 33.4875 ], [ 133.5375, 33.4875 ], [ 133.5375, 33.483333333000076 ], [ 133.531250000000114, 33.483333333000076 ] ] ] } },
{ "type": "Feature", "properties": { "fid": 188, "OBJECTID": 5587, "KEY_CODE": "503314823", "Pref_CODE": 39, "Pref_Name": "高知県", "Shape_Length": 0.020833334000030845, "Shape_Area": 2.6041668750049021e-05 }, "geometry": { "type": "Polygon", "coordinates": [ [ [ 133.525, 33.4875 ], [ 133.525, 33.491666667000061 ], [ 133.531250000000114, 33.491666667000061 ], [ 133.531250000000114, 33.4875 ], [ 133.525, 33.4875 ] ] ] } },
{ "type": "Feature", "properties": { "fid": 189, "OBJECTID": 5588, "KEY_CODE": "503314824", "Pref_CODE": 39, "Pref_Name": "高知県", "Shape_Length": 0.020833333999803472, "Shape_Area": 2.6041668749575326e-05 }, "geometry": { "type": "Polygon", "coordinates": [ [ [ 133.531250000000114, 33.4875 ], [ 133.531250000000114, 33.491666667000061 ], [ 133.5375, 33.491666667000061 ], [ 133.5375, 33.4875 ], [ 133.531250000000114, 33.4875 ] ] ] } },
{ "type": "Feature", "properties": { "fid": 190, "OBJECTID": 5589, "KEY_CODE": "503314833", "Pref_CODE": 39, "Pref_Name": "高知県", "Shape_Length": 0.020833334000030845, "Shape_Area": 2.6041668750049021e-05 }, "geometry": { "type": "Polygon", "coordinates": [ [ [ 133.5375, 33.4875 ], [ 133.5375, 33.491666667000061 ], [ 133.54375, 33.491666667000061 ], [ 133.54375, 33.4875 ], [ 133.5375, 33.4875 ] ] ] } },
{ "type": "Feature", "properties": { "fid": 191, "OBJECTID": 5590, "KEY_CODE": "503314834", "Pref_CODE": 39, "Pref_Name": "高知県", "Shape_Length": 0.020833334000030845, "Shape_Area": 2.6041668750049021e-05 }, "geometry": { "type": "Polygon", "coordinates": [ [ [ 133.54375, 33.4875 ], [ 133.54375, 33.491666667000061 ], [ 133.55, 33.491666667000061 ], [ 133.55, 33.4875 ], [ 133.54375, 33.4875 ] ] ] } },
{ "type": "Feature", "properties": { "fid": 192, "OBJECTID": 5591, "KEY_CODE": "503314901", "Pref_CODE": 39, "Pref_Name": "高知県", "Shape_Length": 0.020833331999824622, "Shape_Area": 2.6041662499641423e-05 }, "geometry": { "type": "Polygon", "coordinates": [ [ [ 133.500000000000114, 33.491666667000061 ], [ 133.500000000000114, 33.495833333000064 ], [ 133.50625, 33.495833333000064 ], [ 133.50625, 33.491666667000061 ], [ 133.500000000000114, 33.491666667000061 ] ] ] } },
{ "type": "Feature", "properties": { "fid": 193, "OBJECTID": 5592, "KEY_CODE": "503314902", "Pref_CODE": 39, "Pref_Name": "高知県", "Shape_Length": 0.020833332000051996, "Shape_Area": 2.6041662500115118e-05 }, "geometry": { "type": "Polygon", "coordinates": [ [ [ 133.50625, 33.491666667000061 ], [ 133.50625, 33.495833333000064 ], [ 133.5125, 33.495833333000064 ], [ 133.5125, 33.491666667000061 ], [ 133.50625, 33.491666667000061 ] ] ] } },
{ "type": "Feature", "properties": { "fid": 194, "OBJECTID": 5593, "KEY_CODE": "503314903", "Pref_CODE": 39, "Pref_Name": "高知県", "Shape_Length": 0.020833333999803472, "Shape_Area": 2.6041668749575326e-05 }, "geometry": { "type": "Polygon", "coordinates": [ [ [ 133.500000000000114, 33.495833333000064 ], [ 133.500000000000114, 33.5 ], [ 133.50625, 33.5 ], [ 133.50625, 33.495833333000064 ], [ 133.500000000000114, 33.495833333000064 ] ] ] } },
{ "type": "Feature", "properties": { "fid": 195, "OBJECTID": 5594, "KEY_CODE": "503314904", "Pref_CODE": 39, "Pref_Name": "高知県", "Shape_Length": 0.020833334000030845, "Shape_Area": 2.6041668750049021e-05 }, "geometry": { "type": "Polygon", "coordinates": [ [ [ 133.50625, 33.495833333000064 ], [ 133.50625, 33.5 ], [ 133.5125, 33.5 ], [ 133.5125, 33.495833333000064 ], [ 133.50625, 33.495833333000064 ] ] ] } },
{ "type": "Feature", "properties": { "fid": 196, "OBJECTID": 5595, "KEY_CODE": "503314911", "Pref_CODE": 39, "Pref_Name": "高知県", "Shape_Length": 0.020833332000051996, "Shape_Area": 2.6041662500115118e-05 }, "geometry": { "type": "Polygon", "coordinates": [ [ [ 133.5125, 33.491666667000061 ], [ 133.5125, 33.495833333000064 ], [ 133.51875, 33.495833333000064 ], [ 133.51875, 33.491666667000061 ], [ 133.5125, 33.491666667000061 ] ] ] } },
{ "type": "Feature", "properties": { "fid": 197, "OBJECTID": 5596, "KEY_CODE": "503314912", "Pref_CODE": 39, "Pref_Name": "高知県", "Shape_Length": 0.020833332000051996, "Shape_Area": 2.6041662500115118e-05 }, "geometry": { "type": "Polygon", "coordinates": [ [ [ 133.51875, 33.491666667000061 ], [ 133.51875, 33.495833333000064 ], [ 133.525, 33.495833333000064 ], [ 133.525, 33.491666667000061 ], [ 133.51875, 33.491666667000061 ] ] ] } },
{ "type": "Feature", "properties": { "fid": 198, "OBJECTID": 5597, "KEY_CODE": "503314913", "Pref_CODE": 39, "Pref_Name": "高知県", "Shape_Length": 0.020833334000030845, "Shape_Area": 2.6041668750049021e-05 }, "geometry": { "type": "Polygon", "coordinates": [ [ [ 133.5125, 33.495833333000064 ], [ 133.5125, 33.5 ], [ 133.51875, 33.5 ], [ 133.51875, 33.495833333000064 ], [ 133.5125, 33.495833333000064 ] ] ] } },
{ "type": "Feature", "properties": { "fid": 199, "OBJECTID": 5598, "KEY_CODE": "503314914", "Pref_CODE": 39, "Pref_Name": "高知県", "Shape_Length": 0.020833334000030845, "Shape_Area": 2.6041668750049021e-05 }, "geometry": { "type": "Polygon", "coordinates": [ [ [ 133.51875, 33.495833333000064 ], [ 133.51875, 33.5 ], [ 133.525, 33.5 ], [ 133.525, 33.495833333000064 ], [ 133.51875, 33.495833333000064 ] ] ] } },
{ "type": "Feature", "properties": { "fid": 200, "OBJECTID": 5599, "KEY_CODE": "503314921", "Pref_CODE": 39, "Pref_Name": "高知県", "Shape_Length": 0.020833332000051996, "Shape_Area": 2.6041662500115118e-05 }, "geometry": { "type": "Polygon", "coordinates": [ [ [ 133.525, 33.491666667000061 ], [ 133.525, 33.495833333000064 ], [ 133.531250000000114, 33.495833333000064 ], [ 133.531250000000114, 33.491666667000061 ], [ 133.525, 33.491666667000061 ] ] ] } },
{ "type": "Feature", "properties": { "fid": 201, "OBJECTID": 5600, "KEY_CODE": "503314922", "Pref_CODE": 39, "Pref_Name": "高知県", "Shape_Length": 0.020833331999824622, "Shape_Area": 2.6041662499641423e-05 }, "geometry": { "type": "Polygon", "coordinates": [ [ [ 133.531250000000114, 33.491666667000061 ], [ 133.531250000000114, 33.495833333000064 ], [ 133.5375, 33.495833333000064 ], [ 133.5375, 33.491666667000061 ], [ 133.531250000000114, 33.491666667000061 ] ] ] } },
{ "type": "Feature", "properties": { "fid": 202, "OBJECTID": 5601, "KEY_CODE": "503314923", "Pref_CODE": 39, "Pref_Name": "高知県", "Shape_Length": 0.020833334000030845, "Shape_Area": 2.6041668750049021e-05 }, "geometry": { "type": "Polygon", "coordinates": [ [ [ 133.525, 33.495833333000064 ], [ 133.525, 33.5 ], [ 133.531250000000114, 33.5 ], [ 133.531250000000114, 33.495833333000064 ], [ 133.525, 33.495833333000064 ] ] ] } },
{ "type": "Feature", "properties": { "fid": 203, "OBJECTID": 5602, "KEY_CODE": "503314924", "Pref_CODE": 39, "Pref_Name": "高知県", "Shape_Length": 0.020833333999803472, "Shape_Area": 2.6041668749575326e-05 }, "geometry": { "type": "Polygon", "coordinates": [ [ [ 133.531250000000114, 33.495833333000064 ], [ 133.531250000000114, 33.5 ], [ 133.5375, 33.5 ], [ 133.5375, 33.495833333000064 ], [ 133.531250000000114, 33.495833333000064 ] ] ] } },
{ "type": "Feature", "properties": { "fid": 204, "OBJECTID": 5603, "KEY_CODE": "503314931", "Pref_CODE": 39, "Pref_Name": "高知県", "Shape_Length": 0.020833332000051996, "Shape_Area": 2.6041662500115118e-05 }, "geometry": { "type": "Polygon", "coordinates": [ [ [ 133.5375, 33.491666667000061 ], [ 133.5375, 33.495833333000064 ], [ 133.54375, 33.495833333000064 ], [ 133.54375, 33.491666667000061 ], [ 133.5375, 33.491666667000061 ] ] ] } },
{ "type": "Feature", "properties": { "fid": 205, "OBJECTID": 5604, "KEY_CODE": "503314932", "Pref_CODE": 39, "Pref_Name": "高知県", "Shape_Length": 0.020833332000051996, "Shape_Area": 2.6041662500115118e-05 }, "geometry": { "type": "Polygon", "coordinates": [ [ [ 133.54375, 33.491666667000061 ], [ 133.54375, 33.495833333000064 ], [ 133.55, 33.495833333000064 ], [ 133.55, 33.491666667000061 ], [ 133.54375, 33.491666667000061 ] ] ] } },
{ "type": "Feature", "properties": { "fid": 206, "OBJECTID": 5605, "KEY_CODE": "503314933", "Pref_CODE": 39, "Pref_Name": "高知県", "Shape_Length": 0.020833334000030845, "Shape_Area": 2.6041668750049021e-05 }, "geometry": { "type": "Polygon", "coordinates": [ [ [ 133.5375, 33.495833333000064 ], [ 133.5375, 33.5 ], [ 133.54375, 33.5 ], [ 133.54375, 33.495833333000064 ], [ 133.5375, 33.495833333000064 ] ] ] } },
{ "type": "Feature", "properties": { "fid": 207, "OBJECTID": 5606, "KEY_CODE": "503314934", "Pref_CODE": 39, "Pref_Name": "高知県", "Shape_Length": 0.020833334000030845, "Shape_Area": 2.6041668750049021e-05 }, "geometry": { "type": "Polygon", "coordinates": [ [ [ 133.54375, 33.495833333000064 ], [ 133.54375, 33.5 ], [ 133.55, 33.5 ], [ 133.55, 33.495833333000064 ], [ 133.54375, 33.495833333000064 ] ] ] } },
{ "type": "Feature", "properties": { "fid": 208, "OBJECTID": 5607, "KEY_CODE": "503314941", "Pref_CODE": 39, "Pref_Name": "高知県", "Shape_Length": 0.020833332000051996, "Shape_Area": 2.6041662500115118e-05 }, "geometry": { "type": "Polygon", "coordinates": [ [ [ 133.55, 33.491666667000061 ], [ 133.55, 33.495833333000064 ], [ 133.55625, 33.495833333000064 ], [ 133.55625, 33.491666667000061 ], [ 133.55, 33.491666667000061 ] ] ] } },
{ "type": "Feature", "properties": { "fid": 209, "OBJECTID": 5608, "KEY_CODE": "503314942", "Pref_CODE": 39, "Pref_Name": "高知県", "Shape_Length": 0.020833332000051996, "Shape_Area": 2.6041662500115118e-05 }, "geometry": { "type": "Polygon", "coordinates": [ [ [ 133.55625, 33.491666667000061 ], [ 133.55625, 33.495833333000064 ], [ 133.562500000000114, 33.495833333000064 ], [ 133.562500000000114, 33.491666667000061 ], [ 133.55625, 33.491666667000061 ] ] ] } },
{ "type": "Feature", "properties": { "fid": 210, "OBJECTID": 5609, "KEY_CODE": "503314943", "Pref_CODE": 39, "Pref_Name": "高知県", "Shape_Length": 0.020833334000030845, "Shape_Area": 2.6041668750049021e-05 }, "geometry": { "type": "Polygon", "coordinates": [ [ [ 133.55, 33.495833333000064 ], [ 133.55, 33.5 ], [ 133.55625, 33.5 ], [ 133.55625, 33.495833333000064 ], [ 133.55, 33.495833333000064 ] ] ] } },
{ "type": "Feature", "properties": { "fid": 211, "OBJECTID": 5610, "KEY_CODE": "503314944", "Pref_CODE": 39, "Pref_Name": "高知県", "Shape_Length": 0.020833334000030845, "Shape_Area": 2.6041668750049021e-05 }, "geometry": { "type": "Polygon", "coordinates": [ [ [ 133.55625, 33.495833333000064 ], [ 133.55625, 33.5 ], [ 133.562500000000114, 33.5 ], [ 133.562500000000114, 33.495833333000064 ], [ 133.55625, 33.495833333000064 ] ] ] } },
{ "type": "Feature", "properties": { "fid": 212, "OBJECTID": 5611, "KEY_CODE": "503314951", "Pref_CODE": 39, "Pref_Name": "高知県", "Shape_Length": 0.020833331999824622, "Shape_Area": 2.6041662499641423e-05 }, "geometry": { "type": "Polygon", "coordinates": [ [ [ 133.562500000000114, 33.491666667000061 ], [ 133.562500000000114, 33.495833333000064 ], [ 133.56875, 33.495833333000064 ], [ 133.56875, 33.491666667000061 ], [ 133.562500000000114, 33.491666667000061 ] ] ] } },
{ "type": "Feature", "properties": { "fid": 213, "OBJECTID": 5612, "KEY_CODE": "503314954", "Pref_CODE": 39, "Pref_Name": "高知県", "Shape_Length": 0.020833334000030845, "Shape_Area": 2.6041668750049021e-05 }, "geometry": { "type": "Polygon", "coordinates": [ [ [ 133.56875, 33.495833333000064 ], [ 133.56875, 33.5 ], [ 133.575, 33.5 ], [ 133.575, 33.495833333000064 ], [ 133.56875, 33.495833333000064 ] ] ] } },
{ "type": "Feature", "properties": { "fid": 214, "OBJECTID": 6811, "KEY_CODE": "503323012", "Pref_CODE": 39, "Pref_Name": "高知県", "Shape_Length": 0.020833334000030845, "Shape_Area": 2.6041668750049021e-05 }, "geometry": { "type": "Polygon", "coordinates": [ [ [ 133.4, 33.50416666700005 ], [ 133.4, 33.5 ], [ 133.39435083, 33.5 ], [ 133.39435083, 33.50416666700005 ], [ 133.4, 33.50416666700005 ] ] ] } },
{ "type": "Feature", "properties": { "fid": 215, "OBJECTID": 6813, "KEY_CODE": "503323014", "Pref_CODE": 39, "Pref_Name": "高知県", "Shape_Length": 0.020833332000051996, "Shape_Area": 2.6041662500115118e-05 }, "geometry": { "type": "Polygon", "coordinates": [ [ [ 133.4, 33.508333333000053 ], [ 133.4, 33.50416666700005 ], [ 133.39435083, 33.50416666700005 ], [ 133.39435083, 33.508333333000053 ], [ 133.4, 33.508333333000053 ] ] ] } },
{ "type": "Feature", "properties": { "fid": 216, "OBJECTID": 6814, "KEY_CODE": "503323021", "Pref_CODE": 39, "Pref_Name": "高知県", "Shape_Length": 0.020833334000030845, "Shape_Area": 2.6041668750049021e-05 }, "geometry": { "type": "Polygon", "coordinates": [ [ [ 133.4, 33.5 ], [ 133.4, 33.50416666700005 ], [ 133.406250000000114, 33.50416666700005 ], [ 133.406250000000114, 33.5 ], [ 133.4, 33.5 ] ] ] } },
{ "type": "Feature", "properties": { "fid": 217, "OBJECTID": 6815, "KEY_CODE": "503323022", "Pref_CODE": 39, "Pref_Name": "高知県", "Shape_Length": 0.020833333999803472, "Shape_Area": 2.6041668749575326e-05 }, "geometry": { "type": "Polygon", "coordinates": [ [ [ 133.406250000000114, 33.5 ], [ 133.406250000000114, 33.50416666700005 ], [ 133.4125, 33.50416666700005 ], [ 133.4125, 33.5 ], [ 133.406250000000114, 33.5 ] ] ] } },
{ "type": "Feature", "properties": { "fid": 218, "OBJECTID": 6816, "KEY_CODE": "503323023", "Pref_CODE": 39, "Pref_Name": "高知県", "Shape_Length": 0.020833332000051996, "Shape_Area": 2.6041662500115118e-05 }, "geometry": { "type": "Polygon", "coordinates": [ [ [ 133.4, 33.50416666700005 ], [ 133.4, 33.508333333000053 ], [ 133.406250000000114, 33.508333333000053 ], [ 133.406250000000114, 33.50416666700005 ], [ 133.4, 33.50416666700005 ] ] ] } },
{ "type": "Feature", "properties": { "fid": 219, "OBJECTID": 6817, "KEY_CODE": "503323024", "Pref_CODE": 39, "Pref_Name": "高知県", "Shape_Length": 0.020833331999824622, "Shape_Area": 2.6041662499641423e-05 }, "geometry": { "type": "Polygon", "coordinates": [ [ [ 133.406250000000114, 33.50416666700005 ], [ 133.406250000000114, 33.508333333000053 ], [ 133.4125, 33.508333333000053 ], [ 133.4125, 33.50416666700005 ], [ 133.406250000000114, 33.50416666700005 ] ] ] } },
{ "type": "Feature", "properties": { "fid": 220, "OBJECTID": 6818, "KEY_CODE": "503323031", "Pref_CODE": 39, "Pref_Name": "高知県", "Shape_Length": 0.020833334000030845, "Shape_Area": 2.6041668750049021e-05 }, "geometry": { "type": "Polygon", "coordinates": [ [ [ 133.4125, 33.5 ], [ 133.4125, 33.50416666700005 ], [ 133.41875, 33.50416666700005 ], [ 133.41875, 33.5 ], [ 133.4125, 33.5 ] ] ] } },
{ "type": "Feature", "properties": { "fid": 221, "OBJECTID": 6819, "KEY_CODE": "503323032", "Pref_CODE": 39, "Pref_Name": "高知県", "Shape_Length": 0.020833334000030845, "Shape_Area": 2.6041668750049021e-05 }, "geometry": { "type": "Polygon", "coordinates": [ [ [ 133.41875, 33.5 ], [ 133.41875, 33.50416666700005 ], [ 133.425, 33.50416666700005 ], [ 133.425, 33.5 ], [ 133.41875, 33.5 ] ] ] } },
{ "type": "Feature", "properties": { "fid": 222, "OBJECTID": 6820, "KEY_CODE": "503323033", "Pref_CODE": 39, "Pref_Name": "高知県", "Shape_Length": 0.020833332000051996, "Shape_Area": 2.6041662500115118e-05 }, "geometry": { "type": "Polygon", "coordinates": [ [ [ 133.4125, 33.50416666700005 ], [ 133.4125, 33.508333333000053 ], [ 133.41875, 33.508333333000053 ], [ 133.41875, 33.50416666700005 ], [ 133.4125, 33.50416666700005 ] ] ] } },
{ "type": "Feature", "properties": { "fid": 223, "OBJECTID": 6821, "KEY_CODE": "503323034", "Pref_CODE": 39, "Pref_Name": "高知県", "Shape_Length": 0.020833332000051996, "Shape_Area": 2.6041662500115118e-05 }, "geometry": { "type": "Polygon", "coordinates": [ [ [ 133.41875, 33.50416666700005 ], [ 133.41875, 33.508333333000053 ], [ 133.425, 33.508333333000053 ], [ 133.425, 33.50416666700005 ], [ 133.41875, 33.50416666700005 ] ] ] } },
{ "type": "Feature", "properties": { "fid": 224, "OBJECTID": 6822, "KEY_CODE": "503323041", "Pref_CODE": 39, "Pref_Name": "高知県", "Shape_Length": 0.020833334000030845, "Shape_Area": 2.6041668750049021e-05 }, "geometry": { "type": "Polygon", "coordinates": [ [ [ 133.425, 33.5 ], [ 133.425, 33.50416666700005 ], [ 133.43125, 33.50416666700005 ], [ 133.43125, 33.5 ], [ 133.425, 33.5 ] ] ] } },
{ "type": "Feature", "properties": { "fid": 225, "OBJECTID": 6823, "KEY_CODE": "503323042", "Pref_CODE": 39, "Pref_Name": "高知県", "Shape_Length": 0.020833334000030845, "Shape_Area": 2.6041668750049021e-05 }, "geometry": { "type": "Polygon", "coordinates": [ [ [ 133.43125, 33.5 ], [ 133.43125, 33.50416666700005 ], [ 133.437500000000114, 33.50416666700005 ], [ 133.437500000000114, 33.5 ], [ 133.43125, 33.5 ] ] ] } },
{ "type": "Feature", "properties": { "fid": 226, "OBJECTID": 6824, "KEY_CODE": "503323043", "Pref_CODE": 39, "Pref_Name": "高知県", "Shape_Length": 0.020833332000051996, "Shape_Area": 2.6041662500115118e-05 }, "geometry": { "type": "Polygon", "coordinates": [ [ [ 133.425, 33.50416666700005 ], [ 133.425, 33.508333333000053 ], [ 133.43125, 33.508333333000053 ], [ 133.43125, 33.50416666700005 ], [ 133.425, 33.50416666700005 ] ] ] } },
{ "type": "Feature", "properties": { "fid": 227, "OBJECTID": 6825, "KEY_CODE": "503323044", "Pref_CODE": 39, "Pref_Name": "高知県", "Shape_Length": 0.020833332000051996, "Shape_Area": 2.6041662500115118e-05 }, "geometry": { "type": "Polygon", "coordinates": [ [ [ 133.43125, 33.50416666700005 ], [ 133.43125, 33.508333333000053 ], [ 133.437500000000114, 33.508333333000053 ], [ 133.437500000000114, 33.50416666700005 ], [ 133.43125, 33.50416666700005 ] ] ] } },
{ "type": "Feature", "properties": { "fid": 228, "OBJECTID": 6826, "KEY_CODE": "503323051", "Pref_CODE": 39, "Pref_Name": "高知県", "Shape_Length": 0.020833333999803472, "Shape_Area": 2.6041668749575326e-05 }, "geometry": { "type": "Polygon", "coordinates": [ [ [ 133.437500000000114, 33.5 ], [ 133.437500000000114, 33.50416666700005 ], [ 133.44375, 33.50416666700005 ], [ 133.44375, 33.5 ], [ 133.437500000000114, 33.5 ] ] ] } },
{ "type": "Feature", "properties": { "fid": 229, "OBJECTID": 6827, "KEY_CODE": "503323052", "Pref_CODE": 39, "Pref_Name": "高知県", "Shape_Length": 0.020833334000030845, "Shape_Area": 2.6041668750049021e-05 }, "geometry": { "type": "Polygon", "coordinates": [ [ [ 133.44375, 33.5 ], [ 133.44375, 33.50416666700005 ], [ 133.45, 33.50416666700005 ], [ 133.45, 33.5 ], [ 133.44375, 33.5 ] ] ] } },
{ "type": "Feature", "properties": { "fid": 230, "OBJECTID": 6828, "KEY_CODE": "503323053", "Pref_CODE": 39, "Pref_Name": "高知県", "Shape_Length": 0.020833331999824622, "Shape_Area": 2.6041662499641423e-05 }, "geometry": { "type": "Polygon", "coordinates": [ [ [ 133.437500000000114, 33.50416666700005 ], [ 133.437500000000114, 33.508333333000053 ], [ 133.44375, 33.508333333000053 ], [ 133.44375, 33.50416666700005 ], [ 133.437500000000114, 33.50416666700005 ] ] ] } },
{ "type": "Feature", "properties": { "fid": 231, "OBJECTID": 6829, "KEY_CODE": "503323054", "Pref_CODE": 39, "Pref_Name": "高知県", "Shape_Length": 0.020833332000051996, "Shape_Area": 2.6041662500115118e-05 }, "geometry": { "type": "Polygon", "coordinates": [ [ [ 133.44375, 33.50416666700005 ], [ 133.44375, 33.508333333000053 ], [ 133.45, 33.508333333000053 ], [ 133.45, 33.50416666700005 ], [ 133.44375, 33.50416666700005 ] ] ] } },
{ "type": "Feature", "properties": { "fid": 232, "OBJECTID": 6830, "KEY_CODE": "503323061", "Pref_CODE": 39, "Pref_Name": "高知県", "Shape_Length": 0.020833334000030845, "Shape_Area": 2.6041668750049021e-05 }, "geometry": { "type": "Polygon", "coordinates": [ [ [ 133.45, 33.5 ], [ 133.45, 33.50416666700005 ], [ 133.45625, 33.50416666700005 ], [ 133.45625, 33.5 ], [ 133.45, 33.5 ] ] ] } },
{ "type": "Feature", "properties": { "fid": 233, "OBJECTID": 6831, "KEY_CODE": "503323062", "Pref_CODE": 39, "Pref_Name": "高知県", "Shape_Length": 0.020833334000030845, "Shape_Area": 2.6041668750049021e-05 }, "geometry": { "type": "Polygon", "coordinates": [ [ [ 133.45625, 33.5 ], [ 133.45625, 33.50416666700005 ], [ 133.4625, 33.50416666700005 ], [ 133.4625, 33.5 ], [ 133.45625, 33.5 ] ] ] } },
{ "type": "Feature", "properties": { "fid": 234, "OBJECTID": 6832, "KEY_CODE": "503323063", "Pref_CODE": 39, "Pref_Name": "高知県", "Shape_Length": 0.020833332000051996, "Shape_Area": 2.6041662500115118e-05 }, "geometry": { "type": "Polygon", "coordinates": [ [ [ 133.45, 33.50416666700005 ], [ 133.45, 33.508333333000053 ], [ 133.45625, 33.508333333000053 ], [ 133.45625, 33.50416666700005 ], [ 133.45, 33.50416666700005 ] ] ] } },
{ "type": "Feature", "properties": { "fid": 235, "OBJECTID": 6833, "KEY_CODE": "503323064", "Pref_CODE": 39, "Pref_Name": "高知県", "Shape_Length": 0.020833332000051996, "Shape_Area": 2.6041662500115118e-05 }, "geometry": { "type": "Polygon", "coordinates": [ [ [ 133.45625, 33.50416666700005 ], [ 133.45625, 33.508333333000053 ], [ 133.4625, 33.508333333000053 ], [ 133.4625, 33.50416666700005 ], [ 133.45625, 33.50416666700005 ] ] ] } },
{ "type": "Feature", "properties": { "fid": 236, "OBJECTID": 6834, "KEY_CODE": "503323071", "Pref_CODE": 39, "Pref_Name": "高知県", "Shape_Length": 0.020833334000030845, "Shape_Area": 2.6041668750049021e-05 }, "geometry": { "type": "Polygon", "coordinates": [ [ [ 133.4625, 33.5 ], [ 133.4625, 33.50416666700005 ], [ 133.468750000000114, 33.50416666700005 ], [ 133.468750000000114, 33.5 ], [ 133.4625, 33.5 ] ] ] } },
{ "type": "Feature", "properties": { "fid": 237, "OBJECTID": 6835, "KEY_CODE": "503323072", "Pref_CODE": 39, "Pref_Name": "高知県", "Shape_Length": 0.020833333999803472, "Shape_Area": 2.6041668749575326e-05 }, "geometry": { "type": "Polygon", "coordinates": [ [ [ 133.468750000000114, 33.5 ], [ 133.468750000000114, 33.50416666700005 ], [ 133.475, 33.50416666700005 ], [ 133.475, 33.5 ], [ 133.468750000000114, 33.5 ] ] ] } },
{ "type": "Feature", "properties": { "fid": 238, "OBJECTID": 6836, "KEY_CODE": "503323073", "Pref_CODE": 39, "Pref_Name": "高知県", "Shape_Length": 0.020833332000051996, "Shape_Area": 2.6041662500115118e-05 }, "geometry": { "type": "Polygon", "coordinates": [ [ [ 133.4625, 33.50416666700005 ], [ 133.4625, 33.508333333000053 ], [ 133.468750000000114, 33.508333333000053 ], [ 133.468750000000114, 33.50416666700005 ], [ 133.4625, 33.50416666700005 ] ] ] } },
{ "type": "Feature", "properties": { "fid": 239, "OBJECTID": 6837, "KEY_CODE": "503323074", "Pref_CODE": 39, "Pref_Name": "高知県", "Shape_Length": 0.020833331999824622, "Shape_Area": 2.6041662499641423e-05 }, "geometry": { "type": "Polygon", "coordinates": [ [ [ 133.468750000000114, 33.50416666700005 ], [ 133.468750000000114, 33.508333333000053 ], [ 133.475, 33.508333333000053 ], [ 133.475, 33.50416666700005 ], [ 133.468750000000114, 33.50416666700005 ] ] ] } },
{ "type": "Feature", "properties": { "fid": 240, "OBJECTID": 6838, "KEY_CODE": "503323081", "Pref_CODE": 39, "Pref_Name": "高知県", "Shape_Length": 0.020833334000030845, "Shape_Area": 2.6041668750049021e-05 }, "geometry": { "type": "Polygon", "coordinates": [ [ [ 133.475, 33.5 ], [ 133.475, 33.50416666700005 ], [ 133.48125, 33.50416666700005 ], [ 133.48125, 33.5 ], [ 133.475, 33.5 ] ] ] } },
{ "type": "Feature", "properties": { "fid": 241, "OBJECTID": 6839, "KEY_CODE": "503323082", "Pref_CODE": 39, "Pref_Name": "高知県", "Shape_Length": 0.020833334000030845, "Shape_Area": 2.6041668750049021e-05 }, "geometry": { "type": "Polygon", "coordinates": [ [ [ 133.48125, 33.5 ], [ 133.48125, 33.50416666700005 ], [ 133.4875, 33.50416666700005 ], [ 133.4875, 33.5 ], [ 133.48125, 33.5 ] ] ] } },
{ "type": "Feature", "properties": { "fid": 242, "OBJECTID": 6840, "KEY_CODE": "503323083", "Pref_CODE": 39, "Pref_Name": "高知県", "Shape_Length": 0.020833332000051996, "Shape_Area": 2.6041662500115118e-05 }, "geometry": { "type": "Polygon", "coordinates": [ [ [ 133.475, 33.50416666700005 ], [ 133.475, 33.508333333000053 ], [ 133.48125, 33.508333333000053 ], [ 133.48125, 33.50416666700005 ], [ 133.475, 33.50416666700005 ] ] ] } },
{ "type": "Feature", "properties": { "fid": 243, "OBJECTID": 6841, "KEY_CODE": "503323084", "Pref_CODE": 39, "Pref_Name": "高知県", "Shape_Length": 0.020833332000051996, "Shape_Area": 2.6041662500115118e-05 }, "geometry": { "type": "Polygon", "coordinates": [ [ [ 133.48125, 33.50416666700005 ], [ 133.48125, 33.508333333000053 ], [ 133.4875, 33.508333333000053 ], [ 133.4875, 33.50416666700005 ], [ 133.48125, 33.50416666700005 ] ] ] } },
{ "type": "Feature", "properties": { "fid": 244, "OBJECTID": 6842, "KEY_CODE": "503323091", "Pref_CODE": 39, "Pref_Name": "高知県", "Shape_Length": 0.020833334000030845, "Shape_Area": 2.6041668750049021e-05 }, "geometry": { "type": "Polygon", "coordinates": [ [ [ 133.4875, 33.5 ], [ 133.4875, 33.50416666700005 ], [ 133.49375, 33.50416666700005 ], [ 133.49375, 33.5 ], [ 133.4875, 33.5 ] ] ] } },
{ "type": "Feature", "properties": { "fid": 245, "OBJECTID": 6843, "KEY_CODE": "503323092", "Pref_CODE": 39, "Pref_Name": "高知県", "Shape_Length": 0.020833334000030845, "Shape_Area": 2.6041668750049021e-05 }, "geometry": { "type": "Polygon", "coordinates": [ [ [ 133.49375, 33.5 ], [ 133.49375, 33.50416666700005 ], [ 133.500000000000114, 33.50416666700005 ], [ 133.500000000000114, 33.5 ], [ 133.49375, 33.5 ] ] ] } },
{ "type": "Feature", "properties": { "fid": 246, "OBJECTID": 6844, "KEY_CODE": "503323093", "Pref_CODE": 39, "Pref_Name": "高知県", "Shape_Length": 0.020833332000051996, "Shape_Area": 2.6041662500115118e-05 }, "geometry": { "type": "Polygon", "coordinates": [ [ [ 133.4875, 33.50416666700005 ], [ 133.4875, 33.508333333000053 ], [ 133.49375, 33.508333333000053 ], [ 133.49375, 33.50416666700005 ], [ 133.4875, 33.50416666700005 ] ] ] } },
{ "type": "Feature", "properties": { "fid": 247, "OBJECTID": 6845, "KEY_CODE": "503323094", "Pref_CODE": 39, "Pref_Name": "高知県", "Shape_Length": 0.020833332000051996, "Shape_Area": 2.6041662500115118e-05 }, "geometry": { "type": "Polygon", "coordinates": [ [ [ 133.49375, 33.50416666700005 ], [ 133.49375, 33.508333333000053 ], [ 133.500000000000114, 33.508333333000053 ], [ 133.500000000000114, 33.50416666700005 ], [ 133.49375, 33.50416666700005 ] ] ] } },
{ "type": "Feature", "properties": { "fid": 248, "OBJECTID": 6851, "KEY_CODE": "503323112", "Pref_CODE": 39, "Pref_Name": "高知県", "Shape_Length": 0.020833334000030845, "Shape_Area": 2.6041668750049021e-05 }, "geometry": { "type": "Polygon", "coordinates": [ [ [ 133.4, 33.5125 ], [ 133.4, 33.508333333000053 ], [ 133.39435083, 33.508333333000053 ], [ 133.39435083, 33.5125 ], [ 133.4, 33.5125 ] ] ] } },
{ "type": "Feature", "properties": { "fid": 249, "OBJECTID": 6853, "KEY_CODE": "503323114", "Pref_CODE": 39, "Pref_Name": "高知県", "Shape_Length": 0.020833334000030845, "Shape_Area": 2.6041668750049021e-05 }, "geometry": { "type": "Polygon", "coordinates": [ [ [ 133.4, 33.516666667000038 ], [ 133.4, 33.5125 ], [ 133.39435083, 33.5125 ], [ 133.39435083, 33.516666667000038 ], [ 133.4, 33.516666667000038 ] ] ] } },
{ "type": "Feature", "properties": { "fid": 250, "OBJECTID": 6854, "KEY_CODE": "503323121", "Pref_CODE": 39, "Pref_Name": "高知県", "Shape_Length": 0.020833334000030845, "Shape_Area": 2.6041668750049021e-05 }, "geometry": { "type": "Polygon", "coordinates": [ [ [ 133.4, 33.508333333000053 ], [ 133.4, 33.5125 ], [ 133.406250000000114, 33.5125 ], [ 133.406250000000114, 33.508333333000053 ], [ 133.4, 33.508333333000053 ] ] ] } },
{ "type": "Feature", "properties": { "fid": 251, "OBJECTID": 6855, "KEY_CODE": "503323122", "Pref_CODE": 39, "Pref_Name": "高知県", "Shape_Length": 0.020833333999803472, "Shape_Area": 2.6041668749575326e-05 }, "geometry": { "type": "Polygon", "coordinates": [ [ [ 133.406250000000114, 33.508333333000053 ], [ 133.406250000000114, 33.5125 ], [ 133.4125, 33.5125 ], [ 133.4125, 33.508333333000053 ], [ 133.406250000000114, 33.508333333000053 ] ] ] } },
{ "type": "Feature", "properties": { "fid": 252, "OBJECTID": 6856, "KEY_CODE": "503323123", "Pref_CODE": 39, "Pref_Name": "高知県", "Shape_Length": 0.020833334000030845, "Shape_Area": 2.6041668750049021e-05 }, "geometry": { "type": "Polygon", "coordinates": [ [ [ 133.4, 33.5125 ], [ 133.4, 33.516666667000038 ], [ 133.406250000000114, 33.516666667000038 ], [ 133.406250000000114, 33.5125 ], [ 133.4, 33.5125 ] ] ] } },
{ "type": "Feature", "properties": { "fid": 253, "OBJECTID": 6857, "KEY_CODE": "503323124", "Pref_CODE": 39, "Pref_Name": "高知県", "Shape_Length": 0.020833333999803472, "Shape_Area": 2.6041668749575326e-05 }, "geometry": { "type": "Polygon", "coordinates": [ [ [ 133.406250000000114, 33.5125 ], [ 133.406250000000114, 33.516666667000038 ], [ 133.4125, 33.516666667000038 ], [ 133.4125, 33.5125 ], [ 133.406250000000114, 33.5125 ] ] ] } },
{ "type": "Feature", "properties": { "fid": 254, "OBJECTID": 6858, "KEY_CODE": "503323131", "Pref_CODE": 39, "Pref_Name": "高知県", "Shape_Length": 0.020833334000030845, "Shape_Area": 2.6041668750049021e-05 }, "geometry": { "type": "Polygon", "coordinates": [ [ [ 133.4125, 33.508333333000053 ], [ 133.4125, 33.5125 ], [ 133.41875, 33.5125 ], [ 133.41875, 33.508333333000053 ], [ 133.4125, 33.508333333000053 ] ] ] } },
{ "type": "Feature", "properties": { "fid": 255, "OBJECTID": 6859, "KEY_CODE": "503323132", "Pref_CODE": 39, "Pref_Name": "高知県", "Shape_Length": 0.020833334000030845, "Shape_Area": 2.6041668750049021e-05 }, "geometry": { "type": "Polygon", "coordinates": [ [ [ 133.41875, 33.508333333000053 ], [ 133.41875, 33.5125 ], [ 133.425, 33.5125 ], [ 133.425, 33.508333333000053 ], [ 133.41875, 33.508333333000053 ] ] ] } },
{ "type": "Feature", "properties": { "fid": 256, "OBJECTID": 6860, "KEY_CODE": "503323133", "Pref_CODE": 39, "Pref_Name": "高知県", "Shape_Length": 0.020833334000030845, "Shape_Area": 2.6041668750049021e-05 }, "geometry": { "type": "Polygon", "coordinates": [ [ [ 133.4125, 33.5125 ], [ 133.4125, 33.516666667000038 ], [ 133.41875, 33.516666667000038 ], [ 133.41875, 33.5125 ], [ 133.4125, 33.5125 ] ] ] } },
{ "type": "Feature", "properties": { "fid": 257, "OBJECTID": 6861, "KEY_CODE": "503323134", "Pref_CODE": 39, "Pref_Name": "高知県", "Shape_Length": 0.020833334000030845, "Shape_Area": 2.6041668750049021e-05 }, "geometry": { "type": "Polygon", "coordinates": [ [ [ 133.41875, 33.5125 ], [ 133.41875, 33.516666667000038 ], [ 133.425, 33.516666667000038 ], [ 133.425, 33.5125 ], [ 133.41875, 33.5125 ] ] ] } },
{ "type": "Feature", "properties": { "fid": 258, "OBJECTID": 6862, "KEY_CODE": "503323141", "Pref_CODE": 39, "Pref_Name": "高知県", "Shape_Length": 0.020833334000030845, "Shape_Area": 2.6041668750049021e-05 }, "geometry": { "type": "Polygon", "coordinates": [ [ [ 133.425, 33.508333333000053 ], [ 133.425, 33.5125 ], [ 133.43125, 33.5125 ], [ 133.43125, 33.508333333000053 ], [ 133.425, 33.508333333000053 ] ] ] } },
{ "type": "Feature", "properties": { "fid": 259, "OBJECTID": 6863, "KEY_CODE": "503323142", "Pref_CODE": 39, "Pref_Name": "高知県", "Shape_Length": 0.020833334000030845, "Shape_Area": 2.6041668750049021e-05 }, "geometry": { "type": "Polygon", "coordinates": [ [ [ 133.43125, 33.508333333000053 ], [ 133.43125, 33.5125 ], [ 133.437500000000114, 33.5125 ], [ 133.437500000000114, 33.508333333000053 ], [ 133.43125, 33.508333333000053 ] ] ] } },
{ "type": "Feature", "properties": { "fid": 260, "OBJECTID": 6864, "KEY_CODE": "503323143", "Pref_CODE": 39, "Pref_Name": "高知県", "Shape_Length": 0.020833334000030845, "Shape_Area": 2.6041668750049021e-05 }, "geometry": { "type": "Polygon", "coordinates": [ [ [ 133.425, 33.5125 ], [ 133.425, 33.516666667000038 ], [ 133.43125, 33.516666667000038 ], [ 133.43125, 33.5125 ], [ 133.425, 33.5125 ] ] ] } },
{ "type": "Feature", "properties": { "fid": 261, "OBJECTID": 6865, "KEY_CODE": "503323144", "Pref_CODE": 39, "Pref_Name": "高知県", "Shape_Length": 0.020833334000030845, "Shape_Area": 2.6041668750049021e-05 }, "geometry": { "type": "Polygon", "coordinates": [ [ [ 133.43125, 33.5125 ], [ 133.43125, 33.516666667000038 ], [ 133.437500000000114, 33.516666667000038 ], [ 133.437500000000114, 33.5125 ], [ 133.43125, 33.5125 ] ] ] } },
{ "type": "Feature", "properties": { "fid": 262, "OBJECTID": 6866, "KEY_CODE": "503323151", "Pref_CODE": 39, "Pref_Name": "高知県", "Shape_Length": 0.020833333999803472, "Shape_Area": 2.6041668749575326e-05 }, "geometry": { "type": "Polygon", "coordinates": [ [ [ 133.437500000000114, 33.508333333000053 ], [ 133.437500000000114, 33.5125 ], [ 133.44375, 33.5125 ], [ 133.44375, 33.508333333000053 ], [ 133.437500000000114, 33.508333333000053 ] ] ] } },
{ "type": "Feature", "properties": { "fid": 263, "OBJECTID": 6867, "KEY_CODE": "503323152", "Pref_CODE": 39, "Pref_Name": "高知県", "Shape_Length": 0.020833334000030845, "Shape_Area": 2.6041668750049021e-05 }, "geometry": { "type": "Polygon", "coordinates": [ [ [ 133.44375, 33.508333333000053 ], [ 133.44375, 33.5125 ], [ 133.45, 33.5125 ], [ 133.45, 33.508333333000053 ], [ 133.44375, 33.508333333000053 ] ] ] } },
{ "type": "Feature", "properties": { "fid": 264, "OBJECTID": 6868, "KEY_CODE": "503323153", "Pref_CODE": 39, "Pref_Name": "高知県", "Shape_Length": 0.020833333999803472, "Shape_Area": 2.6041668749575326e-05 }, "geometry": { "type": "Polygon", "coordinates": [ [ [ 133.437500000000114, 33.5125 ], [ 133.437500000000114, 33.516666667000038 ], [ 133.44375, 33.516666667000038 ], [ 133.44375, 33.5125 ], [ 133.437500000000114, 33.5125 ] ] ] } },
{ "type": "Feature", "properties": { "fid": 265, "OBJECTID": 6869, "KEY_CODE": "503323154", "Pref_CODE": 39, "Pref_Name": "高知県", "Shape_Length": 0.020833334000030845, "Shape_Area": 2.6041668750049021e-05 }, "geometry": { "type": "Polygon", "coordinates": [ [ [ 133.44375, 33.5125 ], [ 133.44375, 33.516666667000038 ], [ 133.45, 33.516666667000038 ], [ 133.45, 33.5125 ], [ 133.44375, 33.5125 ] ] ] } },
{ "type": "Feature", "properties": { "fid": 266, "OBJECTID": 6870, "KEY_CODE": "503323161", "Pref_CODE": 39, "Pref_Name": "高知県", "Shape_Length": 0.020833334000030845, "Shape_Area": 2.6041668750049021e-05 }, "geometry": { "type": "Polygon", "coordinates": [ [ [ 133.45, 33.508333333000053 ], [ 133.45, 33.5125 ], [ 133.45625, 33.5125 ], [ 133.45625, 33.508333333000053 ], [ 133.45, 33.508333333000053 ] ] ] } },
{ "type": "Feature", "properties": { "fid": 267, "OBJECTID": 6871, "KEY_CODE": "503323162", "Pref_CODE": 39, "Pref_Name": "高知県", "Shape_Length": 0.020833334000030845, "Shape_Area": 2.6041668750049021e-05 }, "geometry": { "type": "Polygon", "coordinates": [ [ [ 133.45625, 33.508333333000053 ], [ 133.45625, 33.5125 ], [ 133.4625, 33.5125 ], [ 133.4625, 33.508333333000053 ], [ 133.45625, 33.508333333000053 ] ] ] } },
{ "type": "Feature", "properties": { "fid": 268, "OBJECTID": 6872, "KEY_CODE": "503323163", "Pref_CODE": 39, "Pref_Name": "高知県", "Shape_Length": 0.020833334000030845, "Shape_Area": 2.6041668750049021e-05 }, "geometry": { "type": "Polygon", "coordinates": [ [ [ 133.45, 33.5125 ], [ 133.45, 33.516666667000038 ], [ 133.45625, 33.516666667000038 ], [ 133.45625, 33.5125 ], [ 133.45, 33.5125 ] ] ] } },
{ "type": "Feature", "properties": { "fid": 269, "OBJECTID": 6873, "KEY_CODE": "503323164", "Pref_CODE": 39, "Pref_Name": "高知県", "Shape_Length": 0.020833334000030845, "Shape_Area": 2.6041668750049021e-05 }, "geometry": { "type": "Polygon", "coordinates": [ [ [ 133.45625, 33.5125 ], [ 133.45625, 33.516666667000038 ], [ 133.4625, 33.516666667000038 ], [ 133.4625, 33.5125 ], [ 133.45625, 33.5125 ] ] ] } },
{ "type": "Feature", "properties": { "fid": 270, "OBJECTID": 6874, "KEY_CODE": "503323171", "Pref_CODE": 39, "Pref_Name": "高知県", "Shape_Length": 0.020833334000030845, "Shape_Area": 2.6041668750049021e-05 }, "geometry": { "type": "Polygon", "coordinates": [ [ [ 133.4625, 33.508333333000053 ], [ 133.4625, 33.5125 ], [ 133.468750000000114, 33.5125 ], [ 133.468750000000114, 33.508333333000053 ], [ 133.4625, 33.508333333000053 ] ] ] } },
{ "type": "Feature", "properties": { "fid": 271, "OBJECTID": 6875, "KEY_CODE": "503323172", "Pref_CODE": 39, "Pref_Name": "高知県", "Shape_Length": 0.020833333999803472, "Shape_Area": 2.6041668749575326e-05 }, "geometry": { "type": "Polygon", "coordinates": [ [ [ 133.468750000000114, 33.508333333000053 ], [ 133.468750000000114, 33.5125 ], [ 133.475, 33.5125 ], [ 133.475, 33.508333333000053 ], [ 133.468750000000114, 33.508333333000053 ] ] ] } },
{ "type": "Feature", "properties": { "fid": 272, "OBJECTID": 6876, "KEY_CODE": "503323173", "Pref_CODE": 39, "Pref_Name": "高知県", "Shape_Length": 0.020833334000030845, "Shape_Area": 2.6041668750049021e-05 }, "geometry": { "type": "Polygon", "coordinates": [ [ [ 133.4625, 33.5125 ], [ 133.4625, 33.516666667000038 ], [ 133.468750000000114, 33.516666667000038 ], [ 133.468750000000114, 33.5125 ], [ 133.4625, 33.5125 ] ] ] } },
{ "type": "Feature", "properties": { "fid": 273, "OBJECTID": 6877, "KEY_CODE": "503323174", "Pref_CODE": 39, "Pref_Name": "高知県", "Shape_Length": 0.020833333999803472, "Shape_Area": 2.6041668749575326e-05 }, "geometry": { "type": "Polygon", "coordinates": [ [ [ 133.468750000000114, 33.5125 ], [ 133.468750000000114, 33.516666667000038 ], [ 133.475, 33.516666667000038 ], [ 133.475, 33.5125 ], [ 133.468750000000114, 33.5125 ] ] ] } },
{ "type": "Feature", "properties": { "fid": 274, "OBJECTID": 6878, "KEY_CODE": "503323181", "Pref_CODE": 39, "Pref_Name": "高知県", "Shape_Length": 0.020833334000030845, "Shape_Area": 2.6041668750049021e-05 }, "geometry": { "type": "Polygon", "coordinates": [ [ [ 133.475, 33.508333333000053 ], [ 133.475, 33.5125 ], [ 133.48125, 33.5125 ], [ 133.48125, 33.508333333000053 ], [ 133.475, 33.508333333000053 ] ] ] } },
{ "type": "Feature", "properties": { "fid": 275, "OBJECTID": 6879, "KEY_CODE": "503323182", "Pref_CODE": 39, "Pref_Name": "高知県", "Shape_Length": 0.020833334000030845, "Shape_Area": 2.6041668750049021e-05 }, "geometry": { "type": "Polygon", "coordinates": [ [ [ 133.48125, 33.508333333000053 ], [ 133.48125, 33.5125 ], [ 133.4875, 33.5125 ], [ 133.4875, 33.508333333000053 ], [ 133.48125, 33.508333333000053 ] ] ] } },
{ "type": "Feature", "properties": { "fid": 276, "OBJECTID": 6880, "KEY_CODE": "503323183", "Pref_CODE": 39, "Pref_Name": "高知県", "Shape_Length": 0.020833334000030845, "Shape_Area": 2.6041668750049021e-05 }, "geometry": { "type": "Polygon", "coordinates": [ [ [ 133.475, 33.5125 ], [ 133.475, 33.516666667000038 ], [ 133.48125, 33.516666667000038 ], [ 133.48125, 33.5125 ], [ 133.475, 33.5125 ] ] ] } },
{ "type": "Feature", "properties": { "fid": 277, "OBJECTID": 6881, "KEY_CODE": "503323184", "Pref_CODE": 39, "Pref_Name": "高知県", "Shape_Length": 0.020833334000030845, "Shape_Area": 2.6041668750049021e-05 }, "geometry": { "type": "Polygon", "coordinates": [ [ [ 133.48125, 33.5125 ], [ 133.48125, 33.516666667000038 ], [ 133.4875, 33.516666667000038 ], [ 133.4875, 33.5125 ], [ 133.48125, 33.5125 ] ] ] } },
{ "type": "Feature", "properties": { "fid": 278, "OBJECTID": 6882, "KEY_CODE": "503323191", "Pref_CODE": 39, "Pref_Name": "高知県", "Shape_Length": 0.020833334000030845, "Shape_Area": 2.6041668750049021e-05 }, "geometry": { "type": "Polygon", "coordinates": [ [ [ 133.4875, 33.508333333000053 ], [ 133.4875, 33.5125 ], [ 133.49375, 33.5125 ], [ 133.49375, 33.508333333000053 ], [ 133.4875, 33.508333333000053 ] ] ] } },
{ "type": "Feature", "properties": { "fid": 279, "OBJECTID": 6883, "KEY_CODE": "503323192", "Pref_CODE": 39, "Pref_Name": "高知県", "Shape_Length": 0.020833334000030845, "Shape_Area": 2.6041668750049021e-05 }, "geometry": { "type": "Polygon", "coordinates": [ [ [ 133.49375, 33.508333333000053 ], [ 133.49375, 33.5125 ], [ 133.500000000000114, 33.5125 ], [ 133.500000000000114, 33.508333333000053 ], [ 133.49375, 33.508333333000053 ] ] ] } },
{ "type": "Feature", "properties": { "fid": 280, "OBJECTID": 6884, "KEY_CODE": "503323193", "Pref_CODE": 39, "Pref_Name": "高知県", "Shape_Length": 0.020833334000030845, "Shape_Area": 2.6041668750049021e-05 }, "geometry": { "type": "Polygon", "coordinates": [ [ [ 133.4875, 33.5125 ], [ 133.4875, 33.516666667000038 ], [ 133.49375, 33.516666667000038 ], [ 133.49375, 33.5125 ], [ 133.4875, 33.5125 ] ] ] } },
{ "type": "Feature", "properties": { "fid": 281, "OBJECTID": 6885, "KEY_CODE": "503323194", "Pref_CODE": 39, "Pref_Name": "高知県", "Shape_Length": 0.020833334000030845, "Shape_Area": 2.6041668750049021e-05 }, "geometry": { "type": "Polygon", "coordinates": [ [ [ 133.49375, 33.5125 ], [ 133.49375, 33.516666667000038 ], [ 133.500000000000114, 33.516666667000038 ], [ 133.500000000000114, 33.5125 ], [ 133.49375, 33.5125 ] ] ] } },
{ "type": "Feature", "properties": { "fid": 282, "OBJECTID": 6891, "KEY_CODE": "503323212", "Pref_CODE": 39, "Pref_Name": "高知県", "Shape_Length": 0.020833332000051996, "Shape_Area": 2.6041662500115118e-05 }, "geometry": { "type": "Polygon", "coordinates": [ [ [ 133.4, 33.520833333000041 ], [ 133.4, 33.516666667000038 ], [ 133.39435083, 33.516666667000038 ], [ 133.39435083, 33.520833333000041 ], [ 133.4, 33.520833333000041 ] ] ] } },
{ "type": "Feature", "properties": { "fid": 283, "OBJECTID": 6893, "KEY_CODE": "503323214", "Pref_CODE": 39, "Pref_Name": "高知県", "Shape_Length": 0.020833334000030845, "Shape_Area": 2.6041668750049021e-05 }, "geometry": { "type": "Polygon", "coordinates": [ [ [ 133.4, 33.525 ], [ 133.4, 33.520833333000041 ], [ 133.39435083, 33.520833333000041 ], [ 133.39435083, 33.525 ], [ 133.4, 33.525 ] ] ] } },
{ "type": "Feature", "properties": { "fid": 284, "OBJECTID": 6894, "KEY_CODE": "503323221", "Pref_CODE": 39, "Pref_Name": "高知県", "Shape_Length": 0.020833332000051996, "Shape_Area": 2.6041662500115118e-05 }, "geometry": { "type": "Polygon", "coordinates": [ [ [ 133.4, 33.516666667000038 ], [ 133.4, 33.520833333000041 ], [ 133.406250000000114, 33.520833333000041 ], [ 133.406250000000114, 33.516666667000038 ], [ 133.4, 33.516666667000038 ] ] ] } },
{ "type": "Feature", "properties": { "fid": 285, "OBJECTID": 6895, "KEY_CODE": "503323222", "Pref_CODE": 39, "Pref_Name": "高知県", "Shape_Length": 0.020833331999824622, "Shape_Area": 2.6041662499641423e-05 }, "geometry": { "type": "Polygon", "coordinates": [ [ [ 133.406250000000114, 33.516666667000038 ], [ 133.406250000000114, 33.520833333000041 ], [ 133.4125, 33.520833333000041 ], [ 133.4125, 33.516666667000038 ], [ 133.406250000000114, 33.516666667000038 ] ] ] } },
{ "type": "Feature", "properties": { "fid": 286, "OBJECTID": 6896, "KEY_CODE": "503323223", "Pref_CODE": 39, "Pref_Name": "高知県", "Shape_Length": 0.020833334000030845, "Shape_Area": 2.6041668750049021e-05 }, "geometry": { "type": "Polygon", "coordinates": [ [ [ 133.4, 33.520833333000041 ], [ 133.4, 33.525 ], [ 133.406250000000114, 33.525 ], [ 133.406250000000114, 33.520833333000041 ], [ 133.4, 33.520833333000041 ] ] ] } },
{ "type": "Feature", "properties": { "fid": 287, "OBJECTID": 6897, "KEY_CODE": "503323224", "Pref_CODE": 39, "Pref_Name": "高知県", "Shape_Length": 0.020833333999803472, "Shape_Area": 2.6041668749575326e-05 }, "geometry": { "type": "Polygon", "coordinates": [ [ [ 133.406250000000114, 33.520833333000041 ], [ 133.406250000000114, 33.525 ], [ 133.4125, 33.525 ], [ 133.4125, 33.520833333000041 ], [ 133.406250000000114, 33.520833333000041 ] ] ] } },
{ "type": "Feature", "properties": { "fid": 288, "OBJECTID": 6898, "KEY_CODE": "503323231", "Pref_CODE": 39, "Pref_Name": "高知県", "Shape_Length": 0.020833332000051996, "Shape_Area": 2.6041662500115118e-05 }, "geometry": { "type": "Polygon", "coordinates": [ [ [ 133.4125, 33.516666667000038 ], [ 133.4125, 33.520833333000041 ], [ 133.41875, 33.520833333000041 ], [ 133.41875, 33.516666667000038 ], [ 133.4125, 33.516666667000038 ] ] ] } },
{ "type": "Feature", "properties": { "fid": 289, "OBJECTID": 6899, "KEY_CODE": "503323232", "Pref_CODE": 39, "Pref_Name": "高知県", "Shape_Length": 0.020833332000051996, "Shape_Area": 2.6041662500115118e-05 }, "geometry": { "type": "Polygon", "coordinates": [ [ [ 133.41875, 33.516666667000038 ], [ 133.41875, 33.520833333000041 ], [ 133.425, 33.520833333000041 ], [ 133.425, 33.516666667000038 ], [ 133.41875, 33.516666667000038 ] ] ] } },
{ "type": "Feature", "properties": { "fid": 290, "OBJECTID": 6900, "KEY_CODE": "503323233", "Pref_CODE": 39, "Pref_Name": "高知県", "Shape_Length": 0.020833334000030845, "Shape_Area": 2.6041668750049021e-05 }, "geometry": { "type": "Polygon", "coordinates": [ [ [ 133.4125, 33.520833333000041 ], [ 133.4125, 33.525 ], [ 133.41875, 33.525 ], [ 133.41875, 33.520833333000041 ], [ 133.4125, 33.520833333000041 ] ] ] } },
{ "type": "Feature", "properties": { "fid": 291, "OBJECTID": 6901, "KEY_CODE": "503323234", "Pref_CODE": 39, "Pref_Name": "高知県", "Shape_Length": 0.020833334000030845, "Shape_Area": 2.6041668750049021e-05 }, "geometry": { "type": "Polygon", "coordinates": [ [ [ 133.41875, 33.520833333000041 ], [ 133.41875, 33.525 ], [ 133.425, 33.525 ], [ 133.425, 33.520833333000041 ], [ 133.41875, 33.520833333000041 ] ] ] } },
{ "type": "Feature", "properties": { "fid": 292, "OBJECTID": 6902, "KEY_CODE": "503323241", "Pref_CODE": 39, "Pref_Name": "高知県", "Shape_Length": 0.020833332000051996, "Shape_Area": 2.6041662500115118e-05 }, "geometry": { "type": "Polygon", "coordinates": [ [ [ 133.425, 33.516666667000038 ], [ 133.425, 33.520833333000041 ], [ 133.43125, 33.520833333000041 ], [ 133.43125, 33.516666667000038 ], [ 133.425, 33.516666667000038 ] ] ] } },
{ "type": "Feature", "properties": { "fid": 293, "OBJECTID": 6903, "KEY_CODE": "503323242", "Pref_CODE": 39, "Pref_Name": "高知県", "Shape_Length": 0.020833332000051996, "Shape_Area": 2.6041662500115118e-05 }, "geometry": { "type": "Polygon", "coordinates": [ [ [ 133.43125, 33.516666667000038 ], [ 133.43125, 33.520833333000041 ], [ 133.437500000000114, 33.520833333000041 ], [ 133.437500000000114, 33.516666667000038 ], [ 133.43125, 33.516666667000038 ] ] ] } },
{ "type": "Feature", "properties": { "fid": 294, "OBJECTID": 6904, "KEY_CODE": "503323243", "Pref_CODE": 39, "Pref_Name": "高知県", "Shape_Length": 0.020833334000030845, "Shape_Area": 2.6041668750049021e-05 }, "geometry": { "type": "Polygon", "coordinates": [ [ [ 133.425, 33.520833333000041 ], [ 133.425, 33.525 ], [ 133.43125, 33.525 ], [ 133.43125, 33.520833333000041 ], [ 133.425, 33.520833333000041 ] ] ] } },
{ "type": "Feature", "properties": { "fid": 295, "OBJECTID": 6905, "KEY_CODE": "503323244", "Pref_CODE": 39, "Pref_Name": "高知県", "Shape_Length": 0.020833334000030845, "Shape_Area": 2.6041668750049021e-05 }, "geometry": { "type": "Polygon", "coordinates": [ [ [ 133.43125, 33.520833333000041 ], [ 133.43125, 33.525 ], [ 133.437500000000114, 33.525 ], [ 133.437500000000114, 33.520833333000041 ], [ 133.43125, 33.520833333000041 ] ] ] } },
{ "type": "Feature", "properties": { "fid": 296, "OBJECTID": 6906, "KEY_CODE": "503323251", "Pref_CODE": 39, "Pref_Name": "高知県", "Shape_Length": 0.020833331999824622, "Shape_Area": 2.6041662499641423e-05 }, "geometry": { "type": "Polygon", "coordinates": [ [ [ 133.437500000000114, 33.516666667000038 ], [ 133.437500000000114, 33.520833333000041 ], [ 133.44375, 33.520833333000041 ], [ 133.44375, 33.516666667000038 ], [ 133.437500000000114, 33.516666667000038 ] ] ] } },
{ "type": "Feature", "properties": { "fid": 297, "OBJECTID": 6907, "KEY_CODE": "503323252", "Pref_CODE": 39, "Pref_Name": "高知県", "Shape_Length": 0.020833332000051996, "Shape_Area": 2.6041662500115118e-05 }, "geometry": { "type": "Polygon", "coordinates": [ [ [ 133.44375, 33.516666667000038 ], [ 133.44375, 33.520833333000041 ], [ 133.45, 33.520833333000041 ], [ 133.45, 33.516666667000038 ], [ 133.44375, 33.516666667000038 ] ] ] } },
{ "type": "Feature", "properties": { "fid": 298, "OBJECTID": 6908, "KEY_CODE": "503323253", "Pref_CODE": 39, "Pref_Name": "高知県", "Shape_Length": 0.020833333999803472, "Shape_Area": 2.6041668749575326e-05 }, "geometry": { "type": "Polygon", "coordinates": [ [ [ 133.437500000000114, 33.520833333000041 ], [ 133.437500000000114, 33.525 ], [ 133.44375, 33.525 ], [ 133.44375, 33.520833333000041 ], [ 133.437500000000114, 33.520833333000041 ] ] ] } },
{ "type": "Feature", "properties": { "fid": 299, "OBJECTID": 6909, "KEY_CODE": "503323254", "Pref_CODE": 39, "Pref_Name": "高知県", "Shape_Length": 0.020833334000030845, "Shape_Area": 2.6041668750049021e-05 }, "geometry": { "type": "Polygon", "coordinates": [ [ [ 133.44375, 33.520833333000041 ], [ 133.44375, 33.525 ], [ 133.45, 33.525 ], [ 133.45, 33.520833333000041 ], [ 133.44375, 33.520833333000041 ] ] ] } },
{ "type": "Feature", "properties": { "fid": 300, "OBJECTID": 6910, "KEY_CODE": "503323261", "Pref_CODE": 39, "Pref_Name": "高知県", "Shape_Length": 0.020833332000051996, "Shape_Area": 2.6041662500115118e-05 }, "geometry": { "type": "Polygon", "coordinates": [ [ [ 133.45, 33.516666667000038 ], [ 133.45, 33.520833333000041 ], [ 133.45625, 33.520833333000041 ], [ 133.45625, 33.516666667000038 ], [ 133.45, 33.516666667000038 ] ] ] } },
{ "type": "Feature", "properties": { "fid": 301, "OBJECTID": 6911, "KEY_CODE": "503323262", "Pref_CODE": 39, "Pref_Name": "高知県", "Shape_Length": 0.020833332000051996, "Shape_Area": 2.6041662500115118e-05 }, "geometry": { "type": "Polygon", "coordinates": [ [ [ 133.45625, 33.516666667000038 ], [ 133.45625, 33.520833333000041 ], [ 133.4625, 33.520833333000041 ], [ 133.4625, 33.516666667000038 ], [ 133.45625, 33.516666667000038 ] ] ] } },
{ "type": "Feature", "properties": { "fid": 302, "OBJECTID": 6912, "KEY_CODE": "503323263", "Pref_CODE": 39, "Pref_Name": "高知県", "Shape_Length": 0.020833334000030845, "Shape_Area": 2.6041668750049021e-05 }, "geometry": { "type": "Polygon", "coordinates": [ [ [ 133.45, 33.520833333000041 ], [ 133.45, 33.525 ], [ 133.45625, 33.525 ], [ 133.45625, 33.520833333000041 ], [ 133.45, 33.520833333000041 ] ] ] } },
{ "type": "Feature", "properties": { "fid": 303, "OBJECTID": 6913, "KEY_CODE": "503323264", "Pref_CODE": 39, "Pref_Name": "高知県", "Shape_Length": 0.020833334000030845, "Shape_Area": 2.6041668750049021e-05 }, "geometry": { "type": "Polygon", "coordinates": [ [ [ 133.45625, 33.520833333000041 ], [ 133.45625, 33.525 ], [ 133.4625, 33.525 ], [ 133.4625, 33.520833333000041 ], [ 133.45625, 33.520833333000041 ] ] ] } },
{ "type": "Feature", "properties": { "fid": 304, "OBJECTID": 6914, "KEY_CODE": "503323271", "Pref_CODE": 39, "Pref_Name": "高知県", "Shape_Length": 0.020833332000051996, "Shape_Area": 2.6041662500115118e-05 }, "geometry": { "type": "Polygon", "coordinates": [ [ [ 133.4625, 33.516666667000038 ], [ 133.4625, 33.520833333000041 ], [ 133.468750000000114, 33.520833333000041 ], [ 133.468750000000114, 33.516666667000038 ], [ 133.4625, 33.516666667000038 ] ] ] } },
{ "type": "Feature", "properties": { "fid": 305, "OBJECTID": 6915, "KEY_CODE": "503323272", "Pref_CODE": 39, "Pref_Name": "高知県", "Shape_Length": 0.020833331999824622, "Shape_Area": 2.6041662499641423e-05 }, "geometry": { "type": "Polygon", "coordinates": [ [ [ 133.468750000000114, 33.516666667000038 ], [ 133.468750000000114, 33.520833333000041 ], [ 133.475, 33.520833333000041 ], [ 133.475, 33.516666667000038 ], [ 133.468750000000114, 33.516666667000038 ] ] ] } },
{ "type": "Feature", "properties": { "fid": 306, "OBJECTID": 6916, "KEY_CODE": "503323273", "Pref_CODE": 39, "Pref_Name": "高知県", "Shape_Length": 0.020833334000030845, "Shape_Area": 2.6041668750049021e-05 }, "geometry": { "type": "Polygon", "coordinates": [ [ [ 133.4625, 33.520833333000041 ], [ 133.4625, 33.525 ], [ 133.468750000000114, 33.525 ], [ 133.468750000000114, 33.520833333000041 ], [ 133.4625, 33.520833333000041 ] ] ] } },
{ "type": "Feature", "properties": { "fid": 307, "OBJECTID": 6917, "KEY_CODE": "503323274", "Pref_CODE": 39, "Pref_Name": "高知県", "Shape_Length": 0.020833333999803472, "Shape_Area": 2.6041668749575326e-05 }, "geometry": { "type": "Polygon", "coordinates": [ [ [ 133.468750000000114, 33.520833333000041 ], [ 133.468750000000114, 33.525 ], [ 133.475, 33.525 ], [ 133.475, 33.520833333000041 ], [ 133.468750000000114, 33.520833333000041 ] ] ] } },
{ "type": "Feature", "properties": { "fid": 308, "OBJECTID": 6918, "KEY_CODE": "503323281", "Pref_CODE": 39, "Pref_Name": "高知県", "Shape_Length": 0.020833332000051996, "Shape_Area": 2.6041662500115118e-05 }, "geometry": { "type": "Polygon", "coordinates": [ [ [ 133.475, 33.516666667000038 ], [ 133.475, 33.520833333000041 ], [ 133.48125, 33.520833333000041 ], [ 133.48125, 33.516666667000038 ], [ 133.475, 33.516666667000038 ] ] ] } },
{ "type": "Feature", "properties": { "fid": 309, "OBJECTID": 6919, "KEY_CODE": "503323282", "Pref_CODE": 39, "Pref_Name": "高知県", "Shape_Length": 0.020833332000051996, "Shape_Area": 2.6041662500115118e-05 }, "geometry": { "type": "Polygon", "coordinates": [ [ [ 133.48125, 33.516666667000038 ], [ 133.48125, 33.520833333000041 ], [ 133.4875, 33.520833333000041 ], [ 133.4875, 33.516666667000038 ], [ 133.48125, 33.516666667000038 ] ] ] } },
{ "type": "Feature", "properties": { "fid": 310, "OBJECTID": 6920, "KEY_CODE": "503323283", "Pref_CODE": 39, "Pref_Name": "高知県", "Shape_Length": 0.020833334000030845, "Shape_Area": 2.6041668750049021e-05 }, "geometry": { "type": "Polygon", "coordinates": [ [ [ 133.475, 33.520833333000041 ], [ 133.475, 33.525 ], [ 133.48125, 33.525 ], [ 133.48125, 33.520833333000041 ], [ 133.475, 33.520833333000041 ] ] ] } },
{ "type": "Feature", "properties": { "fid": 311, "OBJECTID": 6921, "KEY_CODE": "503323284", "Pref_CODE": 39, "Pref_Name": "高知県", "Shape_Length": 0.020833334000030845, "Shape_Area": 2.6041668750049021e-05 }, "geometry": { "type": "Polygon", "coordinates": [ [ [ 133.48125, 33.520833333000041 ], [ 133.48125, 33.525 ], [ 133.4875, 33.525 ], [ 133.4875, 33.520833333000041 ], [ 133.48125, 33.520833333000041 ] ] ] } },
{ "type": "Feature", "properties": { "fid": 312, "OBJECTID": 6922, "KEY_CODE": "503323291", "Pref_CODE": 39, "Pref_Name": "高知県", "Shape_Length": 0.020833332000051996, "Shape_Area": 2.6041662500115118e-05 }, "geometry": { "type": "Polygon", "coordinates": [ [ [ 133.4875, 33.516666667000038 ], [ 133.4875, 33.520833333000041 ], [ 133.49375, 33.520833333000041 ], [ 133.49375, 33.516666667000038 ], [ 133.4875, 33.516666667000038 ] ] ] } },
{ "type": "Feature", "properties": { "fid": 313, "OBJECTID": 6923, "KEY_CODE": "503323292", "Pref_CODE": 39, "Pref_Name": "高知県", "Shape_Length": 0.020833332000051996, "Shape_Area": 2.6041662500115118e-05 }, "geometry": { "type": "Polygon", "coordinates": [ [ [ 133.49375, 33.516666667000038 ], [ 133.49375, 33.520833333000041 ], [ 133.500000000000114, 33.520833333000041 ], [ 133.500000000000114, 33.516666667000038 ], [ 133.49375, 33.516666667000038 ] ] ] } },
{ "type": "Feature", "properties": { "fid": 314, "OBJECTID": 6924, "KEY_CODE": "503323293", "Pref_CODE": 39, "Pref_Name": "高知県", "Shape_Length": 0.020833334000030845, "Shape_Area": 2.6041668750049021e-05 }, "geometry": { "type": "Polygon", "coordinates": [ [ [ 133.4875, 33.520833333000041 ], [ 133.4875, 33.525 ], [ 133.49375, 33.525 ], [ 133.49375, 33.520833333000041 ], [ 133.4875, 33.520833333000041 ] ] ] } },
{ "type": "Feature", "properties": { "fid": 315, "OBJECTID": 6925, "KEY_CODE": "503323294", "Pref_CODE": 39, "Pref_Name": "高知県", "Shape_Length": 0.020833334000030845, "Shape_Area": 2.6041668750049021e-05 }, "geometry": { "type": "Polygon", "coordinates": [ [ [ 133.49375, 33.520833333000041 ], [ 133.49375, 33.525 ], [ 133.500000000000114, 33.525 ], [ 133.500000000000114, 33.520833333000041 ], [ 133.49375, 33.520833333000041 ] ] ] } },
{ "type": "Feature", "properties": { "fid": 316, "OBJECTID": 6931, "KEY_CODE": "503323312", "Pref_CODE": 39, "Pref_Name": "高知県", "Shape_Length": 0.020833334000030845, "Shape_Area": 2.6041668750049021e-05 }, "geometry": { "type": "Polygon", "coordinates": [ [ [ 133.4, 33.529166667000027 ], [ 133.4, 33.525 ], [ 133.39435083, 33.525 ], [ 133.39435083, 33.529166667000027 ], [ 133.4, 33.529166667000027 ] ] ] } },
{ "type": "Feature", "properties": { "fid": 317, "OBJECTID": 6933, "KEY_CODE": "503323314", "Pref_CODE": 39, "Pref_Name": "高知県", "Shape_Length": 0.020833332000051996, "Shape_Area": 2.6041662500115118e-05 }, "geometry": { "type": "Polygon", "coordinates": [ [ [ 133.4, 33.53333333300003 ], [ 133.4, 33.529166667000027 ], [ 133.39435083, 33.529166667000027 ], [ 133.39435083, 33.53333333300003 ], [ 133.4, 33.53333333300003 ] ] ] } },
{ "type": "Feature", "properties": { "fid": 318, "OBJECTID": 6934, "KEY_CODE": "503323321", "Pref_CODE": 39, "Pref_Name": "高知県", "Shape_Length": 0.020833334000030845, "Shape_Area": 2.6041668750049021e-05 }, "geometry": { "type": "Polygon", "coordinates": [ [ [ 133.4, 33.525 ], [ 133.4, 33.529166667000027 ], [ 133.406250000000114, 33.529166667000027 ], [ 133.406250000000114, 33.525 ], [ 133.4, 33.525 ] ] ] } },
{ "type": "Feature", "properties": { "fid": 319, "OBJECTID": 6935, "KEY_CODE": "503323322", "Pref_CODE": 39, "Pref_Name": "高知県", "Shape_Length": 0.020833333999803472, "Shape_Area": 2.6041668749575326e-05 }, "geometry": { "type": "Polygon", "coordinates": [ [ [ 133.406250000000114, 33.525 ], [ 133.406250000000114, 33.529166667000027 ], [ 133.4125, 33.529166667000027 ], [ 133.4125, 33.525 ], [ 133.406250000000114, 33.525 ] ] ] } },
{ "type": "Feature", "properties": { "fid": 320, "OBJECTID": 6936, "KEY_CODE": "503323323", "Pref_CODE": 39, "Pref_Name": "高知県", "Shape_Length": 0.020833332000051996, "Shape_Area": 2.6041662500115118e-05 }, "geometry": { "type": "Polygon", "coordinates": [ [ [ 133.4, 33.529166667000027 ], [ 133.4, 33.53333333300003 ], [ 133.406250000000114, 33.53333333300003 ], [ 133.406250000000114, 33.529166667000027 ], [ 133.4, 33.529166667000027 ] ] ] } },
{ "type": "Feature", "properties": { "fid": 321, "OBJECTID": 6937, "KEY_CODE": "503323324", "Pref_CODE": 39, "Pref_Name": "高知県", "Shape_Length": 0.020833331999824622, "Shape_Area": 2.6041662499641423e-05 }, "geometry": { "type": "Polygon", "coordinates": [ [ [ 133.406250000000114, 33.529166667000027 ], [ 133.406250000000114, 33.53333333300003 ], [ 133.4125, 33.53333333300003 ], [ 133.4125, 33.529166667000027 ], [ 133.406250000000114, 33.529166667000027 ] ] ] } },
{ "type": "Feature", "properties": { "fid": 322, "OBJECTID": 6938, "KEY_CODE": "503323331", "Pref_CODE": 39, "Pref_Name": "高知県", "Shape_Length": 0.020833334000030845, "Shape_Area": 2.6041668750049021e-05 }, "geometry": { "type": "Polygon", "coordinates": [ [ [ 133.4125, 33.525 ], [ 133.4125, 33.529166667000027 ], [ 133.41875, 33.529166667000027 ], [ 133.41875, 33.525 ], [ 133.4125, 33.525 ] ] ] } },
{ "type": "Feature", "properties": { "fid": 323, "OBJECTID": 6939, "KEY_CODE": "503323332", "Pref_CODE": 39, "Pref_Name": "高知県", "Shape_Length": 0.020833334000030845, "Shape_Area": 2.6041668750049021e-05 }, "geometry": { "type": "Polygon", "coordinates": [ [ [ 133.41875, 33.525 ], [ 133.41875, 33.529166667000027 ], [ 133.425, 33.529166667000027 ], [ 133.425, 33.525 ], [ 133.41875, 33.525 ] ] ] } },
{ "type": "Feature", "properties": { "fid": 324, "OBJECTID": 6940, "KEY_CODE": "503323333", "Pref_CODE": 39, "Pref_Name": "高知県", "Shape_Length": 0.020833332000051996, "Shape_Area": 2.6041662500115118e-05 }, "geometry": { "type": "Polygon", "coordinates": [ [ [ 133.4125, 33.529166667000027 ], [ 133.4125, 33.53333333300003 ], [ 133.41875, 33.53333333300003 ], [ 133.41875, 33.529166667000027 ], [ 133.4125, 33.529166667000027 ] ] ] } },
{ "type": "Feature", "properties": { "fid": 325, "OBJECTID": 6941, "KEY_CODE": "503323334", "Pref_CODE": 39, "Pref_Name": "高知県", "Shape_Length": 0.020833332000051996, "Shape_Area": 2.6041662500115118e-05 }, "geometry": { "type": "Polygon", "coordinates": [ [ [ 133.41875, 33.529166667000027 ], [ 133.41875, 33.53333333300003 ], [ 133.425, 33.53333333300003 ], [ 133.425, 33.529166667000027 ], [ 133.41875, 33.529166667000027 ] ] ] } },
{ "type": "Feature", "properties": { "fid": 326, "OBJECTID": 6942, "KEY_CODE": "503323341", "Pref_CODE": 39, "Pref_Name": "高知県", "Shape_Length": 0.020833334000030845, "Shape_Area": 2.6041668750049021e-05 }, "geometry": { "type": "Polygon", "coordinates": [ [ [ 133.425, 33.525 ], [ 133.425, 33.529166667000027 ], [ 133.43125, 33.529166667000027 ], [ 133.43125, 33.525 ], [ 133.425, 33.525 ] ] ] } },
{ "type": "Feature", "properties": { "fid": 327, "OBJECTID": 6943, "KEY_CODE": "503323342", "Pref_CODE": 39, "Pref_Name": "高知県", "Shape_Length": 0.020833334000030845, "Shape_Area": 2.6041668750049021e-05 }, "geometry": { "type": "Polygon", "coordinates": [ [ [ 133.43125, 33.525 ], [ 133.43125, 33.529166667000027 ], [ 133.437500000000114, 33.529166667000027 ], [ 133.437500000000114, 33.525 ], [ 133.43125, 33.525 ] ] ] } },
{ "type": "Feature", "properties": { "fid": 328, "OBJECTID": 6944, "KEY_CODE": "503323343", "Pref_CODE": 39, "Pref_Name": "高知県", "Shape_Length": 0.020833332000051996, "Shape_Area": 2.6041662500115118e-05 }, "geometry": { "type": "Polygon", "coordinates": [ [ [ 133.425, 33.529166667000027 ], [ 133.425, 33.53333333300003 ], [ 133.43125, 33.53333333300003 ], [ 133.43125, 33.529166667000027 ], [ 133.425, 33.529166667000027 ] ] ] } },
{ "type": "Feature", "properties": { "fid": 329, "OBJECTID": 6945, "KEY_CODE": "503323344", "Pref_CODE": 39, "Pref_Name": "高知県", "Shape_Length": 0.020833332000051996, "Shape_Area": 2.6041662500115118e-05 }, "geometry": { "type": "Polygon", "coordinates": [ [ [ 133.43125, 33.529166667000027 ], [ 133.43125, 33.53333333300003 ], [ 133.437500000000114, 33.53333333300003 ], [ 133.437500000000114, 33.529166667000027 ], [ 133.43125, 33.529166667000027 ] ] ] } },
{ "type": "Feature", "properties": { "fid": 330, "OBJECTID": 6946, "KEY_CODE": "503323351", "Pref_CODE": 39, "Pref_Name": "高知県", "Shape_Length": 0.020833333999803472, "Shape_Area": 2.6041668749575326e-05 }, "geometry": { "type": "Polygon", "coordinates": [ [ [ 133.437500000000114, 33.525 ], [ 133.437500000000114, 33.529166667000027 ], [ 133.44375, 33.529166667000027 ], [ 133.44375, 33.525 ], [ 133.437500000000114, 33.525 ] ] ] } },
{ "type": "Feature", "properties": { "fid": 331, "OBJECTID": 6947, "KEY_CODE": "503323352", "Pref_CODE": 39, "Pref_Name": "高知県", "Shape_Length": 0.020833334000030845, "Shape_Area": 2.6041668750049021e-05 }, "geometry": { "type": "Polygon", "coordinates": [ [ [ 133.44375, 33.525 ], [ 133.44375, 33.529166667000027 ], [ 133.45, 33.529166667000027 ], [ 133.45, 33.525 ], [ 133.44375, 33.525 ] ] ] } },
{ "type": "Feature", "properties": { "fid": 332, "OBJECTID": 6948, "KEY_CODE": "503323353", "Pref_CODE": 39, "Pref_Name": "高知県", "Shape_Length": 0.020833331999824622, "Shape_Area": 2.6041662499641423e-05 }, "geometry": { "type": "Polygon", "coordinates": [ [ [ 133.437500000000114, 33.529166667000027 ], [ 133.437500000000114, 33.53333333300003 ], [ 133.44375, 33.53333333300003 ], [ 133.44375, 33.529166667000027 ], [ 133.437500000000114, 33.529166667000027 ] ] ] } },
{ "type": "Feature", "properties": { "fid": 333, "OBJECTID": 6949, "KEY_CODE": "503323354", "Pref_CODE": 39, "Pref_Name": "高知県", "Shape_Length": 0.020833332000051996, "Shape_Area": 2.6041662500115118e-05 }, "geometry": { "type": "Polygon", "coordinates": [ [ [ 133.44375, 33.529166667000027 ], [ 133.44375, 33.53333333300003 ], [ 133.45, 33.53333333300003 ], [ 133.45, 33.529166667000027 ], [ 133.44375, 33.529166667000027 ] ] ] } },
{ "type": "Feature", "properties": { "fid": 334, "OBJECTID": 6950, "KEY_CODE": "503323361", "Pref_CODE": 39, "Pref_Name": "高知県", "Shape_Length": 0.020833334000030845, "Shape_Area": 2.6041668750049021e-05 }, "geometry": { "type": "Polygon", "coordinates": [ [ [ 133.45, 33.525 ], [ 133.45, 33.529166667000027 ], [ 133.45625, 33.529166667000027 ], [ 133.45625, 33.525 ], [ 133.45, 33.525 ] ] ] } },
{ "type": "Feature", "properties": { "fid": 335, "OBJECTID": 6951, "KEY_CODE": "503323362", "Pref_CODE": 39, "Pref_Name": "高知県", "Shape_Length": 0.020833334000030845, "Shape_Area": 2.6041668750049021e-05 }, "geometry": { "type": "Polygon", "coordinates": [ [ [ 133.45625, 33.525 ], [ 133.45625, 33.529166667000027 ], [ 133.4625, 33.529166667000027 ], [ 133.4625, 33.525 ], [ 133.45625, 33.525 ] ] ] } },
{ "type": "Feature", "properties": { "fid": 336, "OBJECTID": 6952, "KEY_CODE": "503323363", "Pref_CODE": 39, "Pref_Name": "高知県", "Shape_Length": 0.020833332000051996, "Shape_Area": 2.6041662500115118e-05 }, "geometry": { "type": "Polygon", "coordinates": [ [ [ 133.45, 33.529166667000027 ], [ 133.45, 33.53333333300003 ], [ 133.45625, 33.53333333300003 ], [ 133.45625, 33.529166667000027 ], [ 133.45, 33.529166667000027 ] ] ] } },
{ "type": "Feature", "properties": { "fid": 337, "OBJECTID": 6953, "KEY_CODE": "503323364", "Pref_CODE": 39, "Pref_Name": "高知県", "Shape_Length": 0.020833332000051996, "Shape_Area": 2.6041662500115118e-05 }, "geometry": { "type": "Polygon", "coordinates": [ [ [ 133.45625, 33.529166667000027 ], [ 133.45625, 33.53333333300003 ], [ 133.4625, 33.53333333300003 ], [ 133.4625, 33.529166667000027 ], [ 133.45625, 33.529166667000027 ] ] ] } },
{ "type": "Feature", "properties": { "fid": 338, "OBJECTID": 6954, "KEY_CODE": "503323371", "Pref_CODE": 39, "Pref_Name": "高知県", "Shape_Length": 0.020833334000030845, "Shape_Area": 2.6041668750049021e-05 }, "geometry": { "type": "Polygon", "coordinates": [ [ [ 133.4625, 33.525 ], [ 133.4625, 33.529166667000027 ], [ 133.468750000000114, 33.529166667000027 ], [ 133.468750000000114, 33.525 ], [ 133.4625, 33.525 ] ] ] } },
{ "type": "Feature", "properties": { "fid": 339, "OBJECTID": 6955, "KEY_CODE": "503323372", "Pref_CODE": 39, "Pref_Name": "高知県", "Shape_Length": 0.020833333999803472, "Shape_Area": 2.6041668749575326e-05 }, "geometry": { "type": "Polygon", "coordinates": [ [ [ 133.468750000000114, 33.525 ], [ 133.468750000000114, 33.529166667000027 ], [ 133.475, 33.529166667000027 ], [ 133.475, 33.525 ], [ 133.468750000000114, 33.525 ] ] ] } },
{ "type": "Feature", "properties": { "fid": 340, "OBJECTID": 6956, "KEY_CODE": "503323373", "Pref_CODE": 39, "Pref_Name": "高知県", "Shape_Length": 0.020833332000051996, "Shape_Area": 2.6041662500115118e-05 }, "geometry": { "type": "Polygon", "coordinates": [ [ [ 133.4625, 33.529166667000027 ], [ 133.4625, 33.53333333300003 ], [ 133.468750000000114, 33.53333333300003 ], [ 133.468750000000114, 33.529166667000027 ], [ 133.4625, 33.529166667000027 ] ] ] } },
{ "type": "Feature", "properties": { "fid": 341, "OBJECTID": 6957, "KEY_CODE": "503323374", "Pref_CODE": 39, "Pref_Name": "高知県", "Shape_Length": 0.020833331999824622, "Shape_Area": 2.6041662499641423e-05 }, "geometry": { "type": "Polygon", "coordinates": [ [ [ 133.468750000000114, 33.529166667000027 ], [ 133.468750000000114, 33.53333333300003 ], [ 133.475, 33.53333333300003 ], [ 133.475, 33.529166667000027 ], [ 133.468750000000114, 33.529166667000027 ] ] ] } },
{ "type": "Feature", "properties": { "fid": 342, "OBJECTID": 6958, "KEY_CODE": "503323381", "Pref_CODE": 39, "Pref_Name": "高知県", "Shape_Length": 0.020833334000030845, "Shape_Area": 2.6041668750049021e-05 }, "geometry": { "type": "Polygon", "coordinates": [ [ [ 133.475, 33.525 ], [ 133.475, 33.529166667000027 ], [ 133.48125, 33.529166667000027 ], [ 133.48125, 33.525 ], [ 133.475, 33.525 ] ] ] } },
{ "type": "Feature", "properties": { "fid": 343, "OBJECTID": 6959, "KEY_CODE": "503323382", "Pref_CODE": 39, "Pref_Name": "高知県", "Shape_Length": 0.020833334000030845, "Shape_Area": 2.6041668750049021e-05 }, "geometry": { "type": "Polygon", "coordinates": [ [ [ 133.48125, 33.525 ], [ 133.48125, 33.529166667000027 ], [ 133.4875, 33.529166667000027 ], [ 133.4875, 33.525 ], [ 133.48125, 33.525 ] ] ] } },
{ "type": "Feature", "properties": { "fid": 344, "OBJECTID": 6960, "KEY_CODE": "503323383", "Pref_CODE": 39, "Pref_Name": "高知県", "Shape_Length": 0.020833332000051996, "Shape_Area": 2.6041662500115118e-05 }, "geometry": { "type": "Polygon", "coordinates": [ [ [ 133.475, 33.529166667000027 ], [ 133.475, 33.53333333300003 ], [ 133.48125, 33.53333333300003 ], [ 133.48125, 33.529166667000027 ], [ 133.475, 33.529166667000027 ] ] ] } },
{ "type": "Feature", "properties": { "fid": 345, "OBJECTID": 6961, "KEY_CODE": "503323384", "Pref_CODE": 39, "Pref_Name": "高知県", "Shape_Length": 0.020833332000051996, "Shape_Area": 2.6041662500115118e-05 }, "geometry": { "type": "Polygon", "coordinates": [ [ [ 133.48125, 33.529166667000027 ], [ 133.48125, 33.53333333300003 ], [ 133.4875, 33.53333333300003 ], [ 133.4875, 33.529166667000027 ], [ 133.48125, 33.529166667000027 ] ] ] } },
{ "type": "Feature", "properties": { "fid": 346, "OBJECTID": 6962, "KEY_CODE": "503323391", "Pref_CODE": 39, "Pref_Name": "高知県", "Shape_Length": 0.020833334000030845, "Shape_Area": 2.6041668750049021e-05 }, "geometry": { "type": "Polygon", "coordinates": [ [ [ 133.4875, 33.525 ], [ 133.4875, 33.529166667000027 ], [ 133.49375, 33.529166667000027 ], [ 133.49375, 33.525 ], [ 133.4875, 33.525 ] ] ] } },
{ "type": "Feature", "properties": { "fid": 347, "OBJECTID": 6963, "KEY_CODE": "503323392", "Pref_CODE": 39, "Pref_Name": "高知県", "Shape_Length": 0.020833334000030845, "Shape_Area": 2.6041668750049021e-05 }, "geometry": { "type": "Polygon", "coordinates": [ [ [ 133.49375, 33.525 ], [ 133.49375, 33.529166667000027 ], [ 133.500000000000114, 33.529166667000027 ], [ 133.500000000000114, 33.525 ], [ 133.49375, 33.525 ] ] ] } },
{ "type": "Feature", "properties": { "fid": 348, "OBJECTID": 6964, "KEY_CODE": "503323393", "Pref_CODE": 39, "Pref_Name": "高知県", "Shape_Length": 0.020833332000051996, "Shape_Area": 2.6041662500115118e-05 }, "geometry": { "type": "Polygon", "coordinates": [ [ [ 133.4875, 33.529166667000027 ], [ 133.4875, 33.53333333300003 ], [ 133.49375, 33.53333333300003 ], [ 133.49375, 33.529166667000027 ], [ 133.4875, 33.529166667000027 ] ] ] } },
{ "type": "Feature", "properties": { "fid": 349, "OBJECTID": 6965, "KEY_CODE": "503323394", "Pref_CODE": 39, "Pref_Name": "高知県", "Shape_Length": 0.020833332000051996, "Shape_Area": 2.6041662500115118e-05 }, "geometry": { "type": "Polygon", "coordinates": [ [ [ 133.49375, 33.529166667000027 ], [ 133.49375, 33.53333333300003 ], [ 133.500000000000114, 33.53333333300003 ], [ 133.500000000000114, 33.529166667000027 ], [ 133.49375, 33.529166667000027 ] ] ] } },
{ "type": "Feature", "properties": { "fid": 350, "OBJECTID": 6971, "KEY_CODE": "503323412", "Pref_CODE": 39, "Pref_Name": "高知県", "Shape_Length": 0.020833334000144532, "Shape_Area": 2.6041668750404293e-05 }, "geometry": { "type": "Polygon", "coordinates": [ [ [ 133.4, 33.5375 ], [ 133.4, 33.53333333300003 ], [ 133.39435083, 33.53333333300003 ], [ 133.39435083, 33.5375 ], [ 133.4, 33.5375 ] ] ] } },
{ "type": "Feature", "properties": { "fid": 351, "OBJECTID": 6973, "KEY_CODE": "503323414", "Pref_CODE": 39, "Pref_Name": "高知県", "Shape_Length": 0.020833334000030845, "Shape_Area": 2.6041668750049021e-05 }, "geometry": { "type": "Polygon", "coordinates": [ [ [ 133.4, 33.541666667000072 ], [ 133.4, 33.5375 ], [ 133.39435083, 33.5375 ], [ 133.39435083, 33.541666667000072 ], [ 133.4, 33.541666667000072 ] ] ] } },
{ "type": "Feature", "properties": { "fid": 352, "OBJECTID": 6974, "KEY_CODE": "503323421", "Pref_CODE": 39, "Pref_Name": "高知県", "Shape_Length": 0.020833334000144532, "Shape_Area": 2.6041668750404293e-05 }, "geometry": { "type": "Polygon", "coordinates": [ [ [ 133.4, 33.53333333300003 ], [ 133.4, 33.5375 ], [ 133.406250000000114, 33.5375 ], [ 133.406250000000114, 33.53333333300003 ], [ 133.4, 33.53333333300003 ] ] ] } },
{ "type": "Feature", "properties": { "fid": 353, "OBJECTID": 6975, "KEY_CODE": "503323422", "Pref_CODE": 39, "Pref_Name": "高知県", "Shape_Length": 0.020833333999917159, "Shape_Area": 2.6041668749930599e-05 }, "geometry": { "type": "Polygon", "coordinates": [ [ [ 133.406250000000114, 33.53333333300003 ], [ 133.406250000000114, 33.5375 ], [ 133.4125, 33.5375 ], [ 133.4125, 33.53333333300003 ], [ 133.406250000000114, 33.53333333300003 ] ] ] } },
{ "type": "Feature", "properties": { "fid": 354, "OBJECTID": 6976, "KEY_CODE": "503323423", "Pref_CODE": 39, "Pref_Name": "高知県", "Shape_Length": 0.020833334000030845, "Shape_Area": 2.6041668750049021e-05 }, "geometry": { "type": "Polygon", "coordinates": [ [ [ 133.4, 33.5375 ], [ 133.4, 33.541666667000072 ], [ 133.406250000000114, 33.541666667000072 ], [ 133.406250000000114, 33.5375 ], [ 133.4, 33.5375 ] ] ] } },
{ "type": "Feature", "properties": { "fid": 355, "OBJECTID": 6977, "KEY_CODE": "503323424", "Pref_CODE": 39, "Pref_Name": "高知県", "Shape_Length": 0.020833333999803472, "Shape_Area": 2.6041668749575326e-05 }, "geometry": { "type": "Polygon", "coordinates": [ [ [ 133.406250000000114, 33.5375 ], [ 133.406250000000114, 33.541666667000072 ], [ 133.4125, 33.541666667000072 ], [ 133.4125, 33.5375 ], [ 133.406250000000114, 33.5375 ] ] ] } },
{ "type": "Feature", "properties": { "fid": 356, "OBJECTID": 6978, "KEY_CODE": "503323431", "Pref_CODE": 39, "Pref_Name": "高知県", "Shape_Length": 0.020833334000144532, "Shape_Area": 2.6041668750404293e-05 }, "geometry": { "type": "Polygon", "coordinates": [ [ [ 133.4125, 33.53333333300003 ], [ 133.4125, 33.5375 ], [ 133.41875, 33.5375 ], [ 133.41875, 33.53333333300003 ], [ 133.4125, 33.53333333300003 ] ] ] } },
{ "type": "Feature", "properties": { "fid": 357, "OBJECTID": 6979, "KEY_CODE": "503323432", "Pref_CODE": 39, "Pref_Name": "高知県", "Shape_Length": 0.020833334000144532, "Shape_Area": 2.6041668750404293e-05 }, "geometry": { "type": "Polygon", "coordinates": [ [ [ 133.41875, 33.53333333300003 ], [ 133.41875, 33.5375 ], [ 133.425, 33.5375 ], [ 133.425, 33.53333333300003 ], [ 133.41875, 33.53333333300003 ] ] ] } },
{ "type": "Feature", "properties": { "fid": 358, "OBJECTID": 6980, "KEY_CODE": "503323433", "Pref_CODE": 39, "Pref_Name": "高知県", "Shape_Length": 0.020833334000030845, "Shape_Area": 2.6041668750049021e-05 }, "geometry": { "type": "Polygon", "coordinates": [ [ [ 133.4125, 33.5375 ], [ 133.4125, 33.541666667000072 ], [ 133.41875, 33.541666667000072 ], [ 133.41875, 33.5375 ], [ 133.4125, 33.5375 ] ] ] } },
{ "type": "Feature", "properties": { "fid": 359, "OBJECTID": 6981, "KEY_CODE": "503323434", "Pref_CODE": 39, "Pref_Name": "高知県", "Shape_Length": 0.020833334000030845, "Shape_Area": 2.6041668750049021e-05 }, "geometry": { "type": "Polygon", "coordinates": [ [ [ 133.41875, 33.5375 ], [ 133.41875, 33.541666667000072 ], [ 133.425, 33.541666667000072 ], [ 133.425, 33.5375 ], [ 133.41875, 33.5375 ] ] ] } },
{ "type": "Feature", "properties": { "fid": 360, "OBJECTID": 6982, "KEY_CODE": "503323441", "Pref_CODE": 39, "Pref_Name": "高知県", "Shape_Length": 0.020833334000144532, "Shape_Area": 2.6041668750404293e-05 }, "geometry": { "type": "Polygon", "coordinates": [ [ [ 133.425, 33.53333333300003 ], [ 133.425, 33.5375 ], [ 133.43125, 33.5375 ], [ 133.43125, 33.53333333300003 ], [ 133.425, 33.53333333300003 ] ] ] } },
{ "type": "Feature", "properties": { "fid": 361, "OBJECTID": 6983, "KEY_CODE": "503323442", "Pref_CODE": 39, "Pref_Name": "高知県", "Shape_Length": 0.020833334000144532, "Shape_Area": 2.6041668750404293e-05 }, "geometry": { "type": "Polygon", "coordinates": [ [ [ 133.43125, 33.53333333300003 ], [ 133.43125, 33.5375 ], [ 133.437500000000114, 33.5375 ], [ 133.437500000000114, 33.53333333300003 ], [ 133.43125, 33.53333333300003 ] ] ] } },
{ "type": "Feature", "properties": { "fid": 362, "OBJECTID": 6984, "KEY_CODE": "503323443", "Pref_CODE": 39, "Pref_Name": "高知県", "Shape_Length": 0.020833334000030845, "Shape_Area": 2.6041668750049021e-05 }, "geometry": { "type": "Polygon", "coordinates": [ [ [ 133.425, 33.5375 ], [ 133.425, 33.541666667000072 ], [ 133.43125, 33.541666667000072 ], [ 133.43125, 33.5375 ], [ 133.425, 33.5375 ] ] ] } },
{ "type": "Feature", "properties": { "fid": 363, "OBJECTID": 6985, "KEY_CODE": "503323444", "Pref_CODE": 39, "Pref_Name": "高知県", "Shape_Length": 0.020833334000030845, "Shape_Area": 2.6041668750049021e-05 }, "geometry": { "type": "Polygon", "coordinates": [ [ [ 133.43125, 33.5375 ], [ 133.43125, 33.541666667000072 ], [ 133.437500000000114, 33.541666667000072 ], [ 133.437500000000114, 33.5375 ], [ 133.43125, 33.5375 ] ] ] } },
{ "type": "Feature", "properties": { "fid": 364, "OBJECTID": 6986, "KEY_CODE": "503323451", "Pref_CODE": 39, "Pref_Name": "高知県", "Shape_Length": 0.020833333999917159, "Shape_Area": 2.6041668749930599e-05 }, "geometry": { "type": "Polygon", "coordinates": [ [ [ 133.437500000000114, 33.53333333300003 ], [ 133.437500000000114, 33.5375 ], [ 133.44375, 33.5375 ], [ 133.44375, 33.53333333300003 ], [ 133.437500000000114, 33.53333333300003 ] ] ] } },
{ "type": "Feature", "properties": { "fid": 365, "OBJECTID": 6987, "KEY_CODE": "503323452", "Pref_CODE": 39, "Pref_Name": "高知県", "Shape_Length": 0.020833334000144532, "Shape_Area": 2.6041668750404293e-05 }, "geometry": { "type": "Polygon", "coordinates": [ [ [ 133.44375, 33.53333333300003 ], [ 133.44375, 33.5375 ], [ 133.45, 33.5375 ], [ 133.45, 33.53333333300003 ], [ 133.44375, 33.53333333300003 ] ] ] } },
{ "type": "Feature", "properties": { "fid": 366, "OBJECTID": 6988, "KEY_CODE": "503323453", "Pref_CODE": 39, "Pref_Name": "高知県", "Shape_Length": 0.020833333999803472, "Shape_Area": 2.6041668749575326e-05 }, "geometry": { "type": "Polygon", "coordinates": [ [ [ 133.437500000000114, 33.5375 ], [ 133.437500000000114, 33.541666667000072 ], [ 133.44375, 33.541666667000072 ], [ 133.44375, 33.5375 ], [ 133.437500000000114, 33.5375 ] ] ] } },
{ "type": "Feature", "properties": { "fid": 367, "OBJECTID": 6989, "KEY_CODE": "503323454", "Pref_CODE": 39, "Pref_Name": "高知県", "Shape_Length": 0.020833334000030845, "Shape_Area": 2.6041668750049021e-05 }, "geometry": { "type": "Polygon", "coordinates": [ [ [ 133.44375, 33.5375 ], [ 133.44375, 33.541666667000072 ], [ 133.45, 33.541666667000072 ], [ 133.45, 33.5375 ], [ 133.44375, 33.5375 ] ] ] } },
{ "type": "Feature", "properties": { "fid": 368, "OBJECTID": 6990, "KEY_CODE": "503323461", "Pref_CODE": 39, "Pref_Name": "高知県", "Shape_Length": 0.020833334000144532, "Shape_Area": 2.6041668750404293e-05 }, "geometry": { "type": "Polygon", "coordinates": [ [ [ 133.45, 33.53333333300003 ], [ 133.45, 33.5375 ], [ 133.45625, 33.5375 ], [ 133.45625, 33.53333333300003 ], [ 133.45, 33.53333333300003 ] ] ] } },
{ "type": "Feature", "properties": { "fid": 369, "OBJECTID": 6991, "KEY_CODE": "503323462", "Pref_CODE": 39, "Pref_Name": "高知県", "Shape_Length": 0.020833334000144532, "Shape_Area": 2.6041668750404293e-05 }, "geometry": { "type": "Polygon", "coordinates": [ [ [ 133.45625, 33.53333333300003 ], [ 133.45625, 33.5375 ], [ 133.4625, 33.5375 ], [ 133.4625, 33.53333333300003 ], [ 133.45625, 33.53333333300003 ] ] ] } },
{ "type": "Feature", "properties": { "fid": 370, "OBJECTID": 6992, "KEY_CODE": "503323463", "Pref_CODE": 39, "Pref_Name": "高知県", "Shape_Length": 0.020833334000030845, "Shape_Area": 2.6041668750049021e-05 }, "geometry": { "type": "Polygon", "coordinates": [ [ [ 133.45, 33.5375 ], [ 133.45, 33.541666667000072 ], [ 133.45625, 33.541666667000072 ], [ 133.45625, 33.5375 ], [ 133.45, 33.5375 ] ] ] } },
{ "type": "Feature", "properties": { "fid": 371, "OBJECTID": 6993, "KEY_CODE": "503323464", "Pref_CODE": 39, "Pref_Name": "高知県", "Shape_Length": 0.020833334000030845, "Shape_Area": 2.6041668750049021e-05 }, "geometry": { "type": "Polygon", "coordinates": [ [ [ 133.45625, 33.5375 ], [ 133.45625, 33.541666667000072 ], [ 133.4625, 33.541666667000072 ], [ 133.4625, 33.5375 ], [ 133.45625, 33.5375 ] ] ] } },
{ "type": "Feature", "properties": { "fid": 372, "OBJECTID": 6994, "KEY_CODE": "503323471", "Pref_CODE": 39, "Pref_Name": "高知県", "Shape_Length": 0.020833334000144532, "Shape_Area": 2.6041668750404293e-05 }, "geometry": { "type": "Polygon", "coordinates": [ [ [ 133.4625, 33.53333333300003 ], [ 133.4625, 33.5375 ], [ 133.468750000000114, 33.5375 ], [ 133.468750000000114, 33.53333333300003 ], [ 133.4625, 33.53333333300003 ] ] ] } },
{ "type": "Feature", "properties": { "fid": 373, "OBJECTID": 6995, "KEY_CODE": "503323472", "Pref_CODE": 39, "Pref_Name": "高知県", "Shape_Length": 0.020833333999917159, "Shape_Area": 2.6041668749930599e-05 }, "geometry": { "type": "Polygon", "coordinates": [ [ [ 133.468750000000114, 33.53333333300003 ], [ 133.468750000000114, 33.5375 ], [ 133.475, 33.5375 ], [ 133.475, 33.53333333300003 ], [ 133.468750000000114, 33.53333333300003 ] ] ] } },
{ "type": "Feature", "properties": { "fid": 374, "OBJECTID": 6996, "KEY_CODE": "503323473", "Pref_CODE": 39, "Pref_Name": "高知県", "Shape_Length": 0.020833334000030845, "Shape_Area": 2.6041668750049021e-05 }, "geometry": { "type": "Polygon", "coordinates": [ [ [ 133.4625, 33.5375 ], [ 133.4625, 33.541666667000072 ], [ 133.468750000000114, 33.541666667000072 ], [ 133.468750000000114, 33.5375 ], [ 133.4625, 33.5375 ] ] ] } },
{ "type": "Feature", "properties": { "fid": 375, "OBJECTID": 6997, "KEY_CODE": "503323474", "Pref_CODE": 39, "Pref_Name": "高知県", "Shape_Length": 0.020833333999803472, "Shape_Area": 2.6041668749575326e-05 }, "geometry": { "type": "Polygon", "coordinates": [ [ [ 133.468750000000114, 33.5375 ], [ 133.468750000000114, 33.541666667000072 ], [ 133.475, 33.541666667000072 ], [ 133.475, 33.5375 ], [ 133.468750000000114, 33.5375 ] ] ] } },
{ "type": "Feature", "properties": { "fid": 376, "OBJECTID": 6998, "KEY_CODE": "503323481", "Pref_CODE": 39, "Pref_Name": "高知県", "Shape_Length": 0.020833334000144532, "Shape_Area": 2.6041668750404293e-05 }, "geometry": { "type": "Polygon", "coordinates": [ [ [ 133.475, 33.53333333300003 ], [ 133.475, 33.5375 ], [ 133.48125, 33.5375 ], [ 133.48125, 33.53333333300003 ], [ 133.475, 33.53333333300003 ] ] ] } },
{ "type": "Feature", "properties": { "fid": 377, "OBJECTID": 6999, "KEY_CODE": "503323482", "Pref_CODE": 39, "Pref_Name": "高知県", "Shape_Length": 0.020833334000144532, "Shape_Area": 2.6041668750404293e-05 }, "geometry": { "type": "Polygon", "coordinates": [ [ [ 133.48125, 33.53333333300003 ], [ 133.48125, 33.5375 ], [ 133.4875, 33.5375 ], [ 133.4875, 33.53333333300003 ], [ 133.48125, 33.53333333300003 ] ] ] } },
{ "type": "Feature", "properties": { "fid": 378, "OBJECTID": 7000, "KEY_CODE": "503323483", "Pref_CODE": 39, "Pref_Name": "高知県", "Shape_Length": 0.020833334000030845, "Shape_Area": 2.6041668750049021e-05 }, "geometry": { "type": "Polygon", "coordinates": [ [ [ 133.475, 33.5375 ], [ 133.475, 33.541666667000072 ], [ 133.48125, 33.541666667000072 ], [ 133.48125, 33.5375 ], [ 133.475, 33.5375 ] ] ] } },
{ "type": "Feature", "properties": { "fid": 379, "OBJECTID": 7001, "KEY_CODE": "503323484", "Pref_CODE": 39, "Pref_Name": "高知県", "Shape_Length": 0.020833334000030845, "Shape_Area": 2.6041668750049021e-05 }, "geometry": { "type": "Polygon", "coordinates": [ [ [ 133.48125, 33.5375 ], [ 133.48125, 33.541666667000072 ], [ 133.4875, 33.541666667000072 ], [ 133.4875, 33.5375 ], [ 133.48125, 33.5375 ] ] ] } },
{ "type": "Feature", "properties": { "fid": 380, "OBJECTID": 7002, "KEY_CODE": "503323491", "Pref_CODE": 39, "Pref_Name": "高知県", "Shape_Length": 0.020833334000144532, "Shape_Area": 2.6041668750404293e-05 }, "geometry": { "type": "Polygon", "coordinates": [ [ [ 133.4875, 33.53333333300003 ], [ 133.4875, 33.5375 ], [ 133.49375, 33.5375 ], [ 133.49375, 33.53333333300003 ], [ 133.4875, 33.53333333300003 ] ] ] } },
{ "type": "Feature", "properties": { "fid": 381, "OBJECTID": 7003, "KEY_CODE": "503323492", "Pref_CODE": 39, "Pref_Name": "高知県", "Shape_Length": 0.020833334000144532, "Shape_Area": 2.6041668750404293e-05 }, "geometry": { "type": "Polygon", "coordinates": [ [ [ 133.49375, 33.53333333300003 ], [ 133.49375, 33.5375 ], [ 133.500000000000114, 33.5375 ], [ 133.500000000000114, 33.53333333300003 ], [ 133.49375, 33.53333333300003 ] ] ] } },
{ "type": "Feature", "properties": { "fid": 382, "OBJECTID": 7004, "KEY_CODE": "503323493", "Pref_CODE": 39, "Pref_Name": "高知県", "Shape_Length": 0.020833334000030845, "Shape_Area": 2.6041668750049021e-05 }, "geometry": { "type": "Polygon", "coordinates": [ [ [ 133.4875, 33.5375 ], [ 133.4875, 33.541666667000072 ], [ 133.49375, 33.541666667000072 ], [ 133.49375, 33.5375 ], [ 133.4875, 33.5375 ] ] ] } },
{ "type": "Feature", "properties": { "fid": 383, "OBJECTID": 7005, "KEY_CODE": "503323494", "Pref_CODE": 39, "Pref_Name": "高知県", "Shape_Length": 0.020833334000030845, "Shape_Area": 2.6041668750049021e-05 }, "geometry": { "type": "Polygon", "coordinates": [ [ [ 133.49375, 33.5375 ], [ 133.49375, 33.541666667000072 ], [ 133.500000000000114, 33.541666667000072 ], [ 133.500000000000114, 33.5375 ], [ 133.49375, 33.5375 ] ] ] } },
{ "type": "Feature", "properties": { "fid": 384, "OBJECTID": 7011, "KEY_CODE": "503323512", "Pref_CODE": 39, "Pref_Name": "高知県", "Shape_Length": 0.020833332000051996, "Shape_Area": 2.6041662500115118e-05 }, "geometry": { "type": "Polygon", "coordinates": [ [ [ 133.4, 33.545833333000076 ], [ 133.4, 33.541666667000072 ], [ 133.39435083, 33.541666667000072 ], [ 133.39435083, 33.545833333000076 ], [ 133.4, 33.545833333000076 ] ] ] } },
{ "type": "Feature", "properties": { "fid": 385, "OBJECTID": 7013, "KEY_CODE": "503323514", "Pref_CODE": 39, "Pref_Name": "高知県", "Shape_Length": 0.020833334000030845, "Shape_Area": 2.6041668750049021e-05 }, "geometry": { "type": "Polygon", "coordinates": [ [ [ 133.4, 33.55 ], [ 133.4, 33.545833333000076 ], [ 133.39435083, 33.545833333000076 ], [ 133.39435083, 33.55 ], [ 133.4, 33.55 ] ] ] } },
{ "type": "Feature", "properties": { "fid": 386, "OBJECTID": 7014, "KEY_CODE": "503323521", "Pref_CODE": 39, "Pref_Name": "高知県", "Shape_Length": 0.020833332000051996, "Shape_Area": 2.6041662500115118e-05 }, "geometry": { "type": "Polygon", "coordinates": [ [ [ 133.4, 33.541666667000072 ], [ 133.4, 33.545833333000076 ], [ 133.406250000000114, 33.545833333000076 ], [ 133.406250000000114, 33.541666667000072 ], [ 133.4, 33.541666667000072 ] ] ] } },
{ "type": "Feature", "properties": { "fid": 387, "OBJECTID": 7015, "KEY_CODE": "503323522", "Pref_CODE": 39, "Pref_Name": "高知県", "Shape_Length": 0.020833331999824622, "Shape_Area": 2.6041662499641423e-05 }, "geometry": { "type": "Polygon", "coordinates": [ [ [ 133.406250000000114, 33.541666667000072 ], [ 133.406250000000114, 33.545833333000076 ], [ 133.4125, 33.545833333000076 ], [ 133.4125, 33.541666667000072 ], [ 133.406250000000114, 33.541666667000072 ] ] ] } },
{ "type": "Feature", "properties": { "fid": 388, "OBJECTID": 7016, "KEY_CODE": "503323523", "Pref_CODE": 39, "Pref_Name": "高知県", "Shape_Length": 0.020833334000030845, "Shape_Area": 2.6041668750049021e-05 }, "geometry": { "type": "Polygon", "coordinates": [ [ [ 133.4, 33.545833333000076 ], [ 133.4, 33.55 ], [ 133.406250000000114, 33.55 ], [ 133.406250000000114, 33.545833333000076 ], [ 133.4, 33.545833333000076 ] ] ] } },
{ "type": "Feature", "properties": { "fid": 389, "OBJECTID": 7017, "KEY_CODE": "503323524", "Pref_CODE": 39, "Pref_Name": "高知県", "Shape_Length": 0.020833333999803472, "Shape_Area": 2.6041668749575326e-05 }, "geometry": { "type": "Polygon", "coordinates": [ [ [ 133.406250000000114, 33.545833333000076 ], [ 133.406250000000114, 33.55 ], [ 133.4125, 33.55 ], [ 133.4125, 33.545833333000076 ], [ 133.406250000000114, 33.545833333000076 ] ] ] } },
{ "type": "Feature", "properties": { "fid": 390, "OBJECTID": 7018, "KEY_CODE": "503323531", "Pref_CODE": 39, "Pref_Name": "高知県", "Shape_Length": 0.020833332000051996, "Shape_Area": 2.6041662500115118e-05 }, "geometry": { "type": "Polygon", "coordinates": [ [ [ 133.4125, 33.541666667000072 ], [ 133.4125, 33.545833333000076 ], [ 133.41875, 33.545833333000076 ], [ 133.41875, 33.541666667000072 ], [ 133.4125, 33.541666667000072 ] ] ] } },
{ "type": "Feature", "properties": { "fid": 391, "OBJECTID": 7019, "KEY_CODE": "503323532", "Pref_CODE": 39, "Pref_Name": "高知県", "Shape_Length": 0.020833332000051996, "Shape_Area": 2.6041662500115118e-05 }, "geometry": { "type": "Polygon", "coordinates": [ [ [ 133.41875, 33.541666667000072 ], [ 133.41875, 33.545833333000076 ], [ 133.425, 33.545833333000076 ], [ 133.425, 33.541666667000072 ], [ 133.41875, 33.541666667000072 ] ] ] } },
{ "type": "Feature", "properties": { "fid": 392, "OBJECTID": 7020, "KEY_CODE": "503323533", "Pref_CODE": 39, "Pref_Name": "高知県", "Shape_Length": 0.020833334000030845, "Shape_Area": 2.6041668750049021e-05 }, "geometry": { "type": "Polygon", "coordinates": [ [ [ 133.4125, 33.545833333000076 ], [ 133.4125, 33.55 ], [ 133.41875, 33.55 ], [ 133.41875, 33.545833333000076 ], [ 133.4125, 33.545833333000076 ] ] ] } },
{ "type": "Feature", "properties": { "fid": 393, "OBJECTID": 7021, "KEY_CODE": "503323534", "Pref_CODE": 39, "Pref_Name": "高知県", "Shape_Length": 0.020833334000030845, "Shape_Area": 2.6041668750049021e-05 }, "geometry": { "type": "Polygon", "coordinates": [ [ [ 133.41875, 33.545833333000076 ], [ 133.41875, 33.55 ], [ 133.425, 33.55 ], [ 133.425, 33.545833333000076 ], [ 133.41875, 33.545833333000076 ] ] ] } },
{ "type": "Feature", "properties": { "fid": 394, "OBJECTID": 7022, "KEY_CODE": "503323541", "Pref_CODE": 39, "Pref_Name": "高知県", "Shape_Length": 0.020833332000051996, "Shape_Area": 2.6041662500115118e-05 }, "geometry": { "type": "Polygon", "coordinates": [ [ [ 133.425, 33.541666667000072 ], [ 133.425, 33.545833333000076 ], [ 133.43125, 33.545833333000076 ], [ 133.43125, 33.541666667000072 ], [ 133.425, 33.541666667000072 ] ] ] } },
{ "type": "Feature", "properties": { "fid": 395, "OBJECTID": 7023, "KEY_CODE": "503323542", "Pref_CODE": 39, "Pref_Name": "高知県", "Shape_Length": 0.020833332000051996, "Shape_Area": 2.6041662500115118e-05 }, "geometry": { "type": "Polygon", "coordinates": [ [ [ 133.43125, 33.541666667000072 ], [ 133.43125, 33.545833333000076 ], [ 133.437500000000114, 33.545833333000076 ], [ 133.437500000000114, 33.541666667000072 ], [ 133.43125, 33.541666667000072 ] ] ] } },
{ "type": "Feature", "properties": { "fid": 396, "OBJECTID": 7024, "KEY_CODE": "503323543", "Pref_CODE": 39, "Pref_Name": "高知県", "Shape_Length": 0.020833334000030845, "Shape_Area": 2.6041668750049021e-05 }, "geometry": { "type": "Polygon", "coordinates": [ [ [ 133.425, 33.545833333000076 ], [ 133.425, 33.55 ], [ 133.43125, 33.55 ], [ 133.43125, 33.545833333000076 ], [ 133.425, 33.545833333000076 ] ] ] } },
{ "type": "Feature", "properties": { "fid": 397, "OBJECTID": 7025, "KEY_CODE": "503323544", "Pref_CODE": 39, "Pref_Name": "高知県", "Shape_Length": 0.020833334000030845, "Shape_Area": 2.6041668750049021e-05 }, "geometry": { "type": "Polygon", "coordinates": [ [ [ 133.43125, 33.545833333000076 ], [ 133.43125, 33.55 ], [ 133.437500000000114, 33.55 ], [ 133.437500000000114, 33.545833333000076 ], [ 133.43125, 33.545833333000076 ] ] ] } },
{ "type": "Feature", "properties": { "fid": 398, "OBJECTID": 7026, "KEY_CODE": "503323551", "Pref_CODE": 39, "Pref_Name": "高知県", "Shape_Length": 0.020833331999824622, "Shape_Area": 2.6041662499641423e-05 }, "geometry": { "type": "Polygon", "coordinates": [ [ [ 133.437500000000114, 33.541666667000072 ], [ 133.437500000000114, 33.545833333000076 ], [ 133.44375, 33.545833333000076 ], [ 133.44375, 33.541666667000072 ], [ 133.437500000000114, 33.541666667000072 ] ] ] } },
{ "type": "Feature", "properties": { "fid": 399, "OBJECTID": 7027, "KEY_CODE": "503323552", "Pref_CODE": 39, "Pref_Name": "高知県", "Shape_Length": 0.020833332000051996, "Shape_Area": 2.6041662500115118e-05 }, "geometry": { "type": "Polygon", "coordinates": [ [ [ 133.44375, 33.541666667000072 ], [ 133.44375, 33.545833333000076 ], [ 133.45, 33.545833333000076 ], [ 133.45, 33.541666667000072 ], [ 133.44375, 33.541666667000072 ] ] ] } },
{ "type": "Feature", "properties": { "fid": 400, "OBJECTID": 7028, "KEY_CODE": "503323553", "Pref_CODE": 39, "Pref_Name": "高知県", "Shape_Length": 0.020833333999803472, "Shape_Area": 2.6041668749575326e-05 }, "geometry": { "type": "Polygon", "coordinates": [ [ [ 133.437500000000114, 33.545833333000076 ], [ 133.437500000000114, 33.55 ], [ 133.44375, 33.55 ], [ 133.44375, 33.545833333000076 ], [ 133.437500000000114, 33.545833333000076 ] ] ] } },
{ "type": "Feature", "properties": { "fid": 401, "OBJECTID": 7029, "KEY_CODE": "503323554", "Pref_CODE": 39, "Pref_Name": "高知県", "Shape_Length": 0.020833334000030845, "Shape_Area": 2.6041668750049021e-05 }, "geometry": { "type": "Polygon", "coordinates": [ [ [ 133.44375, 33.545833333000076 ], [ 133.44375, 33.55 ], [ 133.45, 33.55 ], [ 133.45, 33.545833333000076 ], [ 133.44375, 33.545833333000076 ] ] ] } },
{ "type": "Feature", "properties": { "fid": 402, "OBJECTID": 7030, "KEY_CODE": "503323561", "Pref_CODE": 39, "Pref_Name": "高知県", "Shape_Length": 0.020833332000051996, "Shape_Area": 2.6041662500115118e-05 }, "geometry": { "type": "Polygon", "coordinates": [ [ [ 133.45, 33.541666667000072 ], [ 133.45, 33.545833333000076 ], [ 133.45625, 33.545833333000076 ], [ 133.45625, 33.541666667000072 ], [ 133.45, 33.541666667000072 ] ] ] } },
{ "type": "Feature", "properties": { "fid": 403, "OBJECTID": 7031, "KEY_CODE": "503323562", "Pref_CODE": 39, "Pref_Name": "高知県", "Shape_Length": 0.020833332000051996, "Shape_Area": 2.6041662500115118e-05 }, "geometry": { "type": "Polygon", "coordinates": [ [ [ 133.45625, 33.541666667000072 ], [ 133.45625, 33.545833333000076 ], [ 133.4625, 33.545833333000076 ], [ 133.4625, 33.541666667000072 ], [ 133.45625, 33.541666667000072 ] ] ] } },
{ "type": "Feature", "properties": { "fid": 404, "OBJECTID": 7032, "KEY_CODE": "503323563", "Pref_CODE": 39, "Pref_Name": "高知県", "Shape_Length": 0.020833334000030845, "Shape_Area": 2.6041668750049021e-05 }, "geometry": { "type": "Polygon", "coordinates": [ [ [ 133.45, 33.545833333000076 ], [ 133.45, 33.55 ], [ 133.45625, 33.55 ], [ 133.45625, 33.545833333000076 ], [ 133.45, 33.545833333000076 ] ] ] } },
{ "type": "Feature", "properties": { "fid": 405, "OBJECTID": 7033, "KEY_CODE": "503323564", "Pref_CODE": 39, "Pref_Name": "高知県", "Shape_Length": 0.020833334000030845, "Shape_Area": 2.6041668750049021e-05 }, "geometry": { "type": "Polygon", "coordinates": [ [ [ 133.45625, 33.545833333000076 ], [ 133.45625, 33.55 ], [ 133.4625, 33.55 ], [ 133.4625, 33.545833333000076 ], [ 133.45625, 33.545833333000076 ] ] ] } },
{ "type": "Feature", "properties": { "fid": 406, "OBJECTID": 7034, "KEY_CODE": "503323571", "Pref_CODE": 39, "Pref_Name": "高知県", "Shape_Length": 0.020833332000051996, "Shape_Area": 2.6041662500115118e-05 }, "geometry": { "type": "Polygon", "coordinates": [ [ [ 133.4625, 33.541666667000072 ], [ 133.4625, 33.545833333000076 ], [ 133.468750000000114, 33.545833333000076 ], [ 133.468750000000114, 33.541666667000072 ], [ 133.4625, 33.541666667000072 ] ] ] } },
{ "type": "Feature", "properties": { "fid": 407, "OBJECTID": 7035, "KEY_CODE": "503323572", "Pref_CODE": 39, "Pref_Name": "高知県", "Shape_Length": 0.020833331999824622, "Shape_Area": 2.6041662499641423e-05 }, "geometry": { "type": "Polygon", "coordinates": [ [ [ 133.468750000000114, 33.541666667000072 ], [ 133.468750000000114, 33.545833333000076 ], [ 133.475, 33.545833333000076 ], [ 133.475, 33.541666667000072 ], [ 133.468750000000114, 33.541666667000072 ] ] ] } },
{ "type": "Feature", "properties": { "fid": 408, "OBJECTID": 7036, "KEY_CODE": "503323573", "Pref_CODE": 39, "Pref_Name": "高知県", "Shape_Length": 0.020833334000030845, "Shape_Area": 2.6041668750049021e-05 }, "geometry": { "type": "Polygon", "coordinates": [ [ [ 133.4625, 33.545833333000076 ], [ 133.4625, 33.55 ], [ 133.468750000000114, 33.55 ], [ 133.468750000000114, 33.545833333000076 ], [ 133.4625, 33.545833333000076 ] ] ] } },
{ "type": "Feature", "properties": { "fid": 409, "OBJECTID": 7037, "KEY_CODE": "503323574", "Pref_CODE": 39, "Pref_Name": "高知県", "Shape_Length": 0.020833333999803472, "Shape_Area": 2.6041668749575326e-05 }, "geometry": { "type": "Polygon", "coordinates": [ [ [ 133.468750000000114, 33.545833333000076 ], [ 133.468750000000114, 33.55 ], [ 133.475, 33.55 ], [ 133.475, 33.545833333000076 ], [ 133.468750000000114, 33.545833333000076 ] ] ] } },
{ "type": "Feature", "properties": { "fid": 410, "OBJECTID": 7038, "KEY_CODE": "503323581", "Pref_CODE": 39, "Pref_Name": "高知県", "Shape_Length": 0.020833332000051996, "Shape_Area": 2.6041662500115118e-05 }, "geometry": { "type": "Polygon", "coordinates": [ [ [ 133.475, 33.541666667000072 ], [ 133.475, 33.545833333000076 ], [ 133.48125, 33.545833333000076 ], [ 133.48125, 33.541666667000072 ], [ 133.475, 33.541666667000072 ] ] ] } },
{ "type": "Feature", "properties": { "fid": 411, "OBJECTID": 7039, "KEY_CODE": "503323582", "Pref_CODE": 39, "Pref_Name": "高知県", "Shape_Length": 0.020833332000051996, "Shape_Area": 2.6041662500115118e-05 }, "geometry": { "type": "Polygon", "coordinates": [ [ [ 133.48125, 33.541666667000072 ], [ 133.48125, 33.545833333000076 ], [ 133.4875, 33.545833333000076 ], [ 133.4875, 33.541666667000072 ], [ 133.48125, 33.541666667000072 ] ] ] } },
{ "type": "Feature", "properties": { "fid": 412, "OBJECTID": 7040, "KEY_CODE": "503323583", "Pref_CODE": 39, "Pref_Name": "高知県", "Shape_Length": 0.020833334000030845, "Shape_Area": 2.6041668750049021e-05 }, "geometry": { "type": "Polygon", "coordinates": [ [ [ 133.475, 33.545833333000076 ], [ 133.475, 33.55 ], [ 133.48125, 33.55 ], [ 133.48125, 33.545833333000076 ], [ 133.475, 33.545833333000076 ] ] ] } },
{ "type": "Feature", "properties": { "fid": 413, "OBJECTID": 7041, "KEY_CODE": "503323584", "Pref_CODE": 39, "Pref_Name": "高知県", "Shape_Length": 0.020833334000030845, "Shape_Area": 2.6041668750049021e-05 }, "geometry": { "type": "Polygon", "coordinates": [ [ [ 133.48125, 33.545833333000076 ], [ 133.48125, 33.55 ], [ 133.4875, 33.55 ], [ 133.4875, 33.545833333000076 ], [ 133.48125, 33.545833333000076 ] ] ] } },
{ "type": "Feature", "properties": { "fid": 414, "OBJECTID": 7042, "KEY_CODE": "503323591", "Pref_CODE": 39, "Pref_Name": "高知県", "Shape_Length": 0.020833332000051996, "Shape_Area": 2.6041662500115118e-05 }, "geometry": { "type": "Polygon", "coordinates": [ [ [ 133.4875, 33.541666667000072 ], [ 133.4875, 33.545833333000076 ], [ 133.49375, 33.545833333000076 ], [ 133.49375, 33.541666667000072 ], [ 133.4875, 33.541666667000072 ] ] ] } },
{ "type": "Feature", "properties": { "fid": 415, "OBJECTID": 7043, "KEY_CODE": "503323592", "Pref_CODE": 39, "Pref_Name": "高知県", "Shape_Length": 0.020833332000051996, "Shape_Area": 2.6041662500115118e-05 }, "geometry": { "type": "Polygon", "coordinates": [ [ [ 133.49375, 33.541666667000072 ], [ 133.49375, 33.545833333000076 ], [ 133.500000000000114, 33.545833333000076 ], [ 133.500000000000114, 33.541666667000072 ], [ 133.49375, 33.541666667000072 ] ] ] } },
{ "type": "Feature", "properties": { "fid": 416, "OBJECTID": 7044, "KEY_CODE": "503323593", "Pref_CODE": 39, "Pref_Name": "高知県", "Shape_Length": 0.020833334000030845, "Shape_Area": 2.6041668750049021e-05 }, "geometry": { "type": "Polygon", "coordinates": [ [ [ 133.4875, 33.545833333000076 ], [ 133.4875, 33.55 ], [ 133.49375, 33.55 ], [ 133.49375, 33.545833333000076 ], [ 133.4875, 33.545833333000076 ] ] ] } },
{ "type": "Feature", "properties": { "fid": 417, "OBJECTID": 7045, "KEY_CODE": "503323594", "Pref_CODE": 39, "Pref_Name": "高知県", "Shape_Length": 0.020833334000030845, "Shape_Area": 2.6041668750049021e-05 }, "geometry": { "type": "Polygon", "coordinates": [ [ [ 133.49375, 33.545833333000076 ], [ 133.49375, 33.55 ], [ 133.500000000000114, 33.55 ], [ 133.500000000000114, 33.545833333000076 ], [ 133.49375, 33.545833333000076 ] ] ] } },
{ "type": "Feature", "properties": { "fid": 418, "OBJECTID": 7051, "KEY_CODE": "503323612", "Pref_CODE": 39, "Pref_Name": "高知県", "Shape_Length": 0.020833334000030845, "Shape_Area": 2.6041668750049021e-05 }, "geometry": { "type": "Polygon", "coordinates": [ [ [ 133.4, 33.554166667000061 ], [ 133.4, 33.55 ], [ 133.39435083, 33.55 ], [ 133.39435083, 33.554166667000061 ], [ 133.4, 33.554166667000061 ] ] ] } },
{ "type": "Feature", "properties": { "fid": 419, "OBJECTID": 7053, "KEY_CODE": "503323614", "Pref_CODE": 39, "Pref_Name": "高知県", "Shape_Length": 0.020833332000051996, "Shape_Area": 2.6041662500115118e-05 }, "geometry": { "type": "Polygon", "coordinates": [ [ [ 133.4, 33.558333333000064 ], [ 133.4, 33.554166667000061 ], [ 133.39435083, 33.554166667000061 ], [ 133.39435083, 33.558333333000064 ], [ 133.4, 33.558333333000064 ] ] ] } },
{ "type": "Feature", "properties": { "fid": 420, "OBJECTID": 7054, "KEY_CODE": "503323621", "Pref_CODE": 39, "Pref_Name": "高知県", "Shape_Length": 0.020833334000030845, "Shape_Area": 2.6041668750049021e-05 }, "geometry": { "type": "Polygon", "coordinates": [ [ [ 133.4, 33.55 ], [ 133.4, 33.554166667000061 ], [ 133.406250000000114, 33.554166667000061 ], [ 133.406250000000114, 33.55 ], [ 133.4, 33.55 ] ] ] } },
{ "type": "Feature", "properties": { "fid": 421, "OBJECTID": 7055, "KEY_CODE": "503323622", "Pref_CODE": 39, "Pref_Name": "高知県", "Shape_Length": 0.020833333999803472, "Shape_Area": 2.6041668749575326e-05 }, "geometry": { "type": "Polygon", "coordinates": [ [ [ 133.406250000000114, 33.55 ], [ 133.406250000000114, 33.554166667000061 ], [ 133.4125, 33.554166667000061 ], [ 133.4125, 33.55 ], [ 133.406250000000114, 33.55 ] ] ] } },
{ "type": "Feature", "properties": { "fid": 422, "OBJECTID": 7056, "KEY_CODE": "503323623", "Pref_CODE": 39, "Pref_Name": "高知県", "Shape_Length": 0.020833332000051996, "Shape_Area": 2.6041662500115118e-05 }, "geometry": { "type": "Polygon", "coordinates": [ [ [ 133.4, 33.554166667000061 ], [ 133.4, 33.558333333000064 ], [ 133.406250000000114, 33.558333333000064 ], [ 133.406250000000114, 33.554166667000061 ], [ 133.4, 33.554166667000061 ] ] ] } },
{ "type": "Feature", "properties": { "fid": 423, "OBJECTID": 7057, "KEY_CODE": "503323624", "Pref_CODE": 39, "Pref_Name": "高知県", "Shape_Length": 0.020833331999824622, "Shape_Area": 2.6041662499641423e-05 }, "geometry": { "type": "Polygon", "coordinates": [ [ [ 133.406250000000114, 33.554166667000061 ], [ 133.406250000000114, 33.558333333000064 ], [ 133.4125, 33.558333333000064 ], [ 133.4125, 33.554166667000061 ], [ 133.406250000000114, 33.554166667000061 ] ] ] } },
{ "type": "Feature", "properties": { "fid": 424, "OBJECTID": 7058, "KEY_CODE": "503323631", "Pref_CODE": 39, "Pref_Name": "高知県", "Shape_Length": 0.020833334000030845, "Shape_Area": 2.6041668750049021e-05 }, "geometry": { "type": "Polygon", "coordinates": [ [ [ 133.4125, 33.55 ], [ 133.4125, 33.554166667000061 ], [ 133.41875, 33.554166667000061 ], [ 133.41875, 33.55 ], [ 133.4125, 33.55 ] ] ] } },
{ "type": "Feature", "properties": { "fid": 425, "OBJECTID": 7059, "KEY_CODE": "503323632", "Pref_CODE": 39, "Pref_Name": "高知県", "Shape_Length": 0.020833334000030845, "Shape_Area": 2.6041668750049021e-05 }, "geometry": { "type": "Polygon", "coordinates": [ [ [ 133.41875, 33.55 ], [ 133.41875, 33.554166667000061 ], [ 133.425, 33.554166667000061 ], [ 133.425, 33.55 ], [ 133.41875, 33.55 ] ] ] } },
{ "type": "Feature", "properties": { "fid": 426, "OBJECTID": 7060, "KEY_CODE": "503323633", "Pref_CODE": 39, "Pref_Name": "高知県", "Shape_Length": 0.020833332000051996, "Shape_Area": 2.6041662500115118e-05 }, "geometry": { "type": "Polygon", "coordinates": [ [ [ 133.4125, 33.554166667000061 ], [ 133.4125, 33.558333333000064 ], [ 133.41875, 33.558333333000064 ], [ 133.41875, 33.554166667000061 ], [ 133.4125, 33.554166667000061 ] ] ] } },
{ "type": "Feature", "properties": { "fid": 427, "OBJECTID": 7061, "KEY_CODE": "503323634", "Pref_CODE": 39, "Pref_Name": "高知県", "Shape_Length": 0.020833332000051996, "Shape_Area": 2.6041662500115118e-05 }, "geometry": { "type": "Polygon", "coordinates": [ [ [ 133.41875, 33.554166667000061 ], [ 133.41875, 33.558333333000064 ], [ 133.425, 33.558333333000064 ], [ 133.425, 33.554166667000061 ], [ 133.41875, 33.554166667000061 ] ] ] } },
{ "type": "Feature", "properties": { "fid": 428, "OBJECTID": 7062, "KEY_CODE": "503323641", "Pref_CODE": 39, "Pref_Name": "高知県", "Shape_Length": 0.020833334000030845, "Shape_Area": 2.6041668750049021e-05 }, "geometry": { "type": "Polygon", "coordinates": [ [ [ 133.425, 33.55 ], [ 133.425, 33.554166667000061 ], [ 133.43125, 33.554166667000061 ], [ 133.43125, 33.55 ], [ 133.425, 33.55 ] ] ] } },
{ "type": "Feature", "properties": { "fid": 429, "OBJECTID": 7063, "KEY_CODE": "503323642", "Pref_CODE": 39, "Pref_Name": "高知県", "Shape_Length": 0.020833334000030845, "Shape_Area": 2.6041668750049021e-05 }, "geometry": { "type": "Polygon", "coordinates": [ [ [ 133.43125, 33.55 ], [ 133.43125, 33.554166667000061 ], [ 133.437500000000114, 33.554166667000061 ], [ 133.437500000000114, 33.55 ], [ 133.43125, 33.55 ] ] ] } },
{ "type": "Feature", "properties": { "fid": 430, "OBJECTID": 7064, "KEY_CODE": "503323643", "Pref_CODE": 39, "Pref_Name": "高知県", "Shape_Length": 0.020833332000051996, "Shape_Area": 2.6041662500115118e-05 }, "geometry": { "type": "Polygon", "coordinates": [ [ [ 133.425, 33.554166667000061 ], [ 133.425, 33.558333333000064 ], [ 133.43125, 33.558333333000064 ], [ 133.43125, 33.554166667000061 ], [ 133.425, 33.554166667000061 ] ] ] } },
{ "type": "Feature", "properties": { "fid": 431, "OBJECTID": 7065, "KEY_CODE": "503323644", "Pref_CODE": 39, "Pref_Name": "高知県", "Shape_Length": 0.020833332000051996, "Shape_Area": 2.6041662500115118e-05 }, "geometry": { "type": "Polygon", "coordinates": [ [ [ 133.43125, 33.554166667000061 ], [ 133.43125, 33.558333333000064 ], [ 133.437500000000114, 33.558333333000064 ], [ 133.437500000000114, 33.554166667000061 ], [ 133.43125, 33.554166667000061 ] ] ] } },
{ "type": "Feature", "properties": { "fid": 432, "OBJECTID": 7066, "KEY_CODE": "503323651", "Pref_CODE": 39, "Pref_Name": "高知県", "Shape_Length": 0.020833333999803472, "Shape_Area": 2.6041668749575326e-05 }, "geometry": { "type": "Polygon", "coordinates": [ [ [ 133.437500000000114, 33.55 ], [ 133.437500000000114, 33.554166667000061 ], [ 133.44375, 33.554166667000061 ], [ 133.44375, 33.55 ], [ 133.437500000000114, 33.55 ] ] ] } },
{ "type": "Feature", "properties": { "fid": 433, "OBJECTID": 7067, "KEY_CODE": "503323652", "Pref_CODE": 39, "Pref_Name": "高知県", "Shape_Length": 0.020833334000030845, "Shape_Area": 2.6041668750049021e-05 }, "geometry": { "type": "Polygon", "coordinates": [ [ [ 133.44375, 33.55 ], [ 133.44375, 33.554166667000061 ], [ 133.45, 33.554166667000061 ], [ 133.45, 33.55 ], [ 133.44375, 33.55 ] ] ] } },
{ "type": "Feature", "properties": { "fid": 434, "OBJECTID": 7068, "KEY_CODE": "503323653", "Pref_CODE": 39, "Pref_Name": "高知県", "Shape_Length": 0.020833331999824622, "Shape_Area": 2.6041662499641423e-05 }, "geometry": { "type": "Polygon", "coordinates": [ [ [ 133.437500000000114, 33.554166667000061 ], [ 133.437500000000114, 33.558333333000064 ], [ 133.44375, 33.558333333000064 ], [ 133.44375, 33.554166667000061 ], [ 133.437500000000114, 33.554166667000061 ] ] ] } },
{ "type": "Feature", "properties": { "fid": 435, "OBJECTID": 7069, "KEY_CODE": "503323654", "Pref_CODE": 39, "Pref_Name": "高知県", "Shape_Length": 0.020833332000051996, "Shape_Area": 2.6041662500115118e-05 }, "geometry": { "type": "Polygon", "coordinates": [ [ [ 133.44375, 33.554166667000061 ], [ 133.44375, 33.558333333000064 ], [ 133.45, 33.558333333000064 ], [ 133.45, 33.554166667000061 ], [ 133.44375, 33.554166667000061 ] ] ] } },
{ "type": "Feature", "properties": { "fid": 436, "OBJECTID": 7070, "KEY_CODE": "503323661", "Pref_CODE": 39, "Pref_Name": "高知県", "Shape_Length": 0.020833334000030845, "Shape_Area": 2.6041668750049021e-05 }, "geometry": { "type": "Polygon", "coordinates": [ [ [ 133.45, 33.55 ], [ 133.45, 33.554166667000061 ], [ 133.45625, 33.554166667000061 ], [ 133.45625, 33.55 ], [ 133.45, 33.55 ] ] ] } },
{ "type": "Feature", "properties": { "fid": 437, "OBJECTID": 7071, "KEY_CODE": "503323662", "Pref_CODE": 39, "Pref_Name": "高知県", "Shape_Length": 0.020833334000030845, "Shape_Area": 2.6041668750049021e-05 }, "geometry": { "type": "Polygon", "coordinates": [ [ [ 133.45625, 33.55 ], [ 133.45625, 33.554166667000061 ], [ 133.4625, 33.554166667000061 ], [ 133.4625, 33.55 ], [ 133.45625, 33.55 ] ] ] } },
{ "type": "Feature", "properties": { "fid": 438, "OBJECTID": 7072, "KEY_CODE": "503323663", "Pref_CODE": 39, "Pref_Name": "高知県", "Shape_Length": 0.020833332000051996, "Shape_Area": 2.6041662500115118e-05 }, "geometry": { "type": "Polygon", "coordinates": [ [ [ 133.45, 33.554166667000061 ], [ 133.45, 33.558333333000064 ], [ 133.45625, 33.558333333000064 ], [ 133.45625, 33.554166667000061 ], [ 133.45, 33.554166667000061 ] ] ] } },
{ "type": "Feature", "properties": { "fid": 439, "OBJECTID": 7073, "KEY_CODE": "503323664", "Pref_CODE": 39, "Pref_Name": "高知県", "Shape_Length": 0.020833332000051996, "Shape_Area": 2.6041662500115118e-05 }, "geometry": { "type": "Polygon", "coordinates": [ [ [ 133.45625, 33.554166667000061 ], [ 133.45625, 33.558333333000064 ], [ 133.4625, 33.558333333000064 ], [ 133.4625, 33.554166667000061 ], [ 133.45625, 33.554166667000061 ] ] ] } },
{ "type": "Feature", "properties": { "fid": 440, "OBJECTID": 7074, "KEY_CODE": "503323671", "Pref_CODE": 39, "Pref_Name": "高知県", "Shape_Length": 0.020833334000030845, "Shape_Area": 2.6041668750049021e-05 }, "geometry": { "type": "Polygon", "coordinates": [ [ [ 133.4625, 33.55 ], [ 133.4625, 33.554166667000061 ], [ 133.468750000000114, 33.554166667000061 ], [ 133.468750000000114, 33.55 ], [ 133.4625, 33.55 ] ] ] } },
{ "type": "Feature", "properties": { "fid": 441, "OBJECTID": 7075, "KEY_CODE": "503323672", "Pref_CODE": 39, "Pref_Name": "高知県", "Shape_Length": 0.020833333999803472, "Shape_Area": 2.6041668749575326e-05 }, "geometry": { "type": "Polygon", "coordinates": [ [ [ 133.468750000000114, 33.55 ], [ 133.468750000000114, 33.554166667000061 ], [ 133.475, 33.554166667000061 ], [ 133.475, 33.55 ], [ 133.468750000000114, 33.55 ] ] ] } },
{ "type": "Feature", "properties": { "fid": 442, "OBJECTID": 7076, "KEY_CODE": "503323673", "Pref_CODE": 39, "Pref_Name": "高知県", "Shape_Length": 0.020833332000051996, "Shape_Area": 2.6041662500115118e-05 }, "geometry": { "type": "Polygon", "coordinates": [ [ [ 133.4625, 33.554166667000061 ], [ 133.4625, 33.558333333000064 ], [ 133.468750000000114, 33.558333333000064 ], [ 133.468750000000114, 33.554166667000061 ], [ 133.4625, 33.554166667000061 ] ] ] } },
{ "type": "Feature", "properties": { "fid": 443, "OBJECTID": 7077, "KEY_CODE": "503323674", "Pref_CODE": 39, "Pref_Name": "高知県", "Shape_Length": 0.020833331999824622, "Shape_Area": 2.6041662499641423e-05 }, "geometry": { "type": "Polygon", "coordinates": [ [ [ 133.468750000000114, 33.554166667000061 ], [ 133.468750000000114, 33.558333333000064 ], [ 133.475, 33.558333333000064 ], [ 133.475, 33.554166667000061 ], [ 133.468750000000114, 33.554166667000061 ] ] ] } },
{ "type": "Feature", "properties": { "fid": 444, "OBJECTID": 7078, "KEY_CODE": "503323681", "Pref_CODE": 39, "Pref_Name": "高知県", "Shape_Length": 0.020833334000030845, "Shape_Area": 2.6041668750049021e-05 }, "geometry": { "type": "Polygon", "coordinates": [ [ [ 133.475, 33.55 ], [ 133.475, 33.554166667000061 ], [ 133.48125, 33.554166667000061 ], [ 133.48125, 33.55 ], [ 133.475, 33.55 ] ] ] } },
{ "type": "Feature", "properties": { "fid": 445, "OBJECTID": 7079, "KEY_CODE": "503323682", "Pref_CODE": 39, "Pref_Name": "高知県", "Shape_Length": 0.020833334000030845, "Shape_Area": 2.6041668750049021e-05 }, "geometry": { "type": "Polygon", "coordinates": [ [ [ 133.48125, 33.55 ], [ 133.48125, 33.554166667000061 ], [ 133.4875, 33.554166667000061 ], [ 133.4875, 33.55 ], [ 133.48125, 33.55 ] ] ] } },
{ "type": "Feature", "properties": { "fid": 446, "OBJECTID": 7080, "KEY_CODE": "503323683", "Pref_CODE": 39, "Pref_Name": "高知県", "Shape_Length": 0.020833332000051996, "Shape_Area": 2.6041662500115118e-05 }, "geometry": { "type": "Polygon", "coordinates": [ [ [ 133.475, 33.554166667000061 ], [ 133.475, 33.558333333000064 ], [ 133.48125, 33.558333333000064 ], [ 133.48125, 33.554166667000061 ], [ 133.475, 33.554166667000061 ] ] ] } },
{ "type": "Feature", "properties": { "fid": 447, "OBJECTID": 7081, "KEY_CODE": "503323684", "Pref_CODE": 39, "Pref_Name": "高知県", "Shape_Length": 0.020833332000051996, "Shape_Area": 2.6041662500115118e-05 }, "geometry": { "type": "Polygon", "coordinates": [ [ [ 133.48125, 33.554166667000061 ], [ 133.48125, 33.558333333000064 ], [ 133.4875, 33.558333333000064 ], [ 133.4875, 33.554166667000061 ], [ 133.48125, 33.554166667000061 ] ] ] } },
{ "type": "Feature", "properties": { "fid": 448, "OBJECTID": 7082, "KEY_CODE": "503323691", "Pref_CODE": 39, "Pref_Name": "高知県", "Shape_Length": 0.020833334000030845, "Shape_Area": 2.6041668750049021e-05 }, "geometry": { "type": "Polygon", "coordinates": [ [ [ 133.4875, 33.55 ], [ 133.4875, 33.554166667000061 ], [ 133.49375, 33.554166667000061 ], [ 133.49375, 33.55 ], [ 133.4875, 33.55 ] ] ] } },
{ "type": "Feature", "properties": { "fid": 449, "OBJECTID": 7083, "KEY_CODE": "503323692", "Pref_CODE": 39, "Pref_Name": "高知県", "Shape_Length": 0.020833334000030845, "Shape_Area": 2.6041668750049021e-05 }, "geometry": { "type": "Polygon", "coordinates": [ [ [ 133.49375, 33.55 ], [ 133.49375, 33.554166667000061 ], [ 133.500000000000114, 33.554166667000061 ], [ 133.500000000000114, 33.55 ], [ 133.49375, 33.55 ] ] ] } },
{ "type": "Feature", "properties": { "fid": 450, "OBJECTID": 7084, "KEY_CODE": "503323693", "Pref_CODE": 39, "Pref_Name": "高知県", "Shape_Length": 0.020833332000051996, "Shape_Area": 2.6041662500115118e-05 }, "geometry": { "type": "Polygon", "coordinates": [ [ [ 133.4875, 33.554166667000061 ], [ 133.4875, 33.558333333000064 ], [ 133.49375, 33.558333333000064 ], [ 133.49375, 33.554166667000061 ], [ 133.4875, 33.554166667000061 ] ] ] } },
{ "type": "Feature", "properties": { "fid": 451, "OBJECTID": 7085, "KEY_CODE": "503323694", "Pref_CODE": 39, "Pref_Name": "高知県", "Shape_Length": 0.020833332000051996, "Shape_Area": 2.6041662500115118e-05 }, "geometry": { "type": "Polygon", "coordinates": [ [ [ 133.49375, 33.554166667000061 ], [ 133.49375, 33.558333333000064 ], [ 133.500000000000114, 33.558333333000064 ], [ 133.500000000000114, 33.554166667000061 ], [ 133.49375, 33.554166667000061 ] ] ] } },
{ "type": "Feature", "properties": { "fid": 452, "OBJECTID": 7091, "KEY_CODE": "503323712", "Pref_CODE": 39, "Pref_Name": "高知県", "Shape_Length": 0.020833334000030845, "Shape_Area": 2.6041668750049021e-05 }, "geometry": { "type": "Polygon", "coordinates": [ [ [ 133.4, 33.5625 ], [ 133.4, 33.558333333000064 ], [ 133.39435083, 33.558333333000064 ], [ 133.39435083, 33.5625 ], [ 133.4, 33.5625 ] ] ] } },
{ "type": "Feature", "properties": { "fid": 453, "OBJECTID": 7093, "KEY_CODE": "503323714", "Pref_CODE": 39, "Pref_Name": "高知県", "Shape_Length": 0.020833334000030845, "Shape_Area": 2.6041668750049021e-05 }, "geometry": { "type": "Polygon", "coordinates": [ [ [ 133.4, 33.56666666700005 ], [ 133.4, 33.5625 ], [ 133.39435083, 33.5625 ], [ 133.39435083, 33.56666666700005 ], [ 133.4, 33.56666666700005 ] ] ] } },
{ "type": "Feature", "properties": { "fid": 454, "OBJECTID": 7094, "KEY_CODE": "503323721", "Pref_CODE": 39, "Pref_Name": "高知県", "Shape_Length": 0.020833334000030845, "Shape_Area": 2.6041668750049021e-05 }, "geometry": { "type": "Polygon", "coordinates": [ [ [ 133.4, 33.558333333000064 ], [ 133.4, 33.5625 ], [ 133.406250000000114, 33.5625 ], [ 133.406250000000114, 33.558333333000064 ], [ 133.4, 33.558333333000064 ] ] ] } },
{ "type": "Feature", "properties": { "fid": 455, "OBJECTID": 7095, "KEY_CODE": "503323722", "Pref_CODE": 39, "Pref_Name": "高知県", "Shape_Length": 0.020833333999803472, "Shape_Area": 2.6041668749575326e-05 }, "geometry": { "type": "Polygon", "coordinates": [ [ [ 133.406250000000114, 33.558333333000064 ], [ 133.406250000000114, 33.5625 ], [ 133.4125, 33.5625 ], [ 133.4125, 33.558333333000064 ], [ 133.406250000000114, 33.558333333000064 ] ] ] } },
{ "type": "Feature", "properties": { "fid": 456, "OBJECTID": 7096, "KEY_CODE": "503323723", "Pref_CODE": 39, "Pref_Name": "高知県", "Shape_Length": 0.020833334000030845, "Shape_Area": 2.6041668750049021e-05 }, "geometry": { "type": "Polygon", "coordinates": [ [ [ 133.4, 33.5625 ], [ 133.4, 33.56666666700005 ], [ 133.406250000000114, 33.56666666700005 ], [ 133.406250000000114, 33.5625 ], [ 133.4, 33.5625 ] ] ] } },
{ "type": "Feature", "properties": { "fid": 457, "OBJECTID": 7097, "KEY_CODE": "503323724", "Pref_CODE": 39, "Pref_Name": "高知県", "Shape_Length": 0.020833333999803472, "Shape_Area": 2.6041668749575326e-05 }, "geometry": { "type": "Polygon", "coordinates": [ [ [ 133.406250000000114, 33.5625 ], [ 133.406250000000114, 33.56666666700005 ], [ 133.4125, 33.56666666700005 ], [ 133.4125, 33.5625 ], [ 133.406250000000114, 33.5625 ] ] ] } },
{ "type": "Feature", "properties": { "fid": 458, "OBJECTID": 7098, "KEY_CODE": "503323731", "Pref_CODE": 39, "Pref_Name": "高知県", "Shape_Length": 0.020833334000030845, "Shape_Area": 2.6041668750049021e-05 }, "geometry": { "type": "Polygon", "coordinates": [ [ [ 133.4125, 33.558333333000064 ], [ 133.4125, 33.5625 ], [ 133.41875, 33.5625 ], [ 133.41875, 33.558333333000064 ], [ 133.4125, 33.558333333000064 ] ] ] } },
{ "type": "Feature", "properties": { "fid": 459, "OBJECTID": 7099, "KEY_CODE": "503323732", "Pref_CODE": 39, "Pref_Name": "高知県", "Shape_Length": 0.020833334000030845, "Shape_Area": 2.6041668750049021e-05 }, "geometry": { "type": "Polygon", "coordinates": [ [ [ 133.41875, 33.558333333000064 ], [ 133.41875, 33.5625 ], [ 133.425, 33.5625 ], [ 133.425, 33.558333333000064 ], [ 133.41875, 33.558333333000064 ] ] ] } },
{ "type": "Feature", "properties": { "fid": 460, "OBJECTID": 7100, "KEY_CODE": "503323733", "Pref_CODE": 39, "Pref_Name": "高知県", "Shape_Length": 0.020833334000030845, "Shape_Area": 2.6041668750049021e-05 }, "geometry": { "type": "Polygon", "coordinates": [ [ [ 133.4125, 33.5625 ], [ 133.4125, 33.56666666700005 ], [ 133.41875, 33.56666666700005 ], [ 133.41875, 33.5625 ], [ 133.4125, 33.5625 ] ] ] } },
{ "type": "Feature", "properties": { "fid": 461, "OBJECTID": 7101, "KEY_CODE": "503323734", "Pref_CODE": 39, "Pref_Name": "高知県", "Shape_Length": 0.020833334000030845, "Shape_Area": 2.6041668750049021e-05 }, "geometry": { "type": "Polygon", "coordinates": [ [ [ 133.41875, 33.5625 ], [ 133.41875, 33.56666666700005 ], [ 133.425, 33.56666666700005 ], [ 133.425, 33.5625 ], [ 133.41875, 33.5625 ] ] ] } },
{ "type": "Feature", "properties": { "fid": 462, "OBJECTID": 7102, "KEY_CODE": "503323741", "Pref_CODE": 39, "Pref_Name": "高知県", "Shape_Length": 0.020833334000030845, "Shape_Area": 2.6041668750049021e-05 }, "geometry": { "type": "Polygon", "coordinates": [ [ [ 133.425, 33.558333333000064 ], [ 133.425, 33.5625 ], [ 133.43125, 33.5625 ], [ 133.43125, 33.558333333000064 ], [ 133.425, 33.558333333000064 ] ] ] } },
{ "type": "Feature", "properties": { "fid": 463, "OBJECTID": 7103, "KEY_CODE": "503323742", "Pref_CODE": 39, "Pref_Name": "高知県", "Shape_Length": 0.020833334000030845, "Shape_Area": 2.6041668750049021e-05 }, "geometry": { "type": "Polygon", "coordinates": [ [ [ 133.43125, 33.558333333000064 ], [ 133.43125, 33.5625 ], [ 133.437500000000114, 33.5625 ], [ 133.437500000000114, 33.558333333000064 ], [ 133.43125, 33.558333333000064 ] ] ] } },
{ "type": "Feature", "properties": { "fid": 464, "OBJECTID": 7104, "KEY_CODE": "503323743", "Pref_CODE": 39, "Pref_Name": "高知県", "Shape_Length": 0.020833334000030845, "Shape_Area": 2.6041668750049021e-05 }, "geometry": { "type": "Polygon", "coordinates": [ [ [ 133.425, 33.5625 ], [ 133.425, 33.56666666700005 ], [ 133.43125, 33.56666666700005 ], [ 133.43125, 33.5625 ], [ 133.425, 33.5625 ] ] ] } },
{ "type": "Feature", "properties": { "fid": 465, "OBJECTID": 7105, "KEY_CODE": "503323744", "Pref_CODE": 39, "Pref_Name": "高知県", "Shape_Length": 0.020833334000030845, "Shape_Area": 2.6041668750049021e-05 }, "geometry": { "type": "Polygon", "coordinates": [ [ [ 133.43125, 33.5625 ], [ 133.43125, 33.56666666700005 ], [ 133.437500000000114, 33.56666666700005 ], [ 133.437500000000114, 33.5625 ], [ 133.43125, 33.5625 ] ] ] } },
{ "type": "Feature", "properties": { "fid": 466, "OBJECTID": 7106, "KEY_CODE": "503323751", "Pref_CODE": 39, "Pref_Name": "高知県", "Shape_Length": 0.020833333999803472, "Shape_Area": 2.6041668749575326e-05 }, "geometry": { "type": "Polygon", "coordinates": [ [ [ 133.437500000000114, 33.558333333000064 ], [ 133.437500000000114, 33.5625 ], [ 133.44375, 33.5625 ], [ 133.44375, 33.558333333000064 ], [ 133.437500000000114, 33.558333333000064 ] ] ] } },
{ "type": "Feature", "properties": { "fid": 467, "OBJECTID": 7107, "KEY_CODE": "503323752", "Pref_CODE": 39, "Pref_Name": "高知県", "Shape_Length": 0.020833334000030845, "Shape_Area": 2.6041668750049021e-05 }, "geometry": { "type": "Polygon", "coordinates": [ [ [ 133.44375, 33.558333333000064 ], [ 133.44375, 33.5625 ], [ 133.45, 33.5625 ], [ 133.45, 33.558333333000064 ], [ 133.44375, 33.558333333000064 ] ] ] } },
{ "type": "Feature", "properties": { "fid": 468, "OBJECTID": 7108, "KEY_CODE": "503323753", "Pref_CODE": 39, "Pref_Name": "高知県", "Shape_Length": 0.020833333999803472, "Shape_Area": 2.6041668749575326e-05 }, "geometry": { "type": "Polygon", "coordinates": [ [ [ 133.437500000000114, 33.5625 ], [ 133.437500000000114, 33.56666666700005 ], [ 133.44375, 33.56666666700005 ], [ 133.44375, 33.5625 ], [ 133.437500000000114, 33.5625 ] ] ] } },
{ "type": "Feature", "properties": { "fid": 469, "OBJECTID": 7109, "KEY_CODE": "503323754", "Pref_CODE": 39, "Pref_Name": "高知県", "Shape_Length": 0.020833334000030845, "Shape_Area": 2.6041668750049021e-05 }, "geometry": { "type": "Polygon", "coordinates": [ [ [ 133.44375, 33.5625 ], [ 133.44375, 33.56666666700005 ], [ 133.45, 33.56666666700005 ], [ 133.45, 33.5625 ], [ 133.44375, 33.5625 ] ] ] } },
{ "type": "Feature", "properties": { "fid": 470, "OBJECTID": 7110, "KEY_CODE": "503323761", "Pref_CODE": 39, "Pref_Name": "高知県", "Shape_Length": 0.020833334000030845, "Shape_Area": 2.6041668750049021e-05 }, "geometry": { "type": "Polygon", "coordinates": [ [ [ 133.45, 33.558333333000064 ], [ 133.45, 33.5625 ], [ 133.45625, 33.5625 ], [ 133.45625, 33.558333333000064 ], [ 133.45, 33.558333333000064 ] ] ] } },
{ "type": "Feature", "properties": { "fid": 471, "OBJECTID": 7111, "KEY_CODE": "503323762", "Pref_CODE": 39, "Pref_Name": "高知県", "Shape_Length": 0.020833334000030845, "Shape_Area": 2.6041668750049021e-05 }, "geometry": { "type": "Polygon", "coordinates": [ [ [ 133.45625, 33.558333333000064 ], [ 133.45625, 33.5625 ], [ 133.4625, 33.5625 ], [ 133.4625, 33.558333333000064 ], [ 133.45625, 33.558333333000064 ] ] ] } },
{ "type": "Feature", "properties": { "fid": 472, "OBJECTID": 7112, "KEY_CODE": "503323763", "Pref_CODE": 39, "Pref_Name": "高知県", "Shape_Length": 0.020833334000030845, "Shape_Area": 2.6041668750049021e-05 }, "geometry": { "type": "Polygon", "coordinates": [ [ [ 133.45, 33.5625 ], [ 133.45, 33.56666666700005 ], [ 133.45625, 33.56666666700005 ], [ 133.45625, 33.5625 ], [ 133.45, 33.5625 ] ] ] } },
{ "type": "Feature", "properties": { "fid": 473, "OBJECTID": 7113, "KEY_CODE": "503323764", "Pref_CODE": 39, "Pref_Name": "高知県", "Shape_Length": 0.020833334000030845, "Shape_Area": 2.6041668750049021e-05 }, "geometry": { "type": "Polygon", "coordinates": [ [ [ 133.45625, 33.5625 ], [ 133.45625, 33.56666666700005 ], [ 133.4625, 33.56666666700005 ], [ 133.4625, 33.5625 ], [ 133.45625, 33.5625 ] ] ] } },
{ "type": "Feature", "properties": { "fid": 474, "OBJECTID": 7114, "KEY_CODE": "503323771", "Pref_CODE": 39, "Pref_Name": "高知県", "Shape_Length": 0.020833334000030845, "Shape_Area": 2.6041668750049021e-05 }, "geometry": { "type": "Polygon", "coordinates": [ [ [ 133.4625, 33.558333333000064 ], [ 133.4625, 33.5625 ], [ 133.468750000000114, 33.5625 ], [ 133.468750000000114, 33.558333333000064 ], [ 133.4625, 33.558333333000064 ] ] ] } },
{ "type": "Feature", "properties": { "fid": 475, "OBJECTID": 7115, "KEY_CODE": "503323772", "Pref_CODE": 39, "Pref_Name": "高知県", "Shape_Length": 0.020833333999803472, "Shape_Area": 2.6041668749575326e-05 }, "geometry": { "type": "Polygon", "coordinates": [ [ [ 133.468750000000114, 33.558333333000064 ], [ 133.468750000000114, 33.5625 ], [ 133.475, 33.5625 ], [ 133.475, 33.558333333000064 ], [ 133.468750000000114, 33.558333333000064 ] ] ] } },
{ "type": "Feature", "properties": { "fid": 476, "OBJECTID": 7116, "KEY_CODE": "503323773", "Pref_CODE": 39, "Pref_Name": "高知県", "Shape_Length": 0.020833334000030845, "Shape_Area": 2.6041668750049021e-05 }, "geometry": { "type": "Polygon", "coordinates": [ [ [ 133.4625, 33.5625 ], [ 133.4625, 33.56666666700005 ], [ 133.468750000000114, 33.56666666700005 ], [ 133.468750000000114, 33.5625 ], [ 133.4625, 33.5625 ] ] ] } },
{ "type": "Feature", "properties": { "fid": 477, "OBJECTID": 7117, "KEY_CODE": "503323774", "Pref_CODE": 39, "Pref_Name": "高知県", "Shape_Length": 0.020833333999803472, "Shape_Area": 2.6041668749575326e-05 }, "geometry": { "type": "Polygon", "coordinates": [ [ [ 133.468750000000114, 33.5625 ], [ 133.468750000000114, 33.56666666700005 ], [ 133.475, 33.56666666700005 ], [ 133.475, 33.5625 ], [ 133.468750000000114, 33.5625 ] ] ] } },
{ "type": "Feature", "properties": { "fid": 478, "OBJECTID": 7118, "KEY_CODE": "503323781", "Pref_CODE": 39, "Pref_Name": "高知県", "Shape_Length": 0.020833334000030845, "Shape_Area": 2.6041668750049021e-05 }, "geometry": { "type": "Polygon", "coordinates": [ [ [ 133.475, 33.558333333000064 ], [ 133.475, 33.5625 ], [ 133.48125, 33.5625 ], [ 133.48125, 33.558333333000064 ], [ 133.475, 33.558333333000064 ] ] ] } },
{ "type": "Feature", "properties": { "fid": 479, "OBJECTID": 7119, "KEY_CODE": "503323782", "Pref_CODE": 39, "Pref_Name": "高知県", "Shape_Length": 0.020833334000030845, "Shape_Area": 2.6041668750049021e-05 }, "geometry": { "type": "Polygon", "coordinates": [ [ [ 133.48125, 33.558333333000064 ], [ 133.48125, 33.5625 ], [ 133.4875, 33.5625 ], [ 133.4875, 33.558333333000064 ], [ 133.48125, 33.558333333000064 ] ] ] } },
{ "type": "Feature", "properties": { "fid": 480, "OBJECTID": 7120, "KEY_CODE": "503323783", "Pref_CODE": 39, "Pref_Name": "高知県", "Shape_Length": 0.020833334000030845, "Shape_Area": 2.6041668750049021e-05 }, "geometry": { "type": "Polygon", "coordinates": [ [ [ 133.475, 33.5625 ], [ 133.475, 33.56666666700005 ], [ 133.48125, 33.56666666700005 ], [ 133.48125, 33.5625 ], [ 133.475, 33.5625 ] ] ] } },
{ "type": "Feature", "properties": { "fid": 481, "OBJECTID": 7121, "KEY_CODE": "503323784", "Pref_CODE": 39, "Pref_Name": "高知県", "Shape_Length": 0.020833334000030845, "Shape_Area": 2.6041668750049021e-05 }, "geometry": { "type": "Polygon", "coordinates": [ [ [ 133.48125, 33.5625 ], [ 133.48125, 33.56666666700005 ], [ 133.4875, 33.56666666700005 ], [ 133.4875, 33.5625 ], [ 133.48125, 33.5625 ] ] ] } },
{ "type": "Feature", "properties": { "fid": 482, "OBJECTID": 7122, "KEY_CODE": "503323791", "Pref_CODE": 39, "Pref_Name": "高知県", "Shape_Length": 0.020833334000030845, "Shape_Area": 2.6041668750049021e-05 }, "geometry": { "type": "Polygon", "coordinates": [ [ [ 133.4875, 33.558333333000064 ], [ 133.4875, 33.5625 ], [ 133.49375, 33.5625 ], [ 133.49375, 33.558333333000064 ], [ 133.4875, 33.558333333000064 ] ] ] } },
{ "type": "Feature", "properties": { "fid": 483, "OBJECTID": 7123, "KEY_CODE": "503323792", "Pref_CODE": 39, "Pref_Name": "高知県", "Shape_Length": 0.020833334000030845, "Shape_Area": 2.6041668750049021e-05 }, "geometry": { "type": "Polygon", "coordinates": [ [ [ 133.49375, 33.558333333000064 ], [ 133.49375, 33.5625 ], [ 133.500000000000114, 33.5625 ], [ 133.500000000000114, 33.558333333000064 ], [ 133.49375, 33.558333333000064 ] ] ] } },
{ "type": "Feature", "properties": { "fid": 484, "OBJECTID": 7124, "KEY_CODE": "503323793", "Pref_CODE": 39, "Pref_Name": "高知県", "Shape_Length": 0.020833334000030845, "Shape_Area": 2.6041668750049021e-05 }, "geometry": { "type": "Polygon", "coordinates": [ [ [ 133.4875, 33.5625 ], [ 133.4875, 33.56666666700005 ], [ 133.49375, 33.56666666700005 ], [ 133.49375, 33.5625 ], [ 133.4875, 33.5625 ] ] ] } },
{ "type": "Feature", "properties": { "fid": 485, "OBJECTID": 7125, "KEY_CODE": "503323794", "Pref_CODE": 39, "Pref_Name": "高知県", "Shape_Length": 0.020833334000030845, "Shape_Area": 2.6041668750049021e-05 }, "geometry": { "type": "Polygon", "coordinates": [ [ [ 133.49375, 33.5625 ], [ 133.49375, 33.56666666700005 ], [ 133.500000000000114, 33.56666666700005 ], [ 133.500000000000114, 33.5625 ], [ 133.49375, 33.5625 ] ] ] } },
{ "type": "Feature", "properties": { "fid": 486, "OBJECTID": 7131, "KEY_CODE": "503323812", "Pref_CODE": 39, "Pref_Name": "高知県", "Shape_Length": 0.020833332000051996, "Shape_Area": 2.6041662500115118e-05 }, "geometry": { "type": "Polygon", "coordinates": [ [ [ 133.4, 33.570833333000053 ], [ 133.4, 33.56666666700005 ], [ 133.39435083, 33.56666666700005 ], [ 133.39435083, 33.570833333000053 ], [ 133.4, 33.570833333000053 ] ] ] } },
{ "type": "Feature", "properties": { "fid": 487, "OBJECTID": 7133, "KEY_CODE": "503323814", "Pref_CODE": 39, "Pref_Name": "高知県", "Shape_Length": 0.020833334000030845, "Shape_Area": 2.6041668750049021e-05 }, "geometry": { "type": "Polygon", "coordinates": [ [ [ 133.4, 33.575 ], [ 133.4, 33.570833333000053 ], [ 133.39435083, 33.570833333000053 ], [ 133.39435083, 33.575 ], [ 133.4, 33.575 ] ] ] } },
{ "type": "Feature", "properties": { "fid": 488, "OBJECTID": 7134, "KEY_CODE": "503323821", "Pref_CODE": 39, "Pref_Name": "高知県", "Shape_Length": 0.020833332000051996, "Shape_Area": 2.6041662500115118e-05 }, "geometry": { "type": "Polygon", "coordinates": [ [ [ 133.4, 33.56666666700005 ], [ 133.4, 33.570833333000053 ], [ 133.406250000000114, 33.570833333000053 ], [ 133.406250000000114, 33.56666666700005 ], [ 133.4, 33.56666666700005 ] ] ] } },
{ "type": "Feature", "properties": { "fid": 489, "OBJECTID": 7135, "KEY_CODE": "503323822", "Pref_CODE": 39, "Pref_Name": "高知県", "Shape_Length": 0.020833331999824622, "Shape_Area": 2.6041662499641423e-05 }, "geometry": { "type": "Polygon", "coordinates": [ [ [ 133.406250000000114, 33.56666666700005 ], [ 133.406250000000114, 33.570833333000053 ], [ 133.4125, 33.570833333000053 ], [ 133.4125, 33.56666666700005 ], [ 133.406250000000114, 33.56666666700005 ] ] ] } },
{ "type": "Feature", "properties": { "fid": 490, "OBJECTID": 7136, "KEY_CODE": "503323823", "Pref_CODE": 39, "Pref_Name": "高知県", "Shape_Length": 0.020833334000030845, "Shape_Area": 2.6041668750049021e-05 }, "geometry": { "type": "Polygon", "coordinates": [ [ [ 133.4, 33.570833333000053 ], [ 133.4, 33.575 ], [ 133.406250000000114, 33.575 ], [ 133.406250000000114, 33.570833333000053 ], [ 133.4, 33.570833333000053 ] ] ] } },
{ "type": "Feature", "properties": { "fid": 491, "OBJECTID": 7137, "KEY_CODE": "503323824", "Pref_CODE": 39, "Pref_Name": "高知県", "Shape_Length": 0.020833333999803472, "Shape_Area": 2.6041668749575326e-05 }, "geometry": { "type": "Polygon", "coordinates": [ [ [ 133.406250000000114, 33.570833333000053 ], [ 133.406250000000114, 33.575 ], [ 133.4125, 33.575 ], [ 133.4125, 33.570833333000053 ], [ 133.406250000000114, 33.570833333000053 ] ] ] } },
{ "type": "Feature", "properties": { "fid": 492, "OBJECTID": 7138, "KEY_CODE": "503323831", "Pref_CODE": 39, "Pref_Name": "高知県", "Shape_Length": 0.020833332000051996, "Shape_Area": 2.6041662500115118e-05 }, "geometry": { "type": "Polygon", "coordinates": [ [ [ 133.4125, 33.56666666700005 ], [ 133.4125, 33.570833333000053 ], [ 133.41875, 33.570833333000053 ], [ 133.41875, 33.56666666700005 ], [ 133.4125, 33.56666666700005 ] ] ] } },
{ "type": "Feature", "properties": { "fid": 493, "OBJECTID": 7139, "KEY_CODE": "503323832", "Pref_CODE": 39, "Pref_Name": "高知県", "Shape_Length": 0.020833332000051996, "Shape_Area": 2.6041662500115118e-05 }, "geometry": { "type": "Polygon", "coordinates": [ [ [ 133.41875, 33.56666666700005 ], [ 133.41875, 33.570833333000053 ], [ 133.425, 33.570833333000053 ], [ 133.425, 33.56666666700005 ], [ 133.41875, 33.56666666700005 ] ] ] } },
{ "type": "Feature", "properties": { "fid": 494, "OBJECTID": 7140, "KEY_CODE": "503323833", "Pref_CODE": 39, "Pref_Name": "高知県", "Shape_Length": 0.020833334000030845, "Shape_Area": 2.6041668750049021e-05 }, "geometry": { "type": "Polygon", "coordinates": [ [ [ 133.4125, 33.570833333000053 ], [ 133.4125, 33.575 ], [ 133.41875, 33.575 ], [ 133.41875, 33.570833333000053 ], [ 133.4125, 33.570833333000053 ] ] ] } },
{ "type": "Feature", "properties": { "fid": 495, "OBJECTID": 7141, "KEY_CODE": "503323834", "Pref_CODE": 39, "Pref_Name": "高知県", "Shape_Length": 0.020833334000030845, "Shape_Area": 2.6041668750049021e-05 }, "geometry": { "type": "Polygon", "coordinates": [ [ [ 133.41875, 33.570833333000053 ], [ 133.41875, 33.575 ], [ 133.425, 33.575 ], [ 133.425, 33.570833333000053 ], [ 133.41875, 33.570833333000053 ] ] ] } },
{ "type": "Feature", "properties": { "fid": 496, "OBJECTID": 7142, "KEY_CODE": "503323841", "Pref_CODE": 39, "Pref_Name": "高知県", "Shape_Length": 0.020833332000051996, "Shape_Area": 2.6041662500115118e-05 }, "geometry": { "type": "Polygon", "coordinates": [ [ [ 133.425, 33.56666666700005 ], [ 133.425, 33.570833333000053 ], [ 133.43125, 33.570833333000053 ], [ 133.43125, 33.56666666700005 ], [ 133.425, 33.56666666700005 ] ] ] } },
{ "type": "Feature", "properties": { "fid": 497, "OBJECTID": 7143, "KEY_CODE": "503323842", "Pref_CODE": 39, "Pref_Name": "高知県", "Shape_Length": 0.020833332000051996, "Shape_Area": 2.6041662500115118e-05 }, "geometry": { "type": "Polygon", "coordinates": [ [ [ 133.43125, 33.56666666700005 ], [ 133.43125, 33.570833333000053 ], [ 133.437500000000114, 33.570833333000053 ], [ 133.437500000000114, 33.56666666700005 ], [ 133.43125, 33.56666666700005 ] ] ] } },
{ "type": "Feature", "properties": { "fid": 498, "OBJECTID": 7144, "KEY_CODE": "503323843", "Pref_CODE": 39, "Pref_Name": "高知県", "Shape_Length": 0.020833334000030845, "Shape_Area": 2.6041668750049021e-05 }, "geometry": { "type": "Polygon", "coordinates": [ [ [ 133.425, 33.570833333000053 ], [ 133.425, 33.575 ], [ 133.43125, 33.575 ], [ 133.43125, 33.570833333000053 ], [ 133.425, 33.570833333000053 ] ] ] } },
{ "type": "Feature", "properties": { "fid": 499, "OBJECTID": 7145, "KEY_CODE": "503323844", "Pref_CODE": 39, "Pref_Name": "高知県", "Shape_Length": 0.020833334000030845, "Shape_Area": 2.6041668750049021e-05 }, "geometry": { "type": "Polygon", "coordinates": [ [ [ 133.43125, 33.570833333000053 ], [ 133.43125, 33.575 ], [ 133.437500000000114, 33.575 ], [ 133.437500000000114, 33.570833333000053 ], [ 133.43125, 33.570833333000053 ] ] ] } },
{ "type": "Feature", "properties": { "fid": 500, "OBJECTID": 7146, "KEY_CODE": "503323851", "Pref_CODE": 39, "Pref_Name": "高知県", "Shape_Length": 0.020833331999824622, "Shape_Area": 2.6041662499641423e-05 }, "geometry": { "type": "Polygon", "coordinates": [ [ [ 133.437500000000114, 33.56666666700005 ], [ 133.437500000000114, 33.570833333000053 ], [ 133.44375, 33.570833333000053 ], [ 133.44375, 33.56666666700005 ], [ 133.437500000000114, 33.56666666700005 ] ] ] } },
{ "type": "Feature", "properties": { "fid": 501, "OBJECTID": 7147, "KEY_CODE": "503323852", "Pref_CODE": 39, "Pref_Name": "高知県", "Shape_Length": 0.020833332000051996, "Shape_Area": 2.6041662500115118e-05 }, "geometry": { "type": "Polygon", "coordinates": [ [ [ 133.44375, 33.56666666700005 ], [ 133.44375, 33.570833333000053 ], [ 133.45, 33.570833333000053 ], [ 133.45, 33.56666666700005 ], [ 133.44375, 33.56666666700005 ] ] ] } },
{ "type": "Feature", "properties": { "fid": 502, "OBJECTID": 7148, "KEY_CODE": "503323853", "Pref_CODE": 39, "Pref_Name": "高知県", "Shape_Length": 0.020833333999803472, "Shape_Area": 2.6041668749575326e-05 }, "geometry": { "type": "Polygon", "coordinates": [ [ [ 133.437500000000114, 33.570833333000053 ], [ 133.437500000000114, 33.575 ], [ 133.44375, 33.575 ], [ 133.44375, 33.570833333000053 ], [ 133.437500000000114, 33.570833333000053 ] ] ] } },
{ "type": "Feature", "properties": { "fid": 503, "OBJECTID": 7149, "KEY_CODE": "503323854", "Pref_CODE": 39, "Pref_Name": "高知県", "Shape_Length": 0.020833334000030845, "Shape_Area": 2.6041668750049021e-05 }, "geometry": { "type": "Polygon", "coordinates": [ [ [ 133.44375, 33.570833333000053 ], [ 133.44375, 33.575 ], [ 133.45, 33.575 ], [ 133.45, 33.570833333000053 ], [ 133.44375, 33.570833333000053 ] ] ] } },
{ "type": "Feature", "properties": { "fid": 504, "OBJECTID": 7150, "KEY_CODE": "503323861", "Pref_CODE": 39, "Pref_Name": "高知県", "Shape_Length": 0.020833332000051996, "Shape_Area": 2.6041662500115118e-05 }, "geometry": { "type": "Polygon", "coordinates": [ [ [ 133.45, 33.56666666700005 ], [ 133.45, 33.570833333000053 ], [ 133.45625, 33.570833333000053 ], [ 133.45625, 33.56666666700005 ], [ 133.45, 33.56666666700005 ] ] ] } },
{ "type": "Feature", "properties": { "fid": 505, "OBJECTID": 7151, "KEY_CODE": "503323862", "Pref_CODE": 39, "Pref_Name": "高知県", "Shape_Length": 0.020833332000051996, "Shape_Area": 2.6041662500115118e-05 }, "geometry": { "type": "Polygon", "coordinates": [ [ [ 133.45625, 33.56666666700005 ], [ 133.45625, 33.570833333000053 ], [ 133.4625, 33.570833333000053 ], [ 133.4625, 33.56666666700005 ], [ 133.45625, 33.56666666700005 ] ] ] } },
{ "type": "Feature", "properties": { "fid": 506, "OBJECTID": 7152, "KEY_CODE": "503323863", "Pref_CODE": 39, "Pref_Name": "高知県", "Shape_Length": 0.020833334000030845, "Shape_Area": 2.6041668750049021e-05 }, "geometry": { "type": "Polygon", "coordinates": [ [ [ 133.45, 33.570833333000053 ], [ 133.45, 33.575 ], [ 133.45625, 33.575 ], [ 133.45625, 33.570833333000053 ], [ 133.45, 33.570833333000053 ] ] ] } },
{ "type": "Feature", "properties": { "fid": 507, "OBJECTID": 7153, "KEY_CODE": "503323864", "Pref_CODE": 39, "Pref_Name": "高知県", "Shape_Length": 0.020833334000030845, "Shape_Area": 2.6041668750049021e-05 }, "geometry": { "type": "Polygon", "coordinates": [ [ [ 133.45625, 33.570833333000053 ], [ 133.45625, 33.575 ], [ 133.4625, 33.575 ], [ 133.4625, 33.570833333000053 ], [ 133.45625, 33.570833333000053 ] ] ] } },
{ "type": "Feature", "properties": { "fid": 508, "OBJECTID": 7154, "KEY_CODE": "503323871", "Pref_CODE": 39, "Pref_Name": "高知県", "Shape_Length": 0.020833332000051996, "Shape_Area": 2.6041662500115118e-05 }, "geometry": { "type": "Polygon", "coordinates": [ [ [ 133.4625, 33.56666666700005 ], [ 133.4625, 33.570833333000053 ], [ 133.468750000000114, 33.570833333000053 ], [ 133.468750000000114, 33.56666666700005 ], [ 133.4625, 33.56666666700005 ] ] ] } },
{ "type": "Feature", "properties": { "fid": 509, "OBJECTID": 7155, "KEY_CODE": "503323872", "Pref_CODE": 39, "Pref_Name": "高知県", "Shape_Length": 0.020833331999824622, "Shape_Area": 2.6041662499641423e-05 }, "geometry": { "type": "Polygon", "coordinates": [ [ [ 133.468750000000114, 33.56666666700005 ], [ 133.468750000000114, 33.570833333000053 ], [ 133.475, 33.570833333000053 ], [ 133.475, 33.56666666700005 ], [ 133.468750000000114, 33.56666666700005 ] ] ] } },
{ "type": "Feature", "properties": { "fid": 510, "OBJECTID": 7156, "KEY_CODE": "503323873", "Pref_CODE": 39, "Pref_Name": "高知県", "Shape_Length": 0.020833334000030845, "Shape_Area": 2.6041668750049021e-05 }, "geometry": { "type": "Polygon", "coordinates": [ [ [ 133.4625, 33.570833333000053 ], [ 133.4625, 33.575 ], [ 133.468750000000114, 33.575 ], [ 133.468750000000114, 33.570833333000053 ], [ 133.4625, 33.570833333000053 ] ] ] } },
{ "type": "Feature", "properties": { "fid": 511, "OBJECTID": 7157, "KEY_CODE": "503323874", "Pref_CODE": 39, "Pref_Name": "高知県", "Shape_Length": 0.020833333999803472, "Shape_Area": 2.6041668749575326e-05 }, "geometry": { "type": "Polygon", "coordinates": [ [ [ 133.468750000000114, 33.570833333000053 ], [ 133.468750000000114, 33.575 ], [ 133.475, 33.575 ], [ 133.475, 33.570833333000053 ], [ 133.468750000000114, 33.570833333000053 ] ] ] } },
{ "type": "Feature", "properties": { "fid": 512, "OBJECTID": 7158, "KEY_CODE": "503323881", "Pref_CODE": 39, "Pref_Name": "高知県", "Shape_Length": 0.020833332000051996, "Shape_Area": 2.6041662500115118e-05 }, "geometry": { "type": "Polygon", "coordinates": [ [ [ 133.475, 33.56666666700005 ], [ 133.475, 33.570833333000053 ], [ 133.48125, 33.570833333000053 ], [ 133.48125, 33.56666666700005 ], [ 133.475, 33.56666666700005 ] ] ] } },
{ "type": "Feature", "properties": { "fid": 513, "OBJECTID": 7159, "KEY_CODE": "503323882", "Pref_CODE": 39, "Pref_Name": "高知県", "Shape_Length": 0.020833332000051996, "Shape_Area": 2.6041662500115118e-05 }, "geometry": { "type": "Polygon", "coordinates": [ [ [ 133.48125, 33.56666666700005 ], [ 133.48125, 33.570833333000053 ], [ 133.4875, 33.570833333000053 ], [ 133.4875, 33.56666666700005 ], [ 133.48125, 33.56666666700005 ] ] ] } },
{ "type": "Feature", "properties": { "fid": 514, "OBJECTID": 7160, "KEY_CODE": "503323883", "Pref_CODE": 39, "Pref_Name": "高知県", "Shape_Length": 0.020833334000030845, "Shape_Area": 2.6041668750049021e-05 }, "geometry": { "type": "Polygon", "coordinates": [ [ [ 133.475, 33.570833333000053 ], [ 133.475, 33.575 ], [ 133.48125, 33.575 ], [ 133.48125, 33.570833333000053 ], [ 133.475, 33.570833333000053 ] ] ] } },
{ "type": "Feature", "properties": { "fid": 515, "OBJECTID": 7161, "KEY_CODE": "503323884", "Pref_CODE": 39, "Pref_Name": "高知県", "Shape_Length": 0.020833334000030845, "Shape_Area": 2.6041668750049021e-05 }, "geometry": { "type": "Polygon", "coordinates": [ [ [ 133.48125, 33.570833333000053 ], [ 133.48125, 33.575 ], [ 133.4875, 33.575 ], [ 133.4875, 33.570833333000053 ], [ 133.48125, 33.570833333000053 ] ] ] } },
{ "type": "Feature", "properties": { "fid": 516, "OBJECTID": 7162, "KEY_CODE": "503323891", "Pref_CODE": 39, "Pref_Name": "高知県", "Shape_Length": 0.020833332000051996, "Shape_Area": 2.6041662500115118e-05 }, "geometry": { "type": "Polygon", "coordinates": [ [ [ 133.4875, 33.56666666700005 ], [ 133.4875, 33.570833333000053 ], [ 133.49375, 33.570833333000053 ], [ 133.49375, 33.56666666700005 ], [ 133.4875, 33.56666666700005 ] ] ] } },
{ "type": "Feature", "properties": { "fid": 517, "OBJECTID": 7163, "KEY_CODE": "503323892", "Pref_CODE": 39, "Pref_Name": "高知県", "Shape_Length": 0.020833332000051996, "Shape_Area": 2.6041662500115118e-05 }, "geometry": { "type": "Polygon", "coordinates": [ [ [ 133.49375, 33.56666666700005 ], [ 133.49375, 33.570833333000053 ], [ 133.500000000000114, 33.570833333000053 ], [ 133.500000000000114, 33.56666666700005 ], [ 133.49375, 33.56666666700005 ] ] ] } },
{ "type": "Feature", "properties": { "fid": 518, "OBJECTID": 7164, "KEY_CODE": "503323893", "Pref_CODE": 39, "Pref_Name": "高知県", "Shape_Length": 0.020833334000030845, "Shape_Area": 2.6041668750049021e-05 }, "geometry": { "type": "Polygon", "coordinates": [ [ [ 133.4875, 33.570833333000053 ], [ 133.4875, 33.575 ], [ 133.49375, 33.575 ], [ 133.49375, 33.570833333000053 ], [ 133.4875, 33.570833333000053 ] ] ] } },
{ "type": "Feature", "properties": { "fid": 519, "OBJECTID": 7165, "KEY_CODE": "503323894", "Pref_CODE": 39, "Pref_Name": "高知県", "Shape_Length": 0.020833334000030845, "Shape_Area": 2.6041668750049021e-05 }, "geometry": { "type": "Polygon", "coordinates": [ [ [ 133.49375, 33.570833333000053 ], [ 133.49375, 33.575 ], [ 133.500000000000114, 33.575 ], [ 133.500000000000114, 33.570833333000053 ], [ 133.49375, 33.570833333000053 ] ] ] } },
{ "type": "Feature", "properties": { "fid": 520, "OBJECTID": 7171, "KEY_CODE": "503323912", "Pref_CODE": 39, "Pref_Name": "高知県", "Shape_Length": 0.020833334000030845, "Shape_Area": 2.6041668750049021e-05 }, "geometry": { "type": "Polygon", "coordinates": [ [ [ 133.4, 33.579166667000038 ], [ 133.4, 33.575 ], [ 133.39435083, 33.575 ], [ 133.39435083, 33.579166667000038 ], [ 133.4, 33.579166667000038 ] ] ] } },
{ "type": "Feature", "properties": { "fid": 521, "OBJECTID": 7173, "KEY_CODE": "503323914", "Pref_CODE": 39, "Pref_Name": "高知県", "Shape_Length": 0.020833332000051996, "Shape_Area": 2.6041662500115118e-05 }, "geometry": { "type": "Polygon", "coordinates": [ [ [ 133.4, 33.583333333000041 ], [ 133.4, 33.579166667000038 ], [ 133.39435083, 33.579166667000038 ], [ 133.39435083, 33.583333333000041 ], [ 133.4, 33.583333333000041 ] ] ] } },
{ "type": "Feature", "properties": { "fid": 522, "OBJECTID": 7174, "KEY_CODE": "503323921", "Pref_CODE": 39, "Pref_Name": "高知県", "Shape_Length": 0.020833334000030845, "Shape_Area": 2.6041668750049021e-05 }, "geometry": { "type": "Polygon", "coordinates": [ [ [ 133.4, 33.575 ], [ 133.4, 33.579166667000038 ], [ 133.406250000000114, 33.579166667000038 ], [ 133.406250000000114, 33.575 ], [ 133.4, 33.575 ] ] ] } },
{ "type": "Feature", "properties": { "fid": 523, "OBJECTID": 7175, "KEY_CODE": "503323922", "Pref_CODE": 39, "Pref_Name": "高知県", "Shape_Length": 0.020833333999803472, "Shape_Area": 2.6041668749575326e-05 }, "geometry": { "type": "Polygon", "coordinates": [ [ [ 133.406250000000114, 33.575 ], [ 133.406250000000114, 33.579166667000038 ], [ 133.4125, 33.579166667000038 ], [ 133.4125, 33.575 ], [ 133.406250000000114, 33.575 ] ] ] } },
{ "type": "Feature", "properties": { "fid": 524, "OBJECTID": 7176, "KEY_CODE": "503323923", "Pref_CODE": 39, "Pref_Name": "高知県", "Shape_Length": 0.020833332000051996, "Shape_Area": 2.6041662500115118e-05 }, "geometry": { "type": "Polygon", "coordinates": [ [ [ 133.4, 33.579166667000038 ], [ 133.4, 33.583333333000041 ], [ 133.406250000000114, 33.583333333000041 ], [ 133.406250000000114, 33.579166667000038 ], [ 133.4, 33.579166667000038 ] ] ] } },
{ "type": "Feature", "properties": { "fid": 525, "OBJECTID": 7177, "KEY_CODE": "503323924", "Pref_CODE": 39, "Pref_Name": "高知県", "Shape_Length": 0.020833331999824622, "Shape_Area": 2.6041662499641423e-05 }, "geometry": { "type": "Polygon", "coordinates": [ [ [ 133.406250000000114, 33.579166667000038 ], [ 133.406250000000114, 33.583333333000041 ], [ 133.4125, 33.583333333000041 ], [ 133.4125, 33.579166667000038 ], [ 133.406250000000114, 33.579166667000038 ] ] ] } },
{ "type": "Feature", "properties": { "fid": 526, "OBJECTID": 7178, "KEY_CODE": "503323931", "Pref_CODE": 39, "Pref_Name": "高知県", "Shape_Length": 0.020833334000030845, "Shape_Area": 2.6041668750049021e-05 }, "geometry": { "type": "Polygon", "coordinates": [ [ [ 133.4125, 33.575 ], [ 133.4125, 33.579166667000038 ], [ 133.41875, 33.579166667000038 ], [ 133.41875, 33.575 ], [ 133.4125, 33.575 ] ] ] } },
{ "type": "Feature", "properties": { "fid": 527, "OBJECTID": 7179, "KEY_CODE": "503323932", "Pref_CODE": 39, "Pref_Name": "高知県", "Shape_Length": 0.020833334000030845, "Shape_Area": 2.6041668750049021e-05 }, "geometry": { "type": "Polygon", "coordinates": [ [ [ 133.41875, 33.575 ], [ 133.41875, 33.579166667000038 ], [ 133.425, 33.579166667000038 ], [ 133.425, 33.575 ], [ 133.41875, 33.575 ] ] ] } },
{ "type": "Feature", "properties": { "fid": 528, "OBJECTID": 7180, "KEY_CODE": "503323933", "Pref_CODE": 39, "Pref_Name": "高知県", "Shape_Length": 0.020833332000051996, "Shape_Area": 2.6041662500115118e-05 }, "geometry": { "type": "Polygon", "coordinates": [ [ [ 133.4125, 33.579166667000038 ], [ 133.4125, 33.583333333000041 ], [ 133.41875, 33.583333333000041 ], [ 133.41875, 33.579166667000038 ], [ 133.4125, 33.579166667000038 ] ] ] } },
{ "type": "Feature", "properties": { "fid": 529, "OBJECTID": 7181, "KEY_CODE": "503323934", "Pref_CODE": 39, "Pref_Name": "高知県", "Shape_Length": 0.020833332000051996, "Shape_Area": 2.6041662500115118e-05 }, "geometry": { "type": "Polygon", "coordinates": [ [ [ 133.41875, 33.579166667000038 ], [ 133.41875, 33.583333333000041 ], [ 133.425, 33.583333333000041 ], [ 133.425, 33.579166667000038 ], [ 133.41875, 33.579166667000038 ] ] ] } },
{ "type": "Feature", "properties": { "fid": 530, "OBJECTID": 7182, "KEY_CODE": "503323941", "Pref_CODE": 39, "Pref_Name": "高知県", "Shape_Length": 0.020833334000030845, "Shape_Area": 2.6041668750049021e-05 }, "geometry": { "type": "Polygon", "coordinates": [ [ [ 133.425, 33.575 ], [ 133.425, 33.579166667000038 ], [ 133.43125, 33.579166667000038 ], [ 133.43125, 33.575 ], [ 133.425, 33.575 ] ] ] } },
{ "type": "Feature", "properties": { "fid": 531, "OBJECTID": 7183, "KEY_CODE": "503323942", "Pref_CODE": 39, "Pref_Name": "高知県", "Shape_Length": 0.020833334000030845, "Shape_Area": 2.6041668750049021e-05 }, "geometry": { "type": "Polygon", "coordinates": [ [ [ 133.43125, 33.575 ], [ 133.43125, 33.579166667000038 ], [ 133.437500000000114, 33.579166667000038 ], [ 133.437500000000114, 33.575 ], [ 133.43125, 33.575 ] ] ] } },
{ "type": "Feature", "properties": { "fid": 532, "OBJECTID": 7184, "KEY_CODE": "503323943", "Pref_CODE": 39, "Pref_Name": "高知県", "Shape_Length": 0.020833332000051996, "Shape_Area": 2.6041662500115118e-05 }, "geometry": { "type": "Polygon", "coordinates": [ [ [ 133.425, 33.579166667000038 ], [ 133.425, 33.583333333000041 ], [ 133.43125, 33.583333333000041 ], [ 133.43125, 33.579166667000038 ], [ 133.425, 33.579166667000038 ] ] ] } },
{ "type": "Feature", "properties": { "fid": 533, "OBJECTID": 7185, "KEY_CODE": "503323944", "Pref_CODE": 39, "Pref_Name": "高知県", "Shape_Length": 0.020833332000051996, "Shape_Area": 2.6041662500115118e-05 }, "geometry": { "type": "Polygon", "coordinates": [ [ [ 133.43125, 33.579166667000038 ], [ 133.43125, 33.583333333000041 ], [ 133.437500000000114, 33.583333333000041 ], [ 133.437500000000114, 33.579166667000038 ], [ 133.43125, 33.579166667000038 ] ] ] } },
{ "type": "Feature", "properties": { "fid": 534, "OBJECTID": 7186, "KEY_CODE": "503323951", "Pref_CODE": 39, "Pref_Name": "高知県", "Shape_Length": 0.020833333999803472, "Shape_Area": 2.6041668749575326e-05 }, "geometry": { "type": "Polygon", "coordinates": [ [ [ 133.437500000000114, 33.575 ], [ 133.437500000000114, 33.579166667000038 ], [ 133.44375, 33.579166667000038 ], [ 133.44375, 33.575 ], [ 133.437500000000114, 33.575 ] ] ] } },
{ "type": "Feature", "properties": { "fid": 535, "OBJECTID": 7187, "KEY_CODE": "503323952", "Pref_CODE": 39, "Pref_Name": "高知県", "Shape_Length": 0.020833334000030845, "Shape_Area": 2.6041668750049021e-05 }, "geometry": { "type": "Polygon", "coordinates": [ [ [ 133.44375, 33.575 ], [ 133.44375, 33.579166667000038 ], [ 133.45, 33.579166667000038 ], [ 133.45, 33.575 ], [ 133.44375, 33.575 ] ] ] } },
{ "type": "Feature", "properties": { "fid": 536, "OBJECTID": 7188, "KEY_CODE": "503323953", "Pref_CODE": 39, "Pref_Name": "高知県", "Shape_Length": 0.020833331999824622, "Shape_Area": 2.6041662499641423e-05 }, "geometry": { "type": "Polygon", "coordinates": [ [ [ 133.437500000000114, 33.579166667000038 ], [ 133.437500000000114, 33.583333333000041 ], [ 133.44375, 33.583333333000041 ], [ 133.44375, 33.579166667000038 ], [ 133.437500000000114, 33.579166667000038 ] ] ] } },
{ "type": "Feature", "properties": { "fid": 537, "OBJECTID": 7189, "KEY_CODE": "503323954", "Pref_CODE": 39, "Pref_Name": "高知県", "Shape_Length": 0.020833332000051996, "Shape_Area": 2.6041662500115118e-05 }, "geometry": { "type": "Polygon", "coordinates": [ [ [ 133.44375, 33.579166667000038 ], [ 133.44375, 33.583333333000041 ], [ 133.45, 33.583333333000041 ], [ 133.45, 33.579166667000038 ], [ 133.44375, 33.579166667000038 ] ] ] } },
{ "type": "Feature", "properties": { "fid": 538, "OBJECTID": 7190, "KEY_CODE": "503323961", "Pref_CODE": 39, "Pref_Name": "高知県", "Shape_Length": 0.020833334000030845, "Shape_Area": 2.6041668750049021e-05 }, "geometry": { "type": "Polygon", "coordinates": [ [ [ 133.45, 33.575 ], [ 133.45, 33.579166667000038 ], [ 133.45625, 33.579166667000038 ], [ 133.45625, 33.575 ], [ 133.45, 33.575 ] ] ] } },
{ "type": "Feature", "properties": { "fid": 539, "OBJECTID": 7191, "KEY_CODE": "503323962", "Pref_CODE": 39, "Pref_Name": "高知県", "Shape_Length": 0.020833334000030845, "Shape_Area": 2.6041668750049021e-05 }, "geometry": { "type": "Polygon", "coordinates": [ [ [ 133.45625, 33.575 ], [ 133.45625, 33.579166667000038 ], [ 133.4625, 33.579166667000038 ], [ 133.4625, 33.575 ], [ 133.45625, 33.575 ] ] ] } },
{ "type": "Feature", "properties": { "fid": 540, "OBJECTID": 7192, "KEY_CODE": "503323963", "Pref_CODE": 39, "Pref_Name": "高知県", "Shape_Length": 0.020833332000051996, "Shape_Area": 2.6041662500115118e-05 }, "geometry": { "type": "Polygon", "coordinates": [ [ [ 133.45, 33.579166667000038 ], [ 133.45, 33.583333333000041 ], [ 133.45625, 33.583333333000041 ], [ 133.45625, 33.579166667000038 ], [ 133.45, 33.579166667000038 ] ] ] } },
{ "type": "Feature", "properties": { "fid": 541, "OBJECTID": 7193, "KEY_CODE": "503323964", "Pref_CODE": 39, "Pref_Name": "高知県", "Shape_Length": 0.020833332000051996, "Shape_Area": 2.6041662500115118e-05 }, "geometry": { "type": "Polygon", "coordinates": [ [ [ 133.45625, 33.579166667000038 ], [ 133.45625, 33.583333333000041 ], [ 133.4625, 33.583333333000041 ], [ 133.4625, 33.579166667000038 ], [ 133.45625, 33.579166667000038 ] ] ] } },
{ "type": "Feature", "properties": { "fid": 542, "OBJECTID": 7194, "KEY_CODE": "503323971", "Pref_CODE": 39, "Pref_Name": "高知県", "Shape_Length": 0.020833334000030845, "Shape_Area": 2.6041668750049021e-05 }, "geometry": { "type": "Polygon", "coordinates": [ [ [ 133.4625, 33.575 ], [ 133.4625, 33.579166667000038 ], [ 133.468750000000114, 33.579166667000038 ], [ 133.468750000000114, 33.575 ], [ 133.4625, 33.575 ] ] ] } },
{ "type": "Feature", "properties": { "fid": 543, "OBJECTID": 7195, "KEY_CODE": "503323972", "Pref_CODE": 39, "Pref_Name": "高知県", "Shape_Length": 0.020833333999803472, "Shape_Area": 2.6041668749575326e-05 }, "geometry": { "type": "Polygon", "coordinates": [ [ [ 133.468750000000114, 33.575 ], [ 133.468750000000114, 33.579166667000038 ], [ 133.475, 33.579166667000038 ], [ 133.475, 33.575 ], [ 133.468750000000114, 33.575 ] ] ] } },
{ "type": "Feature", "properties": { "fid": 544, "OBJECTID": 7196, "KEY_CODE": "503323973", "Pref_CODE": 39, "Pref_Name": "高知県", "Shape_Length": 0.020833332000051996, "Shape_Area": 2.6041662500115118e-05 }, "geometry": { "type": "Polygon", "coordinates": [ [ [ 133.4625, 33.579166667000038 ], [ 133.4625, 33.583333333000041 ], [ 133.468750000000114, 33.583333333000041 ], [ 133.468750000000114, 33.579166667000038 ], [ 133.4625, 33.579166667000038 ] ] ] } },
{ "type": "Feature", "properties": { "fid": 545, "OBJECTID": 7197, "KEY_CODE": "503323974", "Pref_CODE": 39, "Pref_Name": "高知県", "Shape_Length": 0.020833331999824622, "Shape_Area": 2.6041662499641423e-05 }, "geometry": { "type": "Polygon", "coordinates": [ [ [ 133.468750000000114, 33.579166667000038 ], [ 133.468750000000114, 33.583333333000041 ], [ 133.475, 33.583333333000041 ], [ 133.475, 33.579166667000038 ], [ 133.468750000000114, 33.579166667000038 ] ] ] } },
{ "type": "Feature", "properties": { "fid": 546, "OBJECTID": 7198, "KEY_CODE": "503323981", "Pref_CODE": 39, "Pref_Name": "高知県", "Shape_Length": 0.020833334000030845, "Shape_Area": 2.6041668750049021e-05 }, "geometry": { "type": "Polygon", "coordinates": [ [ [ 133.475, 33.575 ], [ 133.475, 33.579166667000038 ], [ 133.48125, 33.579166667000038 ], [ 133.48125, 33.575 ], [ 133.475, 33.575 ] ] ] } },
{ "type": "Feature", "properties": { "fid": 547, "OBJECTID": 7199, "KEY_CODE": "503323982", "Pref_CODE": 39, "Pref_Name": "高知県", "Shape_Length": 0.020833334000030845, "Shape_Area": 2.6041668750049021e-05 }, "geometry": { "type": "Polygon", "coordinates": [ [ [ 133.48125, 33.575 ], [ 133.48125, 33.579166667000038 ], [ 133.4875, 33.579166667000038 ], [ 133.4875, 33.575 ], [ 133.48125, 33.575 ] ] ] } },
{ "type": "Feature", "properties": { "fid": 548, "OBJECTID": 7200, "KEY_CODE": "503323983", "Pref_CODE": 39, "Pref_Name": "高知県", "Shape_Length": 0.020833332000051996, "Shape_Area": 2.6041662500115118e-05 }, "geometry": { "type": "Polygon", "coordinates": [ [ [ 133.475, 33.579166667000038 ], [ 133.475, 33.583333333000041 ], [ 133.48125, 33.583333333000041 ], [ 133.48125, 33.579166667000038 ], [ 133.475, 33.579166667000038 ] ] ] } },
{ "type": "Feature", "properties": { "fid": 549, "OBJECTID": 7201, "KEY_CODE": "503323984", "Pref_CODE": 39, "Pref_Name": "高知県", "Shape_Length": 0.020833332000051996, "Shape_Area": 2.6041662500115118e-05 }, "geometry": { "type": "Polygon", "coordinates": [ [ [ 133.48125, 33.579166667000038 ], [ 133.48125, 33.583333333000041 ], [ 133.4875, 33.583333333000041 ], [ 133.4875, 33.579166667000038 ], [ 133.48125, 33.579166667000038 ] ] ] } },
{ "type": "Feature", "properties": { "fid": 550, "OBJECTID": 7202, "KEY_CODE": "503323991", "Pref_CODE": 39, "Pref_Name": "高知県", "Shape_Length": 0.020833334000030845, "Shape_Area": 2.6041668750049021e-05 }, "geometry": { "type": "Polygon", "coordinates": [ [ [ 133.4875, 33.575 ], [ 133.4875, 33.579166667000038 ], [ 133.49375, 33.579166667000038 ], [ 133.49375, 33.575 ], [ 133.4875, 33.575 ] ] ] } },
{ "type": "Feature", "properties": { "fid": 551, "OBJECTID": 7203, "KEY_CODE": "503323992", "Pref_CODE": 39, "Pref_Name": "高知県", "Shape_Length": 0.020833334000030845, "Shape_Area": 2.6041668750049021e-05 }, "geometry": { "type": "Polygon", "coordinates": [ [ [ 133.49375, 33.575 ], [ 133.49375, 33.579166667000038 ], [ 133.500000000000114, 33.579166667000038 ], [ 133.500000000000114, 33.575 ], [ 133.49375, 33.575 ] ] ] } },
{ "type": "Feature", "properties": { "fid": 552, "OBJECTID": 7204, "KEY_CODE": "503323993", "Pref_CODE": 39, "Pref_Name": "高知県", "Shape_Length": 0.020833332000051996, "Shape_Area": 2.6041662500115118e-05 }, "geometry": { "type": "Polygon", "coordinates": [ [ [ 133.4875, 33.579166667000038 ], [ 133.4875, 33.583333333000041 ], [ 133.49375, 33.583333333000041 ], [ 133.49375, 33.579166667000038 ], [ 133.4875, 33.579166667000038 ] ] ] } },
{ "type": "Feature", "properties": { "fid": 553, "OBJECTID": 7205, "KEY_CODE": "503323994", "Pref_CODE": 39, "Pref_Name": "高知県", "Shape_Length": 0.020833332000051996, "Shape_Area": 2.6041662500115118e-05 }, "geometry": { "type": "Polygon", "coordinates": [ [ [ 133.49375, 33.579166667000038 ], [ 133.49375, 33.583333333000041 ], [ 133.500000000000114, 33.583333333000041 ], [ 133.500000000000114, 33.579166667000038 ], [ 133.49375, 33.579166667000038 ] ] ] } },
{ "type": "Feature", "properties": { "fid": 554, "OBJECTID": 7206, "KEY_CODE": "503324001", "Pref_CODE": 39, "Pref_Name": "高知県", "Shape_Length": 0.020833333999803472, "Shape_Area": 2.6041668749575326e-05 }, "geometry": { "type": "Polygon", "coordinates": [ [ [ 133.500000000000114, 33.5 ], [ 133.500000000000114, 33.50416666700005 ], [ 133.50625, 33.50416666700005 ], [ 133.50625, 33.5 ], [ 133.500000000000114, 33.5 ] ] ] } },
{ "type": "Feature", "properties": { "fid": 555, "OBJECTID": 7207, "KEY_CODE": "503324002", "Pref_CODE": 39, "Pref_Name": "高知県", "Shape_Length": 0.020833334000030845, "Shape_Area": 2.6041668750049021e-05 }, "geometry": { "type": "Polygon", "coordinates": [ [ [ 133.50625, 33.5 ], [ 133.50625, 33.50416666700005 ], [ 133.5125, 33.50416666700005 ], [ 133.5125, 33.5 ], [ 133.50625, 33.5 ] ] ] } },
{ "type": "Feature", "properties": { "fid": 556, "OBJECTID": 7208, "KEY_CODE": "503324003", "Pref_CODE": 39, "Pref_Name": "高知県", "Shape_Length": 0.020833331999824622, "Shape_Area": 2.6041662499641423e-05 }, "geometry": { "type": "Polygon", "coordinates": [ [ [ 133.500000000000114, 33.50416666700005 ], [ 133.500000000000114, 33.508333333000053 ], [ 133.50625, 33.508333333000053 ], [ 133.50625, 33.50416666700005 ], [ 133.500000000000114, 33.50416666700005 ] ] ] } },
{ "type": "Feature", "properties": { "fid": 557, "OBJECTID": 7209, "KEY_CODE": "503324004", "Pref_CODE": 39, "Pref_Name": "高知県", "Shape_Length": 0.020833332000051996, "Shape_Area": 2.6041662500115118e-05 }, "geometry": { "type": "Polygon", "coordinates": [ [ [ 133.50625, 33.50416666700005 ], [ 133.50625, 33.508333333000053 ], [ 133.5125, 33.508333333000053 ], [ 133.5125, 33.50416666700005 ], [ 133.50625, 33.50416666700005 ] ] ] } },
{ "type": "Feature", "properties": { "fid": 558, "OBJECTID": 7210, "KEY_CODE": "503324011", "Pref_CODE": 39, "Pref_Name": "高知県", "Shape_Length": 0.020833334000030845, "Shape_Area": 2.6041668750049021e-05 }, "geometry": { "type": "Polygon", "coordinates": [ [ [ 133.5125, 33.5 ], [ 133.5125, 33.50416666700005 ], [ 133.51875, 33.50416666700005 ], [ 133.51875, 33.5 ], [ 133.5125, 33.5 ] ] ] } },
{ "type": "Feature", "properties": { "fid": 559, "OBJECTID": 7211, "KEY_CODE": "503324012", "Pref_CODE": 39, "Pref_Name": "高知県", "Shape_Length": 0.020833334000030845, "Shape_Area": 2.6041668750049021e-05 }, "geometry": { "type": "Polygon", "coordinates": [ [ [ 133.51875, 33.5 ], [ 133.51875, 33.50416666700005 ], [ 133.525, 33.50416666700005 ], [ 133.525, 33.5 ], [ 133.51875, 33.5 ] ] ] } },
{ "type": "Feature", "properties": { "fid": 560, "OBJECTID": 7212, "KEY_CODE": "503324013", "Pref_CODE": 39, "Pref_Name": "高知県", "Shape_Length": 0.020833332000051996, "Shape_Area": 2.6041662500115118e-05 }, "geometry": { "type": "Polygon", "coordinates": [ [ [ 133.5125, 33.50416666700005 ], [ 133.5125, 33.508333333000053 ], [ 133.51875, 33.508333333000053 ], [ 133.51875, 33.50416666700005 ], [ 133.5125, 33.50416666700005 ] ] ] } },
{ "type": "Feature", "properties": { "fid": 561, "OBJECTID": 7213, "KEY_CODE": "503324014", "Pref_CODE": 39, "Pref_Name": "高知県", "Shape_Length": 0.020833332000051996, "Shape_Area": 2.6041662500115118e-05 }, "geometry": { "type": "Polygon", "coordinates": [ [ [ 133.51875, 33.50416666700005 ], [ 133.51875, 33.508333333000053 ], [ 133.525, 33.508333333000053 ], [ 133.525, 33.50416666700005 ], [ 133.51875, 33.50416666700005 ] ] ] } },
{ "type": "Feature", "properties": { "fid": 562, "OBJECTID": 7214, "KEY_CODE": "503324021", "Pref_CODE": 39, "Pref_Name": "高知県", "Shape_Length": 0.020833334000030845, "Shape_Area": 2.6041668750049021e-05 }, "geometry": { "type": "Polygon", "coordinates": [ [ [ 133.525, 33.5 ], [ 133.525, 33.50416666700005 ], [ 133.531250000000114, 33.50416666700005 ], [ 133.531250000000114, 33.5 ], [ 133.525, 33.5 ] ] ] } },
{ "type": "Feature", "properties": { "fid": 563, "OBJECTID": 7215, "KEY_CODE": "503324022", "Pref_CODE": 39, "Pref_Name": "高知県", "Shape_Length": 0.020833333999803472, "Shape_Area": 2.6041668749575326e-05 }, "geometry": { "type": "Polygon", "coordinates": [ [ [ 133.531250000000114, 33.5 ], [ 133.531250000000114, 33.50416666700005 ], [ 133.5375, 33.50416666700005 ], [ 133.5375, 33.5 ], [ 133.531250000000114, 33.5 ] ] ] } },
{ "type": "Feature", "properties": { "fid": 564, "OBJECTID": 7216, "KEY_CODE": "503324023", "Pref_CODE": 39, "Pref_Name": "高知県", "Shape_Length": 0.020833332000051996, "Shape_Area": 2.6041662500115118e-05 }, "geometry": { "type": "Polygon", "coordinates": [ [ [ 133.525, 33.50416666700005 ], [ 133.525, 33.508333333000053 ], [ 133.531250000000114, 33.508333333000053 ], [ 133.531250000000114, 33.50416666700005 ], [ 133.525, 33.50416666700005 ] ] ] } },
{ "type": "Feature", "properties": { "fid": 565, "OBJECTID": 7217, "KEY_CODE": "503324024", "Pref_CODE": 39, "Pref_Name": "高知県", "Shape_Length": 0.020833331999824622, "Shape_Area": 2.6041662499641423e-05 }, "geometry": { "type": "Polygon", "coordinates": [ [ [ 133.531250000000114, 33.50416666700005 ], [ 133.531250000000114, 33.508333333000053 ], [ 133.5375, 33.508333333000053 ], [ 133.5375, 33.50416666700005 ], [ 133.531250000000114, 33.50416666700005 ] ] ] } },
{ "type": "Feature", "properties": { "fid": 566, "OBJECTID": 7218, "KEY_CODE": "503324031", "Pref_CODE": 39, "Pref_Name": "高知県", "Shape_Length": 0.020833334000030845, "Shape_Area": 2.6041668750049021e-05 }, "geometry": { "type": "Polygon", "coordinates": [ [ [ 133.5375, 33.5 ], [ 133.5375, 33.50416666700005 ], [ 133.54375, 33.50416666700005 ], [ 133.54375, 33.5 ], [ 133.5375, 33.5 ] ] ] } },
{ "type": "Feature", "properties": { "fid": 567, "OBJECTID": 7219, "KEY_CODE": "503324032", "Pref_CODE": 39, "Pref_Name": "高知県", "Shape_Length": 0.020833334000030845, "Shape_Area": 2.6041668750049021e-05 }, "geometry": { "type": "Polygon", "coordinates": [ [ [ 133.54375, 33.5 ], [ 133.54375, 33.50416666700005 ], [ 133.55, 33.50416666700005 ], [ 133.55, 33.5 ], [ 133.54375, 33.5 ] ] ] } },
{ "type": "Feature", "properties": { "fid": 568, "OBJECTID": 7220, "KEY_CODE": "503324033", "Pref_CODE": 39, "Pref_Name": "高知県", "Shape_Length": 0.020833332000051996, "Shape_Area": 2.6041662500115118e-05 }, "geometry": { "type": "Polygon", "coordinates": [ [ [ 133.5375, 33.50416666700005 ], [ 133.5375, 33.508333333000053 ], [ 133.54375, 33.508333333000053 ], [ 133.54375, 33.50416666700005 ], [ 133.5375, 33.50416666700005 ] ] ] } },
{ "type": "Feature", "properties": { "fid": 569, "OBJECTID": 7221, "KEY_CODE": "503324034", "Pref_CODE": 39, "Pref_Name": "高知県", "Shape_Length": 0.020833332000051996, "Shape_Area": 2.6041662500115118e-05 }, "geometry": { "type": "Polygon", "coordinates": [ [ [ 133.54375, 33.50416666700005 ], [ 133.54375, 33.508333333000053 ], [ 133.55, 33.508333333000053 ], [ 133.55, 33.50416666700005 ], [ 133.54375, 33.50416666700005 ] ] ] } },
{ "type": "Feature", "properties": { "fid": 570, "OBJECTID": 7222, "KEY_CODE": "503324041", "Pref_CODE": 39, "Pref_Name": "高知県", "Shape_Length": 0.020833334000030845, "Shape_Area": 2.6041668750049021e-05 }, "geometry": { "type": "Polygon", "coordinates": [ [ [ 133.55, 33.5 ], [ 133.55, 33.50416666700005 ], [ 133.55625, 33.50416666700005 ], [ 133.55625, 33.5 ], [ 133.55, 33.5 ] ] ] } },
{ "type": "Feature", "properties": { "fid": 571, "OBJECTID": 7223, "KEY_CODE": "503324043", "Pref_CODE": 39, "Pref_Name": "高知県", "Shape_Length": 0.020833332000051996, "Shape_Area": 2.6041662500115118e-05 }, "geometry": { "type": "Polygon", "coordinates": [ [ [ 133.55, 33.50416666700005 ], [ 133.55, 33.508333333000053 ], [ 133.55625, 33.508333333000053 ], [ 133.55625, 33.50416666700005 ], [ 133.55, 33.50416666700005 ] ] ] } },
{ "type": "Feature", "properties": { "fid": 572, "OBJECTID": 7224, "KEY_CODE": "503324051", "Pref_CODE": 39, "Pref_Name": "高知県", "Shape_Length": 0.020833333999803472, "Shape_Area": 2.6041668749575326e-05 }, "geometry": { "type": "Polygon", "coordinates": [ [ [ 133.562500000000114, 33.5 ], [ 133.562500000000114, 33.50416666700005 ], [ 133.56875, 33.50416666700005 ], [ 133.56875, 33.5 ], [ 133.562500000000114, 33.5 ] ] ] } },
{ "type": "Feature", "properties": { "fid": 573, "OBJECTID": 7225, "KEY_CODE": "503324054", "Pref_CODE": 39, "Pref_Name": "高知県", "Shape_Length": 0.020833332000051996, "Shape_Area": 2.6041662500115118e-05 }, "geometry": { "type": "Polygon", "coordinates": [ [ [ 133.56875, 33.50416666700005 ], [ 133.56875, 33.508333333000053 ], [ 133.575, 33.508333333000053 ], [ 133.575, 33.50416666700005 ], [ 133.56875, 33.50416666700005 ] ] ] } },
{ "type": "Feature", "properties": { "fid": 574, "OBJECTID": 7226, "KEY_CODE": "503324101", "Pref_CODE": 39, "Pref_Name": "高知県", "Shape_Length": 0.020833333999803472, "Shape_Area": 2.6041668749575326e-05 }, "geometry": { "type": "Polygon", "coordinates": [ [ [ 133.500000000000114, 33.508333333000053 ], [ 133.500000000000114, 33.5125 ], [ 133.50625, 33.5125 ], [ 133.50625, 33.508333333000053 ], [ 133.500000000000114, 33.508333333000053 ] ] ] } },
{ "type": "Feature", "properties": { "fid": 575, "OBJECTID": 7227, "KEY_CODE": "503324102", "Pref_CODE": 39, "Pref_Name": "高知県", "Shape_Length": 0.020833334000030845, "Shape_Area": 2.6041668750049021e-05 }, "geometry": { "type": "Polygon", "coordinates": [ [ [ 133.50625, 33.508333333000053 ], [ 133.50625, 33.5125 ], [ 133.5125, 33.5125 ], [ 133.5125, 33.508333333000053 ], [ 133.50625, 33.508333333000053 ] ] ] } },
{ "type": "Feature", "properties": { "fid": 576, "OBJECTID": 7228, "KEY_CODE": "503324103", "Pref_CODE": 39, "Pref_Name": "高知県", "Shape_Length": 0.020833333999803472, "Shape_Area": 2.6041668749575326e-05 }, "geometry": { "type": "Polygon", "coordinates": [ [ [ 133.500000000000114, 33.5125 ], [ 133.500000000000114, 33.516666667000038 ], [ 133.50625, 33.516666667000038 ], [ 133.50625, 33.5125 ], [ 133.500000000000114, 33.5125 ] ] ] } },
{ "type": "Feature", "properties": { "fid": 577, "OBJECTID": 7229, "KEY_CODE": "503324104", "Pref_CODE": 39, "Pref_Name": "高知県", "Shape_Length": 0.020833334000030845, "Shape_Area": 2.6041668750049021e-05 }, "geometry": { "type": "Polygon", "coordinates": [ [ [ 133.50625, 33.5125 ], [ 133.50625, 33.516666667000038 ], [ 133.5125, 33.516666667000038 ], [ 133.5125, 33.5125 ], [ 133.50625, 33.5125 ] ] ] } },
{ "type": "Feature", "properties": { "fid": 578, "OBJECTID": 7230, "KEY_CODE": "503324111", "Pref_CODE": 39, "Pref_Name": "高知県", "Shape_Length": 0.020833334000030845, "Shape_Area": 2.6041668750049021e-05 }, "geometry": { "type": "Polygon", "coordinates": [ [ [ 133.5125, 33.508333333000053 ], [ 133.5125, 33.5125 ], [ 133.51875, 33.5125 ], [ 133.51875, 33.508333333000053 ], [ 133.5125, 33.508333333000053 ] ] ] } },
{ "type": "Feature", "properties": { "fid": 579, "OBJECTID": 7231, "KEY_CODE": "503324112", "Pref_CODE": 39, "Pref_Name": "高知県", "Shape_Length": 0.020833334000030845, "Shape_Area": 2.6041668750049021e-05 }, "geometry": { "type": "Polygon", "coordinates": [ [ [ 133.51875, 33.508333333000053 ], [ 133.51875, 33.5125 ], [ 133.525, 33.5125 ], [ 133.525, 33.508333333000053 ], [ 133.51875, 33.508333333000053 ] ] ] } },
{ "type": "Feature", "properties": { "fid": 580, "OBJECTID": 7232, "KEY_CODE": "503324113", "Pref_CODE": 39, "Pref_Name": "高知県", "Shape_Length": 0.020833334000030845, "Shape_Area": 2.6041668750049021e-05 }, "geometry": { "type": "Polygon", "coordinates": [ [ [ 133.5125, 33.5125 ], [ 133.5125, 33.516666667000038 ], [ 133.51875, 33.516666667000038 ], [ 133.51875, 33.5125 ], [ 133.5125, 33.5125 ] ] ] } },
{ "type": "Feature", "properties": { "fid": 581, "OBJECTID": 7233, "KEY_CODE": "503324114", "Pref_CODE": 39, "Pref_Name": "高知県", "Shape_Length": 0.020833334000030845, "Shape_Area": 2.6041668750049021e-05 }, "geometry": { "type": "Polygon", "coordinates": [ [ [ 133.51875, 33.5125 ], [ 133.51875, 33.516666667000038 ], [ 133.525, 33.516666667000038 ], [ 133.525, 33.5125 ], [ 133.51875, 33.5125 ] ] ] } },
{ "type": "Feature", "properties": { "fid": 582, "OBJECTID": 7234, "KEY_CODE": "503324121", "Pref_CODE": 39, "Pref_Name": "高知県", "Shape_Length": 0.020833334000030845, "Shape_Area": 2.6041668750049021e-05 }, "geometry": { "type": "Polygon", "coordinates": [ [ [ 133.525, 33.508333333000053 ], [ 133.525, 33.5125 ], [ 133.531250000000114, 33.5125 ], [ 133.531250000000114, 33.508333333000053 ], [ 133.525, 33.508333333000053 ] ] ] } },
{ "type": "Feature", "properties": { "fid": 583, "OBJECTID": 7235, "KEY_CODE": "503324122", "Pref_CODE": 39, "Pref_Name": "高知県", "Shape_Length": 0.020833333999803472, "Shape_Area": 2.6041668749575326e-05 }, "geometry": { "type": "Polygon", "coordinates": [ [ [ 133.531250000000114, 33.508333333000053 ], [ 133.531250000000114, 33.5125 ], [ 133.5375, 33.5125 ], [ 133.5375, 33.508333333000053 ], [ 133.531250000000114, 33.508333333000053 ] ] ] } },
{ "type": "Feature", "properties": { "fid": 584, "OBJECTID": 7236, "KEY_CODE": "503324123", "Pref_CODE": 39, "Pref_Name": "高知県", "Shape_Length": 0.020833334000030845, "Shape_Area": 2.6041668750049021e-05 }, "geometry": { "type": "Polygon", "coordinates": [ [ [ 133.525, 33.5125 ], [ 133.525, 33.516666667000038 ], [ 133.531250000000114, 33.516666667000038 ], [ 133.531250000000114, 33.5125 ], [ 133.525, 33.5125 ] ] ] } },
{ "type": "Feature", "properties": { "fid": 585, "OBJECTID": 7237, "KEY_CODE": "503324124", "Pref_CODE": 39, "Pref_Name": "高知県", "Shape_Length": 0.020833333999803472, "Shape_Area": 2.6041668749575326e-05 }, "geometry": { "type": "Polygon", "coordinates": [ [ [ 133.531250000000114, 33.5125 ], [ 133.531250000000114, 33.516666667000038 ], [ 133.5375, 33.516666667000038 ], [ 133.5375, 33.5125 ], [ 133.531250000000114, 33.5125 ] ] ] } },
{ "type": "Feature", "properties": { "fid": 586, "OBJECTID": 7238, "KEY_CODE": "503324131", "Pref_CODE": 39, "Pref_Name": "高知県", "Shape_Length": 0.020833334000030845, "Shape_Area": 2.6041668750049021e-05 }, "geometry": { "type": "Polygon", "coordinates": [ [ [ 133.5375, 33.508333333000053 ], [ 133.5375, 33.5125 ], [ 133.54375, 33.5125 ], [ 133.54375, 33.508333333000053 ], [ 133.5375, 33.508333333000053 ] ] ] } },
{ "type": "Feature", "properties": { "fid": 587, "OBJECTID": 7239, "KEY_CODE": "503324132", "Pref_CODE": 39, "Pref_Name": "高知県", "Shape_Length": 0.020833334000030845, "Shape_Area": 2.6041668750049021e-05 }, "geometry": { "type": "Polygon", "coordinates": [ [ [ 133.54375, 33.508333333000053 ], [ 133.54375, 33.5125 ], [ 133.55, 33.5125 ], [ 133.55, 33.508333333000053 ], [ 133.54375, 33.508333333000053 ] ] ] } },
{ "type": "Feature", "properties": { "fid": 588, "OBJECTID": 7240, "KEY_CODE": "503324133", "Pref_CODE": 39, "Pref_Name": "高知県", "Shape_Length": 0.020833334000030845, "Shape_Area": 2.6041668750049021e-05 }, "geometry": { "type": "Polygon", "coordinates": [ [ [ 133.5375, 33.5125 ], [ 133.5375, 33.516666667000038 ], [ 133.54375, 33.516666667000038 ], [ 133.54375, 33.5125 ], [ 133.5375, 33.5125 ] ] ] } },
{ "type": "Feature", "properties": { "fid": 589, "OBJECTID": 7241, "KEY_CODE": "503324134", "Pref_CODE": 39, "Pref_Name": "高知県", "Shape_Length": 0.020833334000030845, "Shape_Area": 2.6041668750049021e-05 }, "geometry": { "type": "Polygon", "coordinates": [ [ [ 133.54375, 33.5125 ], [ 133.54375, 33.516666667000038 ], [ 133.55, 33.516666667000038 ], [ 133.55, 33.5125 ], [ 133.54375, 33.5125 ] ] ] } },
{ "type": "Feature", "properties": { "fid": 590, "OBJECTID": 7242, "KEY_CODE": "503324151", "Pref_CODE": 39, "Pref_Name": "高知県", "Shape_Length": 0.020833333999803472, "Shape_Area": 2.6041668749575326e-05 }, "geometry": { "type": "Polygon", "coordinates": [ [ [ 133.562500000000114, 33.508333333000053 ], [ 133.562500000000114, 33.5125 ], [ 133.56875, 33.5125 ], [ 133.56875, 33.508333333000053 ], [ 133.562500000000114, 33.508333333000053 ] ] ] } },
{ "type": "Feature", "properties": { "fid": 591, "OBJECTID": 7243, "KEY_CODE": "503324152", "Pref_CODE": 39, "Pref_Name": "高知県", "Shape_Length": 0.020833334000030845, "Shape_Area": 2.6041668750049021e-05 }, "geometry": { "type": "Polygon", "coordinates": [ [ [ 133.56875, 33.508333333000053 ], [ 133.56875, 33.5125 ], [ 133.575, 33.5125 ], [ 133.575, 33.508333333000053 ], [ 133.56875, 33.508333333000053 ] ] ] } },
{ "type": "Feature", "properties": { "fid": 592, "OBJECTID": 7244, "KEY_CODE": "503324154", "Pref_CODE": 39, "Pref_Name": "高知県", "Shape_Length": 0.020833334000030845, "Shape_Area": 2.6041668750049021e-05 }, "geometry": { "type": "Polygon", "coordinates": [ [ [ 133.56875, 33.5125 ], [ 133.56875, 33.516666667000038 ], [ 133.575, 33.516666667000038 ], [ 133.575, 33.5125 ], [ 133.56875, 33.5125 ] ] ] } },
{ "type": "Feature", "properties": { "fid": 593, "OBJECTID": 7245, "KEY_CODE": "503324163", "Pref_CODE": 39, "Pref_Name": "高知県", "Shape_Length": 0.020833334000030845, "Shape_Area": 2.6041668750049021e-05 }, "geometry": { "type": "Polygon", "coordinates": [ [ [ 133.575, 33.5125 ], [ 133.575, 33.516666667000038 ], [ 133.58125, 33.516666667000038 ], [ 133.58125, 33.5125 ], [ 133.575, 33.5125 ] ] ] } },
{ "type": "Feature", "properties": { "fid": 594, "OBJECTID": 7246, "KEY_CODE": "503324164", "Pref_CODE": 39, "Pref_Name": "高知県", "Shape_Length": 0.020833334000030845, "Shape_Area": 2.6041668750049021e-05 }, "geometry": { "type": "Polygon", "coordinates": [ [ [ 133.58125, 33.5125 ], [ 133.58125, 33.516666667000038 ], [ 133.5875, 33.516666667000038 ], [ 133.5875, 33.5125 ], [ 133.58125, 33.5125 ] ] ] } },
{ "type": "Feature", "properties": { "fid": 595, "OBJECTID": 7247, "KEY_CODE": "503324173", "Pref_CODE": 39, "Pref_Name": "高知県", "Shape_Length": 0.020833334000030845, "Shape_Area": 2.6041668750049021e-05 }, "geometry": { "type": "Polygon", "coordinates": [ [ [ 133.5875, 33.5125 ], [ 133.5875, 33.516666667000038 ], [ 133.593750000000114, 33.516666667000038 ], [ 133.593750000000114, 33.5125 ], [ 133.5875, 33.5125 ] ] ] } },
{ "type": "Feature", "properties": { "fid": 596, "OBJECTID": 7248, "KEY_CODE": "503324201", "Pref_CODE": 39, "Pref_Name": "高知県", "Shape_Length": 0.020833331999824622, "Shape_Area": 2.6041662499641423e-05 }, "geometry": { "type": "Polygon", "coordinates": [ [ [ 133.500000000000114, 33.516666667000038 ], [ 133.500000000000114, 33.520833333000041 ], [ 133.50625, 33.520833333000041 ], [ 133.50625, 33.516666667000038 ], [ 133.500000000000114, 33.516666667000038 ] ] ] } },
{ "type": "Feature", "properties": { "fid": 597, "OBJECTID": 7249, "KEY_CODE": "503324202", "Pref_CODE": 39, "Pref_Name": "高知県", "Shape_Length": 0.020833332000051996, "Shape_Area": 2.6041662500115118e-05 }, "geometry": { "type": "Polygon", "coordinates": [ [ [ 133.50625, 33.516666667000038 ], [ 133.50625, 33.520833333000041 ], [ 133.5125, 33.520833333000041 ], [ 133.5125, 33.516666667000038 ], [ 133.50625, 33.516666667000038 ] ] ] } },
{ "type": "Feature", "properties": { "fid": 598, "OBJECTID": 7250, "KEY_CODE": "503324203", "Pref_CODE": 39, "Pref_Name": "高知県", "Shape_Length": 0.020833333999803472, "Shape_Area": 2.6041668749575326e-05 }, "geometry": { "type": "Polygon", "coordinates": [ [ [ 133.500000000000114, 33.520833333000041 ], [ 133.500000000000114, 33.525 ], [ 133.50625, 33.525 ], [ 133.50625, 33.520833333000041 ], [ 133.500000000000114, 33.520833333000041 ] ] ] } },
{ "type": "Feature", "properties": { "fid": 599, "OBJECTID": 7251, "KEY_CODE": "503324204", "Pref_CODE": 39, "Pref_Name": "高知県", "Shape_Length": 0.020833334000030845, "Shape_Area": 2.6041668750049021e-05 }, "geometry": { "type": "Polygon", "coordinates": [ [ [ 133.50625, 33.520833333000041 ], [ 133.50625, 33.525 ], [ 133.5125, 33.525 ], [ 133.5125, 33.520833333000041 ], [ 133.50625, 33.520833333000041 ] ] ] } },
{ "type": "Feature", "properties": { "fid": 600, "OBJECTID": 7252, "KEY_CODE": "503324211", "Pref_CODE": 39, "Pref_Name": "高知県", "Shape_Length": 0.020833332000051996, "Shape_Area": 2.6041662500115118e-05 }, "geometry": { "type": "Polygon", "coordinates": [ [ [ 133.5125, 33.516666667000038 ], [ 133.5125, 33.520833333000041 ], [ 133.51875, 33.520833333000041 ], [ 133.51875, 33.516666667000038 ], [ 133.5125, 33.516666667000038 ] ] ] } },
{ "type": "Feature", "properties": { "fid": 601, "OBJECTID": 7253, "KEY_CODE": "503324212", "Pref_CODE": 39, "Pref_Name": "高知県", "Shape_Length": 0.020833332000051996, "Shape_Area": 2.6041662500115118e-05 }, "geometry": { "type": "Polygon", "coordinates": [ [ [ 133.51875, 33.516666667000038 ], [ 133.51875, 33.520833333000041 ], [ 133.525, 33.520833333000041 ], [ 133.525, 33.516666667000038 ], [ 133.51875, 33.516666667000038 ] ] ] } },
{ "type": "Feature", "properties": { "fid": 602, "OBJECTID": 7254, "KEY_CODE": "503324213", "Pref_CODE": 39, "Pref_Name": "高知県", "Shape_Length": 0.020833334000030845, "Shape_Area": 2.6041668750049021e-05 }, "geometry": { "type": "Polygon", "coordinates": [ [ [ 133.5125, 33.520833333000041 ], [ 133.5125, 33.525 ], [ 133.51875, 33.525 ], [ 133.51875, 33.520833333000041 ], [ 133.5125, 33.520833333000041 ] ] ] } },
{ "type": "Feature", "properties": { "fid": 603, "OBJECTID": 7255, "KEY_CODE": "503324214", "Pref_CODE": 39, "Pref_Name": "高知県", "Shape_Length": 0.020833334000030845, "Shape_Area": 2.6041668750049021e-05 }, "geometry": { "type": "Polygon", "coordinates": [ [ [ 133.51875, 33.520833333000041 ], [ 133.51875, 33.525 ], [ 133.525, 33.525 ], [ 133.525, 33.520833333000041 ], [ 133.51875, 33.520833333000041 ] ] ] } },
{ "type": "Feature", "properties": { "fid": 604, "OBJECTID": 7256, "KEY_CODE": "503324221", "Pref_CODE": 39, "Pref_Name": "高知県", "Shape_Length": 0.020833332000051996, "Shape_Area": 2.6041662500115118e-05 }, "geometry": { "type": "Polygon", "coordinates": [ [ [ 133.525, 33.516666667000038 ], [ 133.525, 33.520833333000041 ], [ 133.531250000000114, 33.520833333000041 ], [ 133.531250000000114, 33.516666667000038 ], [ 133.525, 33.516666667000038 ] ] ] } },
{ "type": "Feature", "properties": { "fid": 605, "OBJECTID": 7257, "KEY_CODE": "503324222", "Pref_CODE": 39, "Pref_Name": "高知県", "Shape_Length": 0.020833331999824622, "Shape_Area": 2.6041662499641423e-05 }, "geometry": { "type": "Polygon", "coordinates": [ [ [ 133.531250000000114, 33.516666667000038 ], [ 133.531250000000114, 33.520833333000041 ], [ 133.5375, 33.520833333000041 ], [ 133.5375, 33.516666667000038 ], [ 133.531250000000114, 33.516666667000038 ] ] ] } },
{ "type": "Feature", "properties": { "fid": 606, "OBJECTID": 7258, "KEY_CODE": "503324223", "Pref_CODE": 39, "Pref_Name": "高知県", "Shape_Length": 0.020833334000030845, "Shape_Area": 2.6041668750049021e-05 }, "geometry": { "type": "Polygon", "coordinates": [ [ [ 133.525, 33.520833333000041 ], [ 133.525, 33.525 ], [ 133.531250000000114, 33.525 ], [ 133.531250000000114, 33.520833333000041 ], [ 133.525, 33.520833333000041 ] ] ] } },
{ "type": "Feature", "properties": { "fid": 607, "OBJECTID": 7259, "KEY_CODE": "503324224", "Pref_CODE": 39, "Pref_Name": "高知県", "Shape_Length": 0.020833333999803472, "Shape_Area": 2.6041668749575326e-05 }, "geometry": { "type": "Polygon", "coordinates": [ [ [ 133.531250000000114, 33.520833333000041 ], [ 133.531250000000114, 33.525 ], [ 133.5375, 33.525 ], [ 133.5375, 33.520833333000041 ], [ 133.531250000000114, 33.520833333000041 ] ] ] } },
{ "type": "Feature", "properties": { "fid": 608, "OBJECTID": 7260, "KEY_CODE": "503324231", "Pref_CODE": 39, "Pref_Name": "高知県", "Shape_Length": 0.020833332000051996, "Shape_Area": 2.6041662500115118e-05 }, "geometry": { "type": "Polygon", "coordinates": [ [ [ 133.5375, 33.516666667000038 ], [ 133.5375, 33.520833333000041 ], [ 133.54375, 33.520833333000041 ], [ 133.54375, 33.516666667000038 ], [ 133.5375, 33.516666667000038 ] ] ] } },
{ "type": "Feature", "properties": { "fid": 609, "OBJECTID": 7261, "KEY_CODE": "503324232", "Pref_CODE": 39, "Pref_Name": "高知県", "Shape_Length": 0.020833332000051996, "Shape_Area": 2.6041662500115118e-05 }, "geometry": { "type": "Polygon", "coordinates": [ [ [ 133.54375, 33.516666667000038 ], [ 133.54375, 33.520833333000041 ], [ 133.55, 33.520833333000041 ], [ 133.55, 33.516666667000038 ], [ 133.54375, 33.516666667000038 ] ] ] } },
{ "type": "Feature", "properties": { "fid": 610, "OBJECTID": 7262, "KEY_CODE": "503324233", "Pref_CODE": 39, "Pref_Name": "高知県", "Shape_Length": 0.020833334000030845, "Shape_Area": 2.6041668750049021e-05 }, "geometry": { "type": "Polygon", "coordinates": [ [ [ 133.5375, 33.520833333000041 ], [ 133.5375, 33.525 ], [ 133.54375, 33.525 ], [ 133.54375, 33.520833333000041 ], [ 133.5375, 33.520833333000041 ] ] ] } },
{ "type": "Feature", "properties": { "fid": 611, "OBJECTID": 7263, "KEY_CODE": "503324251", "Pref_CODE": 39, "Pref_Name": "高知県", "Shape_Length": 0.020833331999824622, "Shape_Area": 2.6041662499641423e-05 }, "geometry": { "type": "Polygon", "coordinates": [ [ [ 133.562500000000114, 33.516666667000038 ], [ 133.562500000000114, 33.520833333000041 ], [ 133.56875, 33.520833333000041 ], [ 133.56875, 33.516666667000038 ], [ 133.562500000000114, 33.516666667000038 ] ] ] } },
{ "type": "Feature", "properties": { "fid": 612, "OBJECTID": 7264, "KEY_CODE": "503324252", "Pref_CODE": 39, "Pref_Name": "高知県", "Shape_Length": 0.020833332000051996, "Shape_Area": 2.6041662500115118e-05 }, "geometry": { "type": "Polygon", "coordinates": [ [ [ 133.56875, 33.516666667000038 ], [ 133.56875, 33.520833333000041 ], [ 133.575, 33.520833333000041 ], [ 133.575, 33.516666667000038 ], [ 133.56875, 33.516666667000038 ] ] ] } },
{ "type": "Feature", "properties": { "fid": 613, "OBJECTID": 7265, "KEY_CODE": "503324253", "Pref_CODE": 39, "Pref_Name": "高知県", "Shape_Length": 0.020833333999803472, "Shape_Area": 2.6041668749575326e-05 }, "geometry": { "type": "Polygon", "coordinates": [ [ [ 133.562500000000114, 33.520833333000041 ], [ 133.562500000000114, 33.525 ], [ 133.56875, 33.525 ], [ 133.56875, 33.520833333000041 ], [ 133.562500000000114, 33.520833333000041 ] ] ] } },
{ "type": "Feature", "properties": { "fid": 614, "OBJECTID": 7266, "KEY_CODE": "503324254", "Pref_CODE": 39, "Pref_Name": "高知県", "Shape_Length": 0.020833334000030845, "Shape_Area": 2.6041668750049021e-05 }, "geometry": { "type": "Polygon", "coordinates": [ [ [ 133.56875, 33.520833333000041 ], [ 133.56875, 33.525 ], [ 133.575, 33.525 ], [ 133.575, 33.520833333000041 ], [ 133.56875, 33.520833333000041 ] ] ] } },
{ "type": "Feature", "properties": { "fid": 615, "OBJECTID": 7267, "KEY_CODE": "503324261", "Pref_CODE": 39, "Pref_Name": "高知県", "Shape_Length": 0.020833332000051996, "Shape_Area": 2.6041662500115118e-05 }, "geometry": { "type": "Polygon", "coordinates": [ [ [ 133.575, 33.516666667000038 ], [ 133.575, 33.520833333000041 ], [ 133.58125, 33.520833333000041 ], [ 133.58125, 33.516666667000038 ], [ 133.575, 33.516666667000038 ] ] ] } },
{ "type": "Feature", "properties": { "fid": 616, "OBJECTID": 7268, "KEY_CODE": "503324262", "Pref_CODE": 39, "Pref_Name": "高知県", "Shape_Length": 0.020833332000051996, "Shape_Area": 2.6041662500115118e-05 }, "geometry": { "type": "Polygon", "coordinates": [ [ [ 133.58125, 33.516666667000038 ], [ 133.58125, 33.520833333000041 ], [ 133.5875, 33.520833333000041 ], [ 133.5875, 33.516666667000038 ], [ 133.58125, 33.516666667000038 ] ] ] } },
{ "type": "Feature", "properties": { "fid": 617, "OBJECTID": 7269, "KEY_CODE": "503324263", "Pref_CODE": 39, "Pref_Name": "高知県", "Shape_Length": 0.020833334000030845, "Shape_Area": 2.6041668750049021e-05 }, "geometry": { "type": "Polygon", "coordinates": [ [ [ 133.575, 33.520833333000041 ], [ 133.575, 33.525 ], [ 133.58125, 33.525 ], [ 133.58125, 33.520833333000041 ], [ 133.575, 33.520833333000041 ] ] ] } },
{ "type": "Feature", "properties": { "fid": 618, "OBJECTID": 7270, "KEY_CODE": "503324264", "Pref_CODE": 39, "Pref_Name": "高知県", "Shape_Length": 0.020833334000030845, "Shape_Area": 2.6041668750049021e-05 }, "geometry": { "type": "Polygon", "coordinates": [ [ [ 133.58125, 33.520833333000041 ], [ 133.58125, 33.525 ], [ 133.5875, 33.525 ], [ 133.5875, 33.520833333000041 ], [ 133.58125, 33.520833333000041 ] ] ] } },
{ "type": "Feature", "properties": { "fid": 619, "OBJECTID": 7271, "KEY_CODE": "503324271", "Pref_CODE": 39, "Pref_Name": "高知県", "Shape_Length": 0.020833332000051996, "Shape_Area": 2.6041662500115118e-05 }, "geometry": { "type": "Polygon", "coordinates": [ [ [ 133.5875, 33.516666667000038 ], [ 133.5875, 33.520833333000041 ], [ 133.593750000000114, 33.520833333000041 ], [ 133.593750000000114, 33.516666667000038 ], [ 133.5875, 33.516666667000038 ] ] ] } },
{ "type": "Feature", "properties": { "fid": 620, "OBJECTID": 7272, "KEY_CODE": "503324272", "Pref_CODE": 39, "Pref_Name": "高知県", "Shape_Length": 0.020833331999824622, "Shape_Area": 2.6041662499641423e-05 }, "geometry": { "type": "Polygon", "coordinates": [ [ [ 133.593750000000114, 33.516666667000038 ], [ 133.593750000000114, 33.520833333000041 ], [ 133.6, 33.520833333000041 ], [ 133.6, 33.516666667000038 ], [ 133.593750000000114, 33.516666667000038 ] ] ] } },
{ "type": "Feature", "properties": { "fid": 621, "OBJECTID": 7273, "KEY_CODE": "503324273", "Pref_CODE": 39, "Pref_Name": "高知県", "Shape_Length": 0.020833334000030845, "Shape_Area": 2.6041668750049021e-05 }, "geometry": { "type": "Polygon", "coordinates": [ [ [ 133.5875, 33.520833333000041 ], [ 133.5875, 33.525 ], [ 133.593750000000114, 33.525 ], [ 133.593750000000114, 33.520833333000041 ], [ 133.5875, 33.520833333000041 ] ] ] } },
{ "type": "Feature", "properties": { "fid": 622, "OBJECTID": 7274, "KEY_CODE": "503324274", "Pref_CODE": 39, "Pref_Name": "高知県", "Shape_Length": 0.020833333999803472, "Shape_Area": 2.6041668749575326e-05 }, "geometry": { "type": "Polygon", "coordinates": [ [ [ 133.593750000000114, 33.520833333000041 ], [ 133.593750000000114, 33.525 ], [ 133.6, 33.525 ], [ 133.6, 33.520833333000041 ], [ 133.593750000000114, 33.520833333000041 ] ] ] } },
{ "type": "Feature", "properties": { "fid": 623, "OBJECTID": 7275, "KEY_CODE": "503324283", "Pref_CODE": 39, "Pref_Name": "高知県", "Shape_Length": 0.020833334000030845, "Shape_Area": 2.6041668750049021e-05 }, "geometry": { "type": "Polygon", "coordinates": [ [ [ 133.6, 33.520833333000041 ], [ 133.6, 33.525 ], [ 133.60625, 33.525 ], [ 133.60625, 33.520833333000041 ], [ 133.6, 33.520833333000041 ] ] ] } },
{ "type": "Feature", "properties": { "fid": 624, "OBJECTID": 7276, "KEY_CODE": "503324284", "Pref_CODE": 39, "Pref_Name": "高知県", "Shape_Length": 0.020833334000030845, "Shape_Area": 2.6041668750049021e-05 }, "geometry": { "type": "Polygon", "coordinates": [ [ [ 133.60625, 33.520833333000041 ], [ 133.60625, 33.525 ], [ 133.6125, 33.525 ], [ 133.6125, 33.520833333000041 ], [ 133.60625, 33.520833333000041 ] ] ] } },
{ "type": "Feature", "properties": { "fid": 625, "OBJECTID": 7277, "KEY_CODE": "503324293", "Pref_CODE": 39, "Pref_Name": "高知県", "Shape_Length": 0.020833334000030845, "Shape_Area": 2.6041668750049021e-05 }, "geometry": { "type": "Polygon", "coordinates": [ [ [ 133.6125, 33.520833333000041 ], [ 133.6125, 33.525 ], [ 133.61875, 33.525 ], [ 133.61875, 33.520833333000041 ], [ 133.6125, 33.520833333000041 ] ] ] } },
{ "type": "Feature", "properties": { "fid": 626, "OBJECTID": 7278, "KEY_CODE": "503324301", "Pref_CODE": 39, "Pref_Name": "高知県", "Shape_Length": 0.020833333999803472, "Shape_Area": 2.6041668749575326e-05 }, "geometry": { "type": "Polygon", "coordinates": [ [ [ 133.500000000000114, 33.525 ], [ 133.500000000000114, 33.529166667000027 ], [ 133.50625, 33.529166667000027 ], [ 133.50625, 33.525 ], [ 133.500000000000114, 33.525 ] ] ] } },
{ "type": "Feature", "properties": { "fid": 627, "OBJECTID": 7279, "KEY_CODE": "503324302", "Pref_CODE": 39, "Pref_Name": "高知県", "Shape_Length": 0.020833334000030845, "Shape_Area": 2.6041668750049021e-05 }, "geometry": { "type": "Polygon", "coordinates": [ [ [ 133.50625, 33.525 ], [ 133.50625, 33.529166667000027 ], [ 133.5125, 33.529166667000027 ], [ 133.5125, 33.525 ], [ 133.50625, 33.525 ] ] ] } },
{ "type": "Feature", "properties": { "fid": 628, "OBJECTID": 7280, "KEY_CODE": "503324303", "Pref_CODE": 39, "Pref_Name": "高知県", "Shape_Length": 0.020833331999824622, "Shape_Area": 2.6041662499641423e-05 }, "geometry": { "type": "Polygon", "coordinates": [ [ [ 133.500000000000114, 33.529166667000027 ], [ 133.500000000000114, 33.53333333300003 ], [ 133.50625, 33.53333333300003 ], [ 133.50625, 33.529166667000027 ], [ 133.500000000000114, 33.529166667000027 ] ] ] } },
{ "type": "Feature", "properties": { "fid": 629, "OBJECTID": 7281, "KEY_CODE": "503324304", "Pref_CODE": 39, "Pref_Name": "高知県", "Shape_Length": 0.020833332000051996, "Shape_Area": 2.6041662500115118e-05 }, "geometry": { "type": "Polygon", "coordinates": [ [ [ 133.50625, 33.529166667000027 ], [ 133.50625, 33.53333333300003 ], [ 133.5125, 33.53333333300003 ], [ 133.5125, 33.529166667000027 ], [ 133.50625, 33.529166667000027 ] ] ] } },
{ "type": "Feature", "properties": { "fid": 630, "OBJECTID": 7282, "KEY_CODE": "503324311", "Pref_CODE": 39, "Pref_Name": "高知県", "Shape_Length": 0.020833334000030845, "Shape_Area": 2.6041668750049021e-05 }, "geometry": { "type": "Polygon", "coordinates": [ [ [ 133.5125, 33.525 ], [ 133.5125, 33.529166667000027 ], [ 133.51875, 33.529166667000027 ], [ 133.51875, 33.525 ], [ 133.5125, 33.525 ] ] ] } },
{ "type": "Feature", "properties": { "fid": 631, "OBJECTID": 7283, "KEY_CODE": "503324312", "Pref_CODE": 39, "Pref_Name": "高知県", "Shape_Length": 0.020833334000030845, "Shape_Area": 2.6041668750049021e-05 }, "geometry": { "type": "Polygon", "coordinates": [ [ [ 133.51875, 33.525 ], [ 133.51875, 33.529166667000027 ], [ 133.525, 33.529166667000027 ], [ 133.525, 33.525 ], [ 133.51875, 33.525 ] ] ] } },
{ "type": "Feature", "properties": { "fid": 632, "OBJECTID": 7284, "KEY_CODE": "503324313", "Pref_CODE": 39, "Pref_Name": "高知県", "Shape_Length": 0.020833332000051996, "Shape_Area": 2.6041662500115118e-05 }, "geometry": { "type": "Polygon", "coordinates": [ [ [ 133.5125, 33.529166667000027 ], [ 133.5125, 33.53333333300003 ], [ 133.51875, 33.53333333300003 ], [ 133.51875, 33.529166667000027 ], [ 133.5125, 33.529166667000027 ] ] ] } },
{ "type": "Feature", "properties": { "fid": 633, "OBJECTID": 7285, "KEY_CODE": "503324314", "Pref_CODE": 39, "Pref_Name": "高知県", "Shape_Length": 0.020833332000051996, "Shape_Area": 2.6041662500115118e-05 }, "geometry": { "type": "Polygon", "coordinates": [ [ [ 133.51875, 33.529166667000027 ], [ 133.51875, 33.53333333300003 ], [ 133.525, 33.53333333300003 ], [ 133.525, 33.529166667000027 ], [ 133.51875, 33.529166667000027 ] ] ] } },
{ "type": "Feature", "properties": { "fid": 634, "OBJECTID": 7286, "KEY_CODE": "503324321", "Pref_CODE": 39, "Pref_Name": "高知県", "Shape_Length": 0.020833334000030845, "Shape_Area": 2.6041668750049021e-05 }, "geometry": { "type": "Polygon", "coordinates": [ [ [ 133.525, 33.525 ], [ 133.525, 33.529166667000027 ], [ 133.531250000000114, 33.529166667000027 ], [ 133.531250000000114, 33.525 ], [ 133.525, 33.525 ] ] ] } },
{ "type": "Feature", "properties": { "fid": 635, "OBJECTID": 7287, "KEY_CODE": "503324322", "Pref_CODE": 39, "Pref_Name": "高知県", "Shape_Length": 0.020833333999803472, "Shape_Area": 2.6041668749575326e-05 }, "geometry": { "type": "Polygon", "coordinates": [ [ [ 133.531250000000114, 33.525 ], [ 133.531250000000114, 33.529166667000027 ], [ 133.5375, 33.529166667000027 ], [ 133.5375, 33.525 ], [ 133.531250000000114, 33.525 ] ] ] } },
{ "type": "Feature", "properties": { "fid": 636, "OBJECTID": 7288, "KEY_CODE": "503324323", "Pref_CODE": 39, "Pref_Name": "高知県", "Shape_Length": 0.020833332000051996, "Shape_Area": 2.6041662500115118e-05 }, "geometry": { "type": "Polygon", "coordinates": [ [ [ 133.525, 33.529166667000027 ], [ 133.525, 33.53333333300003 ], [ 133.531250000000114, 33.53333333300003 ], [ 133.531250000000114, 33.529166667000027 ], [ 133.525, 33.529166667000027 ] ] ] } },
{ "type": "Feature", "properties": { "fid": 637, "OBJECTID": 7289, "KEY_CODE": "503324324", "Pref_CODE": 39, "Pref_Name": "高知県", "Shape_Length": 0.020833331999824622, "Shape_Area": 2.6041662499641423e-05 }, "geometry": { "type": "Polygon", "coordinates": [ [ [ 133.531250000000114, 33.529166667000027 ], [ 133.531250000000114, 33.53333333300003 ], [ 133.5375, 33.53333333300003 ], [ 133.5375, 33.529166667000027 ], [ 133.531250000000114, 33.529166667000027 ] ] ] } },
{ "type": "Feature", "properties": { "fid": 638, "OBJECTID": 7290, "KEY_CODE": "503324331", "Pref_CODE": 39, "Pref_Name": "高知県", "Shape_Length": 0.020833334000030845, "Shape_Area": 2.6041668750049021e-05 }, "geometry": { "type": "Polygon", "coordinates": [ [ [ 133.5375, 33.525 ], [ 133.5375, 33.529166667000027 ], [ 133.54375, 33.529166667000027 ], [ 133.54375, 33.525 ], [ 133.5375, 33.525 ] ] ] } },
{ "type": "Feature", "properties": { "fid": 639, "OBJECTID": 7291, "KEY_CODE": "503324332", "Pref_CODE": 39, "Pref_Name": "高知県", "Shape_Length": 0.020833334000030845, "Shape_Area": 2.6041668750049021e-05 }, "geometry": { "type": "Polygon", "coordinates": [ [ [ 133.54375, 33.525 ], [ 133.54375, 33.529166667000027 ], [ 133.55, 33.529166667000027 ], [ 133.55, 33.525 ], [ 133.54375, 33.525 ] ] ] } },
{ "type": "Feature", "properties": { "fid": 640, "OBJECTID": 7292, "KEY_CODE": "503324333", "Pref_CODE": 39, "Pref_Name": "高知県", "Shape_Length": 0.020833332000051996, "Shape_Area": 2.6041662500115118e-05 }, "geometry": { "type": "Polygon", "coordinates": [ [ [ 133.5375, 33.529166667000027 ], [ 133.5375, 33.53333333300003 ], [ 133.54375, 33.53333333300003 ], [ 133.54375, 33.529166667000027 ], [ 133.5375, 33.529166667000027 ] ] ] } },
{ "type": "Feature", "properties": { "fid": 641, "OBJECTID": 7293, "KEY_CODE": "503324334", "Pref_CODE": 39, "Pref_Name": "高知県", "Shape_Length": 0.020833332000051996, "Shape_Area": 2.6041662500115118e-05 }, "geometry": { "type": "Polygon", "coordinates": [ [ [ 133.54375, 33.529166667000027 ], [ 133.54375, 33.53333333300003 ], [ 133.55, 33.53333333300003 ], [ 133.55, 33.529166667000027 ], [ 133.54375, 33.529166667000027 ] ] ] } },
{ "type": "Feature", "properties": { "fid": 642, "OBJECTID": 7294, "KEY_CODE": "503324343", "Pref_CODE": 39, "Pref_Name": "高知県", "Shape_Length": 0.020833332000051996, "Shape_Area": 2.6041662500115118e-05 }, "geometry": { "type": "Polygon", "coordinates": [ [ [ 133.55, 33.529166667000027 ], [ 133.55, 33.53333333300003 ], [ 133.55625, 33.53333333300003 ], [ 133.55625, 33.529166667000027 ], [ 133.55, 33.529166667000027 ] ] ] } },
{ "type": "Feature", "properties": { "fid": 643, "OBJECTID": 7295, "KEY_CODE": "503324344", "Pref_CODE": 39, "Pref_Name": "高知県", "Shape_Length": 0.020833332000051996, "Shape_Area": 2.6041662500115118e-05 }, "geometry": { "type": "Polygon", "coordinates": [ [ [ 133.55625, 33.529166667000027 ], [ 133.55625, 33.53333333300003 ], [ 133.562500000000114, 33.53333333300003 ], [ 133.562500000000114, 33.529166667000027 ], [ 133.55625, 33.529166667000027 ] ] ] } },
{ "type": "Feature", "properties": { "fid": 644, "OBJECTID": 7296, "KEY_CODE": "503324351", "Pref_CODE": 39, "Pref_Name": "高知県", "Shape_Length": 0.020833333999803472, "Shape_Area": 2.6041668749575326e-05 }, "geometry": { "type": "Polygon", "coordinates": [ [ [ 133.562500000000114, 33.525 ], [ 133.562500000000114, 33.529166667000027 ], [ 133.56875, 33.529166667000027 ], [ 133.56875, 33.525 ], [ 133.562500000000114, 33.525 ] ] ] } },
{ "type": "Feature", "properties": { "fid": 645, "OBJECTID": 7297, "KEY_CODE": "503324352", "Pref_CODE": 39, "Pref_Name": "高知県", "Shape_Length": 0.020833334000030845, "Shape_Area": 2.6041668750049021e-05 }, "geometry": { "type": "Polygon", "coordinates": [ [ [ 133.56875, 33.525 ], [ 133.56875, 33.529166667000027 ], [ 133.575, 33.529166667000027 ], [ 133.575, 33.525 ], [ 133.56875, 33.525 ] ] ] } },
{ "type": "Feature", "properties": { "fid": 646, "OBJECTID": 7298, "KEY_CODE": "503324354", "Pref_CODE": 39, "Pref_Name": "高知県", "Shape_Length": 0.020833332000051996, "Shape_Area": 2.6041662500115118e-05 }, "geometry": { "type": "Polygon", "coordinates": [ [ [ 133.56875, 33.529166667000027 ], [ 133.56875, 33.53333333300003 ], [ 133.575, 33.53333333300003 ], [ 133.575, 33.529166667000027 ], [ 133.56875, 33.529166667000027 ] ] ] } },
{ "type": "Feature", "properties": { "fid": 647, "OBJECTID": 7299, "KEY_CODE": "503324361", "Pref_CODE": 39, "Pref_Name": "高知県", "Shape_Length": 0.020833334000030845, "Shape_Area": 2.6041668750049021e-05 }, "geometry": { "type": "Polygon", "coordinates": [ [ [ 133.575, 33.525 ], [ 133.575, 33.529166667000027 ], [ 133.58125, 33.529166667000027 ], [ 133.58125, 33.525 ], [ 133.575, 33.525 ] ] ] } },
{ "type": "Feature", "properties": { "fid": 648, "OBJECTID": 7300, "KEY_CODE": "503324362", "Pref_CODE": 39, "Pref_Name": "高知県", "Shape_Length": 0.020833334000030845, "Shape_Area": 2.6041668750049021e-05 }, "geometry": { "type": "Polygon", "coordinates": [ [ [ 133.58125, 33.525 ], [ 133.58125, 33.529166667000027 ], [ 133.5875, 33.529166667000027 ], [ 133.5875, 33.525 ], [ 133.58125, 33.525 ] ] ] } },
{ "type": "Feature", "properties": { "fid": 649, "OBJECTID": 7301, "KEY_CODE": "503324363", "Pref_CODE": 39, "Pref_Name": "高知県", "Shape_Length": 0.020833332000051996, "Shape_Area": 2.6041662500115118e-05 }, "geometry": { "type": "Polygon", "coordinates": [ [ [ 133.575, 33.529166667000027 ], [ 133.575, 33.53333333300003 ], [ 133.58125, 33.53333333300003 ], [ 133.58125, 33.529166667000027 ], [ 133.575, 33.529166667000027 ] ] ] } },
{ "type": "Feature", "properties": { "fid": 650, "OBJECTID": 7302, "KEY_CODE": "503324364", "Pref_CODE": 39, "Pref_Name": "高知県", "Shape_Length": 0.020833332000051996, "Shape_Area": 2.6041662500115118e-05 }, "geometry": { "type": "Polygon", "coordinates": [ [ [ 133.58125, 33.529166667000027 ], [ 133.58125, 33.53333333300003 ], [ 133.5875, 33.53333333300003 ], [ 133.5875, 33.529166667000027 ], [ 133.58125, 33.529166667000027 ] ] ] } },
{ "type": "Feature", "properties": { "fid": 651, "OBJECTID": 7303, "KEY_CODE": "503324371", "Pref_CODE": 39, "Pref_Name": "高知県", "Shape_Length": 0.020833334000030845, "Shape_Area": 2.6041668750049021e-05 }, "geometry": { "type": "Polygon", "coordinates": [ [ [ 133.5875, 33.525 ], [ 133.5875, 33.529166667000027 ], [ 133.593750000000114, 33.529166667000027 ], [ 133.593750000000114, 33.525 ], [ 133.5875, 33.525 ] ] ] } },
{ "type": "Feature", "properties": { "fid": 652, "OBJECTID": 7304, "KEY_CODE": "503324372", "Pref_CODE": 39, "Pref_Name": "高知県", "Shape_Length": 0.020833333999803472, "Shape_Area": 2.6041668749575326e-05 }, "geometry": { "type": "Polygon", "coordinates": [ [ [ 133.593750000000114, 33.525 ], [ 133.593750000000114, 33.529166667000027 ], [ 133.6, 33.529166667000027 ], [ 133.6, 33.525 ], [ 133.593750000000114, 33.525 ] ] ] } },
{ "type": "Feature", "properties": { "fid": 653, "OBJECTID": 7305, "KEY_CODE": "503324373", "Pref_CODE": 39, "Pref_Name": "高知県", "Shape_Length": 0.020833332000051996, "Shape_Area": 2.6041662500115118e-05 }, "geometry": { "type": "Polygon", "coordinates": [ [ [ 133.5875, 33.529166667000027 ], [ 133.5875, 33.53333333300003 ], [ 133.593750000000114, 33.53333333300003 ], [ 133.593750000000114, 33.529166667000027 ], [ 133.5875, 33.529166667000027 ] ] ] } },
{ "type": "Feature", "properties": { "fid": 654, "OBJECTID": 7306, "KEY_CODE": "503324374", "Pref_CODE": 39, "Pref_Name": "高知県", "Shape_Length": 0.020833331999824622, "Shape_Area": 2.6041662499641423e-05 }, "geometry": { "type": "Polygon", "coordinates": [ [ [ 133.593750000000114, 33.529166667000027 ], [ 133.593750000000114, 33.53333333300003 ], [ 133.6, 33.53333333300003 ], [ 133.6, 33.529166667000027 ], [ 133.593750000000114, 33.529166667000027 ] ] ] } },
{ "type": "Feature", "properties": { "fid": 655, "OBJECTID": 7307, "KEY_CODE": "503324381", "Pref_CODE": 39, "Pref_Name": "高知県", "Shape_Length": 0.020833334000030845, "Shape_Area": 2.6041668750049021e-05 }, "geometry": { "type": "Polygon", "coordinates": [ [ [ 133.6, 33.525 ], [ 133.6, 33.529166667000027 ], [ 133.60625, 33.529166667000027 ], [ 133.60625, 33.525 ], [ 133.6, 33.525 ] ] ] } },
{ "type": "Feature", "properties": { "fid": 656, "OBJECTID": 7308, "KEY_CODE": "503324382", "Pref_CODE": 39, "Pref_Name": "高知県", "Shape_Length": 0.020833334000030845, "Shape_Area": 2.6041668750049021e-05 }, "geometry": { "type": "Polygon", "coordinates": [ [ [ 133.60625, 33.525 ], [ 133.60625, 33.529166667000027 ], [ 133.6125, 33.529166667000027 ], [ 133.6125, 33.525 ], [ 133.60625, 33.525 ] ] ] } },
{ "type": "Feature", "properties": { "fid": 657, "OBJECTID": 7309, "KEY_CODE": "503324383", "Pref_CODE": 39, "Pref_Name": "高知県", "Shape_Length": 0.020833332000051996, "Shape_Area": 2.6041662500115118e-05 }, "geometry": { "type": "Polygon", "coordinates": [ [ [ 133.6, 33.529166667000027 ], [ 133.6, 33.53333333300003 ], [ 133.60625, 33.53333333300003 ], [ 133.60625, 33.529166667000027 ], [ 133.6, 33.529166667000027 ] ] ] } },
{ "type": "Feature", "properties": { "fid": 658, "OBJECTID": 7310, "KEY_CODE": "503324384", "Pref_CODE": 39, "Pref_Name": "高知県", "Shape_Length": 0.020833332000051996, "Shape_Area": 2.6041662500115118e-05 }, "geometry": { "type": "Polygon", "coordinates": [ [ [ 133.60625, 33.529166667000027 ], [ 133.60625, 33.53333333300003 ], [ 133.6125, 33.53333333300003 ], [ 133.6125, 33.529166667000027 ], [ 133.60625, 33.529166667000027 ] ] ] } },
{ "type": "Feature", "properties": { "fid": 659, "OBJECTID": 7311, "KEY_CODE": "503324391", "Pref_CODE": 39, "Pref_Name": "高知県", "Shape_Length": 0.020833334000030845, "Shape_Area": 2.6041668750049021e-05 }, "geometry": { "type": "Polygon", "coordinates": [ [ [ 133.6125, 33.525 ], [ 133.6125, 33.529166667000027 ], [ 133.61875, 33.529166667000027 ], [ 133.61875, 33.525 ], [ 133.6125, 33.525 ] ] ] } },
{ "type": "Feature", "properties": { "fid": 660, "OBJECTID": 7312, "KEY_CODE": "503324392", "Pref_CODE": 39, "Pref_Name": "高知県", "Shape_Length": 0.020833334000030845, "Shape_Area": 2.6041668750049021e-05 }, "geometry": { "type": "Polygon", "coordinates": [ [ [ 133.61875, 33.525 ], [ 133.61875, 33.529166667000027 ], [ 133.625000000000114, 33.529166667000027 ], [ 133.625000000000114, 33.525 ], [ 133.61875, 33.525 ] ] ] } },
{ "type": "Feature", "properties": { "fid": 661, "OBJECTID": 7313, "KEY_CODE": "503324393", "Pref_CODE": 39, "Pref_Name": "高知県", "Shape_Length": 0.020833332000051996, "Shape_Area": 2.6041662500115118e-05 }, "geometry": { "type": "Polygon", "coordinates": [ [ [ 133.6125, 33.529166667000027 ], [ 133.6125, 33.53333333300003 ], [ 133.61875, 33.53333333300003 ], [ 133.61875, 33.529166667000027 ], [ 133.6125, 33.529166667000027 ] ] ] } },
{ "type": "Feature", "properties": { "fid": 662, "OBJECTID": 7314, "KEY_CODE": "503324394", "Pref_CODE": 39, "Pref_Name": "高知県", "Shape_Length": 0.020833332000051996, "Shape_Area": 2.6041662500115118e-05 }, "geometry": { "type": "Polygon", "coordinates": [ [ [ 133.61875, 33.529166667000027 ], [ 133.61875, 33.53333333300003 ], [ 133.625000000000114, 33.53333333300003 ], [ 133.625000000000114, 33.529166667000027 ], [ 133.61875, 33.529166667000027 ] ] ] } },
{ "type": "Feature", "properties": { "fid": 663, "OBJECTID": 7315, "KEY_CODE": "503324401", "Pref_CODE": 39, "Pref_Name": "高知県", "Shape_Length": 0.020833333999917159, "Shape_Area": 2.6041668749930599e-05 }, "geometry": { "type": "Polygon", "coordinates": [ [ [ 133.500000000000114, 33.53333333300003 ], [ 133.500000000000114, 33.5375 ], [ 133.50625, 33.5375 ], [ 133.50625, 33.53333333300003 ], [ 133.500000000000114, 33.53333333300003 ] ] ] } },
{ "type": "Feature", "properties": { "fid": 664, "OBJECTID": 7316, "KEY_CODE": "503324402", "Pref_CODE": 39, "Pref_Name": "高知県", "Shape_Length": 0.020833334000144532, "Shape_Area": 2.6041668750404293e-05 }, "geometry": { "type": "Polygon", "coordinates": [ [ [ 133.50625, 33.53333333300003 ], [ 133.50625, 33.5375 ], [ 133.5125, 33.5375 ], [ 133.5125, 33.53333333300003 ], [ 133.50625, 33.53333333300003 ] ] ] } },
{ "type": "Feature", "properties": { "fid": 665, "OBJECTID": 7317, "KEY_CODE": "503324403", "Pref_CODE": 39, "Pref_Name": "高知県", "Shape_Length": 0.020833333999803472, "Shape_Area": 2.6041668749575326e-05 }, "geometry": { "type": "Polygon", "coordinates": [ [ [ 133.500000000000114, 33.5375 ], [ 133.500000000000114, 33.541666667000072 ], [ 133.50625, 33.541666667000072 ], [ 133.50625, 33.5375 ], [ 133.500000000000114, 33.5375 ] ] ] } },
{ "type": "Feature", "properties": { "fid": 666, "OBJECTID": 7318, "KEY_CODE": "503324404", "Pref_CODE": 39, "Pref_Name": "高知県", "Shape_Length": 0.020833334000030845, "Shape_Area": 2.6041668750049021e-05 }, "geometry": { "type": "Polygon", "coordinates": [ [ [ 133.50625, 33.5375 ], [ 133.50625, 33.541666667000072 ], [ 133.5125, 33.541666667000072 ], [ 133.5125, 33.5375 ], [ 133.50625, 33.5375 ] ] ] } },
{ "type": "Feature", "properties": { "fid": 667, "OBJECTID": 7319, "KEY_CODE": "503324411", "Pref_CODE": 39, "Pref_Name": "高知県", "Shape_Length": 0.020833334000144532, "Shape_Area": 2.6041668750404293e-05 }, "geometry": { "type": "Polygon", "coordinates": [ [ [ 133.5125, 33.53333333300003 ], [ 133.5125, 33.5375 ], [ 133.51875, 33.5375 ], [ 133.51875, 33.53333333300003 ], [ 133.5125, 33.53333333300003 ] ] ] } },
{ "type": "Feature", "properties": { "fid": 668, "OBJECTID": 7320, "KEY_CODE": "503324412", "Pref_CODE": 39, "Pref_Name": "高知県", "Shape_Length": 0.020833334000144532, "Shape_Area": 2.6041668750404293e-05 }, "geometry": { "type": "Polygon", "coordinates": [ [ [ 133.51875, 33.53333333300003 ], [ 133.51875, 33.5375 ], [ 133.525, 33.5375 ], [ 133.525, 33.53333333300003 ], [ 133.51875, 33.53333333300003 ] ] ] } },
{ "type": "Feature", "properties": { "fid": 669, "OBJECTID": 7321, "KEY_CODE": "503324413", "Pref_CODE": 39, "Pref_Name": "高知県", "Shape_Length": 0.020833334000030845, "Shape_Area": 2.6041668750049021e-05 }, "geometry": { "type": "Polygon", "coordinates": [ [ [ 133.5125, 33.5375 ], [ 133.5125, 33.541666667000072 ], [ 133.51875, 33.541666667000072 ], [ 133.51875, 33.5375 ], [ 133.5125, 33.5375 ] ] ] } },
{ "type": "Feature", "properties": { "fid": 670, "OBJECTID": 7322, "KEY_CODE": "503324414", "Pref_CODE": 39, "Pref_Name": "高知県", "Shape_Length": 0.020833334000030845, "Shape_Area": 2.6041668750049021e-05 }, "geometry": { "type": "Polygon", "coordinates": [ [ [ 133.51875, 33.5375 ], [ 133.51875, 33.541666667000072 ], [ 133.525, 33.541666667000072 ], [ 133.525, 33.5375 ], [ 133.51875, 33.5375 ] ] ] } },
{ "type": "Feature", "properties": { "fid": 671, "OBJECTID": 7323, "KEY_CODE": "503324421", "Pref_CODE": 39, "Pref_Name": "高知県", "Shape_Length": 0.020833334000144532, "Shape_Area": 2.6041668750404293e-05 }, "geometry": { "type": "Polygon", "coordinates": [ [ [ 133.525, 33.53333333300003 ], [ 133.525, 33.5375 ], [ 133.531250000000114, 33.5375 ], [ 133.531250000000114, 33.53333333300003 ], [ 133.525, 33.53333333300003 ] ] ] } },
{ "type": "Feature", "properties": { "fid": 672, "OBJECTID": 7324, "KEY_CODE": "503324422", "Pref_CODE": 39, "Pref_Name": "高知県", "Shape_Length": 0.020833333999917159, "Shape_Area": 2.6041668749930599e-05 }, "geometry": { "type": "Polygon", "coordinates": [ [ [ 133.531250000000114, 33.53333333300003 ], [ 133.531250000000114, 33.5375 ], [ 133.5375, 33.5375 ], [ 133.5375, 33.53333333300003 ], [ 133.531250000000114, 33.53333333300003 ] ] ] } },
{ "type": "Feature", "properties": { "fid": 673, "OBJECTID": 7325, "KEY_CODE": "503324423", "Pref_CODE": 39, "Pref_Name": "高知県", "Shape_Length": 0.020833334000030845, "Shape_Area": 2.6041668750049021e-05 }, "geometry": { "type": "Polygon", "coordinates": [ [ [ 133.525, 33.5375 ], [ 133.525, 33.541666667000072 ], [ 133.531250000000114, 33.541666667000072 ], [ 133.531250000000114, 33.5375 ], [ 133.525, 33.5375 ] ] ] } },
{ "type": "Feature", "properties": { "fid": 674, "OBJECTID": 7326, "KEY_CODE": "503324424", "Pref_CODE": 39, "Pref_Name": "高知県", "Shape_Length": 0.020833333999803472, "Shape_Area": 2.6041668749575326e-05 }, "geometry": { "type": "Polygon", "coordinates": [ [ [ 133.531250000000114, 33.5375 ], [ 133.531250000000114, 33.541666667000072 ], [ 133.5375, 33.541666667000072 ], [ 133.5375, 33.5375 ], [ 133.531250000000114, 33.5375 ] ] ] } },
{ "type": "Feature", "properties": { "fid": 675, "OBJECTID": 7327, "KEY_CODE": "503324431", "Pref_CODE": 39, "Pref_Name": "高知県", "Shape_Length": 0.020833334000144532, "Shape_Area": 2.6041668750404293e-05 }, "geometry": { "type": "Polygon", "coordinates": [ [ [ 133.5375, 33.53333333300003 ], [ 133.5375, 33.5375 ], [ 133.54375, 33.5375 ], [ 133.54375, 33.53333333300003 ], [ 133.5375, 33.53333333300003 ] ] ] } },
{ "type": "Feature", "properties": { "fid": 676, "OBJECTID": 7328, "KEY_CODE": "503324432", "Pref_CODE": 39, "Pref_Name": "高知県", "Shape_Length": 0.020833334000144532, "Shape_Area": 2.6041668750404293e-05 }, "geometry": { "type": "Polygon", "coordinates": [ [ [ 133.54375, 33.53333333300003 ], [ 133.54375, 33.5375 ], [ 133.55, 33.5375 ], [ 133.55, 33.53333333300003 ], [ 133.54375, 33.53333333300003 ] ] ] } },
{ "type": "Feature", "properties": { "fid": 677, "OBJECTID": 7329, "KEY_CODE": "503324433", "Pref_CODE": 39, "Pref_Name": "高知県", "Shape_Length": 0.020833334000030845, "Shape_Area": 2.6041668750049021e-05 }, "geometry": { "type": "Polygon", "coordinates": [ [ [ 133.5375, 33.5375 ], [ 133.5375, 33.541666667000072 ], [ 133.54375, 33.541666667000072 ], [ 133.54375, 33.5375 ], [ 133.5375, 33.5375 ] ] ] } },
{ "type": "Feature", "properties": { "fid": 678, "OBJECTID": 7330, "KEY_CODE": "503324434", "Pref_CODE": 39, "Pref_Name": "高知県", "Shape_Length": 0.020833334000030845, "Shape_Area": 2.6041668750049021e-05 }, "geometry": { "type": "Polygon", "coordinates": [ [ [ 133.54375, 33.5375 ], [ 133.54375, 33.541666667000072 ], [ 133.55, 33.541666667000072 ], [ 133.55, 33.5375 ], [ 133.54375, 33.5375 ] ] ] } },
{ "type": "Feature", "properties": { "fid": 679, "OBJECTID": 7331, "KEY_CODE": "503324441", "Pref_CODE": 39, "Pref_Name": "高知県", "Shape_Length": 0.020833334000144532, "Shape_Area": 2.6041668750404293e-05 }, "geometry": { "type": "Polygon", "coordinates": [ [ [ 133.55, 33.53333333300003 ], [ 133.55, 33.5375 ], [ 133.55625, 33.5375 ], [ 133.55625, 33.53333333300003 ], [ 133.55, 33.53333333300003 ] ] ] } },
{ "type": "Feature", "properties": { "fid": 680, "OBJECTID": 7332, "KEY_CODE": "503324442", "Pref_CODE": 39, "Pref_Name": "高知県", "Shape_Length": 0.020833334000144532, "Shape_Area": 2.6041668750404293e-05 }, "geometry": { "type": "Polygon", "coordinates": [ [ [ 133.55625, 33.53333333300003 ], [ 133.55625, 33.5375 ], [ 133.562500000000114, 33.5375 ], [ 133.562500000000114, 33.53333333300003 ], [ 133.55625, 33.53333333300003 ] ] ] } },
{ "type": "Feature", "properties": { "fid": 681, "OBJECTID": 7333, "KEY_CODE": "503324443", "Pref_CODE": 39, "Pref_Name": "高知県", "Shape_Length": 0.020833334000030845, "Shape_Area": 2.6041668750049021e-05 }, "geometry": { "type": "Polygon", "coordinates": [ [ [ 133.55, 33.5375 ], [ 133.55, 33.541666667000072 ], [ 133.55625, 33.541666667000072 ], [ 133.55625, 33.5375 ], [ 133.55, 33.5375 ] ] ] } },
{ "type": "Feature", "properties": { "fid": 682, "OBJECTID": 7334, "KEY_CODE": "503324444", "Pref_CODE": 39, "Pref_Name": "高知県", "Shape_Length": 0.020833334000030845, "Shape_Area": 2.6041668750049021e-05 }, "geometry": { "type": "Polygon", "coordinates": [ [ [ 133.55625, 33.5375 ], [ 133.55625, 33.541666667000072 ], [ 133.562500000000114, 33.541666667000072 ], [ 133.562500000000114, 33.5375 ], [ 133.55625, 33.5375 ] ] ] } },
{ "type": "Feature", "properties": { "fid": 683, "OBJECTID": 7335, "KEY_CODE": "503324452", "Pref_CODE": 39, "Pref_Name": "高知県", "Shape_Length": 0.020833334000144532, "Shape_Area": 2.6041668750404293e-05 }, "geometry": { "type": "Polygon", "coordinates": [ [ [ 133.56875, 33.53333333300003 ], [ 133.56875, 33.5375 ], [ 133.575, 33.5375 ], [ 133.575, 33.53333333300003 ], [ 133.56875, 33.53333333300003 ] ] ] } },
{ "type": "Feature", "properties": { "fid": 684, "OBJECTID": 7336, "KEY_CODE": "503324454", "Pref_CODE": 39, "Pref_Name": "高知県", "Shape_Length": 0.020833334000030845, "Shape_Area": 2.6041668750049021e-05 }, "geometry": { "type": "Polygon", "coordinates": [ [ [ 133.56875, 33.5375 ], [ 133.56875, 33.541666667000072 ], [ 133.575, 33.541666667000072 ], [ 133.575, 33.5375 ], [ 133.56875, 33.5375 ] ] ] } },
{ "type": "Feature", "properties": { "fid": 685, "OBJECTID": 7337, "KEY_CODE": "503324461", "Pref_CODE": 39, "Pref_Name": "高知県", "Shape_Length": 0.020833334000144532, "Shape_Area": 2.6041668750404293e-05 }, "geometry": { "type": "Polygon", "coordinates": [ [ [ 133.575, 33.53333333300003 ], [ 133.575, 33.5375 ], [ 133.58125, 33.5375 ], [ 133.58125, 33.53333333300003 ], [ 133.575, 33.53333333300003 ] ] ] } },
{ "type": "Feature", "properties": { "fid": 686, "OBJECTID": 7338, "KEY_CODE": "503324462", "Pref_CODE": 39, "Pref_Name": "高知県", "Shape_Length": 0.020833334000144532, "Shape_Area": 2.6041668750404293e-05 }, "geometry": { "type": "Polygon", "coordinates": [ [ [ 133.58125, 33.53333333300003 ], [ 133.58125, 33.5375 ], [ 133.5875, 33.5375 ], [ 133.5875, 33.53333333300003 ], [ 133.58125, 33.53333333300003 ] ] ] } },
{ "type": "Feature", "properties": { "fid": 687, "OBJECTID": 7339, "KEY_CODE": "503324463", "Pref_CODE": 39, "Pref_Name": "高知県", "Shape_Length": 0.020833334000030845, "Shape_Area": 2.6041668750049021e-05 }, "geometry": { "type": "Polygon", "coordinates": [ [ [ 133.575, 33.5375 ], [ 133.575, 33.541666667000072 ], [ 133.58125, 33.541666667000072 ], [ 133.58125, 33.5375 ], [ 133.575, 33.5375 ] ] ] } },
{ "type": "Feature", "properties": { "fid": 688, "OBJECTID": 7340, "KEY_CODE": "503324464", "Pref_CODE": 39, "Pref_Name": "高知県", "Shape_Length": 0.020833334000030845, "Shape_Area": 2.6041668750049021e-05 }, "geometry": { "type": "Polygon", "coordinates": [ [ [ 133.58125, 33.5375 ], [ 133.58125, 33.541666667000072 ], [ 133.5875, 33.541666667000072 ], [ 133.5875, 33.5375 ], [ 133.58125, 33.5375 ] ] ] } },
{ "type": "Feature", "properties": { "fid": 689, "OBJECTID": 7341, "KEY_CODE": "503324471", "Pref_CODE": 39, "Pref_Name": "高知県", "Shape_Length": 0.020833334000144532, "Shape_Area": 2.6041668750404293e-05 }, "geometry": { "type": "Polygon", "coordinates": [ [ [ 133.5875, 33.53333333300003 ], [ 133.5875, 33.5375 ], [ 133.593750000000114, 33.5375 ], [ 133.593750000000114, 33.53333333300003 ], [ 133.5875, 33.53333333300003 ] ] ] } },
{ "type": "Feature", "properties": { "fid": 690, "OBJECTID": 7342, "KEY_CODE": "503324472", "Pref_CODE": 39, "Pref_Name": "高知県", "Shape_Length": 0.020833333999917159, "Shape_Area": 2.6041668749930599e-05 }, "geometry": { "type": "Polygon", "coordinates": [ [ [ 133.593750000000114, 33.53333333300003 ], [ 133.593750000000114, 33.5375 ], [ 133.6, 33.5375 ], [ 133.6, 33.53333333300003 ], [ 133.593750000000114, 33.53333333300003 ] ] ] } },
{ "type": "Feature", "properties": { "fid": 691, "OBJECTID": 7343, "KEY_CODE": "503324473", "Pref_CODE": 39, "Pref_Name": "高知県", "Shape_Length": 0.020833334000030845, "Shape_Area": 2.6041668750049021e-05 }, "geometry": { "type": "Polygon", "coordinates": [ [ [ 133.5875, 33.5375 ], [ 133.5875, 33.541666667000072 ], [ 133.593750000000114, 33.541666667000072 ], [ 133.593750000000114, 33.5375 ], [ 133.5875, 33.5375 ] ] ] } },
{ "type": "Feature", "properties": { "fid": 692, "OBJECTID": 7344, "KEY_CODE": "503324474", "Pref_CODE": 39, "Pref_Name": "高知県", "Shape_Length": 0.020833333999803472, "Shape_Area": 2.6041668749575326e-05 }, "geometry": { "type": "Polygon", "coordinates": [ [ [ 133.593750000000114, 33.5375 ], [ 133.593750000000114, 33.541666667000072 ], [ 133.6, 33.541666667000072 ], [ 133.6, 33.5375 ], [ 133.593750000000114, 33.5375 ] ] ] } },
{ "type": "Feature", "properties": { "fid": 693, "OBJECTID": 7345, "KEY_CODE": "503324481", "Pref_CODE": 39, "Pref_Name": "高知県", "Shape_Length": 0.020833334000144532, "Shape_Area": 2.6041668750404293e-05 }, "geometry": { "type": "Polygon", "coordinates": [ [ [ 133.6, 33.53333333300003 ], [ 133.6, 33.5375 ], [ 133.60625, 33.5375 ], [ 133.60625, 33.53333333300003 ], [ 133.6, 33.53333333300003 ] ] ] } },
{ "type": "Feature", "properties": { "fid": 694, "OBJECTID": 7346, "KEY_CODE": "503324482", "Pref_CODE": 39, "Pref_Name": "高知県", "Shape_Length": 0.020833334000144532, "Shape_Area": 2.6041668750404293e-05 }, "geometry": { "type": "Polygon", "coordinates": [ [ [ 133.60625, 33.53333333300003 ], [ 133.60625, 33.5375 ], [ 133.6125, 33.5375 ], [ 133.6125, 33.53333333300003 ], [ 133.60625, 33.53333333300003 ] ] ] } },
{ "type": "Feature", "properties": { "fid": 695, "OBJECTID": 7347, "KEY_CODE": "503324483", "Pref_CODE": 39, "Pref_Name": "高知県", "Shape_Length": 0.020833334000030845, "Shape_Area": 2.6041668750049021e-05 }, "geometry": { "type": "Polygon", "coordinates": [ [ [ 133.6, 33.5375 ], [ 133.6, 33.541666667000072 ], [ 133.60625, 33.541666667000072 ], [ 133.60625, 33.5375 ], [ 133.6, 33.5375 ] ] ] } },
{ "type": "Feature", "properties": { "fid": 696, "OBJECTID": 7348, "KEY_CODE": "503324484", "Pref_CODE": 39, "Pref_Name": "高知県", "Shape_Length": 0.020833334000030845, "Shape_Area": 2.6041668750049021e-05 }, "geometry": { "type": "Polygon", "coordinates": [ [ [ 133.60625, 33.5375 ], [ 133.60625, 33.541666667000072 ], [ 133.6125, 33.541666667000072 ], [ 133.6125, 33.5375 ], [ 133.60625, 33.5375 ] ] ] } },
{ "type": "Feature", "properties": { "fid": 697, "OBJECTID": 7349, "KEY_CODE": "503324491", "Pref_CODE": 39, "Pref_Name": "高知県", "Shape_Length": 0.020833334000144532, "Shape_Area": 2.6041668750404293e-05 }, "geometry": { "type": "Polygon", "coordinates": [ [ [ 133.6125, 33.53333333300003 ], [ 133.6125, 33.5375 ], [ 133.61875, 33.5375 ], [ 133.61875, 33.53333333300003 ], [ 133.6125, 33.53333333300003 ] ] ] } },
{ "type": "Feature", "properties": { "fid": 698, "OBJECTID": 7350, "KEY_CODE": "503324492", "Pref_CODE": 39, "Pref_Name": "高知県", "Shape_Length": 0.020833334000144532, "Shape_Area": 2.6041668750404293e-05 }, "geometry": { "type": "Polygon", "coordinates": [ [ [ 133.61875, 33.53333333300003 ], [ 133.61875, 33.5375 ], [ 133.625000000000114, 33.5375 ], [ 133.625000000000114, 33.53333333300003 ], [ 133.61875, 33.53333333300003 ] ] ] } },
{ "type": "Feature", "properties": { "fid": 699, "OBJECTID": 7351, "KEY_CODE": "503324493", "Pref_CODE": 39, "Pref_Name": "高知県", "Shape_Length": 0.020833334000030845, "Shape_Area": 2.6041668750049021e-05 }, "geometry": { "type": "Polygon", "coordinates": [ [ [ 133.6125, 33.5375 ], [ 133.6125, 33.541666667000072 ], [ 133.61875, 33.541666667000072 ], [ 133.61875, 33.5375 ], [ 133.6125, 33.5375 ] ] ] } },
{ "type": "Feature", "properties": { "fid": 700, "OBJECTID": 7352, "KEY_CODE": "503324494", "Pref_CODE": 39, "Pref_Name": "高知県", "Shape_Length": 0.020833334000030845, "Shape_Area": 2.6041668750049021e-05 }, "geometry": { "type": "Polygon", "coordinates": [ [ [ 133.61875, 33.5375 ], [ 133.61875, 33.541666667000072 ], [ 133.625000000000114, 33.541666667000072 ], [ 133.625000000000114, 33.5375 ], [ 133.61875, 33.5375 ] ] ] } },
{ "type": "Feature", "properties": { "fid": 701, "OBJECTID": 7353, "KEY_CODE": "503324501", "Pref_CODE": 39, "Pref_Name": "高知県", "Shape_Length": 0.020833331999824622, "Shape_Area": 2.6041662499641423e-05 }, "geometry": { "type": "Polygon", "coordinates": [ [ [ 133.500000000000114, 33.541666667000072 ], [ 133.500000000000114, 33.545833333000076 ], [ 133.50625, 33.545833333000076 ], [ 133.50625, 33.541666667000072 ], [ 133.500000000000114, 33.541666667000072 ] ] ] } },
{ "type": "Feature", "properties": { "fid": 702, "OBJECTID": 7354, "KEY_CODE": "503324502", "Pref_CODE": 39, "Pref_Name": "高知県", "Shape_Length": 0.020833332000051996, "Shape_Area": 2.6041662500115118e-05 }, "geometry": { "type": "Polygon", "coordinates": [ [ [ 133.50625, 33.541666667000072 ], [ 133.50625, 33.545833333000076 ], [ 133.5125, 33.545833333000076 ], [ 133.5125, 33.541666667000072 ], [ 133.50625, 33.541666667000072 ] ] ] } },
{ "type": "Feature", "properties": { "fid": 703, "OBJECTID": 7355, "KEY_CODE": "503324503", "Pref_CODE": 39, "Pref_Name": "高知県", "Shape_Length": 0.020833333999803472, "Shape_Area": 2.6041668749575326e-05 }, "geometry": { "type": "Polygon", "coordinates": [ [ [ 133.500000000000114, 33.545833333000076 ], [ 133.500000000000114, 33.55 ], [ 133.50625, 33.55 ], [ 133.50625, 33.545833333000076 ], [ 133.500000000000114, 33.545833333000076 ] ] ] } },
{ "type": "Feature", "properties": { "fid": 704, "OBJECTID": 7356, "KEY_CODE": "503324504", "Pref_CODE": 39, "Pref_Name": "高知県", "Shape_Length": 0.020833334000030845, "Shape_Area": 2.6041668750049021e-05 }, "geometry": { "type": "Polygon", "coordinates": [ [ [ 133.50625, 33.545833333000076 ], [ 133.50625, 33.55 ], [ 133.5125, 33.55 ], [ 133.5125, 33.545833333000076 ], [ 133.50625, 33.545833333000076 ] ] ] } },
{ "type": "Feature", "properties": { "fid": 705, "OBJECTID": 7357, "KEY_CODE": "503324511", "Pref_CODE": 39, "Pref_Name": "高知県", "Shape_Length": 0.020833332000051996, "Shape_Area": 2.6041662500115118e-05 }, "geometry": { "type": "Polygon", "coordinates": [ [ [ 133.5125, 33.541666667000072 ], [ 133.5125, 33.545833333000076 ], [ 133.51875, 33.545833333000076 ], [ 133.51875, 33.541666667000072 ], [ 133.5125, 33.541666667000072 ] ] ] } },
{ "type": "Feature", "properties": { "fid": 706, "OBJECTID": 7358, "KEY_CODE": "503324512", "Pref_CODE": 39, "Pref_Name": "高知県", "Shape_Length": 0.020833332000051996, "Shape_Area": 2.6041662500115118e-05 }, "geometry": { "type": "Polygon", "coordinates": [ [ [ 133.51875, 33.541666667000072 ], [ 133.51875, 33.545833333000076 ], [ 133.525, 33.545833333000076 ], [ 133.525, 33.541666667000072 ], [ 133.51875, 33.541666667000072 ] ] ] } },
{ "type": "Feature", "properties": { "fid": 707, "OBJECTID": 7359, "KEY_CODE": "503324513", "Pref_CODE": 39, "Pref_Name": "高知県", "Shape_Length": 0.020833334000030845, "Shape_Area": 2.6041668750049021e-05 }, "geometry": { "type": "Polygon", "coordinates": [ [ [ 133.5125, 33.545833333000076 ], [ 133.5125, 33.55 ], [ 133.51875, 33.55 ], [ 133.51875, 33.545833333000076 ], [ 133.5125, 33.545833333000076 ] ] ] } },
{ "type": "Feature", "properties": { "fid": 708, "OBJECTID": 7360, "KEY_CODE": "503324514", "Pref_CODE": 39, "Pref_Name": "高知県", "Shape_Length": 0.020833334000030845, "Shape_Area": 2.6041668750049021e-05 }, "geometry": { "type": "Polygon", "coordinates": [ [ [ 133.51875, 33.545833333000076 ], [ 133.51875, 33.55 ], [ 133.525, 33.55 ], [ 133.525, 33.545833333000076 ], [ 133.51875, 33.545833333000076 ] ] ] } },
{ "type": "Feature", "properties": { "fid": 709, "OBJECTID": 7361, "KEY_CODE": "503324521", "Pref_CODE": 39, "Pref_Name": "高知県", "Shape_Length": 0.020833332000051996, "Shape_Area": 2.6041662500115118e-05 }, "geometry": { "type": "Polygon", "coordinates": [ [ [ 133.525, 33.541666667000072 ], [ 133.525, 33.545833333000076 ], [ 133.531250000000114, 33.545833333000076 ], [ 133.531250000000114, 33.541666667000072 ], [ 133.525, 33.541666667000072 ] ] ] } },
{ "type": "Feature", "properties": { "fid": 710, "OBJECTID": 7362, "KEY_CODE": "503324522", "Pref_CODE": 39, "Pref_Name": "高知県", "Shape_Length": 0.020833331999824622, "Shape_Area": 2.6041662499641423e-05 }, "geometry": { "type": "Polygon", "coordinates": [ [ [ 133.531250000000114, 33.541666667000072 ], [ 133.531250000000114, 33.545833333000076 ], [ 133.5375, 33.545833333000076 ], [ 133.5375, 33.541666667000072 ], [ 133.531250000000114, 33.541666667000072 ] ] ] } },
{ "type": "Feature", "properties": { "fid": 711, "OBJECTID": 7363, "KEY_CODE": "503324523", "Pref_CODE": 39, "Pref_Name": "高知県", "Shape_Length": 0.020833334000030845, "Shape_Area": 2.6041668750049021e-05 }, "geometry": { "type": "Polygon", "coordinates": [ [ [ 133.525, 33.545833333000076 ], [ 133.525, 33.55 ], [ 133.531250000000114, 33.55 ], [ 133.531250000000114, 33.545833333000076 ], [ 133.525, 33.545833333000076 ] ] ] } },
{ "type": "Feature", "properties": { "fid": 712, "OBJECTID": 7364, "KEY_CODE": "503324524", "Pref_CODE": 39, "Pref_Name": "高知県", "Shape_Length": 0.020833333999803472, "Shape_Area": 2.6041668749575326e-05 }, "geometry": { "type": "Polygon", "coordinates": [ [ [ 133.531250000000114, 33.545833333000076 ], [ 133.531250000000114, 33.55 ], [ 133.5375, 33.55 ], [ 133.5375, 33.545833333000076 ], [ 133.531250000000114, 33.545833333000076 ] ] ] } },
{ "type": "Feature", "properties": { "fid": 713, "OBJECTID": 7365, "KEY_CODE": "503324531", "Pref_CODE": 39, "Pref_Name": "高知県", "Shape_Length": 0.020833332000051996, "Shape_Area": 2.6041662500115118e-05 }, "geometry": { "type": "Polygon", "coordinates": [ [ [ 133.5375, 33.541666667000072 ], [ 133.5375, 33.545833333000076 ], [ 133.54375, 33.545833333000076 ], [ 133.54375, 33.541666667000072 ], [ 133.5375, 33.541666667000072 ] ] ] } },
{ "type": "Feature", "properties": { "fid": 714, "OBJECTID": 7366, "KEY_CODE": "503324532", "Pref_CODE": 39, "Pref_Name": "高知県", "Shape_Length": 0.020833332000051996, "Shape_Area": 2.6041662500115118e-05 }, "geometry": { "type": "Polygon", "coordinates": [ [ [ 133.54375, 33.541666667000072 ], [ 133.54375, 33.545833333000076 ], [ 133.55, 33.545833333000076 ], [ 133.55, 33.541666667000072 ], [ 133.54375, 33.541666667000072 ] ] ] } },
{ "type": "Feature", "properties": { "fid": 715, "OBJECTID": 7367, "KEY_CODE": "503324533", "Pref_CODE": 39, "Pref_Name": "高知県", "Shape_Length": 0.020833334000030845, "Shape_Area": 2.6041668750049021e-05 }, "geometry": { "type": "Polygon", "coordinates": [ [ [ 133.5375, 33.545833333000076 ], [ 133.5375, 33.55 ], [ 133.54375, 33.55 ], [ 133.54375, 33.545833333000076 ], [ 133.5375, 33.545833333000076 ] ] ] } },
{ "type": "Feature", "properties": { "fid": 716, "OBJECTID": 7368, "KEY_CODE": "503324534", "Pref_CODE": 39, "Pref_Name": "高知県", "Shape_Length": 0.020833334000030845, "Shape_Area": 2.6041668750049021e-05 }, "geometry": { "type": "Polygon", "coordinates": [ [ [ 133.54375, 33.545833333000076 ], [ 133.54375, 33.55 ], [ 133.55, 33.55 ], [ 133.55, 33.545833333000076 ], [ 133.54375, 33.545833333000076 ] ] ] } },
{ "type": "Feature", "properties": { "fid": 717, "OBJECTID": 7369, "KEY_CODE": "503324541", "Pref_CODE": 39, "Pref_Name": "高知県", "Shape_Length": 0.020833332000051996, "Shape_Area": 2.6041662500115118e-05 }, "geometry": { "type": "Polygon", "coordinates": [ [ [ 133.55, 33.541666667000072 ], [ 133.55, 33.545833333000076 ], [ 133.55625, 33.545833333000076 ], [ 133.55625, 33.541666667000072 ], [ 133.55, 33.541666667000072 ] ] ] } },
{ "type": "Feature", "properties": { "fid": 718, "OBJECTID": 7370, "KEY_CODE": "503324542", "Pref_CODE": 39, "Pref_Name": "高知県", "Shape_Length": 0.020833332000051996, "Shape_Area": 2.6041662500115118e-05 }, "geometry": { "type": "Polygon", "coordinates": [ [ [ 133.55625, 33.541666667000072 ], [ 133.55625, 33.545833333000076 ], [ 133.562500000000114, 33.545833333000076 ], [ 133.562500000000114, 33.541666667000072 ], [ 133.55625, 33.541666667000072 ] ] ] } },
{ "type": "Feature", "properties": { "fid": 719, "OBJECTID": 7371, "KEY_CODE": "503324543", "Pref_CODE": 39, "Pref_Name": "高知県", "Shape_Length": 0.020833334000030845, "Shape_Area": 2.6041668750049021e-05 }, "geometry": { "type": "Polygon", "coordinates": [ [ [ 133.55, 33.545833333000076 ], [ 133.55, 33.55 ], [ 133.55625, 33.55 ], [ 133.55625, 33.545833333000076 ], [ 133.55, 33.545833333000076 ] ] ] } },
{ "type": "Feature", "properties": { "fid": 720, "OBJECTID": 7372, "KEY_CODE": "503324544", "Pref_CODE": 39, "Pref_Name": "高知県", "Shape_Length": 0.020833334000030845, "Shape_Area": 2.6041668750049021e-05 }, "geometry": { "type": "Polygon", "coordinates": [ [ [ 133.55625, 33.545833333000076 ], [ 133.55625, 33.55 ], [ 133.562500000000114, 33.55 ], [ 133.562500000000114, 33.545833333000076 ], [ 133.55625, 33.545833333000076 ] ] ] } },
{ "type": "Feature", "properties": { "fid": 721, "OBJECTID": 7373, "KEY_CODE": "503324551", "Pref_CODE": 39, "Pref_Name": "高知県", "Shape_Length": 0.020833331999824622, "Shape_Area": 2.6041662499641423e-05 }, "geometry": { "type": "Polygon", "coordinates": [ [ [ 133.562500000000114, 33.541666667000072 ], [ 133.562500000000114, 33.545833333000076 ], [ 133.56875, 33.545833333000076 ], [ 133.56875, 33.541666667000072 ], [ 133.562500000000114, 33.541666667000072 ] ] ] } },
{ "type": "Feature", "properties": { "fid": 722, "OBJECTID": 7374, "KEY_CODE": "503324552", "Pref_CODE": 39, "Pref_Name": "高知県", "Shape_Length": 0.020833332000051996, "Shape_Area": 2.6041662500115118e-05 }, "geometry": { "type": "Polygon", "coordinates": [ [ [ 133.56875, 33.541666667000072 ], [ 133.56875, 33.545833333000076 ], [ 133.575, 33.545833333000076 ], [ 133.575, 33.541666667000072 ], [ 133.56875, 33.541666667000072 ] ] ] } },
{ "type": "Feature", "properties": { "fid": 723, "OBJECTID": 7375, "KEY_CODE": "503324553", "Pref_CODE": 39, "Pref_Name": "高知県", "Shape_Length": 0.020833333999803472, "Shape_Area": 2.6041668749575326e-05 }, "geometry": { "type": "Polygon", "coordinates": [ [ [ 133.562500000000114, 33.545833333000076 ], [ 133.562500000000114, 33.55 ], [ 133.56875, 33.55 ], [ 133.56875, 33.545833333000076 ], [ 133.562500000000114, 33.545833333000076 ] ] ] } },
{ "type": "Feature", "properties": { "fid": 724, "OBJECTID": 7376, "KEY_CODE": "503324554", "Pref_CODE": 39, "Pref_Name": "高知県", "Shape_Length": 0.020833334000030845, "Shape_Area": 2.6041668750049021e-05 }, "geometry": { "type": "Polygon", "coordinates": [ [ [ 133.56875, 33.545833333000076 ], [ 133.56875, 33.55 ], [ 133.575, 33.55 ], [ 133.575, 33.545833333000076 ], [ 133.56875, 33.545833333000076 ] ] ] } },
{ "type": "Feature", "properties": { "fid": 725, "OBJECTID": 7377, "KEY_CODE": "503324561", "Pref_CODE": 39, "Pref_Name": "高知県", "Shape_Length": 0.020833332000051996, "Shape_Area": 2.6041662500115118e-05 }, "geometry": { "type": "Polygon", "coordinates": [ [ [ 133.575, 33.541666667000072 ], [ 133.575, 33.545833333000076 ], [ 133.58125, 33.545833333000076 ], [ 133.58125, 33.541666667000072 ], [ 133.575, 33.541666667000072 ] ] ] } },
{ "type": "Feature", "properties": { "fid": 726, "OBJECTID": 7378, "KEY_CODE": "503324562", "Pref_CODE": 39, "Pref_Name": "高知県", "Shape_Length": 0.020833332000051996, "Shape_Area": 2.6041662500115118e-05 }, "geometry": { "type": "Polygon", "coordinates": [ [ [ 133.58125, 33.541666667000072 ], [ 133.58125, 33.545833333000076 ], [ 133.5875, 33.545833333000076 ], [ 133.5875, 33.541666667000072 ], [ 133.58125, 33.541666667000072 ] ] ] } },
{ "type": "Feature", "properties": { "fid": 727, "OBJECTID": 7379, "KEY_CODE": "503324563", "Pref_CODE": 39, "Pref_Name": "高知県", "Shape_Length": 0.020833334000030845, "Shape_Area": 2.6041668750049021e-05 }, "geometry": { "type": "Polygon", "coordinates": [ [ [ 133.575, 33.545833333000076 ], [ 133.575, 33.55 ], [ 133.58125, 33.55 ], [ 133.58125, 33.545833333000076 ], [ 133.575, 33.545833333000076 ] ] ] } },
{ "type": "Feature", "properties": { "fid": 728, "OBJECTID": 7380, "KEY_CODE": "503324564", "Pref_CODE": 39, "Pref_Name": "高知県", "Shape_Length": 0.020833334000030845, "Shape_Area": 2.6041668750049021e-05 }, "geometry": { "type": "Polygon", "coordinates": [ [ [ 133.58125, 33.545833333000076 ], [ 133.58125, 33.55 ], [ 133.5875, 33.55 ], [ 133.5875, 33.545833333000076 ], [ 133.58125, 33.545833333000076 ] ] ] } },
{ "type": "Feature", "properties": { "fid": 729, "OBJECTID": 7381, "KEY_CODE": "503324571", "Pref_CODE": 39, "Pref_Name": "高知県", "Shape_Length": 0.020833332000051996, "Shape_Area": 2.6041662500115118e-05 }, "geometry": { "type": "Polygon", "coordinates": [ [ [ 133.5875, 33.541666667000072 ], [ 133.5875, 33.545833333000076 ], [ 133.593750000000114, 33.545833333000076 ], [ 133.593750000000114, 33.541666667000072 ], [ 133.5875, 33.541666667000072 ] ] ] } },
{ "type": "Feature", "properties": { "fid": 730, "OBJECTID": 7382, "KEY_CODE": "503324572", "Pref_CODE": 39, "Pref_Name": "高知県", "Shape_Length": 0.020833331999824622, "Shape_Area": 2.6041662499641423e-05 }, "geometry": { "type": "Polygon", "coordinates": [ [ [ 133.593750000000114, 33.541666667000072 ], [ 133.593750000000114, 33.545833333000076 ], [ 133.6, 33.545833333000076 ], [ 133.6, 33.541666667000072 ], [ 133.593750000000114, 33.541666667000072 ] ] ] } },
{ "type": "Feature", "properties": { "fid": 731, "OBJECTID": 7383, "KEY_CODE": "503324573", "Pref_CODE": 39, "Pref_Name": "高知県", "Shape_Length": 0.020833334000030845, "Shape_Area": 2.6041668750049021e-05 }, "geometry": { "type": "Polygon", "coordinates": [ [ [ 133.5875, 33.545833333000076 ], [ 133.5875, 33.55 ], [ 133.593750000000114, 33.55 ], [ 133.593750000000114, 33.545833333000076 ], [ 133.5875, 33.545833333000076 ] ] ] } },
{ "type": "Feature", "properties": { "fid": 732, "OBJECTID": 7384, "KEY_CODE": "503324574", "Pref_CODE": 39, "Pref_Name": "高知県", "Shape_Length": 0.020833333999803472, "Shape_Area": 2.6041668749575326e-05 }, "geometry": { "type": "Polygon", "coordinates": [ [ [ 133.593750000000114, 33.545833333000076 ], [ 133.593750000000114, 33.55 ], [ 133.6, 33.55 ], [ 133.6, 33.545833333000076 ], [ 133.593750000000114, 33.545833333000076 ] ] ] } },
{ "type": "Feature", "properties": { "fid": 733, "OBJECTID": 7385, "KEY_CODE": "503324581", "Pref_CODE": 39, "Pref_Name": "高知県", "Shape_Length": 0.020833332000051996, "Shape_Area": 2.6041662500115118e-05 }, "geometry": { "type": "Polygon", "coordinates": [ [ [ 133.6, 33.541666667000072 ], [ 133.6, 33.545833333000076 ], [ 133.60625, 33.545833333000076 ], [ 133.60625, 33.541666667000072 ], [ 133.6, 33.541666667000072 ] ] ] } },
{ "type": "Feature", "properties": { "fid": 734, "OBJECTID": 7386, "KEY_CODE": "503324582", "Pref_CODE": 39, "Pref_Name": "高知県", "Shape_Length": 0.020833332000051996, "Shape_Area": 2.6041662500115118e-05 }, "geometry": { "type": "Polygon", "coordinates": [ [ [ 133.60625, 33.541666667000072 ], [ 133.60625, 33.545833333000076 ], [ 133.6125, 33.545833333000076 ], [ 133.6125, 33.541666667000072 ], [ 133.60625, 33.541666667000072 ] ] ] } },
{ "type": "Feature", "properties": { "fid": 735, "OBJECTID": 7387, "KEY_CODE": "503324583", "Pref_CODE": 39, "Pref_Name": "高知県", "Shape_Length": 0.020833334000030845, "Shape_Area": 2.6041668750049021e-05 }, "geometry": { "type": "Polygon", "coordinates": [ [ [ 133.6, 33.545833333000076 ], [ 133.6, 33.55 ], [ 133.60625, 33.55 ], [ 133.60625, 33.545833333000076 ], [ 133.6, 33.545833333000076 ] ] ] } },
{ "type": "Feature", "properties": { "fid": 736, "OBJECTID": 7388, "KEY_CODE": "503324584", "Pref_CODE": 39, "Pref_Name": "高知県", "Shape_Length": 0.020833334000030845, "Shape_Area": 2.6041668750049021e-05 }, "geometry": { "type": "Polygon", "coordinates": [ [ [ 133.60625, 33.545833333000076 ], [ 133.60625, 33.55 ], [ 133.6125, 33.55 ], [ 133.6125, 33.545833333000076 ], [ 133.60625, 33.545833333000076 ] ] ] } },
{ "type": "Feature", "properties": { "fid": 737, "OBJECTID": 7389, "KEY_CODE": "503324591", "Pref_CODE": 39, "Pref_Name": "高知県", "Shape_Length": 0.020833332000051996, "Shape_Area": 2.6041662500115118e-05 }, "geometry": { "type": "Polygon", "coordinates": [ [ [ 133.6125, 33.541666667000072 ], [ 133.6125, 33.545833333000076 ], [ 133.61875, 33.545833333000076 ], [ 133.61875, 33.541666667000072 ], [ 133.6125, 33.541666667000072 ] ] ] } },
{ "type": "Feature", "properties": { "fid": 738, "OBJECTID": 7390, "KEY_CODE": "503324592", "Pref_CODE": 39, "Pref_Name": "高知県", "Shape_Length": 0.020833332000051996, "Shape_Area": 2.6041662500115118e-05 }, "geometry": { "type": "Polygon", "coordinates": [ [ [ 133.61875, 33.541666667000072 ], [ 133.61875, 33.545833333000076 ], [ 133.625000000000114, 33.545833333000076 ], [ 133.625000000000114, 33.541666667000072 ], [ 133.61875, 33.541666667000072 ] ] ] } },
{ "type": "Feature", "properties": { "fid": 739, "OBJECTID": 7391, "KEY_CODE": "503324593", "Pref_CODE": 39, "Pref_Name": "高知県", "Shape_Length": 0.020833334000030845, "Shape_Area": 2.6041668750049021e-05 }, "geometry": { "type": "Polygon", "coordinates": [ [ [ 133.6125, 33.545833333000076 ], [ 133.6125, 33.55 ], [ 133.61875, 33.55 ], [ 133.61875, 33.545833333000076 ], [ 133.6125, 33.545833333000076 ] ] ] } },
{ "type": "Feature", "properties": { "fid": 740, "OBJECTID": 7392, "KEY_CODE": "503324594", "Pref_CODE": 39, "Pref_Name": "高知県", "Shape_Length": 0.020833334000030845, "Shape_Area": 2.6041668750049021e-05 }, "geometry": { "type": "Polygon", "coordinates": [ [ [ 133.61875, 33.545833333000076 ], [ 133.61875, 33.55 ], [ 133.625000000000114, 33.55 ], [ 133.625000000000114, 33.545833333000076 ], [ 133.61875, 33.545833333000076 ] ] ] } },
{ "type": "Feature", "properties": { "fid": 741, "OBJECTID": 7393, "KEY_CODE": "503324601", "Pref_CODE": 39, "Pref_Name": "高知県", "Shape_Length": 0.020833333999803472, "Shape_Area": 2.6041668749575326e-05 }, "geometry": { "type": "Polygon", "coordinates": [ [ [ 133.500000000000114, 33.55 ], [ 133.500000000000114, 33.554166667000061 ], [ 133.50625, 33.554166667000061 ], [ 133.50625, 33.55 ], [ 133.500000000000114, 33.55 ] ] ] } },
{ "type": "Feature", "properties": { "fid": 742, "OBJECTID": 7394, "KEY_CODE": "503324602", "Pref_CODE": 39, "Pref_Name": "高知県", "Shape_Length": 0.020833334000030845, "Shape_Area": 2.6041668750049021e-05 }, "geometry": { "type": "Polygon", "coordinates": [ [ [ 133.50625, 33.55 ], [ 133.50625, 33.554166667000061 ], [ 133.5125, 33.554166667000061 ], [ 133.5125, 33.55 ], [ 133.50625, 33.55 ] ] ] } },
{ "type": "Feature", "properties": { "fid": 743, "OBJECTID": 7395, "KEY_CODE": "503324603", "Pref_CODE": 39, "Pref_Name": "高知県", "Shape_Length": 0.020833331999824622, "Shape_Area": 2.6041662499641423e-05 }, "geometry": { "type": "Polygon", "coordinates": [ [ [ 133.500000000000114, 33.554166667000061 ], [ 133.500000000000114, 33.558333333000064 ], [ 133.50625, 33.558333333000064 ], [ 133.50625, 33.554166667000061 ], [ 133.500000000000114, 33.554166667000061 ] ] ] } },
{ "type": "Feature", "properties": { "fid": 744, "OBJECTID": 7396, "KEY_CODE": "503324604", "Pref_CODE": 39, "Pref_Name": "高知県", "Shape_Length": 0.020833332000051996, "Shape_Area": 2.6041662500115118e-05 }, "geometry": { "type": "Polygon", "coordinates": [ [ [ 133.50625, 33.554166667000061 ], [ 133.50625, 33.558333333000064 ], [ 133.5125, 33.558333333000064 ], [ 133.5125, 33.554166667000061 ], [ 133.50625, 33.554166667000061 ] ] ] } },
{ "type": "Feature", "properties": { "fid": 745, "OBJECTID": 7397, "KEY_CODE": "503324611", "Pref_CODE": 39, "Pref_Name": "高知県", "Shape_Length": 0.020833334000030845, "Shape_Area": 2.6041668750049021e-05 }, "geometry": { "type": "Polygon", "coordinates": [ [ [ 133.5125, 33.55 ], [ 133.5125, 33.554166667000061 ], [ 133.51875, 33.554166667000061 ], [ 133.51875, 33.55 ], [ 133.5125, 33.55 ] ] ] } },
{ "type": "Feature", "properties": { "fid": 746, "OBJECTID": 7398, "KEY_CODE": "503324612", "Pref_CODE": 39, "Pref_Name": "高知県", "Shape_Length": 0.020833334000030845, "Shape_Area": 2.6041668750049021e-05 }, "geometry": { "type": "Polygon", "coordinates": [ [ [ 133.51875, 33.55 ], [ 133.51875, 33.554166667000061 ], [ 133.525, 33.554166667000061 ], [ 133.525, 33.55 ], [ 133.51875, 33.55 ] ] ] } },
{ "type": "Feature", "properties": { "fid": 747, "OBJECTID": 7399, "KEY_CODE": "503324613", "Pref_CODE": 39, "Pref_Name": "高知県", "Shape_Length": 0.020833332000051996, "Shape_Area": 2.6041662500115118e-05 }, "geometry": { "type": "Polygon", "coordinates": [ [ [ 133.5125, 33.554166667000061 ], [ 133.5125, 33.558333333000064 ], [ 133.51875, 33.558333333000064 ], [ 133.51875, 33.554166667000061 ], [ 133.5125, 33.554166667000061 ] ] ] } },
{ "type": "Feature", "properties": { "fid": 748, "OBJECTID": 7400, "KEY_CODE": "503324614", "Pref_CODE": 39, "Pref_Name": "高知県", "Shape_Length": 0.020833332000051996, "Shape_Area": 2.6041662500115118e-05 }, "geometry": { "type": "Polygon", "coordinates": [ [ [ 133.51875, 33.554166667000061 ], [ 133.51875, 33.558333333000064 ], [ 133.525, 33.558333333000064 ], [ 133.525, 33.554166667000061 ], [ 133.51875, 33.554166667000061 ] ] ] } },
{ "type": "Feature", "properties": { "fid": 749, "OBJECTID": 7401, "KEY_CODE": "503324621", "Pref_CODE": 39, "Pref_Name": "高知県", "Shape_Length": 0.020833334000030845, "Shape_Area": 2.6041668750049021e-05 }, "geometry": { "type": "Polygon", "coordinates": [ [ [ 133.525, 33.55 ], [ 133.525, 33.554166667000061 ], [ 133.531250000000114, 33.554166667000061 ], [ 133.531250000000114, 33.55 ], [ 133.525, 33.55 ] ] ] } },
{ "type": "Feature", "properties": { "fid": 750, "OBJECTID": 7402, "KEY_CODE": "503324622", "Pref_CODE": 39, "Pref_Name": "高知県", "Shape_Length": 0.020833333999803472, "Shape_Area": 2.6041668749575326e-05 }, "geometry": { "type": "Polygon", "coordinates": [ [ [ 133.531250000000114, 33.55 ], [ 133.531250000000114, 33.554166667000061 ], [ 133.5375, 33.554166667000061 ], [ 133.5375, 33.55 ], [ 133.531250000000114, 33.55 ] ] ] } },
{ "type": "Feature", "properties": { "fid": 751, "OBJECTID": 7403, "KEY_CODE": "503324623", "Pref_CODE": 39, "Pref_Name": "高知県", "Shape_Length": 0.020833332000051996, "Shape_Area": 2.6041662500115118e-05 }, "geometry": { "type": "Polygon", "coordinates": [ [ [ 133.525, 33.554166667000061 ], [ 133.525, 33.558333333000064 ], [ 133.531250000000114, 33.558333333000064 ], [ 133.531250000000114, 33.554166667000061 ], [ 133.525, 33.554166667000061 ] ] ] } },
{ "type": "Feature", "properties": { "fid": 752, "OBJECTID": 7404, "KEY_CODE": "503324624", "Pref_CODE": 39, "Pref_Name": "高知県", "Shape_Length": 0.020833331999824622, "Shape_Area": 2.6041662499641423e-05 }, "geometry": { "type": "Polygon", "coordinates": [ [ [ 133.531250000000114, 33.554166667000061 ], [ 133.531250000000114, 33.558333333000064 ], [ 133.5375, 33.558333333000064 ], [ 133.5375, 33.554166667000061 ], [ 133.531250000000114, 33.554166667000061 ] ] ] } },
{ "type": "Feature", "properties": { "fid": 753, "OBJECTID": 7405, "KEY_CODE": "503324631", "Pref_CODE": 39, "Pref_Name": "高知県", "Shape_Length": 0.020833334000030845, "Shape_Area": 2.6041668750049021e-05 }, "geometry": { "type": "Polygon", "coordinates": [ [ [ 133.5375, 33.55 ], [ 133.5375, 33.554166667000061 ], [ 133.54375, 33.554166667000061 ], [ 133.54375, 33.55 ], [ 133.5375, 33.55 ] ] ] } },
{ "type": "Feature", "properties": { "fid": 754, "OBJECTID": 7406, "KEY_CODE": "503324632", "Pref_CODE": 39, "Pref_Name": "高知県", "Shape_Length": 0.020833334000030845, "Shape_Area": 2.6041668750049021e-05 }, "geometry": { "type": "Polygon", "coordinates": [ [ [ 133.54375, 33.55 ], [ 133.54375, 33.554166667000061 ], [ 133.55, 33.554166667000061 ], [ 133.55, 33.55 ], [ 133.54375, 33.55 ] ] ] } },
{ "type": "Feature", "properties": { "fid": 755, "OBJECTID": 7407, "KEY_CODE": "503324633", "Pref_CODE": 39, "Pref_Name": "高知県", "Shape_Length": 0.020833332000051996, "Shape_Area": 2.6041662500115118e-05 }, "geometry": { "type": "Polygon", "coordinates": [ [ [ 133.5375, 33.554166667000061 ], [ 133.5375, 33.558333333000064 ], [ 133.54375, 33.558333333000064 ], [ 133.54375, 33.554166667000061 ], [ 133.5375, 33.554166667000061 ] ] ] } },
{ "type": "Feature", "properties": { "fid": 756, "OBJECTID": 7408, "KEY_CODE": "503324634", "Pref_CODE": 39, "Pref_Name": "高知県", "Shape_Length": 0.020833332000051996, "Shape_Area": 2.6041662500115118e-05 }, "geometry": { "type": "Polygon", "coordinates": [ [ [ 133.54375, 33.554166667000061 ], [ 133.54375, 33.558333333000064 ], [ 133.55, 33.558333333000064 ], [ 133.55, 33.554166667000061 ], [ 133.54375, 33.554166667000061 ] ] ] } },
{ "type": "Feature", "properties": { "fid": 757, "OBJECTID": 7409, "KEY_CODE": "503324641", "Pref_CODE": 39, "Pref_Name": "高知県", "Shape_Length": 0.020833334000030845, "Shape_Area": 2.6041668750049021e-05 }, "geometry": { "type": "Polygon", "coordinates": [ [ [ 133.55, 33.55 ], [ 133.55, 33.554166667000061 ], [ 133.55625, 33.554166667000061 ], [ 133.55625, 33.55 ], [ 133.55, 33.55 ] ] ] } },
{ "type": "Feature", "properties": { "fid": 758, "OBJECTID": 7410, "KEY_CODE": "503324642", "Pref_CODE": 39, "Pref_Name": "高知県", "Shape_Length": 0.020833334000030845, "Shape_Area": 2.6041668750049021e-05 }, "geometry": { "type": "Polygon", "coordinates": [ [ [ 133.55625, 33.55 ], [ 133.55625, 33.554166667000061 ], [ 133.562500000000114, 33.554166667000061 ], [ 133.562500000000114, 33.55 ], [ 133.55625, 33.55 ] ] ] } },
{ "type": "Feature", "properties": { "fid": 759, "OBJECTID": 7411, "KEY_CODE": "503324643", "Pref_CODE": 39, "Pref_Name": "高知県", "Shape_Length": 0.020833332000051996, "Shape_Area": 2.6041662500115118e-05 }, "geometry": { "type": "Polygon", "coordinates": [ [ [ 133.55, 33.554166667000061 ], [ 133.55, 33.558333333000064 ], [ 133.55625, 33.558333333000064 ], [ 133.55625, 33.554166667000061 ], [ 133.55, 33.554166667000061 ] ] ] } },
{ "type": "Feature", "properties": { "fid": 760, "OBJECTID": 7412, "KEY_CODE": "503324644", "Pref_CODE": 39, "Pref_Name": "高知県", "Shape_Length": 0.020833332000051996, "Shape_Area": 2.6041662500115118e-05 }, "geometry": { "type": "Polygon", "coordinates": [ [ [ 133.55625, 33.554166667000061 ], [ 133.55625, 33.558333333000064 ], [ 133.562500000000114, 33.558333333000064 ], [ 133.562500000000114, 33.554166667000061 ], [ 133.55625, 33.554166667000061 ] ] ] } },
{ "type": "Feature", "properties": { "fid": 761, "OBJECTID": 7413, "KEY_CODE": "503324651", "Pref_CODE": 39, "Pref_Name": "高知県", "Shape_Length": 0.020833333999803472, "Shape_Area": 2.6041668749575326e-05 }, "geometry": { "type": "Polygon", "coordinates": [ [ [ 133.562500000000114, 33.55 ], [ 133.562500000000114, 33.554166667000061 ], [ 133.56875, 33.554166667000061 ], [ 133.56875, 33.55 ], [ 133.562500000000114, 33.55 ] ] ] } },
{ "type": "Feature", "properties": { "fid": 762, "OBJECTID": 7414, "KEY_CODE": "503324652", "Pref_CODE": 39, "Pref_Name": "高知県", "Shape_Length": 0.020833334000030845, "Shape_Area": 2.6041668750049021e-05 }, "geometry": { "type": "Polygon", "coordinates": [ [ [ 133.56875, 33.55 ], [ 133.56875, 33.554166667000061 ], [ 133.575, 33.554166667000061 ], [ 133.575, 33.55 ], [ 133.56875, 33.55 ] ] ] } },
{ "type": "Feature", "properties": { "fid": 763, "OBJECTID": 7415, "KEY_CODE": "503324653", "Pref_CODE": 39, "Pref_Name": "高知県", "Shape_Length": 0.020833331999824622, "Shape_Area": 2.6041662499641423e-05 }, "geometry": { "type": "Polygon", "coordinates": [ [ [ 133.562500000000114, 33.554166667000061 ], [ 133.562500000000114, 33.558333333000064 ], [ 133.56875, 33.558333333000064 ], [ 133.56875, 33.554166667000061 ], [ 133.562500000000114, 33.554166667000061 ] ] ] } },
{ "type": "Feature", "properties": { "fid": 764, "OBJECTID": 7416, "KEY_CODE": "503324654", "Pref_CODE": 39, "Pref_Name": "高知県", "Shape_Length": 0.020833332000051996, "Shape_Area": 2.6041662500115118e-05 }, "geometry": { "type": "Polygon", "coordinates": [ [ [ 133.56875, 33.554166667000061 ], [ 133.56875, 33.558333333000064 ], [ 133.575, 33.558333333000064 ], [ 133.575, 33.554166667000061 ], [ 133.56875, 33.554166667000061 ] ] ] } },
{ "type": "Feature", "properties": { "fid": 765, "OBJECTID": 7417, "KEY_CODE": "503324661", "Pref_CODE": 39, "Pref_Name": "高知県", "Shape_Length": 0.020833334000030845, "Shape_Area": 2.6041668750049021e-05 }, "geometry": { "type": "Polygon", "coordinates": [ [ [ 133.575, 33.55 ], [ 133.575, 33.554166667000061 ], [ 133.58125, 33.554166667000061 ], [ 133.58125, 33.55 ], [ 133.575, 33.55 ] ] ] } },
{ "type": "Feature", "properties": { "fid": 766, "OBJECTID": 7418, "KEY_CODE": "503324662", "Pref_CODE": 39, "Pref_Name": "高知県", "Shape_Length": 0.020833334000030845, "Shape_Area": 2.6041668750049021e-05 }, "geometry": { "type": "Polygon", "coordinates": [ [ [ 133.58125, 33.55 ], [ 133.58125, 33.554166667000061 ], [ 133.5875, 33.554166667000061 ], [ 133.5875, 33.55 ], [ 133.58125, 33.55 ] ] ] } },
{ "type": "Feature", "properties": { "fid": 767, "OBJECTID": 7419, "KEY_CODE": "503324663", "Pref_CODE": 39, "Pref_Name": "高知県", "Shape_Length": 0.020833332000051996, "Shape_Area": 2.6041662500115118e-05 }, "geometry": { "type": "Polygon", "coordinates": [ [ [ 133.575, 33.554166667000061 ], [ 133.575, 33.558333333000064 ], [ 133.58125, 33.558333333000064 ], [ 133.58125, 33.554166667000061 ], [ 133.575, 33.554166667000061 ] ] ] } },
{ "type": "Feature", "properties": { "fid": 768, "OBJECTID": 7420, "KEY_CODE": "503324664", "Pref_CODE": 39, "Pref_Name": "高知県", "Shape_Length": 0.020833332000051996, "Shape_Area": 2.6041662500115118e-05 }, "geometry": { "type": "Polygon", "coordinates": [ [ [ 133.58125, 33.554166667000061 ], [ 133.58125, 33.558333333000064 ], [ 133.5875, 33.558333333000064 ], [ 133.5875, 33.554166667000061 ], [ 133.58125, 33.554166667000061 ] ] ] } },
{ "type": "Feature", "properties": { "fid": 769, "OBJECTID": 7421, "KEY_CODE": "503324671", "Pref_CODE": 39, "Pref_Name": "高知県", "Shape_Length": 0.020833334000030845, "Shape_Area": 2.6041668750049021e-05 }, "geometry": { "type": "Polygon", "coordinates": [ [ [ 133.5875, 33.55 ], [ 133.5875, 33.554166667000061 ], [ 133.593750000000114, 33.554166667000061 ], [ 133.593750000000114, 33.55 ], [ 133.5875, 33.55 ] ] ] } },
{ "type": "Feature", "properties": { "fid": 770, "OBJECTID": 7422, "KEY_CODE": "503324672", "Pref_CODE": 39, "Pref_Name": "高知県", "Shape_Length": 0.020833333999803472, "Shape_Area": 2.6041668749575326e-05 }, "geometry": { "type": "Polygon", "coordinates": [ [ [ 133.593750000000114, 33.55 ], [ 133.593750000000114, 33.554166667000061 ], [ 133.6, 33.554166667000061 ], [ 133.6, 33.55 ], [ 133.593750000000114, 33.55 ] ] ] } },
{ "type": "Feature", "properties": { "fid": 771, "OBJECTID": 7423, "KEY_CODE": "503324673", "Pref_CODE": 39, "Pref_Name": "高知県", "Shape_Length": 0.020833332000051996, "Shape_Area": 2.6041662500115118e-05 }, "geometry": { "type": "Polygon", "coordinates": [ [ [ 133.5875, 33.554166667000061 ], [ 133.5875, 33.558333333000064 ], [ 133.593750000000114, 33.558333333000064 ], [ 133.593750000000114, 33.554166667000061 ], [ 133.5875, 33.554166667000061 ] ] ] } },
{ "type": "Feature", "properties": { "fid": 772, "OBJECTID": 7424, "KEY_CODE": "503324674", "Pref_CODE": 39, "Pref_Name": "高知県", "Shape_Length": 0.020833331999824622, "Shape_Area": 2.6041662499641423e-05 }, "geometry": { "type": "Polygon", "coordinates": [ [ [ 133.593750000000114, 33.554166667000061 ], [ 133.593750000000114, 33.558333333000064 ], [ 133.6, 33.558333333000064 ], [ 133.6, 33.554166667000061 ], [ 133.593750000000114, 33.554166667000061 ] ] ] } },
{ "type": "Feature", "properties": { "fid": 773, "OBJECTID": 7425, "KEY_CODE": "503324681", "Pref_CODE": 39, "Pref_Name": "高知県", "Shape_Length": 0.020833334000030845, "Shape_Area": 2.6041668750049021e-05 }, "geometry": { "type": "Polygon", "coordinates": [ [ [ 133.6, 33.55 ], [ 133.6, 33.554166667000061 ], [ 133.60625, 33.554166667000061 ], [ 133.60625, 33.55 ], [ 133.6, 33.55 ] ] ] } },
{ "type": "Feature", "properties": { "fid": 774, "OBJECTID": 7426, "KEY_CODE": "503324682", "Pref_CODE": 39, "Pref_Name": "高知県", "Shape_Length": 0.020833334000030845, "Shape_Area": 2.6041668750049021e-05 }, "geometry": { "type": "Polygon", "coordinates": [ [ [ 133.60625, 33.55 ], [ 133.60625, 33.554166667000061 ], [ 133.6125, 33.554166667000061 ], [ 133.6125, 33.55 ], [ 133.60625, 33.55 ] ] ] } },
{ "type": "Feature", "properties": { "fid": 775, "OBJECTID": 7427, "KEY_CODE": "503324683", "Pref_CODE": 39, "Pref_Name": "高知県", "Shape_Length": 0.020833332000051996, "Shape_Area": 2.6041662500115118e-05 }, "geometry": { "type": "Polygon", "coordinates": [ [ [ 133.6, 33.554166667000061 ], [ 133.6, 33.558333333000064 ], [ 133.60625, 33.558333333000064 ], [ 133.60625, 33.554166667000061 ], [ 133.6, 33.554166667000061 ] ] ] } },
{ "type": "Feature", "properties": { "fid": 776, "OBJECTID": 7428, "KEY_CODE": "503324684", "Pref_CODE": 39, "Pref_Name": "高知県", "Shape_Length": 0.020833332000051996, "Shape_Area": 2.6041662500115118e-05 }, "geometry": { "type": "Polygon", "coordinates": [ [ [ 133.60625, 33.554166667000061 ], [ 133.60625, 33.558333333000064 ], [ 133.6125, 33.558333333000064 ], [ 133.6125, 33.554166667000061 ], [ 133.60625, 33.554166667000061 ] ] ] } },
{ "type": "Feature", "properties": { "fid": 777, "OBJECTID": 7429, "KEY_CODE": "503324691", "Pref_CODE": 39, "Pref_Name": "高知県", "Shape_Length": 0.020833334000030845, "Shape_Area": 2.6041668750049021e-05 }, "geometry": { "type": "Polygon", "coordinates": [ [ [ 133.6125, 33.55 ], [ 133.6125, 33.554166667000061 ], [ 133.61875, 33.554166667000061 ], [ 133.61875, 33.55 ], [ 133.6125, 33.55 ] ] ] } },
{ "type": "Feature", "properties": { "fid": 778, "OBJECTID": 7430, "KEY_CODE": "503324692", "Pref_CODE": 39, "Pref_Name": "高知県", "Shape_Length": 0.020833334000030845, "Shape_Area": 2.6041668750049021e-05 }, "geometry": { "type": "Polygon", "coordinates": [ [ [ 133.61875, 33.55 ], [ 133.61875, 33.554166667000061 ], [ 133.625000000000114, 33.554166667000061 ], [ 133.625000000000114, 33.55 ], [ 133.61875, 33.55 ] ] ] } },
{ "type": "Feature", "properties": { "fid": 779, "OBJECTID": 7431, "KEY_CODE": "503324693", "Pref_CODE": 39, "Pref_Name": "高知県", "Shape_Length": 0.020833332000051996, "Shape_Area": 2.6041662500115118e-05 }, "geometry": { "type": "Polygon", "coordinates": [ [ [ 133.6125, 33.554166667000061 ], [ 133.6125, 33.558333333000064 ], [ 133.61875, 33.558333333000064 ], [ 133.61875, 33.554166667000061 ], [ 133.6125, 33.554166667000061 ] ] ] } },
{ "type": "Feature", "properties": { "fid": 780, "OBJECTID": 7432, "KEY_CODE": "503324694", "Pref_CODE": 39, "Pref_Name": "高知県", "Shape_Length": 0.020833332000051996, "Shape_Area": 2.6041662500115118e-05 }, "geometry": { "type": "Polygon", "coordinates": [ [ [ 133.61875, 33.554166667000061 ], [ 133.61875, 33.558333333000064 ], [ 133.625000000000114, 33.558333333000064 ], [ 133.625000000000114, 33.554166667000061 ], [ 133.61875, 33.554166667000061 ] ] ] } },
{ "type": "Feature", "properties": { "fid": 781, "OBJECTID": 7433, "KEY_CODE": "503324701", "Pref_CODE": 39, "Pref_Name": "高知県", "Shape_Length": 0.020833333999803472, "Shape_Area": 2.6041668749575326e-05 }, "geometry": { "type": "Polygon", "coordinates": [ [ [ 133.500000000000114, 33.558333333000064 ], [ 133.500000000000114, 33.5625 ], [ 133.50625, 33.5625 ], [ 133.50625, 33.558333333000064 ], [ 133.500000000000114, 33.558333333000064 ] ] ] } },
{ "type": "Feature", "properties": { "fid": 782, "OBJECTID": 7434, "KEY_CODE": "503324702", "Pref_CODE": 39, "Pref_Name": "高知県", "Shape_Length": 0.020833334000030845, "Shape_Area": 2.6041668750049021e-05 }, "geometry": { "type": "Polygon", "coordinates": [ [ [ 133.50625, 33.558333333000064 ], [ 133.50625, 33.5625 ], [ 133.5125, 33.5625 ], [ 133.5125, 33.558333333000064 ], [ 133.50625, 33.558333333000064 ] ] ] } },
{ "type": "Feature", "properties": { "fid": 783, "OBJECTID": 7435, "KEY_CODE": "503324703", "Pref_CODE": 39, "Pref_Name": "高知県", "Shape_Length": 0.020833333999803472, "Shape_Area": 2.6041668749575326e-05 }, "geometry": { "type": "Polygon", "coordinates": [ [ [ 133.500000000000114, 33.5625 ], [ 133.500000000000114, 33.56666666700005 ], [ 133.50625, 33.56666666700005 ], [ 133.50625, 33.5625 ], [ 133.500000000000114, 33.5625 ] ] ] } },
{ "type": "Feature", "properties": { "fid": 784, "OBJECTID": 7436, "KEY_CODE": "503324704", "Pref_CODE": 39, "Pref_Name": "高知県", "Shape_Length": 0.020833334000030845, "Shape_Area": 2.6041668750049021e-05 }, "geometry": { "type": "Polygon", "coordinates": [ [ [ 133.50625, 33.5625 ], [ 133.50625, 33.56666666700005 ], [ 133.5125, 33.56666666700005 ], [ 133.5125, 33.5625 ], [ 133.50625, 33.5625 ] ] ] } },
{ "type": "Feature", "properties": { "fid": 785, "OBJECTID": 7437, "KEY_CODE": "503324711", "Pref_CODE": 39, "Pref_Name": "高知県", "Shape_Length": 0.020833334000030845, "Shape_Area": 2.6041668750049021e-05 }, "geometry": { "type": "Polygon", "coordinates": [ [ [ 133.5125, 33.558333333000064 ], [ 133.5125, 33.5625 ], [ 133.51875, 33.5625 ], [ 133.51875, 33.558333333000064 ], [ 133.5125, 33.558333333000064 ] ] ] } },
{ "type": "Feature", "properties": { "fid": 786, "OBJECTID": 7438, "KEY_CODE": "503324712", "Pref_CODE": 39, "Pref_Name": "高知県", "Shape_Length": 0.020833334000030845, "Shape_Area": 2.6041668750049021e-05 }, "geometry": { "type": "Polygon", "coordinates": [ [ [ 133.51875, 33.558333333000064 ], [ 133.51875, 33.5625 ], [ 133.525, 33.5625 ], [ 133.525, 33.558333333000064 ], [ 133.51875, 33.558333333000064 ] ] ] } },
{ "type": "Feature", "properties": { "fid": 787, "OBJECTID": 7439, "KEY_CODE": "503324713", "Pref_CODE": 39, "Pref_Name": "高知県", "Shape_Length": 0.020833334000030845, "Shape_Area": 2.6041668750049021e-05 }, "geometry": { "type": "Polygon", "coordinates": [ [ [ 133.5125, 33.5625 ], [ 133.5125, 33.56666666700005 ], [ 133.51875, 33.56666666700005 ], [ 133.51875, 33.5625 ], [ 133.5125, 33.5625 ] ] ] } },
{ "type": "Feature", "properties": { "fid": 788, "OBJECTID": 7440, "KEY_CODE": "503324714", "Pref_CODE": 39, "Pref_Name": "高知県", "Shape_Length": 0.020833334000030845, "Shape_Area": 2.6041668750049021e-05 }, "geometry": { "type": "Polygon", "coordinates": [ [ [ 133.51875, 33.5625 ], [ 133.51875, 33.56666666700005 ], [ 133.525, 33.56666666700005 ], [ 133.525, 33.5625 ], [ 133.51875, 33.5625 ] ] ] } },
{ "type": "Feature", "properties": { "fid": 789, "OBJECTID": 7441, "KEY_CODE": "503324721", "Pref_CODE": 39, "Pref_Name": "高知県", "Shape_Length": 0.020833334000030845, "Shape_Area": 2.6041668750049021e-05 }, "geometry": { "type": "Polygon", "coordinates": [ [ [ 133.525, 33.558333333000064 ], [ 133.525, 33.5625 ], [ 133.531250000000114, 33.5625 ], [ 133.531250000000114, 33.558333333000064 ], [ 133.525, 33.558333333000064 ] ] ] } },
{ "type": "Feature", "properties": { "fid": 790, "OBJECTID": 7442, "KEY_CODE": "503324722", "Pref_CODE": 39, "Pref_Name": "高知県", "Shape_Length": 0.020833333999803472, "Shape_Area": 2.6041668749575326e-05 }, "geometry": { "type": "Polygon", "coordinates": [ [ [ 133.531250000000114, 33.558333333000064 ], [ 133.531250000000114, 33.5625 ], [ 133.5375, 33.5625 ], [ 133.5375, 33.558333333000064 ], [ 133.531250000000114, 33.558333333000064 ] ] ] } },
{ "type": "Feature", "properties": { "fid": 791, "OBJECTID": 7443, "KEY_CODE": "503324723", "Pref_CODE": 39, "Pref_Name": "高知県", "Shape_Length": 0.020833334000030845, "Shape_Area": 2.6041668750049021e-05 }, "geometry": { "type": "Polygon", "coordinates": [ [ [ 133.525, 33.5625 ], [ 133.525, 33.56666666700005 ], [ 133.531250000000114, 33.56666666700005 ], [ 133.531250000000114, 33.5625 ], [ 133.525, 33.5625 ] ] ] } },
{ "type": "Feature", "properties": { "fid": 792, "OBJECTID": 7444, "KEY_CODE": "503324724", "Pref_CODE": 39, "Pref_Name": "高知県", "Shape_Length": 0.020833333999803472, "Shape_Area": 2.6041668749575326e-05 }, "geometry": { "type": "Polygon", "coordinates": [ [ [ 133.531250000000114, 33.5625 ], [ 133.531250000000114, 33.56666666700005 ], [ 133.5375, 33.56666666700005 ], [ 133.5375, 33.5625 ], [ 133.531250000000114, 33.5625 ] ] ] } },
{ "type": "Feature", "properties": { "fid": 793, "OBJECTID": 7445, "KEY_CODE": "503324731", "Pref_CODE": 39, "Pref_Name": "高知県", "Shape_Length": 0.020833334000030845, "Shape_Area": 2.6041668750049021e-05 }, "geometry": { "type": "Polygon", "coordinates": [ [ [ 133.5375, 33.558333333000064 ], [ 133.5375, 33.5625 ], [ 133.54375, 33.5625 ], [ 133.54375, 33.558333333000064 ], [ 133.5375, 33.558333333000064 ] ] ] } },
{ "type": "Feature", "properties": { "fid": 794, "OBJECTID": 7446, "KEY_CODE": "503324732", "Pref_CODE": 39, "Pref_Name": "高知県", "Shape_Length": 0.020833334000030845, "Shape_Area": 2.6041668750049021e-05 }, "geometry": { "type": "Polygon", "coordinates": [ [ [ 133.54375, 33.558333333000064 ], [ 133.54375, 33.5625 ], [ 133.55, 33.5625 ], [ 133.55, 33.558333333000064 ], [ 133.54375, 33.558333333000064 ] ] ] } },
{ "type": "Feature", "properties": { "fid": 795, "OBJECTID": 7447, "KEY_CODE": "503324733", "Pref_CODE": 39, "Pref_Name": "高知県", "Shape_Length": 0.020833334000030845, "Shape_Area": 2.6041668750049021e-05 }, "geometry": { "type": "Polygon", "coordinates": [ [ [ 133.5375, 33.5625 ], [ 133.5375, 33.56666666700005 ], [ 133.54375, 33.56666666700005 ], [ 133.54375, 33.5625 ], [ 133.5375, 33.5625 ] ] ] } },
{ "type": "Feature", "properties": { "fid": 796, "OBJECTID": 7448, "KEY_CODE": "503324734", "Pref_CODE": 39, "Pref_Name": "高知県", "Shape_Length": 0.020833334000030845, "Shape_Area": 2.6041668750049021e-05 }, "geometry": { "type": "Polygon", "coordinates": [ [ [ 133.54375, 33.5625 ], [ 133.54375, 33.56666666700005 ], [ 133.55, 33.56666666700005 ], [ 133.55, 33.5625 ], [ 133.54375, 33.5625 ] ] ] } },
{ "type": "Feature", "properties": { "fid": 797, "OBJECTID": 7449, "KEY_CODE": "503324741", "Pref_CODE": 39, "Pref_Name": "高知県", "Shape_Length": 0.020833334000030845, "Shape_Area": 2.6041668750049021e-05 }, "geometry": { "type": "Polygon", "coordinates": [ [ [ 133.55, 33.558333333000064 ], [ 133.55, 33.5625 ], [ 133.55625, 33.5625 ], [ 133.55625, 33.558333333000064 ], [ 133.55, 33.558333333000064 ] ] ] } },
{ "type": "Feature", "properties": { "fid": 798, "OBJECTID": 7450, "KEY_CODE": "503324742", "Pref_CODE": 39, "Pref_Name": "高知県", "Shape_Length": 0.020833334000030845, "Shape_Area": 2.6041668750049021e-05 }, "geometry": { "type": "Polygon", "coordinates": [ [ [ 133.55625, 33.558333333000064 ], [ 133.55625, 33.5625 ], [ 133.562500000000114, 33.5625 ], [ 133.562500000000114, 33.558333333000064 ], [ 133.55625, 33.558333333000064 ] ] ] } },
{ "type": "Feature", "properties": { "fid": 799, "OBJECTID": 7451, "KEY_CODE": "503324743", "Pref_CODE": 39, "Pref_Name": "高知県", "Shape_Length": 0.020833334000030845, "Shape_Area": 2.6041668750049021e-05 }, "geometry": { "type": "Polygon", "coordinates": [ [ [ 133.55, 33.5625 ], [ 133.55, 33.56666666700005 ], [ 133.55625, 33.56666666700005 ], [ 133.55625, 33.5625 ], [ 133.55, 33.5625 ] ] ] } },
{ "type": "Feature", "properties": { "fid": 800, "OBJECTID": 7452, "KEY_CODE": "503324744", "Pref_CODE": 39, "Pref_Name": "高知県", "Shape_Length": 0.020833334000030845, "Shape_Area": 2.6041668750049021e-05 }, "geometry": { "type": "Polygon", "coordinates": [ [ [ 133.55625, 33.5625 ], [ 133.55625, 33.56666666700005 ], [ 133.562500000000114, 33.56666666700005 ], [ 133.562500000000114, 33.5625 ], [ 133.55625, 33.5625 ] ] ] } },
{ "type": "Feature", "properties": { "fid": 801, "OBJECTID": 7453, "KEY_CODE": "503324751", "Pref_CODE": 39, "Pref_Name": "高知県", "Shape_Length": 0.020833333999803472, "Shape_Area": 2.6041668749575326e-05 }, "geometry": { "type": "Polygon", "coordinates": [ [ [ 133.562500000000114, 33.558333333000064 ], [ 133.562500000000114, 33.5625 ], [ 133.56875, 33.5625 ], [ 133.56875, 33.558333333000064 ], [ 133.562500000000114, 33.558333333000064 ] ] ] } },
{ "type": "Feature", "properties": { "fid": 802, "OBJECTID": 7454, "KEY_CODE": "503324752", "Pref_CODE": 39, "Pref_Name": "高知県", "Shape_Length": 0.020833334000030845, "Shape_Area": 2.6041668750049021e-05 }, "geometry": { "type": "Polygon", "coordinates": [ [ [ 133.56875, 33.558333333000064 ], [ 133.56875, 33.5625 ], [ 133.575, 33.5625 ], [ 133.575, 33.558333333000064 ], [ 133.56875, 33.558333333000064 ] ] ] } },
{ "type": "Feature", "properties": { "fid": 803, "OBJECTID": 7455, "KEY_CODE": "503324753", "Pref_CODE": 39, "Pref_Name": "高知県", "Shape_Length": 0.020833333999803472, "Shape_Area": 2.6041668749575326e-05 }, "geometry": { "type": "Polygon", "coordinates": [ [ [ 133.562500000000114, 33.5625 ], [ 133.562500000000114, 33.56666666700005 ], [ 133.56875, 33.56666666700005 ], [ 133.56875, 33.5625 ], [ 133.562500000000114, 33.5625 ] ] ] } },
{ "type": "Feature", "properties": { "fid": 804, "OBJECTID": 7456, "KEY_CODE": "503324754", "Pref_CODE": 39, "Pref_Name": "高知県", "Shape_Length": 0.020833334000030845, "Shape_Area": 2.6041668750049021e-05 }, "geometry": { "type": "Polygon", "coordinates": [ [ [ 133.56875, 33.5625 ], [ 133.56875, 33.56666666700005 ], [ 133.575, 33.56666666700005 ], [ 133.575, 33.5625 ], [ 133.56875, 33.5625 ] ] ] } },
{ "type": "Feature", "properties": { "fid": 805, "OBJECTID": 7457, "KEY_CODE": "503324761", "Pref_CODE": 39, "Pref_Name": "高知県", "Shape_Length": 0.020833334000030845, "Shape_Area": 2.6041668750049021e-05 }, "geometry": { "type": "Polygon", "coordinates": [ [ [ 133.575, 33.558333333000064 ], [ 133.575, 33.5625 ], [ 133.58125, 33.5625 ], [ 133.58125, 33.558333333000064 ], [ 133.575, 33.558333333000064 ] ] ] } },
{ "type": "Feature", "properties": { "fid": 806, "OBJECTID": 7458, "KEY_CODE": "503324762", "Pref_CODE": 39, "Pref_Name": "高知県", "Shape_Length": 0.020833334000030845, "Shape_Area": 2.6041668750049021e-05 }, "geometry": { "type": "Polygon", "coordinates": [ [ [ 133.58125, 33.558333333000064 ], [ 133.58125, 33.5625 ], [ 133.5875, 33.5625 ], [ 133.5875, 33.558333333000064 ], [ 133.58125, 33.558333333000064 ] ] ] } },
{ "type": "Feature", "properties": { "fid": 807, "OBJECTID": 7459, "KEY_CODE": "503324763", "Pref_CODE": 39, "Pref_Name": "高知県", "Shape_Length": 0.020833334000030845, "Shape_Area": 2.6041668750049021e-05 }, "geometry": { "type": "Polygon", "coordinates": [ [ [ 133.575, 33.5625 ], [ 133.575, 33.56666666700005 ], [ 133.58125, 33.56666666700005 ], [ 133.58125, 33.5625 ], [ 133.575, 33.5625 ] ] ] } },
{ "type": "Feature", "properties": { "fid": 808, "OBJECTID": 7460, "KEY_CODE": "503324764", "Pref_CODE": 39, "Pref_Name": "高知県", "Shape_Length": 0.020833334000030845, "Shape_Area": 2.6041668750049021e-05 }, "geometry": { "type": "Polygon", "coordinates": [ [ [ 133.58125, 33.5625 ], [ 133.58125, 33.56666666700005 ], [ 133.5875, 33.56666666700005 ], [ 133.5875, 33.5625 ], [ 133.58125, 33.5625 ] ] ] } },
{ "type": "Feature", "properties": { "fid": 809, "OBJECTID": 7461, "KEY_CODE": "503324771", "Pref_CODE": 39, "Pref_Name": "高知県", "Shape_Length": 0.020833334000030845, "Shape_Area": 2.6041668750049021e-05 }, "geometry": { "type": "Polygon", "coordinates": [ [ [ 133.5875, 33.558333333000064 ], [ 133.5875, 33.5625 ], [ 133.593750000000114, 33.5625 ], [ 133.593750000000114, 33.558333333000064 ], [ 133.5875, 33.558333333000064 ] ] ] } },
{ "type": "Feature", "properties": { "fid": 810, "OBJECTID": 7462, "KEY_CODE": "503324772", "Pref_CODE": 39, "Pref_Name": "高知県", "Shape_Length": 0.020833333999803472, "Shape_Area": 2.6041668749575326e-05 }, "geometry": { "type": "Polygon", "coordinates": [ [ [ 133.593750000000114, 33.558333333000064 ], [ 133.593750000000114, 33.5625 ], [ 133.6, 33.5625 ], [ 133.6, 33.558333333000064 ], [ 133.593750000000114, 33.558333333000064 ] ] ] } },
{ "type": "Feature", "properties": { "fid": 811, "OBJECTID": 7463, "KEY_CODE": "503324773", "Pref_CODE": 39, "Pref_Name": "高知県", "Shape_Length": 0.020833334000030845, "Shape_Area": 2.6041668750049021e-05 }, "geometry": { "type": "Polygon", "coordinates": [ [ [ 133.5875, 33.5625 ], [ 133.5875, 33.56666666700005 ], [ 133.593750000000114, 33.56666666700005 ], [ 133.593750000000114, 33.5625 ], [ 133.5875, 33.5625 ] ] ] } },
{ "type": "Feature", "properties": { "fid": 812, "OBJECTID": 7464, "KEY_CODE": "503324774", "Pref_CODE": 39, "Pref_Name": "高知県", "Shape_Length": 0.020833333999803472, "Shape_Area": 2.6041668749575326e-05 }, "geometry": { "type": "Polygon", "coordinates": [ [ [ 133.593750000000114, 33.5625 ], [ 133.593750000000114, 33.56666666700005 ], [ 133.6, 33.56666666700005 ], [ 133.6, 33.5625 ], [ 133.593750000000114, 33.5625 ] ] ] } },
{ "type": "Feature", "properties": { "fid": 813, "OBJECTID": 7465, "KEY_CODE": "503324781", "Pref_CODE": 39, "Pref_Name": "高知県", "Shape_Length": 0.020833334000030845, "Shape_Area": 2.6041668750049021e-05 }, "geometry": { "type": "Polygon", "coordinates": [ [ [ 133.6, 33.558333333000064 ], [ 133.6, 33.5625 ], [ 133.60625, 33.5625 ], [ 133.60625, 33.558333333000064 ], [ 133.6, 33.558333333000064 ] ] ] } },
{ "type": "Feature", "properties": { "fid": 814, "OBJECTID": 7466, "KEY_CODE": "503324782", "Pref_CODE": 39, "Pref_Name": "高知県", "Shape_Length": 0.020833334000030845, "Shape_Area": 2.6041668750049021e-05 }, "geometry": { "type": "Polygon", "coordinates": [ [ [ 133.60625, 33.558333333000064 ], [ 133.60625, 33.5625 ], [ 133.6125, 33.5625 ], [ 133.6125, 33.558333333000064 ], [ 133.60625, 33.558333333000064 ] ] ] } },
{ "type": "Feature", "properties": { "fid": 815, "OBJECTID": 7467, "KEY_CODE": "503324783", "Pref_CODE": 39, "Pref_Name": "高知県", "Shape_Length": 0.020833334000030845, "Shape_Area": 2.6041668750049021e-05 }, "geometry": { "type": "Polygon", "coordinates": [ [ [ 133.6, 33.5625 ], [ 133.6, 33.56666666700005 ], [ 133.60625, 33.56666666700005 ], [ 133.60625, 33.5625 ], [ 133.6, 33.5625 ] ] ] } },
{ "type": "Feature", "properties": { "fid": 816, "OBJECTID": 7468, "KEY_CODE": "503324784", "Pref_CODE": 39, "Pref_Name": "高知県", "Shape_Length": 0.020833334000030845, "Shape_Area": 2.6041668750049021e-05 }, "geometry": { "type": "Polygon", "coordinates": [ [ [ 133.60625, 33.5625 ], [ 133.60625, 33.56666666700005 ], [ 133.6125, 33.56666666700005 ], [ 133.6125, 33.5625 ], [ 133.60625, 33.5625 ] ] ] } },
{ "type": "Feature", "properties": { "fid": 817, "OBJECTID": 7469, "KEY_CODE": "503324791", "Pref_CODE": 39, "Pref_Name": "高知県", "Shape_Length": 0.020833334000030845, "Shape_Area": 2.6041668750049021e-05 }, "geometry": { "type": "Polygon", "coordinates": [ [ [ 133.6125, 33.558333333000064 ], [ 133.6125, 33.5625 ], [ 133.61875, 33.5625 ], [ 133.61875, 33.558333333000064 ], [ 133.6125, 33.558333333000064 ] ] ] } },
{ "type": "Feature", "properties": { "fid": 818, "OBJECTID": 7470, "KEY_CODE": "503324792", "Pref_CODE": 39, "Pref_Name": "高知県", "Shape_Length": 0.020833334000030845, "Shape_Area": 2.6041668750049021e-05 }, "geometry": { "type": "Polygon", "coordinates": [ [ [ 133.61875, 33.558333333000064 ], [ 133.61875, 33.5625 ], [ 133.625000000000114, 33.5625 ], [ 133.625000000000114, 33.558333333000064 ], [ 133.61875, 33.558333333000064 ] ] ] } },
{ "type": "Feature", "properties": { "fid": 819, "OBJECTID": 7471, "KEY_CODE": "503324793", "Pref_CODE": 39, "Pref_Name": "高知県", "Shape_Length": 0.020833334000030845, "Shape_Area": 2.6041668750049021e-05 }, "geometry": { "type": "Polygon", "coordinates": [ [ [ 133.6125, 33.5625 ], [ 133.6125, 33.56666666700005 ], [ 133.61875, 33.56666666700005 ], [ 133.61875, 33.5625 ], [ 133.6125, 33.5625 ] ] ] } },
{ "type": "Feature", "properties": { "fid": 820, "OBJECTID": 7472, "KEY_CODE": "503324794", "Pref_CODE": 39, "Pref_Name": "高知県", "Shape_Length": 0.020833334000030845, "Shape_Area": 2.6041668750049021e-05 }, "geometry": { "type": "Polygon", "coordinates": [ [ [ 133.61875, 33.5625 ], [ 133.61875, 33.56666666700005 ], [ 133.625000000000114, 33.56666666700005 ], [ 133.625000000000114, 33.5625 ], [ 133.61875, 33.5625 ] ] ] } },
{ "type": "Feature", "properties": { "fid": 821, "OBJECTID": 7473, "KEY_CODE": "503324801", "Pref_CODE": 39, "Pref_Name": "高知県", "Shape_Length": 0.020833331999824622, "Shape_Area": 2.6041662499641423e-05 }, "geometry": { "type": "Polygon", "coordinates": [ [ [ 133.500000000000114, 33.56666666700005 ], [ 133.500000000000114, 33.570833333000053 ], [ 133.50625, 33.570833333000053 ], [ 133.50625, 33.56666666700005 ], [ 133.500000000000114, 33.56666666700005 ] ] ] } },
{ "type": "Feature", "properties": { "fid": 822, "OBJECTID": 7474, "KEY_CODE": "503324802", "Pref_CODE": 39, "Pref_Name": "高知県", "Shape_Length": 0.020833332000051996, "Shape_Area": 2.6041662500115118e-05 }, "geometry": { "type": "Polygon", "coordinates": [ [ [ 133.50625, 33.56666666700005 ], [ 133.50625, 33.570833333000053 ], [ 133.5125, 33.570833333000053 ], [ 133.5125, 33.56666666700005 ], [ 133.50625, 33.56666666700005 ] ] ] } },
{ "type": "Feature", "properties": { "fid": 823, "OBJECTID": 7475, "KEY_CODE": "503324803", "Pref_CODE": 39, "Pref_Name": "高知県", "Shape_Length": 0.020833333999803472, "Shape_Area": 2.6041668749575326e-05 }, "geometry": { "type": "Polygon", "coordinates": [ [ [ 133.500000000000114, 33.570833333000053 ], [ 133.500000000000114, 33.575 ], [ 133.50625, 33.575 ], [ 133.50625, 33.570833333000053 ], [ 133.500000000000114, 33.570833333000053 ] ] ] } },
{ "type": "Feature", "properties": { "fid": 824, "OBJECTID": 7476, "KEY_CODE": "503324804", "Pref_CODE": 39, "Pref_Name": "高知県", "Shape_Length": 0.020833334000030845, "Shape_Area": 2.6041668750049021e-05 }, "geometry": { "type": "Polygon", "coordinates": [ [ [ 133.50625, 33.570833333000053 ], [ 133.50625, 33.575 ], [ 133.5125, 33.575 ], [ 133.5125, 33.570833333000053 ], [ 133.50625, 33.570833333000053 ] ] ] } },
{ "type": "Feature", "properties": { "fid": 825, "OBJECTID": 7477, "KEY_CODE": "503324811", "Pref_CODE": 39, "Pref_Name": "高知県", "Shape_Length": 0.020833332000051996, "Shape_Area": 2.6041662500115118e-05 }, "geometry": { "type": "Polygon", "coordinates": [ [ [ 133.5125, 33.56666666700005 ], [ 133.5125, 33.570833333000053 ], [ 133.51875, 33.570833333000053 ], [ 133.51875, 33.56666666700005 ], [ 133.5125, 33.56666666700005 ] ] ] } },
{ "type": "Feature", "properties": { "fid": 826, "OBJECTID": 7478, "KEY_CODE": "503324812", "Pref_CODE": 39, "Pref_Name": "高知県", "Shape_Length": 0.020833332000051996, "Shape_Area": 2.6041662500115118e-05 }, "geometry": { "type": "Polygon", "coordinates": [ [ [ 133.51875, 33.56666666700005 ], [ 133.51875, 33.570833333000053 ], [ 133.525, 33.570833333000053 ], [ 133.525, 33.56666666700005 ], [ 133.51875, 33.56666666700005 ] ] ] } },
{ "type": "Feature", "properties": { "fid": 827, "OBJECTID": 7479, "KEY_CODE": "503324813", "Pref_CODE": 39, "Pref_Name": "高知県", "Shape_Length": 0.020833334000030845, "Shape_Area": 2.6041668750049021e-05 }, "geometry": { "type": "Polygon", "coordinates": [ [ [ 133.5125, 33.570833333000053 ], [ 133.5125, 33.575 ], [ 133.51875, 33.575 ], [ 133.51875, 33.570833333000053 ], [ 133.5125, 33.570833333000053 ] ] ] } },
{ "type": "Feature", "properties": { "fid": 828, "OBJECTID": 7480, "KEY_CODE": "503324814", "Pref_CODE": 39, "Pref_Name": "高知県", "Shape_Length": 0.020833334000030845, "Shape_Area": 2.6041668750049021e-05 }, "geometry": { "type": "Polygon", "coordinates": [ [ [ 133.51875, 33.570833333000053 ], [ 133.51875, 33.575 ], [ 133.525, 33.575 ], [ 133.525, 33.570833333000053 ], [ 133.51875, 33.570833333000053 ] ] ] } },
{ "type": "Feature", "properties": { "fid": 829, "OBJECTID": 7481, "KEY_CODE": "503324821", "Pref_CODE": 39, "Pref_Name": "高知県", "Shape_Length": 0.020833332000051996, "Shape_Area": 2.6041662500115118e-05 }, "geometry": { "type": "Polygon", "coordinates": [ [ [ 133.525, 33.56666666700005 ], [ 133.525, 33.570833333000053 ], [ 133.531250000000114, 33.570833333000053 ], [ 133.531250000000114, 33.56666666700005 ], [ 133.525, 33.56666666700005 ] ] ] } },
{ "type": "Feature", "properties": { "fid": 830, "OBJECTID": 7482, "KEY_CODE": "503324822", "Pref_CODE": 39, "Pref_Name": "高知県", "Shape_Length": 0.020833331999824622, "Shape_Area": 2.6041662499641423e-05 }, "geometry": { "type": "Polygon", "coordinates": [ [ [ 133.531250000000114, 33.56666666700005 ], [ 133.531250000000114, 33.570833333000053 ], [ 133.5375, 33.570833333000053 ], [ 133.5375, 33.56666666700005 ], [ 133.531250000000114, 33.56666666700005 ] ] ] } },
{ "type": "Feature", "properties": { "fid": 831, "OBJECTID": 7483, "KEY_CODE": "503324823", "Pref_CODE": 39, "Pref_Name": "高知県", "Shape_Length": 0.020833334000030845, "Shape_Area": 2.6041668750049021e-05 }, "geometry": { "type": "Polygon", "coordinates": [ [ [ 133.525, 33.570833333000053 ], [ 133.525, 33.575 ], [ 133.531250000000114, 33.575 ], [ 133.531250000000114, 33.570833333000053 ], [ 133.525, 33.570833333000053 ] ] ] } },
{ "type": "Feature", "properties": { "fid": 832, "OBJECTID": 7484, "KEY_CODE": "503324824", "Pref_CODE": 39, "Pref_Name": "高知県", "Shape_Length": 0.020833333999803472, "Shape_Area": 2.6041668749575326e-05 }, "geometry": { "type": "Polygon", "coordinates": [ [ [ 133.531250000000114, 33.570833333000053 ], [ 133.531250000000114, 33.575 ], [ 133.5375, 33.575 ], [ 133.5375, 33.570833333000053 ], [ 133.531250000000114, 33.570833333000053 ] ] ] } },
{ "type": "Feature", "properties": { "fid": 833, "OBJECTID": 7485, "KEY_CODE": "503324831", "Pref_CODE": 39, "Pref_Name": "高知県", "Shape_Length": 0.020833332000051996, "Shape_Area": 2.6041662500115118e-05 }, "geometry": { "type": "Polygon", "coordinates": [ [ [ 133.5375, 33.56666666700005 ], [ 133.5375, 33.570833333000053 ], [ 133.54375, 33.570833333000053 ], [ 133.54375, 33.56666666700005 ], [ 133.5375, 33.56666666700005 ] ] ] } },
{ "type": "Feature", "properties": { "fid": 834, "OBJECTID": 7486, "KEY_CODE": "503324832", "Pref_CODE": 39, "Pref_Name": "高知県", "Shape_Length": 0.020833332000051996, "Shape_Area": 2.6041662500115118e-05 }, "geometry": { "type": "Polygon", "coordinates": [ [ [ 133.54375, 33.56666666700005 ], [ 133.54375, 33.570833333000053 ], [ 133.55, 33.570833333000053 ], [ 133.55, 33.56666666700005 ], [ 133.54375, 33.56666666700005 ] ] ] } },
{ "type": "Feature", "properties": { "fid": 835, "OBJECTID": 7487, "KEY_CODE": "503324833", "Pref_CODE": 39, "Pref_Name": "高知県", "Shape_Length": 0.020833334000030845, "Shape_Area": 2.6041668750049021e-05 }, "geometry": { "type": "Polygon", "coordinates": [ [ [ 133.5375, 33.570833333000053 ], [ 133.5375, 33.575 ], [ 133.54375, 33.575 ], [ 133.54375, 33.570833333000053 ], [ 133.5375, 33.570833333000053 ] ] ] } },
{ "type": "Feature", "properties": { "fid": 836, "OBJECTID": 7488, "KEY_CODE": "503324834", "Pref_CODE": 39, "Pref_Name": "高知県", "Shape_Length": 0.020833334000030845, "Shape_Area": 2.6041668750049021e-05 }, "geometry": { "type": "Polygon", "coordinates": [ [ [ 133.54375, 33.570833333000053 ], [ 133.54375, 33.575 ], [ 133.55, 33.575 ], [ 133.55, 33.570833333000053 ], [ 133.54375, 33.570833333000053 ] ] ] } },
{ "type": "Feature", "properties": { "fid": 837, "OBJECTID": 7489, "KEY_CODE": "503324841", "Pref_CODE": 39, "Pref_Name": "高知県", "Shape_Length": 0.020833332000051996, "Shape_Area": 2.6041662500115118e-05 }, "geometry": { "type": "Polygon", "coordinates": [ [ [ 133.55, 33.56666666700005 ], [ 133.55, 33.570833333000053 ], [ 133.55625, 33.570833333000053 ], [ 133.55625, 33.56666666700005 ], [ 133.55, 33.56666666700005 ] ] ] } },
{ "type": "Feature", "properties": { "fid": 838, "OBJECTID": 7490, "KEY_CODE": "503324842", "Pref_CODE": 39, "Pref_Name": "高知県", "Shape_Length": 0.020833332000051996, "Shape_Area": 2.6041662500115118e-05 }, "geometry": { "type": "Polygon", "coordinates": [ [ [ 133.55625, 33.56666666700005 ], [ 133.55625, 33.570833333000053 ], [ 133.562500000000114, 33.570833333000053 ], [ 133.562500000000114, 33.56666666700005 ], [ 133.55625, 33.56666666700005 ] ] ] } },
{ "type": "Feature", "properties": { "fid": 839, "OBJECTID": 7491, "KEY_CODE": "503324843", "Pref_CODE": 39, "Pref_Name": "高知県", "Shape_Length": 0.020833334000030845, "Shape_Area": 2.6041668750049021e-05 }, "geometry": { "type": "Polygon", "coordinates": [ [ [ 133.55, 33.570833333000053 ], [ 133.55, 33.575 ], [ 133.55625, 33.575 ], [ 133.55625, 33.570833333000053 ], [ 133.55, 33.570833333000053 ] ] ] } },
{ "type": "Feature", "properties": { "fid": 840, "OBJECTID": 7492, "KEY_CODE": "503324844", "Pref_CODE": 39, "Pref_Name": "高知県", "Shape_Length": 0.020833334000030845, "Shape_Area": 2.6041668750049021e-05 }, "geometry": { "type": "Polygon", "coordinates": [ [ [ 133.55625, 33.570833333000053 ], [ 133.55625, 33.575 ], [ 133.562500000000114, 33.575 ], [ 133.562500000000114, 33.570833333000053 ], [ 133.55625, 33.570833333000053 ] ] ] } },
{ "type": "Feature", "properties": { "fid": 841, "OBJECTID": 7493, "KEY_CODE": "503324851", "Pref_CODE": 39, "Pref_Name": "高知県", "Shape_Length": 0.020833331999824622, "Shape_Area": 2.6041662499641423e-05 }, "geometry": { "type": "Polygon", "coordinates": [ [ [ 133.562500000000114, 33.56666666700005 ], [ 133.562500000000114, 33.570833333000053 ], [ 133.56875, 33.570833333000053 ], [ 133.56875, 33.56666666700005 ], [ 133.562500000000114, 33.56666666700005 ] ] ] } },
{ "type": "Feature", "properties": { "fid": 842, "OBJECTID": 7494, "KEY_CODE": "503324852", "Pref_CODE": 39, "Pref_Name": "高知県", "Shape_Length": 0.020833332000051996, "Shape_Area": 2.6041662500115118e-05 }, "geometry": { "type": "Polygon", "coordinates": [ [ [ 133.56875, 33.56666666700005 ], [ 133.56875, 33.570833333000053 ], [ 133.575, 33.570833333000053 ], [ 133.575, 33.56666666700005 ], [ 133.56875, 33.56666666700005 ] ] ] } },
{ "type": "Feature", "properties": { "fid": 843, "OBJECTID": 7495, "KEY_CODE": "503324853", "Pref_CODE": 39, "Pref_Name": "高知県", "Shape_Length": 0.020833333999803472, "Shape_Area": 2.6041668749575326e-05 }, "geometry": { "type": "Polygon", "coordinates": [ [ [ 133.562500000000114, 33.570833333000053 ], [ 133.562500000000114, 33.575 ], [ 133.56875, 33.575 ], [ 133.56875, 33.570833333000053 ], [ 133.562500000000114, 33.570833333000053 ] ] ] } },
{ "type": "Feature", "properties": { "fid": 844, "OBJECTID": 7496, "KEY_CODE": "503324854", "Pref_CODE": 39, "Pref_Name": "高知県", "Shape_Length": 0.020833334000030845, "Shape_Area": 2.6041668750049021e-05 }, "geometry": { "type": "Polygon", "coordinates": [ [ [ 133.56875, 33.570833333000053 ], [ 133.56875, 33.575 ], [ 133.575, 33.575 ], [ 133.575, 33.570833333000053 ], [ 133.56875, 33.570833333000053 ] ] ] } },
{ "type": "Feature", "properties": { "fid": 845, "OBJECTID": 7497, "KEY_CODE": "503324861", "Pref_CODE": 39, "Pref_Name": "高知県", "Shape_Length": 0.020833332000051996, "Shape_Area": 2.6041662500115118e-05 }, "geometry": { "type": "Polygon", "coordinates": [ [ [ 133.575, 33.56666666700005 ], [ 133.575, 33.570833333000053 ], [ 133.58125, 33.570833333000053 ], [ 133.58125, 33.56666666700005 ], [ 133.575, 33.56666666700005 ] ] ] } },
{ "type": "Feature", "properties": { "fid": 846, "OBJECTID": 7498, "KEY_CODE": "503324862", "Pref_CODE": 39, "Pref_Name": "高知県", "Shape_Length": 0.020833332000051996, "Shape_Area": 2.6041662500115118e-05 }, "geometry": { "type": "Polygon", "coordinates": [ [ [ 133.58125, 33.56666666700005 ], [ 133.58125, 33.570833333000053 ], [ 133.5875, 33.570833333000053 ], [ 133.5875, 33.56666666700005 ], [ 133.58125, 33.56666666700005 ] ] ] } },
{ "type": "Feature", "properties": { "fid": 847, "OBJECTID": 7499, "KEY_CODE": "503324863", "Pref_CODE": 39, "Pref_Name": "高知県", "Shape_Length": 0.020833334000030845, "Shape_Area": 2.6041668750049021e-05 }, "geometry": { "type": "Polygon", "coordinates": [ [ [ 133.575, 33.570833333000053 ], [ 133.575, 33.575 ], [ 133.58125, 33.575 ], [ 133.58125, 33.570833333000053 ], [ 133.575, 33.570833333000053 ] ] ] } },
{ "type": "Feature", "properties": { "fid": 848, "OBJECTID": 7500, "KEY_CODE": "503324864", "Pref_CODE": 39, "Pref_Name": "高知県", "Shape_Length": 0.020833334000030845, "Shape_Area": 2.6041668750049021e-05 }, "geometry": { "type": "Polygon", "coordinates": [ [ [ 133.58125, 33.570833333000053 ], [ 133.58125, 33.575 ], [ 133.5875, 33.575 ], [ 133.5875, 33.570833333000053 ], [ 133.58125, 33.570833333000053 ] ] ] } },
{ "type": "Feature", "properties": { "fid": 849, "OBJECTID": 7501, "KEY_CODE": "503324871", "Pref_CODE": 39, "Pref_Name": "高知県", "Shape_Length": 0.020833332000051996, "Shape_Area": 2.6041662500115118e-05 }, "geometry": { "type": "Polygon", "coordinates": [ [ [ 133.5875, 33.56666666700005 ], [ 133.5875, 33.570833333000053 ], [ 133.593750000000114, 33.570833333000053 ], [ 133.593750000000114, 33.56666666700005 ], [ 133.5875, 33.56666666700005 ] ] ] } },
{ "type": "Feature", "properties": { "fid": 850, "OBJECTID": 7502, "KEY_CODE": "503324872", "Pref_CODE": 39, "Pref_Name": "高知県", "Shape_Length": 0.020833331999824622, "Shape_Area": 2.6041662499641423e-05 }, "geometry": { "type": "Polygon", "coordinates": [ [ [ 133.593750000000114, 33.56666666700005 ], [ 133.593750000000114, 33.570833333000053 ], [ 133.6, 33.570833333000053 ], [ 133.6, 33.56666666700005 ], [ 133.593750000000114, 33.56666666700005 ] ] ] } },
{ "type": "Feature", "properties": { "fid": 851, "OBJECTID": 7503, "KEY_CODE": "503324873", "Pref_CODE": 39, "Pref_Name": "高知県", "Shape_Length": 0.020833334000030845, "Shape_Area": 2.6041668750049021e-05 }, "geometry": { "type": "Polygon", "coordinates": [ [ [ 133.5875, 33.570833333000053 ], [ 133.5875, 33.575 ], [ 133.593750000000114, 33.575 ], [ 133.593750000000114, 33.570833333000053 ], [ 133.5875, 33.570833333000053 ] ] ] } },
{ "type": "Feature", "properties": { "fid": 852, "OBJECTID": 7504, "KEY_CODE": "503324874", "Pref_CODE": 39, "Pref_Name": "高知県", "Shape_Length": 0.020833333999803472, "Shape_Area": 2.6041668749575326e-05 }, "geometry": { "type": "Polygon", "coordinates": [ [ [ 133.593750000000114, 33.570833333000053 ], [ 133.593750000000114, 33.575 ], [ 133.6, 33.575 ], [ 133.6, 33.570833333000053 ], [ 133.593750000000114, 33.570833333000053 ] ] ] } },
{ "type": "Feature", "properties": { "fid": 853, "OBJECTID": 7505, "KEY_CODE": "503324881", "Pref_CODE": 39, "Pref_Name": "高知県", "Shape_Length": 0.020833332000051996, "Shape_Area": 2.6041662500115118e-05 }, "geometry": { "type": "Polygon", "coordinates": [ [ [ 133.6, 33.56666666700005 ], [ 133.6, 33.570833333000053 ], [ 133.60625, 33.570833333000053 ], [ 133.60625, 33.56666666700005 ], [ 133.6, 33.56666666700005 ] ] ] } },
{ "type": "Feature", "properties": { "fid": 854, "OBJECTID": 7506, "KEY_CODE": "503324882", "Pref_CODE": 39, "Pref_Name": "高知県", "Shape_Length": 0.020833332000051996, "Shape_Area": 2.6041662500115118e-05 }, "geometry": { "type": "Polygon", "coordinates": [ [ [ 133.60625, 33.56666666700005 ], [ 133.60625, 33.570833333000053 ], [ 133.6125, 33.570833333000053 ], [ 133.6125, 33.56666666700005 ], [ 133.60625, 33.56666666700005 ] ] ] } },
{ "type": "Feature", "properties": { "fid": 855, "OBJECTID": 7507, "KEY_CODE": "503324883", "Pref_CODE": 39, "Pref_Name": "高知県", "Shape_Length": 0.020833334000030845, "Shape_Area": 2.6041668750049021e-05 }, "geometry": { "type": "Polygon", "coordinates": [ [ [ 133.6, 33.570833333000053 ], [ 133.6, 33.575 ], [ 133.60625, 33.575 ], [ 133.60625, 33.570833333000053 ], [ 133.6, 33.570833333000053 ] ] ] } },
{ "type": "Feature", "properties": { "fid": 856, "OBJECTID": 7508, "KEY_CODE": "503324884", "Pref_CODE": 39, "Pref_Name": "高知県", "Shape_Length": 0.020833334000030845, "Shape_Area": 2.6041668750049021e-05 }, "geometry": { "type": "Polygon", "coordinates": [ [ [ 133.60625, 33.570833333000053 ], [ 133.60625, 33.575 ], [ 133.6125, 33.575 ], [ 133.6125, 33.570833333000053 ], [ 133.60625, 33.570833333000053 ] ] ] } },
{ "type": "Feature", "properties": { "fid": 857, "OBJECTID": 7509, "KEY_CODE": "503324891", "Pref_CODE": 39, "Pref_Name": "高知県", "Shape_Length": 0.020833332000051996, "Shape_Area": 2.6041662500115118e-05 }, "geometry": { "type": "Polygon", "coordinates": [ [ [ 133.6125, 33.56666666700005 ], [ 133.6125, 33.570833333000053 ], [ 133.61875, 33.570833333000053 ], [ 133.61875, 33.56666666700005 ], [ 133.6125, 33.56666666700005 ] ] ] } },
{ "type": "Feature", "properties": { "fid": 858, "OBJECTID": 7510, "KEY_CODE": "503324892", "Pref_CODE": 39, "Pref_Name": "高知県", "Shape_Length": 0.020833332000051996, "Shape_Area": 2.6041662500115118e-05 }, "geometry": { "type": "Polygon", "coordinates": [ [ [ 133.61875, 33.56666666700005 ], [ 133.61875, 33.570833333000053 ], [ 133.625000000000114, 33.570833333000053 ], [ 133.625000000000114, 33.56666666700005 ], [ 133.61875, 33.56666666700005 ] ] ] } },
{ "type": "Feature", "properties": { "fid": 859, "OBJECTID": 7511, "KEY_CODE": "503324893", "Pref_CODE": 39, "Pref_Name": "高知県", "Shape_Length": 0.020833334000030845, "Shape_Area": 2.6041668750049021e-05 }, "geometry": { "type": "Polygon", "coordinates": [ [ [ 133.6125, 33.570833333000053 ], [ 133.6125, 33.575 ], [ 133.61875, 33.575 ], [ 133.61875, 33.570833333000053 ], [ 133.6125, 33.570833333000053 ] ] ] } },
{ "type": "Feature", "properties": { "fid": 860, "OBJECTID": 7512, "KEY_CODE": "503324894", "Pref_CODE": 39, "Pref_Name": "高知県", "Shape_Length": 0.020833334000030845, "Shape_Area": 2.6041668750049021e-05 }, "geometry": { "type": "Polygon", "coordinates": [ [ [ 133.61875, 33.570833333000053 ], [ 133.61875, 33.575 ], [ 133.625000000000114, 33.575 ], [ 133.625000000000114, 33.570833333000053 ], [ 133.61875, 33.570833333000053 ] ] ] } },
{ "type": "Feature", "properties": { "fid": 861, "OBJECTID": 7513, "KEY_CODE": "503324901", "Pref_CODE": 39, "Pref_Name": "高知県", "Shape_Length": 0.020833333999803472, "Shape_Area": 2.6041668749575326e-05 }, "geometry": { "type": "Polygon", "coordinates": [ [ [ 133.500000000000114, 33.575 ], [ 133.500000000000114, 33.579166667000038 ], [ 133.50625, 33.579166667000038 ], [ 133.50625, 33.575 ], [ 133.500000000000114, 33.575 ] ] ] } },
{ "type": "Feature", "properties": { "fid": 862, "OBJECTID": 7514, "KEY_CODE": "503324902", "Pref_CODE": 39, "Pref_Name": "高知県", "Shape_Length": 0.020833334000030845, "Shape_Area": 2.6041668750049021e-05 }, "geometry": { "type": "Polygon", "coordinates": [ [ [ 133.50625, 33.575 ], [ 133.50625, 33.579166667000038 ], [ 133.5125, 33.579166667000038 ], [ 133.5125, 33.575 ], [ 133.50625, 33.575 ] ] ] } },
{ "type": "Feature", "properties": { "fid": 863, "OBJECTID": 7515, "KEY_CODE": "503324903", "Pref_CODE": 39, "Pref_Name": "高知県", "Shape_Length": 0.020833331999824622, "Shape_Area": 2.6041662499641423e-05 }, "geometry": { "type": "Polygon", "coordinates": [ [ [ 133.500000000000114, 33.579166667000038 ], [ 133.500000000000114, 33.583333333000041 ], [ 133.50625, 33.583333333000041 ], [ 133.50625, 33.579166667000038 ], [ 133.500000000000114, 33.579166667000038 ] ] ] } },
{ "type": "Feature", "properties": { "fid": 864, "OBJECTID": 7516, "KEY_CODE": "503324904", "Pref_CODE": 39, "Pref_Name": "高知県", "Shape_Length": 0.020833332000051996, "Shape_Area": 2.6041662500115118e-05 }, "geometry": { "type": "Polygon", "coordinates": [ [ [ 133.50625, 33.579166667000038 ], [ 133.50625, 33.583333333000041 ], [ 133.5125, 33.583333333000041 ], [ 133.5125, 33.579166667000038 ], [ 133.50625, 33.579166667000038 ] ] ] } },
{ "type": "Feature", "properties": { "fid": 865, "OBJECTID": 7517, "KEY_CODE": "503324911", "Pref_CODE": 39, "Pref_Name": "高知県", "Shape_Length": 0.020833334000030845, "Shape_Area": 2.6041668750049021e-05 }, "geometry": { "type": "Polygon", "coordinates": [ [ [ 133.5125, 33.575 ], [ 133.5125, 33.579166667000038 ], [ 133.51875, 33.579166667000038 ], [ 133.51875, 33.575 ], [ 133.5125, 33.575 ] ] ] } },
{ "type": "Feature", "properties": { "fid": 866, "OBJECTID": 7518, "KEY_CODE": "503324912", "Pref_CODE": 39, "Pref_Name": "高知県", "Shape_Length": 0.020833334000030845, "Shape_Area": 2.6041668750049021e-05 }, "geometry": { "type": "Polygon", "coordinates": [ [ [ 133.51875, 33.575 ], [ 133.51875, 33.579166667000038 ], [ 133.525, 33.579166667000038 ], [ 133.525, 33.575 ], [ 133.51875, 33.575 ] ] ] } },
{ "type": "Feature", "properties": { "fid": 867, "OBJECTID": 7519, "KEY_CODE": "503324913", "Pref_CODE": 39, "Pref_Name": "高知県", "Shape_Length": 0.020833332000051996, "Shape_Area": 2.6041662500115118e-05 }, "geometry": { "type": "Polygon", "coordinates": [ [ [ 133.5125, 33.579166667000038 ], [ 133.5125, 33.583333333000041 ], [ 133.51875, 33.583333333000041 ], [ 133.51875, 33.579166667000038 ], [ 133.5125, 33.579166667000038 ] ] ] } },
{ "type": "Feature", "properties": { "fid": 868, "OBJECTID": 7520, "KEY_CODE": "503324914", "Pref_CODE": 39, "Pref_Name": "高知県", "Shape_Length": 0.020833332000051996, "Shape_Area": 2.6041662500115118e-05 }, "geometry": { "type": "Polygon", "coordinates": [ [ [ 133.51875, 33.579166667000038 ], [ 133.51875, 33.583333333000041 ], [ 133.525, 33.583333333000041 ], [ 133.525, 33.579166667000038 ], [ 133.51875, 33.579166667000038 ] ] ] } },
{ "type": "Feature", "properties": { "fid": 869, "OBJECTID": 7521, "KEY_CODE": "503324921", "Pref_CODE": 39, "Pref_Name": "高知県", "Shape_Length": 0.020833334000030845, "Shape_Area": 2.6041668750049021e-05 }, "geometry": { "type": "Polygon", "coordinates": [ [ [ 133.525, 33.575 ], [ 133.525, 33.579166667000038 ], [ 133.531250000000114, 33.579166667000038 ], [ 133.531250000000114, 33.575 ], [ 133.525, 33.575 ] ] ] } },
{ "type": "Feature", "properties": { "fid": 870, "OBJECTID": 7522, "KEY_CODE": "503324922", "Pref_CODE": 39, "Pref_Name": "高知県", "Shape_Length": 0.020833333999803472, "Shape_Area": 2.6041668749575326e-05 }, "geometry": { "type": "Polygon", "coordinates": [ [ [ 133.531250000000114, 33.575 ], [ 133.531250000000114, 33.579166667000038 ], [ 133.5375, 33.579166667000038 ], [ 133.5375, 33.575 ], [ 133.531250000000114, 33.575 ] ] ] } },
{ "type": "Feature", "properties": { "fid": 871, "OBJECTID": 7523, "KEY_CODE": "503324923", "Pref_CODE": 39, "Pref_Name": "高知県", "Shape_Length": 0.020833332000051996, "Shape_Area": 2.6041662500115118e-05 }, "geometry": { "type": "Polygon", "coordinates": [ [ [ 133.525, 33.579166667000038 ], [ 133.525, 33.583333333000041 ], [ 133.531250000000114, 33.583333333000041 ], [ 133.531250000000114, 33.579166667000038 ], [ 133.525, 33.579166667000038 ] ] ] } },
{ "type": "Feature", "properties": { "fid": 872, "OBJECTID": 7524, "KEY_CODE": "503324924", "Pref_CODE": 39, "Pref_Name": "高知県", "Shape_Length": 0.020833331999824622, "Shape_Area": 2.6041662499641423e-05 }, "geometry": { "type": "Polygon", "coordinates": [ [ [ 133.531250000000114, 33.579166667000038 ], [ 133.531250000000114, 33.583333333000041 ], [ 133.5375, 33.583333333000041 ], [ 133.5375, 33.579166667000038 ], [ 133.531250000000114, 33.579166667000038 ] ] ] } },
{ "type": "Feature", "properties": { "fid": 873, "OBJECTID": 7525, "KEY_CODE": "503324931", "Pref_CODE": 39, "Pref_Name": "高知県", "Shape_Length": 0.020833334000030845, "Shape_Area": 2.6041668750049021e-05 }, "geometry": { "type": "Polygon", "coordinates": [ [ [ 133.5375, 33.575 ], [ 133.5375, 33.579166667000038 ], [ 133.54375, 33.579166667000038 ], [ 133.54375, 33.575 ], [ 133.5375, 33.575 ] ] ] } },
{ "type": "Feature", "properties": { "fid": 874, "OBJECTID": 7526, "KEY_CODE": "503324932", "Pref_CODE": 39, "Pref_Name": "高知県", "Shape_Length": 0.020833334000030845, "Shape_Area": 2.6041668750049021e-05 }, "geometry": { "type": "Polygon", "coordinates": [ [ [ 133.54375, 33.575 ], [ 133.54375, 33.579166667000038 ], [ 133.55, 33.579166667000038 ], [ 133.55, 33.575 ], [ 133.54375, 33.575 ] ] ] } },
{ "type": "Feature", "properties": { "fid": 875, "OBJECTID": 7527, "KEY_CODE": "503324933", "Pref_CODE": 39, "Pref_Name": "高知県", "Shape_Length": 0.020833332000051996, "Shape_Area": 2.6041662500115118e-05 }, "geometry": { "type": "Polygon", "coordinates": [ [ [ 133.5375, 33.579166667000038 ], [ 133.5375, 33.583333333000041 ], [ 133.54375, 33.583333333000041 ], [ 133.54375, 33.579166667000038 ], [ 133.5375, 33.579166667000038 ] ] ] } },
{ "type": "Feature", "properties": { "fid": 876, "OBJECTID": 7528, "KEY_CODE": "503324934", "Pref_CODE": 39, "Pref_Name": "高知県", "Shape_Length": 0.020833332000051996, "Shape_Area": 2.6041662500115118e-05 }, "geometry": { "type": "Polygon", "coordinates": [ [ [ 133.54375, 33.579166667000038 ], [ 133.54375, 33.583333333000041 ], [ 133.55, 33.583333333000041 ], [ 133.55, 33.579166667000038 ], [ 133.54375, 33.579166667000038 ] ] ] } },
{ "type": "Feature", "properties": { "fid": 877, "OBJECTID": 7529, "KEY_CODE": "503324941", "Pref_CODE": 39, "Pref_Name": "高知県", "Shape_Length": 0.020833334000030845, "Shape_Area": 2.6041668750049021e-05 }, "geometry": { "type": "Polygon", "coordinates": [ [ [ 133.55, 33.575 ], [ 133.55, 33.579166667000038 ], [ 133.55625, 33.579166667000038 ], [ 133.55625, 33.575 ], [ 133.55, 33.575 ] ] ] } },
{ "type": "Feature", "properties": { "fid": 878, "OBJECTID": 7530, "KEY_CODE": "503324942", "Pref_CODE": 39, "Pref_Name": "高知県", "Shape_Length": 0.020833334000030845, "Shape_Area": 2.6041668750049021e-05 }, "geometry": { "type": "Polygon", "coordinates": [ [ [ 133.55625, 33.575 ], [ 133.55625, 33.579166667000038 ], [ 133.562500000000114, 33.579166667000038 ], [ 133.562500000000114, 33.575 ], [ 133.55625, 33.575 ] ] ] } },
{ "type": "Feature", "properties": { "fid": 879, "OBJECTID": 7531, "KEY_CODE": "503324943", "Pref_CODE": 39, "Pref_Name": "高知県", "Shape_Length": 0.020833332000051996, "Shape_Area": 2.6041662500115118e-05 }, "geometry": { "type": "Polygon", "coordinates": [ [ [ 133.55, 33.579166667000038 ], [ 133.55, 33.583333333000041 ], [ 133.55625, 33.583333333000041 ], [ 133.55625, 33.579166667000038 ], [ 133.55, 33.579166667000038 ] ] ] } },
{ "type": "Feature", "properties": { "fid": 880, "OBJECTID": 7532, "KEY_CODE": "503324944", "Pref_CODE": 39, "Pref_Name": "高知県", "Shape_Length": 0.020833332000051996, "Shape_Area": 2.6041662500115118e-05 }, "geometry": { "type": "Polygon", "coordinates": [ [ [ 133.55625, 33.579166667000038 ], [ 133.55625, 33.583333333000041 ], [ 133.562500000000114, 33.583333333000041 ], [ 133.562500000000114, 33.579166667000038 ], [ 133.55625, 33.579166667000038 ] ] ] } },
{ "type": "Feature", "properties": { "fid": 881, "OBJECTID": 7533, "KEY_CODE": "503324951", "Pref_CODE": 39, "Pref_Name": "高知県", "Shape_Length": 0.020833333999803472, "Shape_Area": 2.6041668749575326e-05 }, "geometry": { "type": "Polygon", "coordinates": [ [ [ 133.562500000000114, 33.575 ], [ 133.562500000000114, 33.579166667000038 ], [ 133.56875, 33.579166667000038 ], [ 133.56875, 33.575 ], [ 133.562500000000114, 33.575 ] ] ] } },
{ "type": "Feature", "properties": { "fid": 882, "OBJECTID": 7534, "KEY_CODE": "503324952", "Pref_CODE": 39, "Pref_Name": "高知県", "Shape_Length": 0.020833334000030845, "Shape_Area": 2.6041668750049021e-05 }, "geometry": { "type": "Polygon", "coordinates": [ [ [ 133.56875, 33.575 ], [ 133.56875, 33.579166667000038 ], [ 133.575, 33.579166667000038 ], [ 133.575, 33.575 ], [ 133.56875, 33.575 ] ] ] } },
{ "type": "Feature", "properties": { "fid": 883, "OBJECTID": 7535, "KEY_CODE": "503324953", "Pref_CODE": 39, "Pref_Name": "高知県", "Shape_Length": 0.020833331999824622, "Shape_Area": 2.6041662499641423e-05 }, "geometry": { "type": "Polygon", "coordinates": [ [ [ 133.562500000000114, 33.579166667000038 ], [ 133.562500000000114, 33.583333333000041 ], [ 133.56875, 33.583333333000041 ], [ 133.56875, 33.579166667000038 ], [ 133.562500000000114, 33.579166667000038 ] ] ] } },
{ "type": "Feature", "properties": { "fid": 884, "OBJECTID": 7536, "KEY_CODE": "503324954", "Pref_CODE": 39, "Pref_Name": "高知県", "Shape_Length": 0.020833332000051996, "Shape_Area": 2.6041662500115118e-05 }, "geometry": { "type": "Polygon", "coordinates": [ [ [ 133.56875, 33.579166667000038 ], [ 133.56875, 33.583333333000041 ], [ 133.575, 33.583333333000041 ], [ 133.575, 33.579166667000038 ], [ 133.56875, 33.579166667000038 ] ] ] } },
{ "type": "Feature", "properties": { "fid": 885, "OBJECTID": 7537, "KEY_CODE": "503324961", "Pref_CODE": 39, "Pref_Name": "高知県", "Shape_Length": 0.020833334000030845, "Shape_Area": 2.6041668750049021e-05 }, "geometry": { "type": "Polygon", "coordinates": [ [ [ 133.575, 33.575 ], [ 133.575, 33.579166667000038 ], [ 133.58125, 33.579166667000038 ], [ 133.58125, 33.575 ], [ 133.575, 33.575 ] ] ] } },
{ "type": "Feature", "properties": { "fid": 886, "OBJECTID": 7538, "KEY_CODE": "503324962", "Pref_CODE": 39, "Pref_Name": "高知県", "Shape_Length": 0.020833334000030845, "Shape_Area": 2.6041668750049021e-05 }, "geometry": { "type": "Polygon", "coordinates": [ [ [ 133.58125, 33.575 ], [ 133.58125, 33.579166667000038 ], [ 133.5875, 33.579166667000038 ], [ 133.5875, 33.575 ], [ 133.58125, 33.575 ] ] ] } },
{ "type": "Feature", "properties": { "fid": 887, "OBJECTID": 7539, "KEY_CODE": "503324963", "Pref_CODE": 39, "Pref_Name": "高知県", "Shape_Length": 0.020833332000051996, "Shape_Area": 2.6041662500115118e-05 }, "geometry": { "type": "Polygon", "coordinates": [ [ [ 133.575, 33.579166667000038 ], [ 133.575, 33.583333333000041 ], [ 133.58125, 33.583333333000041 ], [ 133.58125, 33.579166667000038 ], [ 133.575, 33.579166667000038 ] ] ] } },
{ "type": "Feature", "properties": { "fid": 888, "OBJECTID": 7540, "KEY_CODE": "503324964", "Pref_CODE": 39, "Pref_Name": "高知県", "Shape_Length": 0.020833332000051996, "Shape_Area": 2.6041662500115118e-05 }, "geometry": { "type": "Polygon", "coordinates": [ [ [ 133.58125, 33.579166667000038 ], [ 133.58125, 33.583333333000041 ], [ 133.5875, 33.583333333000041 ], [ 133.5875, 33.579166667000038 ], [ 133.58125, 33.579166667000038 ] ] ] } },
{ "type": "Feature", "properties": { "fid": 889, "OBJECTID": 7541, "KEY_CODE": "503324971", "Pref_CODE": 39, "Pref_Name": "高知県", "Shape_Length": 0.020833334000030845, "Shape_Area": 2.6041668750049021e-05 }, "geometry": { "type": "Polygon", "coordinates": [ [ [ 133.5875, 33.575 ], [ 133.5875, 33.579166667000038 ], [ 133.593750000000114, 33.579166667000038 ], [ 133.593750000000114, 33.575 ], [ 133.5875, 33.575 ] ] ] } },
{ "type": "Feature", "properties": { "fid": 890, "OBJECTID": 7542, "KEY_CODE": "503324972", "Pref_CODE": 39, "Pref_Name": "高知県", "Shape_Length": 0.020833333999803472, "Shape_Area": 2.6041668749575326e-05 }, "geometry": { "type": "Polygon", "coordinates": [ [ [ 133.593750000000114, 33.575 ], [ 133.593750000000114, 33.579166667000038 ], [ 133.6, 33.579166667000038 ], [ 133.6, 33.575 ], [ 133.593750000000114, 33.575 ] ] ] } },
{ "type": "Feature", "properties": { "fid": 891, "OBJECTID": 7543, "KEY_CODE": "503324973", "Pref_CODE": 39, "Pref_Name": "高知県", "Shape_Length": 0.020833332000051996, "Shape_Area": 2.6041662500115118e-05 }, "geometry": { "type": "Polygon", "coordinates": [ [ [ 133.5875, 33.579166667000038 ], [ 133.5875, 33.583333333000041 ], [ 133.593750000000114, 33.583333333000041 ], [ 133.593750000000114, 33.579166667000038 ], [ 133.5875, 33.579166667000038 ] ] ] } },
{ "type": "Feature", "properties": { "fid": 892, "OBJECTID": 7544, "KEY_CODE": "503324974", "Pref_CODE": 39, "Pref_Name": "高知県", "Shape_Length": 0.020833331999824622, "Shape_Area": 2.6041662499641423e-05 }, "geometry": { "type": "Polygon", "coordinates": [ [ [ 133.593750000000114, 33.579166667000038 ], [ 133.593750000000114, 33.583333333000041 ], [ 133.6, 33.583333333000041 ], [ 133.6, 33.579166667000038 ], [ 133.593750000000114, 33.579166667000038 ] ] ] } },
{ "type": "Feature", "properties": { "fid": 893, "OBJECTID": 7545, "KEY_CODE": "503324981", "Pref_CODE": 39, "Pref_Name": "高知県", "Shape_Length": 0.020833334000030845, "Shape_Area": 2.6041668750049021e-05 }, "geometry": { "type": "Polygon", "coordinates": [ [ [ 133.6, 33.575 ], [ 133.6, 33.579166667000038 ], [ 133.60625, 33.579166667000038 ], [ 133.60625, 33.575 ], [ 133.6, 33.575 ] ] ] } },
{ "type": "Feature", "properties": { "fid": 894, "OBJECTID": 7546, "KEY_CODE": "503324982", "Pref_CODE": 39, "Pref_Name": "高知県", "Shape_Length": 0.020833334000030845, "Shape_Area": 2.6041668750049021e-05 }, "geometry": { "type": "Polygon", "coordinates": [ [ [ 133.60625, 33.575 ], [ 133.60625, 33.579166667000038 ], [ 133.6125, 33.579166667000038 ], [ 133.6125, 33.575 ], [ 133.60625, 33.575 ] ] ] } },
{ "type": "Feature", "properties": { "fid": 895, "OBJECTID": 7547, "KEY_CODE": "503324983", "Pref_CODE": 39, "Pref_Name": "高知県", "Shape_Length": 0.020833332000051996, "Shape_Area": 2.6041662500115118e-05 }, "geometry": { "type": "Polygon", "coordinates": [ [ [ 133.6, 33.579166667000038 ], [ 133.6, 33.583333333000041 ], [ 133.60625, 33.583333333000041 ], [ 133.60625, 33.579166667000038 ], [ 133.6, 33.579166667000038 ] ] ] } },
{ "type": "Feature", "properties": { "fid": 896, "OBJECTID": 7548, "KEY_CODE": "503324984", "Pref_CODE": 39, "Pref_Name": "高知県", "Shape_Length": 0.020833332000051996, "Shape_Area": 2.6041662500115118e-05 }, "geometry": { "type": "Polygon", "coordinates": [ [ [ 133.60625, 33.579166667000038 ], [ 133.60625, 33.583333333000041 ], [ 133.6125, 33.583333333000041 ], [ 133.6125, 33.579166667000038 ], [ 133.60625, 33.579166667000038 ] ] ] } },
{ "type": "Feature", "properties": { "fid": 897, "OBJECTID": 7549, "KEY_CODE": "503324991", "Pref_CODE": 39, "Pref_Name": "高知県", "Shape_Length": 0.020833334000030845, "Shape_Area": 2.6041668750049021e-05 }, "geometry": { "type": "Polygon", "coordinates": [ [ [ 133.6125, 33.575 ], [ 133.6125, 33.579166667000038 ], [ 133.61875, 33.579166667000038 ], [ 133.61875, 33.575 ], [ 133.6125, 33.575 ] ] ] } },
{ "type": "Feature", "properties": { "fid": 898, "OBJECTID": 7550, "KEY_CODE": "503324992", "Pref_CODE": 39, "Pref_Name": "高知県", "Shape_Length": 0.020833334000030845, "Shape_Area": 2.6041668750049021e-05 }, "geometry": { "type": "Polygon", "coordinates": [ [ [ 133.61875, 33.575 ], [ 133.61875, 33.579166667000038 ], [ 133.625000000000114, 33.579166667000038 ], [ 133.625000000000114, 33.575 ], [ 133.61875, 33.575 ] ] ] } },
{ "type": "Feature", "properties": { "fid": 899, "OBJECTID": 7551, "KEY_CODE": "503324993", "Pref_CODE": 39, "Pref_Name": "高知県", "Shape_Length": 0.020833332000051996, "Shape_Area": 2.6041662500115118e-05 }, "geometry": { "type": "Polygon", "coordinates": [ [ [ 133.6125, 33.579166667000038 ], [ 133.6125, 33.583333333000041 ], [ 133.61875, 33.583333333000041 ], [ 133.61875, 33.579166667000038 ], [ 133.6125, 33.579166667000038 ] ] ] } },
{ "type": "Feature", "properties": { "fid": 900, "OBJECTID": 7552, "KEY_CODE": "503324994", "Pref_CODE": 39, "Pref_Name": "高知県", "Shape_Length": 0.020833332000051996, "Shape_Area": 2.6041662500115118e-05 }, "geometry": { "type": "Polygon", "coordinates": [ [ [ 133.61875, 33.579166667000038 ], [ 133.61875, 33.583333333000041 ], [ 133.625000000000114, 33.583333333000041 ], [ 133.625000000000114, 33.579166667000038 ], [ 133.61875, 33.579166667000038 ] ] ] } },
{ "type": "Feature", "properties": { "fid": 901, "OBJECTID": 7553, "KEY_CODE": "503325301", "Pref_CODE": 39, "Pref_Name": "高知県", "Shape_Length": 0.020833333999803472, "Shape_Area": 2.6041668749575326e-05 }, "geometry": { "type": "Polygon", "coordinates": [ [ [ 133.625000000000114, 33.525 ], [ 133.625000000000114, 33.529166667000027 ], [ 133.625562912, 33.529166667000027 ], [ 133.625562912, 33.525 ], [ 133.625000000000114, 33.525 ] ] ] } },
{ "type": "Feature", "properties": { "fid": 902, "OBJECTID": 7555, "KEY_CODE": "503325303", "Pref_CODE": 39, "Pref_Name": "高知県", "Shape_Length": 0.020833331999824622, "Shape_Area": 2.6041662499641423e-05 }, "geometry": { "type": "Polygon", "coordinates": [ [ [ 133.625000000000114, 33.529166667000027 ], [ 133.625000000000114, 33.53333333300003 ], [ 133.625562912, 33.53333333300003 ], [ 133.625562912, 33.529166667000027 ], [ 133.625000000000114, 33.529166667000027 ] ] ] } },
{ "type": "Feature", "properties": { "fid": 903, "OBJECTID": 7561, "KEY_CODE": "503325401", "Pref_CODE": 39, "Pref_Name": "高知県", "Shape_Length": 0.020833333999917159, "Shape_Area": 2.6041668749930599e-05 }, "geometry": { "type": "Polygon", "coordinates": [ [ [ 133.625000000000114, 33.53333333300003 ], [ 133.625000000000114, 33.5375 ], [ 133.625562912, 33.5375 ], [ 133.625562912, 33.53333333300003 ], [ 133.625000000000114, 33.53333333300003 ] ] ] } },
{ "type": "Feature", "properties": { "fid": 904, "OBJECTID": 7563, "KEY_CODE": "503325403", "Pref_CODE": 39, "Pref_Name": "高知県", "Shape_Length": 0.020833333999803472, "Shape_Area": 2.6041668749575326e-05 }, "geometry": { "type": "Polygon", "coordinates": [ [ [ 133.625000000000114, 33.5375 ], [ 133.625000000000114, 33.541666667000072 ], [ 133.625562912, 33.541666667000072 ], [ 133.625562912, 33.5375 ], [ 133.625000000000114, 33.5375 ] ] ] } },
{ "type": "Feature", "properties": { "fid": 905, "OBJECTID": 7592, "KEY_CODE": "503325501", "Pref_CODE": 39, "Pref_Name": "高知県", "Shape_Length": 0.020833331999824622, "Shape_Area": 2.6041662499641423e-05 }, "geometry": { "type": "Polygon", "coordinates": [ [ [ 133.625000000000114, 33.541666667000072 ], [ 133.625000000000114, 33.545833333000076 ], [ 133.625562912, 33.545833333000076 ], [ 133.625562912, 33.541666667000072 ], [ 133.625000000000114, 33.541666667000072 ] ] ] } },
{ "type": "Feature", "properties": { "fid": 906, "OBJECTID": 7594, "KEY_CODE": "503325503", "Pref_CODE": 39, "Pref_Name": "高知県", "Shape_Length": 0.020833333999803472, "Shape_Area": 2.6041668749575326e-05 }, "geometry": { "type": "Polygon", "coordinates": [ [ [ 133.625000000000114, 33.545833333000076 ], [ 133.625000000000114, 33.55 ], [ 133.625562912, 33.55 ], [ 133.625562912, 33.545833333000076 ], [ 133.625000000000114, 33.545833333000076 ] ] ] } },
{ "type": "Feature", "properties": { "fid": 907, "OBJECTID": 7632, "KEY_CODE": "503325601", "Pref_CODE": 39, "Pref_Name": "高知県", "Shape_Length": 0.020833333999803472, "Shape_Area": 2.6041668749575326e-05 }, "geometry": { "type": "Polygon", "coordinates": [ [ [ 133.625000000000114, 33.55 ], [ 133.625000000000114, 33.554166667000061 ], [ 133.625562912, 33.554166667000061 ], [ 133.625562912, 33.55 ], [ 133.625000000000114, 33.55 ] ] ] } },
{ "type": "Feature", "properties": { "fid": 908, "OBJECTID": 7634, "KEY_CODE": "503325603", "Pref_CODE": 39, "Pref_Name": "高知県", "Shape_Length": 0.020833331999824622, "Shape_Area": 2.6041662499641423e-05 }, "geometry": { "type": "Polygon", "coordinates": [ [ [ 133.625000000000114, 33.554166667000061 ], [ 133.625000000000114, 33.558333333000064 ], [ 133.625562912, 33.558333333000064 ], [ 133.625562912, 33.554166667000061 ], [ 133.625000000000114, 33.554166667000061 ] ] ] } },
{ "type": "Feature", "properties": { "fid": 909, "OBJECTID": 7672, "KEY_CODE": "503325701", "Pref_CODE": 39, "Pref_Name": "高知県", "Shape_Length": 0.020833333999803472, "Shape_Area": 2.6041668749575326e-05 }, "geometry": { "type": "Polygon", "coordinates": [ [ [ 133.625000000000114, 33.558333333000064 ], [ 133.625000000000114, 33.5625 ], [ 133.625562912, 33.5625 ], [ 133.625562912, 33.558333333000064 ], [ 133.625000000000114, 33.558333333000064 ] ] ] } },
{ "type": "Feature", "properties": { "fid": 910, "OBJECTID": 7674, "KEY_CODE": "503325703", "Pref_CODE": 39, "Pref_Name": "高知県", "Shape_Length": 0.020833333999803472, "Shape_Area": 2.6041668749575326e-05 }, "geometry": { "type": "Polygon", "coordinates": [ [ [ 133.625000000000114, 33.5625 ], [ 133.625000000000114, 33.56666666700005 ], [ 133.625562912, 33.56666666700005 ], [ 133.625562912, 33.5625 ], [ 133.625000000000114, 33.5625 ] ] ] } },
{ "type": "Feature", "properties": { "fid": 911, "OBJECTID": 7712, "KEY_CODE": "503325801", "Pref_CODE": 39, "Pref_Name": "高知県", "Shape_Length": 0.020833331999824622, "Shape_Area": 2.6041662499641423e-05 }, "geometry": { "type": "Polygon", "coordinates": [ [ [ 133.625000000000114, 33.56666666700005 ], [ 133.625000000000114, 33.570833333000053 ], [ 133.625562912, 33.570833333000053 ], [ 133.625562912, 33.56666666700005 ], [ 133.625000000000114, 33.56666666700005 ] ] ] } },
{ "type": "Feature", "properties": { "fid": 912, "OBJECTID": 7714, "KEY_CODE": "503325803", "Pref_CODE": 39, "Pref_Name": "高知県", "Shape_Length": 0.020833333999803472, "Shape_Area": 2.6041668749575326e-05 }, "geometry": { "type": "Polygon", "coordinates": [ [ [ 133.625000000000114, 33.570833333000053 ], [ 133.625000000000114, 33.575 ], [ 133.625562912, 33.575 ], [ 133.625562912, 33.570833333000053 ], [ 133.625000000000114, 33.570833333000053 ] ] ] } },
{ "type": "Feature", "properties": { "fid": 913, "OBJECTID": 7752, "KEY_CODE": "503325901", "Pref_CODE": 39, "Pref_Name": "高知県", "Shape_Length": 0.020833333999803472, "Shape_Area": 2.6041668749575326e-05 }, "geometry": { "type": "Polygon", "coordinates": [ [ [ 133.625000000000114, 33.575 ], [ 133.625000000000114, 33.579166667000038 ], [ 133.625562912, 33.579166667000038 ], [ 133.625562912, 33.575 ], [ 133.625000000000114, 33.575 ] ] ] } },
{ "type": "Feature", "properties": { "fid": 914, "OBJECTID": 7754, "KEY_CODE": "503325903", "Pref_CODE": 39, "Pref_Name": "高知県", "Shape_Length": 0.020833331999824622, "Shape_Area": 2.6041662499641423e-05 }, "geometry": { "type": "Polygon", "coordinates": [ [ [ 133.625000000000114, 33.579166667000038 ], [ 133.625000000000114, 33.583333333000041 ], [ 133.625562912, 33.583333333000041 ], [ 133.625562912, 33.579166667000038 ], [ 133.625000000000114, 33.579166667000038 ] ] ] } },
{ "type": "Feature", "properties": { "fid": 915, "OBJECTID": 9491, "KEY_CODE": "503333012", "Pref_CODE": 39, "Pref_Name": "高知県", "Shape_Length": 0.020833334000030845, "Shape_Area": 2.6041668750049021e-05 }, "geometry": { "type": "Polygon", "coordinates": [ [ [ 133.4, 33.5875 ], [ 133.4, 33.583333333000041 ], [ 133.39435083, 33.583333333000041 ], [ 133.39435083, 33.5875 ], [ 133.4, 33.5875 ] ] ] } },
{ "type": "Feature", "properties": { "fid": 916, "OBJECTID": 9493, "KEY_CODE": "503333014", "Pref_CODE": 39, "Pref_Name": "高知県", "Shape_Length": 0.020833334000030845, "Shape_Area": 2.6041668750049021e-05 }, "geometry": { "type": "Polygon", "coordinates": [ [ [ 133.4, 33.591666667000027 ], [ 133.4, 33.5875 ], [ 133.39435083, 33.5875 ], [ 133.39435083, 33.591666667000027 ], [ 133.4, 33.591666667000027 ] ] ] } },
{ "type": "Feature", "properties": { "fid": 917, "OBJECTID": 9494, "KEY_CODE": "503333021", "Pref_CODE": 39, "Pref_Name": "高知県", "Shape_Length": 0.020833334000030845, "Shape_Area": 2.6041668750049021e-05 }, "geometry": { "type": "Polygon", "coordinates": [ [ [ 133.4, 33.583333333000041 ], [ 133.4, 33.5875 ], [ 133.406250000000114, 33.5875 ], [ 133.406250000000114, 33.583333333000041 ], [ 133.4, 33.583333333000041 ] ] ] } },
{ "type": "Feature", "properties": { "fid": 918, "OBJECTID": 9495, "KEY_CODE": "503333022", "Pref_CODE": 39, "Pref_Name": "高知県", "Shape_Length": 0.020833333999803472, "Shape_Area": 2.6041668749575326e-05 }, "geometry": { "type": "Polygon", "coordinates": [ [ [ 133.406250000000114, 33.583333333000041 ], [ 133.406250000000114, 33.5875 ], [ 133.4125, 33.5875 ], [ 133.4125, 33.583333333000041 ], [ 133.406250000000114, 33.583333333000041 ] ] ] } },
{ "type": "Feature", "properties": { "fid": 919, "OBJECTID": 9496, "KEY_CODE": "503333023", "Pref_CODE": 39, "Pref_Name": "高知県", "Shape_Length": 0.020833334000030845, "Shape_Area": 2.6041668750049021e-05 }, "geometry": { "type": "Polygon", "coordinates": [ [ [ 133.4, 33.5875 ], [ 133.4, 33.591666667000027 ], [ 133.406250000000114, 33.591666667000027 ], [ 133.406250000000114, 33.5875 ], [ 133.4, 33.5875 ] ] ] } },
{ "type": "Feature", "properties": { "fid": 920, "OBJECTID": 9497, "KEY_CODE": "503333024", "Pref_CODE": 39, "Pref_Name": "高知県", "Shape_Length": 0.020833333999803472, "Shape_Area": 2.6041668749575326e-05 }, "geometry": { "type": "Polygon", "coordinates": [ [ [ 133.406250000000114, 33.5875 ], [ 133.406250000000114, 33.591666667000027 ], [ 133.4125, 33.591666667000027 ], [ 133.4125, 33.5875 ], [ 133.406250000000114, 33.5875 ] ] ] } },
{ "type": "Feature", "properties": { "fid": 921, "OBJECTID": 9498, "KEY_CODE": "503333031", "Pref_CODE": 39, "Pref_Name": "高知県", "Shape_Length": 0.020833334000030845, "Shape_Area": 2.6041668750049021e-05 }, "geometry": { "type": "Polygon", "coordinates": [ [ [ 133.4125, 33.583333333000041 ], [ 133.4125, 33.5875 ], [ 133.41875, 33.5875 ], [ 133.41875, 33.583333333000041 ], [ 133.4125, 33.583333333000041 ] ] ] } },
{ "type": "Feature", "properties": { "fid": 922, "OBJECTID": 9499, "KEY_CODE": "503333032", "Pref_CODE": 39, "Pref_Name": "高知県", "Shape_Length": 0.020833334000030845, "Shape_Area": 2.6041668750049021e-05 }, "geometry": { "type": "Polygon", "coordinates": [ [ [ 133.41875, 33.583333333000041 ], [ 133.41875, 33.5875 ], [ 133.425, 33.5875 ], [ 133.425, 33.583333333000041 ], [ 133.41875, 33.583333333000041 ] ] ] } },
{ "type": "Feature", "properties": { "fid": 923, "OBJECTID": 9500, "KEY_CODE": "503333033", "Pref_CODE": 39, "Pref_Name": "高知県", "Shape_Length": 0.020833334000030845, "Shape_Area": 2.6041668750049021e-05 }, "geometry": { "type": "Polygon", "coordinates": [ [ [ 133.4125, 33.5875 ], [ 133.4125, 33.591666667000027 ], [ 133.41875, 33.591666667000027 ], [ 133.41875, 33.5875 ], [ 133.4125, 33.5875 ] ] ] } },
{ "type": "Feature", "properties": { "fid": 924, "OBJECTID": 9501, "KEY_CODE": "503333034", "Pref_CODE": 39, "Pref_Name": "高知県", "Shape_Length": 0.020833334000030845, "Shape_Area": 2.6041668750049021e-05 }, "geometry": { "type": "Polygon", "coordinates": [ [ [ 133.41875, 33.5875 ], [ 133.41875, 33.591666667000027 ], [ 133.425, 33.591666667000027 ], [ 133.425, 33.5875 ], [ 133.41875, 33.5875 ] ] ] } },
{ "type": "Feature", "properties": { "fid": 925, "OBJECTID": 9502, "KEY_CODE": "503333041", "Pref_CODE": 39, "Pref_Name": "高知県", "Shape_Length": 0.020833334000030845, "Shape_Area": 2.6041668750049021e-05 }, "geometry": { "type": "Polygon", "coordinates": [ [ [ 133.425, 33.583333333000041 ], [ 133.425, 33.5875 ], [ 133.43125, 33.5875 ], [ 133.43125, 33.583333333000041 ], [ 133.425, 33.583333333000041 ] ] ] } },
{ "type": "Feature", "properties": { "fid": 926, "OBJECTID": 9503, "KEY_CODE": "503333042", "Pref_CODE": 39, "Pref_Name": "高知県", "Shape_Length": 0.020833334000030845, "Shape_Area": 2.6041668750049021e-05 }, "geometry": { "type": "Polygon", "coordinates": [ [ [ 133.43125, 33.583333333000041 ], [ 133.43125, 33.5875 ], [ 133.437500000000114, 33.5875 ], [ 133.437500000000114, 33.583333333000041 ], [ 133.43125, 33.583333333000041 ] ] ] } },
{ "type": "Feature", "properties": { "fid": 927, "OBJECTID": 9504, "KEY_CODE": "503333043", "Pref_CODE": 39, "Pref_Name": "高知県", "Shape_Length": 0.020833334000030845, "Shape_Area": 2.6041668750049021e-05 }, "geometry": { "type": "Polygon", "coordinates": [ [ [ 133.425, 33.5875 ], [ 133.425, 33.591666667000027 ], [ 133.43125, 33.591666667000027 ], [ 133.43125, 33.5875 ], [ 133.425, 33.5875 ] ] ] } },
{ "type": "Feature", "properties": { "fid": 928, "OBJECTID": 9505, "KEY_CODE": "503333044", "Pref_CODE": 39, "Pref_Name": "高知県", "Shape_Length": 0.020833334000030845, "Shape_Area": 2.6041668750049021e-05 }, "geometry": { "type": "Polygon", "coordinates": [ [ [ 133.43125, 33.5875 ], [ 133.43125, 33.591666667000027 ], [ 133.437500000000114, 33.591666667000027 ], [ 133.437500000000114, 33.5875 ], [ 133.43125, 33.5875 ] ] ] } },
{ "type": "Feature", "properties": { "fid": 929, "OBJECTID": 9506, "KEY_CODE": "503333051", "Pref_CODE": 39, "Pref_Name": "高知県", "Shape_Length": 0.020833333999803472, "Shape_Area": 2.6041668749575326e-05 }, "geometry": { "type": "Polygon", "coordinates": [ [ [ 133.437500000000114, 33.583333333000041 ], [ 133.437500000000114, 33.5875 ], [ 133.44375, 33.5875 ], [ 133.44375, 33.583333333000041 ], [ 133.437500000000114, 33.583333333000041 ] ] ] } },
{ "type": "Feature", "properties": { "fid": 930, "OBJECTID": 9507, "KEY_CODE": "503333052", "Pref_CODE": 39, "Pref_Name": "高知県", "Shape_Length": 0.020833334000030845, "Shape_Area": 2.6041668750049021e-05 }, "geometry": { "type": "Polygon", "coordinates": [ [ [ 133.44375, 33.583333333000041 ], [ 133.44375, 33.5875 ], [ 133.45, 33.5875 ], [ 133.45, 33.583333333000041 ], [ 133.44375, 33.583333333000041 ] ] ] } },
{ "type": "Feature", "properties": { "fid": 931, "OBJECTID": 9508, "KEY_CODE": "503333053", "Pref_CODE": 39, "Pref_Name": "高知県", "Shape_Length": 0.020833333999803472, "Shape_Area": 2.6041668749575326e-05 }, "geometry": { "type": "Polygon", "coordinates": [ [ [ 133.437500000000114, 33.5875 ], [ 133.437500000000114, 33.591666667000027 ], [ 133.44375, 33.591666667000027 ], [ 133.44375, 33.5875 ], [ 133.437500000000114, 33.5875 ] ] ] } },
{ "type": "Feature", "properties": { "fid": 932, "OBJECTID": 9509, "KEY_CODE": "503333054", "Pref_CODE": 39, "Pref_Name": "高知県", "Shape_Length": 0.020833334000030845, "Shape_Area": 2.6041668750049021e-05 }, "geometry": { "type": "Polygon", "coordinates": [ [ [ 133.44375, 33.5875 ], [ 133.44375, 33.591666667000027 ], [ 133.45, 33.591666667000027 ], [ 133.45, 33.5875 ], [ 133.44375, 33.5875 ] ] ] } },
{ "type": "Feature", "properties": { "fid": 933, "OBJECTID": 9510, "KEY_CODE": "503333061", "Pref_CODE": 39, "Pref_Name": "高知県", "Shape_Length": 0.020833334000030845, "Shape_Area": 2.6041668750049021e-05 }, "geometry": { "type": "Polygon", "coordinates": [ [ [ 133.45, 33.583333333000041 ], [ 133.45, 33.5875 ], [ 133.45625, 33.5875 ], [ 133.45625, 33.583333333000041 ], [ 133.45, 33.583333333000041 ] ] ] } },
{ "type": "Feature", "properties": { "fid": 934, "OBJECTID": 9511, "KEY_CODE": "503333062", "Pref_CODE": 39, "Pref_Name": "高知県", "Shape_Length": 0.020833334000030845, "Shape_Area": 2.6041668750049021e-05 }, "geometry": { "type": "Polygon", "coordinates": [ [ [ 133.45625, 33.583333333000041 ], [ 133.45625, 33.5875 ], [ 133.4625, 33.5875 ], [ 133.4625, 33.583333333000041 ], [ 133.45625, 33.583333333000041 ] ] ] } },
{ "type": "Feature", "properties": { "fid": 935, "OBJECTID": 9512, "KEY_CODE": "503333063", "Pref_CODE": 39, "Pref_Name": "高知県", "Shape_Length": 0.020833334000030845, "Shape_Area": 2.6041668750049021e-05 }, "geometry": { "type": "Polygon", "coordinates": [ [ [ 133.45, 33.5875 ], [ 133.45, 33.591666667000027 ], [ 133.45625, 33.591666667000027 ], [ 133.45625, 33.5875 ], [ 133.45, 33.5875 ] ] ] } },
{ "type": "Feature", "properties": { "fid": 936, "OBJECTID": 9513, "KEY_CODE": "503333064", "Pref_CODE": 39, "Pref_Name": "高知県", "Shape_Length": 0.020833334000030845, "Shape_Area": 2.6041668750049021e-05 }, "geometry": { "type": "Polygon", "coordinates": [ [ [ 133.45625, 33.5875 ], [ 133.45625, 33.591666667000027 ], [ 133.4625, 33.591666667000027 ], [ 133.4625, 33.5875 ], [ 133.45625, 33.5875 ] ] ] } },
{ "type": "Feature", "properties": { "fid": 937, "OBJECTID": 9514, "KEY_CODE": "503333071", "Pref_CODE": 39, "Pref_Name": "高知県", "Shape_Length": 0.020833334000030845, "Shape_Area": 2.6041668750049021e-05 }, "geometry": { "type": "Polygon", "coordinates": [ [ [ 133.4625, 33.583333333000041 ], [ 133.4625, 33.5875 ], [ 133.468750000000114, 33.5875 ], [ 133.468750000000114, 33.583333333000041 ], [ 133.4625, 33.583333333000041 ] ] ] } },
{ "type": "Feature", "properties": { "fid": 938, "OBJECTID": 9515, "KEY_CODE": "503333072", "Pref_CODE": 39, "Pref_Name": "高知県", "Shape_Length": 0.020833333999803472, "Shape_Area": 2.6041668749575326e-05 }, "geometry": { "type": "Polygon", "coordinates": [ [ [ 133.468750000000114, 33.583333333000041 ], [ 133.468750000000114, 33.5875 ], [ 133.475, 33.5875 ], [ 133.475, 33.583333333000041 ], [ 133.468750000000114, 33.583333333000041 ] ] ] } },
{ "type": "Feature", "properties": { "fid": 939, "OBJECTID": 9516, "KEY_CODE": "503333073", "Pref_CODE": 39, "Pref_Name": "高知県", "Shape_Length": 0.020833334000030845, "Shape_Area": 2.6041668750049021e-05 }, "geometry": { "type": "Polygon", "coordinates": [ [ [ 133.4625, 33.5875 ], [ 133.4625, 33.591666667000027 ], [ 133.468750000000114, 33.591666667000027 ], [ 133.468750000000114, 33.5875 ], [ 133.4625, 33.5875 ] ] ] } },
{ "type": "Feature", "properties": { "fid": 940, "OBJECTID": 9517, "KEY_CODE": "503333074", "Pref_CODE": 39, "Pref_Name": "高知県", "Shape_Length": 0.020833333999803472, "Shape_Area": 2.6041668749575326e-05 }, "geometry": { "type": "Polygon", "coordinates": [ [ [ 133.468750000000114, 33.5875 ], [ 133.468750000000114, 33.591666667000027 ], [ 133.475, 33.591666667000027 ], [ 133.475, 33.5875 ], [ 133.468750000000114, 33.5875 ] ] ] } },
{ "type": "Feature", "properties": { "fid": 941, "OBJECTID": 9518, "KEY_CODE": "503333081", "Pref_CODE": 39, "Pref_Name": "高知県", "Shape_Length": 0.020833334000030845, "Shape_Area": 2.6041668750049021e-05 }, "geometry": { "type": "Polygon", "coordinates": [ [ [ 133.475, 33.583333333000041 ], [ 133.475, 33.5875 ], [ 133.48125, 33.5875 ], [ 133.48125, 33.583333333000041 ], [ 133.475, 33.583333333000041 ] ] ] } },
{ "type": "Feature", "properties": { "fid": 942, "OBJECTID": 9519, "KEY_CODE": "503333082", "Pref_CODE": 39, "Pref_Name": "高知県", "Shape_Length": 0.020833334000030845, "Shape_Area": 2.6041668750049021e-05 }, "geometry": { "type": "Polygon", "coordinates": [ [ [ 133.48125, 33.583333333000041 ], [ 133.48125, 33.5875 ], [ 133.4875, 33.5875 ], [ 133.4875, 33.583333333000041 ], [ 133.48125, 33.583333333000041 ] ] ] } },
{ "type": "Feature", "properties": { "fid": 943, "OBJECTID": 9520, "KEY_CODE": "503333083", "Pref_CODE": 39, "Pref_Name": "高知県", "Shape_Length": 0.020833334000030845, "Shape_Area": 2.6041668750049021e-05 }, "geometry": { "type": "Polygon", "coordinates": [ [ [ 133.475, 33.5875 ], [ 133.475, 33.591666667000027 ], [ 133.48125, 33.591666667000027 ], [ 133.48125, 33.5875 ], [ 133.475, 33.5875 ] ] ] } },
{ "type": "Feature", "properties": { "fid": 944, "OBJECTID": 9521, "KEY_CODE": "503333084", "Pref_CODE": 39, "Pref_Name": "高知県", "Shape_Length": 0.020833334000030845, "Shape_Area": 2.6041668750049021e-05 }, "geometry": { "type": "Polygon", "coordinates": [ [ [ 133.48125, 33.5875 ], [ 133.48125, 33.591666667000027 ], [ 133.4875, 33.591666667000027 ], [ 133.4875, 33.5875 ], [ 133.48125, 33.5875 ] ] ] } },
{ "type": "Feature", "properties": { "fid": 945, "OBJECTID": 9522, "KEY_CODE": "503333091", "Pref_CODE": 39, "Pref_Name": "高知県", "Shape_Length": 0.020833334000030845, "Shape_Area": 2.6041668750049021e-05 }, "geometry": { "type": "Polygon", "coordinates": [ [ [ 133.4875, 33.583333333000041 ], [ 133.4875, 33.5875 ], [ 133.49375, 33.5875 ], [ 133.49375, 33.583333333000041 ], [ 133.4875, 33.583333333000041 ] ] ] } },
{ "type": "Feature", "properties": { "fid": 946, "OBJECTID": 9523, "KEY_CODE": "503333092", "Pref_CODE": 39, "Pref_Name": "高知県", "Shape_Length": 0.020833334000030845, "Shape_Area": 2.6041668750049021e-05 }, "geometry": { "type": "Polygon", "coordinates": [ [ [ 133.49375, 33.583333333000041 ], [ 133.49375, 33.5875 ], [ 133.500000000000114, 33.5875 ], [ 133.500000000000114, 33.583333333000041 ], [ 133.49375, 33.583333333000041 ] ] ] } },
{ "type": "Feature", "properties": { "fid": 947, "OBJECTID": 9524, "KEY_CODE": "503333093", "Pref_CODE": 39, "Pref_Name": "高知県", "Shape_Length": 0.020833334000030845, "Shape_Area": 2.6041668750049021e-05 }, "geometry": { "type": "Polygon", "coordinates": [ [ [ 133.4875, 33.5875 ], [ 133.4875, 33.591666667000027 ], [ 133.49375, 33.591666667000027 ], [ 133.49375, 33.5875 ], [ 133.4875, 33.5875 ] ] ] } },
{ "type": "Feature", "properties": { "fid": 948, "OBJECTID": 9525, "KEY_CODE": "503333094", "Pref_CODE": 39, "Pref_Name": "高知県", "Shape_Length": 0.020833334000030845, "Shape_Area": 2.6041668750049021e-05 }, "geometry": { "type": "Polygon", "coordinates": [ [ [ 133.49375, 33.5875 ], [ 133.49375, 33.591666667000027 ], [ 133.500000000000114, 33.591666667000027 ], [ 133.500000000000114, 33.5875 ], [ 133.49375, 33.5875 ] ] ] } },
{ "type": "Feature", "properties": { "fid": 949, "OBJECTID": 9531, "KEY_CODE": "503333112", "Pref_CODE": 39, "Pref_Name": "高知県", "Shape_Length": 0.020833332000051996, "Shape_Area": 2.6041662500115118e-05 }, "geometry": { "type": "Polygon", "coordinates": [ [ [ 133.4, 33.59583333300003 ], [ 133.4, 33.591666667000027 ], [ 133.39435083, 33.591666667000027 ], [ 133.39435083, 33.59583333300003 ], [ 133.4, 33.59583333300003 ] ] ] } },
{ "type": "Feature", "properties": { "fid": 950, "OBJECTID": 9533, "KEY_CODE": "503333114", "Pref_CODE": 39, "Pref_Name": "高知県", "Shape_Length": 0.020833334000144532, "Shape_Area": 2.6041668750404293e-05 }, "geometry": { "type": "Polygon", "coordinates": [ [ [ 133.4, 33.6 ], [ 133.4, 33.59583333300003 ], [ 133.39435083, 33.59583333300003 ], [ 133.39435083, 33.6 ], [ 133.4, 33.6 ] ] ] } },
{ "type": "Feature", "properties": { "fid": 951, "OBJECTID": 9534, "KEY_CODE": "503333121", "Pref_CODE": 39, "Pref_Name": "高知県", "Shape_Length": 0.020833332000051996, "Shape_Area": 2.6041662500115118e-05 }, "geometry": { "type": "Polygon", "coordinates": [ [ [ 133.4, 33.591666667000027 ], [ 133.4, 33.59583333300003 ], [ 133.406250000000114, 33.59583333300003 ], [ 133.406250000000114, 33.591666667000027 ], [ 133.4, 33.591666667000027 ] ] ] } },
{ "type": "Feature", "properties": { "fid": 952, "OBJECTID": 9535, "KEY_CODE": "503333122", "Pref_CODE": 39, "Pref_Name": "高知県", "Shape_Length": 0.020833331999824622, "Shape_Area": 2.6041662499641423e-05 }, "geometry": { "type": "Polygon", "coordinates": [ [ [ 133.406250000000114, 33.591666667000027 ], [ 133.406250000000114, 33.59583333300003 ], [ 133.4125, 33.59583333300003 ], [ 133.4125, 33.591666667000027 ], [ 133.406250000000114, 33.591666667000027 ] ] ] } },
{ "type": "Feature", "properties": { "fid": 953, "OBJECTID": 9536, "KEY_CODE": "503333123", "Pref_CODE": 39, "Pref_Name": "高知県", "Shape_Length": 0.020833334000144532, "Shape_Area": 2.6041668750404293e-05 }, "geometry": { "type": "Polygon", "coordinates": [ [ [ 133.4, 33.59583333300003 ], [ 133.4, 33.6 ], [ 133.406250000000114, 33.6 ], [ 133.406250000000114, 33.59583333300003 ], [ 133.4, 33.59583333300003 ] ] ] } },
{ "type": "Feature", "properties": { "fid": 954, "OBJECTID": 9537, "KEY_CODE": "503333124", "Pref_CODE": 39, "Pref_Name": "高知県", "Shape_Length": 0.020833333999917159, "Shape_Area": 2.6041668749930599e-05 }, "geometry": { "type": "Polygon", "coordinates": [ [ [ 133.406250000000114, 33.59583333300003 ], [ 133.406250000000114, 33.6 ], [ 133.4125, 33.6 ], [ 133.4125, 33.59583333300003 ], [ 133.406250000000114, 33.59583333300003 ] ] ] } },
{ "type": "Feature", "properties": { "fid": 955, "OBJECTID": 9538, "KEY_CODE": "503333131", "Pref_CODE": 39, "Pref_Name": "高知県", "Shape_Length": 0.020833332000051996, "Shape_Area": 2.6041662500115118e-05 }, "geometry": { "type": "Polygon", "coordinates": [ [ [ 133.4125, 33.591666667000027 ], [ 133.4125, 33.59583333300003 ], [ 133.41875, 33.59583333300003 ], [ 133.41875, 33.591666667000027 ], [ 133.4125, 33.591666667000027 ] ] ] } },
{ "type": "Feature", "properties": { "fid": 956, "OBJECTID": 9539, "KEY_CODE": "503333132", "Pref_CODE": 39, "Pref_Name": "高知県", "Shape_Length": 0.020833332000051996, "Shape_Area": 2.6041662500115118e-05 }, "geometry": { "type": "Polygon", "coordinates": [ [ [ 133.41875, 33.591666667000027 ], [ 133.41875, 33.59583333300003 ], [ 133.425, 33.59583333300003 ], [ 133.425, 33.591666667000027 ], [ 133.41875, 33.591666667000027 ] ] ] } },
{ "type": "Feature", "properties": { "fid": 957, "OBJECTID": 9540, "KEY_CODE": "503333133", "Pref_CODE": 39, "Pref_Name": "高知県", "Shape_Length": 0.020833334000144532, "Shape_Area": 2.6041668750404293e-05 }, "geometry": { "type": "Polygon", "coordinates": [ [ [ 133.4125, 33.59583333300003 ], [ 133.4125, 33.6 ], [ 133.41875, 33.6 ], [ 133.41875, 33.59583333300003 ], [ 133.4125, 33.59583333300003 ] ] ] } },
{ "type": "Feature", "properties": { "fid": 958, "OBJECTID": 9541, "KEY_CODE": "503333134", "Pref_CODE": 39, "Pref_Name": "高知県", "Shape_Length": 0.020833334000144532, "Shape_Area": 2.6041668750404293e-05 }, "geometry": { "type": "Polygon", "coordinates": [ [ [ 133.41875, 33.59583333300003 ], [ 133.41875, 33.6 ], [ 133.425, 33.6 ], [ 133.425, 33.59583333300003 ], [ 133.41875, 33.59583333300003 ] ] ] } },
{ "type": "Feature", "properties": { "fid": 959, "OBJECTID": 9542, "KEY_CODE": "503333141", "Pref_CODE": 39, "Pref_Name": "高知県", "Shape_Length": 0.020833332000051996, "Shape_Area": 2.6041662500115118e-05 }, "geometry": { "type": "Polygon", "coordinates": [ [ [ 133.425, 33.591666667000027 ], [ 133.425, 33.59583333300003 ], [ 133.43125, 33.59583333300003 ], [ 133.43125, 33.591666667000027 ], [ 133.425, 33.591666667000027 ] ] ] } },
{ "type": "Feature", "properties": { "fid": 960, "OBJECTID": 9543, "KEY_CODE": "503333142", "Pref_CODE": 39, "Pref_Name": "高知県", "Shape_Length": 0.020833332000051996, "Shape_Area": 2.6041662500115118e-05 }, "geometry": { "type": "Polygon", "coordinates": [ [ [ 133.43125, 33.591666667000027 ], [ 133.43125, 33.59583333300003 ], [ 133.437500000000114, 33.59583333300003 ], [ 133.437500000000114, 33.591666667000027 ], [ 133.43125, 33.591666667000027 ] ] ] } },
{ "type": "Feature", "properties": { "fid": 961, "OBJECTID": 9544, "KEY_CODE": "503333143", "Pref_CODE": 39, "Pref_Name": "高知県", "Shape_Length": 0.020833334000144532, "Shape_Area": 2.6041668750404293e-05 }, "geometry": { "type": "Polygon", "coordinates": [ [ [ 133.425, 33.59583333300003 ], [ 133.425, 33.6 ], [ 133.43125, 33.6 ], [ 133.43125, 33.59583333300003 ], [ 133.425, 33.59583333300003 ] ] ] } },
{ "type": "Feature", "properties": { "fid": 962, "OBJECTID": 9545, "KEY_CODE": "503333144", "Pref_CODE": 39, "Pref_Name": "高知県", "Shape_Length": 0.020833334000144532, "Shape_Area": 2.6041668750404293e-05 }, "geometry": { "type": "Polygon", "coordinates": [ [ [ 133.43125, 33.59583333300003 ], [ 133.43125, 33.6 ], [ 133.437500000000114, 33.6 ], [ 133.437500000000114, 33.59583333300003 ], [ 133.43125, 33.59583333300003 ] ] ] } },
{ "type": "Feature", "properties": { "fid": 963, "OBJECTID": 9546, "KEY_CODE": "503333151", "Pref_CODE": 39, "Pref_Name": "高知県", "Shape_Length": 0.020833331999824622, "Shape_Area": 2.6041662499641423e-05 }, "geometry": { "type": "Polygon", "coordinates": [ [ [ 133.437500000000114, 33.591666667000027 ], [ 133.437500000000114, 33.59583333300003 ], [ 133.44375, 33.59583333300003 ], [ 133.44375, 33.591666667000027 ], [ 133.437500000000114, 33.591666667000027 ] ] ] } },
{ "type": "Feature", "properties": { "fid": 964, "OBJECTID": 9547, "KEY_CODE": "503333152", "Pref_CODE": 39, "Pref_Name": "高知県", "Shape_Length": 0.020833332000051996, "Shape_Area": 2.6041662500115118e-05 }, "geometry": { "type": "Polygon", "coordinates": [ [ [ 133.44375, 33.591666667000027 ], [ 133.44375, 33.59583333300003 ], [ 133.45, 33.59583333300003 ], [ 133.45, 33.591666667000027 ], [ 133.44375, 33.591666667000027 ] ] ] } },
{ "type": "Feature", "properties": { "fid": 965, "OBJECTID": 9548, "KEY_CODE": "503333153", "Pref_CODE": 39, "Pref_Name": "高知県", "Shape_Length": 0.020833333999917159, "Shape_Area": 2.6041668749930599e-05 }, "geometry": { "type": "Polygon", "coordinates": [ [ [ 133.437500000000114, 33.59583333300003 ], [ 133.437500000000114, 33.6 ], [ 133.44375, 33.6 ], [ 133.44375, 33.59583333300003 ], [ 133.437500000000114, 33.59583333300003 ] ] ] } },
{ "type": "Feature", "properties": { "fid": 966, "OBJECTID": 9549, "KEY_CODE": "503333154", "Pref_CODE": 39, "Pref_Name": "高知県", "Shape_Length": 0.020833334000144532, "Shape_Area": 2.6041668750404293e-05 }, "geometry": { "type": "Polygon", "coordinates": [ [ [ 133.44375, 33.59583333300003 ], [ 133.44375, 33.6 ], [ 133.45, 33.6 ], [ 133.45, 33.59583333300003 ], [ 133.44375, 33.59583333300003 ] ] ] } },
{ "type": "Feature", "properties": { "fid": 967, "OBJECTID": 9550, "KEY_CODE": "503333161", "Pref_CODE": 39, "Pref_Name": "高知県", "Shape_Length": 0.020833332000051996, "Shape_Area": 2.6041662500115118e-05 }, "geometry": { "type": "Polygon", "coordinates": [ [ [ 133.45, 33.591666667000027 ], [ 133.45, 33.59583333300003 ], [ 133.45625, 33.59583333300003 ], [ 133.45625, 33.591666667000027 ], [ 133.45, 33.591666667000027 ] ] ] } },
{ "type": "Feature", "properties": { "fid": 968, "OBJECTID": 9551, "KEY_CODE": "503333162", "Pref_CODE": 39, "Pref_Name": "高知県", "Shape_Length": 0.020833332000051996, "Shape_Area": 2.6041662500115118e-05 }, "geometry": { "type": "Polygon", "coordinates": [ [ [ 133.45625, 33.591666667000027 ], [ 133.45625, 33.59583333300003 ], [ 133.4625, 33.59583333300003 ], [ 133.4625, 33.591666667000027 ], [ 133.45625, 33.591666667000027 ] ] ] } },
{ "type": "Feature", "properties": { "fid": 969, "OBJECTID": 9552, "KEY_CODE": "503333163", "Pref_CODE": 39, "Pref_Name": "高知県", "Shape_Length": 0.020833334000144532, "Shape_Area": 2.6041668750404293e-05 }, "geometry": { "type": "Polygon", "coordinates": [ [ [ 133.45, 33.59583333300003 ], [ 133.45, 33.6 ], [ 133.45625, 33.6 ], [ 133.45625, 33.59583333300003 ], [ 133.45, 33.59583333300003 ] ] ] } },
{ "type": "Feature", "properties": { "fid": 970, "OBJECTID": 9553, "KEY_CODE": "503333164", "Pref_CODE": 39, "Pref_Name": "高知県", "Shape_Length": 0.020833334000144532, "Shape_Area": 2.6041668750404293e-05 }, "geometry": { "type": "Polygon", "coordinates": [ [ [ 133.45625, 33.59583333300003 ], [ 133.45625, 33.6 ], [ 133.4625, 33.6 ], [ 133.4625, 33.59583333300003 ], [ 133.45625, 33.59583333300003 ] ] ] } },
{ "type": "Feature", "properties": { "fid": 971, "OBJECTID": 9554, "KEY_CODE": "503333171", "Pref_CODE": 39, "Pref_Name": "高知県", "Shape_Length": 0.020833332000051996, "Shape_Area": 2.6041662500115118e-05 }, "geometry": { "type": "Polygon", "coordinates": [ [ [ 133.4625, 33.591666667000027 ], [ 133.4625, 33.59583333300003 ], [ 133.468750000000114, 33.59583333300003 ], [ 133.468750000000114, 33.591666667000027 ], [ 133.4625, 33.591666667000027 ] ] ] } },
{ "type": "Feature", "properties": { "fid": 972, "OBJECTID": 9555, "KEY_CODE": "503333172", "Pref_CODE": 39, "Pref_Name": "高知県", "Shape_Length": 0.020833331999824622, "Shape_Area": 2.6041662499641423e-05 }, "geometry": { "type": "Polygon", "coordinates": [ [ [ 133.468750000000114, 33.591666667000027 ], [ 133.468750000000114, 33.59583333300003 ], [ 133.475, 33.59583333300003 ], [ 133.475, 33.591666667000027 ], [ 133.468750000000114, 33.591666667000027 ] ] ] } },
{ "type": "Feature", "properties": { "fid": 973, "OBJECTID": 9556, "KEY_CODE": "503333173", "Pref_CODE": 39, "Pref_Name": "高知県", "Shape_Length": 0.020833334000144532, "Shape_Area": 2.6041668750404293e-05 }, "geometry": { "type": "Polygon", "coordinates": [ [ [ 133.4625, 33.59583333300003 ], [ 133.4625, 33.6 ], [ 133.468750000000114, 33.6 ], [ 133.468750000000114, 33.59583333300003 ], [ 133.4625, 33.59583333300003 ] ] ] } },
{ "type": "Feature", "properties": { "fid": 974, "OBJECTID": 9557, "KEY_CODE": "503333174", "Pref_CODE": 39, "Pref_Name": "高知県", "Shape_Length": 0.020833333999917159, "Shape_Area": 2.6041668749930599e-05 }, "geometry": { "type": "Polygon", "coordinates": [ [ [ 133.468750000000114, 33.59583333300003 ], [ 133.468750000000114, 33.6 ], [ 133.475, 33.6 ], [ 133.475, 33.59583333300003 ], [ 133.468750000000114, 33.59583333300003 ] ] ] } },
{ "type": "Feature", "properties": { "fid": 975, "OBJECTID": 9558, "KEY_CODE": "503333181", "Pref_CODE": 39, "Pref_Name": "高知県", "Shape_Length": 0.020833332000051996, "Shape_Area": 2.6041662500115118e-05 }, "geometry": { "type": "Polygon", "coordinates": [ [ [ 133.475, 33.591666667000027 ], [ 133.475, 33.59583333300003 ], [ 133.48125, 33.59583333300003 ], [ 133.48125, 33.591666667000027 ], [ 133.475, 33.591666667000027 ] ] ] } },
{ "type": "Feature", "properties": { "fid": 976, "OBJECTID": 9559, "KEY_CODE": "503333182", "Pref_CODE": 39, "Pref_Name": "高知県", "Shape_Length": 0.020833332000051996, "Shape_Area": 2.6041662500115118e-05 }, "geometry": { "type": "Polygon", "coordinates": [ [ [ 133.48125, 33.591666667000027 ], [ 133.48125, 33.59583333300003 ], [ 133.4875, 33.59583333300003 ], [ 133.4875, 33.591666667000027 ], [ 133.48125, 33.591666667000027 ] ] ] } },
{ "type": "Feature", "properties": { "fid": 977, "OBJECTID": 9560, "KEY_CODE": "503333183", "Pref_CODE": 39, "Pref_Name": "高知県", "Shape_Length": 0.020833334000144532, "Shape_Area": 2.6041668750404293e-05 }, "geometry": { "type": "Polygon", "coordinates": [ [ [ 133.475, 33.59583333300003 ], [ 133.475, 33.6 ], [ 133.48125, 33.6 ], [ 133.48125, 33.59583333300003 ], [ 133.475, 33.59583333300003 ] ] ] } },
{ "type": "Feature", "properties": { "fid": 978, "OBJECTID": 9561, "KEY_CODE": "503333184", "Pref_CODE": 39, "Pref_Name": "高知県", "Shape_Length": 0.020833334000144532, "Shape_Area": 2.6041668750404293e-05 }, "geometry": { "type": "Polygon", "coordinates": [ [ [ 133.48125, 33.59583333300003 ], [ 133.48125, 33.6 ], [ 133.4875, 33.6 ], [ 133.4875, 33.59583333300003 ], [ 133.48125, 33.59583333300003 ] ] ] } },
{ "type": "Feature", "properties": { "fid": 979, "OBJECTID": 9562, "KEY_CODE": "503333191", "Pref_CODE": 39, "Pref_Name": "高知県", "Shape_Length": 0.020833332000051996, "Shape_Area": 2.6041662500115118e-05 }, "geometry": { "type": "Polygon", "coordinates": [ [ [ 133.4875, 33.591666667000027 ], [ 133.4875, 33.59583333300003 ], [ 133.49375, 33.59583333300003 ], [ 133.49375, 33.591666667000027 ], [ 133.4875, 33.591666667000027 ] ] ] } },
{ "type": "Feature", "properties": { "fid": 980, "OBJECTID": 9563, "KEY_CODE": "503333192", "Pref_CODE": 39, "Pref_Name": "高知県", "Shape_Length": 0.020833332000051996, "Shape_Area": 2.6041662500115118e-05 }, "geometry": { "type": "Polygon", "coordinates": [ [ [ 133.49375, 33.591666667000027 ], [ 133.49375, 33.59583333300003 ], [ 133.500000000000114, 33.59583333300003 ], [ 133.500000000000114, 33.591666667000027 ], [ 133.49375, 33.591666667000027 ] ] ] } },
{ "type": "Feature", "properties": { "fid": 981, "OBJECTID": 9564, "KEY_CODE": "503333193", "Pref_CODE": 39, "Pref_Name": "高知県", "Shape_Length": 0.020833334000144532, "Shape_Area": 2.6041668750404293e-05 }, "geometry": { "type": "Polygon", "coordinates": [ [ [ 133.4875, 33.59583333300003 ], [ 133.4875, 33.6 ], [ 133.49375, 33.6 ], [ 133.49375, 33.59583333300003 ], [ 133.4875, 33.59583333300003 ] ] ] } },
{ "type": "Feature", "properties": { "fid": 982, "OBJECTID": 9565, "KEY_CODE": "503333194", "Pref_CODE": 39, "Pref_Name": "高知県", "Shape_Length": 0.020833334000144532, "Shape_Area": 2.6041668750404293e-05 }, "geometry": { "type": "Polygon", "coordinates": [ [ [ 133.49375, 33.59583333300003 ], [ 133.49375, 33.6 ], [ 133.500000000000114, 33.6 ], [ 133.500000000000114, 33.59583333300003 ], [ 133.49375, 33.59583333300003 ] ] ] } },
{ "type": "Feature", "properties": { "fid": 983, "OBJECTID": 9571, "KEY_CODE": "503333212", "Pref_CODE": 39, "Pref_Name": "高知県", "Shape_Length": 0.020833334000030845, "Shape_Area": 2.6041668750049021e-05 }, "geometry": { "type": "Polygon", "coordinates": [ [ [ 133.4, 33.604166667000072 ], [ 133.4, 33.6 ], [ 133.39435083, 33.6 ], [ 133.39435083, 33.604166667000072 ], [ 133.4, 33.604166667000072 ] ] ] } },
{ "type": "Feature", "properties": { "fid": 984, "OBJECTID": 9573, "KEY_CODE": "503333214", "Pref_CODE": 39, "Pref_Name": "高知県", "Shape_Length": 0.020833332000051996, "Shape_Area": 2.6041662500115118e-05 }, "geometry": { "type": "Polygon", "coordinates": [ [ [ 133.4, 33.608333333000076 ], [ 133.4, 33.604166667000072 ], [ 133.39435083, 33.604166667000072 ], [ 133.39435083, 33.608333333000076 ], [ 133.4, 33.608333333000076 ] ] ] } },
{ "type": "Feature", "properties": { "fid": 985, "OBJECTID": 9574, "KEY_CODE": "503333221", "Pref_CODE": 39, "Pref_Name": "高知県", "Shape_Length": 0.020833334000030845, "Shape_Area": 2.6041668750049021e-05 }, "geometry": { "type": "Polygon", "coordinates": [ [ [ 133.4, 33.6 ], [ 133.4, 33.604166667000072 ], [ 133.406250000000114, 33.604166667000072 ], [ 133.406250000000114, 33.6 ], [ 133.4, 33.6 ] ] ] } },
{ "type": "Feature", "properties": { "fid": 986, "OBJECTID": 9575, "KEY_CODE": "503333222", "Pref_CODE": 39, "Pref_Name": "高知県", "Shape_Length": 0.020833333999803472, "Shape_Area": 2.6041668749575326e-05 }, "geometry": { "type": "Polygon", "coordinates": [ [ [ 133.406250000000114, 33.6 ], [ 133.406250000000114, 33.604166667000072 ], [ 133.4125, 33.604166667000072 ], [ 133.4125, 33.6 ], [ 133.406250000000114, 33.6 ] ] ] } },
{ "type": "Feature", "properties": { "fid": 987, "OBJECTID": 9576, "KEY_CODE": "503333223", "Pref_CODE": 39, "Pref_Name": "高知県", "Shape_Length": 0.020833332000051996, "Shape_Area": 2.6041662500115118e-05 }, "geometry": { "type": "Polygon", "coordinates": [ [ [ 133.4, 33.604166667000072 ], [ 133.4, 33.608333333000076 ], [ 133.406250000000114, 33.608333333000076 ], [ 133.406250000000114, 33.604166667000072 ], [ 133.4, 33.604166667000072 ] ] ] } },
{ "type": "Feature", "properties": { "fid": 988, "OBJECTID": 9577, "KEY_CODE": "503333224", "Pref_CODE": 39, "Pref_Name": "高知県", "Shape_Length": 0.020833331999824622, "Shape_Area": 2.6041662499641423e-05 }, "geometry": { "type": "Polygon", "coordinates": [ [ [ 133.406250000000114, 33.604166667000072 ], [ 133.406250000000114, 33.608333333000076 ], [ 133.4125, 33.608333333000076 ], [ 133.4125, 33.604166667000072 ], [ 133.406250000000114, 33.604166667000072 ] ] ] } },
{ "type": "Feature", "properties": { "fid": 989, "OBJECTID": 9578, "KEY_CODE": "503333231", "Pref_CODE": 39, "Pref_Name": "高知県", "Shape_Length": 0.020833334000030845, "Shape_Area": 2.6041668750049021e-05 }, "geometry": { "type": "Polygon", "coordinates": [ [ [ 133.4125, 33.6 ], [ 133.4125, 33.604166667000072 ], [ 133.41875, 33.604166667000072 ], [ 133.41875, 33.6 ], [ 133.4125, 33.6 ] ] ] } },
{ "type": "Feature", "properties": { "fid": 990, "OBJECTID": 9579, "KEY_CODE": "503333232", "Pref_CODE": 39, "Pref_Name": "高知県", "Shape_Length": 0.020833334000030845, "Shape_Area": 2.6041668750049021e-05 }, "geometry": { "type": "Polygon", "coordinates": [ [ [ 133.41875, 33.6 ], [ 133.41875, 33.604166667000072 ], [ 133.425, 33.604166667000072 ], [ 133.425, 33.6 ], [ 133.41875, 33.6 ] ] ] } },
{ "type": "Feature", "properties": { "fid": 991, "OBJECTID": 9580, "KEY_CODE": "503333233", "Pref_CODE": 39, "Pref_Name": "高知県", "Shape_Length": 0.020833332000051996, "Shape_Area": 2.6041662500115118e-05 }, "geometry": { "type": "Polygon", "coordinates": [ [ [ 133.4125, 33.604166667000072 ], [ 133.4125, 33.608333333000076 ], [ 133.41875, 33.608333333000076 ], [ 133.41875, 33.604166667000072 ], [ 133.4125, 33.604166667000072 ] ] ] } },
{ "type": "Feature", "properties": { "fid": 992, "OBJECTID": 9581, "KEY_CODE": "503333234", "Pref_CODE": 39, "Pref_Name": "高知県", "Shape_Length": 0.020833332000051996, "Shape_Area": 2.6041662500115118e-05 }, "geometry": { "type": "Polygon", "coordinates": [ [ [ 133.41875, 33.604166667000072 ], [ 133.41875, 33.608333333000076 ], [ 133.425, 33.608333333000076 ], [ 133.425, 33.604166667000072 ], [ 133.41875, 33.604166667000072 ] ] ] } },
{ "type": "Feature", "properties": { "fid": 993, "OBJECTID": 9582, "KEY_CODE": "503333241", "Pref_CODE": 39, "Pref_Name": "高知県", "Shape_Length": 0.020833334000030845, "Shape_Area": 2.6041668750049021e-05 }, "geometry": { "type": "Polygon", "coordinates": [ [ [ 133.425, 33.6 ], [ 133.425, 33.604166667000072 ], [ 133.43125, 33.604166667000072 ], [ 133.43125, 33.6 ], [ 133.425, 33.6 ] ] ] } },
{ "type": "Feature", "properties": { "fid": 994, "OBJECTID": 9583, "KEY_CODE": "503333242", "Pref_CODE": 39, "Pref_Name": "高知県", "Shape_Length": 0.020833334000030845, "Shape_Area": 2.6041668750049021e-05 }, "geometry": { "type": "Polygon", "coordinates": [ [ [ 133.43125, 33.6 ], [ 133.43125, 33.604166667000072 ], [ 133.437500000000114, 33.604166667000072 ], [ 133.437500000000114, 33.6 ], [ 133.43125, 33.6 ] ] ] } },
{ "type": "Feature", "properties": { "fid": 995, "OBJECTID": 9584, "KEY_CODE": "503333243", "Pref_CODE": 39, "Pref_Name": "高知県", "Shape_Length": 0.020833332000051996, "Shape_Area": 2.6041662500115118e-05 }, "geometry": { "type": "Polygon", "coordinates": [ [ [ 133.425, 33.604166667000072 ], [ 133.425, 33.608333333000076 ], [ 133.43125, 33.608333333000076 ], [ 133.43125, 33.604166667000072 ], [ 133.425, 33.604166667000072 ] ] ] } },
{ "type": "Feature", "properties": { "fid": 996, "OBJECTID": 9585, "KEY_CODE": "503333244", "Pref_CODE": 39, "Pref_Name": "高知県", "Shape_Length": 0.020833332000051996, "Shape_Area": 2.6041662500115118e-05 }, "geometry": { "type": "Polygon", "coordinates": [ [ [ 133.43125, 33.604166667000072 ], [ 133.43125, 33.608333333000076 ], [ 133.437500000000114, 33.608333333000076 ], [ 133.437500000000114, 33.604166667000072 ], [ 133.43125, 33.604166667000072 ] ] ] } },
{ "type": "Feature", "properties": { "fid": 997, "OBJECTID": 9586, "KEY_CODE": "503333251", "Pref_CODE": 39, "Pref_Name": "高知県", "Shape_Length": 0.020833333999803472, "Shape_Area": 2.6041668749575326e-05 }, "geometry": { "type": "Polygon", "coordinates": [ [ [ 133.437500000000114, 33.6 ], [ 133.437500000000114, 33.604166667000072 ], [ 133.44375, 33.604166667000072 ], [ 133.44375, 33.6 ], [ 133.437500000000114, 33.6 ] ] ] } },
{ "type": "Feature", "properties": { "fid": 998, "OBJECTID": 9587, "KEY_CODE": "503333252", "Pref_CODE": 39, "Pref_Name": "高知県", "Shape_Length": 0.020833334000030845, "Shape_Area": 2.6041668750049021e-05 }, "geometry": { "type": "Polygon", "coordinates": [ [ [ 133.44375, 33.6 ], [ 133.44375, 33.604166667000072 ], [ 133.45, 33.604166667000072 ], [ 133.45, 33.6 ], [ 133.44375, 33.6 ] ] ] } },
{ "type": "Feature", "properties": { "fid": 999, "OBJECTID": 9588, "KEY_CODE": "503333253", "Pref_CODE": 39, "Pref_Name": "高知県", "Shape_Length": 0.020833331999824622, "Shape_Area": 2.6041662499641423e-05 }, "geometry": { "type": "Polygon", "coordinates": [ [ [ 133.437500000000114, 33.604166667000072 ], [ 133.437500000000114, 33.608333333000076 ], [ 133.44375, 33.608333333000076 ], [ 133.44375, 33.604166667000072 ], [ 133.437500000000114, 33.604166667000072 ] ] ] } },
{ "type": "Feature", "properties": { "fid": 1000, "OBJECTID": 9589, "KEY_CODE": "503333254", "Pref_CODE": 39, "Pref_Name": "高知県", "Shape_Length": 0.020833332000051996, "Shape_Area": 2.6041662500115118e-05 }, "geometry": { "type": "Polygon", "coordinates": [ [ [ 133.44375, 33.604166667000072 ], [ 133.44375, 33.608333333000076 ], [ 133.45, 33.608333333000076 ], [ 133.45, 33.604166667000072 ], [ 133.44375, 33.604166667000072 ] ] ] } },
{ "type": "Feature", "properties": { "fid": 1001, "OBJECTID": 9590, "KEY_CODE": "503333261", "Pref_CODE": 39, "Pref_Name": "高知県", "Shape_Length": 0.020833334000030845, "Shape_Area": 2.6041668750049021e-05 }, "geometry": { "type": "Polygon", "coordinates": [ [ [ 133.45, 33.6 ], [ 133.45, 33.604166667000072 ], [ 133.45625, 33.604166667000072 ], [ 133.45625, 33.6 ], [ 133.45, 33.6 ] ] ] } },
{ "type": "Feature", "properties": { "fid": 1002, "OBJECTID": 9591, "KEY_CODE": "503333262", "Pref_CODE": 39, "Pref_Name": "高知県", "Shape_Length": 0.020833334000030845, "Shape_Area": 2.6041668750049021e-05 }, "geometry": { "type": "Polygon", "coordinates": [ [ [ 133.45625, 33.6 ], [ 133.45625, 33.604166667000072 ], [ 133.4625, 33.604166667000072 ], [ 133.4625, 33.6 ], [ 133.45625, 33.6 ] ] ] } },
{ "type": "Feature", "properties": { "fid": 1003, "OBJECTID": 9592, "KEY_CODE": "503333263", "Pref_CODE": 39, "Pref_Name": "高知県", "Shape_Length": 0.020833332000051996, "Shape_Area": 2.6041662500115118e-05 }, "geometry": { "type": "Polygon", "coordinates": [ [ [ 133.45, 33.604166667000072 ], [ 133.45, 33.608333333000076 ], [ 133.45625, 33.608333333000076 ], [ 133.45625, 33.604166667000072 ], [ 133.45, 33.604166667000072 ] ] ] } },
{ "type": "Feature", "properties": { "fid": 1004, "OBJECTID": 9593, "KEY_CODE": "503333264", "Pref_CODE": 39, "Pref_Name": "高知県", "Shape_Length": 0.020833332000051996, "Shape_Area": 2.6041662500115118e-05 }, "geometry": { "type": "Polygon", "coordinates": [ [ [ 133.45625, 33.604166667000072 ], [ 133.45625, 33.608333333000076 ], [ 133.4625, 33.608333333000076 ], [ 133.4625, 33.604166667000072 ], [ 133.45625, 33.604166667000072 ] ] ] } },
{ "type": "Feature", "properties": { "fid": 1005, "OBJECTID": 9594, "KEY_CODE": "503333271", "Pref_CODE": 39, "Pref_Name": "高知県", "Shape_Length": 0.020833334000030845, "Shape_Area": 2.6041668750049021e-05 }, "geometry": { "type": "Polygon", "coordinates": [ [ [ 133.4625, 33.6 ], [ 133.4625, 33.604166667000072 ], [ 133.468750000000114, 33.604166667000072 ], [ 133.468750000000114, 33.6 ], [ 133.4625, 33.6 ] ] ] } },
{ "type": "Feature", "properties": { "fid": 1006, "OBJECTID": 9595, "KEY_CODE": "503333272", "Pref_CODE": 39, "Pref_Name": "高知県", "Shape_Length": 0.020833333999803472, "Shape_Area": 2.6041668749575326e-05 }, "geometry": { "type": "Polygon", "coordinates": [ [ [ 133.468750000000114, 33.6 ], [ 133.468750000000114, 33.604166667000072 ], [ 133.475, 33.604166667000072 ], [ 133.475, 33.6 ], [ 133.468750000000114, 33.6 ] ] ] } },
{ "type": "Feature", "properties": { "fid": 1007, "OBJECTID": 9596, "KEY_CODE": "503333273", "Pref_CODE": 39, "Pref_Name": "高知県", "Shape_Length": 0.020833332000051996, "Shape_Area": 2.6041662500115118e-05 }, "geometry": { "type": "Polygon", "coordinates": [ [ [ 133.4625, 33.604166667000072 ], [ 133.4625, 33.608333333000076 ], [ 133.468750000000114, 33.608333333000076 ], [ 133.468750000000114, 33.604166667000072 ], [ 133.4625, 33.604166667000072 ] ] ] } },
{ "type": "Feature", "properties": { "fid": 1008, "OBJECTID": 9597, "KEY_CODE": "503333274", "Pref_CODE": 39, "Pref_Name": "高知県", "Shape_Length": 0.020833331999824622, "Shape_Area": 2.6041662499641423e-05 }, "geometry": { "type": "Polygon", "coordinates": [ [ [ 133.468750000000114, 33.604166667000072 ], [ 133.468750000000114, 33.608333333000076 ], [ 133.475, 33.608333333000076 ], [ 133.475, 33.604166667000072 ], [ 133.468750000000114, 33.604166667000072 ] ] ] } },
{ "type": "Feature", "properties": { "fid": 1009, "OBJECTID": 9598, "KEY_CODE": "503333281", "Pref_CODE": 39, "Pref_Name": "高知県", "Shape_Length": 0.020833334000030845, "Shape_Area": 2.6041668750049021e-05 }, "geometry": { "type": "Polygon", "coordinates": [ [ [ 133.475, 33.6 ], [ 133.475, 33.604166667000072 ], [ 133.48125, 33.604166667000072 ], [ 133.48125, 33.6 ], [ 133.475, 33.6 ] ] ] } },
{ "type": "Feature", "properties": { "fid": 1010, "OBJECTID": 9599, "KEY_CODE": "503333282", "Pref_CODE": 39, "Pref_Name": "高知県", "Shape_Length": 0.020833334000030845, "Shape_Area": 2.6041668750049021e-05 }, "geometry": { "type": "Polygon", "coordinates": [ [ [ 133.48125, 33.6 ], [ 133.48125, 33.604166667000072 ], [ 133.4875, 33.604166667000072 ], [ 133.4875, 33.6 ], [ 133.48125, 33.6 ] ] ] } },
{ "type": "Feature", "properties": { "fid": 1011, "OBJECTID": 9600, "KEY_CODE": "503333283", "Pref_CODE": 39, "Pref_Name": "高知県", "Shape_Length": 0.020833332000051996, "Shape_Area": 2.6041662500115118e-05 }, "geometry": { "type": "Polygon", "coordinates": [ [ [ 133.475, 33.604166667000072 ], [ 133.475, 33.608333333000076 ], [ 133.48125, 33.608333333000076 ], [ 133.48125, 33.604166667000072 ], [ 133.475, 33.604166667000072 ] ] ] } },
{ "type": "Feature", "properties": { "fid": 1012, "OBJECTID": 9601, "KEY_CODE": "503333284", "Pref_CODE": 39, "Pref_Name": "高知県", "Shape_Length": 0.020833332000051996, "Shape_Area": 2.6041662500115118e-05 }, "geometry": { "type": "Polygon", "coordinates": [ [ [ 133.48125, 33.604166667000072 ], [ 133.48125, 33.608333333000076 ], [ 133.4875, 33.608333333000076 ], [ 133.4875, 33.604166667000072 ], [ 133.48125, 33.604166667000072 ] ] ] } },
{ "type": "Feature", "properties": { "fid": 1013, "OBJECTID": 9602, "KEY_CODE": "503333291", "Pref_CODE": 39, "Pref_Name": "高知県", "Shape_Length": 0.020833334000030845, "Shape_Area": 2.6041668750049021e-05 }, "geometry": { "type": "Polygon", "coordinates": [ [ [ 133.4875, 33.6 ], [ 133.4875, 33.604166667000072 ], [ 133.49375, 33.604166667000072 ], [ 133.49375, 33.6 ], [ 133.4875, 33.6 ] ] ] } },
{ "type": "Feature", "properties": { "fid": 1014, "OBJECTID": 9603, "KEY_CODE": "503333292", "Pref_CODE": 39, "Pref_Name": "高知県", "Shape_Length": 0.020833334000030845, "Shape_Area": 2.6041668750049021e-05 }, "geometry": { "type": "Polygon", "coordinates": [ [ [ 133.49375, 33.6 ], [ 133.49375, 33.604166667000072 ], [ 133.500000000000114, 33.604166667000072 ], [ 133.500000000000114, 33.6 ], [ 133.49375, 33.6 ] ] ] } },
{ "type": "Feature", "properties": { "fid": 1015, "OBJECTID": 9604, "KEY_CODE": "503333293", "Pref_CODE": 39, "Pref_Name": "高知県", "Shape_Length": 0.020833332000051996, "Shape_Area": 2.6041662500115118e-05 }, "geometry": { "type": "Polygon", "coordinates": [ [ [ 133.4875, 33.604166667000072 ], [ 133.4875, 33.608333333000076 ], [ 133.49375, 33.608333333000076 ], [ 133.49375, 33.604166667000072 ], [ 133.4875, 33.604166667000072 ] ] ] } },
{ "type": "Feature", "properties": { "fid": 1016, "OBJECTID": 9605, "KEY_CODE": "503333294", "Pref_CODE": 39, "Pref_Name": "高知県", "Shape_Length": 0.020833332000051996, "Shape_Area": 2.6041662500115118e-05 }, "geometry": { "type": "Polygon", "coordinates": [ [ [ 133.49375, 33.604166667000072 ], [ 133.49375, 33.608333333000076 ], [ 133.500000000000114, 33.608333333000076 ], [ 133.500000000000114, 33.604166667000072 ], [ 133.49375, 33.604166667000072 ] ] ] } },
{ "type": "Feature", "properties": { "fid": 1017, "OBJECTID": 9611, "KEY_CODE": "503333312", "Pref_CODE": 39, "Pref_Name": "高知県", "Shape_Length": 0.020833334000030845, "Shape_Area": 2.6041668750049021e-05 }, "geometry": { "type": "Polygon", "coordinates": [ [ [ 133.4, 33.6125 ], [ 133.4, 33.608333333000076 ], [ 133.39435083, 33.608333333000076 ], [ 133.39435083, 33.6125 ], [ 133.4, 33.6125 ] ] ] } },
{ "type": "Feature", "properties": { "fid": 1018, "OBJECTID": 9613, "KEY_CODE": "503333314", "Pref_CODE": 39, "Pref_Name": "高知県", "Shape_Length": 0.020833334000030845, "Shape_Area": 2.6041668750049021e-05 }, "geometry": { "type": "Polygon", "coordinates": [ [ [ 133.4, 33.616666667000061 ], [ 133.4, 33.6125 ], [ 133.39435083, 33.6125 ], [ 133.39435083, 33.616666667000061 ], [ 133.4, 33.616666667000061 ] ] ] } },
{ "type": "Feature", "properties": { "fid": 1019, "OBJECTID": 9614, "KEY_CODE": "503333321", "Pref_CODE": 39, "Pref_Name": "高知県", "Shape_Length": 0.020833334000030845, "Shape_Area": 2.6041668750049021e-05 }, "geometry": { "type": "Polygon", "coordinates": [ [ [ 133.4, 33.608333333000076 ], [ 133.4, 33.6125 ], [ 133.406250000000114, 33.6125 ], [ 133.406250000000114, 33.608333333000076 ], [ 133.4, 33.608333333000076 ] ] ] } },
{ "type": "Feature", "properties": { "fid": 1020, "OBJECTID": 9615, "KEY_CODE": "503333322", "Pref_CODE": 39, "Pref_Name": "高知県", "Shape_Length": 0.020833333999803472, "Shape_Area": 2.6041668749575326e-05 }, "geometry": { "type": "Polygon", "coordinates": [ [ [ 133.406250000000114, 33.608333333000076 ], [ 133.406250000000114, 33.6125 ], [ 133.4125, 33.6125 ], [ 133.4125, 33.608333333000076 ], [ 133.406250000000114, 33.608333333000076 ] ] ] } },
{ "type": "Feature", "properties": { "fid": 1021, "OBJECTID": 9616, "KEY_CODE": "503333323", "Pref_CODE": 39, "Pref_Name": "高知県", "Shape_Length": 0.020833334000030845, "Shape_Area": 2.6041668750049021e-05 }, "geometry": { "type": "Polygon", "coordinates": [ [ [ 133.4, 33.6125 ], [ 133.4, 33.616666667000061 ], [ 133.406250000000114, 33.616666667000061 ], [ 133.406250000000114, 33.6125 ], [ 133.4, 33.6125 ] ] ] } },
{ "type": "Feature", "properties": { "fid": 1022, "OBJECTID": 9617, "KEY_CODE": "503333324", "Pref_CODE": 39, "Pref_Name": "高知県", "Shape_Length": 0.020833333999803472, "Shape_Area": 2.6041668749575326e-05 }, "geometry": { "type": "Polygon", "coordinates": [ [ [ 133.406250000000114, 33.6125 ], [ 133.406250000000114, 33.616666667000061 ], [ 133.4125, 33.616666667000061 ], [ 133.4125, 33.6125 ], [ 133.406250000000114, 33.6125 ] ] ] } },
{ "type": "Feature", "properties": { "fid": 1023, "OBJECTID": 9618, "KEY_CODE": "503333331", "Pref_CODE": 39, "Pref_Name": "高知県", "Shape_Length": 0.020833334000030845, "Shape_Area": 2.6041668750049021e-05 }, "geometry": { "type": "Polygon", "coordinates": [ [ [ 133.4125, 33.608333333000076 ], [ 133.4125, 33.6125 ], [ 133.41875, 33.6125 ], [ 133.41875, 33.608333333000076 ], [ 133.4125, 33.608333333000076 ] ] ] } },
{ "type": "Feature", "properties": { "fid": 1024, "OBJECTID": 9619, "KEY_CODE": "503333332", "Pref_CODE": 39, "Pref_Name": "高知県", "Shape_Length": 0.020833334000030845, "Shape_Area": 2.6041668750049021e-05 }, "geometry": { "type": "Polygon", "coordinates": [ [ [ 133.41875, 33.608333333000076 ], [ 133.41875, 33.6125 ], [ 133.425, 33.6125 ], [ 133.425, 33.608333333000076 ], [ 133.41875, 33.608333333000076 ] ] ] } },
{ "type": "Feature", "properties": { "fid": 1025, "OBJECTID": 9620, "KEY_CODE": "503333333", "Pref_CODE": 39, "Pref_Name": "高知県", "Shape_Length": 0.020833334000030845, "Shape_Area": 2.6041668750049021e-05 }, "geometry": { "type": "Polygon", "coordinates": [ [ [ 133.4125, 33.6125 ], [ 133.4125, 33.616666667000061 ], [ 133.41875, 33.616666667000061 ], [ 133.41875, 33.6125 ], [ 133.4125, 33.6125 ] ] ] } },
{ "type": "Feature", "properties": { "fid": 1026, "OBJECTID": 9621, "KEY_CODE": "503333334", "Pref_CODE": 39, "Pref_Name": "高知県", "Shape_Length": 0.020833334000030845, "Shape_Area": 2.6041668750049021e-05 }, "geometry": { "type": "Polygon", "coordinates": [ [ [ 133.41875, 33.6125 ], [ 133.41875, 33.616666667000061 ], [ 133.425, 33.616666667000061 ], [ 133.425, 33.6125 ], [ 133.41875, 33.6125 ] ] ] } },
{ "type": "Feature", "properties": { "fid": 1027, "OBJECTID": 9622, "KEY_CODE": "503333341", "Pref_CODE": 39, "Pref_Name": "高知県", "Shape_Length": 0.020833334000030845, "Shape_Area": 2.6041668750049021e-05 }, "geometry": { "type": "Polygon", "coordinates": [ [ [ 133.425, 33.608333333000076 ], [ 133.425, 33.6125 ], [ 133.43125, 33.6125 ], [ 133.43125, 33.608333333000076 ], [ 133.425, 33.608333333000076 ] ] ] } },
{ "type": "Feature", "properties": { "fid": 1028, "OBJECTID": 9623, "KEY_CODE": "503333342", "Pref_CODE": 39, "Pref_Name": "高知県", "Shape_Length": 0.020833334000030845, "Shape_Area": 2.6041668750049021e-05 }, "geometry": { "type": "Polygon", "coordinates": [ [ [ 133.43125, 33.608333333000076 ], [ 133.43125, 33.6125 ], [ 133.437500000000114, 33.6125 ], [ 133.437500000000114, 33.608333333000076 ], [ 133.43125, 33.608333333000076 ] ] ] } },
{ "type": "Feature", "properties": { "fid": 1029, "OBJECTID": 9624, "KEY_CODE": "503333343", "Pref_CODE": 39, "Pref_Name": "高知県", "Shape_Length": 0.020833334000030845, "Shape_Area": 2.6041668750049021e-05 }, "geometry": { "type": "Polygon", "coordinates": [ [ [ 133.425, 33.6125 ], [ 133.425, 33.616666667000061 ], [ 133.43125, 33.616666667000061 ], [ 133.43125, 33.6125 ], [ 133.425, 33.6125 ] ] ] } },
{ "type": "Feature", "properties": { "fid": 1030, "OBJECTID": 9625, "KEY_CODE": "503333344", "Pref_CODE": 39, "Pref_Name": "高知県", "Shape_Length": 0.020833334000030845, "Shape_Area": 2.6041668750049021e-05 }, "geometry": { "type": "Polygon", "coordinates": [ [ [ 133.43125, 33.6125 ], [ 133.43125, 33.616666667000061 ], [ 133.437500000000114, 33.616666667000061 ], [ 133.437500000000114, 33.6125 ], [ 133.43125, 33.6125 ] ] ] } },
{ "type": "Feature", "properties": { "fid": 1031, "OBJECTID": 9626, "KEY_CODE": "503333351", "Pref_CODE": 39, "Pref_Name": "高知県", "Shape_Length": 0.020833333999803472, "Shape_Area": 2.6041668749575326e-05 }, "geometry": { "type": "Polygon", "coordinates": [ [ [ 133.437500000000114, 33.608333333000076 ], [ 133.437500000000114, 33.6125 ], [ 133.44375, 33.6125 ], [ 133.44375, 33.608333333000076 ], [ 133.437500000000114, 33.608333333000076 ] ] ] } },
{ "type": "Feature", "properties": { "fid": 1032, "OBJECTID": 9627, "KEY_CODE": "503333352", "Pref_CODE": 39, "Pref_Name": "高知県", "Shape_Length": 0.020833334000030845, "Shape_Area": 2.6041668750049021e-05 }, "geometry": { "type": "Polygon", "coordinates": [ [ [ 133.44375, 33.608333333000076 ], [ 133.44375, 33.6125 ], [ 133.45, 33.6125 ], [ 133.45, 33.608333333000076 ], [ 133.44375, 33.608333333000076 ] ] ] } },
{ "type": "Feature", "properties": { "fid": 1033, "OBJECTID": 9628, "KEY_CODE": "503333353", "Pref_CODE": 39, "Pref_Name": "高知県", "Shape_Length": 0.020833333999803472, "Shape_Area": 2.6041668749575326e-05 }, "geometry": { "type": "Polygon", "coordinates": [ [ [ 133.437500000000114, 33.6125 ], [ 133.437500000000114, 33.616666667000061 ], [ 133.44375, 33.616666667000061 ], [ 133.44375, 33.6125 ], [ 133.437500000000114, 33.6125 ] ] ] } },
{ "type": "Feature", "properties": { "fid": 1034, "OBJECTID": 9629, "KEY_CODE": "503333354", "Pref_CODE": 39, "Pref_Name": "高知県", "Shape_Length": 0.020833334000030845, "Shape_Area": 2.6041668750049021e-05 }, "geometry": { "type": "Polygon", "coordinates": [ [ [ 133.44375, 33.6125 ], [ 133.44375, 33.616666667000061 ], [ 133.45, 33.616666667000061 ], [ 133.45, 33.6125 ], [ 133.44375, 33.6125 ] ] ] } },
{ "type": "Feature", "properties": { "fid": 1035, "OBJECTID": 9630, "KEY_CODE": "503333361", "Pref_CODE": 39, "Pref_Name": "高知県", "Shape_Length": 0.020833334000030845, "Shape_Area": 2.6041668750049021e-05 }, "geometry": { "type": "Polygon", "coordinates": [ [ [ 133.45, 33.608333333000076 ], [ 133.45, 33.6125 ], [ 133.45625, 33.6125 ], [ 133.45625, 33.608333333000076 ], [ 133.45, 33.608333333000076 ] ] ] } },
{ "type": "Feature", "properties": { "fid": 1036, "OBJECTID": 9631, "KEY_CODE": "503333362", "Pref_CODE": 39, "Pref_Name": "高知県", "Shape_Length": 0.020833334000030845, "Shape_Area": 2.6041668750049021e-05 }, "geometry": { "type": "Polygon", "coordinates": [ [ [ 133.45625, 33.608333333000076 ], [ 133.45625, 33.6125 ], [ 133.4625, 33.6125 ], [ 133.4625, 33.608333333000076 ], [ 133.45625, 33.608333333000076 ] ] ] } },
{ "type": "Feature", "properties": { "fid": 1037, "OBJECTID": 9632, "KEY_CODE": "503333363", "Pref_CODE": 39, "Pref_Name": "高知県", "Shape_Length": 0.020833334000030845, "Shape_Area": 2.6041668750049021e-05 }, "geometry": { "type": "Polygon", "coordinates": [ [ [ 133.45, 33.6125 ], [ 133.45, 33.616666667000061 ], [ 133.45625, 33.616666667000061 ], [ 133.45625, 33.6125 ], [ 133.45, 33.6125 ] ] ] } },
{ "type": "Feature", "properties": { "fid": 1038, "OBJECTID": 9633, "KEY_CODE": "503333364", "Pref_CODE": 39, "Pref_Name": "高知県", "Shape_Length": 0.020833334000030845, "Shape_Area": 2.6041668750049021e-05 }, "geometry": { "type": "Polygon", "coordinates": [ [ [ 133.45625, 33.6125 ], [ 133.45625, 33.616666667000061 ], [ 133.4625, 33.616666667000061 ], [ 133.4625, 33.6125 ], [ 133.45625, 33.6125 ] ] ] } },
{ "type": "Feature", "properties": { "fid": 1039, "OBJECTID": 9634, "KEY_CODE": "503333371", "Pref_CODE": 39, "Pref_Name": "高知県", "Shape_Length": 0.020833334000030845, "Shape_Area": 2.6041668750049021e-05 }, "geometry": { "type": "Polygon", "coordinates": [ [ [ 133.4625, 33.608333333000076 ], [ 133.4625, 33.6125 ], [ 133.468750000000114, 33.6125 ], [ 133.468750000000114, 33.608333333000076 ], [ 133.4625, 33.608333333000076 ] ] ] } },
{ "type": "Feature", "properties": { "fid": 1040, "OBJECTID": 9635, "KEY_CODE": "503333372", "Pref_CODE": 39, "Pref_Name": "高知県", "Shape_Length": 0.020833333999803472, "Shape_Area": 2.6041668749575326e-05 }, "geometry": { "type": "Polygon", "coordinates": [ [ [ 133.468750000000114, 33.608333333000076 ], [ 133.468750000000114, 33.6125 ], [ 133.475, 33.6125 ], [ 133.475, 33.608333333000076 ], [ 133.468750000000114, 33.608333333000076 ] ] ] } },
{ "type": "Feature", "properties": { "fid": 1041, "OBJECTID": 9636, "KEY_CODE": "503333373", "Pref_CODE": 39, "Pref_Name": "高知県", "Shape_Length": 0.020833334000030845, "Shape_Area": 2.6041668750049021e-05 }, "geometry": { "type": "Polygon", "coordinates": [ [ [ 133.4625, 33.6125 ], [ 133.4625, 33.616666667000061 ], [ 133.468750000000114, 33.616666667000061 ], [ 133.468750000000114, 33.6125 ], [ 133.4625, 33.6125 ] ] ] } },
{ "type": "Feature", "properties": { "fid": 1042, "OBJECTID": 9637, "KEY_CODE": "503333374", "Pref_CODE": 39, "Pref_Name": "高知県", "Shape_Length": 0.020833333999803472, "Shape_Area": 2.6041668749575326e-05 }, "geometry": { "type": "Polygon", "coordinates": [ [ [ 133.468750000000114, 33.6125 ], [ 133.468750000000114, 33.616666667000061 ], [ 133.475, 33.616666667000061 ], [ 133.475, 33.6125 ], [ 133.468750000000114, 33.6125 ] ] ] } },
{ "type": "Feature", "properties": { "fid": 1043, "OBJECTID": 9638, "KEY_CODE": "503333381", "Pref_CODE": 39, "Pref_Name": "高知県", "Shape_Length": 0.020833334000030845, "Shape_Area": 2.6041668750049021e-05 }, "geometry": { "type": "Polygon", "coordinates": [ [ [ 133.475, 33.608333333000076 ], [ 133.475, 33.6125 ], [ 133.48125, 33.6125 ], [ 133.48125, 33.608333333000076 ], [ 133.475, 33.608333333000076 ] ] ] } },
{ "type": "Feature", "properties": { "fid": 1044, "OBJECTID": 9639, "KEY_CODE": "503333382", "Pref_CODE": 39, "Pref_Name": "高知県", "Shape_Length": 0.020833334000030845, "Shape_Area": 2.6041668750049021e-05 }, "geometry": { "type": "Polygon", "coordinates": [ [ [ 133.48125, 33.608333333000076 ], [ 133.48125, 33.6125 ], [ 133.4875, 33.6125 ], [ 133.4875, 33.608333333000076 ], [ 133.48125, 33.608333333000076 ] ] ] } },
{ "type": "Feature", "properties": { "fid": 1045, "OBJECTID": 9640, "KEY_CODE": "503333383", "Pref_CODE": 39, "Pref_Name": "高知県", "Shape_Length": 0.020833334000030845, "Shape_Area": 2.6041668750049021e-05 }, "geometry": { "type": "Polygon", "coordinates": [ [ [ 133.475, 33.6125 ], [ 133.475, 33.616666667000061 ], [ 133.48125, 33.616666667000061 ], [ 133.48125, 33.6125 ], [ 133.475, 33.6125 ] ] ] } },
{ "type": "Feature", "properties": { "fid": 1046, "OBJECTID": 9641, "KEY_CODE": "503333384", "Pref_CODE": 39, "Pref_Name": "高知県", "Shape_Length": 0.020833334000030845, "Shape_Area": 2.6041668750049021e-05 }, "geometry": { "type": "Polygon", "coordinates": [ [ [ 133.48125, 33.6125 ], [ 133.48125, 33.616666667000061 ], [ 133.4875, 33.616666667000061 ], [ 133.4875, 33.6125 ], [ 133.48125, 33.6125 ] ] ] } },
{ "type": "Feature", "properties": { "fid": 1047, "OBJECTID": 9642, "KEY_CODE": "503333391", "Pref_CODE": 39, "Pref_Name": "高知県", "Shape_Length": 0.020833334000030845, "Shape_Area": 2.6041668750049021e-05 }, "geometry": { "type": "Polygon", "coordinates": [ [ [ 133.4875, 33.608333333000076 ], [ 133.4875, 33.6125 ], [ 133.49375, 33.6125 ], [ 133.49375, 33.608333333000076 ], [ 133.4875, 33.608333333000076 ] ] ] } },
{ "type": "Feature", "properties": { "fid": 1048, "OBJECTID": 9643, "KEY_CODE": "503333392", "Pref_CODE": 39, "Pref_Name": "高知県", "Shape_Length": 0.020833334000030845, "Shape_Area": 2.6041668750049021e-05 }, "geometry": { "type": "Polygon", "coordinates": [ [ [ 133.49375, 33.608333333000076 ], [ 133.49375, 33.6125 ], [ 133.500000000000114, 33.6125 ], [ 133.500000000000114, 33.608333333000076 ], [ 133.49375, 33.608333333000076 ] ] ] } },
{ "type": "Feature", "properties": { "fid": 1049, "OBJECTID": 9644, "KEY_CODE": "503333393", "Pref_CODE": 39, "Pref_Name": "高知県", "Shape_Length": 0.020833334000030845, "Shape_Area": 2.6041668750049021e-05 }, "geometry": { "type": "Polygon", "coordinates": [ [ [ 133.4875, 33.6125 ], [ 133.4875, 33.616666667000061 ], [ 133.49375, 33.616666667000061 ], [ 133.49375, 33.6125 ], [ 133.4875, 33.6125 ] ] ] } },
{ "type": "Feature", "properties": { "fid": 1050, "OBJECTID": 9645, "KEY_CODE": "503333394", "Pref_CODE": 39, "Pref_Name": "高知県", "Shape_Length": 0.020833334000030845, "Shape_Area": 2.6041668750049021e-05 }, "geometry": { "type": "Polygon", "coordinates": [ [ [ 133.49375, 33.6125 ], [ 133.49375, 33.616666667000061 ], [ 133.500000000000114, 33.616666667000061 ], [ 133.500000000000114, 33.6125 ], [ 133.49375, 33.6125 ] ] ] } },
{ "type": "Feature", "properties": { "fid": 1051, "OBJECTID": 9651, "KEY_CODE": "503333412", "Pref_CODE": 39, "Pref_Name": "高知県", "Shape_Length": 0.020833332000051996, "Shape_Area": 2.6041662500115118e-05 }, "geometry": { "type": "Polygon", "coordinates": [ [ [ 133.4, 33.620833333000064 ], [ 133.4, 33.616666667000061 ], [ 133.39435083, 33.616666667000061 ], [ 133.39435083, 33.620833333000064 ], [ 133.4, 33.620833333000064 ] ] ] } },
{ "type": "Feature", "properties": { "fid": 1052, "OBJECTID": 9653, "KEY_CODE": "503333414", "Pref_CODE": 39, "Pref_Name": "高知県", "Shape_Length": 0.020833334000030845, "Shape_Area": 2.6041668750049021e-05 }, "geometry": { "type": "Polygon", "coordinates": [ [ [ 133.4, 33.625 ], [ 133.4, 33.620833333000064 ], [ 133.39435083, 33.620833333000064 ], [ 133.39435083, 33.625 ], [ 133.4, 33.625 ] ] ] } },
{ "type": "Feature", "properties": { "fid": 1053, "OBJECTID": 9654, "KEY_CODE": "503333421", "Pref_CODE": 39, "Pref_Name": "高知県", "Shape_Length": 0.020833332000051996, "Shape_Area": 2.6041662500115118e-05 }, "geometry": { "type": "Polygon", "coordinates": [ [ [ 133.4, 33.616666667000061 ], [ 133.4, 33.620833333000064 ], [ 133.406250000000114, 33.620833333000064 ], [ 133.406250000000114, 33.616666667000061 ], [ 133.4, 33.616666667000061 ] ] ] } },
{ "type": "Feature", "properties": { "fid": 1054, "OBJECTID": 9655, "KEY_CODE": "503333422", "Pref_CODE": 39, "Pref_Name": "高知県", "Shape_Length": 0.020833331999824622, "Shape_Area": 2.6041662499641423e-05 }, "geometry": { "type": "Polygon", "coordinates": [ [ [ 133.406250000000114, 33.616666667000061 ], [ 133.406250000000114, 33.620833333000064 ], [ 133.4125, 33.620833333000064 ], [ 133.4125, 33.616666667000061 ], [ 133.406250000000114, 33.616666667000061 ] ] ] } },
{ "type": "Feature", "properties": { "fid": 1055, "OBJECTID": 9656, "KEY_CODE": "503333423", "Pref_CODE": 39, "Pref_Name": "高知県", "Shape_Length": 0.020833334000030845, "Shape_Area": 2.6041668750049021e-05 }, "geometry": { "type": "Polygon", "coordinates": [ [ [ 133.4, 33.620833333000064 ], [ 133.4, 33.625 ], [ 133.406250000000114, 33.625 ], [ 133.406250000000114, 33.620833333000064 ], [ 133.4, 33.620833333000064 ] ] ] } },
{ "type": "Feature", "properties": { "fid": 1056, "OBJECTID": 9657, "KEY_CODE": "503333424", "Pref_CODE": 39, "Pref_Name": "高知県", "Shape_Length": 0.020833333999803472, "Shape_Area": 2.6041668749575326e-05 }, "geometry": { "type": "Polygon", "coordinates": [ [ [ 133.406250000000114, 33.620833333000064 ], [ 133.406250000000114, 33.625 ], [ 133.4125, 33.625 ], [ 133.4125, 33.620833333000064 ], [ 133.406250000000114, 33.620833333000064 ] ] ] } },
{ "type": "Feature", "properties": { "fid": 1057, "OBJECTID": 9658, "KEY_CODE": "503333431", "Pref_CODE": 39, "Pref_Name": "高知県", "Shape_Length": 0.020833332000051996, "Shape_Area": 2.6041662500115118e-05 }, "geometry": { "type": "Polygon", "coordinates": [ [ [ 133.4125, 33.616666667000061 ], [ 133.4125, 33.620833333000064 ], [ 133.41875, 33.620833333000064 ], [ 133.41875, 33.616666667000061 ], [ 133.4125, 33.616666667000061 ] ] ] } },
{ "type": "Feature", "properties": { "fid": 1058, "OBJECTID": 9659, "KEY_CODE": "503333432", "Pref_CODE": 39, "Pref_Name": "高知県", "Shape_Length": 0.020833332000051996, "Shape_Area": 2.6041662500115118e-05 }, "geometry": { "type": "Polygon", "coordinates": [ [ [ 133.41875, 33.616666667000061 ], [ 133.41875, 33.620833333000064 ], [ 133.425, 33.620833333000064 ], [ 133.425, 33.616666667000061 ], [ 133.41875, 33.616666667000061 ] ] ] } },
{ "type": "Feature", "properties": { "fid": 1059, "OBJECTID": 9660, "KEY_CODE": "503333433", "Pref_CODE": 39, "Pref_Name": "高知県", "Shape_Length": 0.020833334000030845, "Shape_Area": 2.6041668750049021e-05 }, "geometry": { "type": "Polygon", "coordinates": [ [ [ 133.4125, 33.620833333000064 ], [ 133.4125, 33.625 ], [ 133.41875, 33.625 ], [ 133.41875, 33.620833333000064 ], [ 133.4125, 33.620833333000064 ] ] ] } },
{ "type": "Feature", "properties": { "fid": 1060, "OBJECTID": 9661, "KEY_CODE": "503333434", "Pref_CODE": 39, "Pref_Name": "高知県", "Shape_Length": 0.020833334000030845, "Shape_Area": 2.6041668750049021e-05 }, "geometry": { "type": "Polygon", "coordinates": [ [ [ 133.41875, 33.620833333000064 ], [ 133.41875, 33.625 ], [ 133.425, 33.625 ], [ 133.425, 33.620833333000064 ], [ 133.41875, 33.620833333000064 ] ] ] } },
{ "type": "Feature", "properties": { "fid": 1061, "OBJECTID": 9662, "KEY_CODE": "503333441", "Pref_CODE": 39, "Pref_Name": "高知県", "Shape_Length": 0.020833332000051996, "Shape_Area": 2.6041662500115118e-05 }, "geometry": { "type": "Polygon", "coordinates": [ [ [ 133.425, 33.616666667000061 ], [ 133.425, 33.620833333000064 ], [ 133.43125, 33.620833333000064 ], [ 133.43125, 33.616666667000061 ], [ 133.425, 33.616666667000061 ] ] ] } },
{ "type": "Feature", "properties": { "fid": 1062, "OBJECTID": 9663, "KEY_CODE": "503333442", "Pref_CODE": 39, "Pref_Name": "高知県", "Shape_Length": 0.020833332000051996, "Shape_Area": 2.6041662500115118e-05 }, "geometry": { "type": "Polygon", "coordinates": [ [ [ 133.43125, 33.616666667000061 ], [ 133.43125, 33.620833333000064 ], [ 133.437500000000114, 33.620833333000064 ], [ 133.437500000000114, 33.616666667000061 ], [ 133.43125, 33.616666667000061 ] ] ] } },
{ "type": "Feature", "properties": { "fid": 1063, "OBJECTID": 9664, "KEY_CODE": "503333443", "Pref_CODE": 39, "Pref_Name": "高知県", "Shape_Length": 0.020833334000030845, "Shape_Area": 2.6041668750049021e-05 }, "geometry": { "type": "Polygon", "coordinates": [ [ [ 133.425, 33.620833333000064 ], [ 133.425, 33.625 ], [ 133.43125, 33.625 ], [ 133.43125, 33.620833333000064 ], [ 133.425, 33.620833333000064 ] ] ] } },
{ "type": "Feature", "properties": { "fid": 1064, "OBJECTID": 9665, "KEY_CODE": "503333444", "Pref_CODE": 39, "Pref_Name": "高知県", "Shape_Length": 0.020833334000030845, "Shape_Area": 2.6041668750049021e-05 }, "geometry": { "type": "Polygon", "coordinates": [ [ [ 133.43125, 33.620833333000064 ], [ 133.43125, 33.625 ], [ 133.437500000000114, 33.625 ], [ 133.437500000000114, 33.620833333000064 ], [ 133.43125, 33.620833333000064 ] ] ] } },
{ "type": "Feature", "properties": { "fid": 1065, "OBJECTID": 9666, "KEY_CODE": "503333451", "Pref_CODE": 39, "Pref_Name": "高知県", "Shape_Length": 0.020833331999824622, "Shape_Area": 2.6041662499641423e-05 }, "geometry": { "type": "Polygon", "coordinates": [ [ [ 133.437500000000114, 33.616666667000061 ], [ 133.437500000000114, 33.620833333000064 ], [ 133.44375, 33.620833333000064 ], [ 133.44375, 33.616666667000061 ], [ 133.437500000000114, 33.616666667000061 ] ] ] } },
{ "type": "Feature", "properties": { "fid": 1066, "OBJECTID": 9667, "KEY_CODE": "503333452", "Pref_CODE": 39, "Pref_Name": "高知県", "Shape_Length": 0.020833332000051996, "Shape_Area": 2.6041662500115118e-05 }, "geometry": { "type": "Polygon", "coordinates": [ [ [ 133.44375, 33.616666667000061 ], [ 133.44375, 33.620833333000064 ], [ 133.45, 33.620833333000064 ], [ 133.45, 33.616666667000061 ], [ 133.44375, 33.616666667000061 ] ] ] } },
{ "type": "Feature", "properties": { "fid": 1067, "OBJECTID": 9668, "KEY_CODE": "503333453", "Pref_CODE": 39, "Pref_Name": "高知県", "Shape_Length": 0.020833333999803472, "Shape_Area": 2.6041668749575326e-05 }, "geometry": { "type": "Polygon", "coordinates": [ [ [ 133.437500000000114, 33.620833333000064 ], [ 133.437500000000114, 33.625 ], [ 133.44375, 33.625 ], [ 133.44375, 33.620833333000064 ], [ 133.437500000000114, 33.620833333000064 ] ] ] } },
{ "type": "Feature", "properties": { "fid": 1068, "OBJECTID": 9669, "KEY_CODE": "503333454", "Pref_CODE": 39, "Pref_Name": "高知県", "Shape_Length": 0.020833334000030845, "Shape_Area": 2.6041668750049021e-05 }, "geometry": { "type": "Polygon", "coordinates": [ [ [ 133.44375, 33.620833333000064 ], [ 133.44375, 33.625 ], [ 133.45, 33.625 ], [ 133.45, 33.620833333000064 ], [ 133.44375, 33.620833333000064 ] ] ] } },
{ "type": "Feature", "properties": { "fid": 1069, "OBJECTID": 9670, "KEY_CODE": "503333461", "Pref_CODE": 39, "Pref_Name": "高知県", "Shape_Length": 0.020833332000051996, "Shape_Area": 2.6041662500115118e-05 }, "geometry": { "type": "Polygon", "coordinates": [ [ [ 133.45, 33.616666667000061 ], [ 133.45, 33.620833333000064 ], [ 133.45625, 33.620833333000064 ], [ 133.45625, 33.616666667000061 ], [ 133.45, 33.616666667000061 ] ] ] } },
{ "type": "Feature", "properties": { "fid": 1070, "OBJECTID": 9671, "KEY_CODE": "503333462", "Pref_CODE": 39, "Pref_Name": "高知県", "Shape_Length": 0.020833332000051996, "Shape_Area": 2.6041662500115118e-05 }, "geometry": { "type": "Polygon", "coordinates": [ [ [ 133.45625, 33.616666667000061 ], [ 133.45625, 33.620833333000064 ], [ 133.4625, 33.620833333000064 ], [ 133.4625, 33.616666667000061 ], [ 133.45625, 33.616666667000061 ] ] ] } },
{ "type": "Feature", "properties": { "fid": 1071, "OBJECTID": 9672, "KEY_CODE": "503333463", "Pref_CODE": 39, "Pref_Name": "高知県", "Shape_Length": 0.020833334000030845, "Shape_Area": 2.6041668750049021e-05 }, "geometry": { "type": "Polygon", "coordinates": [ [ [ 133.45, 33.620833333000064 ], [ 133.45, 33.625 ], [ 133.45625, 33.625 ], [ 133.45625, 33.620833333000064 ], [ 133.45, 33.620833333000064 ] ] ] } },
{ "type": "Feature", "properties": { "fid": 1072, "OBJECTID": 9673, "KEY_CODE": "503333464", "Pref_CODE": 39, "Pref_Name": "高知県", "Shape_Length": 0.020833334000030845, "Shape_Area": 2.6041668750049021e-05 }, "geometry": { "type": "Polygon", "coordinates": [ [ [ 133.45625, 33.620833333000064 ], [ 133.45625, 33.625 ], [ 133.4625, 33.625 ], [ 133.4625, 33.620833333000064 ], [ 133.45625, 33.620833333000064 ] ] ] } },
{ "type": "Feature", "properties": { "fid": 1073, "OBJECTID": 9674, "KEY_CODE": "503333471", "Pref_CODE": 39, "Pref_Name": "高知県", "Shape_Length": 0.020833332000051996, "Shape_Area": 2.6041662500115118e-05 }, "geometry": { "type": "Polygon", "coordinates": [ [ [ 133.4625, 33.616666667000061 ], [ 133.4625, 33.620833333000064 ], [ 133.468750000000114, 33.620833333000064 ], [ 133.468750000000114, 33.616666667000061 ], [ 133.4625, 33.616666667000061 ] ] ] } },
{ "type": "Feature", "properties": { "fid": 1074, "OBJECTID": 9675, "KEY_CODE": "503333472", "Pref_CODE": 39, "Pref_Name": "高知県", "Shape_Length": 0.020833331999824622, "Shape_Area": 2.6041662499641423e-05 }, "geometry": { "type": "Polygon", "coordinates": [ [ [ 133.468750000000114, 33.616666667000061 ], [ 133.468750000000114, 33.620833333000064 ], [ 133.475, 33.620833333000064 ], [ 133.475, 33.616666667000061 ], [ 133.468750000000114, 33.616666667000061 ] ] ] } },
{ "type": "Feature", "properties": { "fid": 1075, "OBJECTID": 9676, "KEY_CODE": "503333473", "Pref_CODE": 39, "Pref_Name": "高知県", "Shape_Length": 0.020833334000030845, "Shape_Area": 2.6041668750049021e-05 }, "geometry": { "type": "Polygon", "coordinates": [ [ [ 133.4625, 33.620833333000064 ], [ 133.4625, 33.625 ], [ 133.468750000000114, 33.625 ], [ 133.468750000000114, 33.620833333000064 ], [ 133.4625, 33.620833333000064 ] ] ] } },
{ "type": "Feature", "properties": { "fid": 1076, "OBJECTID": 9677, "KEY_CODE": "503333474", "Pref_CODE": 39, "Pref_Name": "高知県", "Shape_Length": 0.020833333999803472, "Shape_Area": 2.6041668749575326e-05 }, "geometry": { "type": "Polygon", "coordinates": [ [ [ 133.468750000000114, 33.620833333000064 ], [ 133.468750000000114, 33.625 ], [ 133.475, 33.625 ], [ 133.475, 33.620833333000064 ], [ 133.468750000000114, 33.620833333000064 ] ] ] } },
{ "type": "Feature", "properties": { "fid": 1077, "OBJECTID": 9678, "KEY_CODE": "503333481", "Pref_CODE": 39, "Pref_Name": "高知県", "Shape_Length": 0.020833332000051996, "Shape_Area": 2.6041662500115118e-05 }, "geometry": { "type": "Polygon", "coordinates": [ [ [ 133.475, 33.616666667000061 ], [ 133.475, 33.620833333000064 ], [ 133.48125, 33.620833333000064 ], [ 133.48125, 33.616666667000061 ], [ 133.475, 33.616666667000061 ] ] ] } },
{ "type": "Feature", "properties": { "fid": 1078, "OBJECTID": 9679, "KEY_CODE": "503333482", "Pref_CODE": 39, "Pref_Name": "高知県", "Shape_Length": 0.020833332000051996, "Shape_Area": 2.6041662500115118e-05 }, "geometry": { "type": "Polygon", "coordinates": [ [ [ 133.48125, 33.616666667000061 ], [ 133.48125, 33.620833333000064 ], [ 133.4875, 33.620833333000064 ], [ 133.4875, 33.616666667000061 ], [ 133.48125, 33.616666667000061 ] ] ] } },
{ "type": "Feature", "properties": { "fid": 1079, "OBJECTID": 9680, "KEY_CODE": "503333483", "Pref_CODE": 39, "Pref_Name": "高知県", "Shape_Length": 0.020833334000030845, "Shape_Area": 2.6041668750049021e-05 }, "geometry": { "type": "Polygon", "coordinates": [ [ [ 133.475, 33.620833333000064 ], [ 133.475, 33.625 ], [ 133.48125, 33.625 ], [ 133.48125, 33.620833333000064 ], [ 133.475, 33.620833333000064 ] ] ] } },
{ "type": "Feature", "properties": { "fid": 1080, "OBJECTID": 9681, "KEY_CODE": "503333484", "Pref_CODE": 39, "Pref_Name": "高知県", "Shape_Length": 0.020833334000030845, "Shape_Area": 2.6041668750049021e-05 }, "geometry": { "type": "Polygon", "coordinates": [ [ [ 133.48125, 33.620833333000064 ], [ 133.48125, 33.625 ], [ 133.4875, 33.625 ], [ 133.4875, 33.620833333000064 ], [ 133.48125, 33.620833333000064 ] ] ] } },
{ "type": "Feature", "properties": { "fid": 1081, "OBJECTID": 9682, "KEY_CODE": "503333491", "Pref_CODE": 39, "Pref_Name": "高知県", "Shape_Length": 0.020833332000051996, "Shape_Area": 2.6041662500115118e-05 }, "geometry": { "type": "Polygon", "coordinates": [ [ [ 133.4875, 33.616666667000061 ], [ 133.4875, 33.620833333000064 ], [ 133.49375, 33.620833333000064 ], [ 133.49375, 33.616666667000061 ], [ 133.4875, 33.616666667000061 ] ] ] } },
{ "type": "Feature", "properties": { "fid": 1082, "OBJECTID": 9683, "KEY_CODE": "503333492", "Pref_CODE": 39, "Pref_Name": "高知県", "Shape_Length": 0.020833332000051996, "Shape_Area": 2.6041662500115118e-05 }, "geometry": { "type": "Polygon", "coordinates": [ [ [ 133.49375, 33.616666667000061 ], [ 133.49375, 33.620833333000064 ], [ 133.500000000000114, 33.620833333000064 ], [ 133.500000000000114, 33.616666667000061 ], [ 133.49375, 33.616666667000061 ] ] ] } },
{ "type": "Feature", "properties": { "fid": 1083, "OBJECTID": 9684, "KEY_CODE": "503333493", "Pref_CODE": 39, "Pref_Name": "高知県", "Shape_Length": 0.020833334000030845, "Shape_Area": 2.6041668750049021e-05 }, "geometry": { "type": "Polygon", "coordinates": [ [ [ 133.4875, 33.620833333000064 ], [ 133.4875, 33.625 ], [ 133.49375, 33.625 ], [ 133.49375, 33.620833333000064 ], [ 133.4875, 33.620833333000064 ] ] ] } },
{ "type": "Feature", "properties": { "fid": 1084, "OBJECTID": 9685, "KEY_CODE": "503333494", "Pref_CODE": 39, "Pref_Name": "高知県", "Shape_Length": 0.020833334000030845, "Shape_Area": 2.6041668750049021e-05 }, "geometry": { "type": "Polygon", "coordinates": [ [ [ 133.49375, 33.620833333000064 ], [ 133.49375, 33.625 ], [ 133.500000000000114, 33.625 ], [ 133.500000000000114, 33.620833333000064 ], [ 133.49375, 33.620833333000064 ] ] ] } },
{ "type": "Feature", "properties": { "fid": 1085, "OBJECTID": 9691, "KEY_CODE": "503333512", "Pref_CODE": 39, "Pref_Name": "高知県", "Shape_Length": 0.020833334000030845, "Shape_Area": 2.6041668750049021e-05 }, "geometry": { "type": "Polygon", "coordinates": [ [ [ 133.4, 33.62916666700005 ], [ 133.4, 33.625 ], [ 133.39435083, 33.625 ], [ 133.39435083, 33.62916666700005 ], [ 133.4, 33.62916666700005 ] ] ] } },
{ "type": "Feature", "properties": { "fid": 1086, "OBJECTID": 9693, "KEY_CODE": "503333514", "Pref_CODE": 39, "Pref_Name": "高知県", "Shape_Length": 0.020833332000051996, "Shape_Area": 2.6041662500115118e-05 }, "geometry": { "type": "Polygon", "coordinates": [ [ [ 133.4, 33.633333333000053 ], [ 133.4, 33.62916666700005 ], [ 133.39435083, 33.62916666700005 ], [ 133.39435083, 33.633333333000053 ], [ 133.4, 33.633333333000053 ] ] ] } },
{ "type": "Feature", "properties": { "fid": 1087, "OBJECTID": 9694, "KEY_CODE": "503333521", "Pref_CODE": 39, "Pref_Name": "高知県", "Shape_Length": 0.020833334000030845, "Shape_Area": 2.6041668750049021e-05 }, "geometry": { "type": "Polygon", "coordinates": [ [ [ 133.4, 33.625 ], [ 133.4, 33.62916666700005 ], [ 133.406250000000114, 33.62916666700005 ], [ 133.406250000000114, 33.625 ], [ 133.4, 33.625 ] ] ] } },
{ "type": "Feature", "properties": { "fid": 1088, "OBJECTID": 9695, "KEY_CODE": "503333522", "Pref_CODE": 39, "Pref_Name": "高知県", "Shape_Length": 0.020833333999803472, "Shape_Area": 2.6041668749575326e-05 }, "geometry": { "type": "Polygon", "coordinates": [ [ [ 133.406250000000114, 33.625 ], [ 133.406250000000114, 33.62916666700005 ], [ 133.4125, 33.62916666700005 ], [ 133.4125, 33.625 ], [ 133.406250000000114, 33.625 ] ] ] } },
{ "type": "Feature", "properties": { "fid": 1089, "OBJECTID": 9696, "KEY_CODE": "503333523", "Pref_CODE": 39, "Pref_Name": "高知県", "Shape_Length": 0.020833332000051996, "Shape_Area": 2.6041662500115118e-05 }, "geometry": { "type": "Polygon", "coordinates": [ [ [ 133.4, 33.62916666700005 ], [ 133.4, 33.633333333000053 ], [ 133.406250000000114, 33.633333333000053 ], [ 133.406250000000114, 33.62916666700005 ], [ 133.4, 33.62916666700005 ] ] ] } },
{ "type": "Feature", "properties": { "fid": 1090, "OBJECTID": 9697, "KEY_CODE": "503333524", "Pref_CODE": 39, "Pref_Name": "高知県", "Shape_Length": 0.020833331999824622, "Shape_Area": 2.6041662499641423e-05 }, "geometry": { "type": "Polygon", "coordinates": [ [ [ 133.406250000000114, 33.62916666700005 ], [ 133.406250000000114, 33.633333333000053 ], [ 133.4125, 33.633333333000053 ], [ 133.4125, 33.62916666700005 ], [ 133.406250000000114, 33.62916666700005 ] ] ] } },
{ "type": "Feature", "properties": { "fid": 1091, "OBJECTID": 9698, "KEY_CODE": "503333531", "Pref_CODE": 39, "Pref_Name": "高知県", "Shape_Length": 0.020833334000030845, "Shape_Area": 2.6041668750049021e-05 }, "geometry": { "type": "Polygon", "coordinates": [ [ [ 133.4125, 33.625 ], [ 133.4125, 33.62916666700005 ], [ 133.41875, 33.62916666700005 ], [ 133.41875, 33.625 ], [ 133.4125, 33.625 ] ] ] } },
{ "type": "Feature", "properties": { "fid": 1092, "OBJECTID": 9699, "KEY_CODE": "503333532", "Pref_CODE": 39, "Pref_Name": "高知県", "Shape_Length": 0.020833334000030845, "Shape_Area": 2.6041668750049021e-05 }, "geometry": { "type": "Polygon", "coordinates": [ [ [ 133.41875, 33.625 ], [ 133.41875, 33.62916666700005 ], [ 133.425, 33.62916666700005 ], [ 133.425, 33.625 ], [ 133.41875, 33.625 ] ] ] } },
{ "type": "Feature", "properties": { "fid": 1093, "OBJECTID": 9700, "KEY_CODE": "503333533", "Pref_CODE": 39, "Pref_Name": "高知県", "Shape_Length": 0.020833332000051996, "Shape_Area": 2.6041662500115118e-05 }, "geometry": { "type": "Polygon", "coordinates": [ [ [ 133.4125, 33.62916666700005 ], [ 133.4125, 33.633333333000053 ], [ 133.41875, 33.633333333000053 ], [ 133.41875, 33.62916666700005 ], [ 133.4125, 33.62916666700005 ] ] ] } },
{ "type": "Feature", "properties": { "fid": 1094, "OBJECTID": 9701, "KEY_CODE": "503333534", "Pref_CODE": 39, "Pref_Name": "高知県", "Shape_Length": 0.020833332000051996, "Shape_Area": 2.6041662500115118e-05 }, "geometry": { "type": "Polygon", "coordinates": [ [ [ 133.41875, 33.62916666700005 ], [ 133.41875, 33.633333333000053 ], [ 133.425, 33.633333333000053 ], [ 133.425, 33.62916666700005 ], [ 133.41875, 33.62916666700005 ] ] ] } },
{ "type": "Feature", "properties": { "fid": 1095, "OBJECTID": 9702, "KEY_CODE": "503333541", "Pref_CODE": 39, "Pref_Name": "高知県", "Shape_Length": 0.020833334000030845, "Shape_Area": 2.6041668750049021e-05 }, "geometry": { "type": "Polygon", "coordinates": [ [ [ 133.425, 33.625 ], [ 133.425, 33.62916666700005 ], [ 133.43125, 33.62916666700005 ], [ 133.43125, 33.625 ], [ 133.425, 33.625 ] ] ] } },
{ "type": "Feature", "properties": { "fid": 1096, "OBJECTID": 9703, "KEY_CODE": "503333542", "Pref_CODE": 39, "Pref_Name": "高知県", "Shape_Length": 0.020833334000030845, "Shape_Area": 2.6041668750049021e-05 }, "geometry": { "type": "Polygon", "coordinates": [ [ [ 133.43125, 33.625 ], [ 133.43125, 33.62916666700005 ], [ 133.437500000000114, 33.62916666700005 ], [ 133.437500000000114, 33.625 ], [ 133.43125, 33.625 ] ] ] } },
{ "type": "Feature", "properties": { "fid": 1097, "OBJECTID": 9704, "KEY_CODE": "503333543", "Pref_CODE": 39, "Pref_Name": "高知県", "Shape_Length": 0.020833332000051996, "Shape_Area": 2.6041662500115118e-05 }, "geometry": { "type": "Polygon", "coordinates": [ [ [ 133.425, 33.62916666700005 ], [ 133.425, 33.633333333000053 ], [ 133.43125, 33.633333333000053 ], [ 133.43125, 33.62916666700005 ], [ 133.425, 33.62916666700005 ] ] ] } },
{ "type": "Feature", "properties": { "fid": 1098, "OBJECTID": 9705, "KEY_CODE": "503333544", "Pref_CODE": 39, "Pref_Name": "高知県", "Shape_Length": 0.020833332000051996, "Shape_Area": 2.6041662500115118e-05 }, "geometry": { "type": "Polygon", "coordinates": [ [ [ 133.43125, 33.62916666700005 ], [ 133.43125, 33.633333333000053 ], [ 133.437500000000114, 33.633333333000053 ], [ 133.437500000000114, 33.62916666700005 ], [ 133.43125, 33.62916666700005 ] ] ] } },
{ "type": "Feature", "properties": { "fid": 1099, "OBJECTID": 9706, "KEY_CODE": "503333551", "Pref_CODE": 39, "Pref_Name": "高知県", "Shape_Length": 0.020833333999803472, "Shape_Area": 2.6041668749575326e-05 }, "geometry": { "type": "Polygon", "coordinates": [ [ [ 133.437500000000114, 33.625 ], [ 133.437500000000114, 33.62916666700005 ], [ 133.44375, 33.62916666700005 ], [ 133.44375, 33.625 ], [ 133.437500000000114, 33.625 ] ] ] } },
{ "type": "Feature", "properties": { "fid": 1100, "OBJECTID": 9707, "KEY_CODE": "503333552", "Pref_CODE": 39, "Pref_Name": "高知県", "Shape_Length": 0.020833334000030845, "Shape_Area": 2.6041668750049021e-05 }, "geometry": { "type": "Polygon", "coordinates": [ [ [ 133.44375, 33.625 ], [ 133.44375, 33.62916666700005 ], [ 133.45, 33.62916666700005 ], [ 133.45, 33.625 ], [ 133.44375, 33.625 ] ] ] } },
{ "type": "Feature", "properties": { "fid": 1101, "OBJECTID": 9708, "KEY_CODE": "503333553", "Pref_CODE": 39, "Pref_Name": "高知県", "Shape_Length": 0.020833331999824622, "Shape_Area": 2.6041662499641423e-05 }, "geometry": { "type": "Polygon", "coordinates": [ [ [ 133.437500000000114, 33.62916666700005 ], [ 133.437500000000114, 33.633333333000053 ], [ 133.44375, 33.633333333000053 ], [ 133.44375, 33.62916666700005 ], [ 133.437500000000114, 33.62916666700005 ] ] ] } },
{ "type": "Feature", "properties": { "fid": 1102, "OBJECTID": 9709, "KEY_CODE": "503333554", "Pref_CODE": 39, "Pref_Name": "高知県", "Shape_Length": 0.020833332000051996, "Shape_Area": 2.6041662500115118e-05 }, "geometry": { "type": "Polygon", "coordinates": [ [ [ 133.44375, 33.62916666700005 ], [ 133.44375, 33.633333333000053 ], [ 133.45, 33.633333333000053 ], [ 133.45, 33.62916666700005 ], [ 133.44375, 33.62916666700005 ] ] ] } },
{ "type": "Feature", "properties": { "fid": 1103, "OBJECTID": 9710, "KEY_CODE": "503333561", "Pref_CODE": 39, "Pref_Name": "高知県", "Shape_Length": 0.020833334000030845, "Shape_Area": 2.6041668750049021e-05 }, "geometry": { "type": "Polygon", "coordinates": [ [ [ 133.45, 33.625 ], [ 133.45, 33.62916666700005 ], [ 133.45625, 33.62916666700005 ], [ 133.45625, 33.625 ], [ 133.45, 33.625 ] ] ] } },
{ "type": "Feature", "properties": { "fid": 1104, "OBJECTID": 9711, "KEY_CODE": "503333562", "Pref_CODE": 39, "Pref_Name": "高知県", "Shape_Length": 0.020833334000030845, "Shape_Area": 2.6041668750049021e-05 }, "geometry": { "type": "Polygon", "coordinates": [ [ [ 133.45625, 33.625 ], [ 133.45625, 33.62916666700005 ], [ 133.4625, 33.62916666700005 ], [ 133.4625, 33.625 ], [ 133.45625, 33.625 ] ] ] } },
{ "type": "Feature", "properties": { "fid": 1105, "OBJECTID": 9712, "KEY_CODE": "503333563", "Pref_CODE": 39, "Pref_Name": "高知県", "Shape_Length": 0.020833332000051996, "Shape_Area": 2.6041662500115118e-05 }, "geometry": { "type": "Polygon", "coordinates": [ [ [ 133.45, 33.62916666700005 ], [ 133.45, 33.633333333000053 ], [ 133.45625, 33.633333333000053 ], [ 133.45625, 33.62916666700005 ], [ 133.45, 33.62916666700005 ] ] ] } },
{ "type": "Feature", "properties": { "fid": 1106, "OBJECTID": 9713, "KEY_CODE": "503333564", "Pref_CODE": 39, "Pref_Name": "高知県", "Shape_Length": 0.020833332000051996, "Shape_Area": 2.6041662500115118e-05 }, "geometry": { "type": "Polygon", "coordinates": [ [ [ 133.45625, 33.62916666700005 ], [ 133.45625, 33.633333333000053 ], [ 133.4625, 33.633333333000053 ], [ 133.4625, 33.62916666700005 ], [ 133.45625, 33.62916666700005 ] ] ] } },
{ "type": "Feature", "properties": { "fid": 1107, "OBJECTID": 9714, "KEY_CODE": "503333571", "Pref_CODE": 39, "Pref_Name": "高知県", "Shape_Length": 0.020833334000030845, "Shape_Area": 2.6041668750049021e-05 }, "geometry": { "type": "Polygon", "coordinates": [ [ [ 133.4625, 33.625 ], [ 133.4625, 33.62916666700005 ], [ 133.468750000000114, 33.62916666700005 ], [ 133.468750000000114, 33.625 ], [ 133.4625, 33.625 ] ] ] } },
{ "type": "Feature", "properties": { "fid": 1108, "OBJECTID": 9715, "KEY_CODE": "503333572", "Pref_CODE": 39, "Pref_Name": "高知県", "Shape_Length": 0.020833333999803472, "Shape_Area": 2.6041668749575326e-05 }, "geometry": { "type": "Polygon", "coordinates": [ [ [ 133.468750000000114, 33.625 ], [ 133.468750000000114, 33.62916666700005 ], [ 133.475, 33.62916666700005 ], [ 133.475, 33.625 ], [ 133.468750000000114, 33.625 ] ] ] } },
{ "type": "Feature", "properties": { "fid": 1109, "OBJECTID": 9716, "KEY_CODE": "503333573", "Pref_CODE": 39, "Pref_Name": "高知県", "Shape_Length": 0.020833332000051996, "Shape_Area": 2.6041662500115118e-05 }, "geometry": { "type": "Polygon", "coordinates": [ [ [ 133.4625, 33.62916666700005 ], [ 133.4625, 33.633333333000053 ], [ 133.468750000000114, 33.633333333000053 ], [ 133.468750000000114, 33.62916666700005 ], [ 133.4625, 33.62916666700005 ] ] ] } },
{ "type": "Feature", "properties": { "fid": 1110, "OBJECTID": 9717, "KEY_CODE": "503333574", "Pref_CODE": 39, "Pref_Name": "高知県", "Shape_Length": 0.020833331999824622, "Shape_Area": 2.6041662499641423e-05 }, "geometry": { "type": "Polygon", "coordinates": [ [ [ 133.468750000000114, 33.62916666700005 ], [ 133.468750000000114, 33.633333333000053 ], [ 133.475, 33.633333333000053 ], [ 133.475, 33.62916666700005 ], [ 133.468750000000114, 33.62916666700005 ] ] ] } },
{ "type": "Feature", "properties": { "fid": 1111, "OBJECTID": 9718, "KEY_CODE": "503333581", "Pref_CODE": 39, "Pref_Name": "高知県", "Shape_Length": 0.020833334000030845, "Shape_Area": 2.6041668750049021e-05 }, "geometry": { "type": "Polygon", "coordinates": [ [ [ 133.475, 33.625 ], [ 133.475, 33.62916666700005 ], [ 133.48125, 33.62916666700005 ], [ 133.48125, 33.625 ], [ 133.475, 33.625 ] ] ] } },
{ "type": "Feature", "properties": { "fid": 1112, "OBJECTID": 9719, "KEY_CODE": "503333582", "Pref_CODE": 39, "Pref_Name": "高知県", "Shape_Length": 0.020833334000030845, "Shape_Area": 2.6041668750049021e-05 }, "geometry": { "type": "Polygon", "coordinates": [ [ [ 133.48125, 33.625 ], [ 133.48125, 33.62916666700005 ], [ 133.4875, 33.62916666700005 ], [ 133.4875, 33.625 ], [ 133.48125, 33.625 ] ] ] } },
{ "type": "Feature", "properties": { "fid": 1113, "OBJECTID": 9720, "KEY_CODE": "503333583", "Pref_CODE": 39, "Pref_Name": "高知県", "Shape_Length": 0.020833332000051996, "Shape_Area": 2.6041662500115118e-05 }, "geometry": { "type": "Polygon", "coordinates": [ [ [ 133.475, 33.62916666700005 ], [ 133.475, 33.633333333000053 ], [ 133.48125, 33.633333333000053 ], [ 133.48125, 33.62916666700005 ], [ 133.475, 33.62916666700005 ] ] ] } },
{ "type": "Feature", "properties": { "fid": 1114, "OBJECTID": 9721, "KEY_CODE": "503333584", "Pref_CODE": 39, "Pref_Name": "高知県", "Shape_Length": 0.020833332000051996, "Shape_Area": 2.6041662500115118e-05 }, "geometry": { "type": "Polygon", "coordinates": [ [ [ 133.48125, 33.62916666700005 ], [ 133.48125, 33.633333333000053 ], [ 133.4875, 33.633333333000053 ], [ 133.4875, 33.62916666700005 ], [ 133.48125, 33.62916666700005 ] ] ] } },
{ "type": "Feature", "properties": { "fid": 1115, "OBJECTID": 9722, "KEY_CODE": "503333591", "Pref_CODE": 39, "Pref_Name": "高知県", "Shape_Length": 0.020833334000030845, "Shape_Area": 2.6041668750049021e-05 }, "geometry": { "type": "Polygon", "coordinates": [ [ [ 133.4875, 33.625 ], [ 133.4875, 33.62916666700005 ], [ 133.49375, 33.62916666700005 ], [ 133.49375, 33.625 ], [ 133.4875, 33.625 ] ] ] } },
{ "type": "Feature", "properties": { "fid": 1116, "OBJECTID": 9723, "KEY_CODE": "503333592", "Pref_CODE": 39, "Pref_Name": "高知県", "Shape_Length": 0.020833334000030845, "Shape_Area": 2.6041668750049021e-05 }, "geometry": { "type": "Polygon", "coordinates": [ [ [ 133.49375, 33.625 ], [ 133.49375, 33.62916666700005 ], [ 133.500000000000114, 33.62916666700005 ], [ 133.500000000000114, 33.625 ], [ 133.49375, 33.625 ] ] ] } },
{ "type": "Feature", "properties": { "fid": 1117, "OBJECTID": 9724, "KEY_CODE": "503333593", "Pref_CODE": 39, "Pref_Name": "高知県", "Shape_Length": 0.020833332000051996, "Shape_Area": 2.6041662500115118e-05 }, "geometry": { "type": "Polygon", "coordinates": [ [ [ 133.4875, 33.62916666700005 ], [ 133.4875, 33.633333333000053 ], [ 133.49375, 33.633333333000053 ], [ 133.49375, 33.62916666700005 ], [ 133.4875, 33.62916666700005 ] ] ] } },
{ "type": "Feature", "properties": { "fid": 1118, "OBJECTID": 9725, "KEY_CODE": "503333594", "Pref_CODE": 39, "Pref_Name": "高知県", "Shape_Length": 0.020833332000051996, "Shape_Area": 2.6041662500115118e-05 }, "geometry": { "type": "Polygon", "coordinates": [ [ [ 133.49375, 33.62916666700005 ], [ 133.49375, 33.633333333000053 ], [ 133.500000000000114, 33.633333333000053 ], [ 133.500000000000114, 33.62916666700005 ], [ 133.49375, 33.62916666700005 ] ] ] } },
{ "type": "Feature", "properties": { "fid": 1119, "OBJECTID": 9731, "KEY_CODE": "503333612", "Pref_CODE": 39, "Pref_Name": "高知県", "Shape_Length": 0.020833334000030845, "Shape_Area": 2.6041668750049021e-05 }, "geometry": { "type": "Polygon", "coordinates": [ [ [ 133.4, 33.6375 ], [ 133.4, 33.633333333000053 ], [ 133.39435083, 33.633333333000053 ], [ 133.39435083, 33.6375 ], [ 133.4, 33.6375 ] ] ] } },
{ "type": "Feature", "properties": { "fid": 1120, "OBJECTID": 9733, "KEY_CODE": "503333614", "Pref_CODE": 39, "Pref_Name": "高知県", "Shape_Length": 0.020833334000030845, "Shape_Area": 2.6041668750049021e-05 }, "geometry": { "type": "Polygon", "coordinates": [ [ [ 133.4, 33.641666667000038 ], [ 133.4, 33.6375 ], [ 133.39435083, 33.6375 ], [ 133.39435083, 33.641666667000038 ], [ 133.4, 33.641666667000038 ] ] ] } },
{ "type": "Feature", "properties": { "fid": 1121, "OBJECTID": 9734, "KEY_CODE": "503333621", "Pref_CODE": 39, "Pref_Name": "高知県", "Shape_Length": 0.020833334000030845, "Shape_Area": 2.6041668750049021e-05 }, "geometry": { "type": "Polygon", "coordinates": [ [ [ 133.4, 33.633333333000053 ], [ 133.4, 33.6375 ], [ 133.406250000000114, 33.6375 ], [ 133.406250000000114, 33.633333333000053 ], [ 133.4, 33.633333333000053 ] ] ] } },
{ "type": "Feature", "properties": { "fid": 1122, "OBJECTID": 9735, "KEY_CODE": "503333622", "Pref_CODE": 39, "Pref_Name": "高知県", "Shape_Length": 0.020833333999803472, "Shape_Area": 2.6041668749575326e-05 }, "geometry": { "type": "Polygon", "coordinates": [ [ [ 133.406250000000114, 33.633333333000053 ], [ 133.406250000000114, 33.6375 ], [ 133.4125, 33.6375 ], [ 133.4125, 33.633333333000053 ], [ 133.406250000000114, 33.633333333000053 ] ] ] } },
{ "type": "Feature", "properties": { "fid": 1123, "OBJECTID": 9736, "KEY_CODE": "503333623", "Pref_CODE": 39, "Pref_Name": "高知県", "Shape_Length": 0.020833334000030845, "Shape_Area": 2.6041668750049021e-05 }, "geometry": { "type": "Polygon", "coordinates": [ [ [ 133.4, 33.6375 ], [ 133.4, 33.641666667000038 ], [ 133.406250000000114, 33.641666667000038 ], [ 133.406250000000114, 33.6375 ], [ 133.4, 33.6375 ] ] ] } },
{ "type": "Feature", "properties": { "fid": 1124, "OBJECTID": 9737, "KEY_CODE": "503333624", "Pref_CODE": 39, "Pref_Name": "高知県", "Shape_Length": 0.020833333999803472, "Shape_Area": 2.6041668749575326e-05 }, "geometry": { "type": "Polygon", "coordinates": [ [ [ 133.406250000000114, 33.6375 ], [ 133.406250000000114, 33.641666667000038 ], [ 133.4125, 33.641666667000038 ], [ 133.4125, 33.6375 ], [ 133.406250000000114, 33.6375 ] ] ] } },
{ "type": "Feature", "properties": { "fid": 1125, "OBJECTID": 9738, "KEY_CODE": "503333631", "Pref_CODE": 39, "Pref_Name": "高知県", "Shape_Length": 0.020833334000030845, "Shape_Area": 2.6041668750049021e-05 }, "geometry": { "type": "Polygon", "coordinates": [ [ [ 133.4125, 33.633333333000053 ], [ 133.4125, 33.6375 ], [ 133.41875, 33.6375 ], [ 133.41875, 33.633333333000053 ], [ 133.4125, 33.633333333000053 ] ] ] } },
{ "type": "Feature", "properties": { "fid": 1126, "OBJECTID": 9739, "KEY_CODE": "503333632", "Pref_CODE": 39, "Pref_Name": "高知県", "Shape_Length": 0.020833334000030845, "Shape_Area": 2.6041668750049021e-05 }, "geometry": { "type": "Polygon", "coordinates": [ [ [ 133.41875, 33.633333333000053 ], [ 133.41875, 33.6375 ], [ 133.425, 33.6375 ], [ 133.425, 33.633333333000053 ], [ 133.41875, 33.633333333000053 ] ] ] } },
{ "type": "Feature", "properties": { "fid": 1127, "OBJECTID": 9740, "KEY_CODE": "503333633", "Pref_CODE": 39, "Pref_Name": "高知県", "Shape_Length": 0.020833334000030845, "Shape_Area": 2.6041668750049021e-05 }, "geometry": { "type": "Polygon", "coordinates": [ [ [ 133.4125, 33.6375 ], [ 133.4125, 33.641666667000038 ], [ 133.41875, 33.641666667000038 ], [ 133.41875, 33.6375 ], [ 133.4125, 33.6375 ] ] ] } },
{ "type": "Feature", "properties": { "fid": 1128, "OBJECTID": 9741, "KEY_CODE": "503333634", "Pref_CODE": 39, "Pref_Name": "高知県", "Shape_Length": 0.020833334000030845, "Shape_Area": 2.6041668750049021e-05 }, "geometry": { "type": "Polygon", "coordinates": [ [ [ 133.41875, 33.6375 ], [ 133.41875, 33.641666667000038 ], [ 133.425, 33.641666667000038 ], [ 133.425, 33.6375 ], [ 133.41875, 33.6375 ] ] ] } },
{ "type": "Feature", "properties": { "fid": 1129, "OBJECTID": 9742, "KEY_CODE": "503333641", "Pref_CODE": 39, "Pref_Name": "高知県", "Shape_Length": 0.020833334000030845, "Shape_Area": 2.6041668750049021e-05 }, "geometry": { "type": "Polygon", "coordinates": [ [ [ 133.425, 33.633333333000053 ], [ 133.425, 33.6375 ], [ 133.43125, 33.6375 ], [ 133.43125, 33.633333333000053 ], [ 133.425, 33.633333333000053 ] ] ] } },
{ "type": "Feature", "properties": { "fid": 1130, "OBJECTID": 9743, "KEY_CODE": "503333642", "Pref_CODE": 39, "Pref_Name": "高知県", "Shape_Length": 0.020833334000030845, "Shape_Area": 2.6041668750049021e-05 }, "geometry": { "type": "Polygon", "coordinates": [ [ [ 133.43125, 33.633333333000053 ], [ 133.43125, 33.6375 ], [ 133.437500000000114, 33.6375 ], [ 133.437500000000114, 33.633333333000053 ], [ 133.43125, 33.633333333000053 ] ] ] } },
{ "type": "Feature", "properties": { "fid": 1131, "OBJECTID": 9744, "KEY_CODE": "503333643", "Pref_CODE": 39, "Pref_Name": "高知県", "Shape_Length": 0.020833334000030845, "Shape_Area": 2.6041668750049021e-05 }, "geometry": { "type": "Polygon", "coordinates": [ [ [ 133.425, 33.6375 ], [ 133.425, 33.641666667000038 ], [ 133.43125, 33.641666667000038 ], [ 133.43125, 33.6375 ], [ 133.425, 33.6375 ] ] ] } },
{ "type": "Feature", "properties": { "fid": 1132, "OBJECTID": 9745, "KEY_CODE": "503333644", "Pref_CODE": 39, "Pref_Name": "高知県", "Shape_Length": 0.020833334000030845, "Shape_Area": 2.6041668750049021e-05 }, "geometry": { "type": "Polygon", "coordinates": [ [ [ 133.43125, 33.6375 ], [ 133.43125, 33.641666667000038 ], [ 133.437500000000114, 33.641666667000038 ], [ 133.437500000000114, 33.6375 ], [ 133.43125, 33.6375 ] ] ] } },
{ "type": "Feature", "properties": { "fid": 1133, "OBJECTID": 9746, "KEY_CODE": "503333651", "Pref_CODE": 39, "Pref_Name": "高知県", "Shape_Length": 0.020833333999803472, "Shape_Area": 2.6041668749575326e-05 }, "geometry": { "type": "Polygon", "coordinates": [ [ [ 133.437500000000114, 33.633333333000053 ], [ 133.437500000000114, 33.6375 ], [ 133.44375, 33.6375 ], [ 133.44375, 33.633333333000053 ], [ 133.437500000000114, 33.633333333000053 ] ] ] } },
{ "type": "Feature", "properties": { "fid": 1134, "OBJECTID": 9747, "KEY_CODE": "503333652", "Pref_CODE": 39, "Pref_Name": "高知県", "Shape_Length": 0.020833334000030845, "Shape_Area": 2.6041668750049021e-05 }, "geometry": { "type": "Polygon", "coordinates": [ [ [ 133.44375, 33.633333333000053 ], [ 133.44375, 33.6375 ], [ 133.45, 33.6375 ], [ 133.45, 33.633333333000053 ], [ 133.44375, 33.633333333000053 ] ] ] } },
{ "type": "Feature", "properties": { "fid": 1135, "OBJECTID": 9748, "KEY_CODE": "503333653", "Pref_CODE": 39, "Pref_Name": "高知県", "Shape_Length": 0.020833333999803472, "Shape_Area": 2.6041668749575326e-05 }, "geometry": { "type": "Polygon", "coordinates": [ [ [ 133.437500000000114, 33.6375 ], [ 133.437500000000114, 33.641666667000038 ], [ 133.44375, 33.641666667000038 ], [ 133.44375, 33.6375 ], [ 133.437500000000114, 33.6375 ] ] ] } },
{ "type": "Feature", "properties": { "fid": 1136, "OBJECTID": 9749, "KEY_CODE": "503333654", "Pref_CODE": 39, "Pref_Name": "高知県", "Shape_Length": 0.020833334000030845, "Shape_Area": 2.6041668750049021e-05 }, "geometry": { "type": "Polygon", "coordinates": [ [ [ 133.44375, 33.6375 ], [ 133.44375, 33.641666667000038 ], [ 133.45, 33.641666667000038 ], [ 133.45, 33.6375 ], [ 133.44375, 33.6375 ] ] ] } },
{ "type": "Feature", "properties": { "fid": 1137, "OBJECTID": 9750, "KEY_CODE": "503333661", "Pref_CODE": 39, "Pref_Name": "高知県", "Shape_Length": 0.020833334000030845, "Shape_Area": 2.6041668750049021e-05 }, "geometry": { "type": "Polygon", "coordinates": [ [ [ 133.45, 33.633333333000053 ], [ 133.45, 33.6375 ], [ 133.45625, 33.6375 ], [ 133.45625, 33.633333333000053 ], [ 133.45, 33.633333333000053 ] ] ] } },
{ "type": "Feature", "properties": { "fid": 1138, "OBJECTID": 9751, "KEY_CODE": "503333662", "Pref_CODE": 39, "Pref_Name": "高知県", "Shape_Length": 0.020833334000030845, "Shape_Area": 2.6041668750049021e-05 }, "geometry": { "type": "Polygon", "coordinates": [ [ [ 133.45625, 33.633333333000053 ], [ 133.45625, 33.6375 ], [ 133.4625, 33.6375 ], [ 133.4625, 33.633333333000053 ], [ 133.45625, 33.633333333000053 ] ] ] } },
{ "type": "Feature", "properties": { "fid": 1139, "OBJECTID": 9752, "KEY_CODE": "503333663", "Pref_CODE": 39, "Pref_Name": "高知県", "Shape_Length": 0.020833334000030845, "Shape_Area": 2.6041668750049021e-05 }, "geometry": { "type": "Polygon", "coordinates": [ [ [ 133.45, 33.6375 ], [ 133.45, 33.641666667000038 ], [ 133.45625, 33.641666667000038 ], [ 133.45625, 33.6375 ], [ 133.45, 33.6375 ] ] ] } },
{ "type": "Feature", "properties": { "fid": 1140, "OBJECTID": 9753, "KEY_CODE": "503333664", "Pref_CODE": 39, "Pref_Name": "高知県", "Shape_Length": 0.020833334000030845, "Shape_Area": 2.6041668750049021e-05 }, "geometry": { "type": "Polygon", "coordinates": [ [ [ 133.45625, 33.6375 ], [ 133.45625, 33.641666667000038 ], [ 133.4625, 33.641666667000038 ], [ 133.4625, 33.6375 ], [ 133.45625, 33.6375 ] ] ] } },
{ "type": "Feature", "properties": { "fid": 1141, "OBJECTID": 9754, "KEY_CODE": "503333671", "Pref_CODE": 39, "Pref_Name": "高知県", "Shape_Length": 0.020833334000030845, "Shape_Area": 2.6041668750049021e-05 }, "geometry": { "type": "Polygon", "coordinates": [ [ [ 133.4625, 33.633333333000053 ], [ 133.4625, 33.6375 ], [ 133.468750000000114, 33.6375 ], [ 133.468750000000114, 33.633333333000053 ], [ 133.4625, 33.633333333000053 ] ] ] } },
{ "type": "Feature", "properties": { "fid": 1142, "OBJECTID": 9755, "KEY_CODE": "503333672", "Pref_CODE": 39, "Pref_Name": "高知県", "Shape_Length": 0.020833333999803472, "Shape_Area": 2.6041668749575326e-05 }, "geometry": { "type": "Polygon", "coordinates": [ [ [ 133.468750000000114, 33.633333333000053 ], [ 133.468750000000114, 33.6375 ], [ 133.475, 33.6375 ], [ 133.475, 33.633333333000053 ], [ 133.468750000000114, 33.633333333000053 ] ] ] } },
{ "type": "Feature", "properties": { "fid": 1143, "OBJECTID": 9756, "KEY_CODE": "503333673", "Pref_CODE": 39, "Pref_Name": "高知県", "Shape_Length": 0.020833334000030845, "Shape_Area": 2.6041668750049021e-05 }, "geometry": { "type": "Polygon", "coordinates": [ [ [ 133.4625, 33.6375 ], [ 133.4625, 33.641666667000038 ], [ 133.468750000000114, 33.641666667000038 ], [ 133.468750000000114, 33.6375 ], [ 133.4625, 33.6375 ] ] ] } },
{ "type": "Feature", "properties": { "fid": 1144, "OBJECTID": 9757, "KEY_CODE": "503333674", "Pref_CODE": 39, "Pref_Name": "高知県", "Shape_Length": 0.020833333999803472, "Shape_Area": 2.6041668749575326e-05 }, "geometry": { "type": "Polygon", "coordinates": [ [ [ 133.468750000000114, 33.6375 ], [ 133.468750000000114, 33.641666667000038 ], [ 133.475, 33.641666667000038 ], [ 133.475, 33.6375 ], [ 133.468750000000114, 33.6375 ] ] ] } },
{ "type": "Feature", "properties": { "fid": 1145, "OBJECTID": 9758, "KEY_CODE": "503333681", "Pref_CODE": 39, "Pref_Name": "高知県", "Shape_Length": 0.020833334000030845, "Shape_Area": 2.6041668750049021e-05 }, "geometry": { "type": "Polygon", "coordinates": [ [ [ 133.475, 33.633333333000053 ], [ 133.475, 33.6375 ], [ 133.48125, 33.6375 ], [ 133.48125, 33.633333333000053 ], [ 133.475, 33.633333333000053 ] ] ] } },
{ "type": "Feature", "properties": { "fid": 1146, "OBJECTID": 9759, "KEY_CODE": "503333682", "Pref_CODE": 39, "Pref_Name": "高知県", "Shape_Length": 0.020833334000030845, "Shape_Area": 2.6041668750049021e-05 }, "geometry": { "type": "Polygon", "coordinates": [ [ [ 133.48125, 33.633333333000053 ], [ 133.48125, 33.6375 ], [ 133.4875, 33.6375 ], [ 133.4875, 33.633333333000053 ], [ 133.48125, 33.633333333000053 ] ] ] } },
{ "type": "Feature", "properties": { "fid": 1147, "OBJECTID": 9760, "KEY_CODE": "503333683", "Pref_CODE": 39, "Pref_Name": "高知県", "Shape_Length": 0.020833334000030845, "Shape_Area": 2.6041668750049021e-05 }, "geometry": { "type": "Polygon", "coordinates": [ [ [ 133.475, 33.6375 ], [ 133.475, 33.641666667000038 ], [ 133.48125, 33.641666667000038 ], [ 133.48125, 33.6375 ], [ 133.475, 33.6375 ] ] ] } },
{ "type": "Feature", "properties": { "fid": 1148, "OBJECTID": 9761, "KEY_CODE": "503333684", "Pref_CODE": 39, "Pref_Name": "高知県", "Shape_Length": 0.020833334000030845, "Shape_Area": 2.6041668750049021e-05 }, "geometry": { "type": "Polygon", "coordinates": [ [ [ 133.48125, 33.6375 ], [ 133.48125, 33.641666667000038 ], [ 133.4875, 33.641666667000038 ], [ 133.4875, 33.6375 ], [ 133.48125, 33.6375 ] ] ] } },
{ "type": "Feature", "properties": { "fid": 1149, "OBJECTID": 9762, "KEY_CODE": "503333691", "Pref_CODE": 39, "Pref_Name": "高知県", "Shape_Length": 0.020833334000030845, "Shape_Area": 2.6041668750049021e-05 }, "geometry": { "type": "Polygon", "coordinates": [ [ [ 133.4875, 33.633333333000053 ], [ 133.4875, 33.6375 ], [ 133.49375, 33.6375 ], [ 133.49375, 33.633333333000053 ], [ 133.4875, 33.633333333000053 ] ] ] } },
{ "type": "Feature", "properties": { "fid": 1150, "OBJECTID": 9763, "KEY_CODE": "503333692", "Pref_CODE": 39, "Pref_Name": "高知県", "Shape_Length": 0.020833334000030845, "Shape_Area": 2.6041668750049021e-05 }, "geometry": { "type": "Polygon", "coordinates": [ [ [ 133.49375, 33.633333333000053 ], [ 133.49375, 33.6375 ], [ 133.500000000000114, 33.6375 ], [ 133.500000000000114, 33.633333333000053 ], [ 133.49375, 33.633333333000053 ] ] ] } },
{ "type": "Feature", "properties": { "fid": 1151, "OBJECTID": 9764, "KEY_CODE": "503333693", "Pref_CODE": 39, "Pref_Name": "高知県", "Shape_Length": 0.020833334000030845, "Shape_Area": 2.6041668750049021e-05 }, "geometry": { "type": "Polygon", "coordinates": [ [ [ 133.4875, 33.6375 ], [ 133.4875, 33.641666667000038 ], [ 133.49375, 33.641666667000038 ], [ 133.49375, 33.6375 ], [ 133.4875, 33.6375 ] ] ] } },
{ "type": "Feature", "properties": { "fid": 1152, "OBJECTID": 9765, "KEY_CODE": "503333694", "Pref_CODE": 39, "Pref_Name": "高知県", "Shape_Length": 0.020833334000030845, "Shape_Area": 2.6041668750049021e-05 }, "geometry": { "type": "Polygon", "coordinates": [ [ [ 133.49375, 33.6375 ], [ 133.49375, 33.641666667000038 ], [ 133.500000000000114, 33.641666667000038 ], [ 133.500000000000114, 33.6375 ], [ 133.49375, 33.6375 ] ] ] } },
{ "type": "Feature", "properties": { "fid": 1153, "OBJECTID": 9771, "KEY_CODE": "503333712", "Pref_CODE": 39, "Pref_Name": "高知県", "Shape_Length": 0.020833332000051996, "Shape_Area": 2.6041662500115118e-05 }, "geometry": { "type": "Polygon", "coordinates": [ [ [ 133.4, 33.645833333000041 ], [ 133.4, 33.641666667000038 ], [ 133.39435083, 33.641666667000038 ], [ 133.39435083, 33.645833333000041 ], [ 133.4, 33.645833333000041 ] ] ] } },
{ "type": "Feature", "properties": { "fid": 1154, "OBJECTID": 9773, "KEY_CODE": "503333714", "Pref_CODE": 39, "Pref_Name": "高知県", "Shape_Length": 0.020833334000030845, "Shape_Area": 2.6041668750049021e-05 }, "geometry": { "type": "Polygon", "coordinates": [ [ [ 133.4, 33.65 ], [ 133.4, 33.645833333000041 ], [ 133.39435083, 33.645833333000041 ], [ 133.39435083, 33.65 ], [ 133.4, 33.65 ] ] ] } },
{ "type": "Feature", "properties": { "fid": 1155, "OBJECTID": 9774, "KEY_CODE": "503333721", "Pref_CODE": 39, "Pref_Name": "高知県", "Shape_Length": 0.020833332000051996, "Shape_Area": 2.6041662500115118e-05 }, "geometry": { "type": "Polygon", "coordinates": [ [ [ 133.4, 33.641666667000038 ], [ 133.4, 33.645833333000041 ], [ 133.406250000000114, 33.645833333000041 ], [ 133.406250000000114, 33.641666667000038 ], [ 133.4, 33.641666667000038 ] ] ] } },
{ "type": "Feature", "properties": { "fid": 1156, "OBJECTID": 9775, "KEY_CODE": "503333722", "Pref_CODE": 39, "Pref_Name": "高知県", "Shape_Length": 0.020833331999824622, "Shape_Area": 2.6041662499641423e-05 }, "geometry": { "type": "Polygon", "coordinates": [ [ [ 133.406250000000114, 33.641666667000038 ], [ 133.406250000000114, 33.645833333000041 ], [ 133.4125, 33.645833333000041 ], [ 133.4125, 33.641666667000038 ], [ 133.406250000000114, 33.641666667000038 ] ] ] } },
{ "type": "Feature", "properties": { "fid": 1157, "OBJECTID": 9776, "KEY_CODE": "503333723", "Pref_CODE": 39, "Pref_Name": "高知県", "Shape_Length": 0.020833334000030845, "Shape_Area": 2.6041668750049021e-05 }, "geometry": { "type": "Polygon", "coordinates": [ [ [ 133.4, 33.645833333000041 ], [ 133.4, 33.65 ], [ 133.406250000000114, 33.65 ], [ 133.406250000000114, 33.645833333000041 ], [ 133.4, 33.645833333000041 ] ] ] } },
{ "type": "Feature", "properties": { "fid": 1158, "OBJECTID": 9777, "KEY_CODE": "503333724", "Pref_CODE": 39, "Pref_Name": "高知県", "Shape_Length": 0.020833333999803472, "Shape_Area": 2.6041668749575326e-05 }, "geometry": { "type": "Polygon", "coordinates": [ [ [ 133.406250000000114, 33.645833333000041 ], [ 133.406250000000114, 33.65 ], [ 133.4125, 33.65 ], [ 133.4125, 33.645833333000041 ], [ 133.406250000000114, 33.645833333000041 ] ] ] } },
{ "type": "Feature", "properties": { "fid": 1159, "OBJECTID": 9778, "KEY_CODE": "503333731", "Pref_CODE": 39, "Pref_Name": "高知県", "Shape_Length": 0.020833332000051996, "Shape_Area": 2.6041662500115118e-05 }, "geometry": { "type": "Polygon", "coordinates": [ [ [ 133.4125, 33.641666667000038 ], [ 133.4125, 33.645833333000041 ], [ 133.41875, 33.645833333000041 ], [ 133.41875, 33.641666667000038 ], [ 133.4125, 33.641666667000038 ] ] ] } },
{ "type": "Feature", "properties": { "fid": 1160, "OBJECTID": 9779, "KEY_CODE": "503333732", "Pref_CODE": 39, "Pref_Name": "高知県", "Shape_Length": 0.020833332000051996, "Shape_Area": 2.6041662500115118e-05 }, "geometry": { "type": "Polygon", "coordinates": [ [ [ 133.41875, 33.641666667000038 ], [ 133.41875, 33.645833333000041 ], [ 133.425, 33.645833333000041 ], [ 133.425, 33.641666667000038 ], [ 133.41875, 33.641666667000038 ] ] ] } },
{ "type": "Feature", "properties": { "fid": 1161, "OBJECTID": 9780, "KEY_CODE": "503333733", "Pref_CODE": 39, "Pref_Name": "高知県", "Shape_Length": 0.020833334000030845, "Shape_Area": 2.6041668750049021e-05 }, "geometry": { "type": "Polygon", "coordinates": [ [ [ 133.4125, 33.645833333000041 ], [ 133.4125, 33.65 ], [ 133.41875, 33.65 ], [ 133.41875, 33.645833333000041 ], [ 133.4125, 33.645833333000041 ] ] ] } },
{ "type": "Feature", "properties": { "fid": 1162, "OBJECTID": 9781, "KEY_CODE": "503333734", "Pref_CODE": 39, "Pref_Name": "高知県", "Shape_Length": 0.020833334000030845, "Shape_Area": 2.6041668750049021e-05 }, "geometry": { "type": "Polygon", "coordinates": [ [ [ 133.41875, 33.645833333000041 ], [ 133.41875, 33.65 ], [ 133.425, 33.65 ], [ 133.425, 33.645833333000041 ], [ 133.41875, 33.645833333000041 ] ] ] } },
{ "type": "Feature", "properties": { "fid": 1163, "OBJECTID": 9782, "KEY_CODE": "503333741", "Pref_CODE": 39, "Pref_Name": "高知県", "Shape_Length": 0.020833332000051996, "Shape_Area": 2.6041662500115118e-05 }, "geometry": { "type": "Polygon", "coordinates": [ [ [ 133.425, 33.641666667000038 ], [ 133.425, 33.645833333000041 ], [ 133.43125, 33.645833333000041 ], [ 133.43125, 33.641666667000038 ], [ 133.425, 33.641666667000038 ] ] ] } },
{ "type": "Feature", "properties": { "fid": 1164, "OBJECTID": 9783, "KEY_CODE": "503333742", "Pref_CODE": 39, "Pref_Name": "高知県", "Shape_Length": 0.020833332000051996, "Shape_Area": 2.6041662500115118e-05 }, "geometry": { "type": "Polygon", "coordinates": [ [ [ 133.43125, 33.641666667000038 ], [ 133.43125, 33.645833333000041 ], [ 133.437500000000114, 33.645833333000041 ], [ 133.437500000000114, 33.641666667000038 ], [ 133.43125, 33.641666667000038 ] ] ] } },
{ "type": "Feature", "properties": { "fid": 1165, "OBJECTID": 9784, "KEY_CODE": "503333743", "Pref_CODE": 39, "Pref_Name": "高知県", "Shape_Length": 0.020833334000030845, "Shape_Area": 2.6041668750049021e-05 }, "geometry": { "type": "Polygon", "coordinates": [ [ [ 133.425, 33.645833333000041 ], [ 133.425, 33.65 ], [ 133.43125, 33.65 ], [ 133.43125, 33.645833333000041 ], [ 133.425, 33.645833333000041 ] ] ] } },
{ "type": "Feature", "properties": { "fid": 1166, "OBJECTID": 9785, "KEY_CODE": "503333744", "Pref_CODE": 39, "Pref_Name": "高知県", "Shape_Length": 0.020833334000030845, "Shape_Area": 2.6041668750049021e-05 }, "geometry": { "type": "Polygon", "coordinates": [ [ [ 133.43125, 33.645833333000041 ], [ 133.43125, 33.65 ], [ 133.437500000000114, 33.65 ], [ 133.437500000000114, 33.645833333000041 ], [ 133.43125, 33.645833333000041 ] ] ] } },
{ "type": "Feature", "properties": { "fid": 1167, "OBJECTID": 9786, "KEY_CODE": "503333751", "Pref_CODE": 39, "Pref_Name": "高知県", "Shape_Length": 0.020833331999824622, "Shape_Area": 2.6041662499641423e-05 }, "geometry": { "type": "Polygon", "coordinates": [ [ [ 133.437500000000114, 33.641666667000038 ], [ 133.437500000000114, 33.645833333000041 ], [ 133.44375, 33.645833333000041 ], [ 133.44375, 33.641666667000038 ], [ 133.437500000000114, 33.641666667000038 ] ] ] } },
{ "type": "Feature", "properties": { "fid": 1168, "OBJECTID": 9787, "KEY_CODE": "503333752", "Pref_CODE": 39, "Pref_Name": "高知県", "Shape_Length": 0.020833332000051996, "Shape_Area": 2.6041662500115118e-05 }, "geometry": { "type": "Polygon", "coordinates": [ [ [ 133.44375, 33.641666667000038 ], [ 133.44375, 33.645833333000041 ], [ 133.45, 33.645833333000041 ], [ 133.45, 33.641666667000038 ], [ 133.44375, 33.641666667000038 ] ] ] } },
{ "type": "Feature", "properties": { "fid": 1169, "OBJECTID": 9788, "KEY_CODE": "503333753", "Pref_CODE": 39, "Pref_Name": "高知県", "Shape_Length": 0.020833333999803472, "Shape_Area": 2.6041668749575326e-05 }, "geometry": { "type": "Polygon", "coordinates": [ [ [ 133.437500000000114, 33.645833333000041 ], [ 133.437500000000114, 33.65 ], [ 133.44375, 33.65 ], [ 133.44375, 33.645833333000041 ], [ 133.437500000000114, 33.645833333000041 ] ] ] } },
{ "type": "Feature", "properties": { "fid": 1170, "OBJECTID": 9789, "KEY_CODE": "503333754", "Pref_CODE": 39, "Pref_Name": "高知県", "Shape_Length": 0.020833334000030845, "Shape_Area": 2.6041668750049021e-05 }, "geometry": { "type": "Polygon", "coordinates": [ [ [ 133.44375, 33.645833333000041 ], [ 133.44375, 33.65 ], [ 133.45, 33.65 ], [ 133.45, 33.645833333000041 ], [ 133.44375, 33.645833333000041 ] ] ] } },
{ "type": "Feature", "properties": { "fid": 1171, "OBJECTID": 9790, "KEY_CODE": "503333761", "Pref_CODE": 39, "Pref_Name": "高知県", "Shape_Length": 0.020833332000051996, "Shape_Area": 2.6041662500115118e-05 }, "geometry": { "type": "Polygon", "coordinates": [ [ [ 133.45, 33.641666667000038 ], [ 133.45, 33.645833333000041 ], [ 133.45625, 33.645833333000041 ], [ 133.45625, 33.641666667000038 ], [ 133.45, 33.641666667000038 ] ] ] } },
{ "type": "Feature", "properties": { "fid": 1172, "OBJECTID": 9791, "KEY_CODE": "503333762", "Pref_CODE": 39, "Pref_Name": "高知県", "Shape_Length": 0.020833332000051996, "Shape_Area": 2.6041662500115118e-05 }, "geometry": { "type": "Polygon", "coordinates": [ [ [ 133.45625, 33.641666667000038 ], [ 133.45625, 33.645833333000041 ], [ 133.4625, 33.645833333000041 ], [ 133.4625, 33.641666667000038 ], [ 133.45625, 33.641666667000038 ] ] ] } },
{ "type": "Feature", "properties": { "fid": 1173, "OBJECTID": 9792, "KEY_CODE": "503333763", "Pref_CODE": 39, "Pref_Name": "高知県", "Shape_Length": 0.020833334000030845, "Shape_Area": 2.6041668750049021e-05 }, "geometry": { "type": "Polygon", "coordinates": [ [ [ 133.45, 33.645833333000041 ], [ 133.45, 33.65 ], [ 133.45625, 33.65 ], [ 133.45625, 33.645833333000041 ], [ 133.45, 33.645833333000041 ] ] ] } },
{ "type": "Feature", "properties": { "fid": 1174, "OBJECTID": 9793, "KEY_CODE": "503333764", "Pref_CODE": 39, "Pref_Name": "高知県", "Shape_Length": 0.020833334000030845, "Shape_Area": 2.6041668750049021e-05 }, "geometry": { "type": "Polygon", "coordinates": [ [ [ 133.45625, 33.645833333000041 ], [ 133.45625, 33.65 ], [ 133.4625, 33.65 ], [ 133.4625, 33.645833333000041 ], [ 133.45625, 33.645833333000041 ] ] ] } },
{ "type": "Feature", "properties": { "fid": 1175, "OBJECTID": 9794, "KEY_CODE": "503333771", "Pref_CODE": 39, "Pref_Name": "高知県", "Shape_Length": 0.020833332000051996, "Shape_Area": 2.6041662500115118e-05 }, "geometry": { "type": "Polygon", "coordinates": [ [ [ 133.4625, 33.641666667000038 ], [ 133.4625, 33.645833333000041 ], [ 133.468750000000114, 33.645833333000041 ], [ 133.468750000000114, 33.641666667000038 ], [ 133.4625, 33.641666667000038 ] ] ] } },
{ "type": "Feature", "properties": { "fid": 1176, "OBJECTID": 9795, "KEY_CODE": "503333772", "Pref_CODE": 39, "Pref_Name": "高知県", "Shape_Length": 0.020833331999824622, "Shape_Area": 2.6041662499641423e-05 }, "geometry": { "type": "Polygon", "coordinates": [ [ [ 133.468750000000114, 33.641666667000038 ], [ 133.468750000000114, 33.645833333000041 ], [ 133.475, 33.645833333000041 ], [ 133.475, 33.641666667000038 ], [ 133.468750000000114, 33.641666667000038 ] ] ] } },
{ "type": "Feature", "properties": { "fid": 1177, "OBJECTID": 9796, "KEY_CODE": "503333773", "Pref_CODE": 39, "Pref_Name": "高知県", "Shape_Length": 0.020833334000030845, "Shape_Area": 2.6041668750049021e-05 }, "geometry": { "type": "Polygon", "coordinates": [ [ [ 133.4625, 33.645833333000041 ], [ 133.4625, 33.65 ], [ 133.468750000000114, 33.65 ], [ 133.468750000000114, 33.645833333000041 ], [ 133.4625, 33.645833333000041 ] ] ] } },
{ "type": "Feature", "properties": { "fid": 1178, "OBJECTID": 9797, "KEY_CODE": "503333774", "Pref_CODE": 39, "Pref_Name": "高知県", "Shape_Length": 0.020833333999803472, "Shape_Area": 2.6041668749575326e-05 }, "geometry": { "type": "Polygon", "coordinates": [ [ [ 133.468750000000114, 33.645833333000041 ], [ 133.468750000000114, 33.65 ], [ 133.475, 33.65 ], [ 133.475, 33.645833333000041 ], [ 133.468750000000114, 33.645833333000041 ] ] ] } },
{ "type": "Feature", "properties": { "fid": 1179, "OBJECTID": 9798, "KEY_CODE": "503333781", "Pref_CODE": 39, "Pref_Name": "高知県", "Shape_Length": 0.020833332000051996, "Shape_Area": 2.6041662500115118e-05 }, "geometry": { "type": "Polygon", "coordinates": [ [ [ 133.475, 33.641666667000038 ], [ 133.475, 33.645833333000041 ], [ 133.48125, 33.645833333000041 ], [ 133.48125, 33.641666667000038 ], [ 133.475, 33.641666667000038 ] ] ] } },
{ "type": "Feature", "properties": { "fid": 1180, "OBJECTID": 9799, "KEY_CODE": "503333782", "Pref_CODE": 39, "Pref_Name": "高知県", "Shape_Length": 0.020833332000051996, "Shape_Area": 2.6041662500115118e-05 }, "geometry": { "type": "Polygon", "coordinates": [ [ [ 133.48125, 33.641666667000038 ], [ 133.48125, 33.645833333000041 ], [ 133.4875, 33.645833333000041 ], [ 133.4875, 33.641666667000038 ], [ 133.48125, 33.641666667000038 ] ] ] } },
{ "type": "Feature", "properties": { "fid": 1181, "OBJECTID": 9800, "KEY_CODE": "503333783", "Pref_CODE": 39, "Pref_Name": "高知県", "Shape_Length": 0.020833334000030845, "Shape_Area": 2.6041668750049021e-05 }, "geometry": { "type": "Polygon", "coordinates": [ [ [ 133.475, 33.645833333000041 ], [ 133.475, 33.65 ], [ 133.48125, 33.65 ], [ 133.48125, 33.645833333000041 ], [ 133.475, 33.645833333000041 ] ] ] } },
{ "type": "Feature", "properties": { "fid": 1182, "OBJECTID": 9801, "KEY_CODE": "503333784", "Pref_CODE": 39, "Pref_Name": "高知県", "Shape_Length": 0.020833334000030845, "Shape_Area": 2.6041668750049021e-05 }, "geometry": { "type": "Polygon", "coordinates": [ [ [ 133.48125, 33.645833333000041 ], [ 133.48125, 33.65 ], [ 133.4875, 33.65 ], [ 133.4875, 33.645833333000041 ], [ 133.48125, 33.645833333000041 ] ] ] } },
{ "type": "Feature", "properties": { "fid": 1183, "OBJECTID": 9802, "KEY_CODE": "503333791", "Pref_CODE": 39, "Pref_Name": "高知県", "Shape_Length": 0.020833332000051996, "Shape_Area": 2.6041662500115118e-05 }, "geometry": { "type": "Polygon", "coordinates": [ [ [ 133.4875, 33.641666667000038 ], [ 133.4875, 33.645833333000041 ], [ 133.49375, 33.645833333000041 ], [ 133.49375, 33.641666667000038 ], [ 133.4875, 33.641666667000038 ] ] ] } },
{ "type": "Feature", "properties": { "fid": 1184, "OBJECTID": 9803, "KEY_CODE": "503333792", "Pref_CODE": 39, "Pref_Name": "高知県", "Shape_Length": 0.020833332000051996, "Shape_Area": 2.6041662500115118e-05 }, "geometry": { "type": "Polygon", "coordinates": [ [ [ 133.49375, 33.641666667000038 ], [ 133.49375, 33.645833333000041 ], [ 133.500000000000114, 33.645833333000041 ], [ 133.500000000000114, 33.641666667000038 ], [ 133.49375, 33.641666667000038 ] ] ] } },
{ "type": "Feature", "properties": { "fid": 1185, "OBJECTID": 9804, "KEY_CODE": "503333793", "Pref_CODE": 39, "Pref_Name": "高知県", "Shape_Length": 0.020833334000030845, "Shape_Area": 2.6041668750049021e-05 }, "geometry": { "type": "Polygon", "coordinates": [ [ [ 133.4875, 33.645833333000041 ], [ 133.4875, 33.65 ], [ 133.49375, 33.65 ], [ 133.49375, 33.645833333000041 ], [ 133.4875, 33.645833333000041 ] ] ] } },
{ "type": "Feature", "properties": { "fid": 1186, "OBJECTID": 9805, "KEY_CODE": "503333794", "Pref_CODE": 39, "Pref_Name": "高知県", "Shape_Length": 0.020833334000030845, "Shape_Area": 2.6041668750049021e-05 }, "geometry": { "type": "Polygon", "coordinates": [ [ [ 133.49375, 33.645833333000041 ], [ 133.49375, 33.65 ], [ 133.500000000000114, 33.65 ], [ 133.500000000000114, 33.645833333000041 ], [ 133.49375, 33.645833333000041 ] ] ] } },
{ "type": "Feature", "properties": { "fid": 1187, "OBJECTID": 9811, "KEY_CODE": "503333812", "Pref_CODE": 39, "Pref_Name": "高知県", "Shape_Length": 0.020833334000030845, "Shape_Area": 2.6041668750049021e-05 }, "geometry": { "type": "Polygon", "coordinates": [ [ [ 133.4, 33.654166667000027 ], [ 133.4, 33.65 ], [ 133.39435083, 33.65 ], [ 133.39435083, 33.654166667000027 ], [ 133.4, 33.654166667000027 ] ] ] } },
{ "type": "Feature", "properties": { "fid": 1188, "OBJECTID": 9813, "KEY_CODE": "503333814", "Pref_CODE": 39, "Pref_Name": "高知県", "Shape_Length": 0.020833332000051996, "Shape_Area": 2.6041662500115118e-05 }, "geometry": { "type": "Polygon", "coordinates": [ [ [ 133.4, 33.65833333300003 ], [ 133.4, 33.654166667000027 ], [ 133.39435083, 33.654166667000027 ], [ 133.39435083, 33.65833333300003 ], [ 133.4, 33.65833333300003 ] ] ] } },
{ "type": "Feature", "properties": { "fid": 1189, "OBJECTID": 9814, "KEY_CODE": "503333821", "Pref_CODE": 39, "Pref_Name": "高知県", "Shape_Length": 0.020833334000030845, "Shape_Area": 2.6041668750049021e-05 }, "geometry": { "type": "Polygon", "coordinates": [ [ [ 133.4, 33.65 ], [ 133.4, 33.654166667000027 ], [ 133.406250000000114, 33.654166667000027 ], [ 133.406250000000114, 33.65 ], [ 133.4, 33.65 ] ] ] } },
{ "type": "Feature", "properties": { "fid": 1190, "OBJECTID": 9815, "KEY_CODE": "503333822", "Pref_CODE": 39, "Pref_Name": "高知県", "Shape_Length": 0.020833333999803472, "Shape_Area": 2.6041668749575326e-05 }, "geometry": { "type": "Polygon", "coordinates": [ [ [ 133.406250000000114, 33.65 ], [ 133.406250000000114, 33.654166667000027 ], [ 133.4125, 33.654166667000027 ], [ 133.4125, 33.65 ], [ 133.406250000000114, 33.65 ] ] ] } },
{ "type": "Feature", "properties": { "fid": 1191, "OBJECTID": 9816, "KEY_CODE": "503333823", "Pref_CODE": 39, "Pref_Name": "高知県", "Shape_Length": 0.020833332000051996, "Shape_Area": 2.6041662500115118e-05 }, "geometry": { "type": "Polygon", "coordinates": [ [ [ 133.4, 33.654166667000027 ], [ 133.4, 33.65833333300003 ], [ 133.406250000000114, 33.65833333300003 ], [ 133.406250000000114, 33.654166667000027 ], [ 133.4, 33.654166667000027 ] ] ] } },
{ "type": "Feature", "properties": { "fid": 1192, "OBJECTID": 9817, "KEY_CODE": "503333824", "Pref_CODE": 39, "Pref_Name": "高知県", "Shape_Length": 0.020833331999824622, "Shape_Area": 2.6041662499641423e-05 }, "geometry": { "type": "Polygon", "coordinates": [ [ [ 133.406250000000114, 33.654166667000027 ], [ 133.406250000000114, 33.65833333300003 ], [ 133.4125, 33.65833333300003 ], [ 133.4125, 33.654166667000027 ], [ 133.406250000000114, 33.654166667000027 ] ] ] } },
{ "type": "Feature", "properties": { "fid": 1193, "OBJECTID": 9818, "KEY_CODE": "503333831", "Pref_CODE": 39, "Pref_Name": "高知県", "Shape_Length": 0.020833334000030845, "Shape_Area": 2.6041668750049021e-05 }, "geometry": { "type": "Polygon", "coordinates": [ [ [ 133.4125, 33.65 ], [ 133.4125, 33.654166667000027 ], [ 133.41875, 33.654166667000027 ], [ 133.41875, 33.65 ], [ 133.4125, 33.65 ] ] ] } },
{ "type": "Feature", "properties": { "fid": 1194, "OBJECTID": 9819, "KEY_CODE": "503333832", "Pref_CODE": 39, "Pref_Name": "高知県", "Shape_Length": 0.020833334000030845, "Shape_Area": 2.6041668750049021e-05 }, "geometry": { "type": "Polygon", "coordinates": [ [ [ 133.41875, 33.65 ], [ 133.41875, 33.654166667000027 ], [ 133.425, 33.654166667000027 ], [ 133.425, 33.65 ], [ 133.41875, 33.65 ] ] ] } },
{ "type": "Feature", "properties": { "fid": 1195, "OBJECTID": 9820, "KEY_CODE": "503333833", "Pref_CODE": 39, "Pref_Name": "高知県", "Shape_Length": 0.020833332000051996, "Shape_Area": 2.6041662500115118e-05 }, "geometry": { "type": "Polygon", "coordinates": [ [ [ 133.4125, 33.654166667000027 ], [ 133.4125, 33.65833333300003 ], [ 133.41875, 33.65833333300003 ], [ 133.41875, 33.654166667000027 ], [ 133.4125, 33.654166667000027 ] ] ] } },
{ "type": "Feature", "properties": { "fid": 1196, "OBJECTID": 9821, "KEY_CODE": "503333834", "Pref_CODE": 39, "Pref_Name": "高知県", "Shape_Length": 0.020833332000051996, "Shape_Area": 2.6041662500115118e-05 }, "geometry": { "type": "Polygon", "coordinates": [ [ [ 133.41875, 33.654166667000027 ], [ 133.41875, 33.65833333300003 ], [ 133.425, 33.65833333300003 ], [ 133.425, 33.654166667000027 ], [ 133.41875, 33.654166667000027 ] ] ] } },
{ "type": "Feature", "properties": { "fid": 1197, "OBJECTID": 9822, "KEY_CODE": "503333841", "Pref_CODE": 39, "Pref_Name": "高知県", "Shape_Length": 0.020833334000030845, "Shape_Area": 2.6041668750049021e-05 }, "geometry": { "type": "Polygon", "coordinates": [ [ [ 133.425, 33.65 ], [ 133.425, 33.654166667000027 ], [ 133.43125, 33.654166667000027 ], [ 133.43125, 33.65 ], [ 133.425, 33.65 ] ] ] } },
{ "type": "Feature", "properties": { "fid": 1198, "OBJECTID": 9823, "KEY_CODE": "503333842", "Pref_CODE": 39, "Pref_Name": "高知県", "Shape_Length": 0.020833334000030845, "Shape_Area": 2.6041668750049021e-05 }, "geometry": { "type": "Polygon", "coordinates": [ [ [ 133.43125, 33.65 ], [ 133.43125, 33.654166667000027 ], [ 133.437500000000114, 33.654166667000027 ], [ 133.437500000000114, 33.65 ], [ 133.43125, 33.65 ] ] ] } },
{ "type": "Feature", "properties": { "fid": 1199, "OBJECTID": 9824, "KEY_CODE": "503333843", "Pref_CODE": 39, "Pref_Name": "高知県", "Shape_Length": 0.020833332000051996, "Shape_Area": 2.6041662500115118e-05 }, "geometry": { "type": "Polygon", "coordinates": [ [ [ 133.425, 33.654166667000027 ], [ 133.425, 33.65833333300003 ], [ 133.43125, 33.65833333300003 ], [ 133.43125, 33.654166667000027 ], [ 133.425, 33.654166667000027 ] ] ] } },
{ "type": "Feature", "properties": { "fid": 1200, "OBJECTID": 9825, "KEY_CODE": "503333844", "Pref_CODE": 39, "Pref_Name": "高知県", "Shape_Length": 0.020833332000051996, "Shape_Area": 2.6041662500115118e-05 }, "geometry": { "type": "Polygon", "coordinates": [ [ [ 133.43125, 33.654166667000027 ], [ 133.43125, 33.65833333300003 ], [ 133.437500000000114, 33.65833333300003 ], [ 133.437500000000114, 33.654166667000027 ], [ 133.43125, 33.654166667000027 ] ] ] } },
{ "type": "Feature", "properties": { "fid": 1201, "OBJECTID": 9826, "KEY_CODE": "503333851", "Pref_CODE": 39, "Pref_Name": "高知県", "Shape_Length": 0.020833333999803472, "Shape_Area": 2.6041668749575326e-05 }, "geometry": { "type": "Polygon", "coordinates": [ [ [ 133.437500000000114, 33.65 ], [ 133.437500000000114, 33.654166667000027 ], [ 133.44375, 33.654166667000027 ], [ 133.44375, 33.65 ], [ 133.437500000000114, 33.65 ] ] ] } },
{ "type": "Feature", "properties": { "fid": 1202, "OBJECTID": 9827, "KEY_CODE": "503333852", "Pref_CODE": 39, "Pref_Name": "高知県", "Shape_Length": 0.020833334000030845, "Shape_Area": 2.6041668750049021e-05 }, "geometry": { "type": "Polygon", "coordinates": [ [ [ 133.44375, 33.65 ], [ 133.44375, 33.654166667000027 ], [ 133.45, 33.654166667000027 ], [ 133.45, 33.65 ], [ 133.44375, 33.65 ] ] ] } },
{ "type": "Feature", "properties": { "fid": 1203, "OBJECTID": 9828, "KEY_CODE": "503333853", "Pref_CODE": 39, "Pref_Name": "高知県", "Shape_Length": 0.020833331999824622, "Shape_Area": 2.6041662499641423e-05 }, "geometry": { "type": "Polygon", "coordinates": [ [ [ 133.437500000000114, 33.654166667000027 ], [ 133.437500000000114, 33.65833333300003 ], [ 133.44375, 33.65833333300003 ], [ 133.44375, 33.654166667000027 ], [ 133.437500000000114, 33.654166667000027 ] ] ] } },
{ "type": "Feature", "properties": { "fid": 1204, "OBJECTID": 9829, "KEY_CODE": "503333854", "Pref_CODE": 39, "Pref_Name": "高知県", "Shape_Length": 0.020833332000051996, "Shape_Area": 2.6041662500115118e-05 }, "geometry": { "type": "Polygon", "coordinates": [ [ [ 133.44375, 33.654166667000027 ], [ 133.44375, 33.65833333300003 ], [ 133.45, 33.65833333300003 ], [ 133.45, 33.654166667000027 ], [ 133.44375, 33.654166667000027 ] ] ] } },
{ "type": "Feature", "properties": { "fid": 1205, "OBJECTID": 9830, "KEY_CODE": "503333861", "Pref_CODE": 39, "Pref_Name": "高知県", "Shape_Length": 0.020833334000030845, "Shape_Area": 2.6041668750049021e-05 }, "geometry": { "type": "Polygon", "coordinates": [ [ [ 133.45, 33.65 ], [ 133.45, 33.654166667000027 ], [ 133.45625, 33.654166667000027 ], [ 133.45625, 33.65 ], [ 133.45, 33.65 ] ] ] } },
{ "type": "Feature", "properties": { "fid": 1206, "OBJECTID": 9831, "KEY_CODE": "503333862", "Pref_CODE": 39, "Pref_Name": "高知県", "Shape_Length": 0.020833334000030845, "Shape_Area": 2.6041668750049021e-05 }, "geometry": { "type": "Polygon", "coordinates": [ [ [ 133.45625, 33.65 ], [ 133.45625, 33.654166667000027 ], [ 133.4625, 33.654166667000027 ], [ 133.4625, 33.65 ], [ 133.45625, 33.65 ] ] ] } },
{ "type": "Feature", "properties": { "fid": 1207, "OBJECTID": 9832, "KEY_CODE": "503333863", "Pref_CODE": 39, "Pref_Name": "高知県", "Shape_Length": 0.020833332000051996, "Shape_Area": 2.6041662500115118e-05 }, "geometry": { "type": "Polygon", "coordinates": [ [ [ 133.45, 33.654166667000027 ], [ 133.45, 33.65833333300003 ], [ 133.45625, 33.65833333300003 ], [ 133.45625, 33.654166667000027 ], [ 133.45, 33.654166667000027 ] ] ] } },
{ "type": "Feature", "properties": { "fid": 1208, "OBJECTID": 9833, "KEY_CODE": "503333864", "Pref_CODE": 39, "Pref_Name": "高知県", "Shape_Length": 0.020833332000051996, "Shape_Area": 2.6041662500115118e-05 }, "geometry": { "type": "Polygon", "coordinates": [ [ [ 133.45625, 33.654166667000027 ], [ 133.45625, 33.65833333300003 ], [ 133.4625, 33.65833333300003 ], [ 133.4625, 33.654166667000027 ], [ 133.45625, 33.654166667000027 ] ] ] } },
{ "type": "Feature", "properties": { "fid": 1209, "OBJECTID": 9834, "KEY_CODE": "503333871", "Pref_CODE": 39, "Pref_Name": "高知県", "Shape_Length": 0.020833334000030845, "Shape_Area": 2.6041668750049021e-05 }, "geometry": { "type": "Polygon", "coordinates": [ [ [ 133.4625, 33.65 ], [ 133.4625, 33.654166667000027 ], [ 133.468750000000114, 33.654166667000027 ], [ 133.468750000000114, 33.65 ], [ 133.4625, 33.65 ] ] ] } },
{ "type": "Feature", "properties": { "fid": 1210, "OBJECTID": 9835, "KEY_CODE": "503333872", "Pref_CODE": 39, "Pref_Name": "高知県", "Shape_Length": 0.020833333999803472, "Shape_Area": 2.6041668749575326e-05 }, "geometry": { "type": "Polygon", "coordinates": [ [ [ 133.468750000000114, 33.65 ], [ 133.468750000000114, 33.654166667000027 ], [ 133.475, 33.654166667000027 ], [ 133.475, 33.65 ], [ 133.468750000000114, 33.65 ] ] ] } },
{ "type": "Feature", "properties": { "fid": 1211, "OBJECTID": 9836, "KEY_CODE": "503333873", "Pref_CODE": 39, "Pref_Name": "高知県", "Shape_Length": 0.020833332000051996, "Shape_Area": 2.6041662500115118e-05 }, "geometry": { "type": "Polygon", "coordinates": [ [ [ 133.4625, 33.654166667000027 ], [ 133.4625, 33.65833333300003 ], [ 133.468750000000114, 33.65833333300003 ], [ 133.468750000000114, 33.654166667000027 ], [ 133.4625, 33.654166667000027 ] ] ] } },
{ "type": "Feature", "properties": { "fid": 1212, "OBJECTID": 9837, "KEY_CODE": "503333874", "Pref_CODE": 39, "Pref_Name": "高知県", "Shape_Length": 0.020833331999824622, "Shape_Area": 2.6041662499641423e-05 }, "geometry": { "type": "Polygon", "coordinates": [ [ [ 133.468750000000114, 33.654166667000027 ], [ 133.468750000000114, 33.65833333300003 ], [ 133.475, 33.65833333300003 ], [ 133.475, 33.654166667000027 ], [ 133.468750000000114, 33.654166667000027 ] ] ] } },
{ "type": "Feature", "properties": { "fid": 1213, "OBJECTID": 9838, "KEY_CODE": "503333881", "Pref_CODE": 39, "Pref_Name": "高知県", "Shape_Length": 0.020833334000030845, "Shape_Area": 2.6041668750049021e-05 }, "geometry": { "type": "Polygon", "coordinates": [ [ [ 133.475, 33.65 ], [ 133.475, 33.654166667000027 ], [ 133.48125, 33.654166667000027 ], [ 133.48125, 33.65 ], [ 133.475, 33.65 ] ] ] } },
{ "type": "Feature", "properties": { "fid": 1214, "OBJECTID": 9839, "KEY_CODE": "503333882", "Pref_CODE": 39, "Pref_Name": "高知県", "Shape_Length": 0.020833334000030845, "Shape_Area": 2.6041668750049021e-05 }, "geometry": { "type": "Polygon", "coordinates": [ [ [ 133.48125, 33.65 ], [ 133.48125, 33.654166667000027 ], [ 133.4875, 33.654166667000027 ], [ 133.4875, 33.65 ], [ 133.48125, 33.65 ] ] ] } },
{ "type": "Feature", "properties": { "fid": 1215, "OBJECTID": 9840, "KEY_CODE": "503333883", "Pref_CODE": 39, "Pref_Name": "高知県", "Shape_Length": 0.020833332000051996, "Shape_Area": 2.6041662500115118e-05 }, "geometry": { "type": "Polygon", "coordinates": [ [ [ 133.475, 33.654166667000027 ], [ 133.475, 33.65833333300003 ], [ 133.48125, 33.65833333300003 ], [ 133.48125, 33.654166667000027 ], [ 133.475, 33.654166667000027 ] ] ] } },
{ "type": "Feature", "properties": { "fid": 1216, "OBJECTID": 9841, "KEY_CODE": "503333884", "Pref_CODE": 39, "Pref_Name": "高知県", "Shape_Length": 0.020833332000051996, "Shape_Area": 2.6041662500115118e-05 }, "geometry": { "type": "Polygon", "coordinates": [ [ [ 133.48125, 33.654166667000027 ], [ 133.48125, 33.65833333300003 ], [ 133.4875, 33.65833333300003 ], [ 133.4875, 33.654166667000027 ], [ 133.48125, 33.654166667000027 ] ] ] } },
{ "type": "Feature", "properties": { "fid": 1217, "OBJECTID": 9842, "KEY_CODE": "503333891", "Pref_CODE": 39, "Pref_Name": "高知県", "Shape_Length": 0.020833334000030845, "Shape_Area": 2.6041668750049021e-05 }, "geometry": { "type": "Polygon", "coordinates": [ [ [ 133.4875, 33.65 ], [ 133.4875, 33.654166667000027 ], [ 133.49375, 33.654166667000027 ], [ 133.49375, 33.65 ], [ 133.4875, 33.65 ] ] ] } },
{ "type": "Feature", "properties": { "fid": 1218, "OBJECTID": 9843, "KEY_CODE": "503333892", "Pref_CODE": 39, "Pref_Name": "高知県", "Shape_Length": 0.020833334000030845, "Shape_Area": 2.6041668750049021e-05 }, "geometry": { "type": "Polygon", "coordinates": [ [ [ 133.49375, 33.65 ], [ 133.49375, 33.654166667000027 ], [ 133.500000000000114, 33.654166667000027 ], [ 133.500000000000114, 33.65 ], [ 133.49375, 33.65 ] ] ] } },
{ "type": "Feature", "properties": { "fid": 1219, "OBJECTID": 9844, "KEY_CODE": "503333893", "Pref_CODE": 39, "Pref_Name": "高知県", "Shape_Length": 0.020833332000051996, "Shape_Area": 2.6041662500115118e-05 }, "geometry": { "type": "Polygon", "coordinates": [ [ [ 133.4875, 33.654166667000027 ], [ 133.4875, 33.65833333300003 ], [ 133.49375, 33.65833333300003 ], [ 133.49375, 33.654166667000027 ], [ 133.4875, 33.654166667000027 ] ] ] } },
{ "type": "Feature", "properties": { "fid": 1220, "OBJECTID": 9845, "KEY_CODE": "503333894", "Pref_CODE": 39, "Pref_Name": "高知県", "Shape_Length": 0.020833332000051996, "Shape_Area": 2.6041662500115118e-05 }, "geometry": { "type": "Polygon", "coordinates": [ [ [ 133.49375, 33.654166667000027 ], [ 133.49375, 33.65833333300003 ], [ 133.500000000000114, 33.65833333300003 ], [ 133.500000000000114, 33.654166667000027 ], [ 133.49375, 33.654166667000027 ] ] ] } },
{ "type": "Feature", "properties": { "fid": 1221, "OBJECTID": 9851, "KEY_CODE": "503333912", "Pref_CODE": 39, "Pref_Name": "高知県", "Shape_Length": 0.020833334000144532, "Shape_Area": 2.6041668750404293e-05 }, "geometry": { "type": "Polygon", "coordinates": [ [ [ 133.4, 33.6625 ], [ 133.4, 33.65833333300003 ], [ 133.39435083, 33.65833333300003 ], [ 133.39435083, 33.6625 ], [ 133.4, 33.6625 ] ] ] } },
{ "type": "Feature", "properties": { "fid": 1222, "OBJECTID": 9853, "KEY_CODE": "503333914", "Pref_CODE": 39, "Pref_Name": "高知県", "Shape_Length": 0.020833334000030845, "Shape_Area": 2.6041668750049021e-05 }, "geometry": { "type": "Polygon", "coordinates": [ [ [ 133.4, 33.666666667000072 ], [ 133.4, 33.6625 ], [ 133.39435083, 33.6625 ], [ 133.39435083, 33.666666667000072 ], [ 133.4, 33.666666667000072 ] ] ] } },
{ "type": "Feature", "properties": { "fid": 1223, "OBJECTID": 9854, "KEY_CODE": "503333921", "Pref_CODE": 39, "Pref_Name": "高知県", "Shape_Length": 0.020833334000144532, "Shape_Area": 2.6041668750404293e-05 }, "geometry": { "type": "Polygon", "coordinates": [ [ [ 133.4, 33.65833333300003 ], [ 133.4, 33.6625 ], [ 133.406250000000114, 33.6625 ], [ 133.406250000000114, 33.65833333300003 ], [ 133.4, 33.65833333300003 ] ] ] } },
{ "type": "Feature", "properties": { "fid": 1224, "OBJECTID": 9855, "KEY_CODE": "503333922", "Pref_CODE": 39, "Pref_Name": "高知県", "Shape_Length": 0.020833333999917159, "Shape_Area": 2.6041668749930599e-05 }, "geometry": { "type": "Polygon", "coordinates": [ [ [ 133.406250000000114, 33.65833333300003 ], [ 133.406250000000114, 33.6625 ], [ 133.4125, 33.6625 ], [ 133.4125, 33.65833333300003 ], [ 133.406250000000114, 33.65833333300003 ] ] ] } },
{ "type": "Feature", "properties": { "fid": 1225, "OBJECTID": 9856, "KEY_CODE": "503333923", "Pref_CODE": 39, "Pref_Name": "高知県", "Shape_Length": 0.020833334000030845, "Shape_Area": 2.6041668750049021e-05 }, "geometry": { "type": "Polygon", "coordinates": [ [ [ 133.4, 33.6625 ], [ 133.4, 33.666666667000072 ], [ 133.406250000000114, 33.666666667000072 ], [ 133.406250000000114, 33.6625 ], [ 133.4, 33.6625 ] ] ] } },
{ "type": "Feature", "properties": { "fid": 1226, "OBJECTID": 9857, "KEY_CODE": "503333924", "Pref_CODE": 39, "Pref_Name": "高知県", "Shape_Length": 0.020833333999803472, "Shape_Area": 2.6041668749575326e-05 }, "geometry": { "type": "Polygon", "coordinates": [ [ [ 133.406250000000114, 33.6625 ], [ 133.406250000000114, 33.666666667000072 ], [ 133.4125, 33.666666667000072 ], [ 133.4125, 33.6625 ], [ 133.406250000000114, 33.6625 ] ] ] } },
{ "type": "Feature", "properties": { "fid": 1227, "OBJECTID": 9858, "KEY_CODE": "503333931", "Pref_CODE": 39, "Pref_Name": "高知県", "Shape_Length": 0.020833334000144532, "Shape_Area": 2.6041668750404293e-05 }, "geometry": { "type": "Polygon", "coordinates": [ [ [ 133.4125, 33.65833333300003 ], [ 133.4125, 33.6625 ], [ 133.41875, 33.6625 ], [ 133.41875, 33.65833333300003 ], [ 133.4125, 33.65833333300003 ] ] ] } },
{ "type": "Feature", "properties": { "fid": 1228, "OBJECTID": 9859, "KEY_CODE": "503333932", "Pref_CODE": 39, "Pref_Name": "高知県", "Shape_Length": 0.020833334000144532, "Shape_Area": 2.6041668750404293e-05 }, "geometry": { "type": "Polygon", "coordinates": [ [ [ 133.41875, 33.65833333300003 ], [ 133.41875, 33.6625 ], [ 133.425, 33.6625 ], [ 133.425, 33.65833333300003 ], [ 133.41875, 33.65833333300003 ] ] ] } },
{ "type": "Feature", "properties": { "fid": 1229, "OBJECTID": 9860, "KEY_CODE": "503333933", "Pref_CODE": 39, "Pref_Name": "高知県", "Shape_Length": 0.020833334000030845, "Shape_Area": 2.6041668750049021e-05 }, "geometry": { "type": "Polygon", "coordinates": [ [ [ 133.4125, 33.6625 ], [ 133.4125, 33.666666667000072 ], [ 133.41875, 33.666666667000072 ], [ 133.41875, 33.6625 ], [ 133.4125, 33.6625 ] ] ] } },
{ "type": "Feature", "properties": { "fid": 1230, "OBJECTID": 9861, "KEY_CODE": "503333934", "Pref_CODE": 39, "Pref_Name": "高知県", "Shape_Length": 0.020833334000030845, "Shape_Area": 2.6041668750049021e-05 }, "geometry": { "type": "Polygon", "coordinates": [ [ [ 133.41875, 33.6625 ], [ 133.41875, 33.666666667000072 ], [ 133.425, 33.666666667000072 ], [ 133.425, 33.6625 ], [ 133.41875, 33.6625 ] ] ] } },
{ "type": "Feature", "properties": { "fid": 1231, "OBJECTID": 9862, "KEY_CODE": "503333941", "Pref_CODE": 39, "Pref_Name": "高知県", "Shape_Length": 0.020833334000144532, "Shape_Area": 2.6041668750404293e-05 }, "geometry": { "type": "Polygon", "coordinates": [ [ [ 133.425, 33.65833333300003 ], [ 133.425, 33.6625 ], [ 133.43125, 33.6625 ], [ 133.43125, 33.65833333300003 ], [ 133.425, 33.65833333300003 ] ] ] } },
{ "type": "Feature", "properties": { "fid": 1232, "OBJECTID": 9863, "KEY_CODE": "503333942", "Pref_CODE": 39, "Pref_Name": "高知県", "Shape_Length": 0.020833334000144532, "Shape_Area": 2.6041668750404293e-05 }, "geometry": { "type": "Polygon", "coordinates": [ [ [ 133.43125, 33.65833333300003 ], [ 133.43125, 33.6625 ], [ 133.437500000000114, 33.6625 ], [ 133.437500000000114, 33.65833333300003 ], [ 133.43125, 33.65833333300003 ] ] ] } },
{ "type": "Feature", "properties": { "fid": 1233, "OBJECTID": 9864, "KEY_CODE": "503333943", "Pref_CODE": 39, "Pref_Name": "高知県", "Shape_Length": 0.020833334000030845, "Shape_Area": 2.6041668750049021e-05 }, "geometry": { "type": "Polygon", "coordinates": [ [ [ 133.425, 33.6625 ], [ 133.425, 33.666666667000072 ], [ 133.43125, 33.666666667000072 ], [ 133.43125, 33.6625 ], [ 133.425, 33.6625 ] ] ] } },
{ "type": "Feature", "properties": { "fid": 1234, "OBJECTID": 9865, "KEY_CODE": "503333944", "Pref_CODE": 39, "Pref_Name": "高知県", "Shape_Length": 0.020833334000030845, "Shape_Area": 2.6041668750049021e-05 }, "geometry": { "type": "Polygon", "coordinates": [ [ [ 133.43125, 33.6625 ], [ 133.43125, 33.666666667000072 ], [ 133.437500000000114, 33.666666667000072 ], [ 133.437500000000114, 33.6625 ], [ 133.43125, 33.6625 ] ] ] } },
{ "type": "Feature", "properties": { "fid": 1235, "OBJECTID": 9866, "KEY_CODE": "503333951", "Pref_CODE": 39, "Pref_Name": "高知県", "Shape_Length": 0.020833333999917159, "Shape_Area": 2.6041668749930599e-05 }, "geometry": { "type": "Polygon", "coordinates": [ [ [ 133.437500000000114, 33.65833333300003 ], [ 133.437500000000114, 33.6625 ], [ 133.44375, 33.6625 ], [ 133.44375, 33.65833333300003 ], [ 133.437500000000114, 33.65833333300003 ] ] ] } },
{ "type": "Feature", "properties": { "fid": 1236, "OBJECTID": 9867, "KEY_CODE": "503333952", "Pref_CODE": 39, "Pref_Name": "高知県", "Shape_Length": 0.020833334000144532, "Shape_Area": 2.6041668750404293e-05 }, "geometry": { "type": "Polygon", "coordinates": [ [ [ 133.44375, 33.65833333300003 ], [ 133.44375, 33.6625 ], [ 133.45, 33.6625 ], [ 133.45, 33.65833333300003 ], [ 133.44375, 33.65833333300003 ] ] ] } },
{ "type": "Feature", "properties": { "fid": 1237, "OBJECTID": 9868, "KEY_CODE": "503333953", "Pref_CODE": 39, "Pref_Name": "高知県", "Shape_Length": 0.020833333999803472, "Shape_Area": 2.6041668749575326e-05 }, "geometry": { "type": "Polygon", "coordinates": [ [ [ 133.437500000000114, 33.6625 ], [ 133.437500000000114, 33.666666667000072 ], [ 133.44375, 33.666666667000072 ], [ 133.44375, 33.6625 ], [ 133.437500000000114, 33.6625 ] ] ] } },
{ "type": "Feature", "properties": { "fid": 1238, "OBJECTID": 9869, "KEY_CODE": "503333954", "Pref_CODE": 39, "Pref_Name": "高知県", "Shape_Length": 0.020833334000030845, "Shape_Area": 2.6041668750049021e-05 }, "geometry": { "type": "Polygon", "coordinates": [ [ [ 133.44375, 33.6625 ], [ 133.44375, 33.666666667000072 ], [ 133.45, 33.666666667000072 ], [ 133.45, 33.6625 ], [ 133.44375, 33.6625 ] ] ] } },
{ "type": "Feature", "properties": { "fid": 1239, "OBJECTID": 9870, "KEY_CODE": "503333961", "Pref_CODE": 39, "Pref_Name": "高知県", "Shape_Length": 0.020833334000144532, "Shape_Area": 2.6041668750404293e-05 }, "geometry": { "type": "Polygon", "coordinates": [ [ [ 133.45, 33.65833333300003 ], [ 133.45, 33.6625 ], [ 133.45625, 33.6625 ], [ 133.45625, 33.65833333300003 ], [ 133.45, 33.65833333300003 ] ] ] } },
{ "type": "Feature", "properties": { "fid": 1240, "OBJECTID": 9871, "KEY_CODE": "503333962", "Pref_CODE": 39, "Pref_Name": "高知県", "Shape_Length": 0.020833334000144532, "Shape_Area": 2.6041668750404293e-05 }, "geometry": { "type": "Polygon", "coordinates": [ [ [ 133.45625, 33.65833333300003 ], [ 133.45625, 33.6625 ], [ 133.4625, 33.6625 ], [ 133.4625, 33.65833333300003 ], [ 133.45625, 33.65833333300003 ] ] ] } },
{ "type": "Feature", "properties": { "fid": 1241, "OBJECTID": 9872, "KEY_CODE": "503333963", "Pref_CODE": 39, "Pref_Name": "高知県", "Shape_Length": 0.020833334000030845, "Shape_Area": 2.6041668750049021e-05 }, "geometry": { "type": "Polygon", "coordinates": [ [ [ 133.45, 33.6625 ], [ 133.45, 33.666666667000072 ], [ 133.45625, 33.666666667000072 ], [ 133.45625, 33.6625 ], [ 133.45, 33.6625 ] ] ] } },
{ "type": "Feature", "properties": { "fid": 1242, "OBJECTID": 9873, "KEY_CODE": "503333964", "Pref_CODE": 39, "Pref_Name": "高知県", "Shape_Length": 0.020833334000030845, "Shape_Area": 2.6041668750049021e-05 }, "geometry": { "type": "Polygon", "coordinates": [ [ [ 133.45625, 33.6625 ], [ 133.45625, 33.666666667000072 ], [ 133.4625, 33.666666667000072 ], [ 133.4625, 33.6625 ], [ 133.45625, 33.6625 ] ] ] } },
{ "type": "Feature", "properties": { "fid": 1243, "OBJECTID": 9874, "KEY_CODE": "503333971", "Pref_CODE": 39, "Pref_Name": "高知県", "Shape_Length": 0.020833334000144532, "Shape_Area": 2.6041668750404293e-05 }, "geometry": { "type": "Polygon", "coordinates": [ [ [ 133.4625, 33.65833333300003 ], [ 133.4625, 33.6625 ], [ 133.468750000000114, 33.6625 ], [ 133.468750000000114, 33.65833333300003 ], [ 133.4625, 33.65833333300003 ] ] ] } },
{ "type": "Feature", "properties": { "fid": 1244, "OBJECTID": 9875, "KEY_CODE": "503333972", "Pref_CODE": 39, "Pref_Name": "高知県", "Shape_Length": 0.020833333999917159, "Shape_Area": 2.6041668749930599e-05 }, "geometry": { "type": "Polygon", "coordinates": [ [ [ 133.468750000000114, 33.65833333300003 ], [ 133.468750000000114, 33.6625 ], [ 133.475, 33.6625 ], [ 133.475, 33.65833333300003 ], [ 133.468750000000114, 33.65833333300003 ] ] ] } },
{ "type": "Feature", "properties": { "fid": 1245, "OBJECTID": 9876, "KEY_CODE": "503333973", "Pref_CODE": 39, "Pref_Name": "高知県", "Shape_Length": 0.020833334000030845, "Shape_Area": 2.6041668750049021e-05 }, "geometry": { "type": "Polygon", "coordinates": [ [ [ 133.4625, 33.6625 ], [ 133.4625, 33.666666667000072 ], [ 133.468750000000114, 33.666666667000072 ], [ 133.468750000000114, 33.6625 ], [ 133.4625, 33.6625 ] ] ] } },
{ "type": "Feature", "properties": { "fid": 1246, "OBJECTID": 9877, "KEY_CODE": "503333974", "Pref_CODE": 39, "Pref_Name": "高知県", "Shape_Length": 0.020833333999803472, "Shape_Area": 2.6041668749575326e-05 }, "geometry": { "type": "Polygon", "coordinates": [ [ [ 133.468750000000114, 33.6625 ], [ 133.468750000000114, 33.666666667000072 ], [ 133.475, 33.666666667000072 ], [ 133.475, 33.6625 ], [ 133.468750000000114, 33.6625 ] ] ] } },
{ "type": "Feature", "properties": { "fid": 1247, "OBJECTID": 9878, "KEY_CODE": "503333981", "Pref_CODE": 39, "Pref_Name": "高知県", "Shape_Length": 0.020833334000144532, "Shape_Area": 2.6041668750404293e-05 }, "geometry": { "type": "Polygon", "coordinates": [ [ [ 133.475, 33.65833333300003 ], [ 133.475, 33.6625 ], [ 133.48125, 33.6625 ], [ 133.48125, 33.65833333300003 ], [ 133.475, 33.65833333300003 ] ] ] } },
{ "type": "Feature", "properties": { "fid": 1248, "OBJECTID": 9879, "KEY_CODE": "503333982", "Pref_CODE": 39, "Pref_Name": "高知県", "Shape_Length": 0.020833334000144532, "Shape_Area": 2.6041668750404293e-05 }, "geometry": { "type": "Polygon", "coordinates": [ [ [ 133.48125, 33.65833333300003 ], [ 133.48125, 33.6625 ], [ 133.4875, 33.6625 ], [ 133.4875, 33.65833333300003 ], [ 133.48125, 33.65833333300003 ] ] ] } },
{ "type": "Feature", "properties": { "fid": 1249, "OBJECTID": 9880, "KEY_CODE": "503333983", "Pref_CODE": 39, "Pref_Name": "高知県", "Shape_Length": 0.020833334000030845, "Shape_Area": 2.6041668750049021e-05 }, "geometry": { "type": "Polygon", "coordinates": [ [ [ 133.475, 33.6625 ], [ 133.475, 33.666666667000072 ], [ 133.48125, 33.666666667000072 ], [ 133.48125, 33.6625 ], [ 133.475, 33.6625 ] ] ] } },
{ "type": "Feature", "properties": { "fid": 1250, "OBJECTID": 9881, "KEY_CODE": "503333984", "Pref_CODE": 39, "Pref_Name": "高知県", "Shape_Length": 0.020833334000030845, "Shape_Area": 2.6041668750049021e-05 }, "geometry": { "type": "Polygon", "coordinates": [ [ [ 133.48125, 33.6625 ], [ 133.48125, 33.666666667000072 ], [ 133.4875, 33.666666667000072 ], [ 133.4875, 33.6625 ], [ 133.48125, 33.6625 ] ] ] } },
{ "type": "Feature", "properties": { "fid": 1251, "OBJECTID": 9882, "KEY_CODE": "503333991", "Pref_CODE": 39, "Pref_Name": "高知県", "Shape_Length": 0.020833334000144532, "Shape_Area": 2.6041668750404293e-05 }, "geometry": { "type": "Polygon", "coordinates": [ [ [ 133.4875, 33.65833333300003 ], [ 133.4875, 33.6625 ], [ 133.49375, 33.6625 ], [ 133.49375, 33.65833333300003 ], [ 133.4875, 33.65833333300003 ] ] ] } },
{ "type": "Feature", "properties": { "fid": 1252, "OBJECTID": 9883, "KEY_CODE": "503333992", "Pref_CODE": 39, "Pref_Name": "高知県", "Shape_Length": 0.020833334000144532, "Shape_Area": 2.6041668750404293e-05 }, "geometry": { "type": "Polygon", "coordinates": [ [ [ 133.49375, 33.65833333300003 ], [ 133.49375, 33.6625 ], [ 133.500000000000114, 33.6625 ], [ 133.500000000000114, 33.65833333300003 ], [ 133.49375, 33.65833333300003 ] ] ] } },
{ "type": "Feature", "properties": { "fid": 1253, "OBJECTID": 9884, "KEY_CODE": "503333993", "Pref_CODE": 39, "Pref_Name": "高知県", "Shape_Length": 0.020833334000030845, "Shape_Area": 2.6041668750049021e-05 }, "geometry": { "type": "Polygon", "coordinates": [ [ [ 133.4875, 33.6625 ], [ 133.4875, 33.666666667000072 ], [ 133.49375, 33.666666667000072 ], [ 133.49375, 33.6625 ], [ 133.4875, 33.6625 ] ] ] } },
{ "type": "Feature", "properties": { "fid": 1254, "OBJECTID": 9885, "KEY_CODE": "503333994", "Pref_CODE": 39, "Pref_Name": "高知県", "Shape_Length": 0.020833334000030845, "Shape_Area": 2.6041668750049021e-05 }, "geometry": { "type": "Polygon", "coordinates": [ [ [ 133.49375, 33.6625 ], [ 133.49375, 33.666666667000072 ], [ 133.500000000000114, 33.666666667000072 ], [ 133.500000000000114, 33.6625 ], [ 133.49375, 33.6625 ] ] ] } },
{ "type": "Feature", "properties": { "fid": 1255, "OBJECTID": 9886, "KEY_CODE": "503334001", "Pref_CODE": 39, "Pref_Name": "高知県", "Shape_Length": 0.020833333999803472, "Shape_Area": 2.6041668749575326e-05 }, "geometry": { "type": "Polygon", "coordinates": [ [ [ 133.500000000000114, 33.583333333000041 ], [ 133.500000000000114, 33.5875 ], [ 133.50625, 33.5875 ], [ 133.50625, 33.583333333000041 ], [ 133.500000000000114, 33.583333333000041 ] ] ] } },
{ "type": "Feature", "properties": { "fid": 1256, "OBJECTID": 9887, "KEY_CODE": "503334002", "Pref_CODE": 39, "Pref_Name": "高知県", "Shape_Length": 0.020833334000030845, "Shape_Area": 2.6041668750049021e-05 }, "geometry": { "type": "Polygon", "coordinates": [ [ [ 133.50625, 33.583333333000041 ], [ 133.50625, 33.5875 ], [ 133.5125, 33.5875 ], [ 133.5125, 33.583333333000041 ], [ 133.50625, 33.583333333000041 ] ] ] } },
{ "type": "Feature", "properties": { "fid": 1257, "OBJECTID": 9888, "KEY_CODE": "503334003", "Pref_CODE": 39, "Pref_Name": "高知県", "Shape_Length": 0.020833333999803472, "Shape_Area": 2.6041668749575326e-05 }, "geometry": { "type": "Polygon", "coordinates": [ [ [ 133.500000000000114, 33.5875 ], [ 133.500000000000114, 33.591666667000027 ], [ 133.50625, 33.591666667000027 ], [ 133.50625, 33.5875 ], [ 133.500000000000114, 33.5875 ] ] ] } },
{ "type": "Feature", "properties": { "fid": 1258, "OBJECTID": 9889, "KEY_CODE": "503334004", "Pref_CODE": 39, "Pref_Name": "高知県", "Shape_Length": 0.020833334000030845, "Shape_Area": 2.6041668750049021e-05 }, "geometry": { "type": "Polygon", "coordinates": [ [ [ 133.50625, 33.5875 ], [ 133.50625, 33.591666667000027 ], [ 133.5125, 33.591666667000027 ], [ 133.5125, 33.5875 ], [ 133.50625, 33.5875 ] ] ] } },
{ "type": "Feature", "properties": { "fid": 1259, "OBJECTID": 9890, "KEY_CODE": "503334011", "Pref_CODE": 39, "Pref_Name": "高知県", "Shape_Length": 0.020833334000030845, "Shape_Area": 2.6041668750049021e-05 }, "geometry": { "type": "Polygon", "coordinates": [ [ [ 133.5125, 33.583333333000041 ], [ 133.5125, 33.5875 ], [ 133.51875, 33.5875 ], [ 133.51875, 33.583333333000041 ], [ 133.5125, 33.583333333000041 ] ] ] } },
{ "type": "Feature", "properties": { "fid": 1260, "OBJECTID": 9891, "KEY_CODE": "503334012", "Pref_CODE": 39, "Pref_Name": "高知県", "Shape_Length": 0.020833334000030845, "Shape_Area": 2.6041668750049021e-05 }, "geometry": { "type": "Polygon", "coordinates": [ [ [ 133.51875, 33.583333333000041 ], [ 133.51875, 33.5875 ], [ 133.525, 33.5875 ], [ 133.525, 33.583333333000041 ], [ 133.51875, 33.583333333000041 ] ] ] } },
{ "type": "Feature", "properties": { "fid": 1261, "OBJECTID": 9892, "KEY_CODE": "503334013", "Pref_CODE": 39, "Pref_Name": "高知県", "Shape_Length": 0.020833334000030845, "Shape_Area": 2.6041668750049021e-05 }, "geometry": { "type": "Polygon", "coordinates": [ [ [ 133.5125, 33.5875 ], [ 133.5125, 33.591666667000027 ], [ 133.51875, 33.591666667000027 ], [ 133.51875, 33.5875 ], [ 133.5125, 33.5875 ] ] ] } },
{ "type": "Feature", "properties": { "fid": 1262, "OBJECTID": 9893, "KEY_CODE": "503334014", "Pref_CODE": 39, "Pref_Name": "高知県", "Shape_Length": 0.020833334000030845, "Shape_Area": 2.6041668750049021e-05 }, "geometry": { "type": "Polygon", "coordinates": [ [ [ 133.51875, 33.5875 ], [ 133.51875, 33.591666667000027 ], [ 133.525, 33.591666667000027 ], [ 133.525, 33.5875 ], [ 133.51875, 33.5875 ] ] ] } },
{ "type": "Feature", "properties": { "fid": 1263, "OBJECTID": 9894, "KEY_CODE": "503334021", "Pref_CODE": 39, "Pref_Name": "高知県", "Shape_Length": 0.020833334000030845, "Shape_Area": 2.6041668750049021e-05 }, "geometry": { "type": "Polygon", "coordinates": [ [ [ 133.525, 33.583333333000041 ], [ 133.525, 33.5875 ], [ 133.531250000000114, 33.5875 ], [ 133.531250000000114, 33.583333333000041 ], [ 133.525, 33.583333333000041 ] ] ] } },
{ "type": "Feature", "properties": { "fid": 1264, "OBJECTID": 9895, "KEY_CODE": "503334022", "Pref_CODE": 39, "Pref_Name": "高知県", "Shape_Length": 0.020833333999803472, "Shape_Area": 2.6041668749575326e-05 }, "geometry": { "type": "Polygon", "coordinates": [ [ [ 133.531250000000114, 33.583333333000041 ], [ 133.531250000000114, 33.5875 ], [ 133.5375, 33.5875 ], [ 133.5375, 33.583333333000041 ], [ 133.531250000000114, 33.583333333000041 ] ] ] } },
{ "type": "Feature", "properties": { "fid": 1265, "OBJECTID": 9896, "KEY_CODE": "503334023", "Pref_CODE": 39, "Pref_Name": "高知県", "Shape_Length": 0.020833334000030845, "Shape_Area": 2.6041668750049021e-05 }, "geometry": { "type": "Polygon", "coordinates": [ [ [ 133.525, 33.5875 ], [ 133.525, 33.591666667000027 ], [ 133.531250000000114, 33.591666667000027 ], [ 133.531250000000114, 33.5875 ], [ 133.525, 33.5875 ] ] ] } },
{ "type": "Feature", "properties": { "fid": 1266, "OBJECTID": 9897, "KEY_CODE": "503334024", "Pref_CODE": 39, "Pref_Name": "高知県", "Shape_Length": 0.020833333999803472, "Shape_Area": 2.6041668749575326e-05 }, "geometry": { "type": "Polygon", "coordinates": [ [ [ 133.531250000000114, 33.5875 ], [ 133.531250000000114, 33.591666667000027 ], [ 133.5375, 33.591666667000027 ], [ 133.5375, 33.5875 ], [ 133.531250000000114, 33.5875 ] ] ] } },
{ "type": "Feature", "properties": { "fid": 1267, "OBJECTID": 9898, "KEY_CODE": "503334031", "Pref_CODE": 39, "Pref_Name": "高知県", "Shape_Length": 0.020833334000030845, "Shape_Area": 2.6041668750049021e-05 }, "geometry": { "type": "Polygon", "coordinates": [ [ [ 133.5375, 33.583333333000041 ], [ 133.5375, 33.5875 ], [ 133.54375, 33.5875 ], [ 133.54375, 33.583333333000041 ], [ 133.5375, 33.583333333000041 ] ] ] } },
{ "type": "Feature", "properties": { "fid": 1268, "OBJECTID": 9899, "KEY_CODE": "503334032", "Pref_CODE": 39, "Pref_Name": "高知県", "Shape_Length": 0.020833334000030845, "Shape_Area": 2.6041668750049021e-05 }, "geometry": { "type": "Polygon", "coordinates": [ [ [ 133.54375, 33.583333333000041 ], [ 133.54375, 33.5875 ], [ 133.55, 33.5875 ], [ 133.55, 33.583333333000041 ], [ 133.54375, 33.583333333000041 ] ] ] } },
{ "type": "Feature", "properties": { "fid": 1269, "OBJECTID": 9900, "KEY_CODE": "503334033", "Pref_CODE": 39, "Pref_Name": "高知県", "Shape_Length": 0.020833334000030845, "Shape_Area": 2.6041668750049021e-05 }, "geometry": { "type": "Polygon", "coordinates": [ [ [ 133.5375, 33.5875 ], [ 133.5375, 33.591666667000027 ], [ 133.54375, 33.591666667000027 ], [ 133.54375, 33.5875 ], [ 133.5375, 33.5875 ] ] ] } },
{ "type": "Feature", "properties": { "fid": 1270, "OBJECTID": 9901, "KEY_CODE": "503334034", "Pref_CODE": 39, "Pref_Name": "高知県", "Shape_Length": 0.020833334000030845, "Shape_Area": 2.6041668750049021e-05 }, "geometry": { "type": "Polygon", "coordinates": [ [ [ 133.54375, 33.5875 ], [ 133.54375, 33.591666667000027 ], [ 133.55, 33.591666667000027 ], [ 133.55, 33.5875 ], [ 133.54375, 33.5875 ] ] ] } },
{ "type": "Feature", "properties": { "fid": 1271, "OBJECTID": 9902, "KEY_CODE": "503334041", "Pref_CODE": 39, "Pref_Name": "高知県", "Shape_Length": 0.020833334000030845, "Shape_Area": 2.6041668750049021e-05 }, "geometry": { "type": "Polygon", "coordinates": [ [ [ 133.55, 33.583333333000041 ], [ 133.55, 33.5875 ], [ 133.55625, 33.5875 ], [ 133.55625, 33.583333333000041 ], [ 133.55, 33.583333333000041 ] ] ] } },
{ "type": "Feature", "properties": { "fid": 1272, "OBJECTID": 9903, "KEY_CODE": "503334042", "Pref_CODE": 39, "Pref_Name": "高知県", "Shape_Length": 0.020833334000030845, "Shape_Area": 2.6041668750049021e-05 }, "geometry": { "type": "Polygon", "coordinates": [ [ [ 133.55625, 33.583333333000041 ], [ 133.55625, 33.5875 ], [ 133.562500000000114, 33.5875 ], [ 133.562500000000114, 33.583333333000041 ], [ 133.55625, 33.583333333000041 ] ] ] } },
{ "type": "Feature", "properties": { "fid": 1273, "OBJECTID": 9904, "KEY_CODE": "503334043", "Pref_CODE": 39, "Pref_Name": "高知県", "Shape_Length": 0.020833334000030845, "Shape_Area": 2.6041668750049021e-05 }, "geometry": { "type": "Polygon", "coordinates": [ [ [ 133.55, 33.5875 ], [ 133.55, 33.591666667000027 ], [ 133.55625, 33.591666667000027 ], [ 133.55625, 33.5875 ], [ 133.55, 33.5875 ] ] ] } },
{ "type": "Feature", "properties": { "fid": 1274, "OBJECTID": 9905, "KEY_CODE": "503334044", "Pref_CODE": 39, "Pref_Name": "高知県", "Shape_Length": 0.020833334000030845, "Shape_Area": 2.6041668750049021e-05 }, "geometry": { "type": "Polygon", "coordinates": [ [ [ 133.55625, 33.5875 ], [ 133.55625, 33.591666667000027 ], [ 133.562500000000114, 33.591666667000027 ], [ 133.562500000000114, 33.5875 ], [ 133.55625, 33.5875 ] ] ] } },
{ "type": "Feature", "properties": { "fid": 1275, "OBJECTID": 9906, "KEY_CODE": "503334051", "Pref_CODE": 39, "Pref_Name": "高知県", "Shape_Length": 0.020833333999803472, "Shape_Area": 2.6041668749575326e-05 }, "geometry": { "type": "Polygon", "coordinates": [ [ [ 133.562500000000114, 33.583333333000041 ], [ 133.562500000000114, 33.5875 ], [ 133.56875, 33.5875 ], [ 133.56875, 33.583333333000041 ], [ 133.562500000000114, 33.583333333000041 ] ] ] } },
{ "type": "Feature", "properties": { "fid": 1276, "OBJECTID": 9907, "KEY_CODE": "503334052", "Pref_CODE": 39, "Pref_Name": "高知県", "Shape_Length": 0.020833334000030845, "Shape_Area": 2.6041668750049021e-05 }, "geometry": { "type": "Polygon", "coordinates": [ [ [ 133.56875, 33.583333333000041 ], [ 133.56875, 33.5875 ], [ 133.575, 33.5875 ], [ 133.575, 33.583333333000041 ], [ 133.56875, 33.583333333000041 ] ] ] } },
{ "type": "Feature", "properties": { "fid": 1277, "OBJECTID": 9908, "KEY_CODE": "503334053", "Pref_CODE": 39, "Pref_Name": "高知県", "Shape_Length": 0.020833333999803472, "Shape_Area": 2.6041668749575326e-05 }, "geometry": { "type": "Polygon", "coordinates": [ [ [ 133.562500000000114, 33.5875 ], [ 133.562500000000114, 33.591666667000027 ], [ 133.56875, 33.591666667000027 ], [ 133.56875, 33.5875 ], [ 133.562500000000114, 33.5875 ] ] ] } },
{ "type": "Feature", "properties": { "fid": 1278, "OBJECTID": 9909, "KEY_CODE": "503334054", "Pref_CODE": 39, "Pref_Name": "高知県", "Shape_Length": 0.020833334000030845, "Shape_Area": 2.6041668750049021e-05 }, "geometry": { "type": "Polygon", "coordinates": [ [ [ 133.56875, 33.5875 ], [ 133.56875, 33.591666667000027 ], [ 133.575, 33.591666667000027 ], [ 133.575, 33.5875 ], [ 133.56875, 33.5875 ] ] ] } },
{ "type": "Feature", "properties": { "fid": 1279, "OBJECTID": 9910, "KEY_CODE": "503334061", "Pref_CODE": 39, "Pref_Name": "高知県", "Shape_Length": 0.020833334000030845, "Shape_Area": 2.6041668750049021e-05 }, "geometry": { "type": "Polygon", "coordinates": [ [ [ 133.575, 33.583333333000041 ], [ 133.575, 33.5875 ], [ 133.58125, 33.5875 ], [ 133.58125, 33.583333333000041 ], [ 133.575, 33.583333333000041 ] ] ] } },
{ "type": "Feature", "properties": { "fid": 1280, "OBJECTID": 9911, "KEY_CODE": "503334062", "Pref_CODE": 39, "Pref_Name": "高知県", "Shape_Length": 0.020833334000030845, "Shape_Area": 2.6041668750049021e-05 }, "geometry": { "type": "Polygon", "coordinates": [ [ [ 133.58125, 33.583333333000041 ], [ 133.58125, 33.5875 ], [ 133.5875, 33.5875 ], [ 133.5875, 33.583333333000041 ], [ 133.58125, 33.583333333000041 ] ] ] } },
{ "type": "Feature", "properties": { "fid": 1281, "OBJECTID": 9912, "KEY_CODE": "503334063", "Pref_CODE": 39, "Pref_Name": "高知県", "Shape_Length": 0.020833334000030845, "Shape_Area": 2.6041668750049021e-05 }, "geometry": { "type": "Polygon", "coordinates": [ [ [ 133.575, 33.5875 ], [ 133.575, 33.591666667000027 ], [ 133.58125, 33.591666667000027 ], [ 133.58125, 33.5875 ], [ 133.575, 33.5875 ] ] ] } },
{ "type": "Feature", "properties": { "fid": 1282, "OBJECTID": 9913, "KEY_CODE": "503334064", "Pref_CODE": 39, "Pref_Name": "高知県", "Shape_Length": 0.020833334000030845, "Shape_Area": 2.6041668750049021e-05 }, "geometry": { "type": "Polygon", "coordinates": [ [ [ 133.58125, 33.5875 ], [ 133.58125, 33.591666667000027 ], [ 133.5875, 33.591666667000027 ], [ 133.5875, 33.5875 ], [ 133.58125, 33.5875 ] ] ] } },
{ "type": "Feature", "properties": { "fid": 1283, "OBJECTID": 9914, "KEY_CODE": "503334071", "Pref_CODE": 39, "Pref_Name": "高知県", "Shape_Length": 0.020833334000030845, "Shape_Area": 2.6041668750049021e-05 }, "geometry": { "type": "Polygon", "coordinates": [ [ [ 133.5875, 33.583333333000041 ], [ 133.5875, 33.5875 ], [ 133.593750000000114, 33.5875 ], [ 133.593750000000114, 33.583333333000041 ], [ 133.5875, 33.583333333000041 ] ] ] } },
{ "type": "Feature", "properties": { "fid": 1284, "OBJECTID": 9915, "KEY_CODE": "503334072", "Pref_CODE": 39, "Pref_Name": "高知県", "Shape_Length": 0.020833333999803472, "Shape_Area": 2.6041668749575326e-05 }, "geometry": { "type": "Polygon", "coordinates": [ [ [ 133.593750000000114, 33.583333333000041 ], [ 133.593750000000114, 33.5875 ], [ 133.6, 33.5875 ], [ 133.6, 33.583333333000041 ], [ 133.593750000000114, 33.583333333000041 ] ] ] } },
{ "type": "Feature", "properties": { "fid": 1285, "OBJECTID": 9916, "KEY_CODE": "503334073", "Pref_CODE": 39, "Pref_Name": "高知県", "Shape_Length": 0.020833334000030845, "Shape_Area": 2.6041668750049021e-05 }, "geometry": { "type": "Polygon", "coordinates": [ [ [ 133.5875, 33.5875 ], [ 133.5875, 33.591666667000027 ], [ 133.593750000000114, 33.591666667000027 ], [ 133.593750000000114, 33.5875 ], [ 133.5875, 33.5875 ] ] ] } },
{ "type": "Feature", "properties": { "fid": 1286, "OBJECTID": 9917, "KEY_CODE": "503334074", "Pref_CODE": 39, "Pref_Name": "高知県", "Shape_Length": 0.020833333999803472, "Shape_Area": 2.6041668749575326e-05 }, "geometry": { "type": "Polygon", "coordinates": [ [ [ 133.593750000000114, 33.5875 ], [ 133.593750000000114, 33.591666667000027 ], [ 133.6, 33.591666667000027 ], [ 133.6, 33.5875 ], [ 133.593750000000114, 33.5875 ] ] ] } },
{ "type": "Feature", "properties": { "fid": 1287, "OBJECTID": 9918, "KEY_CODE": "503334081", "Pref_CODE": 39, "Pref_Name": "高知県", "Shape_Length": 0.020833334000030845, "Shape_Area": 2.6041668750049021e-05 }, "geometry": { "type": "Polygon", "coordinates": [ [ [ 133.6, 33.583333333000041 ], [ 133.6, 33.5875 ], [ 133.60625, 33.5875 ], [ 133.60625, 33.583333333000041 ], [ 133.6, 33.583333333000041 ] ] ] } },
{ "type": "Feature", "properties": { "fid": 1288, "OBJECTID": 9919, "KEY_CODE": "503334082", "Pref_CODE": 39, "Pref_Name": "高知県", "Shape_Length": 0.020833334000030845, "Shape_Area": 2.6041668750049021e-05 }, "geometry": { "type": "Polygon", "coordinates": [ [ [ 133.60625, 33.583333333000041 ], [ 133.60625, 33.5875 ], [ 133.6125, 33.5875 ], [ 133.6125, 33.583333333000041 ], [ 133.60625, 33.583333333000041 ] ] ] } },
{ "type": "Feature", "properties": { "fid": 1289, "OBJECTID": 9920, "KEY_CODE": "503334083", "Pref_CODE": 39, "Pref_Name": "高知県", "Shape_Length": 0.020833334000030845, "Shape_Area": 2.6041668750049021e-05 }, "geometry": { "type": "Polygon", "coordinates": [ [ [ 133.6, 33.5875 ], [ 133.6, 33.591666667000027 ], [ 133.60625, 33.591666667000027 ], [ 133.60625, 33.5875 ], [ 133.6, 33.5875 ] ] ] } },
{ "type": "Feature", "properties": { "fid": 1290, "OBJECTID": 9921, "KEY_CODE": "503334084", "Pref_CODE": 39, "Pref_Name": "高知県", "Shape_Length": 0.020833334000030845, "Shape_Area": 2.6041668750049021e-05 }, "geometry": { "type": "Polygon", "coordinates": [ [ [ 133.60625, 33.5875 ], [ 133.60625, 33.591666667000027 ], [ 133.6125, 33.591666667000027 ], [ 133.6125, 33.5875 ], [ 133.60625, 33.5875 ] ] ] } },
{ "type": "Feature", "properties": { "fid": 1291, "OBJECTID": 9922, "KEY_CODE": "503334091", "Pref_CODE": 39, "Pref_Name": "高知県", "Shape_Length": 0.020833334000030845, "Shape_Area": 2.6041668750049021e-05 }, "geometry": { "type": "Polygon", "coordinates": [ [ [ 133.6125, 33.583333333000041 ], [ 133.6125, 33.5875 ], [ 133.61875, 33.5875 ], [ 133.61875, 33.583333333000041 ], [ 133.6125, 33.583333333000041 ] ] ] } },
{ "type": "Feature", "properties": { "fid": 1292, "OBJECTID": 9923, "KEY_CODE": "503334092", "Pref_CODE": 39, "Pref_Name": "高知県", "Shape_Length": 0.020833334000030845, "Shape_Area": 2.6041668750049021e-05 }, "geometry": { "type": "Polygon", "coordinates": [ [ [ 133.61875, 33.583333333000041 ], [ 133.61875, 33.5875 ], [ 133.625000000000114, 33.5875 ], [ 133.625000000000114, 33.583333333000041 ], [ 133.61875, 33.583333333000041 ] ] ] } },
{ "type": "Feature", "properties": { "fid": 1293, "OBJECTID": 9924, "KEY_CODE": "503334093", "Pref_CODE": 39, "Pref_Name": "高知県", "Shape_Length": 0.020833334000030845, "Shape_Area": 2.6041668750049021e-05 }, "geometry": { "type": "Polygon", "coordinates": [ [ [ 133.6125, 33.5875 ], [ 133.6125, 33.591666667000027 ], [ 133.61875, 33.591666667000027 ], [ 133.61875, 33.5875 ], [ 133.6125, 33.5875 ] ] ] } },
{ "type": "Feature", "properties": { "fid": 1294, "OBJECTID": 9925, "KEY_CODE": "503334094", "Pref_CODE": 39, "Pref_Name": "高知県", "Shape_Length": 0.020833334000030845, "Shape_Area": 2.6041668750049021e-05 }, "geometry": { "type": "Polygon", "coordinates": [ [ [ 133.61875, 33.5875 ], [ 133.61875, 33.591666667000027 ], [ 133.625000000000114, 33.591666667000027 ], [ 133.625000000000114, 33.5875 ], [ 133.61875, 33.5875 ] ] ] } },
{ "type": "Feature", "properties": { "fid": 1295, "OBJECTID": 9926, "KEY_CODE": "503334101", "Pref_CODE": 39, "Pref_Name": "高知県", "Shape_Length": 0.020833331999824622, "Shape_Area": 2.6041662499641423e-05 }, "geometry": { "type": "Polygon", "coordinates": [ [ [ 133.500000000000114, 33.591666667000027 ], [ 133.500000000000114, 33.59583333300003 ], [ 133.50625, 33.59583333300003 ], [ 133.50625, 33.591666667000027 ], [ 133.500000000000114, 33.591666667000027 ] ] ] } },
{ "type": "Feature", "properties": { "fid": 1296, "OBJECTID": 9927, "KEY_CODE": "503334102", "Pref_CODE": 39, "Pref_Name": "高知県", "Shape_Length": 0.020833332000051996, "Shape_Area": 2.6041662500115118e-05 }, "geometry": { "type": "Polygon", "coordinates": [ [ [ 133.50625, 33.591666667000027 ], [ 133.50625, 33.59583333300003 ], [ 133.5125, 33.59583333300003 ], [ 133.5125, 33.591666667000027 ], [ 133.50625, 33.591666667000027 ] ] ] } },
{ "type": "Feature", "properties": { "fid": 1297, "OBJECTID": 9928, "KEY_CODE": "503334103", "Pref_CODE": 39, "Pref_Name": "高知県", "Shape_Length": 0.020833333999917159, "Shape_Area": 2.6041668749930599e-05 }, "geometry": { "type": "Polygon", "coordinates": [ [ [ 133.500000000000114, 33.59583333300003 ], [ 133.500000000000114, 33.6 ], [ 133.50625, 33.6 ], [ 133.50625, 33.59583333300003 ], [ 133.500000000000114, 33.59583333300003 ] ] ] } },
{ "type": "Feature", "properties": { "fid": 1298, "OBJECTID": 9929, "KEY_CODE": "503334104", "Pref_CODE": 39, "Pref_Name": "高知県", "Shape_Length": 0.020833334000144532, "Shape_Area": 2.6041668750404293e-05 }, "geometry": { "type": "Polygon", "coordinates": [ [ [ 133.50625, 33.59583333300003 ], [ 133.50625, 33.6 ], [ 133.5125, 33.6 ], [ 133.5125, 33.59583333300003 ], [ 133.50625, 33.59583333300003 ] ] ] } },
{ "type": "Feature", "properties": { "fid": 1299, "OBJECTID": 9930, "KEY_CODE": "503334111", "Pref_CODE": 39, "Pref_Name": "高知県", "Shape_Length": 0.020833332000051996, "Shape_Area": 2.6041662500115118e-05 }, "geometry": { "type": "Polygon", "coordinates": [ [ [ 133.5125, 33.591666667000027 ], [ 133.5125, 33.59583333300003 ], [ 133.51875, 33.59583333300003 ], [ 133.51875, 33.591666667000027 ], [ 133.5125, 33.591666667000027 ] ] ] } },
{ "type": "Feature", "properties": { "fid": 1300, "OBJECTID": 9931, "KEY_CODE": "503334112", "Pref_CODE": 39, "Pref_Name": "高知県", "Shape_Length": 0.020833332000051996, "Shape_Area": 2.6041662500115118e-05 }, "geometry": { "type": "Polygon", "coordinates": [ [ [ 133.51875, 33.591666667000027 ], [ 133.51875, 33.59583333300003 ], [ 133.525, 33.59583333300003 ], [ 133.525, 33.591666667000027 ], [ 133.51875, 33.591666667000027 ] ] ] } },
{ "type": "Feature", "properties": { "fid": 1301, "OBJECTID": 9932, "KEY_CODE": "503334113", "Pref_CODE": 39, "Pref_Name": "高知県", "Shape_Length": 0.020833334000144532, "Shape_Area": 2.6041668750404293e-05 }, "geometry": { "type": "Polygon", "coordinates": [ [ [ 133.5125, 33.59583333300003 ], [ 133.5125, 33.6 ], [ 133.51875, 33.6 ], [ 133.51875, 33.59583333300003 ], [ 133.5125, 33.59583333300003 ] ] ] } },
{ "type": "Feature", "properties": { "fid": 1302, "OBJECTID": 9933, "KEY_CODE": "503334114", "Pref_CODE": 39, "Pref_Name": "高知県", "Shape_Length": 0.020833334000144532, "Shape_Area": 2.6041668750404293e-05 }, "geometry": { "type": "Polygon", "coordinates": [ [ [ 133.51875, 33.59583333300003 ], [ 133.51875, 33.6 ], [ 133.525, 33.6 ], [ 133.525, 33.59583333300003 ], [ 133.51875, 33.59583333300003 ] ] ] } },
{ "type": "Feature", "properties": { "fid": 1303, "OBJECTID": 9934, "KEY_CODE": "503334121", "Pref_CODE": 39, "Pref_Name": "高知県", "Shape_Length": 0.020833332000051996, "Shape_Area": 2.6041662500115118e-05 }, "geometry": { "type": "Polygon", "coordinates": [ [ [ 133.525, 33.591666667000027 ], [ 133.525, 33.59583333300003 ], [ 133.531250000000114, 33.59583333300003 ], [ 133.531250000000114, 33.591666667000027 ], [ 133.525, 33.591666667000027 ] ] ] } },
{ "type": "Feature", "properties": { "fid": 1304, "OBJECTID": 9935, "KEY_CODE": "503334122", "Pref_CODE": 39, "Pref_Name": "高知県", "Shape_Length": 0.020833331999824622, "Shape_Area": 2.6041662499641423e-05 }, "geometry": { "type": "Polygon", "coordinates": [ [ [ 133.531250000000114, 33.591666667000027 ], [ 133.531250000000114, 33.59583333300003 ], [ 133.5375, 33.59583333300003 ], [ 133.5375, 33.591666667000027 ], [ 133.531250000000114, 33.591666667000027 ] ] ] } },
{ "type": "Feature", "properties": { "fid": 1305, "OBJECTID": 9936, "KEY_CODE": "503334123", "Pref_CODE": 39, "Pref_Name": "高知県", "Shape_Length": 0.020833334000144532, "Shape_Area": 2.6041668750404293e-05 }, "geometry": { "type": "Polygon", "coordinates": [ [ [ 133.525, 33.59583333300003 ], [ 133.525, 33.6 ], [ 133.531250000000114, 33.6 ], [ 133.531250000000114, 33.59583333300003 ], [ 133.525, 33.59583333300003 ] ] ] } },
{ "type": "Feature", "properties": { "fid": 1306, "OBJECTID": 9937, "KEY_CODE": "503334124", "Pref_CODE": 39, "Pref_Name": "高知県", "Shape_Length": 0.020833333999917159, "Shape_Area": 2.6041668749930599e-05 }, "geometry": { "type": "Polygon", "coordinates": [ [ [ 133.531250000000114, 33.59583333300003 ], [ 133.531250000000114, 33.6 ], [ 133.5375, 33.6 ], [ 133.5375, 33.59583333300003 ], [ 133.531250000000114, 33.59583333300003 ] ] ] } },
{ "type": "Feature", "properties": { "fid": 1307, "OBJECTID": 9938, "KEY_CODE": "503334131", "Pref_CODE": 39, "Pref_Name": "高知県", "Shape_Length": 0.020833332000051996, "Shape_Area": 2.6041662500115118e-05 }, "geometry": { "type": "Polygon", "coordinates": [ [ [ 133.5375, 33.591666667000027 ], [ 133.5375, 33.59583333300003 ], [ 133.54375, 33.59583333300003 ], [ 133.54375, 33.591666667000027 ], [ 133.5375, 33.591666667000027 ] ] ] } },
{ "type": "Feature", "properties": { "fid": 1308, "OBJECTID": 9939, "KEY_CODE": "503334132", "Pref_CODE": 39, "Pref_Name": "高知県", "Shape_Length": 0.020833332000051996, "Shape_Area": 2.6041662500115118e-05 }, "geometry": { "type": "Polygon", "coordinates": [ [ [ 133.54375, 33.591666667000027 ], [ 133.54375, 33.59583333300003 ], [ 133.55, 33.59583333300003 ], [ 133.55, 33.591666667000027 ], [ 133.54375, 33.591666667000027 ] ] ] } },
{ "type": "Feature", "properties": { "fid": 1309, "OBJECTID": 9940, "KEY_CODE": "503334133", "Pref_CODE": 39, "Pref_Name": "高知県", "Shape_Length": 0.020833334000144532, "Shape_Area": 2.6041668750404293e-05 }, "geometry": { "type": "Polygon", "coordinates": [ [ [ 133.5375, 33.59583333300003 ], [ 133.5375, 33.6 ], [ 133.54375, 33.6 ], [ 133.54375, 33.59583333300003 ], [ 133.5375, 33.59583333300003 ] ] ] } },
{ "type": "Feature", "properties": { "fid": 1310, "OBJECTID": 9941, "KEY_CODE": "503334134", "Pref_CODE": 39, "Pref_Name": "高知県", "Shape_Length": 0.020833334000144532, "Shape_Area": 2.6041668750404293e-05 }, "geometry": { "type": "Polygon", "coordinates": [ [ [ 133.54375, 33.59583333300003 ], [ 133.54375, 33.6 ], [ 133.55, 33.6 ], [ 133.55, 33.59583333300003 ], [ 133.54375, 33.59583333300003 ] ] ] } },
{ "type": "Feature", "properties": { "fid": 1311, "OBJECTID": 9942, "KEY_CODE": "503334141", "Pref_CODE": 39, "Pref_Name": "高知県", "Shape_Length": 0.020833332000051996, "Shape_Area": 2.6041662500115118e-05 }, "geometry": { "type": "Polygon", "coordinates": [ [ [ 133.55, 33.591666667000027 ], [ 133.55, 33.59583333300003 ], [ 133.55625, 33.59583333300003 ], [ 133.55625, 33.591666667000027 ], [ 133.55, 33.591666667000027 ] ] ] } },
{ "type": "Feature", "properties": { "fid": 1312, "OBJECTID": 9943, "KEY_CODE": "503334142", "Pref_CODE": 39, "Pref_Name": "高知県", "Shape_Length": 0.020833332000051996, "Shape_Area": 2.6041662500115118e-05 }, "geometry": { "type": "Polygon", "coordinates": [ [ [ 133.55625, 33.591666667000027 ], [ 133.55625, 33.59583333300003 ], [ 133.562500000000114, 33.59583333300003 ], [ 133.562500000000114, 33.591666667000027 ], [ 133.55625, 33.591666667000027 ] ] ] } },
{ "type": "Feature", "properties": { "fid": 1313, "OBJECTID": 9944, "KEY_CODE": "503334143", "Pref_CODE": 39, "Pref_Name": "高知県", "Shape_Length": 0.020833334000144532, "Shape_Area": 2.6041668750404293e-05 }, "geometry": { "type": "Polygon", "coordinates": [ [ [ 133.55, 33.59583333300003 ], [ 133.55, 33.6 ], [ 133.55625, 33.6 ], [ 133.55625, 33.59583333300003 ], [ 133.55, 33.59583333300003 ] ] ] } },
{ "type": "Feature", "properties": { "fid": 1314, "OBJECTID": 9945, "KEY_CODE": "503334144", "Pref_CODE": 39, "Pref_Name": "高知県", "Shape_Length": 0.020833334000144532, "Shape_Area": 2.6041668750404293e-05 }, "geometry": { "type": "Polygon", "coordinates": [ [ [ 133.55625, 33.59583333300003 ], [ 133.55625, 33.6 ], [ 133.562500000000114, 33.6 ], [ 133.562500000000114, 33.59583333300003 ], [ 133.55625, 33.59583333300003 ] ] ] } },
{ "type": "Feature", "properties": { "fid": 1315, "OBJECTID": 9946, "KEY_CODE": "503334151", "Pref_CODE": 39, "Pref_Name": "高知県", "Shape_Length": 0.020833331999824622, "Shape_Area": 2.6041662499641423e-05 }, "geometry": { "type": "Polygon", "coordinates": [ [ [ 133.562500000000114, 33.591666667000027 ], [ 133.562500000000114, 33.59583333300003 ], [ 133.56875, 33.59583333300003 ], [ 133.56875, 33.591666667000027 ], [ 133.562500000000114, 33.591666667000027 ] ] ] } },
{ "type": "Feature", "properties": { "fid": 1316, "OBJECTID": 9947, "KEY_CODE": "503334152", "Pref_CODE": 39, "Pref_Name": "高知県", "Shape_Length": 0.020833332000051996, "Shape_Area": 2.6041662500115118e-05 }, "geometry": { "type": "Polygon", "coordinates": [ [ [ 133.56875, 33.591666667000027 ], [ 133.56875, 33.59583333300003 ], [ 133.575, 33.59583333300003 ], [ 133.575, 33.591666667000027 ], [ 133.56875, 33.591666667000027 ] ] ] } },
{ "type": "Feature", "properties": { "fid": 1317, "OBJECTID": 9948, "KEY_CODE": "503334153", "Pref_CODE": 39, "Pref_Name": "高知県", "Shape_Length": 0.020833333999917159, "Shape_Area": 2.6041668749930599e-05 }, "geometry": { "type": "Polygon", "coordinates": [ [ [ 133.562500000000114, 33.59583333300003 ], [ 133.562500000000114, 33.6 ], [ 133.56875, 33.6 ], [ 133.56875, 33.59583333300003 ], [ 133.562500000000114, 33.59583333300003 ] ] ] } },
{ "type": "Feature", "properties": { "fid": 1318, "OBJECTID": 9949, "KEY_CODE": "503334154", "Pref_CODE": 39, "Pref_Name": "高知県", "Shape_Length": 0.020833334000144532, "Shape_Area": 2.6041668750404293e-05 }, "geometry": { "type": "Polygon", "coordinates": [ [ [ 133.56875, 33.59583333300003 ], [ 133.56875, 33.6 ], [ 133.575, 33.6 ], [ 133.575, 33.59583333300003 ], [ 133.56875, 33.59583333300003 ] ] ] } },
{ "type": "Feature", "properties": { "fid": 1319, "OBJECTID": 9950, "KEY_CODE": "503334161", "Pref_CODE": 39, "Pref_Name": "高知県", "Shape_Length": 0.020833332000051996, "Shape_Area": 2.6041662500115118e-05 }, "geometry": { "type": "Polygon", "coordinates": [ [ [ 133.575, 33.591666667000027 ], [ 133.575, 33.59583333300003 ], [ 133.58125, 33.59583333300003 ], [ 133.58125, 33.591666667000027 ], [ 133.575, 33.591666667000027 ] ] ] } },
{ "type": "Feature", "properties": { "fid": 1320, "OBJECTID": 9951, "KEY_CODE": "503334162", "Pref_CODE": 39, "Pref_Name": "高知県", "Shape_Length": 0.020833332000051996, "Shape_Area": 2.6041662500115118e-05 }, "geometry": { "type": "Polygon", "coordinates": [ [ [ 133.58125, 33.591666667000027 ], [ 133.58125, 33.59583333300003 ], [ 133.5875, 33.59583333300003 ], [ 133.5875, 33.591666667000027 ], [ 133.58125, 33.591666667000027 ] ] ] } },
{ "type": "Feature", "properties": { "fid": 1321, "OBJECTID": 9952, "KEY_CODE": "503334163", "Pref_CODE": 39, "Pref_Name": "高知県", "Shape_Length": 0.020833334000144532, "Shape_Area": 2.6041668750404293e-05 }, "geometry": { "type": "Polygon", "coordinates": [ [ [ 133.575, 33.59583333300003 ], [ 133.575, 33.6 ], [ 133.58125, 33.6 ], [ 133.58125, 33.59583333300003 ], [ 133.575, 33.59583333300003 ] ] ] } },
{ "type": "Feature", "properties": { "fid": 1322, "OBJECTID": 9953, "KEY_CODE": "503334164", "Pref_CODE": 39, "Pref_Name": "高知県", "Shape_Length": 0.020833334000144532, "Shape_Area": 2.6041668750404293e-05 }, "geometry": { "type": "Polygon", "coordinates": [ [ [ 133.58125, 33.59583333300003 ], [ 133.58125, 33.6 ], [ 133.5875, 33.6 ], [ 133.5875, 33.59583333300003 ], [ 133.58125, 33.59583333300003 ] ] ] } },
{ "type": "Feature", "properties": { "fid": 1323, "OBJECTID": 9954, "KEY_CODE": "503334171", "Pref_CODE": 39, "Pref_Name": "高知県", "Shape_Length": 0.020833332000051996, "Shape_Area": 2.6041662500115118e-05 }, "geometry": { "type": "Polygon", "coordinates": [ [ [ 133.5875, 33.591666667000027 ], [ 133.5875, 33.59583333300003 ], [ 133.593750000000114, 33.59583333300003 ], [ 133.593750000000114, 33.591666667000027 ], [ 133.5875, 33.591666667000027 ] ] ] } },
{ "type": "Feature", "properties": { "fid": 1324, "OBJECTID": 9955, "KEY_CODE": "503334172", "Pref_CODE": 39, "Pref_Name": "高知県", "Shape_Length": 0.020833331999824622, "Shape_Area": 2.6041662499641423e-05 }, "geometry": { "type": "Polygon", "coordinates": [ [ [ 133.593750000000114, 33.591666667000027 ], [ 133.593750000000114, 33.59583333300003 ], [ 133.6, 33.59583333300003 ], [ 133.6, 33.591666667000027 ], [ 133.593750000000114, 33.591666667000027 ] ] ] } },
{ "type": "Feature", "properties": { "fid": 1325, "OBJECTID": 9956, "KEY_CODE": "503334173", "Pref_CODE": 39, "Pref_Name": "高知県", "Shape_Length": 0.020833334000144532, "Shape_Area": 2.6041668750404293e-05 }, "geometry": { "type": "Polygon", "coordinates": [ [ [ 133.5875, 33.59583333300003 ], [ 133.5875, 33.6 ], [ 133.593750000000114, 33.6 ], [ 133.593750000000114, 33.59583333300003 ], [ 133.5875, 33.59583333300003 ] ] ] } },
{ "type": "Feature", "properties": { "fid": 1326, "OBJECTID": 9957, "KEY_CODE": "503334174", "Pref_CODE": 39, "Pref_Name": "高知県", "Shape_Length": 0.020833333999917159, "Shape_Area": 2.6041668749930599e-05 }, "geometry": { "type": "Polygon", "coordinates": [ [ [ 133.593750000000114, 33.59583333300003 ], [ 133.593750000000114, 33.6 ], [ 133.6, 33.6 ], [ 133.6, 33.59583333300003 ], [ 133.593750000000114, 33.59583333300003 ] ] ] } },
{ "type": "Feature", "properties": { "fid": 1327, "OBJECTID": 9958, "KEY_CODE": "503334181", "Pref_CODE": 39, "Pref_Name": "高知県", "Shape_Length": 0.020833332000051996, "Shape_Area": 2.6041662500115118e-05 }, "geometry": { "type": "Polygon", "coordinates": [ [ [ 133.6, 33.591666667000027 ], [ 133.6, 33.59583333300003 ], [ 133.60625, 33.59583333300003 ], [ 133.60625, 33.591666667000027 ], [ 133.6, 33.591666667000027 ] ] ] } },
{ "type": "Feature", "properties": { "fid": 1328, "OBJECTID": 9959, "KEY_CODE": "503334182", "Pref_CODE": 39, "Pref_Name": "高知県", "Shape_Length": 0.020833332000051996, "Shape_Area": 2.6041662500115118e-05 }, "geometry": { "type": "Polygon", "coordinates": [ [ [ 133.60625, 33.591666667000027 ], [ 133.60625, 33.59583333300003 ], [ 133.6125, 33.59583333300003 ], [ 133.6125, 33.591666667000027 ], [ 133.60625, 33.591666667000027 ] ] ] } },
{ "type": "Feature", "properties": { "fid": 1329, "OBJECTID": 9960, "KEY_CODE": "503334183", "Pref_CODE": 39, "Pref_Name": "高知県", "Shape_Length": 0.020833334000144532, "Shape_Area": 2.6041668750404293e-05 }, "geometry": { "type": "Polygon", "coordinates": [ [ [ 133.6, 33.59583333300003 ], [ 133.6, 33.6 ], [ 133.60625, 33.6 ], [ 133.60625, 33.59583333300003 ], [ 133.6, 33.59583333300003 ] ] ] } },
{ "type": "Feature", "properties": { "fid": 1330, "OBJECTID": 9961, "KEY_CODE": "503334184", "Pref_CODE": 39, "Pref_Name": "高知県", "Shape_Length": 0.020833334000144532, "Shape_Area": 2.6041668750404293e-05 }, "geometry": { "type": "Polygon", "coordinates": [ [ [ 133.60625, 33.59583333300003 ], [ 133.60625, 33.6 ], [ 133.6125, 33.6 ], [ 133.6125, 33.59583333300003 ], [ 133.60625, 33.59583333300003 ] ] ] } },
{ "type": "Feature", "properties": { "fid": 1331, "OBJECTID": 9962, "KEY_CODE": "503334191", "Pref_CODE": 39, "Pref_Name": "高知県", "Shape_Length": 0.020833332000051996, "Shape_Area": 2.6041662500115118e-05 }, "geometry": { "type": "Polygon", "coordinates": [ [ [ 133.6125, 33.591666667000027 ], [ 133.6125, 33.59583333300003 ], [ 133.61875, 33.59583333300003 ], [ 133.61875, 33.591666667000027 ], [ 133.6125, 33.591666667000027 ] ] ] } },
{ "type": "Feature", "properties": { "fid": 1332, "OBJECTID": 9963, "KEY_CODE": "503334192", "Pref_CODE": 39, "Pref_Name": "高知県", "Shape_Length": 0.020833332000051996, "Shape_Area": 2.6041662500115118e-05 }, "geometry": { "type": "Polygon", "coordinates": [ [ [ 133.61875, 33.591666667000027 ], [ 133.61875, 33.59583333300003 ], [ 133.625000000000114, 33.59583333300003 ], [ 133.625000000000114, 33.591666667000027 ], [ 133.61875, 33.591666667000027 ] ] ] } },
{ "type": "Feature", "properties": { "fid": 1333, "OBJECTID": 9964, "KEY_CODE": "503334193", "Pref_CODE": 39, "Pref_Name": "高知県", "Shape_Length": 0.020833334000144532, "Shape_Area": 2.6041668750404293e-05 }, "geometry": { "type": "Polygon", "coordinates": [ [ [ 133.6125, 33.59583333300003 ], [ 133.6125, 33.6 ], [ 133.61875, 33.6 ], [ 133.61875, 33.59583333300003 ], [ 133.6125, 33.59583333300003 ] ] ] } },
{ "type": "Feature", "properties": { "fid": 1334, "OBJECTID": 9965, "KEY_CODE": "503334194", "Pref_CODE": 39, "Pref_Name": "高知県", "Shape_Length": 0.020833334000144532, "Shape_Area": 2.6041668750404293e-05 }, "geometry": { "type": "Polygon", "coordinates": [ [ [ 133.61875, 33.59583333300003 ], [ 133.61875, 33.6 ], [ 133.625000000000114, 33.6 ], [ 133.625000000000114, 33.59583333300003 ], [ 133.61875, 33.59583333300003 ] ] ] } },
{ "type": "Feature", "properties": { "fid": 1335, "OBJECTID": 9966, "KEY_CODE": "503334201", "Pref_CODE": 39, "Pref_Name": "高知県", "Shape_Length": 0.020833333999803472, "Shape_Area": 2.6041668749575326e-05 }, "geometry": { "type": "Polygon", "coordinates": [ [ [ 133.500000000000114, 33.6 ], [ 133.500000000000114, 33.604166667000072 ], [ 133.50625, 33.604166667000072 ], [ 133.50625, 33.6 ], [ 133.500000000000114, 33.6 ] ] ] } },
{ "type": "Feature", "properties": { "fid": 1336, "OBJECTID": 9967, "KEY_CODE": "503334202", "Pref_CODE": 39, "Pref_Name": "高知県", "Shape_Length": 0.020833334000030845, "Shape_Area": 2.6041668750049021e-05 }, "geometry": { "type": "Polygon", "coordinates": [ [ [ 133.50625, 33.6 ], [ 133.50625, 33.604166667000072 ], [ 133.5125, 33.604166667000072 ], [ 133.5125, 33.6 ], [ 133.50625, 33.6 ] ] ] } },
{ "type": "Feature", "properties": { "fid": 1337, "OBJECTID": 9968, "KEY_CODE": "503334203", "Pref_CODE": 39, "Pref_Name": "高知県", "Shape_Length": 0.020833331999824622, "Shape_Area": 2.6041662499641423e-05 }, "geometry": { "type": "Polygon", "coordinates": [ [ [ 133.500000000000114, 33.604166667000072 ], [ 133.500000000000114, 33.608333333000076 ], [ 133.50625, 33.608333333000076 ], [ 133.50625, 33.604166667000072 ], [ 133.500000000000114, 33.604166667000072 ] ] ] } },
{ "type": "Feature", "properties": { "fid": 1338, "OBJECTID": 9969, "KEY_CODE": "503334204", "Pref_CODE": 39, "Pref_Name": "高知県", "Shape_Length": 0.020833332000051996, "Shape_Area": 2.6041662500115118e-05 }, "geometry": { "type": "Polygon", "coordinates": [ [ [ 133.50625, 33.604166667000072 ], [ 133.50625, 33.608333333000076 ], [ 133.5125, 33.608333333000076 ], [ 133.5125, 33.604166667000072 ], [ 133.50625, 33.604166667000072 ] ] ] } },
{ "type": "Feature", "properties": { "fid": 1339, "OBJECTID": 9970, "KEY_CODE": "503334211", "Pref_CODE": 39, "Pref_Name": "高知県", "Shape_Length": 0.020833334000030845, "Shape_Area": 2.6041668750049021e-05 }, "geometry": { "type": "Polygon", "coordinates": [ [ [ 133.5125, 33.6 ], [ 133.5125, 33.604166667000072 ], [ 133.51875, 33.604166667000072 ], [ 133.51875, 33.6 ], [ 133.5125, 33.6 ] ] ] } },
{ "type": "Feature", "properties": { "fid": 1340, "OBJECTID": 9971, "KEY_CODE": "503334212", "Pref_CODE": 39, "Pref_Name": "高知県", "Shape_Length": 0.020833334000030845, "Shape_Area": 2.6041668750049021e-05 }, "geometry": { "type": "Polygon", "coordinates": [ [ [ 133.51875, 33.6 ], [ 133.51875, 33.604166667000072 ], [ 133.525, 33.604166667000072 ], [ 133.525, 33.6 ], [ 133.51875, 33.6 ] ] ] } },
{ "type": "Feature", "properties": { "fid": 1341, "OBJECTID": 9972, "KEY_CODE": "503334213", "Pref_CODE": 39, "Pref_Name": "高知県", "Shape_Length": 0.020833332000051996, "Shape_Area": 2.6041662500115118e-05 }, "geometry": { "type": "Polygon", "coordinates": [ [ [ 133.5125, 33.604166667000072 ], [ 133.5125, 33.608333333000076 ], [ 133.51875, 33.608333333000076 ], [ 133.51875, 33.604166667000072 ], [ 133.5125, 33.604166667000072 ] ] ] } },
{ "type": "Feature", "properties": { "fid": 1342, "OBJECTID": 9973, "KEY_CODE": "503334214", "Pref_CODE": 39, "Pref_Name": "高知県", "Shape_Length": 0.020833332000051996, "Shape_Area": 2.6041662500115118e-05 }, "geometry": { "type": "Polygon", "coordinates": [ [ [ 133.51875, 33.604166667000072 ], [ 133.51875, 33.608333333000076 ], [ 133.525, 33.608333333000076 ], [ 133.525, 33.604166667000072 ], [ 133.51875, 33.604166667000072 ] ] ] } },
{ "type": "Feature", "properties": { "fid": 1343, "OBJECTID": 9974, "KEY_CODE": "503334221", "Pref_CODE": 39, "Pref_Name": "高知県", "Shape_Length": 0.020833334000030845, "Shape_Area": 2.6041668750049021e-05 }, "geometry": { "type": "Polygon", "coordinates": [ [ [ 133.525, 33.6 ], [ 133.525, 33.604166667000072 ], [ 133.531250000000114, 33.604166667000072 ], [ 133.531250000000114, 33.6 ], [ 133.525, 33.6 ] ] ] } },
{ "type": "Feature", "properties": { "fid": 1344, "OBJECTID": 9975, "KEY_CODE": "503334222", "Pref_CODE": 39, "Pref_Name": "高知県", "Shape_Length": 0.020833333999803472, "Shape_Area": 2.6041668749575326e-05 }, "geometry": { "type": "Polygon", "coordinates": [ [ [ 133.531250000000114, 33.6 ], [ 133.531250000000114, 33.604166667000072 ], [ 133.5375, 33.604166667000072 ], [ 133.5375, 33.6 ], [ 133.531250000000114, 33.6 ] ] ] } },
{ "type": "Feature", "properties": { "fid": 1345, "OBJECTID": 9976, "KEY_CODE": "503334223", "Pref_CODE": 39, "Pref_Name": "高知県", "Shape_Length": 0.020833332000051996, "Shape_Area": 2.6041662500115118e-05 }, "geometry": { "type": "Polygon", "coordinates": [ [ [ 133.525, 33.604166667000072 ], [ 133.525, 33.608333333000076 ], [ 133.531250000000114, 33.608333333000076 ], [ 133.531250000000114, 33.604166667000072 ], [ 133.525, 33.604166667000072 ] ] ] } },
{ "type": "Feature", "properties": { "fid": 1346, "OBJECTID": 9977, "KEY_CODE": "503334224", "Pref_CODE": 39, "Pref_Name": "高知県", "Shape_Length": 0.020833331999824622, "Shape_Area": 2.6041662499641423e-05 }, "geometry": { "type": "Polygon", "coordinates": [ [ [ 133.531250000000114, 33.604166667000072 ], [ 133.531250000000114, 33.608333333000076 ], [ 133.5375, 33.608333333000076 ], [ 133.5375, 33.604166667000072 ], [ 133.531250000000114, 33.604166667000072 ] ] ] } },
{ "type": "Feature", "properties": { "fid": 1347, "OBJECTID": 9978, "KEY_CODE": "503334231", "Pref_CODE": 39, "Pref_Name": "高知県", "Shape_Length": 0.020833334000030845, "Shape_Area": 2.6041668750049021e-05 }, "geometry": { "type": "Polygon", "coordinates": [ [ [ 133.5375, 33.6 ], [ 133.5375, 33.604166667000072 ], [ 133.54375, 33.604166667000072 ], [ 133.54375, 33.6 ], [ 133.5375, 33.6 ] ] ] } },
{ "type": "Feature", "properties": { "fid": 1348, "OBJECTID": 9979, "KEY_CODE": "503334232", "Pref_CODE": 39, "Pref_Name": "高知県", "Shape_Length": 0.020833334000030845, "Shape_Area": 2.6041668750049021e-05 }, "geometry": { "type": "Polygon", "coordinates": [ [ [ 133.54375, 33.6 ], [ 133.54375, 33.604166667000072 ], [ 133.55, 33.604166667000072 ], [ 133.55, 33.6 ], [ 133.54375, 33.6 ] ] ] } },
{ "type": "Feature", "properties": { "fid": 1349, "OBJECTID": 9980, "KEY_CODE": "503334233", "Pref_CODE": 39, "Pref_Name": "高知県", "Shape_Length": 0.020833332000051996, "Shape_Area": 2.6041662500115118e-05 }, "geometry": { "type": "Polygon", "coordinates": [ [ [ 133.5375, 33.604166667000072 ], [ 133.5375, 33.608333333000076 ], [ 133.54375, 33.608333333000076 ], [ 133.54375, 33.604166667000072 ], [ 133.5375, 33.604166667000072 ] ] ] } },
{ "type": "Feature", "properties": { "fid": 1350, "OBJECTID": 9981, "KEY_CODE": "503334234", "Pref_CODE": 39, "Pref_Name": "高知県", "Shape_Length": 0.020833332000051996, "Shape_Area": 2.6041662500115118e-05 }, "geometry": { "type": "Polygon", "coordinates": [ [ [ 133.54375, 33.604166667000072 ], [ 133.54375, 33.608333333000076 ], [ 133.55, 33.608333333000076 ], [ 133.55, 33.604166667000072 ], [ 133.54375, 33.604166667000072 ] ] ] } },
{ "type": "Feature", "properties": { "fid": 1351, "OBJECTID": 9982, "KEY_CODE": "503334241", "Pref_CODE": 39, "Pref_Name": "高知県", "Shape_Length": 0.020833334000030845, "Shape_Area": 2.6041668750049021e-05 }, "geometry": { "type": "Polygon", "coordinates": [ [ [ 133.55, 33.6 ], [ 133.55, 33.604166667000072 ], [ 133.55625, 33.604166667000072 ], [ 133.55625, 33.6 ], [ 133.55, 33.6 ] ] ] } },
{ "type": "Feature", "properties": { "fid": 1352, "OBJECTID": 9983, "KEY_CODE": "503334242", "Pref_CODE": 39, "Pref_Name": "高知県", "Shape_Length": 0.020833334000030845, "Shape_Area": 2.6041668750049021e-05 }, "geometry": { "type": "Polygon", "coordinates": [ [ [ 133.55625, 33.6 ], [ 133.55625, 33.604166667000072 ], [ 133.562500000000114, 33.604166667000072 ], [ 133.562500000000114, 33.6 ], [ 133.55625, 33.6 ] ] ] } },
{ "type": "Feature", "properties": { "fid": 1353, "OBJECTID": 9984, "KEY_CODE": "503334243", "Pref_CODE": 39, "Pref_Name": "高知県", "Shape_Length": 0.020833332000051996, "Shape_Area": 2.6041662500115118e-05 }, "geometry": { "type": "Polygon", "coordinates": [ [ [ 133.55, 33.604166667000072 ], [ 133.55, 33.608333333000076 ], [ 133.55625, 33.608333333000076 ], [ 133.55625, 33.604166667000072 ], [ 133.55, 33.604166667000072 ] ] ] } },
{ "type": "Feature", "properties": { "fid": 1354, "OBJECTID": 9985, "KEY_CODE": "503334244", "Pref_CODE": 39, "Pref_Name": "高知県", "Shape_Length": 0.020833332000051996, "Shape_Area": 2.6041662500115118e-05 }, "geometry": { "type": "Polygon", "coordinates": [ [ [ 133.55625, 33.604166667000072 ], [ 133.55625, 33.608333333000076 ], [ 133.562500000000114, 33.608333333000076 ], [ 133.562500000000114, 33.604166667000072 ], [ 133.55625, 33.604166667000072 ] ] ] } },
{ "type": "Feature", "properties": { "fid": 1355, "OBJECTID": 9986, "KEY_CODE": "503334251", "Pref_CODE": 39, "Pref_Name": "高知県", "Shape_Length": 0.020833333999803472, "Shape_Area": 2.6041668749575326e-05 }, "geometry": { "type": "Polygon", "coordinates": [ [ [ 133.562500000000114, 33.6 ], [ 133.562500000000114, 33.604166667000072 ], [ 133.56875, 33.604166667000072 ], [ 133.56875, 33.6 ], [ 133.562500000000114, 33.6 ] ] ] } },
{ "type": "Feature", "properties": { "fid": 1356, "OBJECTID": 9987, "KEY_CODE": "503334252", "Pref_CODE": 39, "Pref_Name": "高知県", "Shape_Length": 0.020833334000030845, "Shape_Area": 2.6041668750049021e-05 }, "geometry": { "type": "Polygon", "coordinates": [ [ [ 133.56875, 33.6 ], [ 133.56875, 33.604166667000072 ], [ 133.575, 33.604166667000072 ], [ 133.575, 33.6 ], [ 133.56875, 33.6 ] ] ] } },
{ "type": "Feature", "properties": { "fid": 1357, "OBJECTID": 9988, "KEY_CODE": "503334253", "Pref_CODE": 39, "Pref_Name": "高知県", "Shape_Length": 0.020833331999824622, "Shape_Area": 2.6041662499641423e-05 }, "geometry": { "type": "Polygon", "coordinates": [ [ [ 133.562500000000114, 33.604166667000072 ], [ 133.562500000000114, 33.608333333000076 ], [ 133.56875, 33.608333333000076 ], [ 133.56875, 33.604166667000072 ], [ 133.562500000000114, 33.604166667000072 ] ] ] } },
{ "type": "Feature", "properties": { "fid": 1358, "OBJECTID": 9989, "KEY_CODE": "503334254", "Pref_CODE": 39, "Pref_Name": "高知県", "Shape_Length": 0.020833332000051996, "Shape_Area": 2.6041662500115118e-05 }, "geometry": { "type": "Polygon", "coordinates": [ [ [ 133.56875, 33.604166667000072 ], [ 133.56875, 33.608333333000076 ], [ 133.575, 33.608333333000076 ], [ 133.575, 33.604166667000072 ], [ 133.56875, 33.604166667000072 ] ] ] } },
{ "type": "Feature", "properties": { "fid": 1359, "OBJECTID": 9990, "KEY_CODE": "503334261", "Pref_CODE": 39, "Pref_Name": "高知県", "Shape_Length": 0.020833334000030845, "Shape_Area": 2.6041668750049021e-05 }, "geometry": { "type": "Polygon", "coordinates": [ [ [ 133.575, 33.6 ], [ 133.575, 33.604166667000072 ], [ 133.58125, 33.604166667000072 ], [ 133.58125, 33.6 ], [ 133.575, 33.6 ] ] ] } },
{ "type": "Feature", "properties": { "fid": 1360, "OBJECTID": 9991, "KEY_CODE": "503334262", "Pref_CODE": 39, "Pref_Name": "高知県", "Shape_Length": 0.020833334000030845, "Shape_Area": 2.6041668750049021e-05 }, "geometry": { "type": "Polygon", "coordinates": [ [ [ 133.58125, 33.6 ], [ 133.58125, 33.604166667000072 ], [ 133.5875, 33.604166667000072 ], [ 133.5875, 33.6 ], [ 133.58125, 33.6 ] ] ] } },
{ "type": "Feature", "properties": { "fid": 1361, "OBJECTID": 9992, "KEY_CODE": "503334263", "Pref_CODE": 39, "Pref_Name": "高知県", "Shape_Length": 0.020833332000051996, "Shape_Area": 2.6041662500115118e-05 }, "geometry": { "type": "Polygon", "coordinates": [ [ [ 133.575, 33.604166667000072 ], [ 133.575, 33.608333333000076 ], [ 133.58125, 33.608333333000076 ], [ 133.58125, 33.604166667000072 ], [ 133.575, 33.604166667000072 ] ] ] } },
{ "type": "Feature", "properties": { "fid": 1362, "OBJECTID": 9993, "KEY_CODE": "503334264", "Pref_CODE": 39, "Pref_Name": "高知県", "Shape_Length": 0.020833332000051996, "Shape_Area": 2.6041662500115118e-05 }, "geometry": { "type": "Polygon", "coordinates": [ [ [ 133.58125, 33.604166667000072 ], [ 133.58125, 33.608333333000076 ], [ 133.5875, 33.608333333000076 ], [ 133.5875, 33.604166667000072 ], [ 133.58125, 33.604166667000072 ] ] ] } },
{ "type": "Feature", "properties": { "fid": 1363, "OBJECTID": 9994, "KEY_CODE": "503334271", "Pref_CODE": 39, "Pref_Name": "高知県", "Shape_Length": 0.020833334000030845, "Shape_Area": 2.6041668750049021e-05 }, "geometry": { "type": "Polygon", "coordinates": [ [ [ 133.5875, 33.6 ], [ 133.5875, 33.604166667000072 ], [ 133.593750000000114, 33.604166667000072 ], [ 133.593750000000114, 33.6 ], [ 133.5875, 33.6 ] ] ] } },
{ "type": "Feature", "properties": { "fid": 1364, "OBJECTID": 9995, "KEY_CODE": "503334272", "Pref_CODE": 39, "Pref_Name": "高知県", "Shape_Length": 0.020833333999803472, "Shape_Area": 2.6041668749575326e-05 }, "geometry": { "type": "Polygon", "coordinates": [ [ [ 133.593750000000114, 33.6 ], [ 133.593750000000114, 33.604166667000072 ], [ 133.6, 33.604166667000072 ], [ 133.6, 33.6 ], [ 133.593750000000114, 33.6 ] ] ] } },
{ "type": "Feature", "properties": { "fid": 1365, "OBJECTID": 9996, "KEY_CODE": "503334273", "Pref_CODE": 39, "Pref_Name": "高知県", "Shape_Length": 0.020833332000051996, "Shape_Area": 2.6041662500115118e-05 }, "geometry": { "type": "Polygon", "coordinates": [ [ [ 133.5875, 33.604166667000072 ], [ 133.5875, 33.608333333000076 ], [ 133.593750000000114, 33.608333333000076 ], [ 133.593750000000114, 33.604166667000072 ], [ 133.5875, 33.604166667000072 ] ] ] } },
{ "type": "Feature", "properties": { "fid": 1366, "OBJECTID": 9997, "KEY_CODE": "503334274", "Pref_CODE": 39, "Pref_Name": "高知県", "Shape_Length": 0.020833331999824622, "Shape_Area": 2.6041662499641423e-05 }, "geometry": { "type": "Polygon", "coordinates": [ [ [ 133.593750000000114, 33.604166667000072 ], [ 133.593750000000114, 33.608333333000076 ], [ 133.6, 33.608333333000076 ], [ 133.6, 33.604166667000072 ], [ 133.593750000000114, 33.604166667000072 ] ] ] } },
{ "type": "Feature", "properties": { "fid": 1367, "OBJECTID": 9998, "KEY_CODE": "503334281", "Pref_CODE": 39, "Pref_Name": "高知県", "Shape_Length": 0.020833334000030845, "Shape_Area": 2.6041668750049021e-05 }, "geometry": { "type": "Polygon", "coordinates": [ [ [ 133.6, 33.6 ], [ 133.6, 33.604166667000072 ], [ 133.60625, 33.604166667000072 ], [ 133.60625, 33.6 ], [ 133.6, 33.6 ] ] ] } },
{ "type": "Feature", "properties": { "fid": 1368, "OBJECTID": 9999, "KEY_CODE": "503334282", "Pref_CODE": 39, "Pref_Name": "高知県", "Shape_Length": 0.020833334000030845, "Shape_Area": 2.6041668750049021e-05 }, "geometry": { "type": "Polygon", "coordinates": [ [ [ 133.60625, 33.6 ], [ 133.60625, 33.604166667000072 ], [ 133.6125, 33.604166667000072 ], [ 133.6125, 33.6 ], [ 133.60625, 33.6 ] ] ] } },
{ "type": "Feature", "properties": { "fid": 1369, "OBJECTID": 10000, "KEY_CODE": "503334283", "Pref_CODE": 39, "Pref_Name": "高知県", "Shape_Length": 0.020833332000051996, "Shape_Area": 2.6041662500115118e-05 }, "geometry": { "type": "Polygon", "coordinates": [ [ [ 133.6, 33.604166667000072 ], [ 133.6, 33.608333333000076 ], [ 133.60625, 33.608333333000076 ], [ 133.60625, 33.604166667000072 ], [ 133.6, 33.604166667000072 ] ] ] } },
{ "type": "Feature", "properties": { "fid": 1370, "OBJECTID": 10001, "KEY_CODE": "503334284", "Pref_CODE": 39, "Pref_Name": "高知県", "Shape_Length": 0.020833332000051996, "Shape_Area": 2.6041662500115118e-05 }, "geometry": { "type": "Polygon", "coordinates": [ [ [ 133.60625, 33.604166667000072 ], [ 133.60625, 33.608333333000076 ], [ 133.6125, 33.608333333000076 ], [ 133.6125, 33.604166667000072 ], [ 133.60625, 33.604166667000072 ] ] ] } },
{ "type": "Feature", "properties": { "fid": 1371, "OBJECTID": 10002, "KEY_CODE": "503334291", "Pref_CODE": 39, "Pref_Name": "高知県", "Shape_Length": 0.020833334000030845, "Shape_Area": 2.6041668750049021e-05 }, "geometry": { "type": "Polygon", "coordinates": [ [ [ 133.6125, 33.6 ], [ 133.6125, 33.604166667000072 ], [ 133.61875, 33.604166667000072 ], [ 133.61875, 33.6 ], [ 133.6125, 33.6 ] ] ] } },
{ "type": "Feature", "properties": { "fid": 1372, "OBJECTID": 10003, "KEY_CODE": "503334292", "Pref_CODE": 39, "Pref_Name": "高知県", "Shape_Length": 0.020833334000030845, "Shape_Area": 2.6041668750049021e-05 }, "geometry": { "type": "Polygon", "coordinates": [ [ [ 133.61875, 33.6 ], [ 133.61875, 33.604166667000072 ], [ 133.625000000000114, 33.604166667000072 ], [ 133.625000000000114, 33.6 ], [ 133.61875, 33.6 ] ] ] } },
{ "type": "Feature", "properties": { "fid": 1373, "OBJECTID": 10004, "KEY_CODE": "503334293", "Pref_CODE": 39, "Pref_Name": "高知県", "Shape_Length": 0.020833332000051996, "Shape_Area": 2.6041662500115118e-05 }, "geometry": { "type": "Polygon", "coordinates": [ [ [ 133.6125, 33.604166667000072 ], [ 133.6125, 33.608333333000076 ], [ 133.61875, 33.608333333000076 ], [ 133.61875, 33.604166667000072 ], [ 133.6125, 33.604166667000072 ] ] ] } },
{ "type": "Feature", "properties": { "fid": 1374, "OBJECTID": 10005, "KEY_CODE": "503334294", "Pref_CODE": 39, "Pref_Name": "高知県", "Shape_Length": 0.020833332000051996, "Shape_Area": 2.6041662500115118e-05 }, "geometry": { "type": "Polygon", "coordinates": [ [ [ 133.61875, 33.604166667000072 ], [ 133.61875, 33.608333333000076 ], [ 133.625000000000114, 33.608333333000076 ], [ 133.625000000000114, 33.604166667000072 ], [ 133.61875, 33.604166667000072 ] ] ] } },
{ "type": "Feature", "properties": { "fid": 1375, "OBJECTID": 10006, "KEY_CODE": "503334301", "Pref_CODE": 39, "Pref_Name": "高知県", "Shape_Length": 0.020833333999803472, "Shape_Area": 2.6041668749575326e-05 }, "geometry": { "type": "Polygon", "coordinates": [ [ [ 133.500000000000114, 33.608333333000076 ], [ 133.500000000000114, 33.6125 ], [ 133.50625, 33.6125 ], [ 133.50625, 33.608333333000076 ], [ 133.500000000000114, 33.608333333000076 ] ] ] } },
{ "type": "Feature", "properties": { "fid": 1376, "OBJECTID": 10007, "KEY_CODE": "503334302", "Pref_CODE": 39, "Pref_Name": "高知県", "Shape_Length": 0.020833334000030845, "Shape_Area": 2.6041668750049021e-05 }, "geometry": { "type": "Polygon", "coordinates": [ [ [ 133.50625, 33.608333333000076 ], [ 133.50625, 33.6125 ], [ 133.5125, 33.6125 ], [ 133.5125, 33.608333333000076 ], [ 133.50625, 33.608333333000076 ] ] ] } },
{ "type": "Feature", "properties": { "fid": 1377, "OBJECTID": 10008, "KEY_CODE": "503334303", "Pref_CODE": 39, "Pref_Name": "高知県", "Shape_Length": 0.020833333999803472, "Shape_Area": 2.6041668749575326e-05 }, "geometry": { "type": "Polygon", "coordinates": [ [ [ 133.500000000000114, 33.6125 ], [ 133.500000000000114, 33.616666667000061 ], [ 133.50625, 33.616666667000061 ], [ 133.50625, 33.6125 ], [ 133.500000000000114, 33.6125 ] ] ] } },
{ "type": "Feature", "properties": { "fid": 1378, "OBJECTID": 10009, "KEY_CODE": "503334304", "Pref_CODE": 39, "Pref_Name": "高知県", "Shape_Length": 0.020833334000030845, "Shape_Area": 2.6041668750049021e-05 }, "geometry": { "type": "Polygon", "coordinates": [ [ [ 133.50625, 33.6125 ], [ 133.50625, 33.616666667000061 ], [ 133.5125, 33.616666667000061 ], [ 133.5125, 33.6125 ], [ 133.50625, 33.6125 ] ] ] } },
{ "type": "Feature", "properties": { "fid": 1379, "OBJECTID": 10010, "KEY_CODE": "503334311", "Pref_CODE": 39, "Pref_Name": "高知県", "Shape_Length": 0.020833334000030845, "Shape_Area": 2.6041668750049021e-05 }, "geometry": { "type": "Polygon", "coordinates": [ [ [ 133.5125, 33.608333333000076 ], [ 133.5125, 33.6125 ], [ 133.51875, 33.6125 ], [ 133.51875, 33.608333333000076 ], [ 133.5125, 33.608333333000076 ] ] ] } },
{ "type": "Feature", "properties": { "fid": 1380, "OBJECTID": 10011, "KEY_CODE": "503334312", "Pref_CODE": 39, "Pref_Name": "高知県", "Shape_Length": 0.020833334000030845, "Shape_Area": 2.6041668750049021e-05 }, "geometry": { "type": "Polygon", "coordinates": [ [ [ 133.51875, 33.608333333000076 ], [ 133.51875, 33.6125 ], [ 133.525, 33.6125 ], [ 133.525, 33.608333333000076 ], [ 133.51875, 33.608333333000076 ] ] ] } },
{ "type": "Feature", "properties": { "fid": 1381, "OBJECTID": 10012, "KEY_CODE": "503334313", "Pref_CODE": 39, "Pref_Name": "高知県", "Shape_Length": 0.020833334000030845, "Shape_Area": 2.6041668750049021e-05 }, "geometry": { "type": "Polygon", "coordinates": [ [ [ 133.5125, 33.6125 ], [ 133.5125, 33.616666667000061 ], [ 133.51875, 33.616666667000061 ], [ 133.51875, 33.6125 ], [ 133.5125, 33.6125 ] ] ] } },
{ "type": "Feature", "properties": { "fid": 1382, "OBJECTID": 10013, "KEY_CODE": "503334314", "Pref_CODE": 39, "Pref_Name": "高知県", "Shape_Length": 0.020833334000030845, "Shape_Area": 2.6041668750049021e-05 }, "geometry": { "type": "Polygon", "coordinates": [ [ [ 133.51875, 33.6125 ], [ 133.51875, 33.616666667000061 ], [ 133.525, 33.616666667000061 ], [ 133.525, 33.6125 ], [ 133.51875, 33.6125 ] ] ] } },
{ "type": "Feature", "properties": { "fid": 1383, "OBJECTID": 10014, "KEY_CODE": "503334321", "Pref_CODE": 39, "Pref_Name": "高知県", "Shape_Length": 0.020833334000030845, "Shape_Area": 2.6041668750049021e-05 }, "geometry": { "type": "Polygon", "coordinates": [ [ [ 133.525, 33.608333333000076 ], [ 133.525, 33.6125 ], [ 133.531250000000114, 33.6125 ], [ 133.531250000000114, 33.608333333000076 ], [ 133.525, 33.608333333000076 ] ] ] } },
{ "type": "Feature", "properties": { "fid": 1384, "OBJECTID": 10015, "KEY_CODE": "503334322", "Pref_CODE": 39, "Pref_Name": "高知県", "Shape_Length": 0.020833333999803472, "Shape_Area": 2.6041668749575326e-05 }, "geometry": { "type": "Polygon", "coordinates": [ [ [ 133.531250000000114, 33.608333333000076 ], [ 133.531250000000114, 33.6125 ], [ 133.5375, 33.6125 ], [ 133.5375, 33.608333333000076 ], [ 133.531250000000114, 33.608333333000076 ] ] ] } },
{ "type": "Feature", "properties": { "fid": 1385, "OBJECTID": 10016, "KEY_CODE": "503334323", "Pref_CODE": 39, "Pref_Name": "高知県", "Shape_Length": 0.020833334000030845, "Shape_Area": 2.6041668750049021e-05 }, "geometry": { "type": "Polygon", "coordinates": [ [ [ 133.525, 33.6125 ], [ 133.525, 33.616666667000061 ], [ 133.531250000000114, 33.616666667000061 ], [ 133.531250000000114, 33.6125 ], [ 133.525, 33.6125 ] ] ] } },
{ "type": "Feature", "properties": { "fid": 1386, "OBJECTID": 10017, "KEY_CODE": "503334324", "Pref_CODE": 39, "Pref_Name": "高知県", "Shape_Length": 0.020833333999803472, "Shape_Area": 2.6041668749575326e-05 }, "geometry": { "type": "Polygon", "coordinates": [ [ [ 133.531250000000114, 33.6125 ], [ 133.531250000000114, 33.616666667000061 ], [ 133.5375, 33.616666667000061 ], [ 133.5375, 33.6125 ], [ 133.531250000000114, 33.6125 ] ] ] } },
{ "type": "Feature", "properties": { "fid": 1387, "OBJECTID": 10018, "KEY_CODE": "503334331", "Pref_CODE": 39, "Pref_Name": "高知県", "Shape_Length": 0.020833334000030845, "Shape_Area": 2.6041668750049021e-05 }, "geometry": { "type": "Polygon", "coordinates": [ [ [ 133.5375, 33.608333333000076 ], [ 133.5375, 33.6125 ], [ 133.54375, 33.6125 ], [ 133.54375, 33.608333333000076 ], [ 133.5375, 33.608333333000076 ] ] ] } },
{ "type": "Feature", "properties": { "fid": 1388, "OBJECTID": 10019, "KEY_CODE": "503334332", "Pref_CODE": 39, "Pref_Name": "高知県", "Shape_Length": 0.020833334000030845, "Shape_Area": 2.6041668750049021e-05 }, "geometry": { "type": "Polygon", "coordinates": [ [ [ 133.54375, 33.608333333000076 ], [ 133.54375, 33.6125 ], [ 133.55, 33.6125 ], [ 133.55, 33.608333333000076 ], [ 133.54375, 33.608333333000076 ] ] ] } },
{ "type": "Feature", "properties": { "fid": 1389, "OBJECTID": 10020, "KEY_CODE": "503334333", "Pref_CODE": 39, "Pref_Name": "高知県", "Shape_Length": 0.020833334000030845, "Shape_Area": 2.6041668750049021e-05 }, "geometry": { "type": "Polygon", "coordinates": [ [ [ 133.5375, 33.6125 ], [ 133.5375, 33.616666667000061 ], [ 133.54375, 33.616666667000061 ], [ 133.54375, 33.6125 ], [ 133.5375, 33.6125 ] ] ] } },
{ "type": "Feature", "properties": { "fid": 1390, "OBJECTID": 10021, "KEY_CODE": "503334334", "Pref_CODE": 39, "Pref_Name": "高知県", "Shape_Length": 0.020833334000030845, "Shape_Area": 2.6041668750049021e-05 }, "geometry": { "type": "Polygon", "coordinates": [ [ [ 133.54375, 33.6125 ], [ 133.54375, 33.616666667000061 ], [ 133.55, 33.616666667000061 ], [ 133.55, 33.6125 ], [ 133.54375, 33.6125 ] ] ] } },
{ "type": "Feature", "properties": { "fid": 1391, "OBJECTID": 10022, "KEY_CODE": "503334341", "Pref_CODE": 39, "Pref_Name": "高知県", "Shape_Length": 0.020833334000030845, "Shape_Area": 2.6041668750049021e-05 }, "geometry": { "type": "Polygon", "coordinates": [ [ [ 133.55, 33.608333333000076 ], [ 133.55, 33.6125 ], [ 133.55625, 33.6125 ], [ 133.55625, 33.608333333000076 ], [ 133.55, 33.608333333000076 ] ] ] } },
{ "type": "Feature", "properties": { "fid": 1392, "OBJECTID": 10023, "KEY_CODE": "503334342", "Pref_CODE": 39, "Pref_Name": "高知県", "Shape_Length": 0.020833334000030845, "Shape_Area": 2.6041668750049021e-05 }, "geometry": { "type": "Polygon", "coordinates": [ [ [ 133.55625, 33.608333333000076 ], [ 133.55625, 33.6125 ], [ 133.562500000000114, 33.6125 ], [ 133.562500000000114, 33.608333333000076 ], [ 133.55625, 33.608333333000076 ] ] ] } },
{ "type": "Feature", "properties": { "fid": 1393, "OBJECTID": 10024, "KEY_CODE": "503334343", "Pref_CODE": 39, "Pref_Name": "高知県", "Shape_Length": 0.020833334000030845, "Shape_Area": 2.6041668750049021e-05 }, "geometry": { "type": "Polygon", "coordinates": [ [ [ 133.55, 33.6125 ], [ 133.55, 33.616666667000061 ], [ 133.55625, 33.616666667000061 ], [ 133.55625, 33.6125 ], [ 133.55, 33.6125 ] ] ] } },
{ "type": "Feature", "properties": { "fid": 1394, "OBJECTID": 10025, "KEY_CODE": "503334344", "Pref_CODE": 39, "Pref_Name": "高知県", "Shape_Length": 0.020833334000030845, "Shape_Area": 2.6041668750049021e-05 }, "geometry": { "type": "Polygon", "coordinates": [ [ [ 133.55625, 33.6125 ], [ 133.55625, 33.616666667000061 ], [ 133.562500000000114, 33.616666667000061 ], [ 133.562500000000114, 33.6125 ], [ 133.55625, 33.6125 ] ] ] } },
{ "type": "Feature", "properties": { "fid": 1395, "OBJECTID": 10026, "KEY_CODE": "503334351", "Pref_CODE": 39, "Pref_Name": "高知県", "Shape_Length": 0.020833333999803472, "Shape_Area": 2.6041668749575326e-05 }, "geometry": { "type": "Polygon", "coordinates": [ [ [ 133.562500000000114, 33.608333333000076 ], [ 133.562500000000114, 33.6125 ], [ 133.56875, 33.6125 ], [ 133.56875, 33.608333333000076 ], [ 133.562500000000114, 33.608333333000076 ] ] ] } },
{ "type": "Feature", "properties": { "fid": 1396, "OBJECTID": 10027, "KEY_CODE": "503334352", "Pref_CODE": 39, "Pref_Name": "高知県", "Shape_Length": 0.020833334000030845, "Shape_Area": 2.6041668750049021e-05 }, "geometry": { "type": "Polygon", "coordinates": [ [ [ 133.56875, 33.608333333000076 ], [ 133.56875, 33.6125 ], [ 133.575, 33.6125 ], [ 133.575, 33.608333333000076 ], [ 133.56875, 33.608333333000076 ] ] ] } },
{ "type": "Feature", "properties": { "fid": 1397, "OBJECTID": 10028, "KEY_CODE": "503334353", "Pref_CODE": 39, "Pref_Name": "高知県", "Shape_Length": 0.020833333999803472, "Shape_Area": 2.6041668749575326e-05 }, "geometry": { "type": "Polygon", "coordinates": [ [ [ 133.562500000000114, 33.6125 ], [ 133.562500000000114, 33.616666667000061 ], [ 133.56875, 33.616666667000061 ], [ 133.56875, 33.6125 ], [ 133.562500000000114, 33.6125 ] ] ] } },
{ "type": "Feature", "properties": { "fid": 1398, "OBJECTID": 10029, "KEY_CODE": "503334354", "Pref_CODE": 39, "Pref_Name": "高知県", "Shape_Length": 0.020833334000030845, "Shape_Area": 2.6041668750049021e-05 }, "geometry": { "type": "Polygon", "coordinates": [ [ [ 133.56875, 33.6125 ], [ 133.56875, 33.616666667000061 ], [ 133.575, 33.616666667000061 ], [ 133.575, 33.6125 ], [ 133.56875, 33.6125 ] ] ] } },
{ "type": "Feature", "properties": { "fid": 1399, "OBJECTID": 10030, "KEY_CODE": "503334361", "Pref_CODE": 39, "Pref_Name": "高知県", "Shape_Length": 0.020833334000030845, "Shape_Area": 2.6041668750049021e-05 }, "geometry": { "type": "Polygon", "coordinates": [ [ [ 133.575, 33.608333333000076 ], [ 133.575, 33.6125 ], [ 133.58125, 33.6125 ], [ 133.58125, 33.608333333000076 ], [ 133.575, 33.608333333000076 ] ] ] } },
{ "type": "Feature", "properties": { "fid": 1400, "OBJECTID": 10031, "KEY_CODE": "503334362", "Pref_CODE": 39, "Pref_Name": "高知県", "Shape_Length": 0.020833334000030845, "Shape_Area": 2.6041668750049021e-05 }, "geometry": { "type": "Polygon", "coordinates": [ [ [ 133.58125, 33.608333333000076 ], [ 133.58125, 33.6125 ], [ 133.5875, 33.6125 ], [ 133.5875, 33.608333333000076 ], [ 133.58125, 33.608333333000076 ] ] ] } },
{ "type": "Feature", "properties": { "fid": 1401, "OBJECTID": 10032, "KEY_CODE": "503334363", "Pref_CODE": 39, "Pref_Name": "高知県", "Shape_Length": 0.020833334000030845, "Shape_Area": 2.6041668750049021e-05 }, "geometry": { "type": "Polygon", "coordinates": [ [ [ 133.575, 33.6125 ], [ 133.575, 33.616666667000061 ], [ 133.58125, 33.616666667000061 ], [ 133.58125, 33.6125 ], [ 133.575, 33.6125 ] ] ] } },
{ "type": "Feature", "properties": { "fid": 1402, "OBJECTID": 10033, "KEY_CODE": "503334364", "Pref_CODE": 39, "Pref_Name": "高知県", "Shape_Length": 0.020833334000030845, "Shape_Area": 2.6041668750049021e-05 }, "geometry": { "type": "Polygon", "coordinates": [ [ [ 133.58125, 33.6125 ], [ 133.58125, 33.616666667000061 ], [ 133.5875, 33.616666667000061 ], [ 133.5875, 33.6125 ], [ 133.58125, 33.6125 ] ] ] } },
{ "type": "Feature", "properties": { "fid": 1403, "OBJECTID": 10034, "KEY_CODE": "503334371", "Pref_CODE": 39, "Pref_Name": "高知県", "Shape_Length": 0.020833334000030845, "Shape_Area": 2.6041668750049021e-05 }, "geometry": { "type": "Polygon", "coordinates": [ [ [ 133.5875, 33.608333333000076 ], [ 133.5875, 33.6125 ], [ 133.593750000000114, 33.6125 ], [ 133.593750000000114, 33.608333333000076 ], [ 133.5875, 33.608333333000076 ] ] ] } },
{ "type": "Feature", "properties": { "fid": 1404, "OBJECTID": 10035, "KEY_CODE": "503334372", "Pref_CODE": 39, "Pref_Name": "高知県", "Shape_Length": 0.020833333999803472, "Shape_Area": 2.6041668749575326e-05 }, "geometry": { "type": "Polygon", "coordinates": [ [ [ 133.593750000000114, 33.608333333000076 ], [ 133.593750000000114, 33.6125 ], [ 133.6, 33.6125 ], [ 133.6, 33.608333333000076 ], [ 133.593750000000114, 33.608333333000076 ] ] ] } },
{ "type": "Feature", "properties": { "fid": 1405, "OBJECTID": 10036, "KEY_CODE": "503334373", "Pref_CODE": 39, "Pref_Name": "高知県", "Shape_Length": 0.020833334000030845, "Shape_Area": 2.6041668750049021e-05 }, "geometry": { "type": "Polygon", "coordinates": [ [ [ 133.5875, 33.6125 ], [ 133.5875, 33.616666667000061 ], [ 133.593750000000114, 33.616666667000061 ], [ 133.593750000000114, 33.6125 ], [ 133.5875, 33.6125 ] ] ] } },
{ "type": "Feature", "properties": { "fid": 1406, "OBJECTID": 10037, "KEY_CODE": "503334374", "Pref_CODE": 39, "Pref_Name": "高知県", "Shape_Length": 0.020833333999803472, "Shape_Area": 2.6041668749575326e-05 }, "geometry": { "type": "Polygon", "coordinates": [ [ [ 133.593750000000114, 33.6125 ], [ 133.593750000000114, 33.616666667000061 ], [ 133.6, 33.616666667000061 ], [ 133.6, 33.6125 ], [ 133.593750000000114, 33.6125 ] ] ] } },
{ "type": "Feature", "properties": { "fid": 1407, "OBJECTID": 10038, "KEY_CODE": "503334381", "Pref_CODE": 39, "Pref_Name": "高知県", "Shape_Length": 0.020833334000030845, "Shape_Area": 2.6041668750049021e-05 }, "geometry": { "type": "Polygon", "coordinates": [ [ [ 133.6, 33.608333333000076 ], [ 133.6, 33.6125 ], [ 133.60625, 33.6125 ], [ 133.60625, 33.608333333000076 ], [ 133.6, 33.608333333000076 ] ] ] } },
{ "type": "Feature", "properties": { "fid": 1408, "OBJECTID": 10039, "KEY_CODE": "503334382", "Pref_CODE": 39, "Pref_Name": "高知県", "Shape_Length": 0.020833334000030845, "Shape_Area": 2.6041668750049021e-05 }, "geometry": { "type": "Polygon", "coordinates": [ [ [ 133.60625, 33.608333333000076 ], [ 133.60625, 33.6125 ], [ 133.6125, 33.6125 ], [ 133.6125, 33.608333333000076 ], [ 133.60625, 33.608333333000076 ] ] ] } },
{ "type": "Feature", "properties": { "fid": 1409, "OBJECTID": 10040, "KEY_CODE": "503334383", "Pref_CODE": 39, "Pref_Name": "高知県", "Shape_Length": 0.020833334000030845, "Shape_Area": 2.6041668750049021e-05 }, "geometry": { "type": "Polygon", "coordinates": [ [ [ 133.6, 33.6125 ], [ 133.6, 33.616666667000061 ], [ 133.60625, 33.616666667000061 ], [ 133.60625, 33.6125 ], [ 133.6, 33.6125 ] ] ] } },
{ "type": "Feature", "properties": { "fid": 1410, "OBJECTID": 10041, "KEY_CODE": "503334384", "Pref_CODE": 39, "Pref_Name": "高知県", "Shape_Length": 0.020833334000030845, "Shape_Area": 2.6041668750049021e-05 }, "geometry": { "type": "Polygon", "coordinates": [ [ [ 133.60625, 33.6125 ], [ 133.60625, 33.616666667000061 ], [ 133.6125, 33.616666667000061 ], [ 133.6125, 33.6125 ], [ 133.60625, 33.6125 ] ] ] } },
{ "type": "Feature", "properties": { "fid": 1411, "OBJECTID": 10042, "KEY_CODE": "503334391", "Pref_CODE": 39, "Pref_Name": "高知県", "Shape_Length": 0.020833334000030845, "Shape_Area": 2.6041668750049021e-05 }, "geometry": { "type": "Polygon", "coordinates": [ [ [ 133.6125, 33.608333333000076 ], [ 133.6125, 33.6125 ], [ 133.61875, 33.6125 ], [ 133.61875, 33.608333333000076 ], [ 133.6125, 33.608333333000076 ] ] ] } },
{ "type": "Feature", "properties": { "fid": 1412, "OBJECTID": 10043, "KEY_CODE": "503334392", "Pref_CODE": 39, "Pref_Name": "高知県", "Shape_Length": 0.020833334000030845, "Shape_Area": 2.6041668750049021e-05 }, "geometry": { "type": "Polygon", "coordinates": [ [ [ 133.61875, 33.608333333000076 ], [ 133.61875, 33.6125 ], [ 133.625000000000114, 33.6125 ], [ 133.625000000000114, 33.608333333000076 ], [ 133.61875, 33.608333333000076 ] ] ] } },
{ "type": "Feature", "properties": { "fid": 1413, "OBJECTID": 10044, "KEY_CODE": "503334393", "Pref_CODE": 39, "Pref_Name": "高知県", "Shape_Length": 0.020833334000030845, "Shape_Area": 2.6041668750049021e-05 }, "geometry": { "type": "Polygon", "coordinates": [ [ [ 133.6125, 33.6125 ], [ 133.6125, 33.616666667000061 ], [ 133.61875, 33.616666667000061 ], [ 133.61875, 33.6125 ], [ 133.6125, 33.6125 ] ] ] } },
{ "type": "Feature", "properties": { "fid": 1414, "OBJECTID": 10045, "KEY_CODE": "503334394", "Pref_CODE": 39, "Pref_Name": "高知県", "Shape_Length": 0.020833334000030845, "Shape_Area": 2.6041668750049021e-05 }, "geometry": { "type": "Polygon", "coordinates": [ [ [ 133.61875, 33.6125 ], [ 133.61875, 33.616666667000061 ], [ 133.625000000000114, 33.616666667000061 ], [ 133.625000000000114, 33.6125 ], [ 133.61875, 33.6125 ] ] ] } },
{ "type": "Feature", "properties": { "fid": 1415, "OBJECTID": 10046, "KEY_CODE": "503334401", "Pref_CODE": 39, "Pref_Name": "高知県", "Shape_Length": 0.020833331999824622, "Shape_Area": 2.6041662499641423e-05 }, "geometry": { "type": "Polygon", "coordinates": [ [ [ 133.500000000000114, 33.616666667000061 ], [ 133.500000000000114, 33.620833333000064 ], [ 133.50625, 33.620833333000064 ], [ 133.50625, 33.616666667000061 ], [ 133.500000000000114, 33.616666667000061 ] ] ] } },
{ "type": "Feature", "properties": { "fid": 1416, "OBJECTID": 10047, "KEY_CODE": "503334402", "Pref_CODE": 39, "Pref_Name": "高知県", "Shape_Length": 0.020833332000051996, "Shape_Area": 2.6041662500115118e-05 }, "geometry": { "type": "Polygon", "coordinates": [ [ [ 133.50625, 33.616666667000061 ], [ 133.50625, 33.620833333000064 ], [ 133.5125, 33.620833333000064 ], [ 133.5125, 33.616666667000061 ], [ 133.50625, 33.616666667000061 ] ] ] } },
{ "type": "Feature", "properties": { "fid": 1417, "OBJECTID": 10048, "KEY_CODE": "503334403", "Pref_CODE": 39, "Pref_Name": "高知県", "Shape_Length": 0.020833333999803472, "Shape_Area": 2.6041668749575326e-05 }, "geometry": { "type": "Polygon", "coordinates": [ [ [ 133.500000000000114, 33.620833333000064 ], [ 133.500000000000114, 33.625 ], [ 133.50625, 33.625 ], [ 133.50625, 33.620833333000064 ], [ 133.500000000000114, 33.620833333000064 ] ] ] } },
{ "type": "Feature", "properties": { "fid": 1418, "OBJECTID": 10049, "KEY_CODE": "503334404", "Pref_CODE": 39, "Pref_Name": "高知県", "Shape_Length": 0.020833334000030845, "Shape_Area": 2.6041668750049021e-05 }, "geometry": { "type": "Polygon", "coordinates": [ [ [ 133.50625, 33.620833333000064 ], [ 133.50625, 33.625 ], [ 133.5125, 33.625 ], [ 133.5125, 33.620833333000064 ], [ 133.50625, 33.620833333000064 ] ] ] } },
{ "type": "Feature", "properties": { "fid": 1419, "OBJECTID": 10050, "KEY_CODE": "503334411", "Pref_CODE": 39, "Pref_Name": "高知県", "Shape_Length": 0.020833332000051996, "Shape_Area": 2.6041662500115118e-05 }, "geometry": { "type": "Polygon", "coordinates": [ [ [ 133.5125, 33.616666667000061 ], [ 133.5125, 33.620833333000064 ], [ 133.51875, 33.620833333000064 ], [ 133.51875, 33.616666667000061 ], [ 133.5125, 33.616666667000061 ] ] ] } },
{ "type": "Feature", "properties": { "fid": 1420, "OBJECTID": 10051, "KEY_CODE": "503334412", "Pref_CODE": 39, "Pref_Name": "高知県", "Shape_Length": 0.020833332000051996, "Shape_Area": 2.6041662500115118e-05 }, "geometry": { "type": "Polygon", "coordinates": [ [ [ 133.51875, 33.616666667000061 ], [ 133.51875, 33.620833333000064 ], [ 133.525, 33.620833333000064 ], [ 133.525, 33.616666667000061 ], [ 133.51875, 33.616666667000061 ] ] ] } },
{ "type": "Feature", "properties": { "fid": 1421, "OBJECTID": 10052, "KEY_CODE": "503334413", "Pref_CODE": 39, "Pref_Name": "高知県", "Shape_Length": 0.020833334000030845, "Shape_Area": 2.6041668750049021e-05 }, "geometry": { "type": "Polygon", "coordinates": [ [ [ 133.5125, 33.620833333000064 ], [ 133.5125, 33.625 ], [ 133.51875, 33.625 ], [ 133.51875, 33.620833333000064 ], [ 133.5125, 33.620833333000064 ] ] ] } },
{ "type": "Feature", "properties": { "fid": 1422, "OBJECTID": 10053, "KEY_CODE": "503334414", "Pref_CODE": 39, "Pref_Name": "高知県", "Shape_Length": 0.020833334000030845, "Shape_Area": 2.6041668750049021e-05 }, "geometry": { "type": "Polygon", "coordinates": [ [ [ 133.51875, 33.620833333000064 ], [ 133.51875, 33.625 ], [ 133.525, 33.625 ], [ 133.525, 33.620833333000064 ], [ 133.51875, 33.620833333000064 ] ] ] } },
{ "type": "Feature", "properties": { "fid": 1423, "OBJECTID": 10054, "KEY_CODE": "503334421", "Pref_CODE": 39, "Pref_Name": "高知県", "Shape_Length": 0.020833332000051996, "Shape_Area": 2.6041662500115118e-05 }, "geometry": { "type": "Polygon", "coordinates": [ [ [ 133.525, 33.616666667000061 ], [ 133.525, 33.620833333000064 ], [ 133.531250000000114, 33.620833333000064 ], [ 133.531250000000114, 33.616666667000061 ], [ 133.525, 33.616666667000061 ] ] ] } },
{ "type": "Feature", "properties": { "fid": 1424, "OBJECTID": 10055, "KEY_CODE": "503334422", "Pref_CODE": 39, "Pref_Name": "高知県", "Shape_Length": 0.020833331999824622, "Shape_Area": 2.6041662499641423e-05 }, "geometry": { "type": "Polygon", "coordinates": [ [ [ 133.531250000000114, 33.616666667000061 ], [ 133.531250000000114, 33.620833333000064 ], [ 133.5375, 33.620833333000064 ], [ 133.5375, 33.616666667000061 ], [ 133.531250000000114, 33.616666667000061 ] ] ] } },
{ "type": "Feature", "properties": { "fid": 1425, "OBJECTID": 10056, "KEY_CODE": "503334423", "Pref_CODE": 39, "Pref_Name": "高知県", "Shape_Length": 0.020833334000030845, "Shape_Area": 2.6041668750049021e-05 }, "geometry": { "type": "Polygon", "coordinates": [ [ [ 133.525, 33.620833333000064 ], [ 133.525, 33.625 ], [ 133.531250000000114, 33.625 ], [ 133.531250000000114, 33.620833333000064 ], [ 133.525, 33.620833333000064 ] ] ] } },
{ "type": "Feature", "properties": { "fid": 1426, "OBJECTID": 10057, "KEY_CODE": "503334424", "Pref_CODE": 39, "Pref_Name": "高知県", "Shape_Length": 0.020833333999803472, "Shape_Area": 2.6041668749575326e-05 }, "geometry": { "type": "Polygon", "coordinates": [ [ [ 133.531250000000114, 33.620833333000064 ], [ 133.531250000000114, 33.625 ], [ 133.5375, 33.625 ], [ 133.5375, 33.620833333000064 ], [ 133.531250000000114, 33.620833333000064 ] ] ] } },
{ "type": "Feature", "properties": { "fid": 1427, "OBJECTID": 10058, "KEY_CODE": "503334431", "Pref_CODE": 39, "Pref_Name": "高知県", "Shape_Length": 0.020833332000051996, "Shape_Area": 2.6041662500115118e-05 }, "geometry": { "type": "Polygon", "coordinates": [ [ [ 133.5375, 33.616666667000061 ], [ 133.5375, 33.620833333000064 ], [ 133.54375, 33.620833333000064 ], [ 133.54375, 33.616666667000061 ], [ 133.5375, 33.616666667000061 ] ] ] } },
{ "type": "Feature", "properties": { "fid": 1428, "OBJECTID": 10059, "KEY_CODE": "503334432", "Pref_CODE": 39, "Pref_Name": "高知県", "Shape_Length": 0.020833332000051996, "Shape_Area": 2.6041662500115118e-05 }, "geometry": { "type": "Polygon", "coordinates": [ [ [ 133.54375, 33.616666667000061 ], [ 133.54375, 33.620833333000064 ], [ 133.55, 33.620833333000064 ], [ 133.55, 33.616666667000061 ], [ 133.54375, 33.616666667000061 ] ] ] } },
{ "type": "Feature", "properties": { "fid": 1429, "OBJECTID": 10060, "KEY_CODE": "503334433", "Pref_CODE": 39, "Pref_Name": "高知県", "Shape_Length": 0.020833334000030845, "Shape_Area": 2.6041668750049021e-05 }, "geometry": { "type": "Polygon", "coordinates": [ [ [ 133.5375, 33.620833333000064 ], [ 133.5375, 33.625 ], [ 133.54375, 33.625 ], [ 133.54375, 33.620833333000064 ], [ 133.5375, 33.620833333000064 ] ] ] } },
{ "type": "Feature", "properties": { "fid": 1430, "OBJECTID": 10061, "KEY_CODE": "503334434", "Pref_CODE": 39, "Pref_Name": "高知県", "Shape_Length": 0.020833334000030845, "Shape_Area": 2.6041668750049021e-05 }, "geometry": { "type": "Polygon", "coordinates": [ [ [ 133.54375, 33.620833333000064 ], [ 133.54375, 33.625 ], [ 133.55, 33.625 ], [ 133.55, 33.620833333000064 ], [ 133.54375, 33.620833333000064 ] ] ] } },
{ "type": "Feature", "properties": { "fid": 1431, "OBJECTID": 10062, "KEY_CODE": "503334441", "Pref_CODE": 39, "Pref_Name": "高知県", "Shape_Length": 0.020833332000051996, "Shape_Area": 2.6041662500115118e-05 }, "geometry": { "type": "Polygon", "coordinates": [ [ [ 133.55, 33.616666667000061 ], [ 133.55, 33.620833333000064 ], [ 133.55625, 33.620833333000064 ], [ 133.55625, 33.616666667000061 ], [ 133.55, 33.616666667000061 ] ] ] } },
{ "type": "Feature", "properties": { "fid": 1432, "OBJECTID": 10063, "KEY_CODE": "503334442", "Pref_CODE": 39, "Pref_Name": "高知県", "Shape_Length": 0.020833332000051996, "Shape_Area": 2.6041662500115118e-05 }, "geometry": { "type": "Polygon", "coordinates": [ [ [ 133.55625, 33.616666667000061 ], [ 133.55625, 33.620833333000064 ], [ 133.562500000000114, 33.620833333000064 ], [ 133.562500000000114, 33.616666667000061 ], [ 133.55625, 33.616666667000061 ] ] ] } },
{ "type": "Feature", "properties": { "fid": 1433, "OBJECTID": 10064, "KEY_CODE": "503334443", "Pref_CODE": 39, "Pref_Name": "高知県", "Shape_Length": 0.020833334000030845, "Shape_Area": 2.6041668750049021e-05 }, "geometry": { "type": "Polygon", "coordinates": [ [ [ 133.55, 33.620833333000064 ], [ 133.55, 33.625 ], [ 133.55625, 33.625 ], [ 133.55625, 33.620833333000064 ], [ 133.55, 33.620833333000064 ] ] ] } },
{ "type": "Feature", "properties": { "fid": 1434, "OBJECTID": 10065, "KEY_CODE": "503334444", "Pref_CODE": 39, "Pref_Name": "高知県", "Shape_Length": 0.020833334000030845, "Shape_Area": 2.6041668750049021e-05 }, "geometry": { "type": "Polygon", "coordinates": [ [ [ 133.55625, 33.620833333000064 ], [ 133.55625, 33.625 ], [ 133.562500000000114, 33.625 ], [ 133.562500000000114, 33.620833333000064 ], [ 133.55625, 33.620833333000064 ] ] ] } },
{ "type": "Feature", "properties": { "fid": 1435, "OBJECTID": 10066, "KEY_CODE": "503334451", "Pref_CODE": 39, "Pref_Name": "高知県", "Shape_Length": 0.020833331999824622, "Shape_Area": 2.6041662499641423e-05 }, "geometry": { "type": "Polygon", "coordinates": [ [ [ 133.562500000000114, 33.616666667000061 ], [ 133.562500000000114, 33.620833333000064 ], [ 133.56875, 33.620833333000064 ], [ 133.56875, 33.616666667000061 ], [ 133.562500000000114, 33.616666667000061 ] ] ] } },
{ "type": "Feature", "properties": { "fid": 1436, "OBJECTID": 10067, "KEY_CODE": "503334452", "Pref_CODE": 39, "Pref_Name": "高知県", "Shape_Length": 0.020833332000051996, "Shape_Area": 2.6041662500115118e-05 }, "geometry": { "type": "Polygon", "coordinates": [ [ [ 133.56875, 33.616666667000061 ], [ 133.56875, 33.620833333000064 ], [ 133.575, 33.620833333000064 ], [ 133.575, 33.616666667000061 ], [ 133.56875, 33.616666667000061 ] ] ] } },
{ "type": "Feature", "properties": { "fid": 1437, "OBJECTID": 10068, "KEY_CODE": "503334453", "Pref_CODE": 39, "Pref_Name": "高知県", "Shape_Length": 0.020833333999803472, "Shape_Area": 2.6041668749575326e-05 }, "geometry": { "type": "Polygon", "coordinates": [ [ [ 133.562500000000114, 33.620833333000064 ], [ 133.562500000000114, 33.625 ], [ 133.56875, 33.625 ], [ 133.56875, 33.620833333000064 ], [ 133.562500000000114, 33.620833333000064 ] ] ] } },
{ "type": "Feature", "properties": { "fid": 1438, "OBJECTID": 10069, "KEY_CODE": "503334454", "Pref_CODE": 39, "Pref_Name": "高知県", "Shape_Length": 0.020833334000030845, "Shape_Area": 2.6041668750049021e-05 }, "geometry": { "type": "Polygon", "coordinates": [ [ [ 133.56875, 33.620833333000064 ], [ 133.56875, 33.625 ], [ 133.575, 33.625 ], [ 133.575, 33.620833333000064 ], [ 133.56875, 33.620833333000064 ] ] ] } },
{ "type": "Feature", "properties": { "fid": 1439, "OBJECTID": 10070, "KEY_CODE": "503334461", "Pref_CODE": 39, "Pref_Name": "高知県", "Shape_Length": 0.020833332000051996, "Shape_Area": 2.6041662500115118e-05 }, "geometry": { "type": "Polygon", "coordinates": [ [ [ 133.575, 33.616666667000061 ], [ 133.575, 33.620833333000064 ], [ 133.58125, 33.620833333000064 ], [ 133.58125, 33.616666667000061 ], [ 133.575, 33.616666667000061 ] ] ] } },
{ "type": "Feature", "properties": { "fid": 1440, "OBJECTID": 10071, "KEY_CODE": "503334462", "Pref_CODE": 39, "Pref_Name": "高知県", "Shape_Length": 0.020833332000051996, "Shape_Area": 2.6041662500115118e-05 }, "geometry": { "type": "Polygon", "coordinates": [ [ [ 133.58125, 33.616666667000061 ], [ 133.58125, 33.620833333000064 ], [ 133.5875, 33.620833333000064 ], [ 133.5875, 33.616666667000061 ], [ 133.58125, 33.616666667000061 ] ] ] } },
{ "type": "Feature", "properties": { "fid": 1441, "OBJECTID": 10072, "KEY_CODE": "503334463", "Pref_CODE": 39, "Pref_Name": "高知県", "Shape_Length": 0.020833334000030845, "Shape_Area": 2.6041668750049021e-05 }, "geometry": { "type": "Polygon", "coordinates": [ [ [ 133.575, 33.620833333000064 ], [ 133.575, 33.625 ], [ 133.58125, 33.625 ], [ 133.58125, 33.620833333000064 ], [ 133.575, 33.620833333000064 ] ] ] } },
{ "type": "Feature", "properties": { "fid": 1442, "OBJECTID": 10073, "KEY_CODE": "503334464", "Pref_CODE": 39, "Pref_Name": "高知県", "Shape_Length": 0.020833334000030845, "Shape_Area": 2.6041668750049021e-05 }, "geometry": { "type": "Polygon", "coordinates": [ [ [ 133.58125, 33.620833333000064 ], [ 133.58125, 33.625 ], [ 133.5875, 33.625 ], [ 133.5875, 33.620833333000064 ], [ 133.58125, 33.620833333000064 ] ] ] } },
{ "type": "Feature", "properties": { "fid": 1443, "OBJECTID": 10074, "KEY_CODE": "503334471", "Pref_CODE": 39, "Pref_Name": "高知県", "Shape_Length": 0.020833332000051996, "Shape_Area": 2.6041662500115118e-05 }, "geometry": { "type": "Polygon", "coordinates": [ [ [ 133.5875, 33.616666667000061 ], [ 133.5875, 33.620833333000064 ], [ 133.593750000000114, 33.620833333000064 ], [ 133.593750000000114, 33.616666667000061 ], [ 133.5875, 33.616666667000061 ] ] ] } },
{ "type": "Feature", "properties": { "fid": 1444, "OBJECTID": 10075, "KEY_CODE": "503334472", "Pref_CODE": 39, "Pref_Name": "高知県", "Shape_Length": 0.020833331999824622, "Shape_Area": 2.6041662499641423e-05 }, "geometry": { "type": "Polygon", "coordinates": [ [ [ 133.593750000000114, 33.616666667000061 ], [ 133.593750000000114, 33.620833333000064 ], [ 133.6, 33.620833333000064 ], [ 133.6, 33.616666667000061 ], [ 133.593750000000114, 33.616666667000061 ] ] ] } },
{ "type": "Feature", "properties": { "fid": 1445, "OBJECTID": 10076, "KEY_CODE": "503334473", "Pref_CODE": 39, "Pref_Name": "高知県", "Shape_Length": 0.020833334000030845, "Shape_Area": 2.6041668750049021e-05 }, "geometry": { "type": "Polygon", "coordinates": [ [ [ 133.5875, 33.620833333000064 ], [ 133.5875, 33.625 ], [ 133.593750000000114, 33.625 ], [ 133.593750000000114, 33.620833333000064 ], [ 133.5875, 33.620833333000064 ] ] ] } },
{ "type": "Feature", "properties": { "fid": 1446, "OBJECTID": 10077, "KEY_CODE": "503334474", "Pref_CODE": 39, "Pref_Name": "高知県", "Shape_Length": 0.020833333999803472, "Shape_Area": 2.6041668749575326e-05 }, "geometry": { "type": "Polygon", "coordinates": [ [ [ 133.593750000000114, 33.620833333000064 ], [ 133.593750000000114, 33.625 ], [ 133.6, 33.625 ], [ 133.6, 33.620833333000064 ], [ 133.593750000000114, 33.620833333000064 ] ] ] } },
{ "type": "Feature", "properties": { "fid": 1447, "OBJECTID": 10078, "KEY_CODE": "503334481", "Pref_CODE": 39, "Pref_Name": "高知県", "Shape_Length": 0.020833332000051996, "Shape_Area": 2.6041662500115118e-05 }, "geometry": { "type": "Polygon", "coordinates": [ [ [ 133.6, 33.616666667000061 ], [ 133.6, 33.620833333000064 ], [ 133.60625, 33.620833333000064 ], [ 133.60625, 33.616666667000061 ], [ 133.6, 33.616666667000061 ] ] ] } },
{ "type": "Feature", "properties": { "fid": 1448, "OBJECTID": 10079, "KEY_CODE": "503334482", "Pref_CODE": 39, "Pref_Name": "高知県", "Shape_Length": 0.020833332000051996, "Shape_Area": 2.6041662500115118e-05 }, "geometry": { "type": "Polygon", "coordinates": [ [ [ 133.60625, 33.616666667000061 ], [ 133.60625, 33.620833333000064 ], [ 133.6125, 33.620833333000064 ], [ 133.6125, 33.616666667000061 ], [ 133.60625, 33.616666667000061 ] ] ] } },
{ "type": "Feature", "properties": { "fid": 1449, "OBJECTID": 10080, "KEY_CODE": "503334483", "Pref_CODE": 39, "Pref_Name": "高知県", "Shape_Length": 0.020833334000030845, "Shape_Area": 2.6041668750049021e-05 }, "geometry": { "type": "Polygon", "coordinates": [ [ [ 133.6, 33.620833333000064 ], [ 133.6, 33.625 ], [ 133.60625, 33.625 ], [ 133.60625, 33.620833333000064 ], [ 133.6, 33.620833333000064 ] ] ] } },
{ "type": "Feature", "properties": { "fid": 1450, "OBJECTID": 10081, "KEY_CODE": "503334484", "Pref_CODE": 39, "Pref_Name": "高知県", "Shape_Length": 0.020833334000030845, "Shape_Area": 2.6041668750049021e-05 }, "geometry": { "type": "Polygon", "coordinates": [ [ [ 133.60625, 33.620833333000064 ], [ 133.60625, 33.625 ], [ 133.6125, 33.625 ], [ 133.6125, 33.620833333000064 ], [ 133.60625, 33.620833333000064 ] ] ] } },
{ "type": "Feature", "properties": { "fid": 1451, "OBJECTID": 10082, "KEY_CODE": "503334491", "Pref_CODE": 39, "Pref_Name": "高知県", "Shape_Length": 0.020833332000051996, "Shape_Area": 2.6041662500115118e-05 }, "geometry": { "type": "Polygon", "coordinates": [ [ [ 133.6125, 33.616666667000061 ], [ 133.6125, 33.620833333000064 ], [ 133.61875, 33.620833333000064 ], [ 133.61875, 33.616666667000061 ], [ 133.6125, 33.616666667000061 ] ] ] } },
{ "type": "Feature", "properties": { "fid": 1452, "OBJECTID": 10083, "KEY_CODE": "503334492", "Pref_CODE": 39, "Pref_Name": "高知県", "Shape_Length": 0.020833332000051996, "Shape_Area": 2.6041662500115118e-05 }, "geometry": { "type": "Polygon", "coordinates": [ [ [ 133.61875, 33.616666667000061 ], [ 133.61875, 33.620833333000064 ], [ 133.625000000000114, 33.620833333000064 ], [ 133.625000000000114, 33.616666667000061 ], [ 133.61875, 33.616666667000061 ] ] ] } },
{ "type": "Feature", "properties": { "fid": 1453, "OBJECTID": 10084, "KEY_CODE": "503334493", "Pref_CODE": 39, "Pref_Name": "高知県", "Shape_Length": 0.020833334000030845, "Shape_Area": 2.6041668750049021e-05 }, "geometry": { "type": "Polygon", "coordinates": [ [ [ 133.6125, 33.620833333000064 ], [ 133.6125, 33.625 ], [ 133.61875, 33.625 ], [ 133.61875, 33.620833333000064 ], [ 133.6125, 33.620833333000064 ] ] ] } },
{ "type": "Feature", "properties": { "fid": 1454, "OBJECTID": 10085, "KEY_CODE": "503334494", "Pref_CODE": 39, "Pref_Name": "高知県", "Shape_Length": 0.020833334000030845, "Shape_Area": 2.6041668750049021e-05 }, "geometry": { "type": "Polygon", "coordinates": [ [ [ 133.61875, 33.620833333000064 ], [ 133.61875, 33.625 ], [ 133.625000000000114, 33.625 ], [ 133.625000000000114, 33.620833333000064 ], [ 133.61875, 33.620833333000064 ] ] ] } },
{ "type": "Feature", "properties": { "fid": 1455, "OBJECTID": 10086, "KEY_CODE": "503334501", "Pref_CODE": 39, "Pref_Name": "高知県", "Shape_Length": 0.020833333999803472, "Shape_Area": 2.6041668749575326e-05 }, "geometry": { "type": "Polygon", "coordinates": [ [ [ 133.500000000000114, 33.625 ], [ 133.500000000000114, 33.62916666700005 ], [ 133.50625, 33.62916666700005 ], [ 133.50625, 33.625 ], [ 133.500000000000114, 33.625 ] ] ] } },
{ "type": "Feature", "properties": { "fid": 1456, "OBJECTID": 10087, "KEY_CODE": "503334502", "Pref_CODE": 39, "Pref_Name": "高知県", "Shape_Length": 0.020833334000030845, "Shape_Area": 2.6041668750049021e-05 }, "geometry": { "type": "Polygon", "coordinates": [ [ [ 133.50625, 33.625 ], [ 133.50625, 33.62916666700005 ], [ 133.5125, 33.62916666700005 ], [ 133.5125, 33.625 ], [ 133.50625, 33.625 ] ] ] } },
{ "type": "Feature", "properties": { "fid": 1457, "OBJECTID": 10088, "KEY_CODE": "503334503", "Pref_CODE": 39, "Pref_Name": "高知県", "Shape_Length": 0.020833331999824622, "Shape_Area": 2.6041662499641423e-05 }, "geometry": { "type": "Polygon", "coordinates": [ [ [ 133.500000000000114, 33.62916666700005 ], [ 133.500000000000114, 33.633333333000053 ], [ 133.50625, 33.633333333000053 ], [ 133.50625, 33.62916666700005 ], [ 133.500000000000114, 33.62916666700005 ] ] ] } },
{ "type": "Feature", "properties": { "fid": 1458, "OBJECTID": 10089, "KEY_CODE": "503334504", "Pref_CODE": 39, "Pref_Name": "高知県", "Shape_Length": 0.020833332000051996, "Shape_Area": 2.6041662500115118e-05 }, "geometry": { "type": "Polygon", "coordinates": [ [ [ 133.50625, 33.62916666700005 ], [ 133.50625, 33.633333333000053 ], [ 133.5125, 33.633333333000053 ], [ 133.5125, 33.62916666700005 ], [ 133.50625, 33.62916666700005 ] ] ] } },
{ "type": "Feature", "properties": { "fid": 1459, "OBJECTID": 10090, "KEY_CODE": "503334511", "Pref_CODE": 39, "Pref_Name": "高知県", "Shape_Length": 0.020833334000030845, "Shape_Area": 2.6041668750049021e-05 }, "geometry": { "type": "Polygon", "coordinates": [ [ [ 133.5125, 33.625 ], [ 133.5125, 33.62916666700005 ], [ 133.51875, 33.62916666700005 ], [ 133.51875, 33.625 ], [ 133.5125, 33.625 ] ] ] } },
{ "type": "Feature", "properties": { "fid": 1460, "OBJECTID": 10091, "KEY_CODE": "503334512", "Pref_CODE": 39, "Pref_Name": "高知県", "Shape_Length": 0.020833334000030845, "Shape_Area": 2.6041668750049021e-05 }, "geometry": { "type": "Polygon", "coordinates": [ [ [ 133.51875, 33.625 ], [ 133.51875, 33.62916666700005 ], [ 133.525, 33.62916666700005 ], [ 133.525, 33.625 ], [ 133.51875, 33.625 ] ] ] } },
{ "type": "Feature", "properties": { "fid": 1461, "OBJECTID": 10092, "KEY_CODE": "503334513", "Pref_CODE": 39, "Pref_Name": "高知県", "Shape_Length": 0.020833332000051996, "Shape_Area": 2.6041662500115118e-05 }, "geometry": { "type": "Polygon", "coordinates": [ [ [ 133.5125, 33.62916666700005 ], [ 133.5125, 33.633333333000053 ], [ 133.51875, 33.633333333000053 ], [ 133.51875, 33.62916666700005 ], [ 133.5125, 33.62916666700005 ] ] ] } },
{ "type": "Feature", "properties": { "fid": 1462, "OBJECTID": 10093, "KEY_CODE": "503334514", "Pref_CODE": 39, "Pref_Name": "高知県", "Shape_Length": 0.020833332000051996, "Shape_Area": 2.6041662500115118e-05 }, "geometry": { "type": "Polygon", "coordinates": [ [ [ 133.51875, 33.62916666700005 ], [ 133.51875, 33.633333333000053 ], [ 133.525, 33.633333333000053 ], [ 133.525, 33.62916666700005 ], [ 133.51875, 33.62916666700005 ] ] ] } },
{ "type": "Feature", "properties": { "fid": 1463, "OBJECTID": 10094, "KEY_CODE": "503334521", "Pref_CODE": 39, "Pref_Name": "高知県", "Shape_Length": 0.020833334000030845, "Shape_Area": 2.6041668750049021e-05 }, "geometry": { "type": "Polygon", "coordinates": [ [ [ 133.525, 33.625 ], [ 133.525, 33.62916666700005 ], [ 133.531250000000114, 33.62916666700005 ], [ 133.531250000000114, 33.625 ], [ 133.525, 33.625 ] ] ] } },
{ "type": "Feature", "properties": { "fid": 1464, "OBJECTID": 10095, "KEY_CODE": "503334522", "Pref_CODE": 39, "Pref_Name": "高知県", "Shape_Length": 0.020833333999803472, "Shape_Area": 2.6041668749575326e-05 }, "geometry": { "type": "Polygon", "coordinates": [ [ [ 133.531250000000114, 33.625 ], [ 133.531250000000114, 33.62916666700005 ], [ 133.5375, 33.62916666700005 ], [ 133.5375, 33.625 ], [ 133.531250000000114, 33.625 ] ] ] } },
{ "type": "Feature", "properties": { "fid": 1465, "OBJECTID": 10096, "KEY_CODE": "503334523", "Pref_CODE": 39, "Pref_Name": "高知県", "Shape_Length": 0.020833332000051996, "Shape_Area": 2.6041662500115118e-05 }, "geometry": { "type": "Polygon", "coordinates": [ [ [ 133.525, 33.62916666700005 ], [ 133.525, 33.633333333000053 ], [ 133.531250000000114, 33.633333333000053 ], [ 133.531250000000114, 33.62916666700005 ], [ 133.525, 33.62916666700005 ] ] ] } },
{ "type": "Feature", "properties": { "fid": 1466, "OBJECTID": 10097, "KEY_CODE": "503334524", "Pref_CODE": 39, "Pref_Name": "高知県", "Shape_Length": 0.020833331999824622, "Shape_Area": 2.6041662499641423e-05 }, "geometry": { "type": "Polygon", "coordinates": [ [ [ 133.531250000000114, 33.62916666700005 ], [ 133.531250000000114, 33.633333333000053 ], [ 133.5375, 33.633333333000053 ], [ 133.5375, 33.62916666700005 ], [ 133.531250000000114, 33.62916666700005 ] ] ] } },
{ "type": "Feature", "properties": { "fid": 1467, "OBJECTID": 10098, "KEY_CODE": "503334531", "Pref_CODE": 39, "Pref_Name": "高知県", "Shape_Length": 0.020833334000030845, "Shape_Area": 2.6041668750049021e-05 }, "geometry": { "type": "Polygon", "coordinates": [ [ [ 133.5375, 33.625 ], [ 133.5375, 33.62916666700005 ], [ 133.54375, 33.62916666700005 ], [ 133.54375, 33.625 ], [ 133.5375, 33.625 ] ] ] } },
{ "type": "Feature", "properties": { "fid": 1468, "OBJECTID": 10099, "KEY_CODE": "503334532", "Pref_CODE": 39, "Pref_Name": "高知県", "Shape_Length": 0.020833334000030845, "Shape_Area": 2.6041668750049021e-05 }, "geometry": { "type": "Polygon", "coordinates": [ [ [ 133.54375, 33.625 ], [ 133.54375, 33.62916666700005 ], [ 133.55, 33.62916666700005 ], [ 133.55, 33.625 ], [ 133.54375, 33.625 ] ] ] } },
{ "type": "Feature", "properties": { "fid": 1469, "OBJECTID": 10100, "KEY_CODE": "503334533", "Pref_CODE": 39, "Pref_Name": "高知県", "Shape_Length": 0.020833332000051996, "Shape_Area": 2.6041662500115118e-05 }, "geometry": { "type": "Polygon", "coordinates": [ [ [ 133.5375, 33.62916666700005 ], [ 133.5375, 33.633333333000053 ], [ 133.54375, 33.633333333000053 ], [ 133.54375, 33.62916666700005 ], [ 133.5375, 33.62916666700005 ] ] ] } },
{ "type": "Feature", "properties": { "fid": 1470, "OBJECTID": 10101, "KEY_CODE": "503334534", "Pref_CODE": 39, "Pref_Name": "高知県", "Shape_Length": 0.020833332000051996, "Shape_Area": 2.6041662500115118e-05 }, "geometry": { "type": "Polygon", "coordinates": [ [ [ 133.54375, 33.62916666700005 ], [ 133.54375, 33.633333333000053 ], [ 133.55, 33.633333333000053 ], [ 133.55, 33.62916666700005 ], [ 133.54375, 33.62916666700005 ] ] ] } },
{ "type": "Feature", "properties": { "fid": 1471, "OBJECTID": 10102, "KEY_CODE": "503334541", "Pref_CODE": 39, "Pref_Name": "高知県", "Shape_Length": 0.020833334000030845, "Shape_Area": 2.6041668750049021e-05 }, "geometry": { "type": "Polygon", "coordinates": [ [ [ 133.55, 33.625 ], [ 133.55, 33.62916666700005 ], [ 133.55625, 33.62916666700005 ], [ 133.55625, 33.625 ], [ 133.55, 33.625 ] ] ] } },
{ "type": "Feature", "properties": { "fid": 1472, "OBJECTID": 10103, "KEY_CODE": "503334542", "Pref_CODE": 39, "Pref_Name": "高知県", "Shape_Length": 0.020833334000030845, "Shape_Area": 2.6041668750049021e-05 }, "geometry": { "type": "Polygon", "coordinates": [ [ [ 133.55625, 33.625 ], [ 133.55625, 33.62916666700005 ], [ 133.562500000000114, 33.62916666700005 ], [ 133.562500000000114, 33.625 ], [ 133.55625, 33.625 ] ] ] } },
{ "type": "Feature", "properties": { "fid": 1473, "OBJECTID": 10104, "KEY_CODE": "503334543", "Pref_CODE": 39, "Pref_Name": "高知県", "Shape_Length": 0.020833332000051996, "Shape_Area": 2.6041662500115118e-05 }, "geometry": { "type": "Polygon", "coordinates": [ [ [ 133.55, 33.62916666700005 ], [ 133.55, 33.633333333000053 ], [ 133.55625, 33.633333333000053 ], [ 133.55625, 33.62916666700005 ], [ 133.55, 33.62916666700005 ] ] ] } },
{ "type": "Feature", "properties": { "fid": 1474, "OBJECTID": 10105, "KEY_CODE": "503334544", "Pref_CODE": 39, "Pref_Name": "高知県", "Shape_Length": 0.020833332000051996, "Shape_Area": 2.6041662500115118e-05 }, "geometry": { "type": "Polygon", "coordinates": [ [ [ 133.55625, 33.62916666700005 ], [ 133.55625, 33.633333333000053 ], [ 133.562500000000114, 33.633333333000053 ], [ 133.562500000000114, 33.62916666700005 ], [ 133.55625, 33.62916666700005 ] ] ] } },
{ "type": "Feature", "properties": { "fid": 1475, "OBJECTID": 10106, "KEY_CODE": "503334551", "Pref_CODE": 39, "Pref_Name": "高知県", "Shape_Length": 0.020833333999803472, "Shape_Area": 2.6041668749575326e-05 }, "geometry": { "type": "Polygon", "coordinates": [ [ [ 133.562500000000114, 33.625 ], [ 133.562500000000114, 33.62916666700005 ], [ 133.56875, 33.62916666700005 ], [ 133.56875, 33.625 ], [ 133.562500000000114, 33.625 ] ] ] } },
{ "type": "Feature", "properties": { "fid": 1476, "OBJECTID": 10107, "KEY_CODE": "503334552", "Pref_CODE": 39, "Pref_Name": "高知県", "Shape_Length": 0.020833334000030845, "Shape_Area": 2.6041668750049021e-05 }, "geometry": { "type": "Polygon", "coordinates": [ [ [ 133.56875, 33.625 ], [ 133.56875, 33.62916666700005 ], [ 133.575, 33.62916666700005 ], [ 133.575, 33.625 ], [ 133.56875, 33.625 ] ] ] } },
{ "type": "Feature", "properties": { "fid": 1477, "OBJECTID": 10108, "KEY_CODE": "503334553", "Pref_CODE": 39, "Pref_Name": "高知県", "Shape_Length": 0.020833331999824622, "Shape_Area": 2.6041662499641423e-05 }, "geometry": { "type": "Polygon", "coordinates": [ [ [ 133.562500000000114, 33.62916666700005 ], [ 133.562500000000114, 33.633333333000053 ], [ 133.56875, 33.633333333000053 ], [ 133.56875, 33.62916666700005 ], [ 133.562500000000114, 33.62916666700005 ] ] ] } },
{ "type": "Feature", "properties": { "fid": 1478, "OBJECTID": 10109, "KEY_CODE": "503334554", "Pref_CODE": 39, "Pref_Name": "高知県", "Shape_Length": 0.020833332000051996, "Shape_Area": 2.6041662500115118e-05 }, "geometry": { "type": "Polygon", "coordinates": [ [ [ 133.56875, 33.62916666700005 ], [ 133.56875, 33.633333333000053 ], [ 133.575, 33.633333333000053 ], [ 133.575, 33.62916666700005 ], [ 133.56875, 33.62916666700005 ] ] ] } },
{ "type": "Feature", "properties": { "fid": 1479, "OBJECTID": 10110, "KEY_CODE": "503334561", "Pref_CODE": 39, "Pref_Name": "高知県", "Shape_Length": 0.020833334000030845, "Shape_Area": 2.6041668750049021e-05 }, "geometry": { "type": "Polygon", "coordinates": [ [ [ 133.575, 33.625 ], [ 133.575, 33.62916666700005 ], [ 133.58125, 33.62916666700005 ], [ 133.58125, 33.625 ], [ 133.575, 33.625 ] ] ] } },
{ "type": "Feature", "properties": { "fid": 1480, "OBJECTID": 10111, "KEY_CODE": "503334562", "Pref_CODE": 39, "Pref_Name": "高知県", "Shape_Length": 0.020833334000030845, "Shape_Area": 2.6041668750049021e-05 }, "geometry": { "type": "Polygon", "coordinates": [ [ [ 133.58125, 33.625 ], [ 133.58125, 33.62916666700005 ], [ 133.5875, 33.62916666700005 ], [ 133.5875, 33.625 ], [ 133.58125, 33.625 ] ] ] } },
{ "type": "Feature", "properties": { "fid": 1481, "OBJECTID": 10112, "KEY_CODE": "503334563", "Pref_CODE": 39, "Pref_Name": "高知県", "Shape_Length": 0.020833332000051996, "Shape_Area": 2.6041662500115118e-05 }, "geometry": { "type": "Polygon", "coordinates": [ [ [ 133.575, 33.62916666700005 ], [ 133.575, 33.633333333000053 ], [ 133.58125, 33.633333333000053 ], [ 133.58125, 33.62916666700005 ], [ 133.575, 33.62916666700005 ] ] ] } },
{ "type": "Feature", "properties": { "fid": 1482, "OBJECTID": 10113, "KEY_CODE": "503334564", "Pref_CODE": 39, "Pref_Name": "高知県", "Shape_Length": 0.020833332000051996, "Shape_Area": 2.6041662500115118e-05 }, "geometry": { "type": "Polygon", "coordinates": [ [ [ 133.58125, 33.62916666700005 ], [ 133.58125, 33.633333333000053 ], [ 133.5875, 33.633333333000053 ], [ 133.5875, 33.62916666700005 ], [ 133.58125, 33.62916666700005 ] ] ] } },
{ "type": "Feature", "properties": { "fid": 1483, "OBJECTID": 10114, "KEY_CODE": "503334571", "Pref_CODE": 39, "Pref_Name": "高知県", "Shape_Length": 0.020833334000030845, "Shape_Area": 2.6041668750049021e-05 }, "geometry": { "type": "Polygon", "coordinates": [ [ [ 133.5875, 33.625 ], [ 133.5875, 33.62916666700005 ], [ 133.593750000000114, 33.62916666700005 ], [ 133.593750000000114, 33.625 ], [ 133.5875, 33.625 ] ] ] } },
{ "type": "Feature", "properties": { "fid": 1484, "OBJECTID": 10115, "KEY_CODE": "503334572", "Pref_CODE": 39, "Pref_Name": "高知県", "Shape_Length": 0.020833333999803472, "Shape_Area": 2.6041668749575326e-05 }, "geometry": { "type": "Polygon", "coordinates": [ [ [ 133.593750000000114, 33.625 ], [ 133.593750000000114, 33.62916666700005 ], [ 133.6, 33.62916666700005 ], [ 133.6, 33.625 ], [ 133.593750000000114, 33.625 ] ] ] } },
{ "type": "Feature", "properties": { "fid": 1485, "OBJECTID": 10116, "KEY_CODE": "503334573", "Pref_CODE": 39, "Pref_Name": "高知県", "Shape_Length": 0.020833332000051996, "Shape_Area": 2.6041662500115118e-05 }, "geometry": { "type": "Polygon", "coordinates": [ [ [ 133.5875, 33.62916666700005 ], [ 133.5875, 33.633333333000053 ], [ 133.593750000000114, 33.633333333000053 ], [ 133.593750000000114, 33.62916666700005 ], [ 133.5875, 33.62916666700005 ] ] ] } },
{ "type": "Feature", "properties": { "fid": 1486, "OBJECTID": 10117, "KEY_CODE": "503334574", "Pref_CODE": 39, "Pref_Name": "高知県", "Shape_Length": 0.020833331999824622, "Shape_Area": 2.6041662499641423e-05 }, "geometry": { "type": "Polygon", "coordinates": [ [ [ 133.593750000000114, 33.62916666700005 ], [ 133.593750000000114, 33.633333333000053 ], [ 133.6, 33.633333333000053 ], [ 133.6, 33.62916666700005 ], [ 133.593750000000114, 33.62916666700005 ] ] ] } },
{ "type": "Feature", "properties": { "fid": 1487, "OBJECTID": 10118, "KEY_CODE": "503334581", "Pref_CODE": 39, "Pref_Name": "高知県", "Shape_Length": 0.020833334000030845, "Shape_Area": 2.6041668750049021e-05 }, "geometry": { "type": "Polygon", "coordinates": [ [ [ 133.6, 33.625 ], [ 133.6, 33.62916666700005 ], [ 133.60625, 33.62916666700005 ], [ 133.60625, 33.625 ], [ 133.6, 33.625 ] ] ] } },
{ "type": "Feature", "properties": { "fid": 1488, "OBJECTID": 10119, "KEY_CODE": "503334582", "Pref_CODE": 39, "Pref_Name": "高知県", "Shape_Length": 0.020833334000030845, "Shape_Area": 2.6041668750049021e-05 }, "geometry": { "type": "Polygon", "coordinates": [ [ [ 133.60625, 33.625 ], [ 133.60625, 33.62916666700005 ], [ 133.6125, 33.62916666700005 ], [ 133.6125, 33.625 ], [ 133.60625, 33.625 ] ] ] } },
{ "type": "Feature", "properties": { "fid": 1489, "OBJECTID": 10120, "KEY_CODE": "503334583", "Pref_CODE": 39, "Pref_Name": "高知県", "Shape_Length": 0.020833332000051996, "Shape_Area": 2.6041662500115118e-05 }, "geometry": { "type": "Polygon", "coordinates": [ [ [ 133.6, 33.62916666700005 ], [ 133.6, 33.633333333000053 ], [ 133.60625, 33.633333333000053 ], [ 133.60625, 33.62916666700005 ], [ 133.6, 33.62916666700005 ] ] ] } },
{ "type": "Feature", "properties": { "fid": 1490, "OBJECTID": 10121, "KEY_CODE": "503334584", "Pref_CODE": 39, "Pref_Name": "高知県", "Shape_Length": 0.020833332000051996, "Shape_Area": 2.6041662500115118e-05 }, "geometry": { "type": "Polygon", "coordinates": [ [ [ 133.60625, 33.62916666700005 ], [ 133.60625, 33.633333333000053 ], [ 133.6125, 33.633333333000053 ], [ 133.6125, 33.62916666700005 ], [ 133.60625, 33.62916666700005 ] ] ] } },
{ "type": "Feature", "properties": { "fid": 1491, "OBJECTID": 10122, "KEY_CODE": "503334591", "Pref_CODE": 39, "Pref_Name": "高知県", "Shape_Length": 0.020833334000030845, "Shape_Area": 2.6041668750049021e-05 }, "geometry": { "type": "Polygon", "coordinates": [ [ [ 133.6125, 33.625 ], [ 133.6125, 33.62916666700005 ], [ 133.61875, 33.62916666700005 ], [ 133.61875, 33.625 ], [ 133.6125, 33.625 ] ] ] } },
{ "type": "Feature", "properties": { "fid": 1492, "OBJECTID": 10123, "KEY_CODE": "503334592", "Pref_CODE": 39, "Pref_Name": "高知県", "Shape_Length": 0.020833334000030845, "Shape_Area": 2.6041668750049021e-05 }, "geometry": { "type": "Polygon", "coordinates": [ [ [ 133.61875, 33.625 ], [ 133.61875, 33.62916666700005 ], [ 133.625000000000114, 33.62916666700005 ], [ 133.625000000000114, 33.625 ], [ 133.61875, 33.625 ] ] ] } },
{ "type": "Feature", "properties": { "fid": 1493, "OBJECTID": 10124, "KEY_CODE": "503334593", "Pref_CODE": 39, "Pref_Name": "高知県", "Shape_Length": 0.020833332000051996, "Shape_Area": 2.6041662500115118e-05 }, "geometry": { "type": "Polygon", "coordinates": [ [ [ 133.6125, 33.62916666700005 ], [ 133.6125, 33.633333333000053 ], [ 133.61875, 33.633333333000053 ], [ 133.61875, 33.62916666700005 ], [ 133.6125, 33.62916666700005 ] ] ] } },
{ "type": "Feature", "properties": { "fid": 1494, "OBJECTID": 10125, "KEY_CODE": "503334594", "Pref_CODE": 39, "Pref_Name": "高知県", "Shape_Length": 0.020833332000051996, "Shape_Area": 2.6041662500115118e-05 }, "geometry": { "type": "Polygon", "coordinates": [ [ [ 133.61875, 33.62916666700005 ], [ 133.61875, 33.633333333000053 ], [ 133.625000000000114, 33.633333333000053 ], [ 133.625000000000114, 33.62916666700005 ], [ 133.61875, 33.62916666700005 ] ] ] } },
{ "type": "Feature", "properties": { "fid": 1495, "OBJECTID": 10126, "KEY_CODE": "503334601", "Pref_CODE": 39, "Pref_Name": "高知県", "Shape_Length": 0.020833333999803472, "Shape_Area": 2.6041668749575326e-05 }, "geometry": { "type": "Polygon", "coordinates": [ [ [ 133.500000000000114, 33.633333333000053 ], [ 133.500000000000114, 33.6375 ], [ 133.50625, 33.6375 ], [ 133.50625, 33.633333333000053 ], [ 133.500000000000114, 33.633333333000053 ] ] ] } },
{ "type": "Feature", "properties": { "fid": 1496, "OBJECTID": 10127, "KEY_CODE": "503334602", "Pref_CODE": 39, "Pref_Name": "高知県", "Shape_Length": 0.020833334000030845, "Shape_Area": 2.6041668750049021e-05 }, "geometry": { "type": "Polygon", "coordinates": [ [ [ 133.50625, 33.633333333000053 ], [ 133.50625, 33.6375 ], [ 133.5125, 33.6375 ], [ 133.5125, 33.633333333000053 ], [ 133.50625, 33.633333333000053 ] ] ] } },
{ "type": "Feature", "properties": { "fid": 1497, "OBJECTID": 10128, "KEY_CODE": "503334603", "Pref_CODE": 39, "Pref_Name": "高知県", "Shape_Length": 0.020833333999803472, "Shape_Area": 2.6041668749575326e-05 }, "geometry": { "type": "Polygon", "coordinates": [ [ [ 133.500000000000114, 33.6375 ], [ 133.500000000000114, 33.641666667000038 ], [ 133.50625, 33.641666667000038 ], [ 133.50625, 33.6375 ], [ 133.500000000000114, 33.6375 ] ] ] } },
{ "type": "Feature", "properties": { "fid": 1498, "OBJECTID": 10129, "KEY_CODE": "503334604", "Pref_CODE": 39, "Pref_Name": "高知県", "Shape_Length": 0.020833334000030845, "Shape_Area": 2.6041668750049021e-05 }, "geometry": { "type": "Polygon", "coordinates": [ [ [ 133.50625, 33.6375 ], [ 133.50625, 33.641666667000038 ], [ 133.5125, 33.641666667000038 ], [ 133.5125, 33.6375 ], [ 133.50625, 33.6375 ] ] ] } },
{ "type": "Feature", "properties": { "fid": 1499, "OBJECTID": 10130, "KEY_CODE": "503334611", "Pref_CODE": 39, "Pref_Name": "高知県", "Shape_Length": 0.020833334000030845, "Shape_Area": 2.6041668750049021e-05 }, "geometry": { "type": "Polygon", "coordinates": [ [ [ 133.5125, 33.633333333000053 ], [ 133.5125, 33.6375 ], [ 133.51875, 33.6375 ], [ 133.51875, 33.633333333000053 ], [ 133.5125, 33.633333333000053 ] ] ] } },
{ "type": "Feature", "properties": { "fid": 1500, "OBJECTID": 10131, "KEY_CODE": "503334612", "Pref_CODE": 39, "Pref_Name": "高知県", "Shape_Length": 0.020833334000030845, "Shape_Area": 2.6041668750049021e-05 }, "geometry": { "type": "Polygon", "coordinates": [ [ [ 133.51875, 33.633333333000053 ], [ 133.51875, 33.6375 ], [ 133.525, 33.6375 ], [ 133.525, 33.633333333000053 ], [ 133.51875, 33.633333333000053 ] ] ] } },
{ "type": "Feature", "properties": { "fid": 1501, "OBJECTID": 10132, "KEY_CODE": "503334613", "Pref_CODE": 39, "Pref_Name": "高知県", "Shape_Length": 0.020833334000030845, "Shape_Area": 2.6041668750049021e-05 }, "geometry": { "type": "Polygon", "coordinates": [ [ [ 133.5125, 33.6375 ], [ 133.5125, 33.641666667000038 ], [ 133.51875, 33.641666667000038 ], [ 133.51875, 33.6375 ], [ 133.5125, 33.6375 ] ] ] } },
{ "type": "Feature", "properties": { "fid": 1502, "OBJECTID": 10133, "KEY_CODE": "503334614", "Pref_CODE": 39, "Pref_Name": "高知県", "Shape_Length": 0.020833334000030845, "Shape_Area": 2.6041668750049021e-05 }, "geometry": { "type": "Polygon", "coordinates": [ [ [ 133.51875, 33.6375 ], [ 133.51875, 33.641666667000038 ], [ 133.525, 33.641666667000038 ], [ 133.525, 33.6375 ], [ 133.51875, 33.6375 ] ] ] } },
{ "type": "Feature", "properties": { "fid": 1503, "OBJECTID": 10134, "KEY_CODE": "503334621", "Pref_CODE": 39, "Pref_Name": "高知県", "Shape_Length": 0.020833334000030845, "Shape_Area": 2.6041668750049021e-05 }, "geometry": { "type": "Polygon", "coordinates": [ [ [ 133.525, 33.633333333000053 ], [ 133.525, 33.6375 ], [ 133.531250000000114, 33.6375 ], [ 133.531250000000114, 33.633333333000053 ], [ 133.525, 33.633333333000053 ] ] ] } },
{ "type": "Feature", "properties": { "fid": 1504, "OBJECTID": 10135, "KEY_CODE": "503334622", "Pref_CODE": 39, "Pref_Name": "高知県", "Shape_Length": 0.020833333999803472, "Shape_Area": 2.6041668749575326e-05 }, "geometry": { "type": "Polygon", "coordinates": [ [ [ 133.531250000000114, 33.633333333000053 ], [ 133.531250000000114, 33.6375 ], [ 133.5375, 33.6375 ], [ 133.5375, 33.633333333000053 ], [ 133.531250000000114, 33.633333333000053 ] ] ] } },
{ "type": "Feature", "properties": { "fid": 1505, "OBJECTID": 10136, "KEY_CODE": "503334623", "Pref_CODE": 39, "Pref_Name": "高知県", "Shape_Length": 0.020833334000030845, "Shape_Area": 2.6041668750049021e-05 }, "geometry": { "type": "Polygon", "coordinates": [ [ [ 133.525, 33.6375 ], [ 133.525, 33.641666667000038 ], [ 133.531250000000114, 33.641666667000038 ], [ 133.531250000000114, 33.6375 ], [ 133.525, 33.6375 ] ] ] } },
{ "type": "Feature", "properties": { "fid": 1506, "OBJECTID": 10137, "KEY_CODE": "503334624", "Pref_CODE": 39, "Pref_Name": "高知県", "Shape_Length": 0.020833333999803472, "Shape_Area": 2.6041668749575326e-05 }, "geometry": { "type": "Polygon", "coordinates": [ [ [ 133.531250000000114, 33.6375 ], [ 133.531250000000114, 33.641666667000038 ], [ 133.5375, 33.641666667000038 ], [ 133.5375, 33.6375 ], [ 133.531250000000114, 33.6375 ] ] ] } },
{ "type": "Feature", "properties": { "fid": 1507, "OBJECTID": 10138, "KEY_CODE": "503334631", "Pref_CODE": 39, "Pref_Name": "高知県", "Shape_Length": 0.020833334000030845, "Shape_Area": 2.6041668750049021e-05 }, "geometry": { "type": "Polygon", "coordinates": [ [ [ 133.5375, 33.633333333000053 ], [ 133.5375, 33.6375 ], [ 133.54375, 33.6375 ], [ 133.54375, 33.633333333000053 ], [ 133.5375, 33.633333333000053 ] ] ] } },
{ "type": "Feature", "properties": { "fid": 1508, "OBJECTID": 10139, "KEY_CODE": "503334632", "Pref_CODE": 39, "Pref_Name": "高知県", "Shape_Length": 0.020833334000030845, "Shape_Area": 2.6041668750049021e-05 }, "geometry": { "type": "Polygon", "coordinates": [ [ [ 133.54375, 33.633333333000053 ], [ 133.54375, 33.6375 ], [ 133.55, 33.6375 ], [ 133.55, 33.633333333000053 ], [ 133.54375, 33.633333333000053 ] ] ] } },
{ "type": "Feature", "properties": { "fid": 1509, "OBJECTID": 10140, "KEY_CODE": "503334633", "Pref_CODE": 39, "Pref_Name": "高知県", "Shape_Length": 0.020833334000030845, "Shape_Area": 2.6041668750049021e-05 }, "geometry": { "type": "Polygon", "coordinates": [ [ [ 133.5375, 33.6375 ], [ 133.5375, 33.641666667000038 ], [ 133.54375, 33.641666667000038 ], [ 133.54375, 33.6375 ], [ 133.5375, 33.6375 ] ] ] } },
{ "type": "Feature", "properties": { "fid": 1510, "OBJECTID": 10141, "KEY_CODE": "503334634", "Pref_CODE": 39, "Pref_Name": "高知県", "Shape_Length": 0.020833334000030845, "Shape_Area": 2.6041668750049021e-05 }, "geometry": { "type": "Polygon", "coordinates": [ [ [ 133.54375, 33.6375 ], [ 133.54375, 33.641666667000038 ], [ 133.55, 33.641666667000038 ], [ 133.55, 33.6375 ], [ 133.54375, 33.6375 ] ] ] } },
{ "type": "Feature", "properties": { "fid": 1511, "OBJECTID": 10142, "KEY_CODE": "503334641", "Pref_CODE": 39, "Pref_Name": "高知県", "Shape_Length": 0.020833334000030845, "Shape_Area": 2.6041668750049021e-05 }, "geometry": { "type": "Polygon", "coordinates": [ [ [ 133.55, 33.633333333000053 ], [ 133.55, 33.6375 ], [ 133.55625, 33.6375 ], [ 133.55625, 33.633333333000053 ], [ 133.55, 33.633333333000053 ] ] ] } },
{ "type": "Feature", "properties": { "fid": 1512, "OBJECTID": 10143, "KEY_CODE": "503334642", "Pref_CODE": 39, "Pref_Name": "高知県", "Shape_Length": 0.020833334000030845, "Shape_Area": 2.6041668750049021e-05 }, "geometry": { "type": "Polygon", "coordinates": [ [ [ 133.55625, 33.633333333000053 ], [ 133.55625, 33.6375 ], [ 133.562500000000114, 33.6375 ], [ 133.562500000000114, 33.633333333000053 ], [ 133.55625, 33.633333333000053 ] ] ] } },
{ "type": "Feature", "properties": { "fid": 1513, "OBJECTID": 10144, "KEY_CODE": "503334643", "Pref_CODE": 39, "Pref_Name": "高知県", "Shape_Length": 0.020833334000030845, "Shape_Area": 2.6041668750049021e-05 }, "geometry": { "type": "Polygon", "coordinates": [ [ [ 133.55, 33.6375 ], [ 133.55, 33.641666667000038 ], [ 133.55625, 33.641666667000038 ], [ 133.55625, 33.6375 ], [ 133.55, 33.6375 ] ] ] } },
{ "type": "Feature", "properties": { "fid": 1514, "OBJECTID": 10145, "KEY_CODE": "503334644", "Pref_CODE": 39, "Pref_Name": "高知県", "Shape_Length": 0.020833334000030845, "Shape_Area": 2.6041668750049021e-05 }, "geometry": { "type": "Polygon", "coordinates": [ [ [ 133.55625, 33.6375 ], [ 133.55625, 33.641666667000038 ], [ 133.562500000000114, 33.641666667000038 ], [ 133.562500000000114, 33.6375 ], [ 133.55625, 33.6375 ] ] ] } },
{ "type": "Feature", "properties": { "fid": 1515, "OBJECTID": 10146, "KEY_CODE": "503334651", "Pref_CODE": 39, "Pref_Name": "高知県", "Shape_Length": 0.020833333999803472, "Shape_Area": 2.6041668749575326e-05 }, "geometry": { "type": "Polygon", "coordinates": [ [ [ 133.562500000000114, 33.633333333000053 ], [ 133.562500000000114, 33.6375 ], [ 133.56875, 33.6375 ], [ 133.56875, 33.633333333000053 ], [ 133.562500000000114, 33.633333333000053 ] ] ] } },
{ "type": "Feature", "properties": { "fid": 1516, "OBJECTID": 10147, "KEY_CODE": "503334652", "Pref_CODE": 39, "Pref_Name": "高知県", "Shape_Length": 0.020833334000030845, "Shape_Area": 2.6041668750049021e-05 }, "geometry": { "type": "Polygon", "coordinates": [ [ [ 133.56875, 33.633333333000053 ], [ 133.56875, 33.6375 ], [ 133.575, 33.6375 ], [ 133.575, 33.633333333000053 ], [ 133.56875, 33.633333333000053 ] ] ] } },
{ "type": "Feature", "properties": { "fid": 1517, "OBJECTID": 10148, "KEY_CODE": "503334653", "Pref_CODE": 39, "Pref_Name": "高知県", "Shape_Length": 0.020833333999803472, "Shape_Area": 2.6041668749575326e-05 }, "geometry": { "type": "Polygon", "coordinates": [ [ [ 133.562500000000114, 33.6375 ], [ 133.562500000000114, 33.641666667000038 ], [ 133.56875, 33.641666667000038 ], [ 133.56875, 33.6375 ], [ 133.562500000000114, 33.6375 ] ] ] } },
{ "type": "Feature", "properties": { "fid": 1518, "OBJECTID": 10149, "KEY_CODE": "503334654", "Pref_CODE": 39, "Pref_Name": "高知県", "Shape_Length": 0.020833334000030845, "Shape_Area": 2.6041668750049021e-05 }, "geometry": { "type": "Polygon", "coordinates": [ [ [ 133.56875, 33.6375 ], [ 133.56875, 33.641666667000038 ], [ 133.575, 33.641666667000038 ], [ 133.575, 33.6375 ], [ 133.56875, 33.6375 ] ] ] } },
{ "type": "Feature", "properties": { "fid": 1519, "OBJECTID": 10150, "KEY_CODE": "503334661", "Pref_CODE": 39, "Pref_Name": "高知県", "Shape_Length": 0.020833334000030845, "Shape_Area": 2.6041668750049021e-05 }, "geometry": { "type": "Polygon", "coordinates": [ [ [ 133.575, 33.633333333000053 ], [ 133.575, 33.6375 ], [ 133.58125, 33.6375 ], [ 133.58125, 33.633333333000053 ], [ 133.575, 33.633333333000053 ] ] ] } },
{ "type": "Feature", "properties": { "fid": 1520, "OBJECTID": 10151, "KEY_CODE": "503334662", "Pref_CODE": 39, "Pref_Name": "高知県", "Shape_Length": 0.020833334000030845, "Shape_Area": 2.6041668750049021e-05 }, "geometry": { "type": "Polygon", "coordinates": [ [ [ 133.58125, 33.633333333000053 ], [ 133.58125, 33.6375 ], [ 133.5875, 33.6375 ], [ 133.5875, 33.633333333000053 ], [ 133.58125, 33.633333333000053 ] ] ] } },
{ "type": "Feature", "properties": { "fid": 1521, "OBJECTID": 10152, "KEY_CODE": "503334663", "Pref_CODE": 39, "Pref_Name": "高知県", "Shape_Length": 0.020833334000030845, "Shape_Area": 2.6041668750049021e-05 }, "geometry": { "type": "Polygon", "coordinates": [ [ [ 133.575, 33.6375 ], [ 133.575, 33.641666667000038 ], [ 133.58125, 33.641666667000038 ], [ 133.58125, 33.6375 ], [ 133.575, 33.6375 ] ] ] } },
{ "type": "Feature", "properties": { "fid": 1522, "OBJECTID": 10153, "KEY_CODE": "503334664", "Pref_CODE": 39, "Pref_Name": "高知県", "Shape_Length": 0.020833334000030845, "Shape_Area": 2.6041668750049021e-05 }, "geometry": { "type": "Polygon", "coordinates": [ [ [ 133.58125, 33.6375 ], [ 133.58125, 33.641666667000038 ], [ 133.5875, 33.641666667000038 ], [ 133.5875, 33.6375 ], [ 133.58125, 33.6375 ] ] ] } },
{ "type": "Feature", "properties": { "fid": 1523, "OBJECTID": 10154, "KEY_CODE": "503334671", "Pref_CODE": 39, "Pref_Name": "高知県", "Shape_Length": 0.020833334000030845, "Shape_Area": 2.6041668750049021e-05 }, "geometry": { "type": "Polygon", "coordinates": [ [ [ 133.5875, 33.633333333000053 ], [ 133.5875, 33.6375 ], [ 133.593750000000114, 33.6375 ], [ 133.593750000000114, 33.633333333000053 ], [ 133.5875, 33.633333333000053 ] ] ] } },
{ "type": "Feature", "properties": { "fid": 1524, "OBJECTID": 10155, "KEY_CODE": "503334672", "Pref_CODE": 39, "Pref_Name": "高知県", "Shape_Length": 0.020833333999803472, "Shape_Area": 2.6041668749575326e-05 }, "geometry": { "type": "Polygon", "coordinates": [ [ [ 133.593750000000114, 33.633333333000053 ], [ 133.593750000000114, 33.6375 ], [ 133.6, 33.6375 ], [ 133.6, 33.633333333000053 ], [ 133.593750000000114, 33.633333333000053 ] ] ] } },
{ "type": "Feature", "properties": { "fid": 1525, "OBJECTID": 10156, "KEY_CODE": "503334673", "Pref_CODE": 39, "Pref_Name": "高知県", "Shape_Length": 0.020833334000030845, "Shape_Area": 2.6041668750049021e-05 }, "geometry": { "type": "Polygon", "coordinates": [ [ [ 133.5875, 33.6375 ], [ 133.5875, 33.641666667000038 ], [ 133.593750000000114, 33.641666667000038 ], [ 133.593750000000114, 33.6375 ], [ 133.5875, 33.6375 ] ] ] } },
{ "type": "Feature", "properties": { "fid": 1526, "OBJECTID": 10157, "KEY_CODE": "503334674", "Pref_CODE": 39, "Pref_Name": "高知県", "Shape_Length": 0.020833333999803472, "Shape_Area": 2.6041668749575326e-05 }, "geometry": { "type": "Polygon", "coordinates": [ [ [ 133.593750000000114, 33.6375 ], [ 133.593750000000114, 33.641666667000038 ], [ 133.6, 33.641666667000038 ], [ 133.6, 33.6375 ], [ 133.593750000000114, 33.6375 ] ] ] } },
{ "type": "Feature", "properties": { "fid": 1527, "OBJECTID": 10158, "KEY_CODE": "503334681", "Pref_CODE": 39, "Pref_Name": "高知県", "Shape_Length": 0.020833334000030845, "Shape_Area": 2.6041668750049021e-05 }, "geometry": { "type": "Polygon", "coordinates": [ [ [ 133.6, 33.633333333000053 ], [ 133.6, 33.6375 ], [ 133.60625, 33.6375 ], [ 133.60625, 33.633333333000053 ], [ 133.6, 33.633333333000053 ] ] ] } },
{ "type": "Feature", "properties": { "fid": 1528, "OBJECTID": 10159, "KEY_CODE": "503334682", "Pref_CODE": 39, "Pref_Name": "高知県", "Shape_Length": 0.020833334000030845, "Shape_Area": 2.6041668750049021e-05 }, "geometry": { "type": "Polygon", "coordinates": [ [ [ 133.60625, 33.633333333000053 ], [ 133.60625, 33.6375 ], [ 133.6125, 33.6375 ], [ 133.6125, 33.633333333000053 ], [ 133.60625, 33.633333333000053 ] ] ] } },
{ "type": "Feature", "properties": { "fid": 1529, "OBJECTID": 10160, "KEY_CODE": "503334683", "Pref_CODE": 39, "Pref_Name": "高知県", "Shape_Length": 0.020833334000030845, "Shape_Area": 2.6041668750049021e-05 }, "geometry": { "type": "Polygon", "coordinates": [ [ [ 133.6, 33.6375 ], [ 133.6, 33.641666667000038 ], [ 133.60625, 33.641666667000038 ], [ 133.60625, 33.6375 ], [ 133.6, 33.6375 ] ] ] } },
{ "type": "Feature", "properties": { "fid": 1530, "OBJECTID": 10161, "KEY_CODE": "503334684", "Pref_CODE": 39, "Pref_Name": "高知県", "Shape_Length": 0.020833334000030845, "Shape_Area": 2.6041668750049021e-05 }, "geometry": { "type": "Polygon", "coordinates": [ [ [ 133.60625, 33.6375 ], [ 133.60625, 33.641666667000038 ], [ 133.6125, 33.641666667000038 ], [ 133.6125, 33.6375 ], [ 133.60625, 33.6375 ] ] ] } },
{ "type": "Feature", "properties": { "fid": 1531, "OBJECTID": 10162, "KEY_CODE": "503334691", "Pref_CODE": 39, "Pref_Name": "高知県", "Shape_Length": 0.020833334000030845, "Shape_Area": 2.6041668750049021e-05 }, "geometry": { "type": "Polygon", "coordinates": [ [ [ 133.6125, 33.633333333000053 ], [ 133.6125, 33.6375 ], [ 133.61875, 33.6375 ], [ 133.61875, 33.633333333000053 ], [ 133.6125, 33.633333333000053 ] ] ] } },
{ "type": "Feature", "properties": { "fid": 1532, "OBJECTID": 10163, "KEY_CODE": "503334692", "Pref_CODE": 39, "Pref_Name": "高知県", "Shape_Length": 0.020833334000030845, "Shape_Area": 2.6041668750049021e-05 }, "geometry": { "type": "Polygon", "coordinates": [ [ [ 133.61875, 33.633333333000053 ], [ 133.61875, 33.6375 ], [ 133.625000000000114, 33.6375 ], [ 133.625000000000114, 33.633333333000053 ], [ 133.61875, 33.633333333000053 ] ] ] } },
{ "type": "Feature", "properties": { "fid": 1533, "OBJECTID": 10164, "KEY_CODE": "503334693", "Pref_CODE": 39, "Pref_Name": "高知県", "Shape_Length": 0.020833334000030845, "Shape_Area": 2.6041668750049021e-05 }, "geometry": { "type": "Polygon", "coordinates": [ [ [ 133.6125, 33.6375 ], [ 133.6125, 33.641666667000038 ], [ 133.61875, 33.641666667000038 ], [ 133.61875, 33.6375 ], [ 133.6125, 33.6375 ] ] ] } },
{ "type": "Feature", "properties": { "fid": 1534, "OBJECTID": 10165, "KEY_CODE": "503334694", "Pref_CODE": 39, "Pref_Name": "高知県", "Shape_Length": 0.020833334000030845, "Shape_Area": 2.6041668750049021e-05 }, "geometry": { "type": "Polygon", "coordinates": [ [ [ 133.61875, 33.6375 ], [ 133.61875, 33.641666667000038 ], [ 133.625000000000114, 33.641666667000038 ], [ 133.625000000000114, 33.6375 ], [ 133.61875, 33.6375 ] ] ] } },
{ "type": "Feature", "properties": { "fid": 1535, "OBJECTID": 10166, "KEY_CODE": "503334701", "Pref_CODE": 39, "Pref_Name": "高知県", "Shape_Length": 0.020833331999824622, "Shape_Area": 2.6041662499641423e-05 }, "geometry": { "type": "Polygon", "coordinates": [ [ [ 133.500000000000114, 33.641666667000038 ], [ 133.500000000000114, 33.645833333000041 ], [ 133.50625, 33.645833333000041 ], [ 133.50625, 33.641666667000038 ], [ 133.500000000000114, 33.641666667000038 ] ] ] } },
{ "type": "Feature", "properties": { "fid": 1536, "OBJECTID": 10167, "KEY_CODE": "503334702", "Pref_CODE": 39, "Pref_Name": "高知県", "Shape_Length": 0.020833332000051996, "Shape_Area": 2.6041662500115118e-05 }, "geometry": { "type": "Polygon", "coordinates": [ [ [ 133.50625, 33.641666667000038 ], [ 133.50625, 33.645833333000041 ], [ 133.5125, 33.645833333000041 ], [ 133.5125, 33.641666667000038 ], [ 133.50625, 33.641666667000038 ] ] ] } },
{ "type": "Feature", "properties": { "fid": 1537, "OBJECTID": 10168, "KEY_CODE": "503334703", "Pref_CODE": 39, "Pref_Name": "高知県", "Shape_Length": 0.020833333999803472, "Shape_Area": 2.6041668749575326e-05 }, "geometry": { "type": "Polygon", "coordinates": [ [ [ 133.500000000000114, 33.645833333000041 ], [ 133.500000000000114, 33.65 ], [ 133.50625, 33.65 ], [ 133.50625, 33.645833333000041 ], [ 133.500000000000114, 33.645833333000041 ] ] ] } },
{ "type": "Feature", "properties": { "fid": 1538, "OBJECTID": 10169, "KEY_CODE": "503334704", "Pref_CODE": 39, "Pref_Name": "高知県", "Shape_Length": 0.020833334000030845, "Shape_Area": 2.6041668750049021e-05 }, "geometry": { "type": "Polygon", "coordinates": [ [ [ 133.50625, 33.645833333000041 ], [ 133.50625, 33.65 ], [ 133.5125, 33.65 ], [ 133.5125, 33.645833333000041 ], [ 133.50625, 33.645833333000041 ] ] ] } },
{ "type": "Feature", "properties": { "fid": 1539, "OBJECTID": 10170, "KEY_CODE": "503334711", "Pref_CODE": 39, "Pref_Name": "高知県", "Shape_Length": 0.020833332000051996, "Shape_Area": 2.6041662500115118e-05 }, "geometry": { "type": "Polygon", "coordinates": [ [ [ 133.5125, 33.641666667000038 ], [ 133.5125, 33.645833333000041 ], [ 133.51875, 33.645833333000041 ], [ 133.51875, 33.641666667000038 ], [ 133.5125, 33.641666667000038 ] ] ] } },
{ "type": "Feature", "properties": { "fid": 1540, "OBJECTID": 10171, "KEY_CODE": "503334712", "Pref_CODE": 39, "Pref_Name": "高知県", "Shape_Length": 0.020833332000051996, "Shape_Area": 2.6041662500115118e-05 }, "geometry": { "type": "Polygon", "coordinates": [ [ [ 133.51875, 33.641666667000038 ], [ 133.51875, 33.645833333000041 ], [ 133.525, 33.645833333000041 ], [ 133.525, 33.641666667000038 ], [ 133.51875, 33.641666667000038 ] ] ] } },
{ "type": "Feature", "properties": { "fid": 1541, "OBJECTID": 10172, "KEY_CODE": "503334713", "Pref_CODE": 39, "Pref_Name": "高知県", "Shape_Length": 0.020833334000030845, "Shape_Area": 2.6041668750049021e-05 }, "geometry": { "type": "Polygon", "coordinates": [ [ [ 133.5125, 33.645833333000041 ], [ 133.5125, 33.65 ], [ 133.51875, 33.65 ], [ 133.51875, 33.645833333000041 ], [ 133.5125, 33.645833333000041 ] ] ] } },
{ "type": "Feature", "properties": { "fid": 1542, "OBJECTID": 10173, "KEY_CODE": "503334714", "Pref_CODE": 39, "Pref_Name": "高知県", "Shape_Length": 0.020833334000030845, "Shape_Area": 2.6041668750049021e-05 }, "geometry": { "type": "Polygon", "coordinates": [ [ [ 133.51875, 33.645833333000041 ], [ 133.51875, 33.65 ], [ 133.525, 33.65 ], [ 133.525, 33.645833333000041 ], [ 133.51875, 33.645833333000041 ] ] ] } },
{ "type": "Feature", "properties": { "fid": 1543, "OBJECTID": 10174, "KEY_CODE": "503334721", "Pref_CODE": 39, "Pref_Name": "高知県", "Shape_Length": 0.020833332000051996, "Shape_Area": 2.6041662500115118e-05 }, "geometry": { "type": "Polygon", "coordinates": [ [ [ 133.525, 33.641666667000038 ], [ 133.525, 33.645833333000041 ], [ 133.531250000000114, 33.645833333000041 ], [ 133.531250000000114, 33.641666667000038 ], [ 133.525, 33.641666667000038 ] ] ] } },
{ "type": "Feature", "properties": { "fid": 1544, "OBJECTID": 10175, "KEY_CODE": "503334722", "Pref_CODE": 39, "Pref_Name": "高知県", "Shape_Length": 0.020833331999824622, "Shape_Area": 2.6041662499641423e-05 }, "geometry": { "type": "Polygon", "coordinates": [ [ [ 133.531250000000114, 33.641666667000038 ], [ 133.531250000000114, 33.645833333000041 ], [ 133.5375, 33.645833333000041 ], [ 133.5375, 33.641666667000038 ], [ 133.531250000000114, 33.641666667000038 ] ] ] } },
{ "type": "Feature", "properties": { "fid": 1545, "OBJECTID": 10176, "KEY_CODE": "503334723", "Pref_CODE": 39, "Pref_Name": "高知県", "Shape_Length": 0.020833334000030845, "Shape_Area": 2.6041668750049021e-05 }, "geometry": { "type": "Polygon", "coordinates": [ [ [ 133.525, 33.645833333000041 ], [ 133.525, 33.65 ], [ 133.531250000000114, 33.65 ], [ 133.531250000000114, 33.645833333000041 ], [ 133.525, 33.645833333000041 ] ] ] } },
{ "type": "Feature", "properties": { "fid": 1546, "OBJECTID": 10177, "KEY_CODE": "503334724", "Pref_CODE": 39, "Pref_Name": "高知県", "Shape_Length": 0.020833333999803472, "Shape_Area": 2.6041668749575326e-05 }, "geometry": { "type": "Polygon", "coordinates": [ [ [ 133.531250000000114, 33.645833333000041 ], [ 133.531250000000114, 33.65 ], [ 133.5375, 33.65 ], [ 133.5375, 33.645833333000041 ], [ 133.531250000000114, 33.645833333000041 ] ] ] } },
{ "type": "Feature", "properties": { "fid": 1547, "OBJECTID": 10178, "KEY_CODE": "503334731", "Pref_CODE": 39, "Pref_Name": "高知県", "Shape_Length": 0.020833332000051996, "Shape_Area": 2.6041662500115118e-05 }, "geometry": { "type": "Polygon", "coordinates": [ [ [ 133.5375, 33.641666667000038 ], [ 133.5375, 33.645833333000041 ], [ 133.54375, 33.645833333000041 ], [ 133.54375, 33.641666667000038 ], [ 133.5375, 33.641666667000038 ] ] ] } },
{ "type": "Feature", "properties": { "fid": 1548, "OBJECTID": 10179, "KEY_CODE": "503334732", "Pref_CODE": 39, "Pref_Name": "高知県", "Shape_Length": 0.020833332000051996, "Shape_Area": 2.6041662500115118e-05 }, "geometry": { "type": "Polygon", "coordinates": [ [ [ 133.54375, 33.641666667000038 ], [ 133.54375, 33.645833333000041 ], [ 133.55, 33.645833333000041 ], [ 133.55, 33.641666667000038 ], [ 133.54375, 33.641666667000038 ] ] ] } },
{ "type": "Feature", "properties": { "fid": 1549, "OBJECTID": 10180, "KEY_CODE": "503334733", "Pref_CODE": 39, "Pref_Name": "高知県", "Shape_Length": 0.020833334000030845, "Shape_Area": 2.6041668750049021e-05 }, "geometry": { "type": "Polygon", "coordinates": [ [ [ 133.5375, 33.645833333000041 ], [ 133.5375, 33.65 ], [ 133.54375, 33.65 ], [ 133.54375, 33.645833333000041 ], [ 133.5375, 33.645833333000041 ] ] ] } },
{ "type": "Feature", "properties": { "fid": 1550, "OBJECTID": 10181, "KEY_CODE": "503334734", "Pref_CODE": 39, "Pref_Name": "高知県", "Shape_Length": 0.020833334000030845, "Shape_Area": 2.6041668750049021e-05 }, "geometry": { "type": "Polygon", "coordinates": [ [ [ 133.54375, 33.645833333000041 ], [ 133.54375, 33.65 ], [ 133.55, 33.65 ], [ 133.55, 33.645833333000041 ], [ 133.54375, 33.645833333000041 ] ] ] } },
{ "type": "Feature", "properties": { "fid": 1551, "OBJECTID": 10182, "KEY_CODE": "503334741", "Pref_CODE": 39, "Pref_Name": "高知県", "Shape_Length": 0.020833332000051996, "Shape_Area": 2.6041662500115118e-05 }, "geometry": { "type": "Polygon", "coordinates": [ [ [ 133.55, 33.641666667000038 ], [ 133.55, 33.645833333000041 ], [ 133.55625, 33.645833333000041 ], [ 133.55625, 33.641666667000038 ], [ 133.55, 33.641666667000038 ] ] ] } },
{ "type": "Feature", "properties": { "fid": 1552, "OBJECTID": 10183, "KEY_CODE": "503334742", "Pref_CODE": 39, "Pref_Name": "高知県", "Shape_Length": 0.020833332000051996, "Shape_Area": 2.6041662500115118e-05 }, "geometry": { "type": "Polygon", "coordinates": [ [ [ 133.55625, 33.641666667000038 ], [ 133.55625, 33.645833333000041 ], [ 133.562500000000114, 33.645833333000041 ], [ 133.562500000000114, 33.641666667000038 ], [ 133.55625, 33.641666667000038 ] ] ] } },
{ "type": "Feature", "properties": { "fid": 1553, "OBJECTID": 10184, "KEY_CODE": "503334743", "Pref_CODE": 39, "Pref_Name": "高知県", "Shape_Length": 0.020833334000030845, "Shape_Area": 2.6041668750049021e-05 }, "geometry": { "type": "Polygon", "coordinates": [ [ [ 133.55, 33.645833333000041 ], [ 133.55, 33.65 ], [ 133.55625, 33.65 ], [ 133.55625, 33.645833333000041 ], [ 133.55, 33.645833333000041 ] ] ] } },
{ "type": "Feature", "properties": { "fid": 1554, "OBJECTID": 10185, "KEY_CODE": "503334744", "Pref_CODE": 39, "Pref_Name": "高知県", "Shape_Length": 0.020833334000030845, "Shape_Area": 2.6041668750049021e-05 }, "geometry": { "type": "Polygon", "coordinates": [ [ [ 133.55625, 33.645833333000041 ], [ 133.55625, 33.65 ], [ 133.562500000000114, 33.65 ], [ 133.562500000000114, 33.645833333000041 ], [ 133.55625, 33.645833333000041 ] ] ] } },
{ "type": "Feature", "properties": { "fid": 1555, "OBJECTID": 10186, "KEY_CODE": "503334751", "Pref_CODE": 39, "Pref_Name": "高知県", "Shape_Length": 0.020833331999824622, "Shape_Area": 2.6041662499641423e-05 }, "geometry": { "type": "Polygon", "coordinates": [ [ [ 133.562500000000114, 33.641666667000038 ], [ 133.562500000000114, 33.645833333000041 ], [ 133.56875, 33.645833333000041 ], [ 133.56875, 33.641666667000038 ], [ 133.562500000000114, 33.641666667000038 ] ] ] } },
{ "type": "Feature", "properties": { "fid": 1556, "OBJECTID": 10187, "KEY_CODE": "503334752", "Pref_CODE": 39, "Pref_Name": "高知県", "Shape_Length": 0.020833332000051996, "Shape_Area": 2.6041662500115118e-05 }, "geometry": { "type": "Polygon", "coordinates": [ [ [ 133.56875, 33.641666667000038 ], [ 133.56875, 33.645833333000041 ], [ 133.575, 33.645833333000041 ], [ 133.575, 33.641666667000038 ], [ 133.56875, 33.641666667000038 ] ] ] } },
{ "type": "Feature", "properties": { "fid": 1557, "OBJECTID": 10188, "KEY_CODE": "503334753", "Pref_CODE": 39, "Pref_Name": "高知県", "Shape_Length": 0.020833333999803472, "Shape_Area": 2.6041668749575326e-05 }, "geometry": { "type": "Polygon", "coordinates": [ [ [ 133.562500000000114, 33.645833333000041 ], [ 133.562500000000114, 33.65 ], [ 133.56875, 33.65 ], [ 133.56875, 33.645833333000041 ], [ 133.562500000000114, 33.645833333000041 ] ] ] } },
{ "type": "Feature", "properties": { "fid": 1558, "OBJECTID": 10189, "KEY_CODE": "503334754", "Pref_CODE": 39, "Pref_Name": "高知県", "Shape_Length": 0.020833334000030845, "Shape_Area": 2.6041668750049021e-05 }, "geometry": { "type": "Polygon", "coordinates": [ [ [ 133.56875, 33.645833333000041 ], [ 133.56875, 33.65 ], [ 133.575, 33.65 ], [ 133.575, 33.645833333000041 ], [ 133.56875, 33.645833333000041 ] ] ] } },
{ "type": "Feature", "properties": { "fid": 1559, "OBJECTID": 10190, "KEY_CODE": "503334761", "Pref_CODE": 39, "Pref_Name": "高知県", "Shape_Length": 0.020833332000051996, "Shape_Area": 2.6041662500115118e-05 }, "geometry": { "type": "Polygon", "coordinates": [ [ [ 133.575, 33.641666667000038 ], [ 133.575, 33.645833333000041 ], [ 133.58125, 33.645833333000041 ], [ 133.58125, 33.641666667000038 ], [ 133.575, 33.641666667000038 ] ] ] } },
{ "type": "Feature", "properties": { "fid": 1560, "OBJECTID": 10191, "KEY_CODE": "503334762", "Pref_CODE": 39, "Pref_Name": "高知県", "Shape_Length": 0.020833332000051996, "Shape_Area": 2.6041662500115118e-05 }, "geometry": { "type": "Polygon", "coordinates": [ [ [ 133.58125, 33.641666667000038 ], [ 133.58125, 33.645833333000041 ], [ 133.5875, 33.645833333000041 ], [ 133.5875, 33.641666667000038 ], [ 133.58125, 33.641666667000038 ] ] ] } },
{ "type": "Feature", "properties": { "fid": 1561, "OBJECTID": 10192, "KEY_CODE": "503334763", "Pref_CODE": 39, "Pref_Name": "高知県", "Shape_Length": 0.020833334000030845, "Shape_Area": 2.6041668750049021e-05 }, "geometry": { "type": "Polygon", "coordinates": [ [ [ 133.575, 33.645833333000041 ], [ 133.575, 33.65 ], [ 133.58125, 33.65 ], [ 133.58125, 33.645833333000041 ], [ 133.575, 33.645833333000041 ] ] ] } },
{ "type": "Feature", "properties": { "fid": 1562, "OBJECTID": 10193, "KEY_CODE": "503334764", "Pref_CODE": 39, "Pref_Name": "高知県", "Shape_Length": 0.020833334000030845, "Shape_Area": 2.6041668750049021e-05 }, "geometry": { "type": "Polygon", "coordinates": [ [ [ 133.58125, 33.645833333000041 ], [ 133.58125, 33.65 ], [ 133.5875, 33.65 ], [ 133.5875, 33.645833333000041 ], [ 133.58125, 33.645833333000041 ] ] ] } },
{ "type": "Feature", "properties": { "fid": 1563, "OBJECTID": 10194, "KEY_CODE": "503334771", "Pref_CODE": 39, "Pref_Name": "高知県", "Shape_Length": 0.020833332000051996, "Shape_Area": 2.6041662500115118e-05 }, "geometry": { "type": "Polygon", "coordinates": [ [ [ 133.5875, 33.641666667000038 ], [ 133.5875, 33.645833333000041 ], [ 133.593750000000114, 33.645833333000041 ], [ 133.593750000000114, 33.641666667000038 ], [ 133.5875, 33.641666667000038 ] ] ] } },
{ "type": "Feature", "properties": { "fid": 1564, "OBJECTID": 10195, "KEY_CODE": "503334772", "Pref_CODE": 39, "Pref_Name": "高知県", "Shape_Length": 0.020833331999824622, "Shape_Area": 2.6041662499641423e-05 }, "geometry": { "type": "Polygon", "coordinates": [ [ [ 133.593750000000114, 33.641666667000038 ], [ 133.593750000000114, 33.645833333000041 ], [ 133.6, 33.645833333000041 ], [ 133.6, 33.641666667000038 ], [ 133.593750000000114, 33.641666667000038 ] ] ] } },
{ "type": "Feature", "properties": { "fid": 1565, "OBJECTID": 10196, "KEY_CODE": "503334773", "Pref_CODE": 39, "Pref_Name": "高知県", "Shape_Length": 0.020833334000030845, "Shape_Area": 2.6041668750049021e-05 }, "geometry": { "type": "Polygon", "coordinates": [ [ [ 133.5875, 33.645833333000041 ], [ 133.5875, 33.65 ], [ 133.593750000000114, 33.65 ], [ 133.593750000000114, 33.645833333000041 ], [ 133.5875, 33.645833333000041 ] ] ] } },
{ "type": "Feature", "properties": { "fid": 1566, "OBJECTID": 10197, "KEY_CODE": "503334774", "Pref_CODE": 39, "Pref_Name": "高知県", "Shape_Length": 0.020833333999803472, "Shape_Area": 2.6041668749575326e-05 }, "geometry": { "type": "Polygon", "coordinates": [ [ [ 133.593750000000114, 33.645833333000041 ], [ 133.593750000000114, 33.65 ], [ 133.6, 33.65 ], [ 133.6, 33.645833333000041 ], [ 133.593750000000114, 33.645833333000041 ] ] ] } },
{ "type": "Feature", "properties": { "fid": 1567, "OBJECTID": 10198, "KEY_CODE": "503334781", "Pref_CODE": 39, "Pref_Name": "高知県", "Shape_Length": 0.020833332000051996, "Shape_Area": 2.6041662500115118e-05 }, "geometry": { "type": "Polygon", "coordinates": [ [ [ 133.6, 33.641666667000038 ], [ 133.6, 33.645833333000041 ], [ 133.60625, 33.645833333000041 ], [ 133.60625, 33.641666667000038 ], [ 133.6, 33.641666667000038 ] ] ] } },
{ "type": "Feature", "properties": { "fid": 1568, "OBJECTID": 10199, "KEY_CODE": "503334782", "Pref_CODE": 39, "Pref_Name": "高知県", "Shape_Length": 0.020833332000051996, "Shape_Area": 2.6041662500115118e-05 }, "geometry": { "type": "Polygon", "coordinates": [ [ [ 133.60625, 33.641666667000038 ], [ 133.60625, 33.645833333000041 ], [ 133.6125, 33.645833333000041 ], [ 133.6125, 33.641666667000038 ], [ 133.60625, 33.641666667000038 ] ] ] } },
{ "type": "Feature", "properties": { "fid": 1569, "OBJECTID": 10200, "KEY_CODE": "503334783", "Pref_CODE": 39, "Pref_Name": "高知県", "Shape_Length": 0.020833334000030845, "Shape_Area": 2.6041668750049021e-05 }, "geometry": { "type": "Polygon", "coordinates": [ [ [ 133.6, 33.645833333000041 ], [ 133.6, 33.65 ], [ 133.60625, 33.65 ], [ 133.60625, 33.645833333000041 ], [ 133.6, 33.645833333000041 ] ] ] } },
{ "type": "Feature", "properties": { "fid": 1570, "OBJECTID": 10201, "KEY_CODE": "503334784", "Pref_CODE": 39, "Pref_Name": "高知県", "Shape_Length": 0.020833334000030845, "Shape_Area": 2.6041668750049021e-05 }, "geometry": { "type": "Polygon", "coordinates": [ [ [ 133.60625, 33.645833333000041 ], [ 133.60625, 33.65 ], [ 133.6125, 33.65 ], [ 133.6125, 33.645833333000041 ], [ 133.60625, 33.645833333000041 ] ] ] } },
{ "type": "Feature", "properties": { "fid": 1571, "OBJECTID": 10202, "KEY_CODE": "503334791", "Pref_CODE": 39, "Pref_Name": "高知県", "Shape_Length": 0.020833332000051996, "Shape_Area": 2.6041662500115118e-05 }, "geometry": { "type": "Polygon", "coordinates": [ [ [ 133.6125, 33.641666667000038 ], [ 133.6125, 33.645833333000041 ], [ 133.61875, 33.645833333000041 ], [ 133.61875, 33.641666667000038 ], [ 133.6125, 33.641666667000038 ] ] ] } },
{ "type": "Feature", "properties": { "fid": 1572, "OBJECTID": 10203, "KEY_CODE": "503334792", "Pref_CODE": 39, "Pref_Name": "高知県", "Shape_Length": 0.020833332000051996, "Shape_Area": 2.6041662500115118e-05 }, "geometry": { "type": "Polygon", "coordinates": [ [ [ 133.61875, 33.641666667000038 ], [ 133.61875, 33.645833333000041 ], [ 133.625000000000114, 33.645833333000041 ], [ 133.625000000000114, 33.641666667000038 ], [ 133.61875, 33.641666667000038 ] ] ] } },
{ "type": "Feature", "properties": { "fid": 1573, "OBJECTID": 10204, "KEY_CODE": "503334793", "Pref_CODE": 39, "Pref_Name": "高知県", "Shape_Length": 0.020833334000030845, "Shape_Area": 2.6041668750049021e-05 }, "geometry": { "type": "Polygon", "coordinates": [ [ [ 133.6125, 33.645833333000041 ], [ 133.6125, 33.65 ], [ 133.61875, 33.65 ], [ 133.61875, 33.645833333000041 ], [ 133.6125, 33.645833333000041 ] ] ] } },
{ "type": "Feature", "properties": { "fid": 1574, "OBJECTID": 10205, "KEY_CODE": "503334794", "Pref_CODE": 39, "Pref_Name": "高知県", "Shape_Length": 0.020833334000030845, "Shape_Area": 2.6041668750049021e-05 }, "geometry": { "type": "Polygon", "coordinates": [ [ [ 133.61875, 33.645833333000041 ], [ 133.61875, 33.65 ], [ 133.625000000000114, 33.65 ], [ 133.625000000000114, 33.645833333000041 ], [ 133.61875, 33.645833333000041 ] ] ] } },
{ "type": "Feature", "properties": { "fid": 1575, "OBJECTID": 10206, "KEY_CODE": "503334801", "Pref_CODE": 39, "Pref_Name": "高知県", "Shape_Length": 0.020833333999803472, "Shape_Area": 2.6041668749575326e-05 }, "geometry": { "type": "Polygon", "coordinates": [ [ [ 133.500000000000114, 33.65 ], [ 133.500000000000114, 33.654166667000027 ], [ 133.50625, 33.654166667000027 ], [ 133.50625, 33.65 ], [ 133.500000000000114, 33.65 ] ] ] } },
{ "type": "Feature", "properties": { "fid": 1576, "OBJECTID": 10207, "KEY_CODE": "503334802", "Pref_CODE": 39, "Pref_Name": "高知県", "Shape_Length": 0.020833334000030845, "Shape_Area": 2.6041668750049021e-05 }, "geometry": { "type": "Polygon", "coordinates": [ [ [ 133.50625, 33.65 ], [ 133.50625, 33.654166667000027 ], [ 133.5125, 33.654166667000027 ], [ 133.5125, 33.65 ], [ 133.50625, 33.65 ] ] ] } },
{ "type": "Feature", "properties": { "fid": 1577, "OBJECTID": 10208, "KEY_CODE": "503334803", "Pref_CODE": 39, "Pref_Name": "高知県", "Shape_Length": 0.020833331999824622, "Shape_Area": 2.6041662499641423e-05 }, "geometry": { "type": "Polygon", "coordinates": [ [ [ 133.500000000000114, 33.654166667000027 ], [ 133.500000000000114, 33.65833333300003 ], [ 133.50625, 33.65833333300003 ], [ 133.50625, 33.654166667000027 ], [ 133.500000000000114, 33.654166667000027 ] ] ] } },
{ "type": "Feature", "properties": { "fid": 1578, "OBJECTID": 10209, "KEY_CODE": "503334804", "Pref_CODE": 39, "Pref_Name": "高知県", "Shape_Length": 0.020833332000051996, "Shape_Area": 2.6041662500115118e-05 }, "geometry": { "type": "Polygon", "coordinates": [ [ [ 133.50625, 33.654166667000027 ], [ 133.50625, 33.65833333300003 ], [ 133.5125, 33.65833333300003 ], [ 133.5125, 33.654166667000027 ], [ 133.50625, 33.654166667000027 ] ] ] } },
{ "type": "Feature", "properties": { "fid": 1579, "OBJECTID": 10210, "KEY_CODE": "503334811", "Pref_CODE": 39, "Pref_Name": "高知県", "Shape_Length": 0.020833334000030845, "Shape_Area": 2.6041668750049021e-05 }, "geometry": { "type": "Polygon", "coordinates": [ [ [ 133.5125, 33.65 ], [ 133.5125, 33.654166667000027 ], [ 133.51875, 33.654166667000027 ], [ 133.51875, 33.65 ], [ 133.5125, 33.65 ] ] ] } },
{ "type": "Feature", "properties": { "fid": 1580, "OBJECTID": 10211, "KEY_CODE": "503334812", "Pref_CODE": 39, "Pref_Name": "高知県", "Shape_Length": 0.020833334000030845, "Shape_Area": 2.6041668750049021e-05 }, "geometry": { "type": "Polygon", "coordinates": [ [ [ 133.51875, 33.65 ], [ 133.51875, 33.654166667000027 ], [ 133.525, 33.654166667000027 ], [ 133.525, 33.65 ], [ 133.51875, 33.65 ] ] ] } },
{ "type": "Feature", "properties": { "fid": 1581, "OBJECTID": 10212, "KEY_CODE": "503334813", "Pref_CODE": 39, "Pref_Name": "高知県", "Shape_Length": 0.020833332000051996, "Shape_Area": 2.6041662500115118e-05 }, "geometry": { "type": "Polygon", "coordinates": [ [ [ 133.5125, 33.654166667000027 ], [ 133.5125, 33.65833333300003 ], [ 133.51875, 33.65833333300003 ], [ 133.51875, 33.654166667000027 ], [ 133.5125, 33.654166667000027 ] ] ] } },
{ "type": "Feature", "properties": { "fid": 1582, "OBJECTID": 10213, "KEY_CODE": "503334814", "Pref_CODE": 39, "Pref_Name": "高知県", "Shape_Length": 0.020833332000051996, "Shape_Area": 2.6041662500115118e-05 }, "geometry": { "type": "Polygon", "coordinates": [ [ [ 133.51875, 33.654166667000027 ], [ 133.51875, 33.65833333300003 ], [ 133.525, 33.65833333300003 ], [ 133.525, 33.654166667000027 ], [ 133.51875, 33.654166667000027 ] ] ] } },
{ "type": "Feature", "properties": { "fid": 1583, "OBJECTID": 10214, "KEY_CODE": "503334821", "Pref_CODE": 39, "Pref_Name": "高知県", "Shape_Length": 0.020833334000030845, "Shape_Area": 2.6041668750049021e-05 }, "geometry": { "type": "Polygon", "coordinates": [ [ [ 133.525, 33.65 ], [ 133.525, 33.654166667000027 ], [ 133.531250000000114, 33.654166667000027 ], [ 133.531250000000114, 33.65 ], [ 133.525, 33.65 ] ] ] } },
{ "type": "Feature", "properties": { "fid": 1584, "OBJECTID": 10215, "KEY_CODE": "503334822", "Pref_CODE": 39, "Pref_Name": "高知県", "Shape_Length": 0.020833333999803472, "Shape_Area": 2.6041668749575326e-05 }, "geometry": { "type": "Polygon", "coordinates": [ [ [ 133.531250000000114, 33.65 ], [ 133.531250000000114, 33.654166667000027 ], [ 133.5375, 33.654166667000027 ], [ 133.5375, 33.65 ], [ 133.531250000000114, 33.65 ] ] ] } },
{ "type": "Feature", "properties": { "fid": 1585, "OBJECTID": 10216, "KEY_CODE": "503334823", "Pref_CODE": 39, "Pref_Name": "高知県", "Shape_Length": 0.020833332000051996, "Shape_Area": 2.6041662500115118e-05 }, "geometry": { "type": "Polygon", "coordinates": [ [ [ 133.525, 33.654166667000027 ], [ 133.525, 33.65833333300003 ], [ 133.531250000000114, 33.65833333300003 ], [ 133.531250000000114, 33.654166667000027 ], [ 133.525, 33.654166667000027 ] ] ] } },
{ "type": "Feature", "properties": { "fid": 1586, "OBJECTID": 10217, "KEY_CODE": "503334824", "Pref_CODE": 39, "Pref_Name": "高知県", "Shape_Length": 0.020833331999824622, "Shape_Area": 2.6041662499641423e-05 }, "geometry": { "type": "Polygon", "coordinates": [ [ [ 133.531250000000114, 33.654166667000027 ], [ 133.531250000000114, 33.65833333300003 ], [ 133.5375, 33.65833333300003 ], [ 133.5375, 33.654166667000027 ], [ 133.531250000000114, 33.654166667000027 ] ] ] } },
{ "type": "Feature", "properties": { "fid": 1587, "OBJECTID": 10218, "KEY_CODE": "503334831", "Pref_CODE": 39, "Pref_Name": "高知県", "Shape_Length": 0.020833334000030845, "Shape_Area": 2.6041668750049021e-05 }, "geometry": { "type": "Polygon", "coordinates": [ [ [ 133.5375, 33.65 ], [ 133.5375, 33.654166667000027 ], [ 133.54375, 33.654166667000027 ], [ 133.54375, 33.65 ], [ 133.5375, 33.65 ] ] ] } },
{ "type": "Feature", "properties": { "fid": 1588, "OBJECTID": 10219, "KEY_CODE": "503334832", "Pref_CODE": 39, "Pref_Name": "高知県", "Shape_Length": 0.020833334000030845, "Shape_Area": 2.6041668750049021e-05 }, "geometry": { "type": "Polygon", "coordinates": [ [ [ 133.54375, 33.65 ], [ 133.54375, 33.654166667000027 ], [ 133.55, 33.654166667000027 ], [ 133.55, 33.65 ], [ 133.54375, 33.65 ] ] ] } },
{ "type": "Feature", "properties": { "fid": 1589, "OBJECTID": 10220, "KEY_CODE": "503334833", "Pref_CODE": 39, "Pref_Name": "高知県", "Shape_Length": 0.020833332000051996, "Shape_Area": 2.6041662500115118e-05 }, "geometry": { "type": "Polygon", "coordinates": [ [ [ 133.5375, 33.654166667000027 ], [ 133.5375, 33.65833333300003 ], [ 133.54375, 33.65833333300003 ], [ 133.54375, 33.654166667000027 ], [ 133.5375, 33.654166667000027 ] ] ] } },
{ "type": "Feature", "properties": { "fid": 1590, "OBJECTID": 10221, "KEY_CODE": "503334834", "Pref_CODE": 39, "Pref_Name": "高知県", "Shape_Length": 0.020833332000051996, "Shape_Area": 2.6041662500115118e-05 }, "geometry": { "type": "Polygon", "coordinates": [ [ [ 133.54375, 33.654166667000027 ], [ 133.54375, 33.65833333300003 ], [ 133.55, 33.65833333300003 ], [ 133.55, 33.654166667000027 ], [ 133.54375, 33.654166667000027 ] ] ] } },
{ "type": "Feature", "properties": { "fid": 1591, "OBJECTID": 10222, "KEY_CODE": "503334841", "Pref_CODE": 39, "Pref_Name": "高知県", "Shape_Length": 0.020833334000030845, "Shape_Area": 2.6041668750049021e-05 }, "geometry": { "type": "Polygon", "coordinates": [ [ [ 133.55, 33.65 ], [ 133.55, 33.654166667000027 ], [ 133.55625, 33.654166667000027 ], [ 133.55625, 33.65 ], [ 133.55, 33.65 ] ] ] } },
{ "type": "Feature", "properties": { "fid": 1592, "OBJECTID": 10223, "KEY_CODE": "503334842", "Pref_CODE": 39, "Pref_Name": "高知県", "Shape_Length": 0.020833334000030845, "Shape_Area": 2.6041668750049021e-05 }, "geometry": { "type": "Polygon", "coordinates": [ [ [ 133.55625, 33.65 ], [ 133.55625, 33.654166667000027 ], [ 133.562500000000114, 33.654166667000027 ], [ 133.562500000000114, 33.65 ], [ 133.55625, 33.65 ] ] ] } },
{ "type": "Feature", "properties": { "fid": 1593, "OBJECTID": 10224, "KEY_CODE": "503334843", "Pref_CODE": 39, "Pref_Name": "高知県", "Shape_Length": 0.020833332000051996, "Shape_Area": 2.6041662500115118e-05 }, "geometry": { "type": "Polygon", "coordinates": [ [ [ 133.55, 33.654166667000027 ], [ 133.55, 33.65833333300003 ], [ 133.55625, 33.65833333300003 ], [ 133.55625, 33.654166667000027 ], [ 133.55, 33.654166667000027 ] ] ] } },
{ "type": "Feature", "properties": { "fid": 1594, "OBJECTID": 10225, "KEY_CODE": "503334844", "Pref_CODE": 39, "Pref_Name": "高知県", "Shape_Length": 0.020833332000051996, "Shape_Area": 2.6041662500115118e-05 }, "geometry": { "type": "Polygon", "coordinates": [ [ [ 133.55625, 33.654166667000027 ], [ 133.55625, 33.65833333300003 ], [ 133.562500000000114, 33.65833333300003 ], [ 133.562500000000114, 33.654166667000027 ], [ 133.55625, 33.654166667000027 ] ] ] } },
{ "type": "Feature", "properties": { "fid": 1595, "OBJECTID": 10226, "KEY_CODE": "503334851", "Pref_CODE": 39, "Pref_Name": "高知県", "Shape_Length": 0.020833333999803472, "Shape_Area": 2.6041668749575326e-05 }, "geometry": { "type": "Polygon", "coordinates": [ [ [ 133.562500000000114, 33.65 ], [ 133.562500000000114, 33.654166667000027 ], [ 133.56875, 33.654166667000027 ], [ 133.56875, 33.65 ], [ 133.562500000000114, 33.65 ] ] ] } },
{ "type": "Feature", "properties": { "fid": 1596, "OBJECTID": 10227, "KEY_CODE": "503334852", "Pref_CODE": 39, "Pref_Name": "高知県", "Shape_Length": 0.020833334000030845, "Shape_Area": 2.6041668750049021e-05 }, "geometry": { "type": "Polygon", "coordinates": [ [ [ 133.56875, 33.65 ], [ 133.56875, 33.654166667000027 ], [ 133.575, 33.654166667000027 ], [ 133.575, 33.65 ], [ 133.56875, 33.65 ] ] ] } },
{ "type": "Feature", "properties": { "fid": 1597, "OBJECTID": 10228, "KEY_CODE": "503334853", "Pref_CODE": 39, "Pref_Name": "高知県", "Shape_Length": 0.020833331999824622, "Shape_Area": 2.6041662499641423e-05 }, "geometry": { "type": "Polygon", "coordinates": [ [ [ 133.562500000000114, 33.654166667000027 ], [ 133.562500000000114, 33.65833333300003 ], [ 133.56875, 33.65833333300003 ], [ 133.56875, 33.654166667000027 ], [ 133.562500000000114, 33.654166667000027 ] ] ] } },
{ "type": "Feature", "properties": { "fid": 1598, "OBJECTID": 10229, "KEY_CODE": "503334854", "Pref_CODE": 39, "Pref_Name": "高知県", "Shape_Length": 0.020833332000051996, "Shape_Area": 2.6041662500115118e-05 }, "geometry": { "type": "Polygon", "coordinates": [ [ [ 133.56875, 33.654166667000027 ], [ 133.56875, 33.65833333300003 ], [ 133.575, 33.65833333300003 ], [ 133.575, 33.654166667000027 ], [ 133.56875, 33.654166667000027 ] ] ] } },
{ "type": "Feature", "properties": { "fid": 1599, "OBJECTID": 10230, "KEY_CODE": "503334861", "Pref_CODE": 39, "Pref_Name": "高知県", "Shape_Length": 0.020833334000030845, "Shape_Area": 2.6041668750049021e-05 }, "geometry": { "type": "Polygon", "coordinates": [ [ [ 133.575, 33.65 ], [ 133.575, 33.654166667000027 ], [ 133.58125, 33.654166667000027 ], [ 133.58125, 33.65 ], [ 133.575, 33.65 ] ] ] } },
{ "type": "Feature", "properties": { "fid": 1600, "OBJECTID": 10231, "KEY_CODE": "503334862", "Pref_CODE": 39, "Pref_Name": "高知県", "Shape_Length": 0.020833334000030845, "Shape_Area": 2.6041668750049021e-05 }, "geometry": { "type": "Polygon", "coordinates": [ [ [ 133.58125, 33.65 ], [ 133.58125, 33.654166667000027 ], [ 133.5875, 33.654166667000027 ], [ 133.5875, 33.65 ], [ 133.58125, 33.65 ] ] ] } },
{ "type": "Feature", "properties": { "fid": 1601, "OBJECTID": 10232, "KEY_CODE": "503334863", "Pref_CODE": 39, "Pref_Name": "高知県", "Shape_Length": 0.020833332000051996, "Shape_Area": 2.6041662500115118e-05 }, "geometry": { "type": "Polygon", "coordinates": [ [ [ 133.575, 33.654166667000027 ], [ 133.575, 33.65833333300003 ], [ 133.58125, 33.65833333300003 ], [ 133.58125, 33.654166667000027 ], [ 133.575, 33.654166667000027 ] ] ] } },
{ "type": "Feature", "properties": { "fid": 1602, "OBJECTID": 10233, "KEY_CODE": "503334864", "Pref_CODE": 39, "Pref_Name": "高知県", "Shape_Length": 0.020833332000051996, "Shape_Area": 2.6041662500115118e-05 }, "geometry": { "type": "Polygon", "coordinates": [ [ [ 133.58125, 33.654166667000027 ], [ 133.58125, 33.65833333300003 ], [ 133.5875, 33.65833333300003 ], [ 133.5875, 33.654166667000027 ], [ 133.58125, 33.654166667000027 ] ] ] } },
{ "type": "Feature", "properties": { "fid": 1603, "OBJECTID": 10234, "KEY_CODE": "503334871", "Pref_CODE": 39, "Pref_Name": "高知県", "Shape_Length": 0.020833334000030845, "Shape_Area": 2.6041668750049021e-05 }, "geometry": { "type": "Polygon", "coordinates": [ [ [ 133.5875, 33.65 ], [ 133.5875, 33.654166667000027 ], [ 133.593750000000114, 33.654166667000027 ], [ 133.593750000000114, 33.65 ], [ 133.5875, 33.65 ] ] ] } },
{ "type": "Feature", "properties": { "fid": 1604, "OBJECTID": 10235, "KEY_CODE": "503334872", "Pref_CODE": 39, "Pref_Name": "高知県", "Shape_Length": 0.020833333999803472, "Shape_Area": 2.6041668749575326e-05 }, "geometry": { "type": "Polygon", "coordinates": [ [ [ 133.593750000000114, 33.65 ], [ 133.593750000000114, 33.654166667000027 ], [ 133.6, 33.654166667000027 ], [ 133.6, 33.65 ], [ 133.593750000000114, 33.65 ] ] ] } },
{ "type": "Feature", "properties": { "fid": 1605, "OBJECTID": 10236, "KEY_CODE": "503334873", "Pref_CODE": 39, "Pref_Name": "高知県", "Shape_Length": 0.020833332000051996, "Shape_Area": 2.6041662500115118e-05 }, "geometry": { "type": "Polygon", "coordinates": [ [ [ 133.5875, 33.654166667000027 ], [ 133.5875, 33.65833333300003 ], [ 133.593750000000114, 33.65833333300003 ], [ 133.593750000000114, 33.654166667000027 ], [ 133.5875, 33.654166667000027 ] ] ] } },
{ "type": "Feature", "properties": { "fid": 1606, "OBJECTID": 10237, "KEY_CODE": "503334874", "Pref_CODE": 39, "Pref_Name": "高知県", "Shape_Length": 0.020833331999824622, "Shape_Area": 2.6041662499641423e-05 }, "geometry": { "type": "Polygon", "coordinates": [ [ [ 133.593750000000114, 33.654166667000027 ], [ 133.593750000000114, 33.65833333300003 ], [ 133.6, 33.65833333300003 ], [ 133.6, 33.654166667000027 ], [ 133.593750000000114, 33.654166667000027 ] ] ] } },
{ "type": "Feature", "properties": { "fid": 1607, "OBJECTID": 10238, "KEY_CODE": "503334881", "Pref_CODE": 39, "Pref_Name": "高知県", "Shape_Length": 0.020833334000030845, "Shape_Area": 2.6041668750049021e-05 }, "geometry": { "type": "Polygon", "coordinates": [ [ [ 133.6, 33.65 ], [ 133.6, 33.654166667000027 ], [ 133.60625, 33.654166667000027 ], [ 133.60625, 33.65 ], [ 133.6, 33.65 ] ] ] } },
{ "type": "Feature", "properties": { "fid": 1608, "OBJECTID": 10239, "KEY_CODE": "503334882", "Pref_CODE": 39, "Pref_Name": "高知県", "Shape_Length": 0.020833334000030845, "Shape_Area": 2.6041668750049021e-05 }, "geometry": { "type": "Polygon", "coordinates": [ [ [ 133.60625, 33.65 ], [ 133.60625, 33.654166667000027 ], [ 133.6125, 33.654166667000027 ], [ 133.6125, 33.65 ], [ 133.60625, 33.65 ] ] ] } },
{ "type": "Feature", "properties": { "fid": 1609, "OBJECTID": 10240, "KEY_CODE": "503334883", "Pref_CODE": 39, "Pref_Name": "高知県", "Shape_Length": 0.020833332000051996, "Shape_Area": 2.6041662500115118e-05 }, "geometry": { "type": "Polygon", "coordinates": [ [ [ 133.6, 33.654166667000027 ], [ 133.6, 33.65833333300003 ], [ 133.60625, 33.65833333300003 ], [ 133.60625, 33.654166667000027 ], [ 133.6, 33.654166667000027 ] ] ] } },
{ "type": "Feature", "properties": { "fid": 1610, "OBJECTID": 10241, "KEY_CODE": "503334884", "Pref_CODE": 39, "Pref_Name": "高知県", "Shape_Length": 0.020833332000051996, "Shape_Area": 2.6041662500115118e-05 }, "geometry": { "type": "Polygon", "coordinates": [ [ [ 133.60625, 33.654166667000027 ], [ 133.60625, 33.65833333300003 ], [ 133.6125, 33.65833333300003 ], [ 133.6125, 33.654166667000027 ], [ 133.60625, 33.654166667000027 ] ] ] } },
{ "type": "Feature", "properties": { "fid": 1611, "OBJECTID": 10242, "KEY_CODE": "503334891", "Pref_CODE": 39, "Pref_Name": "高知県", "Shape_Length": 0.020833334000030845, "Shape_Area": 2.6041668750049021e-05 }, "geometry": { "type": "Polygon", "coordinates": [ [ [ 133.6125, 33.65 ], [ 133.6125, 33.654166667000027 ], [ 133.61875, 33.654166667000027 ], [ 133.61875, 33.65 ], [ 133.6125, 33.65 ] ] ] } },
{ "type": "Feature", "properties": { "fid": 1612, "OBJECTID": 10243, "KEY_CODE": "503334892", "Pref_CODE": 39, "Pref_Name": "高知県", "Shape_Length": 0.020833334000030845, "Shape_Area": 2.6041668750049021e-05 }, "geometry": { "type": "Polygon", "coordinates": [ [ [ 133.61875, 33.65 ], [ 133.61875, 33.654166667000027 ], [ 133.625000000000114, 33.654166667000027 ], [ 133.625000000000114, 33.65 ], [ 133.61875, 33.65 ] ] ] } },
{ "type": "Feature", "properties": { "fid": 1613, "OBJECTID": 10244, "KEY_CODE": "503334893", "Pref_CODE": 39, "Pref_Name": "高知県", "Shape_Length": 0.020833332000051996, "Shape_Area": 2.6041662500115118e-05 }, "geometry": { "type": "Polygon", "coordinates": [ [ [ 133.6125, 33.654166667000027 ], [ 133.6125, 33.65833333300003 ], [ 133.61875, 33.65833333300003 ], [ 133.61875, 33.654166667000027 ], [ 133.6125, 33.654166667000027 ] ] ] } },
{ "type": "Feature", "properties": { "fid": 1614, "OBJECTID": 10245, "KEY_CODE": "503334894", "Pref_CODE": 39, "Pref_Name": "高知県", "Shape_Length": 0.020833332000051996, "Shape_Area": 2.6041662500115118e-05 }, "geometry": { "type": "Polygon", "coordinates": [ [ [ 133.61875, 33.654166667000027 ], [ 133.61875, 33.65833333300003 ], [ 133.625000000000114, 33.65833333300003 ], [ 133.625000000000114, 33.654166667000027 ], [ 133.61875, 33.654166667000027 ] ] ] } },
{ "type": "Feature", "properties": { "fid": 1615, "OBJECTID": 10246, "KEY_CODE": "503334901", "Pref_CODE": 39, "Pref_Name": "高知県", "Shape_Length": 0.020833333999917159, "Shape_Area": 2.6041668749930599e-05 }, "geometry": { "type": "Polygon", "coordinates": [ [ [ 133.500000000000114, 33.65833333300003 ], [ 133.500000000000114, 33.6625 ], [ 133.50625, 33.6625 ], [ 133.50625, 33.65833333300003 ], [ 133.500000000000114, 33.65833333300003 ] ] ] } },
{ "type": "Feature", "properties": { "fid": 1616, "OBJECTID": 10247, "KEY_CODE": "503334902", "Pref_CODE": 39, "Pref_Name": "高知県", "Shape_Length": 0.020833334000144532, "Shape_Area": 2.6041668750404293e-05 }, "geometry": { "type": "Polygon", "coordinates": [ [ [ 133.50625, 33.65833333300003 ], [ 133.50625, 33.6625 ], [ 133.5125, 33.6625 ], [ 133.5125, 33.65833333300003 ], [ 133.50625, 33.65833333300003 ] ] ] } },
{ "type": "Feature", "properties": { "fid": 1617, "OBJECTID": 10248, "KEY_CODE": "503334903", "Pref_CODE": 39, "Pref_Name": "高知県", "Shape_Length": 0.020833333999803472, "Shape_Area": 2.6041668749575326e-05 }, "geometry": { "type": "Polygon", "coordinates": [ [ [ 133.500000000000114, 33.6625 ], [ 133.500000000000114, 33.666666667000072 ], [ 133.50625, 33.666666667000072 ], [ 133.50625, 33.6625 ], [ 133.500000000000114, 33.6625 ] ] ] } },
{ "type": "Feature", "properties": { "fid": 1618, "OBJECTID": 10249, "KEY_CODE": "503334904", "Pref_CODE": 39, "Pref_Name": "高知県", "Shape_Length": 0.020833334000030845, "Shape_Area": 2.6041668750049021e-05 }, "geometry": { "type": "Polygon", "coordinates": [ [ [ 133.50625, 33.6625 ], [ 133.50625, 33.666666667000072 ], [ 133.5125, 33.666666667000072 ], [ 133.5125, 33.6625 ], [ 133.50625, 33.6625 ] ] ] } },
{ "type": "Feature", "properties": { "fid": 1619, "OBJECTID": 10250, "KEY_CODE": "503334911", "Pref_CODE": 39, "Pref_Name": "高知県", "Shape_Length": 0.020833334000144532, "Shape_Area": 2.6041668750404293e-05 }, "geometry": { "type": "Polygon", "coordinates": [ [ [ 133.5125, 33.65833333300003 ], [ 133.5125, 33.6625 ], [ 133.51875, 33.6625 ], [ 133.51875, 33.65833333300003 ], [ 133.5125, 33.65833333300003 ] ] ] } },
{ "type": "Feature", "properties": { "fid": 1620, "OBJECTID": 10251, "KEY_CODE": "503334912", "Pref_CODE": 39, "Pref_Name": "高知県", "Shape_Length": 0.020833334000144532, "Shape_Area": 2.6041668750404293e-05 }, "geometry": { "type": "Polygon", "coordinates": [ [ [ 133.51875, 33.65833333300003 ], [ 133.51875, 33.6625 ], [ 133.525, 33.6625 ], [ 133.525, 33.65833333300003 ], [ 133.51875, 33.65833333300003 ] ] ] } },
{ "type": "Feature", "properties": { "fid": 1621, "OBJECTID": 10252, "KEY_CODE": "503334913", "Pref_CODE": 39, "Pref_Name": "高知県", "Shape_Length": 0.020833334000030845, "Shape_Area": 2.6041668750049021e-05 }, "geometry": { "type": "Polygon", "coordinates": [ [ [ 133.5125, 33.6625 ], [ 133.5125, 33.666666667000072 ], [ 133.51875, 33.666666667000072 ], [ 133.51875, 33.6625 ], [ 133.5125, 33.6625 ] ] ] } },
{ "type": "Feature", "properties": { "fid": 1622, "OBJECTID": 10253, "KEY_CODE": "503334914", "Pref_CODE": 39, "Pref_Name": "高知県", "Shape_Length": 0.020833334000030845, "Shape_Area": 2.6041668750049021e-05 }, "geometry": { "type": "Polygon", "coordinates": [ [ [ 133.51875, 33.6625 ], [ 133.51875, 33.666666667000072 ], [ 133.525, 33.666666667000072 ], [ 133.525, 33.6625 ], [ 133.51875, 33.6625 ] ] ] } },
{ "type": "Feature", "properties": { "fid": 1623, "OBJECTID": 10254, "KEY_CODE": "503334921", "Pref_CODE": 39, "Pref_Name": "高知県", "Shape_Length": 0.020833334000144532, "Shape_Area": 2.6041668750404293e-05 }, "geometry": { "type": "Polygon", "coordinates": [ [ [ 133.525, 33.65833333300003 ], [ 133.525, 33.6625 ], [ 133.531250000000114, 33.6625 ], [ 133.531250000000114, 33.65833333300003 ], [ 133.525, 33.65833333300003 ] ] ] } },
{ "type": "Feature", "properties": { "fid": 1624, "OBJECTID": 10255, "KEY_CODE": "503334922", "Pref_CODE": 39, "Pref_Name": "高知県", "Shape_Length": 0.020833333999917159, "Shape_Area": 2.6041668749930599e-05 }, "geometry": { "type": "Polygon", "coordinates": [ [ [ 133.531250000000114, 33.65833333300003 ], [ 133.531250000000114, 33.6625 ], [ 133.5375, 33.6625 ], [ 133.5375, 33.65833333300003 ], [ 133.531250000000114, 33.65833333300003 ] ] ] } },
{ "type": "Feature", "properties": { "fid": 1625, "OBJECTID": 10256, "KEY_CODE": "503334923", "Pref_CODE": 39, "Pref_Name": "高知県", "Shape_Length": 0.020833334000030845, "Shape_Area": 2.6041668750049021e-05 }, "geometry": { "type": "Polygon", "coordinates": [ [ [ 133.525, 33.6625 ], [ 133.525, 33.666666667000072 ], [ 133.531250000000114, 33.666666667000072 ], [ 133.531250000000114, 33.6625 ], [ 133.525, 33.6625 ] ] ] } },
{ "type": "Feature", "properties": { "fid": 1626, "OBJECTID": 10257, "KEY_CODE": "503334924", "Pref_CODE": 39, "Pref_Name": "高知県", "Shape_Length": 0.020833333999803472, "Shape_Area": 2.6041668749575326e-05 }, "geometry": { "type": "Polygon", "coordinates": [ [ [ 133.531250000000114, 33.6625 ], [ 133.531250000000114, 33.666666667000072 ], [ 133.5375, 33.666666667000072 ], [ 133.5375, 33.6625 ], [ 133.531250000000114, 33.6625 ] ] ] } },
{ "type": "Feature", "properties": { "fid": 1627, "OBJECTID": 10258, "KEY_CODE": "503334931", "Pref_CODE": 39, "Pref_Name": "高知県", "Shape_Length": 0.020833334000144532, "Shape_Area": 2.6041668750404293e-05 }, "geometry": { "type": "Polygon", "coordinates": [ [ [ 133.5375, 33.65833333300003 ], [ 133.5375, 33.6625 ], [ 133.54375, 33.6625 ], [ 133.54375, 33.65833333300003 ], [ 133.5375, 33.65833333300003 ] ] ] } },
{ "type": "Feature", "properties": { "fid": 1628, "OBJECTID": 10259, "KEY_CODE": "503334932", "Pref_CODE": 39, "Pref_Name": "高知県", "Shape_Length": 0.020833334000144532, "Shape_Area": 2.6041668750404293e-05 }, "geometry": { "type": "Polygon", "coordinates": [ [ [ 133.54375, 33.65833333300003 ], [ 133.54375, 33.6625 ], [ 133.55, 33.6625 ], [ 133.55, 33.65833333300003 ], [ 133.54375, 33.65833333300003 ] ] ] } },
{ "type": "Feature", "properties": { "fid": 1629, "OBJECTID": 10260, "KEY_CODE": "503334933", "Pref_CODE": 39, "Pref_Name": "高知県", "Shape_Length": 0.020833334000030845, "Shape_Area": 2.6041668750049021e-05 }, "geometry": { "type": "Polygon", "coordinates": [ [ [ 133.5375, 33.6625 ], [ 133.5375, 33.666666667000072 ], [ 133.54375, 33.666666667000072 ], [ 133.54375, 33.6625 ], [ 133.5375, 33.6625 ] ] ] } },
{ "type": "Feature", "properties": { "fid": 1630, "OBJECTID": 10261, "KEY_CODE": "503334934", "Pref_CODE": 39, "Pref_Name": "高知県", "Shape_Length": 0.020833334000030845, "Shape_Area": 2.6041668750049021e-05 }, "geometry": { "type": "Polygon", "coordinates": [ [ [ 133.54375, 33.6625 ], [ 133.54375, 33.666666667000072 ], [ 133.55, 33.666666667000072 ], [ 133.55, 33.6625 ], [ 133.54375, 33.6625 ] ] ] } },
{ "type": "Feature", "properties": { "fid": 1631, "OBJECTID": 10262, "KEY_CODE": "503334941", "Pref_CODE": 39, "Pref_Name": "高知県", "Shape_Length": 0.020833334000144532, "Shape_Area": 2.6041668750404293e-05 }, "geometry": { "type": "Polygon", "coordinates": [ [ [ 133.55, 33.65833333300003 ], [ 133.55, 33.6625 ], [ 133.55625, 33.6625 ], [ 133.55625, 33.65833333300003 ], [ 133.55, 33.65833333300003 ] ] ] } },
{ "type": "Feature", "properties": { "fid": 1632, "OBJECTID": 10263, "KEY_CODE": "503334942", "Pref_CODE": 39, "Pref_Name": "高知県", "Shape_Length": 0.020833334000144532, "Shape_Area": 2.6041668750404293e-05 }, "geometry": { "type": "Polygon", "coordinates": [ [ [ 133.55625, 33.65833333300003 ], [ 133.55625, 33.6625 ], [ 133.562500000000114, 33.6625 ], [ 133.562500000000114, 33.65833333300003 ], [ 133.55625, 33.65833333300003 ] ] ] } },
{ "type": "Feature", "properties": { "fid": 1633, "OBJECTID": 10264, "KEY_CODE": "503334943", "Pref_CODE": 39, "Pref_Name": "高知県", "Shape_Length": 0.020833334000030845, "Shape_Area": 2.6041668750049021e-05 }, "geometry": { "type": "Polygon", "coordinates": [ [ [ 133.55, 33.6625 ], [ 133.55, 33.666666667000072 ], [ 133.55625, 33.666666667000072 ], [ 133.55625, 33.6625 ], [ 133.55, 33.6625 ] ] ] } },
{ "type": "Feature", "properties": { "fid": 1634, "OBJECTID": 10265, "KEY_CODE": "503334944", "Pref_CODE": 39, "Pref_Name": "高知県", "Shape_Length": 0.020833334000030845, "Shape_Area": 2.6041668750049021e-05 }, "geometry": { "type": "Polygon", "coordinates": [ [ [ 133.55625, 33.6625 ], [ 133.55625, 33.666666667000072 ], [ 133.562500000000114, 33.666666667000072 ], [ 133.562500000000114, 33.6625 ], [ 133.55625, 33.6625 ] ] ] } },
{ "type": "Feature", "properties": { "fid": 1635, "OBJECTID": 10266, "KEY_CODE": "503334951", "Pref_CODE": 39, "Pref_Name": "高知県", "Shape_Length": 0.020833333999917159, "Shape_Area": 2.6041668749930599e-05 }, "geometry": { "type": "Polygon", "coordinates": [ [ [ 133.562500000000114, 33.65833333300003 ], [ 133.562500000000114, 33.6625 ], [ 133.56875, 33.6625 ], [ 133.56875, 33.65833333300003 ], [ 133.562500000000114, 33.65833333300003 ] ] ] } },
{ "type": "Feature", "properties": { "fid": 1636, "OBJECTID": 10267, "KEY_CODE": "503334952", "Pref_CODE": 39, "Pref_Name": "高知県", "Shape_Length": 0.020833334000144532, "Shape_Area": 2.6041668750404293e-05 }, "geometry": { "type": "Polygon", "coordinates": [ [ [ 133.56875, 33.65833333300003 ], [ 133.56875, 33.6625 ], [ 133.575, 33.6625 ], [ 133.575, 33.65833333300003 ], [ 133.56875, 33.65833333300003 ] ] ] } },
{ "type": "Feature", "properties": { "fid": 1637, "OBJECTID": 10268, "KEY_CODE": "503334953", "Pref_CODE": 39, "Pref_Name": "高知県", "Shape_Length": 0.020833333999803472, "Shape_Area": 2.6041668749575326e-05 }, "geometry": { "type": "Polygon", "coordinates": [ [ [ 133.562500000000114, 33.6625 ], [ 133.562500000000114, 33.666666667000072 ], [ 133.56875, 33.666666667000072 ], [ 133.56875, 33.6625 ], [ 133.562500000000114, 33.6625 ] ] ] } },
{ "type": "Feature", "properties": { "fid": 1638, "OBJECTID": 10269, "KEY_CODE": "503334954", "Pref_CODE": 39, "Pref_Name": "高知県", "Shape_Length": 0.020833334000030845, "Shape_Area": 2.6041668750049021e-05 }, "geometry": { "type": "Polygon", "coordinates": [ [ [ 133.56875, 33.6625 ], [ 133.56875, 33.666666667000072 ], [ 133.575, 33.666666667000072 ], [ 133.575, 33.6625 ], [ 133.56875, 33.6625 ] ] ] } },
{ "type": "Feature", "properties": { "fid": 1639, "OBJECTID": 10270, "KEY_CODE": "503334961", "Pref_CODE": 39, "Pref_Name": "高知県", "Shape_Length": 0.020833334000144532, "Shape_Area": 2.6041668750404293e-05 }, "geometry": { "type": "Polygon", "coordinates": [ [ [ 133.575, 33.65833333300003 ], [ 133.575, 33.6625 ], [ 133.58125, 33.6625 ], [ 133.58125, 33.65833333300003 ], [ 133.575, 33.65833333300003 ] ] ] } },
{ "type": "Feature", "properties": { "fid": 1640, "OBJECTID": 10271, "KEY_CODE": "503334962", "Pref_CODE": 39, "Pref_Name": "高知県", "Shape_Length": 0.020833334000144532, "Shape_Area": 2.6041668750404293e-05 }, "geometry": { "type": "Polygon", "coordinates": [ [ [ 133.58125, 33.65833333300003 ], [ 133.58125, 33.6625 ], [ 133.5875, 33.6625 ], [ 133.5875, 33.65833333300003 ], [ 133.58125, 33.65833333300003 ] ] ] } },
{ "type": "Feature", "properties": { "fid": 1641, "OBJECTID": 10272, "KEY_CODE": "503334963", "Pref_CODE": 39, "Pref_Name": "高知県", "Shape_Length": 0.020833334000030845, "Shape_Area": 2.6041668750049021e-05 }, "geometry": { "type": "Polygon", "coordinates": [ [ [ 133.575, 33.6625 ], [ 133.575, 33.666666667000072 ], [ 133.58125, 33.666666667000072 ], [ 133.58125, 33.6625 ], [ 133.575, 33.6625 ] ] ] } },
{ "type": "Feature", "properties": { "fid": 1642, "OBJECTID": 10273, "KEY_CODE": "503334964", "Pref_CODE": 39, "Pref_Name": "高知県", "Shape_Length": 0.020833334000030845, "Shape_Area": 2.6041668750049021e-05 }, "geometry": { "type": "Polygon", "coordinates": [ [ [ 133.58125, 33.6625 ], [ 133.58125, 33.666666667000072 ], [ 133.5875, 33.666666667000072 ], [ 133.5875, 33.6625 ], [ 133.58125, 33.6625 ] ] ] } },
{ "type": "Feature", "properties": { "fid": 1643, "OBJECTID": 10274, "KEY_CODE": "503334971", "Pref_CODE": 39, "Pref_Name": "高知県", "Shape_Length": 0.020833334000144532, "Shape_Area": 2.6041668750404293e-05 }, "geometry": { "type": "Polygon", "coordinates": [ [ [ 133.5875, 33.65833333300003 ], [ 133.5875, 33.6625 ], [ 133.593750000000114, 33.6625 ], [ 133.593750000000114, 33.65833333300003 ], [ 133.5875, 33.65833333300003 ] ] ] } },
{ "type": "Feature", "properties": { "fid": 1644, "OBJECTID": 10275, "KEY_CODE": "503334972", "Pref_CODE": 39, "Pref_Name": "高知県", "Shape_Length": 0.020833333999917159, "Shape_Area": 2.6041668749930599e-05 }, "geometry": { "type": "Polygon", "coordinates": [ [ [ 133.593750000000114, 33.65833333300003 ], [ 133.593750000000114, 33.6625 ], [ 133.6, 33.6625 ], [ 133.6, 33.65833333300003 ], [ 133.593750000000114, 33.65833333300003 ] ] ] } },
{ "type": "Feature", "properties": { "fid": 1645, "OBJECTID": 10276, "KEY_CODE": "503334973", "Pref_CODE": 39, "Pref_Name": "高知県", "Shape_Length": 0.020833334000030845, "Shape_Area": 2.6041668750049021e-05 }, "geometry": { "type": "Polygon", "coordinates": [ [ [ 133.5875, 33.6625 ], [ 133.5875, 33.666666667000072 ], [ 133.593750000000114, 33.666666667000072 ], [ 133.593750000000114, 33.6625 ], [ 133.5875, 33.6625 ] ] ] } },
{ "type": "Feature", "properties": { "fid": 1646, "OBJECTID": 10277, "KEY_CODE": "503334974", "Pref_CODE": 39, "Pref_Name": "高知県", "Shape_Length": 0.020833333999803472, "Shape_Area": 2.6041668749575326e-05 }, "geometry": { "type": "Polygon", "coordinates": [ [ [ 133.593750000000114, 33.6625 ], [ 133.593750000000114, 33.666666667000072 ], [ 133.6, 33.666666667000072 ], [ 133.6, 33.6625 ], [ 133.593750000000114, 33.6625 ] ] ] } },
{ "type": "Feature", "properties": { "fid": 1647, "OBJECTID": 10278, "KEY_CODE": "503334981", "Pref_CODE": 39, "Pref_Name": "高知県", "Shape_Length": 0.020833334000144532, "Shape_Area": 2.6041668750404293e-05 }, "geometry": { "type": "Polygon", "coordinates": [ [ [ 133.6, 33.65833333300003 ], [ 133.6, 33.6625 ], [ 133.60625, 33.6625 ], [ 133.60625, 33.65833333300003 ], [ 133.6, 33.65833333300003 ] ] ] } },
{ "type": "Feature", "properties": { "fid": 1648, "OBJECTID": 10279, "KEY_CODE": "503334982", "Pref_CODE": 39, "Pref_Name": "高知県", "Shape_Length": 0.020833334000144532, "Shape_Area": 2.6041668750404293e-05 }, "geometry": { "type": "Polygon", "coordinates": [ [ [ 133.60625, 33.65833333300003 ], [ 133.60625, 33.6625 ], [ 133.6125, 33.6625 ], [ 133.6125, 33.65833333300003 ], [ 133.60625, 33.65833333300003 ] ] ] } },
{ "type": "Feature", "properties": { "fid": 1649, "OBJECTID": 10280, "KEY_CODE": "503334983", "Pref_CODE": 39, "Pref_Name": "高知県", "Shape_Length": 0.020833334000030845, "Shape_Area": 2.6041668750049021e-05 }, "geometry": { "type": "Polygon", "coordinates": [ [ [ 133.6, 33.6625 ], [ 133.6, 33.666666667000072 ], [ 133.60625, 33.666666667000072 ], [ 133.60625, 33.6625 ], [ 133.6, 33.6625 ] ] ] } },
{ "type": "Feature", "properties": { "fid": 1650, "OBJECTID": 10281, "KEY_CODE": "503334984", "Pref_CODE": 39, "Pref_Name": "高知県", "Shape_Length": 0.020833334000030845, "Shape_Area": 2.6041668750049021e-05 }, "geometry": { "type": "Polygon", "coordinates": [ [ [ 133.60625, 33.6625 ], [ 133.60625, 33.666666667000072 ], [ 133.6125, 33.666666667000072 ], [ 133.6125, 33.6625 ], [ 133.60625, 33.6625 ] ] ] } },
{ "type": "Feature", "properties": { "fid": 1651, "OBJECTID": 10282, "KEY_CODE": "503334991", "Pref_CODE": 39, "Pref_Name": "高知県", "Shape_Length": 0.020833334000144532, "Shape_Area": 2.6041668750404293e-05 }, "geometry": { "type": "Polygon", "coordinates": [ [ [ 133.6125, 33.65833333300003 ], [ 133.6125, 33.6625 ], [ 133.61875, 33.6625 ], [ 133.61875, 33.65833333300003 ], [ 133.6125, 33.65833333300003 ] ] ] } },
{ "type": "Feature", "properties": { "fid": 1652, "OBJECTID": 10283, "KEY_CODE": "503334992", "Pref_CODE": 39, "Pref_Name": "高知県", "Shape_Length": 0.020833334000144532, "Shape_Area": 2.6041668750404293e-05 }, "geometry": { "type": "Polygon", "coordinates": [ [ [ 133.61875, 33.65833333300003 ], [ 133.61875, 33.6625 ], [ 133.625000000000114, 33.6625 ], [ 133.625000000000114, 33.65833333300003 ], [ 133.61875, 33.65833333300003 ] ] ] } },
{ "type": "Feature", "properties": { "fid": 1653, "OBJECTID": 10284, "KEY_CODE": "503334993", "Pref_CODE": 39, "Pref_Name": "高知県", "Shape_Length": 0.020833334000030845, "Shape_Area": 2.6041668750049021e-05 }, "geometry": { "type": "Polygon", "coordinates": [ [ [ 133.6125, 33.6625 ], [ 133.6125, 33.666666667000072 ], [ 133.61875, 33.666666667000072 ], [ 133.61875, 33.6625 ], [ 133.6125, 33.6625 ] ] ] } },
{ "type": "Feature", "properties": { "fid": 1654, "OBJECTID": 10285, "KEY_CODE": "503334994", "Pref_CODE": 39, "Pref_Name": "高知県", "Shape_Length": 0.020833334000030845, "Shape_Area": 2.6041668750049021e-05 }, "geometry": { "type": "Polygon", "coordinates": [ [ [ 133.61875, 33.6625 ], [ 133.61875, 33.666666667000072 ], [ 133.625000000000114, 33.666666667000072 ], [ 133.625000000000114, 33.6625 ], [ 133.61875, 33.6625 ] ] ] } },
{ "type": "Feature", "properties": { "fid": 1655, "OBJECTID": 10286, "KEY_CODE": "503335001", "Pref_CODE": 39, "Pref_Name": "高知県", "Shape_Length": 0.020833333999803472, "Shape_Area": 2.6041668749575326e-05 }, "geometry": { "type": "Polygon", "coordinates": [ [ [ 133.625000000000114, 33.583333333000041 ], [ 133.625000000000114, 33.5875 ], [ 133.625562912, 33.5875 ], [ 133.625562912, 33.583333333000041 ], [ 133.625000000000114, 33.583333333000041 ] ] ] } },
{ "type": "Feature", "properties": { "fid": 1656, "OBJECTID": 10288, "KEY_CODE": "503335003", "Pref_CODE": 39, "Pref_Name": "高知県", "Shape_Length": 0.020833333999803472, "Shape_Area": 2.6041668749575326e-05 }, "geometry": { "type": "Polygon", "coordinates": [ [ [ 133.625000000000114, 33.5875 ], [ 133.625000000000114, 33.591666667000027 ], [ 133.625562912, 33.591666667000027 ], [ 133.625562912, 33.5875 ], [ 133.625000000000114, 33.5875 ] ] ] } },
{ "type": "Feature", "properties": { "fid": 1657, "OBJECTID": 10326, "KEY_CODE": "503335101", "Pref_CODE": 39, "Pref_Name": "高知県", "Shape_Length": 0.020833331999824622, "Shape_Area": 2.6041662499641423e-05 }, "geometry": { "type": "Polygon", "coordinates": [ [ [ 133.625000000000114, 33.591666667000027 ], [ 133.625000000000114, 33.59583333300003 ], [ 133.625562912, 33.59583333300003 ], [ 133.625562912, 33.591666667000027 ], [ 133.625000000000114, 33.591666667000027 ] ] ] } },
{ "type": "Feature", "properties": { "fid": 1658, "OBJECTID": 10328, "KEY_CODE": "503335103", "Pref_CODE": 39, "Pref_Name": "高知県", "Shape_Length": 0.020833333999917159, "Shape_Area": 2.6041668749930599e-05 }, "geometry": { "type": "Polygon", "coordinates": [ [ [ 133.625000000000114, 33.59583333300003 ], [ 133.625000000000114, 33.6 ], [ 133.625562912, 33.6 ], [ 133.625562912, 33.59583333300003 ], [ 133.625000000000114, 33.59583333300003 ] ] ] } },
{ "type": "Feature", "properties": { "fid": 1659, "OBJECTID": 10366, "KEY_CODE": "503335201", "Pref_CODE": 39, "Pref_Name": "高知県", "Shape_Length": 0.020833333999803472, "Shape_Area": 2.6041668749575326e-05 }, "geometry": { "type": "Polygon", "coordinates": [ [ [ 133.625000000000114, 33.6 ], [ 133.625000000000114, 33.604166667000072 ], [ 133.625562912, 33.604166667000072 ], [ 133.625562912, 33.6 ], [ 133.625000000000114, 33.6 ] ] ] } },
{ "type": "Feature", "properties": { "fid": 1660, "OBJECTID": 10368, "KEY_CODE": "503335203", "Pref_CODE": 39, "Pref_Name": "高知県", "Shape_Length": 0.020833331999824622, "Shape_Area": 2.6041662499641423e-05 }, "geometry": { "type": "Polygon", "coordinates": [ [ [ 133.625000000000114, 33.604166667000072 ], [ 133.625000000000114, 33.608333333000076 ], [ 133.625562912, 33.608333333000076 ], [ 133.625562912, 33.604166667000072 ], [ 133.625000000000114, 33.604166667000072 ] ] ] } },
{ "type": "Feature", "properties": { "fid": 1661, "OBJECTID": 10406, "KEY_CODE": "503335301", "Pref_CODE": 39, "Pref_Name": "高知県", "Shape_Length": 0.020833333999803472, "Shape_Area": 2.6041668749575326e-05 }, "geometry": { "type": "Polygon", "coordinates": [ [ [ 133.625000000000114, 33.608333333000076 ], [ 133.625000000000114, 33.6125 ], [ 133.625562912, 33.6125 ], [ 133.625562912, 33.608333333000076 ], [ 133.625000000000114, 33.608333333000076 ] ] ] } },
{ "type": "Feature", "properties": { "fid": 1662, "OBJECTID": 10408, "KEY_CODE": "503335303", "Pref_CODE": 39, "Pref_Name": "高知県", "Shape_Length": 0.020833333999803472, "Shape_Area": 2.6041668749575326e-05 }, "geometry": { "type": "Polygon", "coordinates": [ [ [ 133.625000000000114, 33.6125 ], [ 133.625000000000114, 33.616666667000061 ], [ 133.625562912, 33.616666667000061 ], [ 133.625562912, 33.6125 ], [ 133.625000000000114, 33.6125 ] ] ] } },
{ "type": "Feature", "properties": { "fid": 1663, "OBJECTID": 10446, "KEY_CODE": "503335401", "Pref_CODE": 39, "Pref_Name": "高知県", "Shape_Length": 0.020833331999824622, "Shape_Area": 2.6041662499641423e-05 }, "geometry": { "type": "Polygon", "coordinates": [ [ [ 133.625000000000114, 33.616666667000061 ], [ 133.625000000000114, 33.620833333000064 ], [ 133.625562912, 33.620833333000064 ], [ 133.625562912, 33.616666667000061 ], [ 133.625000000000114, 33.616666667000061 ] ] ] } },
{ "type": "Feature", "properties": { "fid": 1664, "OBJECTID": 10448, "KEY_CODE": "503335403", "Pref_CODE": 39, "Pref_Name": "高知県", "Shape_Length": 0.020833333999803472, "Shape_Area": 2.6041668749575326e-05 }, "geometry": { "type": "Polygon", "coordinates": [ [ [ 133.625000000000114, 33.620833333000064 ], [ 133.625000000000114, 33.625 ], [ 133.625562912, 33.625 ], [ 133.625562912, 33.620833333000064 ], [ 133.625000000000114, 33.620833333000064 ] ] ] } },
{ "type": "Feature", "properties": { "fid": 1665, "OBJECTID": 10486, "KEY_CODE": "503335501", "Pref_CODE": 39, "Pref_Name": "高知県", "Shape_Length": 0.020833333999803472, "Shape_Area": 2.6041668749575326e-05 }, "geometry": { "type": "Polygon", "coordinates": [ [ [ 133.625000000000114, 33.625 ], [ 133.625000000000114, 33.62916666700005 ], [ 133.625562912, 33.62916666700005 ], [ 133.625562912, 33.625 ], [ 133.625000000000114, 33.625 ] ] ] } },
{ "type": "Feature", "properties": { "fid": 1666, "OBJECTID": 10488, "KEY_CODE": "503335503", "Pref_CODE": 39, "Pref_Name": "高知県", "Shape_Length": 0.020833331999824622, "Shape_Area": 2.6041662499641423e-05 }, "geometry": { "type": "Polygon", "coordinates": [ [ [ 133.625000000000114, 33.62916666700005 ], [ 133.625000000000114, 33.633333333000053 ], [ 133.625562912, 33.633333333000053 ], [ 133.625562912, 33.62916666700005 ], [ 133.625000000000114, 33.62916666700005 ] ] ] } },
{ "type": "Feature", "properties": { "fid": 1667, "OBJECTID": 10526, "KEY_CODE": "503335601", "Pref_CODE": 39, "Pref_Name": "高知県", "Shape_Length": 0.020833333999803472, "Shape_Area": 2.6041668749575326e-05 }, "geometry": { "type": "Polygon", "coordinates": [ [ [ 133.625000000000114, 33.633333333000053 ], [ 133.625000000000114, 33.6375 ], [ 133.625562912, 33.6375 ], [ 133.625562912, 33.633333333000053 ], [ 133.625000000000114, 33.633333333000053 ] ] ] } },
{ "type": "Feature", "properties": { "fid": 1668, "OBJECTID": 10528, "KEY_CODE": "503335603", "Pref_CODE": 39, "Pref_Name": "高知県", "Shape_Length": 0.020833333999803472, "Shape_Area": 2.6041668749575326e-05 }, "geometry": { "type": "Polygon", "coordinates": [ [ [ 133.625000000000114, 33.6375 ], [ 133.625000000000114, 33.641666667000038 ], [ 133.625562912, 33.641666667000038 ], [ 133.625562912, 33.6375 ], [ 133.625000000000114, 33.6375 ] ] ] } },
{ "type": "Feature", "properties": { "fid": 1669, "OBJECTID": 10566, "KEY_CODE": "503335701", "Pref_CODE": 39, "Pref_Name": "高知県", "Shape_Length": 0.020833331999824622, "Shape_Area": 2.6041662499641423e-05 }, "geometry": { "type": "Polygon", "coordinates": [ [ [ 133.625000000000114, 33.641666667000038 ], [ 133.625000000000114, 33.645833333000041 ], [ 133.625562912, 33.645833333000041 ], [ 133.625562912, 33.641666667000038 ], [ 133.625000000000114, 33.641666667000038 ] ] ] } },
{ "type": "Feature", "properties": { "fid": 1670, "OBJECTID": 10568, "KEY_CODE": "503335703", "Pref_CODE": 39, "Pref_Name": "高知県", "Shape_Length": 0.020833333999803472, "Shape_Area": 2.6041668749575326e-05 }, "geometry": { "type": "Polygon", "coordinates": [ [ [ 133.625000000000114, 33.645833333000041 ], [ 133.625000000000114, 33.65 ], [ 133.625562912, 33.65 ], [ 133.625562912, 33.645833333000041 ], [ 133.625000000000114, 33.645833333000041 ] ] ] } },
{ "type": "Feature", "properties": { "fid": 1671, "OBJECTID": 10606, "KEY_CODE": "503335801", "Pref_CODE": 39, "Pref_Name": "高知県", "Shape_Length": 0.020833333999803472, "Shape_Area": 2.6041668749575326e-05 }, "geometry": { "type": "Polygon", "coordinates": [ [ [ 133.625000000000114, 33.65 ], [ 133.625000000000114, 33.654166667000027 ], [ 133.625562912, 33.654166667000027 ], [ 133.625562912, 33.65 ], [ 133.625000000000114, 33.65 ] ] ] } },
{ "type": "Feature", "properties": { "fid": 1672, "OBJECTID": 10608, "KEY_CODE": "503335803", "Pref_CODE": 39, "Pref_Name": "高知県", "Shape_Length": 0.020833331999824622, "Shape_Area": 2.6041662499641423e-05 }, "geometry": { "type": "Polygon", "coordinates": [ [ [ 133.625000000000114, 33.654166667000027 ], [ 133.625000000000114, 33.65833333300003 ], [ 133.625562912, 33.65833333300003 ], [ 133.625562912, 33.654166667000027 ], [ 133.625000000000114, 33.654166667000027 ] ] ] } },
{ "type": "Feature", "properties": { "fid": 1673, "OBJECTID": 10646, "KEY_CODE": "503335901", "Pref_CODE": 39, "Pref_Name": "高知県", "Shape_Length": 0.020833333999917159, "Shape_Area": 2.6041668749930599e-05 }, "geometry": { "type": "Polygon", "coordinates": [ [ [ 133.625000000000114, 33.65833333300003 ], [ 133.625000000000114, 33.6625 ], [ 133.625562912, 33.6625 ], [ 133.625562912, 33.65833333300003 ], [ 133.625000000000114, 33.65833333300003 ] ] ] } },
{ "type": "Feature", "properties": { "fid": 1674, "OBJECTID": 10648, "KEY_CODE": "503335903", "Pref_CODE": 39, "Pref_Name": "高知県", "Shape_Length": 0.020833333999803472, "Shape_Area": 2.6041668749575326e-05 }, "geometry": { "type": "Polygon", "coordinates": [ [ [ 133.625000000000114, 33.6625 ], [ 133.625000000000114, 33.666666667000072 ], [ 133.625562912, 33.666666667000072 ], [ 133.625562912, 33.6625 ], [ 133.625000000000114, 33.6625 ] ] ] } },
{ "type": "Feature", "properties": { "fid": 1675, "OBJECTID": 12249, "KEY_CODE": "503343012", "Pref_CODE": 39, "Pref_Name": "高知県", "Shape_Length": 0.020833332000051996, "Shape_Area": 2.6041662500115118e-05 }, "geometry": { "type": "Polygon", "coordinates": [ [ [ 133.4, 33.670833333000076 ], [ 133.4, 33.666666667000072 ], [ 133.39435083, 33.666666667000072 ], [ 133.39435083, 33.670833333000076 ], [ 133.4, 33.670833333000076 ] ] ] } },
{ "type": "Feature", "properties": { "fid": 1676, "OBJECTID": 12251, "KEY_CODE": "503343014", "Pref_CODE": 39, "Pref_Name": "高知県", "Shape_Length": 0.020833334000030845, "Shape_Area": 2.6041668750049021e-05 }, "geometry": { "type": "Polygon", "coordinates": [ [ [ 133.4, 33.675 ], [ 133.4, 33.670833333000076 ], [ 133.39435083, 33.670833333000076 ], [ 133.39435083, 33.675 ], [ 133.4, 33.675 ] ] ] } },
{ "type": "Feature", "properties": { "fid": 1677, "OBJECTID": 12252, "KEY_CODE": "503343021", "Pref_CODE": 39, "Pref_Name": "高知県", "Shape_Length": 0.020833332000051996, "Shape_Area": 2.6041662500115118e-05 }, "geometry": { "type": "Polygon", "coordinates": [ [ [ 133.4, 33.666666667000072 ], [ 133.4, 33.670833333000076 ], [ 133.406250000000114, 33.670833333000076 ], [ 133.406250000000114, 33.666666667000072 ], [ 133.4, 33.666666667000072 ] ] ] } },
{ "type": "Feature", "properties": { "fid": 1678, "OBJECTID": 12253, "KEY_CODE": "503343022", "Pref_CODE": 39, "Pref_Name": "高知県", "Shape_Length": 0.020833331999824622, "Shape_Area": 2.6041662499641423e-05 }, "geometry": { "type": "Polygon", "coordinates": [ [ [ 133.406250000000114, 33.666666667000072 ], [ 133.406250000000114, 33.670833333000076 ], [ 133.4125, 33.670833333000076 ], [ 133.4125, 33.666666667000072 ], [ 133.406250000000114, 33.666666667000072 ] ] ] } },
{ "type": "Feature", "properties": { "fid": 1679, "OBJECTID": 12254, "KEY_CODE": "503343023", "Pref_CODE": 39, "Pref_Name": "高知県", "Shape_Length": 0.020833334000030845, "Shape_Area": 2.6041668750049021e-05 }, "geometry": { "type": "Polygon", "coordinates": [ [ [ 133.4, 33.670833333000076 ], [ 133.4, 33.675 ], [ 133.406250000000114, 33.675 ], [ 133.406250000000114, 33.670833333000076 ], [ 133.4, 33.670833333000076 ] ] ] } },
{ "type": "Feature", "properties": { "fid": 1680, "OBJECTID": 12255, "KEY_CODE": "503343024", "Pref_CODE": 39, "Pref_Name": "高知県", "Shape_Length": 0.020833333999803472, "Shape_Area": 2.6041668749575326e-05 }, "geometry": { "type": "Polygon", "coordinates": [ [ [ 133.406250000000114, 33.670833333000076 ], [ 133.406250000000114, 33.675 ], [ 133.4125, 33.675 ], [ 133.4125, 33.670833333000076 ], [ 133.406250000000114, 33.670833333000076 ] ] ] } },
{ "type": "Feature", "properties": { "fid": 1681, "OBJECTID": 12256, "KEY_CODE": "503343031", "Pref_CODE": 39, "Pref_Name": "高知県", "Shape_Length": 0.020833332000051996, "Shape_Area": 2.6041662500115118e-05 }, "geometry": { "type": "Polygon", "coordinates": [ [ [ 133.4125, 33.666666667000072 ], [ 133.4125, 33.670833333000076 ], [ 133.41875, 33.670833333000076 ], [ 133.41875, 33.666666667000072 ], [ 133.4125, 33.666666667000072 ] ] ] } },
{ "type": "Feature", "properties": { "fid": 1682, "OBJECTID": 12257, "KEY_CODE": "503343032", "Pref_CODE": 39, "Pref_Name": "高知県", "Shape_Length": 0.020833332000051996, "Shape_Area": 2.6041662500115118e-05 }, "geometry": { "type": "Polygon", "coordinates": [ [ [ 133.41875, 33.666666667000072 ], [ 133.41875, 33.670833333000076 ], [ 133.425, 33.670833333000076 ], [ 133.425, 33.666666667000072 ], [ 133.41875, 33.666666667000072 ] ] ] } },
{ "type": "Feature", "properties": { "fid": 1683, "OBJECTID": 12258, "KEY_CODE": "503343033", "Pref_CODE": 39, "Pref_Name": "高知県", "Shape_Length": 0.020833334000030845, "Shape_Area": 2.6041668750049021e-05 }, "geometry": { "type": "Polygon", "coordinates": [ [ [ 133.4125, 33.670833333000076 ], [ 133.4125, 33.675 ], [ 133.41875, 33.675 ], [ 133.41875, 33.670833333000076 ], [ 133.4125, 33.670833333000076 ] ] ] } },
{ "type": "Feature", "properties": { "fid": 1684, "OBJECTID": 12259, "KEY_CODE": "503343034", "Pref_CODE": 39, "Pref_Name": "高知県", "Shape_Length": 0.020833334000030845, "Shape_Area": 2.6041668750049021e-05 }, "geometry": { "type": "Polygon", "coordinates": [ [ [ 133.41875, 33.670833333000076 ], [ 133.41875, 33.675 ], [ 133.425, 33.675 ], [ 133.425, 33.670833333000076 ], [ 133.41875, 33.670833333000076 ] ] ] } },
{ "type": "Feature", "properties": { "fid": 1685, "OBJECTID": 12260, "KEY_CODE": "503343041", "Pref_CODE": 39, "Pref_Name": "高知県", "Shape_Length": 0.020833332000051996, "Shape_Area": 2.6041662500115118e-05 }, "geometry": { "type": "Polygon", "coordinates": [ [ [ 133.425, 33.666666667000072 ], [ 133.425, 33.670833333000076 ], [ 133.43125, 33.670833333000076 ], [ 133.43125, 33.666666667000072 ], [ 133.425, 33.666666667000072 ] ] ] } },
{ "type": "Feature", "properties": { "fid": 1686, "OBJECTID": 12261, "KEY_CODE": "503343042", "Pref_CODE": 39, "Pref_Name": "高知県", "Shape_Length": 0.020833332000051996, "Shape_Area": 2.6041662500115118e-05 }, "geometry": { "type": "Polygon", "coordinates": [ [ [ 133.43125, 33.666666667000072 ], [ 133.43125, 33.670833333000076 ], [ 133.437500000000114, 33.670833333000076 ], [ 133.437500000000114, 33.666666667000072 ], [ 133.43125, 33.666666667000072 ] ] ] } },
{ "type": "Feature", "properties": { "fid": 1687, "OBJECTID": 12262, "KEY_CODE": "503343043", "Pref_CODE": 39, "Pref_Name": "高知県", "Shape_Length": 0.020833334000030845, "Shape_Area": 2.6041668750049021e-05 }, "geometry": { "type": "Polygon", "coordinates": [ [ [ 133.425, 33.670833333000076 ], [ 133.425, 33.675 ], [ 133.43125, 33.675 ], [ 133.43125, 33.670833333000076 ], [ 133.425, 33.670833333000076 ] ] ] } },
{ "type": "Feature", "properties": { "fid": 1688, "OBJECTID": 12263, "KEY_CODE": "503343044", "Pref_CODE": 39, "Pref_Name": "高知県", "Shape_Length": 0.020833334000030845, "Shape_Area": 2.6041668750049021e-05 }, "geometry": { "type": "Polygon", "coordinates": [ [ [ 133.43125, 33.670833333000076 ], [ 133.43125, 33.675 ], [ 133.437500000000114, 33.675 ], [ 133.437500000000114, 33.670833333000076 ], [ 133.43125, 33.670833333000076 ] ] ] } },
{ "type": "Feature", "properties": { "fid": 1689, "OBJECTID": 12264, "KEY_CODE": "503343051", "Pref_CODE": 39, "Pref_Name": "高知県", "Shape_Length": 0.020833331999824622, "Shape_Area": 2.6041662499641423e-05 }, "geometry": { "type": "Polygon", "coordinates": [ [ [ 133.437500000000114, 33.666666667000072 ], [ 133.437500000000114, 33.670833333000076 ], [ 133.44375, 33.670833333000076 ], [ 133.44375, 33.666666667000072 ], [ 133.437500000000114, 33.666666667000072 ] ] ] } },
{ "type": "Feature", "properties": { "fid": 1690, "OBJECTID": 12265, "KEY_CODE": "503343052", "Pref_CODE": 39, "Pref_Name": "高知県", "Shape_Length": 0.020833332000051996, "Shape_Area": 2.6041662500115118e-05 }, "geometry": { "type": "Polygon", "coordinates": [ [ [ 133.44375, 33.666666667000072 ], [ 133.44375, 33.670833333000076 ], [ 133.45, 33.670833333000076 ], [ 133.45, 33.666666667000072 ], [ 133.44375, 33.666666667000072 ] ] ] } },
{ "type": "Feature", "properties": { "fid": 1691, "OBJECTID": 12266, "KEY_CODE": "503343053", "Pref_CODE": 39, "Pref_Name": "高知県", "Shape_Length": 0.020833333999803472, "Shape_Area": 2.6041668749575326e-05 }, "geometry": { "type": "Polygon", "coordinates": [ [ [ 133.437500000000114, 33.670833333000076 ], [ 133.437500000000114, 33.675 ], [ 133.44375, 33.675 ], [ 133.44375, 33.670833333000076 ], [ 133.437500000000114, 33.670833333000076 ] ] ] } },
{ "type": "Feature", "properties": { "fid": 1692, "OBJECTID": 12267, "KEY_CODE": "503343054", "Pref_CODE": 39, "Pref_Name": "高知県", "Shape_Length": 0.020833334000030845, "Shape_Area": 2.6041668750049021e-05 }, "geometry": { "type": "Polygon", "coordinates": [ [ [ 133.44375, 33.670833333000076 ], [ 133.44375, 33.675 ], [ 133.45, 33.675 ], [ 133.45, 33.670833333000076 ], [ 133.44375, 33.670833333000076 ] ] ] } },
{ "type": "Feature", "properties": { "fid": 1693, "OBJECTID": 12268, "KEY_CODE": "503343061", "Pref_CODE": 39, "Pref_Name": "高知県", "Shape_Length": 0.020833332000051996, "Shape_Area": 2.6041662500115118e-05 }, "geometry": { "type": "Polygon", "coordinates": [ [ [ 133.45, 33.666666667000072 ], [ 133.45, 33.670833333000076 ], [ 133.45625, 33.670833333000076 ], [ 133.45625, 33.666666667000072 ], [ 133.45, 33.666666667000072 ] ] ] } },
{ "type": "Feature", "properties": { "fid": 1694, "OBJECTID": 12269, "KEY_CODE": "503343062", "Pref_CODE": 39, "Pref_Name": "高知県", "Shape_Length": 0.020833332000051996, "Shape_Area": 2.6041662500115118e-05 }, "geometry": { "type": "Polygon", "coordinates": [ [ [ 133.45625, 33.666666667000072 ], [ 133.45625, 33.670833333000076 ], [ 133.4625, 33.670833333000076 ], [ 133.4625, 33.666666667000072 ], [ 133.45625, 33.666666667000072 ] ] ] } },
{ "type": "Feature", "properties": { "fid": 1695, "OBJECTID": 12270, "KEY_CODE": "503343063", "Pref_CODE": 39, "Pref_Name": "高知県", "Shape_Length": 0.020833334000030845, "Shape_Area": 2.6041668750049021e-05 }, "geometry": { "type": "Polygon", "coordinates": [ [ [ 133.45, 33.670833333000076 ], [ 133.45, 33.675 ], [ 133.45625, 33.675 ], [ 133.45625, 33.670833333000076 ], [ 133.45, 33.670833333000076 ] ] ] } },
{ "type": "Feature", "properties": { "fid": 1696, "OBJECTID": 12271, "KEY_CODE": "503343064", "Pref_CODE": 39, "Pref_Name": "高知県", "Shape_Length": 0.020833334000030845, "Shape_Area": 2.6041668750049021e-05 }, "geometry": { "type": "Polygon", "coordinates": [ [ [ 133.45625, 33.670833333000076 ], [ 133.45625, 33.675 ], [ 133.4625, 33.675 ], [ 133.4625, 33.670833333000076 ], [ 133.45625, 33.670833333000076 ] ] ] } },
{ "type": "Feature", "properties": { "fid": 1697, "OBJECTID": 12272, "KEY_CODE": "503343071", "Pref_CODE": 39, "Pref_Name": "高知県", "Shape_Length": 0.020833332000051996, "Shape_Area": 2.6041662500115118e-05 }, "geometry": { "type": "Polygon", "coordinates": [ [ [ 133.4625, 33.666666667000072 ], [ 133.4625, 33.670833333000076 ], [ 133.468750000000114, 33.670833333000076 ], [ 133.468750000000114, 33.666666667000072 ], [ 133.4625, 33.666666667000072 ] ] ] } },
{ "type": "Feature", "properties": { "fid": 1698, "OBJECTID": 12273, "KEY_CODE": "503343072", "Pref_CODE": 39, "Pref_Name": "高知県", "Shape_Length": 0.020833331999824622, "Shape_Area": 2.6041662499641423e-05 }, "geometry": { "type": "Polygon", "coordinates": [ [ [ 133.468750000000114, 33.666666667000072 ], [ 133.468750000000114, 33.670833333000076 ], [ 133.475, 33.670833333000076 ], [ 133.475, 33.666666667000072 ], [ 133.468750000000114, 33.666666667000072 ] ] ] } },
{ "type": "Feature", "properties": { "fid": 1699, "OBJECTID": 12274, "KEY_CODE": "503343073", "Pref_CODE": 39, "Pref_Name": "高知県", "Shape_Length": 0.020833334000030845, "Shape_Area": 2.6041668750049021e-05 }, "geometry": { "type": "Polygon", "coordinates": [ [ [ 133.4625, 33.670833333000076 ], [ 133.4625, 33.675 ], [ 133.468750000000114, 33.675 ], [ 133.468750000000114, 33.670833333000076 ], [ 133.4625, 33.670833333000076 ] ] ] } },
{ "type": "Feature", "properties": { "fid": 1700, "OBJECTID": 12275, "KEY_CODE": "503343074", "Pref_CODE": 39, "Pref_Name": "高知県", "Shape_Length": 0.020833333999803472, "Shape_Area": 2.6041668749575326e-05 }, "geometry": { "type": "Polygon", "coordinates": [ [ [ 133.468750000000114, 33.670833333000076 ], [ 133.468750000000114, 33.675 ], [ 133.475, 33.675 ], [ 133.475, 33.670833333000076 ], [ 133.468750000000114, 33.670833333000076 ] ] ] } },
{ "type": "Feature", "properties": { "fid": 1701, "OBJECTID": 12276, "KEY_CODE": "503343081", "Pref_CODE": 39, "Pref_Name": "高知県", "Shape_Length": 0.020833332000051996, "Shape_Area": 2.6041662500115118e-05 }, "geometry": { "type": "Polygon", "coordinates": [ [ [ 133.475, 33.666666667000072 ], [ 133.475, 33.670833333000076 ], [ 133.48125, 33.670833333000076 ], [ 133.48125, 33.666666667000072 ], [ 133.475, 33.666666667000072 ] ] ] } },
{ "type": "Feature", "properties": { "fid": 1702, "OBJECTID": 12277, "KEY_CODE": "503343082", "Pref_CODE": 39, "Pref_Name": "高知県", "Shape_Length": 0.020833332000051996, "Shape_Area": 2.6041662500115118e-05 }, "geometry": { "type": "Polygon", "coordinates": [ [ [ 133.48125, 33.666666667000072 ], [ 133.48125, 33.670833333000076 ], [ 133.4875, 33.670833333000076 ], [ 133.4875, 33.666666667000072 ], [ 133.48125, 33.666666667000072 ] ] ] } },
{ "type": "Feature", "properties": { "fid": 1703, "OBJECTID": 12278, "KEY_CODE": "503343083", "Pref_CODE": 39, "Pref_Name": "高知県", "Shape_Length": 0.020833334000030845, "Shape_Area": 2.6041668750049021e-05 }, "geometry": { "type": "Polygon", "coordinates": [ [ [ 133.475, 33.670833333000076 ], [ 133.475, 33.675 ], [ 133.48125, 33.675 ], [ 133.48125, 33.670833333000076 ], [ 133.475, 33.670833333000076 ] ] ] } },
{ "type": "Feature", "properties": { "fid": 1704, "OBJECTID": 12279, "KEY_CODE": "503343084", "Pref_CODE": 39, "Pref_Name": "高知県", "Shape_Length": 0.020833334000030845, "Shape_Area": 2.6041668750049021e-05 }, "geometry": { "type": "Polygon", "coordinates": [ [ [ 133.48125, 33.670833333000076 ], [ 133.48125, 33.675 ], [ 133.4875, 33.675 ], [ 133.4875, 33.670833333000076 ], [ 133.48125, 33.670833333000076 ] ] ] } },
{ "type": "Feature", "properties": { "fid": 1705, "OBJECTID": 12280, "KEY_CODE": "503343091", "Pref_CODE": 39, "Pref_Name": "高知県", "Shape_Length": 0.020833332000051996, "Shape_Area": 2.6041662500115118e-05 }, "geometry": { "type": "Polygon", "coordinates": [ [ [ 133.4875, 33.666666667000072 ], [ 133.4875, 33.670833333000076 ], [ 133.49375, 33.670833333000076 ], [ 133.49375, 33.666666667000072 ], [ 133.4875, 33.666666667000072 ] ] ] } },
{ "type": "Feature", "properties": { "fid": 1706, "OBJECTID": 12281, "KEY_CODE": "503343092", "Pref_CODE": 39, "Pref_Name": "高知県", "Shape_Length": 0.020833332000051996, "Shape_Area": 2.6041662500115118e-05 }, "geometry": { "type": "Polygon", "coordinates": [ [ [ 133.49375, 33.666666667000072 ], [ 133.49375, 33.670833333000076 ], [ 133.500000000000114, 33.670833333000076 ], [ 133.500000000000114, 33.666666667000072 ], [ 133.49375, 33.666666667000072 ] ] ] } },
{ "type": "Feature", "properties": { "fid": 1707, "OBJECTID": 12282, "KEY_CODE": "503343093", "Pref_CODE": 39, "Pref_Name": "高知県", "Shape_Length": 0.020833334000030845, "Shape_Area": 2.6041668750049021e-05 }, "geometry": { "type": "Polygon", "coordinates": [ [ [ 133.4875, 33.670833333000076 ], [ 133.4875, 33.675 ], [ 133.49375, 33.675 ], [ 133.49375, 33.670833333000076 ], [ 133.4875, 33.670833333000076 ] ] ] } },
{ "type": "Feature", "properties": { "fid": 1708, "OBJECTID": 12283, "KEY_CODE": "503343094", "Pref_CODE": 39, "Pref_Name": "高知県", "Shape_Length": 0.020833334000030845, "Shape_Area": 2.6041668750049021e-05 }, "geometry": { "type": "Polygon", "coordinates": [ [ [ 133.49375, 33.670833333000076 ], [ 133.49375, 33.675 ], [ 133.500000000000114, 33.675 ], [ 133.500000000000114, 33.670833333000076 ], [ 133.49375, 33.670833333000076 ] ] ] } },
{ "type": "Feature", "properties": { "fid": 1709, "OBJECTID": 12289, "KEY_CODE": "503343112", "Pref_CODE": 39, "Pref_Name": "高知県", "Shape_Length": 0.020833334000030845, "Shape_Area": 2.6041668750049021e-05 }, "geometry": { "type": "Polygon", "coordinates": [ [ [ 133.4, 33.679166667000061 ], [ 133.4, 33.675 ], [ 133.39435083, 33.675 ], [ 133.39435083, 33.679166667000061 ], [ 133.4, 33.679166667000061 ] ] ] } },
{ "type": "Feature", "properties": { "fid": 1710, "OBJECTID": 12291, "KEY_CODE": "503343114", "Pref_CODE": 39, "Pref_Name": "高知県", "Shape_Length": 0.020833332000051996, "Shape_Area": 2.6041662500115118e-05 }, "geometry": { "type": "Polygon", "coordinates": [ [ [ 133.4, 33.679166667000061 ], [ 133.39435083, 33.679166667000061 ], [ 133.39435083, 33.682015694 ], [ 133.4, 33.682015694 ], [ 133.4, 33.679166667000061 ] ] ] } },
{ "type": "Feature", "properties": { "fid": 1711, "OBJECTID": 12292, "KEY_CODE": "503343121", "Pref_CODE": 39, "Pref_Name": "高知県", "Shape_Length": 0.020833334000030845, "Shape_Area": 2.6041668750049021e-05 }, "geometry": { "type": "Polygon", "coordinates": [ [ [ 133.4, 33.675 ], [ 133.4, 33.679166667000061 ], [ 133.406250000000114, 33.679166667000061 ], [ 133.406250000000114, 33.675 ], [ 133.4, 33.675 ] ] ] } },
{ "type": "Feature", "properties": { "fid": 1712, "OBJECTID": 12293, "KEY_CODE": "503343122", "Pref_CODE": 39, "Pref_Name": "高知県", "Shape_Length": 0.020833333999803472, "Shape_Area": 2.6041668749575326e-05 }, "geometry": { "type": "Polygon", "coordinates": [ [ [ 133.406250000000114, 33.675 ], [ 133.406250000000114, 33.679166667000061 ], [ 133.4125, 33.679166667000061 ], [ 133.4125, 33.675 ], [ 133.406250000000114, 33.675 ] ] ] } },
{ "type": "Feature", "properties": { "fid": 1713, "OBJECTID": 12294, "KEY_CODE": "503343123", "Pref_CODE": 39, "Pref_Name": "高知県", "Shape_Length": 0.020833332000051996, "Shape_Area": 2.6041662500115118e-05 }, "geometry": { "type": "Polygon", "coordinates": [ [ [ 133.406250000000114, 33.679166667000061 ], [ 133.4, 33.679166667000061 ], [ 133.4, 33.682015694 ], [ 133.406250000000114, 33.682015694 ], [ 133.406250000000114, 33.679166667000061 ] ] ] } },
{ "type": "Feature", "properties": { "fid": 1714, "OBJECTID": 12295, "KEY_CODE": "503343124", "Pref_CODE": 39, "Pref_Name": "高知県", "Shape_Length": 0.020833331999824622, "Shape_Area": 2.6041662499641423e-05 }, "geometry": { "type": "Polygon", "coordinates": [ [ [ 133.4125, 33.679166667000061 ], [ 133.406250000000114, 33.679166667000061 ], [ 133.406250000000114, 33.682015694 ], [ 133.4125, 33.682015694 ], [ 133.4125, 33.679166667000061 ] ] ] } },
{ "type": "Feature", "properties": { "fid": 1715, "OBJECTID": 12296, "KEY_CODE": "503343131", "Pref_CODE": 39, "Pref_Name": "高知県", "Shape_Length": 0.020833334000030845, "Shape_Area": 2.6041668750049021e-05 }, "geometry": { "type": "Polygon", "coordinates": [ [ [ 133.4125, 33.675 ], [ 133.4125, 33.679166667000061 ], [ 133.41875, 33.679166667000061 ], [ 133.41875, 33.675 ], [ 133.4125, 33.675 ] ] ] } },
{ "type": "Feature", "properties": { "fid": 1716, "OBJECTID": 12297, "KEY_CODE": "503343132", "Pref_CODE": 39, "Pref_Name": "高知県", "Shape_Length": 0.020833334000030845, "Shape_Area": 2.6041668750049021e-05 }, "geometry": { "type": "Polygon", "coordinates": [ [ [ 133.41875, 33.675 ], [ 133.41875, 33.679166667000061 ], [ 133.425, 33.679166667000061 ], [ 133.425, 33.675 ], [ 133.41875, 33.675 ] ] ] } },
{ "type": "Feature", "properties": { "fid": 1717, "OBJECTID": 12298, "KEY_CODE": "503343133", "Pref_CODE": 39, "Pref_Name": "高知県", "Shape_Length": 0.020833332000051996, "Shape_Area": 2.6041662500115118e-05 }, "geometry": { "type": "Polygon", "coordinates": [ [ [ 133.41875, 33.679166667000061 ], [ 133.4125, 33.679166667000061 ], [ 133.4125, 33.682015694 ], [ 133.41875, 33.682015694 ], [ 133.41875, 33.679166667000061 ] ] ] } },
{ "type": "Feature", "properties": { "fid": 1718, "OBJECTID": 12299, "KEY_CODE": "503343134", "Pref_CODE": 39, "Pref_Name": "高知県", "Shape_Length": 0.020833332000051996, "Shape_Area": 2.6041662500115118e-05 }, "geometry": { "type": "Polygon", "coordinates": [ [ [ 133.425, 33.679166667000061 ], [ 133.41875, 33.679166667000061 ], [ 133.41875, 33.682015694 ], [ 133.425, 33.682015694 ], [ 133.425, 33.679166667000061 ] ] ] } },
{ "type": "Feature", "properties": { "fid": 1719, "OBJECTID": 12300, "KEY_CODE": "503343141", "Pref_CODE": 39, "Pref_Name": "高知県", "Shape_Length": 0.020833334000030845, "Shape_Area": 2.6041668750049021e-05 }, "geometry": { "type": "Polygon", "coordinates": [ [ [ 133.425, 33.675 ], [ 133.425, 33.679166667000061 ], [ 133.43125, 33.679166667000061 ], [ 133.43125, 33.675 ], [ 133.425, 33.675 ] ] ] } },
{ "type": "Feature", "properties": { "fid": 1720, "OBJECTID": 12301, "KEY_CODE": "503343142", "Pref_CODE": 39, "Pref_Name": "高知県", "Shape_Length": 0.020833334000030845, "Shape_Area": 2.6041668750049021e-05 }, "geometry": { "type": "Polygon", "coordinates": [ [ [ 133.43125, 33.675 ], [ 133.43125, 33.679166667000061 ], [ 133.437500000000114, 33.679166667000061 ], [ 133.437500000000114, 33.675 ], [ 133.43125, 33.675 ] ] ] } },
{ "type": "Feature", "properties": { "fid": 1721, "OBJECTID": 12302, "KEY_CODE": "503343143", "Pref_CODE": 39, "Pref_Name": "高知県", "Shape_Length": 0.020833332000051996, "Shape_Area": 2.6041662500115118e-05 }, "geometry": { "type": "Polygon", "coordinates": [ [ [ 133.43125, 33.679166667000061 ], [ 133.425, 33.679166667000061 ], [ 133.425, 33.682015694 ], [ 133.43125, 33.682015694 ], [ 133.43125, 33.679166667000061 ] ] ] } },
{ "type": "Feature", "properties": { "fid": 1722, "OBJECTID": 12303, "KEY_CODE": "503343144", "Pref_CODE": 39, "Pref_Name": "高知県", "Shape_Length": 0.020833332000051996, "Shape_Area": 2.6041662500115118e-05 }, "geometry": { "type": "Polygon", "coordinates": [ [ [ 133.437500000000114, 33.679166667000061 ], [ 133.43125, 33.679166667000061 ], [ 133.43125, 33.682015694 ], [ 133.437500000000114, 33.682015694 ], [ 133.437500000000114, 33.679166667000061 ] ] ] } },
{ "type": "Feature", "properties": { "fid": 1723, "OBJECTID": 12304, "KEY_CODE": "503343151", "Pref_CODE": 39, "Pref_Name": "高知県", "Shape_Length": 0.020833333999803472, "Shape_Area": 2.6041668749575326e-05 }, "geometry": { "type": "Polygon", "coordinates": [ [ [ 133.437500000000114, 33.675 ], [ 133.437500000000114, 33.679166667000061 ], [ 133.44375, 33.679166667000061 ], [ 133.44375, 33.675 ], [ 133.437500000000114, 33.675 ] ] ] } },
{ "type": "Feature", "properties": { "fid": 1724, "OBJECTID": 12305, "KEY_CODE": "503343152", "Pref_CODE": 39, "Pref_Name": "高知県", "Shape_Length": 0.020833334000030845, "Shape_Area": 2.6041668750049021e-05 }, "geometry": { "type": "Polygon", "coordinates": [ [ [ 133.44375, 33.675 ], [ 133.44375, 33.679166667000061 ], [ 133.45, 33.679166667000061 ], [ 133.45, 33.675 ], [ 133.44375, 33.675 ] ] ] } },
{ "type": "Feature", "properties": { "fid": 1725, "OBJECTID": 12306, "KEY_CODE": "503343153", "Pref_CODE": 39, "Pref_Name": "高知県", "Shape_Length": 0.020833331999824622, "Shape_Area": 2.6041662499641423e-05 }, "geometry": { "type": "Polygon", "coordinates": [ [ [ 133.44375, 33.679166667000061 ], [ 133.437500000000114, 33.679166667000061 ], [ 133.437500000000114, 33.682015694 ], [ 133.44375, 33.682015694 ], [ 133.44375, 33.679166667000061 ] ] ] } },
{ "type": "Feature", "properties": { "fid": 1726, "OBJECTID": 12307, "KEY_CODE": "503343154", "Pref_CODE": 39, "Pref_Name": "高知県", "Shape_Length": 0.020833332000051996, "Shape_Area": 2.6041662500115118e-05 }, "geometry": { "type": "Polygon", "coordinates": [ [ [ 133.45, 33.679166667000061 ], [ 133.44375, 33.679166667000061 ], [ 133.44375, 33.682015694 ], [ 133.45, 33.682015694 ], [ 133.45, 33.679166667000061 ] ] ] } },
{ "type": "Feature", "properties": { "fid": 1727, "OBJECTID": 12308, "KEY_CODE": "503343161", "Pref_CODE": 39, "Pref_Name": "高知県", "Shape_Length": 0.020833334000030845, "Shape_Area": 2.6041668750049021e-05 }, "geometry": { "type": "Polygon", "coordinates": [ [ [ 133.45, 33.675 ], [ 133.45, 33.679166667000061 ], [ 133.45625, 33.679166667000061 ], [ 133.45625, 33.675 ], [ 133.45, 33.675 ] ] ] } },
{ "type": "Feature", "properties": { "fid": 1728, "OBJECTID": 12309, "KEY_CODE": "503343162", "Pref_CODE": 39, "Pref_Name": "高知県", "Shape_Length": 0.020833334000030845, "Shape_Area": 2.6041668750049021e-05 }, "geometry": { "type": "Polygon", "coordinates": [ [ [ 133.45625, 33.675 ], [ 133.45625, 33.679166667000061 ], [ 133.4625, 33.679166667000061 ], [ 133.4625, 33.675 ], [ 133.45625, 33.675 ] ] ] } },
{ "type": "Feature", "properties": { "fid": 1729, "OBJECTID": 12310, "KEY_CODE": "503343163", "Pref_CODE": 39, "Pref_Name": "高知県", "Shape_Length": 0.020833332000051996, "Shape_Area": 2.6041662500115118e-05 }, "geometry": { "type": "Polygon", "coordinates": [ [ [ 133.45625, 33.679166667000061 ], [ 133.45, 33.679166667000061 ], [ 133.45, 33.682015694 ], [ 133.45625, 33.682015694 ], [ 133.45625, 33.679166667000061 ] ] ] } },
{ "type": "Feature", "properties": { "fid": 1730, "OBJECTID": 12311, "KEY_CODE": "503343164", "Pref_CODE": 39, "Pref_Name": "高知県", "Shape_Length": 0.020833332000051996, "Shape_Area": 2.6041662500115118e-05 }, "geometry": { "type": "Polygon", "coordinates": [ [ [ 133.4625, 33.679166667000061 ], [ 133.45625, 33.679166667000061 ], [ 133.45625, 33.682015694 ], [ 133.4625, 33.682015694 ], [ 133.4625, 33.679166667000061 ] ] ] } },
{ "type": "Feature", "properties": { "fid": 1731, "OBJECTID": 12312, "KEY_CODE": "503343171", "Pref_CODE": 39, "Pref_Name": "高知県", "Shape_Length": 0.020833334000030845, "Shape_Area": 2.6041668750049021e-05 }, "geometry": { "type": "Polygon", "coordinates": [ [ [ 133.4625, 33.675 ], [ 133.4625, 33.679166667000061 ], [ 133.468750000000114, 33.679166667000061 ], [ 133.468750000000114, 33.675 ], [ 133.4625, 33.675 ] ] ] } },
{ "type": "Feature", "properties": { "fid": 1732, "OBJECTID": 12313, "KEY_CODE": "503343172", "Pref_CODE": 39, "Pref_Name": "高知県", "Shape_Length": 0.020833333999803472, "Shape_Area": 2.6041668749575326e-05 }, "geometry": { "type": "Polygon", "coordinates": [ [ [ 133.468750000000114, 33.675 ], [ 133.468750000000114, 33.679166667000061 ], [ 133.475, 33.679166667000061 ], [ 133.475, 33.675 ], [ 133.468750000000114, 33.675 ] ] ] } },
{ "type": "Feature", "properties": { "fid": 1733, "OBJECTID": 12314, "KEY_CODE": "503343173", "Pref_CODE": 39, "Pref_Name": "高知県", "Shape_Length": 0.020833332000051996, "Shape_Area": 2.6041662500115118e-05 }, "geometry": { "type": "Polygon", "coordinates": [ [ [ 133.468750000000114, 33.679166667000061 ], [ 133.4625, 33.679166667000061 ], [ 133.4625, 33.682015694 ], [ 133.468750000000114, 33.682015694 ], [ 133.468750000000114, 33.679166667000061 ] ] ] } },
{ "type": "Feature", "properties": { "fid": 1734, "OBJECTID": 12315, "KEY_CODE": "503343174", "Pref_CODE": 39, "Pref_Name": "高知県", "Shape_Length": 0.020833331999824622, "Shape_Area": 2.6041662499641423e-05 }, "geometry": { "type": "Polygon", "coordinates": [ [ [ 133.475, 33.679166667000061 ], [ 133.468750000000114, 33.679166667000061 ], [ 133.468750000000114, 33.682015694 ], [ 133.475, 33.682015694 ], [ 133.475, 33.679166667000061 ] ] ] } },
{ "type": "Feature", "properties": { "fid": 1735, "OBJECTID": 12316, "KEY_CODE": "503343181", "Pref_CODE": 39, "Pref_Name": "高知県", "Shape_Length": 0.020833334000030845, "Shape_Area": 2.6041668750049021e-05 }, "geometry": { "type": "Polygon", "coordinates": [ [ [ 133.475, 33.675 ], [ 133.475, 33.679166667000061 ], [ 133.48125, 33.679166667000061 ], [ 133.48125, 33.675 ], [ 133.475, 33.675 ] ] ] } },
{ "type": "Feature", "properties": { "fid": 1736, "OBJECTID": 12317, "KEY_CODE": "503343182", "Pref_CODE": 39, "Pref_Name": "高知県", "Shape_Length": 0.020833334000030845, "Shape_Area": 2.6041668750049021e-05 }, "geometry": { "type": "Polygon", "coordinates": [ [ [ 133.48125, 33.675 ], [ 133.48125, 33.679166667000061 ], [ 133.4875, 33.679166667000061 ], [ 133.4875, 33.675 ], [ 133.48125, 33.675 ] ] ] } },
{ "type": "Feature", "properties": { "fid": 1737, "OBJECTID": 12318, "KEY_CODE": "503343183", "Pref_CODE": 39, "Pref_Name": "高知県", "Shape_Length": 0.020833332000051996, "Shape_Area": 2.6041662500115118e-05 }, "geometry": { "type": "Polygon", "coordinates": [ [ [ 133.48125, 33.679166667000061 ], [ 133.475, 33.679166667000061 ], [ 133.475, 33.682015694 ], [ 133.48125, 33.682015694 ], [ 133.48125, 33.679166667000061 ] ] ] } },
{ "type": "Feature", "properties": { "fid": 1738, "OBJECTID": 12319, "KEY_CODE": "503343184", "Pref_CODE": 39, "Pref_Name": "高知県", "Shape_Length": 0.020833332000051996, "Shape_Area": 2.6041662500115118e-05 }, "geometry": { "type": "Polygon", "coordinates": [ [ [ 133.4875, 33.679166667000061 ], [ 133.48125, 33.679166667000061 ], [ 133.48125, 33.682015694 ], [ 133.4875, 33.682015694 ], [ 133.4875, 33.679166667000061 ] ] ] } },
{ "type": "Feature", "properties": { "fid": 1739, "OBJECTID": 12320, "KEY_CODE": "503343191", "Pref_CODE": 39, "Pref_Name": "高知県", "Shape_Length": 0.020833334000030845, "Shape_Area": 2.6041668750049021e-05 }, "geometry": { "type": "Polygon", "coordinates": [ [ [ 133.4875, 33.675 ], [ 133.4875, 33.679166667000061 ], [ 133.49375, 33.679166667000061 ], [ 133.49375, 33.675 ], [ 133.4875, 33.675 ] ] ] } },
{ "type": "Feature", "properties": { "fid": 1740, "OBJECTID": 12321, "KEY_CODE": "503343192", "Pref_CODE": 39, "Pref_Name": "高知県", "Shape_Length": 0.020833334000030845, "Shape_Area": 2.6041668750049021e-05 }, "geometry": { "type": "Polygon", "coordinates": [ [ [ 133.49375, 33.675 ], [ 133.49375, 33.679166667000061 ], [ 133.500000000000114, 33.679166667000061 ], [ 133.500000000000114, 33.675 ], [ 133.49375, 33.675 ] ] ] } },
{ "type": "Feature", "properties": { "fid": 1741, "OBJECTID": 12322, "KEY_CODE": "503343193", "Pref_CODE": 39, "Pref_Name": "高知県", "Shape_Length": 0.020833332000051996, "Shape_Area": 2.6041662500115118e-05 }, "geometry": { "type": "Polygon", "coordinates": [ [ [ 133.49375, 33.679166667000061 ], [ 133.4875, 33.679166667000061 ], [ 133.4875, 33.682015694 ], [ 133.49375, 33.682015694 ], [ 133.49375, 33.679166667000061 ] ] ] } },
{ "type": "Feature", "properties": { "fid": 1742, "OBJECTID": 12323, "KEY_CODE": "503343194", "Pref_CODE": 39, "Pref_Name": "高知県", "Shape_Length": 0.020833332000051996, "Shape_Area": 2.6041662500115118e-05 }, "geometry": { "type": "Polygon", "coordinates": [ [ [ 133.500000000000114, 33.679166667000061 ], [ 133.49375, 33.679166667000061 ], [ 133.49375, 33.682015694 ], [ 133.500000000000114, 33.682015694 ], [ 133.500000000000114, 33.679166667000061 ] ] ] } },
{ "type": "Feature", "properties": { "fid": 1743, "OBJECTID": 12644, "KEY_CODE": "503344001", "Pref_CODE": 39, "Pref_Name": "高知県", "Shape_Length": 0.020833331999824622, "Shape_Area": 2.6041662499641423e-05 }, "geometry": { "type": "Polygon", "coordinates": [ [ [ 133.500000000000114, 33.666666667000072 ], [ 133.500000000000114, 33.670833333000076 ], [ 133.50625, 33.670833333000076 ], [ 133.50625, 33.666666667000072 ], [ 133.500000000000114, 33.666666667000072 ] ] ] } },
{ "type": "Feature", "properties": { "fid": 1744, "OBJECTID": 12645, "KEY_CODE": "503344002", "Pref_CODE": 39, "Pref_Name": "高知県", "Shape_Length": 0.020833332000051996, "Shape_Area": 2.6041662500115118e-05 }, "geometry": { "type": "Polygon", "coordinates": [ [ [ 133.50625, 33.666666667000072 ], [ 133.50625, 33.670833333000076 ], [ 133.5125, 33.670833333000076 ], [ 133.5125, 33.666666667000072 ], [ 133.50625, 33.666666667000072 ] ] ] } },
{ "type": "Feature", "properties": { "fid": 1745, "OBJECTID": 12646, "KEY_CODE": "503344003", "Pref_CODE": 39, "Pref_Name": "高知県", "Shape_Length": 0.020833333999803472, "Shape_Area": 2.6041668749575326e-05 }, "geometry": { "type": "Polygon", "coordinates": [ [ [ 133.500000000000114, 33.670833333000076 ], [ 133.500000000000114, 33.675 ], [ 133.50625, 33.675 ], [ 133.50625, 33.670833333000076 ], [ 133.500000000000114, 33.670833333000076 ] ] ] } },
{ "type": "Feature", "properties": { "fid": 1746, "OBJECTID": 12647, "KEY_CODE": "503344004", "Pref_CODE": 39, "Pref_Name": "高知県", "Shape_Length": 0.020833334000030845, "Shape_Area": 2.6041668750049021e-05 }, "geometry": { "type": "Polygon", "coordinates": [ [ [ 133.50625, 33.670833333000076 ], [ 133.50625, 33.675 ], [ 133.5125, 33.675 ], [ 133.5125, 33.670833333000076 ], [ 133.50625, 33.670833333000076 ] ] ] } },
{ "type": "Feature", "properties": { "fid": 1747, "OBJECTID": 12648, "KEY_CODE": "503344011", "Pref_CODE": 39, "Pref_Name": "高知県", "Shape_Length": 0.020833332000051996, "Shape_Area": 2.6041662500115118e-05 }, "geometry": { "type": "Polygon", "coordinates": [ [ [ 133.5125, 33.666666667000072 ], [ 133.5125, 33.670833333000076 ], [ 133.51875, 33.670833333000076 ], [ 133.51875, 33.666666667000072 ], [ 133.5125, 33.666666667000072 ] ] ] } },
{ "type": "Feature", "properties": { "fid": 1748, "OBJECTID": 12649, "KEY_CODE": "503344012", "Pref_CODE": 39, "Pref_Name": "高知県", "Shape_Length": 0.020833332000051996, "Shape_Area": 2.6041662500115118e-05 }, "geometry": { "type": "Polygon", "coordinates": [ [ [ 133.51875, 33.666666667000072 ], [ 133.51875, 33.670833333000076 ], [ 133.525, 33.670833333000076 ], [ 133.525, 33.666666667000072 ], [ 133.51875, 33.666666667000072 ] ] ] } },
{ "type": "Feature", "properties": { "fid": 1749, "OBJECTID": 12650, "KEY_CODE": "503344013", "Pref_CODE": 39, "Pref_Name": "高知県", "Shape_Length": 0.020833334000030845, "Shape_Area": 2.6041668750049021e-05 }, "geometry": { "type": "Polygon", "coordinates": [ [ [ 133.5125, 33.670833333000076 ], [ 133.5125, 33.675 ], [ 133.51875, 33.675 ], [ 133.51875, 33.670833333000076 ], [ 133.5125, 33.670833333000076 ] ] ] } },
{ "type": "Feature", "properties": { "fid": 1750, "OBJECTID": 12651, "KEY_CODE": "503344014", "Pref_CODE": 39, "Pref_Name": "高知県", "Shape_Length": 0.020833334000030845, "Shape_Area": 2.6041668750049021e-05 }, "geometry": { "type": "Polygon", "coordinates": [ [ [ 133.51875, 33.670833333000076 ], [ 133.51875, 33.675 ], [ 133.525, 33.675 ], [ 133.525, 33.670833333000076 ], [ 133.51875, 33.670833333000076 ] ] ] } },
{ "type": "Feature", "properties": { "fid": 1751, "OBJECTID": 12652, "KEY_CODE": "503344021", "Pref_CODE": 39, "Pref_Name": "高知県", "Shape_Length": 0.020833332000051996, "Shape_Area": 2.6041662500115118e-05 }, "geometry": { "type": "Polygon", "coordinates": [ [ [ 133.525, 33.666666667000072 ], [ 133.525, 33.670833333000076 ], [ 133.531250000000114, 33.670833333000076 ], [ 133.531250000000114, 33.666666667000072 ], [ 133.525, 33.666666667000072 ] ] ] } },
{ "type": "Feature", "properties": { "fid": 1752, "OBJECTID": 12653, "KEY_CODE": "503344022", "Pref_CODE": 39, "Pref_Name": "高知県", "Shape_Length": 0.020833331999824622, "Shape_Area": 2.6041662499641423e-05 }, "geometry": { "type": "Polygon", "coordinates": [ [ [ 133.531250000000114, 33.666666667000072 ], [ 133.531250000000114, 33.670833333000076 ], [ 133.5375, 33.670833333000076 ], [ 133.5375, 33.666666667000072 ], [ 133.531250000000114, 33.666666667000072 ] ] ] } },
{ "type": "Feature", "properties": { "fid": 1753, "OBJECTID": 12654, "KEY_CODE": "503344023", "Pref_CODE": 39, "Pref_Name": "高知県", "Shape_Length": 0.020833334000030845, "Shape_Area": 2.6041668750049021e-05 }, "geometry": { "type": "Polygon", "coordinates": [ [ [ 133.525, 33.670833333000076 ], [ 133.525, 33.675 ], [ 133.531250000000114, 33.675 ], [ 133.531250000000114, 33.670833333000076 ], [ 133.525, 33.670833333000076 ] ] ] } },
{ "type": "Feature", "properties": { "fid": 1754, "OBJECTID": 12655, "KEY_CODE": "503344024", "Pref_CODE": 39, "Pref_Name": "高知県", "Shape_Length": 0.020833333999803472, "Shape_Area": 2.6041668749575326e-05 }, "geometry": { "type": "Polygon", "coordinates": [ [ [ 133.531250000000114, 33.670833333000076 ], [ 133.531250000000114, 33.675 ], [ 133.5375, 33.675 ], [ 133.5375, 33.670833333000076 ], [ 133.531250000000114, 33.670833333000076 ] ] ] } },
{ "type": "Feature", "properties": { "fid": 1755, "OBJECTID": 12656, "KEY_CODE": "503344031", "Pref_CODE": 39, "Pref_Name": "高知県", "Shape_Length": 0.020833332000051996, "Shape_Area": 2.6041662500115118e-05 }, "geometry": { "type": "Polygon", "coordinates": [ [ [ 133.5375, 33.666666667000072 ], [ 133.5375, 33.670833333000076 ], [ 133.54375, 33.670833333000076 ], [ 133.54375, 33.666666667000072 ], [ 133.5375, 33.666666667000072 ] ] ] } },
{ "type": "Feature", "properties": { "fid": 1756, "OBJECTID": 12657, "KEY_CODE": "503344032", "Pref_CODE": 39, "Pref_Name": "高知県", "Shape_Length": 0.020833332000051996, "Shape_Area": 2.6041662500115118e-05 }, "geometry": { "type": "Polygon", "coordinates": [ [ [ 133.54375, 33.666666667000072 ], [ 133.54375, 33.670833333000076 ], [ 133.55, 33.670833333000076 ], [ 133.55, 33.666666667000072 ], [ 133.54375, 33.666666667000072 ] ] ] } },
{ "type": "Feature", "properties": { "fid": 1757, "OBJECTID": 12658, "KEY_CODE": "503344033", "Pref_CODE": 39, "Pref_Name": "高知県", "Shape_Length": 0.020833334000030845, "Shape_Area": 2.6041668750049021e-05 }, "geometry": { "type": "Polygon", "coordinates": [ [ [ 133.5375, 33.670833333000076 ], [ 133.5375, 33.675 ], [ 133.54375, 33.675 ], [ 133.54375, 33.670833333000076 ], [ 133.5375, 33.670833333000076 ] ] ] } },
{ "type": "Feature", "properties": { "fid": 1758, "OBJECTID": 12659, "KEY_CODE": "503344034", "Pref_CODE": 39, "Pref_Name": "高知県", "Shape_Length": 0.020833334000030845, "Shape_Area": 2.6041668750049021e-05 }, "geometry": { "type": "Polygon", "coordinates": [ [ [ 133.54375, 33.670833333000076 ], [ 133.54375, 33.675 ], [ 133.55, 33.675 ], [ 133.55, 33.670833333000076 ], [ 133.54375, 33.670833333000076 ] ] ] } },
{ "type": "Feature", "properties": { "fid": 1759, "OBJECTID": 12660, "KEY_CODE": "503344041", "Pref_CODE": 39, "Pref_Name": "高知県", "Shape_Length": 0.020833332000051996, "Shape_Area": 2.6041662500115118e-05 }, "geometry": { "type": "Polygon", "coordinates": [ [ [ 133.55, 33.666666667000072 ], [ 133.55, 33.670833333000076 ], [ 133.55625, 33.670833333000076 ], [ 133.55625, 33.666666667000072 ], [ 133.55, 33.666666667000072 ] ] ] } },
{ "type": "Feature", "properties": { "fid": 1760, "OBJECTID": 12661, "KEY_CODE": "503344042", "Pref_CODE": 39, "Pref_Name": "高知県", "Shape_Length": 0.020833332000051996, "Shape_Area": 2.6041662500115118e-05 }, "geometry": { "type": "Polygon", "coordinates": [ [ [ 133.55625, 33.666666667000072 ], [ 133.55625, 33.670833333000076 ], [ 133.562500000000114, 33.670833333000076 ], [ 133.562500000000114, 33.666666667000072 ], [ 133.55625, 33.666666667000072 ] ] ] } },
{ "type": "Feature", "properties": { "fid": 1761, "OBJECTID": 12662, "KEY_CODE": "503344043", "Pref_CODE": 39, "Pref_Name": "高知県", "Shape_Length": 0.020833334000030845, "Shape_Area": 2.6041668750049021e-05 }, "geometry": { "type": "Polygon", "coordinates": [ [ [ 133.55, 33.670833333000076 ], [ 133.55, 33.675 ], [ 133.55625, 33.675 ], [ 133.55625, 33.670833333000076 ], [ 133.55, 33.670833333000076 ] ] ] } },
{ "type": "Feature", "properties": { "fid": 1762, "OBJECTID": 12663, "KEY_CODE": "503344044", "Pref_CODE": 39, "Pref_Name": "高知県", "Shape_Length": 0.020833334000030845, "Shape_Area": 2.6041668750049021e-05 }, "geometry": { "type": "Polygon", "coordinates": [ [ [ 133.55625, 33.670833333000076 ], [ 133.55625, 33.675 ], [ 133.562500000000114, 33.675 ], [ 133.562500000000114, 33.670833333000076 ], [ 133.55625, 33.670833333000076 ] ] ] } },
{ "type": "Feature", "properties": { "fid": 1763, "OBJECTID": 12664, "KEY_CODE": "503344051", "Pref_CODE": 39, "Pref_Name": "高知県", "Shape_Length": 0.020833331999824622, "Shape_Area": 2.6041662499641423e-05 }, "geometry": { "type": "Polygon", "coordinates": [ [ [ 133.562500000000114, 33.666666667000072 ], [ 133.562500000000114, 33.670833333000076 ], [ 133.56875, 33.670833333000076 ], [ 133.56875, 33.666666667000072 ], [ 133.562500000000114, 33.666666667000072 ] ] ] } },
{ "type": "Feature", "properties": { "fid": 1764, "OBJECTID": 12665, "KEY_CODE": "503344052", "Pref_CODE": 39, "Pref_Name": "高知県", "Shape_Length": 0.020833332000051996, "Shape_Area": 2.6041662500115118e-05 }, "geometry": { "type": "Polygon", "coordinates": [ [ [ 133.56875, 33.666666667000072 ], [ 133.56875, 33.670833333000076 ], [ 133.575, 33.670833333000076 ], [ 133.575, 33.666666667000072 ], [ 133.56875, 33.666666667000072 ] ] ] } },
{ "type": "Feature", "properties": { "fid": 1765, "OBJECTID": 12666, "KEY_CODE": "503344053", "Pref_CODE": 39, "Pref_Name": "高知県", "Shape_Length": 0.020833333999803472, "Shape_Area": 2.6041668749575326e-05 }, "geometry": { "type": "Polygon", "coordinates": [ [ [ 133.562500000000114, 33.670833333000076 ], [ 133.562500000000114, 33.675 ], [ 133.56875, 33.675 ], [ 133.56875, 33.670833333000076 ], [ 133.562500000000114, 33.670833333000076 ] ] ] } },
{ "type": "Feature", "properties": { "fid": 1766, "OBJECTID": 12667, "KEY_CODE": "503344054", "Pref_CODE": 39, "Pref_Name": "高知県", "Shape_Length": 0.020833334000030845, "Shape_Area": 2.6041668750049021e-05 }, "geometry": { "type": "Polygon", "coordinates": [ [ [ 133.56875, 33.670833333000076 ], [ 133.56875, 33.675 ], [ 133.575, 33.675 ], [ 133.575, 33.670833333000076 ], [ 133.56875, 33.670833333000076 ] ] ] } },
{ "type": "Feature", "properties": { "fid": 1767, "OBJECTID": 12668, "KEY_CODE": "503344061", "Pref_CODE": 39, "Pref_Name": "高知県", "Shape_Length": 0.020833332000051996, "Shape_Area": 2.6041662500115118e-05 }, "geometry": { "type": "Polygon", "coordinates": [ [ [ 133.575, 33.666666667000072 ], [ 133.575, 33.670833333000076 ], [ 133.58125, 33.670833333000076 ], [ 133.58125, 33.666666667000072 ], [ 133.575, 33.666666667000072 ] ] ] } },
{ "type": "Feature", "properties": { "fid": 1768, "OBJECTID": 12669, "KEY_CODE": "503344062", "Pref_CODE": 39, "Pref_Name": "高知県", "Shape_Length": 0.020833332000051996, "Shape_Area": 2.6041662500115118e-05 }, "geometry": { "type": "Polygon", "coordinates": [ [ [ 133.58125, 33.666666667000072 ], [ 133.58125, 33.670833333000076 ], [ 133.5875, 33.670833333000076 ], [ 133.5875, 33.666666667000072 ], [ 133.58125, 33.666666667000072 ] ] ] } },
{ "type": "Feature", "properties": { "fid": 1769, "OBJECTID": 12670, "KEY_CODE": "503344063", "Pref_CODE": 39, "Pref_Name": "高知県", "Shape_Length": 0.020833334000030845, "Shape_Area": 2.6041668750049021e-05 }, "geometry": { "type": "Polygon", "coordinates": [ [ [ 133.575, 33.670833333000076 ], [ 133.575, 33.675 ], [ 133.58125, 33.675 ], [ 133.58125, 33.670833333000076 ], [ 133.575, 33.670833333000076 ] ] ] } },
{ "type": "Feature", "properties": { "fid": 1770, "OBJECTID": 12671, "KEY_CODE": "503344064", "Pref_CODE": 39, "Pref_Name": "高知県", "Shape_Length": 0.020833334000030845, "Shape_Area": 2.6041668750049021e-05 }, "geometry": { "type": "Polygon", "coordinates": [ [ [ 133.58125, 33.670833333000076 ], [ 133.58125, 33.675 ], [ 133.5875, 33.675 ], [ 133.5875, 33.670833333000076 ], [ 133.58125, 33.670833333000076 ] ] ] } },
{ "type": "Feature", "properties": { "fid": 1771, "OBJECTID": 12672, "KEY_CODE": "503344071", "Pref_CODE": 39, "Pref_Name": "高知県", "Shape_Length": 0.020833332000051996, "Shape_Area": 2.6041662500115118e-05 }, "geometry": { "type": "Polygon", "coordinates": [ [ [ 133.5875, 33.666666667000072 ], [ 133.5875, 33.670833333000076 ], [ 133.593750000000114, 33.670833333000076 ], [ 133.593750000000114, 33.666666667000072 ], [ 133.5875, 33.666666667000072 ] ] ] } },
{ "type": "Feature", "properties": { "fid": 1772, "OBJECTID": 12673, "KEY_CODE": "503344072", "Pref_CODE": 39, "Pref_Name": "高知県", "Shape_Length": 0.020833331999824622, "Shape_Area": 2.6041662499641423e-05 }, "geometry": { "type": "Polygon", "coordinates": [ [ [ 133.593750000000114, 33.666666667000072 ], [ 133.593750000000114, 33.670833333000076 ], [ 133.6, 33.670833333000076 ], [ 133.6, 33.666666667000072 ], [ 133.593750000000114, 33.666666667000072 ] ] ] } },
{ "type": "Feature", "properties": { "fid": 1773, "OBJECTID": 12674, "KEY_CODE": "503344073", "Pref_CODE": 39, "Pref_Name": "高知県", "Shape_Length": 0.020833334000030845, "Shape_Area": 2.6041668750049021e-05 }, "geometry": { "type": "Polygon", "coordinates": [ [ [ 133.5875, 33.670833333000076 ], [ 133.5875, 33.675 ], [ 133.593750000000114, 33.675 ], [ 133.593750000000114, 33.670833333000076 ], [ 133.5875, 33.670833333000076 ] ] ] } },
{ "type": "Feature", "properties": { "fid": 1774, "OBJECTID": 12675, "KEY_CODE": "503344074", "Pref_CODE": 39, "Pref_Name": "高知県", "Shape_Length": 0.020833333999803472, "Shape_Area": 2.6041668749575326e-05 }, "geometry": { "type": "Polygon", "coordinates": [ [ [ 133.593750000000114, 33.670833333000076 ], [ 133.593750000000114, 33.675 ], [ 133.6, 33.675 ], [ 133.6, 33.670833333000076 ], [ 133.593750000000114, 33.670833333000076 ] ] ] } },
{ "type": "Feature", "properties": { "fid": 1775, "OBJECTID": 12676, "KEY_CODE": "503344081", "Pref_CODE": 39, "Pref_Name": "高知県", "Shape_Length": 0.020833332000051996, "Shape_Area": 2.6041662500115118e-05 }, "geometry": { "type": "Polygon", "coordinates": [ [ [ 133.6, 33.666666667000072 ], [ 133.6, 33.670833333000076 ], [ 133.60625, 33.670833333000076 ], [ 133.60625, 33.666666667000072 ], [ 133.6, 33.666666667000072 ] ] ] } },
{ "type": "Feature", "properties": { "fid": 1776, "OBJECTID": 12677, "KEY_CODE": "503344082", "Pref_CODE": 39, "Pref_Name": "高知県", "Shape_Length": 0.020833332000051996, "Shape_Area": 2.6041662500115118e-05 }, "geometry": { "type": "Polygon", "coordinates": [ [ [ 133.60625, 33.666666667000072 ], [ 133.60625, 33.670833333000076 ], [ 133.6125, 33.670833333000076 ], [ 133.6125, 33.666666667000072 ], [ 133.60625, 33.666666667000072 ] ] ] } },
{ "type": "Feature", "properties": { "fid": 1777, "OBJECTID": 12678, "KEY_CODE": "503344083", "Pref_CODE": 39, "Pref_Name": "高知県", "Shape_Length": 0.020833334000030845, "Shape_Area": 2.6041668750049021e-05 }, "geometry": { "type": "Polygon", "coordinates": [ [ [ 133.6, 33.670833333000076 ], [ 133.6, 33.675 ], [ 133.60625, 33.675 ], [ 133.60625, 33.670833333000076 ], [ 133.6, 33.670833333000076 ] ] ] } },
{ "type": "Feature", "properties": { "fid": 1778, "OBJECTID": 12679, "KEY_CODE": "503344084", "Pref_CODE": 39, "Pref_Name": "高知県", "Shape_Length": 0.020833334000030845, "Shape_Area": 2.6041668750049021e-05 }, "geometry": { "type": "Polygon", "coordinates": [ [ [ 133.60625, 33.670833333000076 ], [ 133.60625, 33.675 ], [ 133.6125, 33.675 ], [ 133.6125, 33.670833333000076 ], [ 133.60625, 33.670833333000076 ] ] ] } },
{ "type": "Feature", "properties": { "fid": 1779, "OBJECTID": 12680, "KEY_CODE": "503344091", "Pref_CODE": 39, "Pref_Name": "高知県", "Shape_Length": 0.020833332000051996, "Shape_Area": 2.6041662500115118e-05 }, "geometry": { "type": "Polygon", "coordinates": [ [ [ 133.6125, 33.666666667000072 ], [ 133.6125, 33.670833333000076 ], [ 133.61875, 33.670833333000076 ], [ 133.61875, 33.666666667000072 ], [ 133.6125, 33.666666667000072 ] ] ] } },
{ "type": "Feature", "properties": { "fid": 1780, "OBJECTID": 12681, "KEY_CODE": "503344092", "Pref_CODE": 39, "Pref_Name": "高知県", "Shape_Length": 0.020833332000051996, "Shape_Area": 2.6041662500115118e-05 }, "geometry": { "type": "Polygon", "coordinates": [ [ [ 133.61875, 33.666666667000072 ], [ 133.61875, 33.670833333000076 ], [ 133.625000000000114, 33.670833333000076 ], [ 133.625000000000114, 33.666666667000072 ], [ 133.61875, 33.666666667000072 ] ] ] } },
{ "type": "Feature", "properties": { "fid": 1781, "OBJECTID": 12682, "KEY_CODE": "503344093", "Pref_CODE": 39, "Pref_Name": "高知県", "Shape_Length": 0.020833334000030845, "Shape_Area": 2.6041668750049021e-05 }, "geometry": { "type": "Polygon", "coordinates": [ [ [ 133.6125, 33.670833333000076 ], [ 133.6125, 33.675 ], [ 133.61875, 33.675 ], [ 133.61875, 33.670833333000076 ], [ 133.6125, 33.670833333000076 ] ] ] } },
{ "type": "Feature", "properties": { "fid": 1782, "OBJECTID": 12683, "KEY_CODE": "503344094", "Pref_CODE": 39, "Pref_Name": "高知県", "Shape_Length": 0.020833334000030845, "Shape_Area": 2.6041668750049021e-05 }, "geometry": { "type": "Polygon", "coordinates": [ [ [ 133.61875, 33.670833333000076 ], [ 133.61875, 33.675 ], [ 133.625000000000114, 33.675 ], [ 133.625000000000114, 33.670833333000076 ], [ 133.61875, 33.670833333000076 ] ] ] } },
{ "type": "Feature", "properties": { "fid": 1783, "OBJECTID": 12684, "KEY_CODE": "503344101", "Pref_CODE": 39, "Pref_Name": "高知県", "Shape_Length": 0.020833333999803472, "Shape_Area": 2.6041668749575326e-05 }, "geometry": { "type": "Polygon", "coordinates": [ [ [ 133.500000000000114, 33.675 ], [ 133.500000000000114, 33.679166667000061 ], [ 133.50625, 33.679166667000061 ], [ 133.50625, 33.675 ], [ 133.500000000000114, 33.675 ] ] ] } },
{ "type": "Feature", "properties": { "fid": 1784, "OBJECTID": 12685, "KEY_CODE": "503344102", "Pref_CODE": 39, "Pref_Name": "高知県", "Shape_Length": 0.020833334000030845, "Shape_Area": 2.6041668750049021e-05 }, "geometry": { "type": "Polygon", "coordinates": [ [ [ 133.50625, 33.675 ], [ 133.50625, 33.679166667000061 ], [ 133.5125, 33.679166667000061 ], [ 133.5125, 33.675 ], [ 133.50625, 33.675 ] ] ] } },
{ "type": "Feature", "properties": { "fid": 1785, "OBJECTID": 12686, "KEY_CODE": "503344103", "Pref_CODE": 39, "Pref_Name": "高知県", "Shape_Length": 0.020833331999824622, "Shape_Area": 2.6041662499641423e-05 }, "geometry": { "type": "Polygon", "coordinates": [ [ [ 133.50625, 33.679166667000061 ], [ 133.500000000000114, 33.679166667000061 ], [ 133.500000000000114, 33.682015694 ], [ 133.50625, 33.682015694 ], [ 133.50625, 33.679166667000061 ] ] ] } },
{ "type": "Feature", "properties": { "fid": 1786, "OBJECTID": 12687, "KEY_CODE": "503344104", "Pref_CODE": 39, "Pref_Name": "高知県", "Shape_Length": 0.020833332000051996, "Shape_Area": 2.6041662500115118e-05 }, "geometry": { "type": "Polygon", "coordinates": [ [ [ 133.5125, 33.679166667000061 ], [ 133.50625, 33.679166667000061 ], [ 133.50625, 33.682015694 ], [ 133.5125, 33.682015694 ], [ 133.5125, 33.679166667000061 ] ] ] } },
{ "type": "Feature", "properties": { "fid": 1787, "OBJECTID": 12688, "KEY_CODE": "503344111", "Pref_CODE": 39, "Pref_Name": "高知県", "Shape_Length": 0.020833334000030845, "Shape_Area": 2.6041668750049021e-05 }, "geometry": { "type": "Polygon", "coordinates": [ [ [ 133.5125, 33.675 ], [ 133.5125, 33.679166667000061 ], [ 133.51875, 33.679166667000061 ], [ 133.51875, 33.675 ], [ 133.5125, 33.675 ] ] ] } },
{ "type": "Feature", "properties": { "fid": 1788, "OBJECTID": 12689, "KEY_CODE": "503344112", "Pref_CODE": 39, "Pref_Name": "高知県", "Shape_Length": 0.020833334000030845, "Shape_Area": 2.6041668750049021e-05 }, "geometry": { "type": "Polygon", "coordinates": [ [ [ 133.51875, 33.675 ], [ 133.51875, 33.679166667000061 ], [ 133.525, 33.679166667000061 ], [ 133.525, 33.675 ], [ 133.51875, 33.675 ] ] ] } },
{ "type": "Feature", "properties": { "fid": 1789, "OBJECTID": 12690, "KEY_CODE": "503344113", "Pref_CODE": 39, "Pref_Name": "高知県", "Shape_Length": 0.020833332000051996, "Shape_Area": 2.6041662500115118e-05 }, "geometry": { "type": "Polygon", "coordinates": [ [ [ 133.51875, 33.679166667000061 ], [ 133.5125, 33.679166667000061 ], [ 133.5125, 33.682015694 ], [ 133.51875, 33.682015694 ], [ 133.51875, 33.679166667000061 ] ] ] } },
{ "type": "Feature", "properties": { "fid": 1790, "OBJECTID": 12691, "KEY_CODE": "503344114", "Pref_CODE": 39, "Pref_Name": "高知県", "Shape_Length": 0.020833332000051996, "Shape_Area": 2.6041662500115118e-05 }, "geometry": { "type": "Polygon", "coordinates": [ [ [ 133.525, 33.679166667000061 ], [ 133.51875, 33.679166667000061 ], [ 133.51875, 33.682015694 ], [ 133.525, 33.682015694 ], [ 133.525, 33.679166667000061 ] ] ] } },
{ "type": "Feature", "properties": { "fid": 1791, "OBJECTID": 12692, "KEY_CODE": "503344121", "Pref_CODE": 39, "Pref_Name": "高知県", "Shape_Length": 0.020833334000030845, "Shape_Area": 2.6041668750049021e-05 }, "geometry": { "type": "Polygon", "coordinates": [ [ [ 133.525, 33.675 ], [ 133.525, 33.679166667000061 ], [ 133.531250000000114, 33.679166667000061 ], [ 133.531250000000114, 33.675 ], [ 133.525, 33.675 ] ] ] } },
{ "type": "Feature", "properties": { "fid": 1792, "OBJECTID": 12693, "KEY_CODE": "503344122", "Pref_CODE": 39, "Pref_Name": "高知県", "Shape_Length": 0.020833333999803472, "Shape_Area": 2.6041668749575326e-05 }, "geometry": { "type": "Polygon", "coordinates": [ [ [ 133.531250000000114, 33.675 ], [ 133.531250000000114, 33.679166667000061 ], [ 133.5375, 33.679166667000061 ], [ 133.5375, 33.675 ], [ 133.531250000000114, 33.675 ] ] ] } },
{ "type": "Feature", "properties": { "fid": 1793, "OBJECTID": 12694, "KEY_CODE": "503344123", "Pref_CODE": 39, "Pref_Name": "高知県", "Shape_Length": 0.020833332000051996, "Shape_Area": 2.6041662500115118e-05 }, "geometry": { "type": "Polygon", "coordinates": [ [ [ 133.531250000000114, 33.679166667000061 ], [ 133.525, 33.679166667000061 ], [ 133.525, 33.682015694 ], [ 133.531250000000114, 33.682015694 ], [ 133.531250000000114, 33.679166667000061 ] ] ] } },
{ "type": "Feature", "properties": { "fid": 1794, "OBJECTID": 12695, "KEY_CODE": "503344124", "Pref_CODE": 39, "Pref_Name": "高知県", "Shape_Length": 0.020833331999824622, "Shape_Area": 2.6041662499641423e-05 }, "geometry": { "type": "Polygon", "coordinates": [ [ [ 133.5375, 33.679166667000061 ], [ 133.531250000000114, 33.679166667000061 ], [ 133.531250000000114, 33.682015694 ], [ 133.5375, 33.682015694 ], [ 133.5375, 33.679166667000061 ] ] ] } },
{ "type": "Feature", "properties": { "fid": 1795, "OBJECTID": 12696, "KEY_CODE": "503344131", "Pref_CODE": 39, "Pref_Name": "高知県", "Shape_Length": 0.020833334000030845, "Shape_Area": 2.6041668750049021e-05 }, "geometry": { "type": "Polygon", "coordinates": [ [ [ 133.5375, 33.675 ], [ 133.5375, 33.679166667000061 ], [ 133.54375, 33.679166667000061 ], [ 133.54375, 33.675 ], [ 133.5375, 33.675 ] ] ] } },
{ "type": "Feature", "properties": { "fid": 1796, "OBJECTID": 12697, "KEY_CODE": "503344132", "Pref_CODE": 39, "Pref_Name": "高知県", "Shape_Length": 0.020833334000030845, "Shape_Area": 2.6041668750049021e-05 }, "geometry": { "type": "Polygon", "coordinates": [ [ [ 133.54375, 33.675 ], [ 133.54375, 33.679166667000061 ], [ 133.55, 33.679166667000061 ], [ 133.55, 33.675 ], [ 133.54375, 33.675 ] ] ] } },
{ "type": "Feature", "properties": { "fid": 1797, "OBJECTID": 12698, "KEY_CODE": "503344133", "Pref_CODE": 39, "Pref_Name": "高知県", "Shape_Length": 0.020833332000051996, "Shape_Area": 2.6041662500115118e-05 }, "geometry": { "type": "Polygon", "coordinates": [ [ [ 133.54375, 33.679166667000061 ], [ 133.5375, 33.679166667000061 ], [ 133.5375, 33.682015694 ], [ 133.54375, 33.682015694 ], [ 133.54375, 33.679166667000061 ] ] ] } },
{ "type": "Feature", "properties": { "fid": 1798, "OBJECTID": 12699, "KEY_CODE": "503344134", "Pref_CODE": 39, "Pref_Name": "高知県", "Shape_Length": 0.020833332000051996, "Shape_Area": 2.6041662500115118e-05 }, "geometry": { "type": "Polygon", "coordinates": [ [ [ 133.55, 33.679166667000061 ], [ 133.54375, 33.679166667000061 ], [ 133.54375, 33.682015694 ], [ 133.55, 33.682015694 ], [ 133.55, 33.679166667000061 ] ] ] } },
{ "type": "Feature", "properties": { "fid": 1799, "OBJECTID": 12700, "KEY_CODE": "503344141", "Pref_CODE": 39, "Pref_Name": "高知県", "Shape_Length": 0.020833334000030845, "Shape_Area": 2.6041668750049021e-05 }, "geometry": { "type": "Polygon", "coordinates": [ [ [ 133.55, 33.675 ], [ 133.55, 33.679166667000061 ], [ 133.55625, 33.679166667000061 ], [ 133.55625, 33.675 ], [ 133.55, 33.675 ] ] ] } },
{ "type": "Feature", "properties": { "fid": 1800, "OBJECTID": 12701, "KEY_CODE": "503344142", "Pref_CODE": 39, "Pref_Name": "高知県", "Shape_Length": 0.020833334000030845, "Shape_Area": 2.6041668750049021e-05 }, "geometry": { "type": "Polygon", "coordinates": [ [ [ 133.55625, 33.675 ], [ 133.55625, 33.679166667000061 ], [ 133.562500000000114, 33.679166667000061 ], [ 133.562500000000114, 33.675 ], [ 133.55625, 33.675 ] ] ] } },
{ "type": "Feature", "properties": { "fid": 1801, "OBJECTID": 12702, "KEY_CODE": "503344143", "Pref_CODE": 39, "Pref_Name": "高知県", "Shape_Length": 0.020833332000051996, "Shape_Area": 2.6041662500115118e-05 }, "geometry": { "type": "Polygon", "coordinates": [ [ [ 133.55625, 33.679166667000061 ], [ 133.55, 33.679166667000061 ], [ 133.55, 33.682015694 ], [ 133.55625, 33.682015694 ], [ 133.55625, 33.679166667000061 ] ] ] } },
{ "type": "Feature", "properties": { "fid": 1802, "OBJECTID": 12703, "KEY_CODE": "503344144", "Pref_CODE": 39, "Pref_Name": "高知県", "Shape_Length": 0.020833332000051996, "Shape_Area": 2.6041662500115118e-05 }, "geometry": { "type": "Polygon", "coordinates": [ [ [ 133.562500000000114, 33.679166667000061 ], [ 133.55625, 33.679166667000061 ], [ 133.55625, 33.682015694 ], [ 133.562500000000114, 33.682015694 ], [ 133.562500000000114, 33.679166667000061 ] ] ] } },
{ "type": "Feature", "properties": { "fid": 1803, "OBJECTID": 12704, "KEY_CODE": "503344151", "Pref_CODE": 39, "Pref_Name": "高知県", "Shape_Length": 0.020833333999803472, "Shape_Area": 2.6041668749575326e-05 }, "geometry": { "type": "Polygon", "coordinates": [ [ [ 133.562500000000114, 33.675 ], [ 133.562500000000114, 33.679166667000061 ], [ 133.56875, 33.679166667000061 ], [ 133.56875, 33.675 ], [ 133.562500000000114, 33.675 ] ] ] } },
{ "type": "Feature", "properties": { "fid": 1804, "OBJECTID": 12705, "KEY_CODE": "503344152", "Pref_CODE": 39, "Pref_Name": "高知県", "Shape_Length": 0.020833334000030845, "Shape_Area": 2.6041668750049021e-05 }, "geometry": { "type": "Polygon", "coordinates": [ [ [ 133.56875, 33.675 ], [ 133.56875, 33.679166667000061 ], [ 133.575, 33.679166667000061 ], [ 133.575, 33.675 ], [ 133.56875, 33.675 ] ] ] } },
{ "type": "Feature", "properties": { "fid": 1805, "OBJECTID": 12706, "KEY_CODE": "503344153", "Pref_CODE": 39, "Pref_Name": "高知県", "Shape_Length": 0.020833331999824622, "Shape_Area": 2.6041662499641423e-05 }, "geometry": { "type": "Polygon", "coordinates": [ [ [ 133.56875, 33.679166667000061 ], [ 133.562500000000114, 33.679166667000061 ], [ 133.562500000000114, 33.682015694 ], [ 133.56875, 33.682015694 ], [ 133.56875, 33.679166667000061 ] ] ] } },
{ "type": "Feature", "properties": { "fid": 1806, "OBJECTID": 12707, "KEY_CODE": "503344154", "Pref_CODE": 39, "Pref_Name": "高知県", "Shape_Length": 0.020833332000051996, "Shape_Area": 2.6041662500115118e-05 }, "geometry": { "type": "Polygon", "coordinates": [ [ [ 133.575, 33.679166667000061 ], [ 133.56875, 33.679166667000061 ], [ 133.56875, 33.682015694 ], [ 133.575, 33.682015694 ], [ 133.575, 33.679166667000061 ] ] ] } },
{ "type": "Feature", "properties": { "fid": 1807, "OBJECTID": 12708, "KEY_CODE": "503344161", "Pref_CODE": 39, "Pref_Name": "高知県", "Shape_Length": 0.020833334000030845, "Shape_Area": 2.6041668750049021e-05 }, "geometry": { "type": "Polygon", "coordinates": [ [ [ 133.575, 33.675 ], [ 133.575, 33.679166667000061 ], [ 133.58125, 33.679166667000061 ], [ 133.58125, 33.675 ], [ 133.575, 33.675 ] ] ] } },
{ "type": "Feature", "properties": { "fid": 1808, "OBJECTID": 12709, "KEY_CODE": "503344162", "Pref_CODE": 39, "Pref_Name": "高知県", "Shape_Length": 0.020833334000030845, "Shape_Area": 2.6041668750049021e-05 }, "geometry": { "type": "Polygon", "coordinates": [ [ [ 133.58125, 33.675 ], [ 133.58125, 33.679166667000061 ], [ 133.5875, 33.679166667000061 ], [ 133.5875, 33.675 ], [ 133.58125, 33.675 ] ] ] } },
{ "type": "Feature", "properties": { "fid": 1809, "OBJECTID": 12710, "KEY_CODE": "503344163", "Pref_CODE": 39, "Pref_Name": "高知県", "Shape_Length": 0.020833332000051996, "Shape_Area": 2.6041662500115118e-05 }, "geometry": { "type": "Polygon", "coordinates": [ [ [ 133.58125, 33.679166667000061 ], [ 133.575, 33.679166667000061 ], [ 133.575, 33.682015694 ], [ 133.58125, 33.682015694 ], [ 133.58125, 33.679166667000061 ] ] ] } },
{ "type": "Feature", "properties": { "fid": 1810, "OBJECTID": 12711, "KEY_CODE": "503344164", "Pref_CODE": 39, "Pref_Name": "高知県", "Shape_Length": 0.020833332000051996, "Shape_Area": 2.6041662500115118e-05 }, "geometry": { "type": "Polygon", "coordinates": [ [ [ 133.5875, 33.679166667000061 ], [ 133.58125, 33.679166667000061 ], [ 133.58125, 33.682015694 ], [ 133.5875, 33.682015694 ], [ 133.5875, 33.679166667000061 ] ] ] } },
{ "type": "Feature", "properties": { "fid": 1811, "OBJECTID": 12712, "KEY_CODE": "503344171", "Pref_CODE": 39, "Pref_Name": "高知県", "Shape_Length": 0.020833334000030845, "Shape_Area": 2.6041668750049021e-05 }, "geometry": { "type": "Polygon", "coordinates": [ [ [ 133.5875, 33.675 ], [ 133.5875, 33.679166667000061 ], [ 133.593750000000114, 33.679166667000061 ], [ 133.593750000000114, 33.675 ], [ 133.5875, 33.675 ] ] ] } },
{ "type": "Feature", "properties": { "fid": 1812, "OBJECTID": 12713, "KEY_CODE": "503344172", "Pref_CODE": 39, "Pref_Name": "高知県", "Shape_Length": 0.020833333999803472, "Shape_Area": 2.6041668749575326e-05 }, "geometry": { "type": "Polygon", "coordinates": [ [ [ 133.593750000000114, 33.675 ], [ 133.593750000000114, 33.679166667000061 ], [ 133.6, 33.679166667000061 ], [ 133.6, 33.675 ], [ 133.593750000000114, 33.675 ] ] ] } },
{ "type": "Feature", "properties": { "fid": 1813, "OBJECTID": 12714, "KEY_CODE": "503344173", "Pref_CODE": 39, "Pref_Name": "高知県", "Shape_Length": 0.020833332000051996, "Shape_Area": 2.6041662500115118e-05 }, "geometry": { "type": "Polygon", "coordinates": [ [ [ 133.593750000000114, 33.679166667000061 ], [ 133.5875, 33.679166667000061 ], [ 133.5875, 33.682015694 ], [ 133.593750000000114, 33.682015694 ], [ 133.593750000000114, 33.679166667000061 ] ] ] } },
{ "type": "Feature", "properties": { "fid": 1814, "OBJECTID": 12715, "KEY_CODE": "503344174", "Pref_CODE": 39, "Pref_Name": "高知県", "Shape_Length": 0.020833331999824622, "Shape_Area": 2.6041662499641423e-05 }, "geometry": { "type": "Polygon", "coordinates": [ [ [ 133.6, 33.679166667000061 ], [ 133.593750000000114, 33.679166667000061 ], [ 133.593750000000114, 33.682015694 ], [ 133.6, 33.682015694 ], [ 133.6, 33.679166667000061 ] ] ] } },
{ "type": "Feature", "properties": { "fid": 1815, "OBJECTID": 12716, "KEY_CODE": "503344181", "Pref_CODE": 39, "Pref_Name": "高知県", "Shape_Length": 0.020833334000030845, "Shape_Area": 2.6041668750049021e-05 }, "geometry": { "type": "Polygon", "coordinates": [ [ [ 133.6, 33.675 ], [ 133.6, 33.679166667000061 ], [ 133.60625, 33.679166667000061 ], [ 133.60625, 33.675 ], [ 133.6, 33.675 ] ] ] } },
{ "type": "Feature", "properties": { "fid": 1816, "OBJECTID": 12717, "KEY_CODE": "503344182", "Pref_CODE": 39, "Pref_Name": "高知県", "Shape_Length": 0.020833334000030845, "Shape_Area": 2.6041668750049021e-05 }, "geometry": { "type": "Polygon", "coordinates": [ [ [ 133.60625, 33.675 ], [ 133.60625, 33.679166667000061 ], [ 133.6125, 33.679166667000061 ], [ 133.6125, 33.675 ], [ 133.60625, 33.675 ] ] ] } },
{ "type": "Feature", "properties": { "fid": 1817, "OBJECTID": 12718, "KEY_CODE": "503344183", "Pref_CODE": 39, "Pref_Name": "高知県", "Shape_Length": 0.020833332000051996, "Shape_Area": 2.6041662500115118e-05 }, "geometry": { "type": "Polygon", "coordinates": [ [ [ 133.60625, 33.679166667000061 ], [ 133.6, 33.679166667000061 ], [ 133.6, 33.682015694 ], [ 133.60625, 33.682015694 ], [ 133.60625, 33.679166667000061 ] ] ] } },
{ "type": "Feature", "properties": { "fid": 1818, "OBJECTID": 12719, "KEY_CODE": "503344184", "Pref_CODE": 39, "Pref_Name": "高知県", "Shape_Length": 0.020833332000051996, "Shape_Area": 2.6041662500115118e-05 }, "geometry": { "type": "Polygon", "coordinates": [ [ [ 133.6125, 33.679166667000061 ], [ 133.60625, 33.679166667000061 ], [ 133.60625, 33.682015694 ], [ 133.6125, 33.682015694 ], [ 133.6125, 33.679166667000061 ] ] ] } },
{ "type": "Feature", "properties": { "fid": 1819, "OBJECTID": 12720, "KEY_CODE": "503344191", "Pref_CODE": 39, "Pref_Name": "高知県", "Shape_Length": 0.020833334000030845, "Shape_Area": 2.6041668750049021e-05 }, "geometry": { "type": "Polygon", "coordinates": [ [ [ 133.6125, 33.675 ], [ 133.6125, 33.679166667000061 ], [ 133.61875, 33.679166667000061 ], [ 133.61875, 33.675 ], [ 133.6125, 33.675 ] ] ] } },
{ "type": "Feature", "properties": { "fid": 1820, "OBJECTID": 12721, "KEY_CODE": "503344192", "Pref_CODE": 39, "Pref_Name": "高知県", "Shape_Length": 0.020833334000030845, "Shape_Area": 2.6041668750049021e-05 }, "geometry": { "type": "Polygon", "coordinates": [ [ [ 133.61875, 33.675 ], [ 133.61875, 33.679166667000061 ], [ 133.625000000000114, 33.679166667000061 ], [ 133.625000000000114, 33.675 ], [ 133.61875, 33.675 ] ] ] } },
{ "type": "Feature", "properties": { "fid": 1821, "OBJECTID": 12722, "KEY_CODE": "503344193", "Pref_CODE": 39, "Pref_Name": "高知県", "Shape_Length": 0.020833332000051996, "Shape_Area": 2.6041662500115118e-05 }, "geometry": { "type": "Polygon", "coordinates": [ [ [ 133.61875, 33.679166667000061 ], [ 133.6125, 33.679166667000061 ], [ 133.6125, 33.682015694 ], [ 133.61875, 33.682015694 ], [ 133.61875, 33.679166667000061 ] ] ] } },
{ "type": "Feature", "properties": { "fid": 1822, "OBJECTID": 12723, "KEY_CODE": "503344194", "Pref_CODE": 39, "Pref_Name": "高知県", "Shape_Length": 0.020833332000051996, "Shape_Area": 2.6041662500115118e-05 }, "geometry": { "type": "Polygon", "coordinates": [ [ [ 133.625000000000114, 33.679166667000061 ], [ 133.61875, 33.679166667000061 ], [ 133.61875, 33.682015694 ], [ 133.625000000000114, 33.682015694 ], [ 133.625000000000114, 33.679166667000061 ] ] ] } },
{ "type": "Feature", "properties": { "fid": 1823, "OBJECTID": 13044, "KEY_CODE": "503345001", "Pref_CODE": 39, "Pref_Name": "高知県", "Shape_Length": 0.020833331999824622, "Shape_Area": 2.6041662499641423e-05 }, "geometry": { "type": "Polygon", "coordinates": [ [ [ 133.625000000000114, 33.666666667000072 ], [ 133.625000000000114, 33.670833333000076 ], [ 133.625562912, 33.670833333000076 ], [ 133.625562912, 33.666666667000072 ], [ 133.625000000000114, 33.666666667000072 ] ] ] } },
{ "type": "Feature", "properties": { "fid": 1824, "OBJECTID": 13046, "KEY_CODE": "503345003", "Pref_CODE": 39, "Pref_Name": "高知県", "Shape_Length": 0.020833333999803472, "Shape_Area": 2.6041668749575326e-05 }, "geometry": { "type": "Polygon", "coordinates": [ [ [ 133.625000000000114, 33.670833333000076 ], [ 133.625000000000114, 33.675 ], [ 133.625562912, 33.675 ], [ 133.625562912, 33.670833333000076 ], [ 133.625000000000114, 33.670833333000076 ] ] ] } },
{ "type": "Feature", "properties": { "fid": 1825, "OBJECTID": 13084, "KEY_CODE": "503345101", "Pref_CODE": 39, "Pref_Name": "高知県", "Shape_Length": 0.020833333999803472, "Shape_Area": 2.6041668749575326e-05 }, "geometry": { "type": "Polygon", "coordinates": [ [ [ 133.625000000000114, 33.675 ], [ 133.625000000000114, 33.679166667000061 ], [ 133.625562912, 33.679166667000061 ], [ 133.625562912, 33.675 ], [ 133.625000000000114, 33.675 ] ] ] } },
{ "type": "Feature", "properties": { "fid": 1826, "OBJECTID": 13086, "KEY_CODE": "503345103", "Pref_CODE": 39, "Pref_Name": "高知県", "Shape_Length": 0.020833331999824622, "Shape_Area": 2.6041662499641423e-05 }, "geometry": { "type": "Polygon", "coordinates": [ [ [ 133.625000000000114, 33.679166667000061 ], [ 133.625000000000114, 33.682015694 ], [ 133.625562912, 33.682015694 ], [ 133.625562912, 33.679166667000061 ], [ 133.625000000000114, 33.679166667000061 ] ] ] } }
]
}
